MEGYE,TELEPÜLÉS,osszes_ervenyes_2022,osszes_ervenyes_2026,szavazat_2022,szavazat_2026,szazalek_2022,szazalek_2026,kul_szazalek,kul_szavazat,valtozas_szazalek(%),valtozas_szavazat(%),valtozas_ervenyes(%),telepules_tipus
HAJDÚ-BIHAR,Debrecen,111880,116370,56851,39681,50.81,34.1,-16.71,-17170,-32.89,-30.2,4.01,Megyei jogú város
CSONGRÁD-CSANÁD,Szeged,90429,91611,35202,24320,38.93,26.55,-12.38,-10882,-31.8,-30.91,1.31,Megyei jogú város
GYŐR-MOSON-SOPRON,Győr,71295,73718,35781,25112,50.19,34.06,-16.13,-10669,-32.14,-29.82,3.4,Megyei jogú város
BORSOD-ABAÚJ-ZEMPLÉN,Miskolc,82628,84214,36746,26341,44.47,31.28,-13.19,-10405,-29.66,-28.32,1.92,Megyei jogú város
BARANYA,Pécs,79670,79312,33445,23794,41.98,30,-11.98,-9651,-28.54,-28.86,-0.45,Megyei jogú város
SZABOLCS-SZATMÁR-BEREG,Nyíregyháza,67138,68324,31294,21727,46.61,31.8,-14.81,-9567,-31.77,-30.57,1.77,Megyei jogú város
BUDAPEST,Budapest 11. kerület,78481,80796,31756,22770,40.46,28.18,-12.28,-8986,-30.35,-28.3,2.95,Fővárosi kerület
BÁCS-KISKUN,Kecskemét,61212,64052,30161,21377,49.27,33.37,-15.9,-8784,-32.27,-29.12,4.64,Megyei jogú város
BUDAPEST,Budapest 03. kerület,75066,76796,29902,21177,39.83,27.58,-12.25,-8725,-30.76,-29.18,2.3,Fővárosi kerület
FEJÉR,Székesfehérvár,58931,59445,27924,20286,47.38,34.13,-13.25,-7638,-27.97,-27.35,0.87,Megyei jogú város
BUDAPEST,Budapest 14. kerület,65974,68204,24568,17667,37.24,25.9,-11.34,-6901,-30.45,-28.09,3.38,Fővárosi kerület
BUDAPEST,Budapest 18. kerület,58215,61533,25479,18664,43.77,30.33,-13.44,-6815,-30.71,-26.75,5.7,Fővárosi kerület
BUDAPEST,Budapest 02. kerület,51908,49715,21013,14577,40.48,29.32,-11.16,-6436,-27.57,-30.63,-4.22,Fővárosi kerület
BUDAPEST,Budapest 04. kerület,55843,57367,22021,15686,39.43,27.34,-12.09,-6335,-30.66,-28.77,2.73,Fővárosi kerület
BUDAPEST,Budapest 13. kerület,65791,68202,21942,15726,33.35,23.06,-10.29,-6216,-30.85,-28.33,3.66,Fővárosi kerület
VAS,Szombathely,46479,48055,23842,17721,51.3,36.88,-14.42,-6121,-28.11,-25.67,3.39,Megyei jogú város
BUDAPEST,Budapest 17. kerület,52522,55208,23148,17047,44.07,30.88,-13.19,-6101,-29.93,-26.36,5.11,Fővárosi kerület
BUDAPEST,Budapest 16. kerület,45189,45246,19628,13895,43.44,30.71,-12.73,-5733,-29.3,-29.21,0.13,Fővárosi kerület
BUDAPEST,Budapest 15. kerület,44194,44769,19092,13593,43.2,30.36,-12.84,-5499,-29.72,-28.8,1.3,Fővárosi kerület
PEST,Érd,42452,45044,19809,14551,46.66,32.3,-14.36,-5258,-30.78,-26.54,6.11,Megyei jogú város
JÁSZ-NAGYKUN-SZOLNOK,Szolnok,39626,40170,17413,12210,43.94,30.4,-13.54,-5203,-30.81,-29.88,1.37,Megyei jogú város
BUDAPEST,Budapest 21. kerület,40790,41329,17257,12099,42.31,29.27,-13.04,-5158,-30.82,-29.89,1.32,Fővárosi kerület
BUDAPEST,Budapest 12. kerület,36567,33022,15008,10074,41.04,30.51,-10.53,-4934,-25.66,-32.88,-9.69,Fővárosi kerület
ZALA,Zalaegerszeg,34229,34174,17634,12740,51.52,37.28,-14.24,-4894,-27.64,-27.75,-0.16,Megyei jogú város
HEVES,Eger,31544,30654,14576,9823,46.21,32.04,-14.17,-4753,-30.66,-32.61,-2.82,Megyei jogú város
BUDAPEST,Budapest 08. kerület,32814,30017,13804,9212,42.07,30.69,-11.38,-4592,-27.05,-33.27,-8.52,Fővárosi kerület
BUDAPEST,Budapest 22. kerület,35080,34400,15159,10574,43.21,30.74,-12.47,-4585,-28.86,-30.25,-1.94,Fővárosi kerület
GYŐR-MOSON-SOPRON,Sopron,34631,35339,17684,13176,51.06,37.28,-13.78,-4508,-26.99,-25.49,2.04,Megyei jogú város
BUDAPEST,Budapest 10. kerület,37640,37595,16019,11527,42.56,30.66,-11.9,-4492,-27.96,-28.04,-0.12,Fővárosi kerület
VESZPRÉM,Veszprém,33497,33311,14474,9992,43.21,30,-13.21,-4482,-30.57,-30.97,-0.56,Megyei jogú város
SOMOGY,Kaposvár,34852,35514,16520,12165,47.4,34.25,-13.15,-4355,-27.74,-26.36,1.9,Megyei jogú város
BÉKÉS,Békéscsaba,34510,35263,15452,11126,44.78,31.55,-13.23,-4326,-29.54,-28,2.18,Megyei jogú város
CSONGRÁD-CSANÁD,Hódmezővásárhely,27071,26445,12325,8225,45.53,31.1,-14.43,-4100,-31.69,-33.27,-2.31,Megyei jogú város
KOMÁROM-ESZTERGOM,Tatabánya,36414,38616,16752,12846,46,33.27,-12.73,-3906,-27.67,-23.32,6.05,Megyei jogú város
PEST,Dunakeszi,26869,26411,11307,7404,42.08,28.03,-14.05,-3903,-33.39,-34.52,-1.7,Város
BUDAPEST,Budapest 20. kerület,34486,35843,15154,11280,43.94,31.47,-12.47,-3874,-28.38,-25.56,3.93,Fővárosi kerület
ZALA,Nagykanizsa,27039,27171,12708,9138,47,33.63,-13.37,-3570,-28.45,-28.09,0.49,Megyei jogú város
BUDAPEST,Budapest 07. kerület,24912,21368,9564,6029,38.39,28.22,-10.17,-3535,-26.49,-36.96,-14.23,Fővárosi kerület
PEST,Vác,21232,20705,10798,7366,50.86,35.58,-15.28,-3432,-30.04,-31.78,-2.48,Város
BUDAPEST,Budapest 19. kerület,31238,33096,13057,9645,41.8,29.14,-12.66,-3412,-30.29,-26.13,5.95,Fővárosi kerület
BÁCS-KISKUN,Baja,20744,20375,10393,7105,50.1,34.87,-15.23,-3288,-30.4,-31.64,-1.78,Megyei jogú város
PEST,Szigetszentmiklós,23135,23780,10365,7129,44.8,29.98,-14.82,-3236,-33.08,-31.22,2.79,Város
PEST,Cegléd,20251,21156,11043,7841,54.53,37.06,-17.47,-3202,-32.04,-29,4.47,Város
PEST,Szentendre,19649,17318,8835,5670,44.96,32.74,-12.22,-3165,-27.18,-35.82,-11.86,Város
PEST,Gödöllő,20539,19168,9248,6186,45.03,32.27,-12.76,-3062,-28.34,-33.11,-6.68,Város
BUDAPEST,Budapest 09. kerület,26398,27232,10256,7241,38.85,26.59,-12.26,-3015,-31.56,-29.4,3.16,Fővárosi kerület
JÁSZ-NAGYKUN-SZOLNOK,Jászberény,15893,14662,7951,4937,50.03,33.67,-16.36,-3014,-32.7,-37.91,-7.75,Város
HAJDÚ-BIHAR,Hajdúböszörmény,16743,17276,9341,6377,55.79,36.91,-18.88,-2964,-33.84,-31.73,3.18,Város
VESZPRÉM,Pápa,17632,16797,9774,6861,55.43,40.85,-14.58,-2913,-26.3,-29.8,-4.74,Város
BUDAPEST,Budapest 05. kerület,15819,11092,6699,3791,42.35,34.18,-8.17,-2908,-19.29,-43.41,-29.88,Fővárosi kerület
TOLNA,Szekszárd,19136,18346,9483,6594,49.56,35.94,-13.62,-2889,-27.48,-30.47,-4.13,Megyei jogú város
CSONGRÁD-CSANÁD,Szentes,16215,15562,8138,5290,50.19,33.99,-16.2,-2848,-32.28,-35,-4.03,Város
BÁCS-KISKUN,Kiskunhalas,15263,14292,8173,5345,53.55,37.4,-16.15,-2828,-30.16,-34.6,-6.36,Város
BÁCS-KISKUN,Kiskunfélegyháza,16943,17144,9184,6375,54.21,37.19,-17.02,-2809,-31.4,-30.59,1.19,Város
FEJÉR,Dunaújváros,24951,24718,10169,7422,40.76,30.03,-10.73,-2747,-26.32,-27.01,-0.93,Megyei jogú város
SOMOGY,Siófok,16138,14394,8138,5582,50.43,38.78,-11.65,-2556,-23.1,-31.41,-10.81,Város
HEVES,Gyöngyös,17607,16093,7856,5307,44.62,32.98,-11.64,-2549,-26.09,-32.45,-8.6,Város
NÓGRÁD,Salgótarján,18581,17716,9164,6635,49.32,37.45,-11.87,-2529,-24.07,-27.6,-4.66,Megyei jogú város
GYŐR-MOSON-SOPRON,Mosonmagyaróvár,18196,18866,9248,6764,50.82,35.85,-14.97,-2484,-29.46,-26.86,3.68,Város
JÁSZ-NAGYKUN-SZOLNOK,Karcag,11622,9985,6953,4502,59.83,45.09,-14.74,-2451,-24.64,-35.25,-14.09,Város
ZALA,Keszthely,12930,10570,6674,4224,51.62,39.96,-11.66,-2450,-22.59,-36.71,-18.25,Város
BÉKÉS,Orosháza,16475,15771,7538,5118,45.75,32.45,-13.3,-2420,-29.07,-32.1,-4.27,Város
BÉKÉS,Békés,11529,10115,6672,4269,57.87,42.2,-15.67,-2403,-27.08,-36.02,-12.26,Város
BÉKÉS,Gyula,18051,17868,8529,6162,47.25,34.49,-12.76,-2367,-27.01,-27.75,-1.01,Város
HAJDÚ-BIHAR,Hajdúszoboszló,14114,13851,7461,5178,52.86,37.38,-15.48,-2283,-29.28,-30.6,-1.86,Város
KOMÁROM-ESZTERGOM,Esztergom,16730,16274,8263,5998,49.39,36.86,-12.53,-2265,-25.37,-27.41,-2.73,Megyei jogú város
PEST,Dabas,11407,10204,6553,4345,57.45,42.58,-14.87,-2208,-25.88,-33.69,-10.55,Város
SZABOLCS-SZATMÁR-BEREG,Vásárosnamény,6524,3800,3902,1711,59.81,45.03,-14.78,-2191,-24.71,-56.15,-41.75,Város
TOLNA,Paks,11808,10895,6356,4207,53.83,38.61,-15.22,-2149,-28.27,-33.81,-7.73,Város
CSONGRÁD-CSANÁD,Makó,12605,13605,6645,4497,52.72,33.05,-19.67,-2148,-37.31,-32.33,7.93,Város
PEST,Monor,11317,10951,6376,4258,56.34,38.88,-17.46,-2118,-30.99,-33.22,-3.23,Város
HEVES,Hatvan,12564,12033,6112,4002,48.65,33.26,-15.39,-2110,-31.63,-34.52,-4.23,Város
BORSOD-ABAÚJ-ZEMPLÉN,Mezőkövesd,10578,9169,5236,3129,49.5,34.13,-15.37,-2107,-31.05,-40.24,-13.32,Város
BORSOD-ABAÚJ-ZEMPLÉN,Sátoraljaújhely,9041,6913,4460,2392,49.33,34.6,-14.73,-2068,-29.86,-46.37,-23.54,Város
SZABOLCS-SZATMÁR-BEREG,Kisvárda,10339,8681,5151,3084,49.82,35.53,-14.29,-2067,-28.68,-40.13,-16.04,Város
VESZPRÉM,Balatonfüred,10290,7286,4662,2613,45.31,35.86,-9.45,-2049,-20.86,-43.95,-29.19,Város
KOMÁROM-ESZTERGOM,Komárom,11855,10727,6130,4119,51.71,38.4,-13.31,-2011,-25.74,-32.81,-9.51,Város
PEST,Vecsés,13272,12801,6203,4214,46.74,32.92,-13.82,-1989,-29.57,-32.07,-3.55,Város
JÁSZ-NAGYKUN-SZOLNOK,Törökszentmiklós,11523,10817,5638,3714,48.93,34.33,-14.6,-1924,-29.84,-34.13,-6.13,Város
SZABOLCS-SZATMÁR-BEREG,Mátészalka,10123,8855,5392,3468,53.26,39.16,-14.1,-1924,-26.47,-35.68,-12.53,Város
PEST,Budakeszi,12223,10074,5048,3171,41.3,31.48,-9.82,-1877,-23.78,-37.18,-17.58,Város
BORSOD-ABAÚJ-ZEMPLÉN,Kazincbarcika,14119,13654,5479,3610,38.81,26.44,-12.37,-1869,-31.87,-34.11,-3.29,Város
NÓGRÁD,Balassagyarmat,10138,8243,4678,2811,46.14,34.1,-12.04,-1867,-26.09,-39.91,-18.69,Város
FEJÉR,Bicske,8146,6081,4297,2470,52.75,40.62,-12.13,-1827,-23,-42.52,-25.35,Város
BÁCS-KISKUN,Kalocsa,10227,9031,4473,2654,43.74,29.39,-14.35,-1819,-32.81,-40.67,-11.69,Város
HAJDÚ-BIHAR,Berettyóújfalu,9009,8186,4957,3148,55.02,38.46,-16.56,-1809,-30.1,-36.49,-9.14,Város
BARANYA,Mohács,10810,9938,5893,4089,54.51,41.15,-13.36,-1804,-24.51,-30.61,-8.07,Város
TOLNA,Dombóvár,10833,10036,5695,3928,52.57,39.14,-13.43,-1767,-25.55,-31.03,-7.36,Város
GYŐR-MOSON-SOPRON,Csorna,7027,5570,4351,2619,61.92,47.02,-14.9,-1732,-24.06,-39.81,-20.73,Város
BORSOD-ABAÚJ-ZEMPLÉN,Ózd,14645,14880,7911,6208,54.02,41.72,-12.3,-1703,-22.77,-21.53,1.6,Város
VESZPRÉM,Tapolca,10371,8552,4997,3295,48.18,38.53,-9.65,-1702,-20.03,-34.06,-17.54,Város
PEST,Budaörs,17042,17525,6566,4865,38.53,27.76,-10.77,-1701,-27.95,-25.91,2.83,Város
BUDAPEST,Budapest 01. kerület,14438,14997,6406,4747,44.37,31.65,-12.72,-1659,-28.67,-25.9,3.87,Fővárosi kerület
HAJDÚ-BIHAR,Balmazújváros,9128,10059,5373,3751,58.86,37.29,-21.57,-1622,-36.65,-30.19,10.2,Város
SZABOLCS-SZATMÁR-BEREG,Nyírbátor,7227,5605,3901,2297,53.98,40.98,-13,-1604,-24.08,-41.12,-22.44,Város
PEST,Nagykőrös,11760,13603,7029,5426,59.77,39.89,-19.88,-1603,-33.26,-22.81,15.67,Város
KOMÁROM-ESZTERGOM,Tata,13168,14441,6326,4732,48.04,32.77,-15.27,-1594,-31.79,-25.2,9.67,Város
BUDAPEST,Budapest 23. kerület,12257,13115,5553,3968,45.3,30.26,-15.04,-1585,-33.2,-28.54,7,Fővárosi kerület
VAS,Sárvár,9585,8873,4989,3412,52.05,38.45,-13.6,-1577,-26.13,-31.61,-7.43,Város
PEST,Dunaharaszti,12984,14962,5978,4465,46.04,29.84,-16.2,-1513,-35.19,-25.31,15.23,Város
BORSOD-ABAÚJ-ZEMPLÉN,Tiszaújváros,10107,8308,3836,2356,37.95,28.36,-9.59,-1480,-25.27,-38.58,-17.8,Város
SOMOGY,Marcali,7966,6404,4043,2568,50.75,40.1,-10.65,-1475,-20.99,-36.48,-19.61,Város
PEST,Göd,12786,14134,5656,4187,44.24,29.62,-14.62,-1469,-33.05,-25.97,10.54,Város
BUDAPEST,Budapest 06. kerület,15117,15401,5825,4368,38.53,28.36,-10.17,-1457,-26.4,-25.01,1.88,Fővárosi kerület
PEST,Gyál,12732,14983,6313,4898,49.58,32.69,-16.89,-1415,-34.07,-22.41,17.68,Város
VESZPRÉM,Ajka,15201,16754,7165,5778,47.14,34.49,-12.65,-1387,-26.83,-19.36,10.22,Város
CSONGRÁD-CSANÁD,Csongrád,8828,9746,5134,3778,58.16,38.76,-19.4,-1356,-33.36,-26.41,10.4,Város
PEST,Fót,11866,13392,5660,4315,47.7,32.22,-15.48,-1345,-32.45,-23.76,12.86,Város
PEST,Veresegyház,11334,13437,5165,3831,45.57,28.51,-17.06,-1334,-37.44,-25.83,18.55,Város
VAS,Körmend,7700,6765,4711,3395,61.18,50.18,-11,-1316,-17.98,-27.93,-12.14,Város
BARANYA,Szigetvár,6623,5083,3095,1802,46.73,35.45,-11.28,-1293,-24.14,-41.78,-23.25,Város
PEST,Pécel,9445,10231,4718,3474,49.95,33.96,-15.99,-1244,-32.01,-26.37,8.32,Város
PEST,Gyömrő,10699,12376,5040,3809,47.11,30.78,-16.33,-1231,-34.66,-24.42,15.67,Város
PEST,Pilisvörösvár,8244,8359,4231,3021,51.32,36.14,-15.18,-1210,-29.58,-28.6,1.39,Város
PEST,Nagykáta,7797,7337,4406,3205,56.51,43.68,-12.83,-1201,-22.7,-27.26,-5.9,Város
SOMOGY,Barcs,6614,5408,3200,2018,48.38,37.32,-11.06,-1182,-22.86,-36.94,-18.23,Város
BÁCS-KISKUN,Kiskőrös,7986,8487,5281,4106,66.13,48.38,-17.75,-1175,-26.84,-22.25,6.27,Város
PEST,Százhalombatta,10505,11544,4694,3530,44.68,30.58,-14.1,-1164,-31.56,-24.8,9.89,Város
PEST,Szigethalom,9461,11318,4493,3357,47.49,29.66,-17.83,-1136,-37.54,-25.28,19.63,Város
FEJÉR,Sárbogárd,7564,7229,4753,3622,62.84,50.1,-12.74,-1131,-20.27,-23.8,-4.43,Város
BARANYA,Komló,11405,13199,5192,4096,45.52,31.03,-14.49,-1096,-31.83,-21.11,15.73,Város
HAJDÚ-BIHAR,Nyíradony,3777,3854,2681,1592,70.98,41.31,-29.67,-1089,-41.8,-40.62,2.04,Város
BÉKÉS,Szarvas,8262,8953,4417,3329,53.46,37.18,-16.28,-1088,-30.45,-24.63,8.36,Város
PEST,Pomáz,10466,11806,4993,3921,47.71,33.21,-14.5,-1072,-30.39,-21.47,12.8,Város
HAJDÚ-BIHAR,Püspökladány,7367,8039,4320,3248,58.64,40.4,-18.24,-1072,-31.11,-24.81,9.12,Város
VESZPRÉM,Várpalota,10571,12093,4887,3839,46.23,31.75,-14.48,-1048,-31.32,-21.44,14.4,Város
FEJÉR,Mór,8000,8685,4386,3338,54.83,38.43,-16.4,-1048,-29.91,-23.89,8.56,Város
PEST,Kistarcsa,7817,8823,3814,2768,48.79,31.37,-17.42,-1046,-35.7,-27.43,12.87,Város
SZABOLCS-SZATMÁR-BEREG,Újfehértó,6209,7492,4051,3050,65.24,40.71,-24.53,-1001,-37.6,-24.71,20.66,Város
HAJDÚ-BIHAR,Hajdúnánás,8399,9583,4731,3737,56.33,39,-17.33,-994,-30.77,-21.01,14.1,Város
PEST,Abony,7261,8450,4561,3571,62.82,42.26,-20.56,-990,-32.73,-21.71,16.38,Város
TOLNA,Bonyhád,7144,7563,3964,2994,55.49,39.59,-15.9,-970,-28.65,-24.47,5.87,Város
JÁSZ-NAGYKUN-SZOLNOK,Mezőtúr,8443,9451,4283,3326,50.73,35.19,-15.54,-957,-30.63,-22.34,11.94,Város
GYŐR-MOSON-SOPRON,Kapuvár,6014,6411,3886,2931,64.62,45.72,-18.9,-955,-29.25,-24.58,6.6,Város
PEST,Ráckeve,5660,5976,3215,2265,56.8,37.9,-18.9,-950,-33.27,-29.55,5.58,Város
BORSOD-ABAÚJ-ZEMPLÉN,Sárospatak,6003,6476,3189,2259,53.12,34.88,-18.24,-930,-34.34,-29.16,7.88,Város
VAS,Kőszeg,6414,7159,3821,2911,59.57,40.66,-18.91,-910,-31.74,-23.82,11.62,Város
BORSOD-ABAÚJ-ZEMPLÉN,Edelény,4852,5117,2984,2090,61.5,40.84,-20.66,-894,-33.59,-29.96,5.46,Város
PEST,Maglód,7161,7999,3498,2606,48.85,32.58,-16.27,-892,-33.31,-25.5,11.7,Város
BÁCS-KISKUN,Kiskunmajsa,5532,6048,3499,2659,63.25,43.96,-19.29,-840,-30.5,-24.01,9.33,Város
BÁCS-KISKUN,Lajosmizse,5787,6545,3796,2957,65.6,45.18,-20.42,-839,-31.13,-22.1,13.1,Város
JÁSZ-NAGYKUN-SZOLNOK,Tiszafüred,5692,6135,3231,2398,56.76,39.09,-17.67,-833,-31.13,-25.78,7.78,Város
KOMÁROM-ESZTERGOM,Oroszlány,9010,9964,4427,3605,49.13,36.18,-12.95,-822,-26.36,-18.57,10.59,Város
PEST,Biatorbágy,8128,9580,3882,3065,47.76,31.99,-15.77,-817,-33.02,-21.05,17.86,Város
PEST,Budakalász,7067,7823,3333,2525,47.16,32.28,-14.88,-808,-31.55,-24.24,10.7,Város
PEST,Isaszeg,6389,7182,3484,2678,54.53,37.29,-17.24,-806,-31.62,-23.13,12.41,Város
TOLNA,Tolna,6098,6621,3638,2833,59.66,42.79,-16.87,-805,-28.28,-22.13,8.58,Város
SZABOLCS-SZATMÁR-BEREG,Fehérgyarmat,4156,4368,2600,1809,62.56,41.41,-21.15,-791,-33.81,-30.42,5.1,Város
HAJDÚ-BIHAR,Hajdúsámson,6639,8334,4260,3472,64.17,41.66,-22.51,-788,-35.08,-18.5,25.53,Város
HEVES,Heves,5180,5670,3338,2558,64.44,45.11,-19.33,-780,-30,-23.37,9.46,Város
ZALA,Lenti,4634,4739,2749,1982,59.32,41.82,-17.5,-767,-29.5,-27.9,2.27,Város
BÁCS-KISKUN,Kecel,4373,4646,2799,2033,64.01,43.76,-20.25,-766,-31.64,-27.37,6.24,Város
VAS,Celldömölk,5933,6347,3656,2895,61.62,45.61,-16.01,-761,-25.98,-20.82,6.98,Város
PEST,Pilis,5733,6702,3387,2628,59.08,39.21,-19.87,-759,-33.63,-22.41,16.9,Város
BÉKÉS,Gyomaendrőd,6443,7392,3434,2696,53.3,36.47,-16.83,-738,-31.58,-21.49,14.73,Város
NÓGRÁD,Bátonyterenye,5540,6071,2928,2200,52.85,36.24,-16.61,-728,-31.43,-24.86,9.58,Város
NÓGRÁD,Pásztó,5160,5636,2986,2258,57.87,40.06,-17.81,-728,-30.78,-24.38,9.22,Város
VESZPRÉM,Balatonalmádi,5832,6400,2896,2170,49.66,33.91,-15.75,-726,-31.72,-25.07,9.74,Város
GYŐR-MOSON-SOPRON,Győrújbarát,4601,5449,2511,1789,54.58,32.83,-21.75,-722,-39.85,-28.75,18.43,Nagyközség
FEJÉR,Gárdony,7054,8382,3359,2643,47.62,31.53,-16.09,-716,-33.79,-21.32,18.83,Város
PEST,Sülysáp,4535,5338,2684,1974,59.18,36.98,-22.2,-710,-37.51,-26.45,17.71,Város
PEST,Törökbálint,7951,9223,3476,2776,43.72,30.1,-13.62,-700,-31.15,-20.14,16,Város
PEST,Albertirsa,6992,8513,3882,3199,55.52,37.58,-17.94,-683,-32.31,-17.59,21.75,Város
BORSOD-ABAÚJ-ZEMPLÉN,Szerencs,5078,5405,2651,1968,52.21,36.41,-15.8,-683,-30.26,-25.76,6.44,Város
PEST,Solymár,6759,7413,3252,2570,48.11,34.67,-13.44,-682,-27.94,-20.97,9.68,Nagyközség
PEST,Kerepes,6262,7322,3027,2351,48.34,32.11,-16.23,-676,-33.57,-22.33,16.93,Város
PEST,Diósd,6472,7421,2806,2133,43.36,28.74,-14.62,-673,-33.72,-23.98,14.66,Város
JÁSZ-NAGYKUN-SZOLNOK,Kisújszállás,5368,5830,3114,2451,58.01,42.04,-15.97,-663,-27.53,-21.29,8.61,Város
PEST,Halásztelek,6553,7718,3072,2413,46.88,31.26,-15.62,-659,-33.32,-21.45,17.78,Város
BÁCS-KISKUN,Kunszentmiklós,4497,4796,3197,2542,71.09,53,-18.09,-655,-25.45,-20.49,6.65,Város
HAJDÚ-BIHAR,Hajdúhadház,5091,6143,3675,3022,72.19,49.19,-23,-653,-31.86,-17.77,20.66,Város
BÁCS-KISKUN,Soltvadkert,3873,4289,2621,1982,67.67,46.21,-21.46,-639,-31.71,-24.38,10.74,Város
PEST,Csömör,5830,6546,2533,1895,43.45,28.95,-14.5,-638,-33.37,-25.19,12.28,Nagyközség
PEST,Tököl,5713,6633,2846,2227,49.82,33.57,-16.25,-619,-32.62,-21.75,16.1,Város
CSONGRÁD-CSANÁD,Mórahalom,3639,4141,2150,1540,59.08,37.19,-21.89,-610,-37.05,-28.37,13.79,Város
BARANYA,Siklós,4777,5388,2557,1950,53.53,36.19,-17.34,-607,-32.39,-23.74,12.79,Város
CSONGRÁD-CSANÁD,Sándorfalva,4511,5179,2140,1534,47.44,29.62,-17.82,-606,-37.56,-28.32,14.81,Város
KOMÁROM-ESZTERGOM,Dorog,5994,6751,2573,1969,42.93,29.17,-13.76,-604,-32.05,-23.47,12.63,Város
BÁCS-KISKUN,Tiszakécske,5918,6818,3687,3093,62.3,45.37,-16.93,-594,-27.17,-16.11,15.21,Város
HAJDÚ-BIHAR,Hajdúdorog,4252,4777,2829,2235,66.53,46.79,-19.74,-594,-29.67,-21,12.35,Város
SOMOGY,Nagyatád,5654,5982,2573,1979,45.51,33.08,-12.43,-594,-27.31,-23.09,5.8,Város
PEST,Üllő,6619,8101,3398,2816,51.34,34.76,-16.58,-582,-32.29,-17.13,22.39,Város
PEST,Nagykovácsi,4909,5368,2109,1533,42.96,28.56,-14.4,-576,-33.52,-27.31,9.35,Nagyközség
BÁCS-KISKUN,Solt,3363,3648,2081,1510,61.88,41.39,-20.49,-571,-33.11,-27.44,8.47,Város
HAJDÚ-BIHAR,Derecske,4215,4872,2804,2236,66.52,45.89,-20.63,-568,-31.01,-20.26,15.59,Város
VESZPRÉM,Zirc,3872,4187,2024,1459,52.27,34.85,-17.42,-565,-33.33,-27.92,8.14,Város
JÁSZ-NAGYKUN-SZOLNOK,Jászapáti,4129,4489,2622,2058,63.5,45.85,-17.65,-564,-27.8,-21.51,8.72,Város
SZABOLCS-SZATMÁR-BEREG,Nagykálló,4660,5421,2617,2055,56.16,37.91,-18.25,-562,-32.5,-21.47,16.33,Város
BORSOD-ABAÚJ-ZEMPLÉN,Felsőzsolca,3535,3816,1915,1354,54.17,35.48,-18.69,-561,-34.5,-29.3,7.95,Város
FEJÉR,Ercsi,4131,4695,2483,1935,60.11,41.21,-18.9,-548,-31.44,-22.07,13.65,Város
SZABOLCS-SZATMÁR-BEREG,Ibrány,3044,3485,1945,1404,63.9,40.29,-23.61,-541,-36.95,-27.81,14.49,Város
BÉKÉS,Szeghalom,4417,4852,2254,1715,51.03,35.35,-15.68,-539,-30.73,-23.91,9.85,Város
JÁSZ-NAGYKUN-SZOLNOK,Tiszaföldvár,4910,5703,2742,2204,55.85,38.65,-17.2,-538,-30.8,-19.62,16.15,Város
CSONGRÁD-CSANÁD,Kistelek,3869,4402,2099,1566,54.25,35.57,-18.68,-533,-34.43,-25.39,13.78,Város
PEST,Üröm,4908,5518,2078,1545,42.34,28,-14.34,-533,-33.87,-25.65,12.43,Nagyközség
TOLNA,Dunaföldvár,4342,4881,2514,1983,57.9,40.63,-17.27,-531,-29.83,-21.12,12.41,Város
BÁCS-KISKUN,Kerekegyháza,3391,3885,2220,1694,65.47,43.6,-21.87,-526,-33.4,-23.69,14.57,Város
PEST,Tárnok,5621,6781,2693,2169,47.91,31.99,-15.92,-524,-33.23,-19.46,20.64,Nagyközség
PEST,Kiskunlacháza,4754,5655,2708,2186,56.96,38.66,-18.3,-522,-32.13,-19.28,18.95,Város
BORSOD-ABAÚJ-ZEMPLÉN,Putnok,2815,2961,1666,1149,59.18,38.8,-20.38,-517,-34.44,-31.03,5.19,Város
HAJDÚ-BIHAR,Vámospércs,2728,3087,1817,1301,66.61,42.14,-24.47,-516,-36.74,-28.4,13.16,Város
JÁSZ-NAGYKUN-SZOLNOK,Jászárokszállás,3791,4459,2306,1791,60.83,40.17,-20.66,-515,-33.96,-22.33,17.62,Város
PEST,Aszód,3493,3911,1835,1320,52.53,33.75,-18.78,-515,-35.75,-28.07,11.97,Város
BÉKÉS,Mezőberény,4781,5394,2445,1934,51.14,35.85,-15.29,-511,-29.9,-20.9,12.82,Város
HEVES,Füzesabony,3691,4175,2145,1637,58.11,39.21,-18.9,-508,-32.52,-23.68,13.11,Város
BÉKÉS,Sarkad,4511,4968,2854,2348,63.27,47.26,-16.01,-506,-25.3,-17.73,10.13,Város
PEST,Tura,4150,4645,2675,2171,64.46,46.74,-17.72,-504,-27.49,-18.84,11.93,Város
JÁSZ-NAGYKUN-SZOLNOK,Kunszentmárton,3870,4254,2118,1615,54.73,37.96,-16.77,-503,-30.64,-23.75,9.92,Város
PEST,Taksony,3844,4435,1803,1307,46.9,29.47,-17.43,-496,-37.16,-27.51,15.37,Nagyközség
VAS,Szentgotthárd,4704,4965,2800,2308,59.52,46.49,-13.03,-492,-21.89,-17.57,5.55,Város
TOLNA,Tamási,4309,4626,2327,1837,54,39.71,-14.29,-490,-26.46,-21.06,7.36,Város
KOMÁROM-ESZTERGOM,Nyergesújfalu,3945,4430,1806,1328,45.78,29.98,-15.8,-478,-34.51,-26.47,12.29,Város
BARANYA,Szentlőrinc,3366,3669,1874,1402,55.67,38.21,-17.46,-472,-31.36,-25.19,9,Város
PEST,Piliscsaba,4685,5271,2239,1771,47.79,33.6,-14.19,-468,-29.69,-20.9,12.51,Város
PEST,Tahitótfalu,3644,4140,2164,1697,59.39,40.99,-18.4,-467,-30.98,-21.58,13.61,Nagyközség
PEST,Ócsa,5235,6143,3126,2661,59.71,43.32,-16.39,-465,-27.45,-14.88,17.34,Város
BÁCS-KISKUN,Jánoshalma,3931,4498,2143,1678,54.52,37.31,-17.21,-465,-31.57,-21.7,14.42,Város
BORSOD-ABAÚJ-ZEMPLÉN,Szikszó,2852,3057,1676,1214,58.77,39.71,-19.06,-462,-32.43,-27.57,7.19,Város
BORSOD-ABAÚJ-ZEMPLÉN,Alsózsolca,2724,2962,1654,1193,60.72,40.28,-20.44,-461,-33.66,-27.87,8.74,Város
NÓGRÁD,Szécsény,3039,3276,1821,1362,59.92,41.58,-18.34,-459,-30.61,-25.21,7.8,Város
BÉKÉS,Vésztő,3127,3412,2130,1674,68.12,49.06,-19.06,-456,-27.98,-21.41,9.11,Város
PEST,Páty,4499,5248,2282,1829,50.72,34.85,-15.87,-453,-31.29,-19.85,16.65,Nagyközség
PEST,Őrbottyán,4465,5362,2344,1892,52.5,35.29,-17.21,-452,-32.78,-19.28,20.09,Város
HAJDÚ-BIHAR,Polgár,3523,4070,2014,1562,57.17,38.38,-18.79,-452,-32.87,-22.44,15.53,Város
HAJDÚ-BIHAR,Nádudvar,4127,4724,2619,2174,63.46,46.02,-17.44,-445,-27.48,-16.99,14.47,Város
BÉKÉS,Dévaványa,3444,3888,2236,1800,64.92,46.3,-18.62,-436,-28.68,-19.5,12.89,Város
CSONGRÁD-CSANÁD,Algyő,3049,3467,1375,944,45.1,27.23,-17.87,-431,-39.62,-31.35,13.71,Nagyközség
CSONGRÁD-CSANÁD,Mindszent,3399,3834,1966,1535,57.84,40.04,-17.8,-431,-30.77,-21.92,12.8,Város
JÁSZ-NAGYKUN-SZOLNOK,Kunhegyes,3397,3747,2281,1853,67.15,49.45,-17.7,-428,-26.36,-18.76,10.3,Város
BÁCS-KISKUN,Izsák,2877,3298,1990,1564,69.17,47.42,-21.75,-426,-31.44,-21.41,14.63,Város
SZABOLCS-SZATMÁR-BEREG,Nagyhalász,2531,2786,1694,1268,66.93,45.51,-21.42,-426,-32,-25.15,10.08,Város
PEST,Szada,3466,4193,1785,1360,51.5,32.44,-19.06,-425,-37.01,-23.81,20.98,Nagyközség
BORSOD-ABAÚJ-ZEMPLÉN,Sajószentpéter,4854,5770,2276,1851,46.89,32.08,-14.81,-425,-31.58,-18.67,18.87,Város
SZABOLCS-SZATMÁR-BEREG,Balkány,2782,3171,1880,1456,67.58,45.92,-21.66,-424,-32.05,-22.55,13.98,Város
KOMÁROM-ESZTERGOM,Ács,3440,4028,2182,1759,63.43,43.67,-19.76,-423,-31.15,-19.39,17.09,Város
HAJDÚ-BIHAR,Létavértes,3085,3554,2121,1698,68.75,47.78,-20.97,-423,-30.5,-19.94,15.2,Város
JÁSZ-NAGYKUN-SZOLNOK,Túrkeve,3886,4498,2341,1919,60.24,42.66,-17.58,-422,-29.18,-18.03,15.75,Város
SZABOLCS-SZATMÁR-BEREG,Nyírtelek,3344,3934,1942,1522,58.07,38.69,-19.38,-420,-33.37,-21.63,17.64,Város
SZABOLCS-SZATMÁR-BEREG,Nagyecsed,2582,2846,1979,1560,76.65,54.81,-21.84,-419,-28.49,-21.17,10.22,Város
FEJÉR,Polgárdi,3309,3899,2148,1730,64.91,44.37,-20.54,-418,-31.64,-19.46,17.83,Város
BÁCS-KISKUN,Bácsalmás,3004,3284,1534,1117,51.07,34.01,-17.06,-417,-33.41,-27.18,9.32,Város
HAJDÚ-BIHAR,Mikepércs,2576,3114,1619,1204,62.85,38.66,-24.19,-415,-38.49,-25.63,20.89,Nagyközség
BORSOD-ABAÚJ-ZEMPLÉN,Mezőcsát,2697,3140,1744,1332,64.66,42.42,-22.24,-412,-34.4,-23.62,16.43,Város
SZABOLCS-SZATMÁR-BEREG,Tiszavasvári,5688,6422,3125,2714,54.94,42.26,-12.68,-411,-23.08,-13.15,12.9,Város
FEJÉR,Velence,4135,4888,2002,1594,48.42,32.61,-15.81,-408,-32.65,-20.38,18.21,Város
PEST,Erdőkertes,4744,6013,2432,2026,51.26,33.69,-17.57,-406,-34.28,-16.69,26.75,Nagyközség
HAJDÚ-BIHAR,Hosszúpályi,2495,2868,1771,1366,70.98,47.63,-23.35,-405,-32.9,-22.87,14.95,Nagyközség
BÉKÉS,Kondoros,2571,2813,1467,1067,57.06,37.93,-19.13,-400,-33.53,-27.27,9.41,Város
PEST,Kartal,3196,3832,2005,1606,62.73,41.91,-20.82,-399,-33.19,-19.9,19.9,Nagyközség
SOMOGY,Csurgó,2522,2714,1515,1116,60.07,41.12,-18.95,-399,-31.55,-26.34,7.61,Város
ZALA,Zalaszentgrót,3434,3740,2039,1641,59.38,43.88,-15.5,-398,-26.1,-19.52,8.91,Város
PEST,Tápiószecső,3200,3739,1874,1478,58.56,39.53,-19.03,-396,-32.5,-21.13,16.84,Nagyközség
BARANYA,Kozármisleny,3753,4291,1678,1284,44.71,29.92,-14.79,-394,-33.08,-23.48,14.34,Város
BORSOD-ABAÚJ-ZEMPLÉN,Encs,3071,3290,1928,1534,62.78,46.63,-16.15,-394,-25.72,-20.44,7.13,Város
CSONGRÁD-CSANÁD,Szegvár,2477,2686,1495,1107,60.36,41.21,-19.15,-388,-31.73,-25.95,8.44,Nagyközség
PEST,Dunavarsány,4593,5630,2193,1807,47.75,32.1,-15.65,-386,-32.77,-17.6,22.58,Város
KOMÁROM-ESZTERGOM,Tát,3085,3435,1506,1121,48.82,32.63,-16.19,-385,-33.16,-25.56,11.35,Város
SZABOLCS-SZATMÁR-BEREG,Tiszalök,2483,2840,1444,1060,58.16,37.32,-20.84,-384,-35.83,-26.59,14.38,Város
PEST,Alsónémedi,3021,3463,1895,1514,62.73,43.72,-19.01,-381,-30.3,-20.11,14.63,Nagyközség
BORSOD-ABAÚJ-ZEMPLÉN,Tokaj,2047,2136,1134,753,55.4,35.25,-20.15,-381,-36.37,-33.6,4.35,Város
PEST,Nagytarcsa,3392,4164,1686,1306,49.71,31.36,-18.35,-380,-36.91,-22.54,22.76,Nagyközség
HAJDÚ-BIHAR,Téglás,3145,3843,1834,1458,58.31,37.94,-20.37,-376,-34.93,-20.5,22.19,Város
FEJÉR,Csákvár,3001,3344,1842,1471,61.38,43.99,-17.39,-371,-28.33,-20.14,11.43,Város
FEJÉR,Etyek,2563,2974,1373,1007,53.57,33.86,-19.71,-366,-36.79,-26.66,16.04,Nagyközség
PEST,Tápiószentmárton,2980,3480,1995,1632,66.95,46.9,-20.05,-363,-29.95,-18.2,16.78,Nagyközség
JÁSZ-NAGYKUN-SZOLNOK,Martfű,3433,3800,1416,1054,41.25,27.74,-13.51,-362,-32.75,-25.56,10.69,Város
BÁCS-KISKUN,Szabadszállás,2867,3246,1876,1516,65.43,46.7,-18.73,-360,-28.63,-19.19,13.22,Város
JÁSZ-NAGYKUN-SZOLNOK,Rákóczifalva,2820,3330,1419,1061,50.32,31.86,-18.46,-358,-36.69,-25.23,18.09,Város
SZABOLCS-SZATMÁR-BEREG,Baktalórántháza,2247,2201,1749,1392,77.84,63.24,-14.6,-357,-18.76,-20.41,-2.05,Város
CSONGRÁD-CSANÁD,Domaszék,2714,3002,1516,1160,55.86,38.64,-17.22,-356,-30.83,-23.48,10.61,Nagyközség
BORSOD-ABAÚJ-ZEMPLÉN,Onga,2378,2627,1306,951,54.92,36.2,-18.72,-355,-34.09,-27.18,10.47,Város
VESZPRÉM,Sümeg,3275,3522,1969,1614,60.12,45.83,-14.29,-355,-23.77,-18.03,7.54,Város
HAJDÚ-BIHAR,Kaba,2852,3170,1850,1500,64.87,47.32,-17.55,-350,-27.05,-18.92,11.15,Város
PEST,Zsámbék,3194,3623,1724,1375,53.98,37.95,-16.03,-349,-29.7,-20.24,13.43,Város
ZALA,Hévíz,2612,2746,1482,1133,56.74,41.26,-15.48,-349,-27.28,-23.55,5.13,Város
BORSOD-ABAÚJ-ZEMPLÉN,Szirmabesenyő,2545,2807,1133,786,44.52,28,-16.52,-347,-37.11,-30.63,10.29,Nagyközség
BÉKÉS,Tótkomlós,2895,3139,1505,1158,51.99,36.89,-15.1,-347,-29.04,-23.06,8.43,Város
PEST,Verőce,2286,2551,1263,917,55.25,35.95,-19.3,-346,-34.93,-27.4,11.59,Nagyközség
CSONGRÁD-CSANÁD,Földeák,1706,1862,1012,666,59.32,35.77,-23.55,-346,-39.7,-34.19,9.14,Nagyközség
SZABOLCS-SZATMÁR-BEREG,Nyírbogát,1914,2042,1367,1021,71.42,50,-21.42,-346,-29.99,-25.31,6.69,Város
HAJDÚ-BIHAR,Komádi,2255,2479,1558,1213,69.09,48.93,-20.16,-345,-29.18,-22.14,9.93,Város
FEJÉR,Bodajk,2283,2546,1276,932,55.89,36.61,-19.28,-344,-34.5,-26.96,11.52,Város
FEJÉR,Martonvásár,3267,3637,1608,1266,49.22,34.81,-14.41,-342,-29.28,-21.27,11.33,Város
BÁCS-KISKUN,Mélykút,2319,2550,1334,992,57.52,38.9,-18.62,-342,-32.37,-25.64,9.96,Város
HAJDÚ-BIHAR,Ebes,2557,3049,1427,1088,55.81,35.68,-20.13,-339,-36.07,-23.76,19.24,Nagyközség
JÁSZ-NAGYKUN-SZOLNOK,Tiszabura,1280,1069,1179,840,92.11,78.58,-13.53,-339,-14.69,-28.75,-16.48,Nagyközség
BÁCS-KISKUN,Tiszaalpár,2385,2704,1555,1218,65.2,45.04,-20.16,-337,-30.92,-21.67,13.38,Nagyközség
GYŐR-MOSON-SOPRON,Nyúl,2669,3114,1495,1160,56.01,37.25,-18.76,-335,-33.49,-22.41,16.67,Nagyközség
SZABOLCS-SZATMÁR-BEREG,Rakamaz,2195,2463,1283,948,58.45,38.49,-19.96,-335,-34.15,-26.11,12.21,Város
BÁCS-KISKUN,Lakitelek,2565,3003,1624,1290,63.31,42.96,-20.35,-334,-32.14,-20.57,17.08,Nagyközség
SZABOLCS-SZATMÁR-BEREG,Kemecse,2487,2773,1678,1344,67.47,48.47,-19,-334,-28.16,-19.9,11.5,Város
BÁCS-KISKUN,Akasztó,1843,2012,1269,935,68.86,46.47,-22.39,-334,-32.52,-26.32,9.17,Nagyközség
PEST,Délegyháza,2928,3592,1519,1188,51.88,33.07,-18.81,-331,-36.26,-21.79,22.68,Nagyközség
KOMÁROM-ESZTERGOM,Kisbér,2953,3251,1731,1403,58.62,43.16,-15.46,-328,-26.37,-18.95,10.09,Város
JÁSZ-NAGYKUN-SZOLNOK,Újszász,3046,3432,1767,1440,58.01,41.96,-16.05,-327,-27.67,-18.51,12.67,Város
GYŐR-MOSON-SOPRON,Jánossomorja,3202,3696,2155,1830,67.3,49.51,-17.79,-325,-26.43,-15.08,15.43,Város
PEST,Mogyoród,4320,5340,2237,1917,51.78,35.9,-15.88,-320,-30.67,-14.3,23.61,Nagyközség
BORSOD-ABAÚJ-ZEMPLÉN,Nyékládháza,2738,3135,1316,996,48.06,31.77,-16.29,-320,-33.9,-24.32,14.5,Város
HEVES,Kömlő,804,781,671,351,83.46,44.94,-38.52,-320,-46.15,-47.69,-2.86,Nagyközség
PEST,Bugyi,2777,3353,1837,1518,66.15,45.27,-20.88,-319,-31.56,-17.37,20.74,Nagyközség
FEJÉR,Enying,3178,3680,1929,1610,60.7,43.75,-16.95,-319,-27.92,-16.54,15.8,Város
SOMOGY,Balatonlelle,2689,3021,1564,1246,58.16,41.24,-16.92,-318,-29.09,-20.33,12.35,Város
VAS,Vasvár,2369,2563,1580,1262,66.69,49.24,-17.45,-318,-26.17,-20.13,8.19,Város
PEST,Inárcs,2594,3050,1472,1155,56.75,37.87,-18.88,-317,-33.27,-21.54,17.58,Nagyközség
BÉKÉS,Füzesgyarmat,2785,3149,1418,1101,50.92,34.96,-15.96,-317,-31.34,-22.36,13.07,Város
TOLNA,Bátaszék,3306,3692,1794,1478,54.26,40.03,-14.23,-316,-26.23,-17.61,11.68,Város
PEST,Örkény,2196,2448,1415,1102,64.44,45.02,-19.42,-313,-30.14,-22.12,11.48,Város
FEJÉR,Kápolnásnyék,2413,2705,1260,948,52.22,35.05,-17.17,-312,-32.88,-24.76,12.1,Nagyközség
SOMOGY,Fonyód,2907,3176,1525,1213,52.46,38.19,-14.27,-312,-27.2,-20.46,9.25,Város
PEST,Dömsöd,2979,3521,1946,1635,65.32,46.44,-18.88,-311,-28.9,-15.98,18.19,Nagyközség
KOMÁROM-ESZTERGOM,Lábatlan,2542,2925,1355,1044,53.3,35.69,-17.61,-311,-33.04,-22.95,15.07,Város
CSONGRÁD-CSANÁD,Balástya,1711,1934,1050,740,61.37,38.26,-23.11,-310,-37.66,-29.52,13.03,Nagyközség
PEST,Nagymaros,2953,3243,1689,1380,57.2,42.55,-14.65,-309,-25.61,-18.29,9.82,Város
SOMOGY,Balatonboglár,3201,3569,1726,1418,53.92,39.73,-14.19,-308,-26.32,-17.84,11.5,Város
HEVES,Andornaktálya,1594,1716,824,516,51.69,30.07,-21.62,-308,-41.83,-37.38,7.65,Nagyközség
HEVES,Lőrinci,2759,3249,1566,1259,56.76,38.75,-18.01,-307,-31.73,-19.6,17.76,Város
SZABOLCS-SZATMÁR-BEREG,Ajak,2027,2132,1141,836,56.29,39.21,-17.08,-305,-30.34,-26.73,5.18,Város
PEST,Pilisszentiván,2661,2892,1372,1068,51.56,36.93,-14.63,-304,-28.37,-22.16,8.68,Nagyközség
HAJDÚ-BIHAR,Földes,2063,2371,1368,1065,66.31,44.92,-21.39,-303,-32.26,-22.15,14.93,Nagyközség
PEST,Bag,2081,2252,1230,927,59.11,41.16,-17.95,-303,-30.37,-24.63,8.22,Nagyközség
SZABOLCS-SZATMÁR-BEREG,Kocsord,1477,1527,1070,767,72.44,50.23,-22.21,-303,-30.66,-28.32,3.39,Nagyközség
CSONGRÁD-CSANÁD,Szatymaz,2622,3132,1359,1060,51.83,33.84,-17.99,-299,-34.71,-22,19.45,Nagyközség
HAJDÚ-BIHAR,Bocskaikert,2072,2509,1166,868,56.27,34.6,-21.67,-298,-38.51,-25.56,21.09,Nagyközség
PEST,Sóskút,2014,2323,1019,722,50.6,31.08,-19.52,-297,-38.58,-29.15,15.34,Nagyközség
BÁCS-KISKUN,Dusnok,1641,1788,1127,831,68.68,46.48,-22.2,-296,-32.32,-26.26,8.96,Nagyközség
BÁCS-KISKUN,Ballószög,2186,2676,1210,915,55.35,34.19,-21.16,-295,-38.23,-24.38,22.42,Nagyközség
BORSOD-ABAÚJ-ZEMPLÉN,Mályi,2333,2743,1107,813,47.45,29.64,-17.81,-294,-37.53,-26.56,17.57,Nagyközség
GYŐR-MOSON-SOPRON,Tét,2118,2448,1508,1214,71.2,49.59,-21.61,-294,-30.35,-19.5,15.58,Város
HAJDÚ-BIHAR,Nyíracsád,1897,2148,1330,1037,70.11,48.28,-21.83,-293,-31.14,-22.03,13.23,Nagyközség
PEST,Hévízgyörk,1998,2261,1106,813,55.36,35.96,-19.4,-293,-35.04,-26.49,13.16,Nagyközség
FEJÉR,Pákozd,2169,2552,1250,958,57.63,37.54,-20.09,-292,-34.86,-23.36,17.66,Nagyközség
PEST,Kóka,2232,2707,1403,1112,62.86,41.08,-21.78,-291,-34.65,-20.74,21.28,Nagyközség
JÁSZ-NAGYKUN-SZOLNOK,Fegyvernek,2787,3302,1557,1266,55.87,38.34,-17.53,-291,-31.38,-18.69,18.48,Város
JÁSZ-NAGYKUN-SZOLNOK,Tószeg,2377,2755,1226,935,51.58,33.94,-17.64,-291,-34.2,-23.74,15.9,Nagyközség
FEJÉR,Seregélyes,2365,2679,1487,1196,62.88,44.64,-18.24,-291,-29.01,-19.57,13.28,Nagyközség
BÁCS-KISKUN,Sükösd,1835,2017,1165,874,63.49,43.33,-20.16,-291,-31.75,-24.98,9.92,Nagyközség
FEJÉR,Pusztaszabolcs,3004,3621,1783,1493,59.35,41.23,-18.12,-290,-30.53,-16.26,20.54,Város
PEST,Sződliget,2812,3238,1336,1046,47.51,32.3,-15.21,-290,-32.01,-21.71,15.15,Nagyközség
JÁSZ-NAGYKUN-SZOLNOK,Jászkisér,2290,2540,1483,1193,64.76,46.97,-17.79,-290,-27.47,-19.55,10.92,Város
JÁSZ-NAGYKUN-SZOLNOK,Kunmadaras,2130,2333,1548,1258,72.68,53.92,-18.76,-290,-25.81,-18.73,9.53,Nagyközség
PEST,Dány,2444,2751,1702,1413,69.64,51.36,-18.28,-289,-26.25,-16.98,12.56,Nagyközség
GYŐR-MOSON-SOPRON,Pannonhalma,1895,2145,1170,883,61.74,41.17,-20.57,-287,-33.32,-24.53,13.19,Város
BÉKÉS,Doboz,2066,2377,1264,978,61.18,41.14,-20.04,-286,-32.76,-22.63,15.05,Nagyközség
KOMÁROM-ESZTERGOM,Tokod,2185,2474,1209,923,55.33,37.31,-18.02,-286,-32.57,-23.66,13.23,Nagyközség
BORSOD-ABAÚJ-ZEMPLÉN,Szendrőlád,644,609,579,295,89.91,48.44,-41.47,-284,-46.12,-49.05,-5.43,Nagyközség
FEJÉR,Aba,2300,2665,1552,1270,67.48,47.65,-19.83,-282,-29.39,-18.17,15.87,Város
PEST,Ecser,2426,2740,1160,878,47.82,32.04,-15.78,-282,-33,-24.31,12.94,Nagyközség
GYŐR-MOSON-SOPRON,Fertőszentmiklós,2375,2670,1514,1232,63.75,46.14,-17.61,-282,-27.62,-18.63,12.42,Város
ZALA,Letenye,2083,2260,1227,945,58.91,41.81,-17.1,-282,-29.03,-22.98,8.5,Város
JÁSZ-NAGYKUN-SZOLNOK,Jászfényszaru,2868,3400,1878,1600,65.48,47.06,-18.42,-278,-28.13,-14.8,18.55,Város
VESZPRÉM,Pétfürdő,2438,2755,1166,888,47.83,32.23,-15.6,-278,-32.62,-23.84,13,Nagyközség
BÉKÉS,Mezőkovácsháza,2840,3126,1465,1187,51.58,37.97,-13.61,-278,-26.39,-18.98,10.07,Város
BÉKÉS,Nagyszénás,2458,2681,1290,1012,52.48,37.75,-14.73,-278,-28.07,-21.55,9.07,Nagyközség
SZABOLCS-SZATMÁR-BEREG,Nyírpazony,2063,2505,1082,805,52.45,32.14,-20.31,-277,-38.72,-25.6,21.43,Nagyközség
FEJÉR,Bakonycsernye,1756,1912,1085,810,61.79,42.36,-19.43,-275,-31.45,-25.35,8.88,Nagyközség
PEST,Mende,2275,2776,1209,935,53.14,33.68,-19.46,-274,-36.62,-22.66,22.02,Nagyközség
CSONGRÁD-CSANÁD,Bordány,1738,1986,992,718,57.08,36.15,-20.93,-274,-36.67,-27.62,14.27,Nagyközség
SZABOLCS-SZATMÁR-BEREG,Tiszaeszlár,1133,1199,865,591,76.35,49.29,-27.06,-274,-35.44,-31.68,5.83,Nagyközség
BÉKÉS,Körösladány,2042,2380,1346,1073,65.92,45.08,-20.84,-273,-31.61,-20.28,16.55,Város
PEST,Tápiószele,2708,3106,1642,1369,60.64,44.08,-16.56,-273,-27.31,-16.63,14.7,Város
JÁSZ-NAGYKUN-SZOLNOK,Kenderes,2014,2157,1453,1180,72.14,54.71,-17.43,-273,-24.16,-18.79,7.1,Város
CSONGRÁD-CSANÁD,Deszk,2198,2578,960,688,43.68,26.69,-16.99,-272,-38.9,-28.33,17.29,Nagyközség
BORSOD-ABAÚJ-ZEMPLÉN,Szendrő,1657,1691,1161,889,70.07,52.57,-17.5,-272,-24.98,-23.43,2.05,Város
PEST,Telki,2577,2865,1110,839,43.07,29.28,-13.79,-271,-32.02,-24.41,11.18,Nagyközség
SZABOLCS-SZATMÁR-BEREG,Dombrád,1624,1794,1086,815,66.87,45.43,-21.44,-271,-32.06,-24.95,10.47,Város
SZABOLCS-SZATMÁR-BEREG,Bököny,1366,1470,1167,897,85.43,61.02,-24.41,-270,-28.57,-23.14,7.61,Nagyközség
BÉKÉS,Csorvás,2304,2697,1225,956,53.17,35.45,-17.72,-269,-33.33,-21.96,17.06,Város
FEJÉR,Szabadbattyán,2599,3010,1556,1287,59.87,42.76,-17.11,-269,-28.58,-17.29,15.81,Nagyközség
HEVES,Boldog,1612,1868,1076,809,66.75,43.31,-23.44,-267,-35.12,-24.81,15.88,Nagyközség
PEST,Felsőpakony,2065,2406,1151,885,55.74,36.78,-18.96,-266,-34.02,-23.11,16.51,Nagyközség
BÉKÉS,Békésszentandrás,2021,2218,1043,778,51.61,35.08,-16.53,-265,-32.03,-25.41,9.75,Nagyközség
TOLNA,Decs,1971,2156,1376,1111,69.81,51.53,-18.28,-265,-26.19,-19.26,9.39,Nagyközség
BORSOD-ABAÚJ-ZEMPLÉN,Emőd,2316,2777,1303,1041,56.26,37.49,-18.77,-262,-33.36,-20.11,19.91,Város
PEST,Ceglédbercel,2330,2757,1291,1030,55.41,37.36,-18.05,-261,-32.58,-20.22,18.33,Nagyközség
JÁSZ-NAGYKUN-SZOLNOK,Szajol,2130,2410,1035,774,48.59,32.12,-16.47,-261,-33.9,-25.22,13.15,Nagyközség
GYŐR-MOSON-SOPRON,Fertőd,1946,2165,1229,968,63.16,44.71,-18.45,-261,-29.21,-21.24,11.25,Város
CSONGRÁD-CSANÁD,Csanádpalota,1425,1462,848,587,59.51,40.15,-19.36,-261,-32.53,-30.78,2.6,Város
BARANYA,Harkány,2635,3243,1499,1239,56.89,38.21,-18.68,-260,-32.84,-17.34,23.07,Város
FEJÉR,Rácalmás,2809,3219,1214,954,43.22,29.64,-13.58,-260,-31.42,-21.42,14.6,Város
BÁCS-KISKUN,Helvécia,2534,3187,1480,1221,58.41,38.31,-20.1,-259,-34.41,-17.5,25.77,Nagyközség
PEST,Sződ,1813,2085,1152,893,63.54,42.83,-20.71,-259,-32.59,-22.48,15,Nagyközség
SZABOLCS-SZATMÁR-BEREG,Fényeslitke,1314,1369,855,596,65.07,43.54,-21.53,-259,-33.09,-30.29,4.19,Nagyközség
GYŐR-MOSON-SOPRON,Kóny,1579,1794,1006,748,63.71,41.69,-22.02,-258,-34.56,-25.65,13.62,Nagyközség
BORSOD-ABAÚJ-ZEMPLÉN,Abaújszántó,1381,1497,822,567,59.52,37.88,-21.64,-255,-36.36,-31.02,8.4,Város
PEST,Szentmártonkáta,2404,2859,1375,1122,57.2,39.24,-17.96,-253,-31.4,-18.4,18.93,Nagyközség
HEVES,Ostoros,1664,1952,787,534,47.3,27.36,-19.94,-253,-42.16,-32.15,17.31,Nagyközség
HEVES,Nagyréde,1890,2121,1030,777,54.5,36.63,-17.87,-253,-32.79,-24.56,12.22,Nagyközség
SZABOLCS-SZATMÁR-BEREG,Demecser,1995,2231,1340,1087,67.17,48.72,-18.45,-253,-27.47,-18.88,11.83,Város
TOLNA,Fadd,2036,2270,1375,1123,67.53,49.47,-18.06,-252,-26.74,-18.33,11.49,Nagyközség
GYŐR-MOSON-SOPRON,Győrzámoly,2057,2530,1100,849,53.48,33.56,-19.92,-251,-37.25,-22.82,22.99,Nagyközség
SZABOLCS-SZATMÁR-BEREG,Kállósemjén,1721,2012,1166,915,67.75,45.48,-22.27,-251,-32.87,-21.53,16.91,Nagyközség
TOLNA,Simontornya,1949,2131,1117,866,57.31,40.64,-16.67,-251,-29.09,-22.47,9.34,Város
HEVES,Gyöngyössolymos,1781,1921,891,640,50.03,33.32,-16.71,-251,-33.4,-28.17,7.86,Nagyközség
GYŐR-MOSON-SOPRON,Győrszemere,1874,2222,1175,925,62.7,41.63,-21.07,-250,-33.6,-21.28,18.57,Nagyközség
PEST,Pilisborosjenő,2452,2820,1034,784,42.17,27.8,-14.37,-250,-34.08,-24.18,15.01,Nagyközség
SZABOLCS-SZATMÁR-BEREG,Csenger,2431,2704,1532,1282,63.02,47.41,-15.61,-250,-24.77,-16.32,11.23,Város
SZABOLCS-SZATMÁR-BEREG,Napkor,1894,2212,1196,947,63.15,42.81,-20.34,-249,-32.21,-20.82,16.79,Nagyközség
VESZPRÉM,Balatonfűzfő,2618,2898,1270,1022,48.51,35.27,-13.24,-248,-27.29,-19.53,10.7,Város
BÁCS-KISKUN,Vaskút,1725,1904,1026,778,59.48,40.86,-18.62,-248,-31.3,-24.17,10.38,Nagyközség
BÁCS-KISKUN,Bugac,1420,1583,963,716,67.82,45.23,-22.59,-247,-33.31,-25.65,11.48,Nagyközség
PEST,Leányfalu,2402,2649,1162,915,48.38,34.54,-13.84,-247,-28.61,-21.26,10.28,Nagyközség
BORSOD-ABAÚJ-ZEMPLÉN,Mezőkeresztes,1786,1925,896,650,50.17,33.77,-16.4,-246,-32.69,-27.46,7.78,Város
SZABOLCS-SZATMÁR-BEREG,Tiszadada,1045,1113,792,546,75.79,49.06,-26.73,-246,-35.27,-31.06,6.51,Nagyközség
BÉKÉS,Elek,2044,2444,1342,1097,65.66,44.89,-20.77,-245,-31.63,-18.26,19.57,Város
KOMÁROM-ESZTERGOM,Környe,2587,2983,1263,1018,48.82,34.13,-14.69,-245,-30.09,-19.4,15.31,Nagyközség
CSONGRÁD-CSANÁD,Kiszombor,2009,2288,1070,825,53.26,36.06,-17.2,-245,-32.29,-22.9,13.89,Nagyközség
JÁSZ-NAGYKUN-SZOLNOK,Jászalsószentgyörgy,1790,2015,1201,956,67.09,47.44,-19.65,-245,-29.29,-20.4,12.57,Nagyközség
FEJÉR,Nagyvenyim,2453,2757,1113,868,45.37,31.48,-13.89,-245,-30.61,-22.01,12.39,Nagyközség
VAS,Vép,1856,2057,1196,953,64.44,46.33,-18.11,-243,-28.1,-20.32,10.83,Város
VAS,Gencsapáti,1709,1868,964,721,56.41,38.6,-17.81,-243,-31.57,-25.21,9.3,Nagyközség
HAJDÚ-BIHAR,Egyek,2178,2520,1565,1323,71.85,52.5,-19.35,-242,-26.93,-15.46,15.7,Nagyközség
SZABOLCS-SZATMÁR-BEREG,Nyírmada,1842,2068,1294,1052,70.25,50.87,-19.38,-242,-27.59,-18.7,12.27,Város
GYŐR-MOSON-SOPRON,Öttevény,1763,1967,1033,791,58.59,40.21,-18.38,-242,-31.37,-23.43,11.57,Nagyközség
JÁSZ-NAGYKUN-SZOLNOK,Jászszentandrás,1421,1561,870,628,61.22,40.23,-20.99,-242,-34.29,-27.82,9.85,Nagyközség
BÉKÉS,Újkígyós,2595,2994,1443,1203,55.61,40.18,-15.43,-240,-27.75,-16.63,15.38,Város
BORSOD-ABAÚJ-ZEMPLÉN,Tiszalúc,2034,2357,1261,1022,62,43.36,-18.64,-239,-30.06,-18.95,15.88,Nagyközség
GYŐR-MOSON-SOPRON,Vámosszabadi,1553,1989,832,594,53.57,29.86,-23.71,-238,-44.26,-28.61,28.07,Nagyközség
SZABOLCS-SZATMÁR-BEREG,Levelek,1337,1554,875,637,65.45,40.99,-24.46,-238,-37.37,-27.2,16.23,Nagyközség
BORSOD-ABAÚJ-ZEMPLÉN,Hernádnémeti,1696,1882,1001,763,59.02,40.54,-18.48,-238,-31.31,-23.78,10.97,Nagyközség
JÁSZ-NAGYKUN-SZOLNOK,Jászfelsőszentgyörgy,915,946,651,413,71.15,43.66,-27.49,-238,-38.64,-36.56,3.39,Nagyközség
BORSOD-ABAÚJ-ZEMPLÉN,Bekecs,1358,1505,737,501,54.27,33.29,-20.98,-236,-38.66,-32.02,10.82,Nagyközség
HAJDÚ-BIHAR,Sárrétudvari,1419,1560,1038,802,73.15,51.41,-21.74,-236,-29.72,-22.74,9.94,Nagyközség
BÁCS-KISKUN,Tompa,1993,2186,1220,985,61.21,45.06,-16.15,-235,-26.38,-19.26,9.68,Város
CSONGRÁD-CSANÁD,Röszke,1862,2149,1105,871,59.34,40.53,-18.81,-234,-31.7,-21.18,15.41,Nagyközség
BÉKÉS,Mezőhegyes,2406,2593,1075,843,44.68,32.51,-12.17,-232,-27.24,-21.58,7.77,Város
HAJDÚ-BIHAR,Bagamér,1047,1171,770,540,73.54,46.11,-27.43,-230,-37.3,-29.87,11.84,Nagyközség
PEST,Herceghalom,1555,1731,709,479,45.59,27.67,-17.92,-230,-39.31,-32.44,11.32,Nagyközség
FEJÉR,Ráckeresztúr,1827,2263,1105,877,60.48,38.75,-21.73,-228,-35.93,-20.63,23.86,Nagyközség
CSONGRÁD-CSANÁD,Üllés,1675,1894,955,727,57.01,38.38,-18.63,-228,-32.68,-23.87,13.07,Nagyközség
BARANYA,Pécsvárad,2215,2444,1208,982,54.54,40.18,-14.36,-226,-26.33,-18.71,10.34,Város
HEVES,Gyöngyöspata,1297,1371,912,686,70.32,50.04,-20.28,-226,-28.84,-24.78,5.71,Város
GYŐR-MOSON-SOPRON,Halászi,1828,2166,1125,900,61.54,41.55,-19.99,-225,-32.48,-20,18.49,Nagyközség
NÓGRÁD,Érsekvadkert,1829,2081,1191,966,65.12,46.42,-18.7,-225,-28.72,-18.89,13.78,Nagyközség
GYŐR-MOSON-SOPRON,Abda,1868,2147,1036,812,55.46,37.82,-17.64,-224,-31.81,-21.62,14.94,Nagyközség
CSONGRÁD-CSANÁD,Zsombó,2030,2309,978,754,48.18,32.65,-15.53,-224,-32.23,-22.9,13.74,Nagyközség
VESZPRÉM,Nemesvámos,1762,2002,950,727,53.92,36.31,-17.61,-223,-32.66,-23.47,13.62,Nagyközség
PEST,Törtel,1952,2289,1327,1105,67.98,48.27,-19.71,-222,-28.99,-16.73,17.26,Nagyközség
BÁCS-KISKUN,Jászszentlászló,1340,1513,858,636,64.03,42.04,-21.99,-222,-34.34,-25.87,12.91,Nagyközség
JÁSZ-NAGYKUN-SZOLNOK,Zagyvarékas,1640,1850,1062,840,64.76,45.41,-19.35,-222,-29.88,-20.9,12.8,Nagyközség
GYŐR-MOSON-SOPRON,Győrújfalu,1399,1590,811,590,57.97,37.11,-20.86,-221,-35.98,-27.25,13.65,Nagyközség
ZALA,Zalalövő,1604,1750,1123,902,70.01,51.54,-18.47,-221,-26.38,-19.68,9.1,Város
PEST,Jászkarajenő,1258,1348,875,655,69.55,48.59,-20.96,-220,-30.14,-25.14,7.15,Nagyközség
HEVES,Hort,2028,2393,1172,953,57.79,39.82,-17.97,-219,-31.1,-18.69,18,Nagyközség
HEVES,Erdőtelek,1400,1577,992,773,70.86,49.02,-21.84,-219,-30.82,-22.08,12.64,Nagyközség
CSONGRÁD-CSANÁD,Ruzsa,1318,1405,851,632,64.57,44.98,-19.59,-219,-30.34,-25.73,6.6,Nagyközség
BORSOD-ABAÚJ-ZEMPLÉN,Forró,1216,1277,900,681,74.01,53.33,-20.68,-219,-27.94,-24.33,5.02,Nagyközség
CSONGRÁD-CSANÁD,Nagymágocs,1356,1555,776,558,57.23,35.88,-21.35,-218,-37.31,-28.09,14.68,Nagyközség
PEST,Galgahévíz,1473,1593,926,708,62.86,44.44,-18.42,-218,-29.3,-23.54,8.15,Nagyközség
GYŐR-MOSON-SOPRON,Pér,1400,1645,823,606,58.79,36.84,-21.95,-217,-37.34,-26.37,17.5,Nagyközség
BÁCS-KISKUN,Szalkszentmárton,1499,1725,1030,813,68.71,47.13,-21.58,-217,-31.41,-21.07,15.08,Nagyközség
CSONGRÁD-CSANÁD,Csengele,1039,1104,715,498,68.82,45.11,-23.71,-217,-34.45,-30.35,6.26,Nagyközség
TOLNA,Báta,831,822,648,431,77.98,52.43,-25.55,-217,-32.76,-33.49,-1.08,Nagyközség
SZABOLCS-SZATMÁR-BEREG,Aranyosapáti,966,931,813,598,84.16,64.23,-19.93,-215,-23.68,-26.45,-3.62,Nagyközség
CSONGRÁD-CSANÁD,Apátfalva,1415,1622,866,652,61.2,40.2,-21,-214,-34.31,-24.71,14.63,Nagyközség
PEST,Dunabogdány,1926,2124,1149,935,59.66,44.02,-15.64,-214,-26.22,-18.62,10.28,Nagyközség
CSONGRÁD-CSANÁD,Zákányszék,1521,1661,1012,798,66.54,48.04,-18.5,-214,-27.8,-21.15,9.2,Nagyközség
ZALA,Gyenesdiás,2222,2554,1254,1041,56.44,40.76,-15.68,-213,-27.78,-16.99,14.94,Nagyközség
HEVES,Tiszanána,1064,1135,811,598,76.22,52.69,-23.53,-213,-30.87,-26.26,6.67,Nagyközség
SZABOLCS-SZATMÁR-BEREG,Nyírlugos,1331,1539,940,728,70.62,47.3,-23.32,-212,-33.02,-22.55,15.63,Város
BORSOD-ABAÚJ-ZEMPLÉN,Gesztely,1341,1412,883,671,65.85,47.52,-18.33,-212,-27.84,-24.01,5.29,Nagyközség
GYŐR-MOSON-SOPRON,Écs,1247,1470,750,539,60.14,36.67,-23.47,-211,-39.03,-28.13,17.88,Nagyközség
PEST,Táborfalva,1653,1936,962,751,58.2,38.79,-19.41,-211,-33.35,-21.93,17.12,Nagyközség
GYŐR-MOSON-SOPRON,Gönyű,1777,2039,1082,871,60.89,42.72,-18.17,-211,-29.84,-19.5,14.74,Nagyközség
VESZPRÉM,Herend,2045,2399,1031,821,50.42,34.22,-16.2,-210,-32.13,-20.37,17.31,Város
FEJÉR,Perkáta,1851,2159,1066,856,57.59,39.65,-17.94,-210,-31.15,-19.7,16.64,Nagyközség
BARANYA,Alsószentmárton,521,535,485,275,93.09,51.4,-41.69,-210,-44.78,-43.3,2.69,Nagyközség
BÁCS-KISKUN,Szank,1281,1301,852,642,66.51,49.35,-17.16,-210,-25.8,-24.65,1.56,Nagyközség
PEST,Hernád,2043,2513,1150,941,56.29,37.45,-18.84,-209,-33.47,-18.17,23.01,Nagyközség
SZABOLCS-SZATMÁR-BEREG,Pátroha,1430,1528,1073,864,75.03,56.54,-18.49,-209,-24.64,-19.48,6.85,Nagyközség
JÁSZ-NAGYKUN-SZOLNOK,Jászjákóhalma,1477,1640,968,760,65.54,46.34,-19.2,-208,-29.3,-21.49,11.04,Nagyközség
VESZPRÉM,Berhida,2595,3163,1526,1320,58.81,41.73,-17.08,-206,-29.04,-13.5,21.89,Város
BORSOD-ABAÚJ-ZEMPLÉN,Taktaharkány,1646,1809,1089,883,66.16,48.81,-17.35,-206,-26.22,-18.92,9.9,Nagyközség
KOMÁROM-ESZTERGOM,Bábolna,1896,2150,919,714,48.47,33.21,-15.26,-205,-31.48,-22.31,13.4,Város
BÁCS-KISKUN,Dunapataj,1645,1851,929,724,56.47,39.11,-17.36,-205,-30.74,-22.07,12.52,Nagyközség
SZABOLCS-SZATMÁR-BEREG,Nyírmeggyes,1381,1567,826,622,59.81,39.69,-20.12,-204,-33.64,-24.7,13.47,Nagyközség
GYŐR-MOSON-SOPRON,Farád,1205,1308,903,699,74.94,53.44,-21.5,-204,-28.69,-22.59,8.55,Nagyközség
SZABOLCS-SZATMÁR-BEREG,Kisléta,825,844,579,375,70.18,44.43,-25.75,-204,-36.69,-35.23,2.3,Nagyközség
FEJÉR,Adony,2126,2583,1118,915,52.59,35.42,-17.17,-203,-32.65,-18.16,21.5,Város
BORSOD-ABAÚJ-ZEMPLÉN,Megyaszó,1115,1199,809,606,72.56,50.54,-22.02,-203,-30.35,-25.09,7.53,Nagyközség
PEST,Domony,1226,1375,791,589,64.52,42.84,-21.68,-202,-33.6,-25.54,12.15,Nagyközség
PEST,Csemő,1877,2302,1197,996,63.77,43.27,-20.5,-201,-32.15,-16.79,22.64,Nagyközség
KOMÁROM-ESZTERGOM,Baj,1629,1898,743,542,45.61,28.56,-17.05,-201,-37.38,-27.05,16.51,Nagyközség
PEST,Úri,1414,1614,861,660,60.89,40.89,-20,-201,-32.85,-23.34,14.14,Nagyközség
BÉKÉS,Csanádapáca,1179,1331,657,456,55.73,34.26,-21.47,-201,-38.53,-30.59,12.89,Nagyközség
PEST,Gomba,1614,1941,954,754,59.11,38.85,-20.26,-200,-34.28,-20.96,20.26,Nagyközség
BORSOD-ABAÚJ-ZEMPLÉN,Bőcs,1313,1410,783,583,59.63,41.35,-18.28,-200,-30.66,-25.54,7.39,Nagyközség
HAJDÚ-BIHAR,Nyírmártonfalva,1042,1171,735,536,70.54,45.77,-24.77,-199,-35.11,-27.07,12.38,Nagyközség
PEST,Kismaros,1579,1762,761,562,48.2,31.9,-16.3,-199,-33.82,-26.15,11.59,Nagyközség
GYŐR-MOSON-SOPRON,Beled,1502,1626,1009,810,67.18,49.82,-17.36,-199,-25.84,-19.72,8.26,Város
FEJÉR,Vál,1472,1715,973,775,66.1,45.19,-20.91,-198,-31.63,-20.35,16.51,Nagyközség
KOMÁROM-ESZTERGOM,Piliscsév,1433,1626,775,577,54.08,35.49,-18.59,-198,-34.37,-25.55,13.47,Nagyközség
GYŐR-MOSON-SOPRON,Hegyeshalom,1812,2035,1034,836,57.06,41.08,-15.98,-198,-28.01,-19.15,12.31,Nagyközség
HEVES,Bélapátfalva,1391,1510,820,622,58.95,41.19,-17.76,-198,-30.13,-24.15,8.55,Város
CSONGRÁD-CSANÁD,Székkutas,1284,1322,675,477,52.57,36.08,-16.49,-198,-31.37,-29.33,2.96,Nagyközség
GYŐR-MOSON-SOPRON,Koroncó,1319,1605,855,659,64.82,41.06,-23.76,-196,-36.66,-22.92,21.68,Nagyközség
HEVES,Karácsond,1440,1718,885,689,61.46,40.1,-21.36,-196,-34.75,-22.15,19.31,Nagyközség
HEVES,Gyöngyöshalász,1523,1804,800,604,52.53,33.48,-19.05,-196,-36.26,-24.5,18.45,Nagyközség
BÁCS-KISKUN,Jakabszállás,1450,1703,959,763,66.14,44.8,-21.34,-196,-32.26,-20.44,17.45,Nagyközség
BARANYA,Hosszúhetény,1888,2120,869,673,46.03,31.75,-14.28,-196,-31.02,-22.55,12.29,Nagyközség
VESZPRÉM,Szentgál,1410,1639,865,670,61.35,40.88,-20.47,-195,-33.37,-22.54,16.24,Nagyközség
PEST,Csobánka,1917,2197,987,792,51.49,36.05,-15.44,-195,-29.99,-19.76,14.61,Nagyközség
KOMÁROM-ESZTERGOM,Nagyigmánd,1626,1770,1076,881,66.17,49.77,-16.4,-195,-24.78,-18.12,8.86,Nagyközség
JÁSZ-NAGYKUN-SZOLNOK,Jánoshida,1267,1408,794,600,62.67,42.61,-20.06,-194,-32.01,-24.43,11.13,Nagyközség
SZABOLCS-SZATMÁR-BEREG,Vaja,1793,1948,1354,1160,75.52,59.55,-15.97,-194,-21.15,-14.33,8.64,Város
BARANYA,Villány,1256,1329,756,562,60.19,42.29,-17.9,-194,-29.74,-25.66,5.81,Város
FEJÉR,Sárszentmihály,1716,2001,940,747,54.78,37.33,-17.45,-193,-31.85,-20.53,16.61,Nagyközség
HAJDÚ-BIHAR,Tiszacsege,1985,2212,1369,1176,68.97,53.16,-15.81,-193,-22.92,-14.1,11.44,Város
PEST,Tápióbicske,1683,1982,1062,870,63.1,43.9,-19.2,-192,-30.43,-18.08,17.77,Nagyközség
HEVES,Felsőtárkány,2005,2254,1006,815,50.17,36.16,-14.01,-191,-27.93,-18.99,12.42,Nagyközség
BORSOD-ABAÚJ-ZEMPLÉN,Szentistván,1277,1413,727,536,56.93,37.93,-19,-191,-33.37,-26.27,10.65,Nagyközség
PEST,Monorierdő,2598,3227,1405,1215,54.08,37.65,-16.43,-190,-30.38,-13.52,24.21,Nagyközség
VESZPRÉM,Devecser,1969,2318,1187,997,60.28,43.01,-17.27,-190,-28.65,-16.01,17.72,Város
GYŐR-MOSON-SOPRON,Lébény,1780,2032,1097,907,61.63,44.64,-16.99,-190,-27.57,-17.32,14.16,Város
BÁCS-KISKUN,Kunszállás,992,1115,614,424,61.9,38.03,-23.87,-190,-38.56,-30.94,12.4,Nagyközség
JÁSZ-NAGYKUN-SZOLNOK,Jászboldogháza,1045,1128,667,477,63.83,42.29,-21.54,-190,-33.75,-28.49,7.94,Nagyközség
BORSOD-ABAÚJ-ZEMPLÉN,Arnót,1375,1452,789,599,57.38,41.25,-16.13,-190,-28.11,-24.08,5.6,Nagyközség
FEJÉR,Sárosd,1512,1805,1019,830,67.39,45.98,-21.41,-189,-31.77,-18.55,19.38,Nagyközség
GYŐR-MOSON-SOPRON,Töltéstava,1219,1446,715,526,58.65,36.38,-22.27,-189,-37.97,-26.43,18.62,Nagyközség
HAJDÚ-BIHAR,Nyírábrány,1685,1949,1191,1002,70.68,51.41,-19.27,-189,-27.26,-15.87,15.67,Nagyközség
HEVES,Ecséd,1664,1953,1002,814,60.22,41.68,-18.54,-188,-30.79,-18.76,17.37,Nagyközség
TOLNA,Bölcske,1438,1596,979,791,68.08,49.56,-18.52,-188,-27.2,-19.2,10.99,Nagyközség
VAS,Csepreg,1761,1985,1176,989,66.78,49.82,-16.96,-187,-25.4,-15.9,12.72,Város
HEVES,Gyöngyöstarján,1418,1538,749,562,52.82,36.54,-16.28,-187,-30.82,-24.97,8.46,Nagyközség
SZABOLCS-SZATMÁR-BEREG,Záhony,2205,2330,924,737,41.9,31.63,-10.27,-187,-24.51,-20.24,5.67,Város
PEST,Tápiószőlős,1406,1649,906,720,64.44,43.66,-20.78,-186,-32.25,-20.53,17.28,Nagyközség
BÉKÉS,Gádoros,1697,1910,970,784,57.16,41.05,-16.11,-186,-28.18,-19.18,12.55,Nagyközség
BARANYA,Sásd,1533,1715,869,683,56.69,39.83,-16.86,-186,-29.74,-21.4,11.87,Város
SZABOLCS-SZATMÁR-BEREG,Tuzsér,1525,1589,1132,946,74.23,59.53,-14.7,-186,-19.8,-16.43,4.2,Nagyközség
FEJÉR,Baracs,1912,2192,904,719,47.28,32.8,-14.48,-185,-30.63,-20.46,14.64,Nagyközség
BÁCS-KISKUN,Tázlár,907,975,685,500,75.52,51.28,-24.24,-185,-32.1,-27.01,7.5,Nagyközség
NÓGRÁD,Diósjenő,1474,1657,967,783,65.6,47.25,-18.35,-184,-27.97,-19.03,12.42,Nagyközség
JÁSZ-NAGYKUN-SZOLNOK,Abádszalók,1816,2121,1146,963,63.11,45.4,-17.71,-183,-28.06,-15.97,16.8,Város
BÉKÉS,Medgyesegyháza,1746,1885,861,679,49.31,36.02,-13.29,-182,-26.95,-21.14,7.96,Város
TOLNA,Dunaszentgyörgy,1378,1543,927,746,67.27,48.35,-18.92,-181,-28.13,-19.53,11.97,Nagyközség
BÁCS-KISKUN,Szentkirály,1120,1251,810,629,72.32,50.28,-22.04,-181,-30.48,-22.35,11.7,Nagyközség
BÉKÉS,Szabadkígyós,1370,1494,750,569,54.74,38.09,-16.65,-181,-30.42,-24.13,9.05,Nagyközség
BÁCS-KISKUN,Foktő,815,859,469,288,57.55,33.53,-24.02,-181,-41.74,-38.59,5.4,Nagyközség
JÁSZ-NAGYKUN-SZOLNOK,Besenyszög,1731,2047,961,781,55.52,38.15,-17.37,-180,-31.29,-18.73,18.26,Város
PEST,Újhartyán,1691,1952,915,735,54.11,37.65,-16.46,-180,-30.42,-19.67,15.43,Város
BORSOD-ABAÚJ-ZEMPLÉN,Ónod,964,1093,583,403,60.48,36.87,-23.61,-180,-39.04,-30.87,13.38,Nagyközség
BÁCS-KISKUN,Városföld,1243,1330,798,618,64.2,46.47,-17.73,-180,-27.62,-22.56,7,Nagyközség
PEST,Tóalmás,1786,2210,1132,954,63.38,43.17,-20.21,-178,-31.89,-15.72,23.74,Nagyközség
SZABOLCS-SZATMÁR-BEREG,Gávavencsellő,1563,1779,1072,894,68.59,50.25,-18.34,-178,-26.74,-16.6,13.82,Nagyközség
BÁCS-KISKUN,Érsekcsanád,1404,1589,873,695,62.18,43.74,-18.44,-178,-29.66,-20.39,13.18,Nagyközség
PEST,Újlengyel,1066,1183,726,548,68.11,46.32,-21.79,-178,-31.99,-24.52,10.98,Nagyközség
PEST,Tápiógyörgye,1517,1831,917,740,60.45,40.42,-20.03,-177,-33.13,-19.3,20.7,Nagyközség
PEST,Kakucs,1599,1920,964,787,60.29,40.99,-19.3,-177,-32.01,-18.36,20.08,Nagyközség
BÁCS-KISKUN,Csólyospálos,849,961,605,428,71.26,44.54,-26.72,-177,-37.5,-29.26,13.19,Nagyközség
PEST,Szob,1475,1620,873,696,59.19,42.96,-16.23,-177,-27.42,-20.27,9.83,Város
BÁCS-KISKUN,Nyárlőrinc,1271,1455,819,643,64.44,44.19,-20.25,-176,-31.42,-21.49,14.48,Nagyközség
CSONGRÁD-CSANÁD,Maroslele,1148,1296,718,542,62.54,41.82,-20.72,-176,-33.13,-24.51,12.89,Nagyközség
HAJDÚ-BIHAR,Sáránd,1088,1284,696,521,63.97,40.58,-23.39,-175,-36.56,-25.14,18.01,Nagyközség
FEJÉR,Lepsény,1549,1808,983,808,63.46,44.69,-18.77,-175,-29.58,-17.8,16.72,Nagyközség
BORSOD-ABAÚJ-ZEMPLÉN,Kisgyőr,808,887,527,352,65.22,39.68,-25.54,-175,-39.16,-33.21,9.78,Nagyközség
BÁCS-KISKUN,Orgovány,1606,1883,1099,925,68.43,49.12,-19.31,-174,-28.22,-15.83,17.25,Nagyközség
BORSOD-ABAÚJ-ZEMPLÉN,Mád,1174,1260,633,459,53.92,36.43,-17.49,-174,-32.44,-27.49,7.33,Nagyközség
BORSOD-ABAÚJ-ZEMPLÉN,Cigánd,1068,1190,715,542,66.95,45.55,-21.4,-173,-31.96,-24.2,11.42,Város
FEJÉR,Pázmánd,1380,1535,721,548,52.25,35.7,-16.55,-173,-31.67,-23.99,11.23,Nagyközség
TOLNA,Pincehely,1205,1306,902,729,74.85,55.82,-19.03,-173,-25.42,-19.18,8.38,Nagyközség
BORSOD-ABAÚJ-ZEMPLÉN,Kistokaj,1248,1528,592,420,47.44,27.49,-19.95,-172,-42.05,-29.05,22.44,Nagyközség
KOMÁROM-ESZTERGOM,Vértesszőlős,1857,2155,900,728,48.47,33.78,-14.69,-172,-30.31,-19.11,16.05,Nagyközség
FEJÉR,Zámoly,1284,1453,765,593,59.58,40.81,-18.77,-172,-31.5,-22.48,13.16,Nagyközség
BÉKÉS,Köröstarcsa,1213,1353,765,593,63.07,43.83,-19.24,-172,-30.51,-22.48,11.54,Nagyközség
BARANYA,Lánycsók,1339,1416,770,598,57.51,42.23,-15.28,-172,-26.57,-22.34,5.75,Nagyközség
SZABOLCS-SZATMÁR-BEREG,Tarpa,1114,1147,854,682,76.66,59.46,-17.2,-172,-22.44,-20.14,2.96,Nagyközség
FEJÉR,Mezőfalva,2213,2623,1134,963,51.24,36.71,-14.53,-171,-28.36,-15.08,18.53,Nagyközség
NÓGRÁD,Nagylóc,766,736,547,376,71.41,51.09,-20.32,-171,-28.46,-31.26,-3.92,Nagyközség
PEST,Vácszentlászló,1199,1411,754,584,62.89,41.39,-21.5,-170,-34.19,-22.55,17.68,Nagyközség
FEJÉR,Baracska,1540,1793,879,709,57.08,39.54,-17.54,-170,-30.73,-19.34,16.43,Nagyközség
HEVES,Mátraderecske,1009,988,551,381,54.61,38.56,-16.05,-170,-29.39,-30.85,-2.08,Nagyközség
PEST,Tápióság,1392,1682,813,644,58.41,38.29,-20.12,-169,-34.45,-20.79,20.83,Nagyközség
HEVES,Recsk,1357,1487,741,572,54.61,38.47,-16.14,-169,-29.56,-22.81,9.58,Nagyközség
BORSOD-ABAÚJ-ZEMPLÉN,Múcsony,1329,1514,694,526,52.22,34.74,-17.48,-168,-33.47,-24.21,13.92,Nagyközség
SOMOGY,Tab,2189,2466,1166,998,53.27,40.47,-12.8,-168,-24.03,-14.41,12.65,Város
SZABOLCS-SZATMÁR-BEREG,Döge,1052,1167,678,510,64.45,43.7,-20.75,-168,-32.2,-24.78,10.93,Nagyközség
GYŐR-MOSON-SOPRON,Enese,1030,1222,696,529,67.57,43.29,-24.28,-167,-35.93,-23.99,18.64,Nagyközség
HAJDÚ-BIHAR,Nagyhegyes,1605,1853,963,796,60,42.96,-17.04,-167,-28.4,-17.34,15.45,Nagyközség
KOMÁROM-ESZTERGOM,Mocsa,1223,1341,780,613,63.78,45.71,-18.07,-167,-28.33,-21.41,9.65,Nagyközség
FEJÉR,Cece,1330,1444,1020,853,76.69,59.07,-17.62,-167,-22.98,-16.37,8.57,Nagyközség
SOMOGY,Zamárdi,1493,1612,816,649,54.66,40.26,-14.4,-167,-26.34,-20.47,7.97,Város
CSONGRÁD-CSANÁD,Forráskút,1123,1290,707,541,62.96,41.94,-21.02,-166,-33.39,-23.48,14.87,Nagyközség
HAJDÚ-BIHAR,Biharnagybajom,1047,1193,715,549,68.29,46.02,-22.27,-166,-32.61,-23.22,13.94,Nagyközség
FEJÉR,Felcsút,1156,1236,816,650,70.59,52.59,-18,-166,-25.5,-20.34,6.92,Nagyközség
VAS,Ják,1400,1707,824,659,58.86,38.61,-20.25,-165,-34.4,-20.02,21.93,Nagyközség
VESZPRÉM,Litér,1263,1432,638,473,50.51,33.03,-17.48,-165,-34.61,-25.86,13.38,Nagyközség
SZABOLCS-SZATMÁR-BEREG,Nyírcsaholy,1027,1146,770,605,74.98,52.79,-22.19,-165,-29.59,-21.43,11.59,Nagyközség
SZABOLCS-SZATMÁR-BEREG,Tiszadob,1071,1231,695,531,64.89,43.14,-21.75,-164,-33.52,-23.6,14.94,Nagyközség
HAJDÚ-BIHAR,Báránd,1179,1343,766,602,64.97,44.83,-20.14,-164,-31,-21.41,13.91,Nagyközség
BÁCS-KISKUN,Bócsa,944,1074,599,435,63.45,40.5,-22.95,-164,-36.17,-27.38,13.77,Nagyközség
KOMÁROM-ESZTERGOM,Tarján,1552,1763,718,554,46.26,31.42,-14.84,-164,-32.08,-22.84,13.6,Nagyközség
BORSOD-ABAÚJ-ZEMPLÉN,Mezőzombor,1023,1141,719,555,70.28,48.64,-21.64,-164,-30.79,-22.81,11.53,Nagyközség
BÁCS-KISKUN,Harta,1905,2085,821,657,43.1,31.51,-11.59,-164,-26.89,-19.98,9.45,Nagyközség
NÓGRÁD,Buják,1071,1130,773,609,72.18,53.89,-18.29,-164,-25.34,-21.22,5.51,Nagyközség
VAS,Egyházasrádóc,862,898,622,458,72.16,51,-21.16,-164,-29.32,-26.37,4.18,Nagyközség
GYŐR-MOSON-SOPRON,Harka,1679,2079,894,731,53.25,35.16,-18.09,-163,-33.97,-18.23,23.82,Nagyközség
FEJÉR,Szabadegyháza,1082,1229,644,481,59.52,39.14,-20.38,-163,-34.24,-25.31,13.59,Nagyközség
KOMÁROM-ESZTERGOM,Kecskéd,1164,1322,641,478,55.07,36.16,-18.91,-163,-34.34,-25.43,13.57,Nagyközség
PEST,Kosd,1452,1638,932,769,64.19,46.95,-17.24,-163,-26.86,-17.49,12.81,Nagyközség
JÁSZ-NAGYKUN-SZOLNOK,Öcsöd,1333,1476,866,703,64.97,47.63,-17.34,-163,-26.69,-18.82,10.73,Nagyközség
CSONGRÁD-CSANÁD,Ásotthalom,1903,2205,902,740,47.4,33.56,-13.84,-162,-29.2,-17.96,15.87,Nagyközség
BORSOD-ABAÚJ-ZEMPLÉN,Aszaló,790,876,581,419,73.54,47.83,-25.71,-162,-34.96,-27.88,10.89,Nagyközség
HEVES,Adács,1357,1474,849,687,62.56,46.61,-15.95,-162,-25.5,-19.08,8.62,Nagyközség
HEVES,Mezőtárkány,703,718,513,351,72.97,48.89,-24.08,-162,-33,-31.58,2.13,Nagyközség
SOMOGY,Böhönye,1031,1199,678,517,65.76,43.12,-22.64,-161,-34.43,-23.75,16.29,Nagyközség
TOLNA,Őcsény,1205,1383,711,550,59,39.77,-19.23,-161,-32.59,-22.64,14.77,Nagyközség
BORSOD-ABAÚJ-ZEMPLÉN,Tiszakeszi,1163,1298,778,617,66.9,47.53,-19.37,-161,-28.95,-20.69,11.61,Nagyközség
SOMOGY,Lengyeltóti,1466,1628,903,742,61.6,45.58,-16.02,-161,-26.01,-17.83,11.05,Város
BÁCS-KISKUN,Dunavecse,1820,2151,1106,946,60.77,43.98,-16.79,-160,-27.63,-14.47,18.19,Város
GYŐR-MOSON-SOPRON,Hegykő,954,1119,662,502,69.39,44.86,-24.53,-160,-35.35,-24.17,17.3,Nagyközség
BORSOD-ABAÚJ-ZEMPLÉN,Sajóvámos,1117,1308,657,497,58.82,38,-20.82,-160,-35.4,-24.35,17.1,Nagyközség
BÁCS-KISKUN,Madaras,1216,1393,741,581,60.94,41.71,-19.23,-160,-31.56,-21.59,14.56,Nagyközség
GYŐR-MOSON-SOPRON,Ikrény,1099,1230,565,405,51.41,32.93,-18.48,-160,-35.95,-28.32,11.92,Nagyközség
SOMOGY,Kaposmérő,1373,1532,785,625,57.17,40.8,-16.37,-160,-28.63,-20.38,11.58,Nagyközség
GYŐR-MOSON-SOPRON,Szany,1259,1343,875,715,69.5,53.24,-16.26,-160,-23.4,-18.29,6.67,Nagyközség
SZABOLCS-SZATMÁR-BEREG,Kótaj,2092,2583,1337,1178,63.91,45.61,-18.3,-159,-28.63,-11.89,23.47,Nagyközség
PEST,Kocsér,947,1088,701,542,74.02,49.82,-24.2,-159,-32.69,-22.68,14.89,Nagyközség
CSONGRÁD-CSANÁD,Fábiánsebestyén,1079,1227,593,434,54.96,35.37,-19.59,-159,-35.64,-26.81,13.72,Nagyközség
KOMÁROM-ESZTERGOM,Kocs,1492,1684,966,808,64.75,47.98,-16.77,-158,-25.9,-16.36,12.87,Nagyközség
TOLNA,Zomba,1211,1278,774,616,63.91,48.2,-15.71,-158,-24.58,-20.41,5.53,Nagyközség
NÓGRÁD,Varsány,862,906,648,491,75.17,54.19,-20.98,-157,-27.91,-24.23,5.1,Nagyközség
SZABOLCS-SZATMÁR-BEREG,Pap,880,1055,572,416,65,39.43,-25.57,-156,-39.34,-27.27,19.89,Nagyközség
BÁCS-KISKUN,Kunfehértó,1226,1393,618,462,50.41,33.17,-17.24,-156,-34.2,-25.24,13.62,Nagyközség
BARANYA,Bóly,1953,2172,930,774,47.62,35.64,-11.98,-156,-25.16,-16.77,11.21,Város
PEST,Püspökhatvan,853,892,615,459,72.1,51.46,-20.64,-156,-28.63,-25.37,4.57,Nagyközség
VESZPRÉM,Csabrendek,1445,1644,845,690,58.48,41.97,-16.51,-155,-28.23,-18.34,13.77,Nagyközség
JÁSZ-NAGYKUN-SZOLNOK,Jászladány,2236,2454,1643,1488,73.48,60.64,-12.84,-155,-17.47,-9.43,9.75,Nagyközség
SZABOLCS-SZATMÁR-BEREG,Tiszakanyár,780,765,560,405,71.79,52.94,-18.85,-155,-26.26,-27.68,-1.92,Nagyközség
GYŐR-MOSON-SOPRON,Rábapatona,1538,1943,994,840,64.63,43.23,-21.4,-154,-33.11,-15.49,26.33,Nagyközség
BORSOD-ABAÚJ-ZEMPLÉN,Sajólád,1280,1499,772,618,60.31,41.23,-19.08,-154,-31.64,-19.95,17.11,Nagyközség
FEJÉR,Kőszárhegy,918,1059,498,344,54.25,32.48,-21.77,-154,-40.13,-30.92,15.36,Nagyközség
SZABOLCS-SZATMÁR-BEREG,Nyírtass,889,1009,648,494,72.89,48.96,-23.93,-154,-32.83,-23.77,13.5,Nagyközség
HEVES,Abasár,1438,1600,747,593,51.95,37.06,-14.89,-154,-28.66,-20.62,11.27,Nagyközség
SZABOLCS-SZATMÁR-BEREG,Porcsalma,1097,1193,819,665,74.66,55.74,-18.92,-154,-25.34,-18.8,8.75,Nagyközség
BÁCS-KISKUN,Kisszállás,1151,1306,736,583,63.94,44.64,-19.3,-153,-30.18,-20.79,13.47,Nagyközség
VESZPRÉM,Alsóörs,1181,1320,633,480,53.6,36.36,-17.24,-153,-32.16,-24.17,11.77,Nagyközség
SZABOLCS-SZATMÁR-BEREG,Mérk,1028,1074,834,681,81.13,63.41,-17.72,-153,-21.84,-18.35,4.47,Nagyközség
FEJÉR,Iszkaszentgyörgy,1248,1508,609,457,48.8,30.31,-18.49,-152,-37.89,-24.96,20.83,Nagyközség
FEJÉR,Pusztavám,1403,1589,724,572,51.6,36,-15.6,-152,-30.23,-20.99,13.26,Nagyközség
NÓGRÁD,Romhány,1130,1253,686,534,60.71,42.62,-18.09,-152,-29.8,-22.16,10.88,Nagyközség
NÓGRÁD,Nógrádmegyer,747,782,603,451,80.72,57.67,-23.05,-152,-28.56,-25.21,4.69,Nagyközség
SOMOGY,Balatonszabadi,1616,1864,917,766,56.75,41.09,-15.66,-151,-27.59,-16.47,15.35,Nagyközség
BÁCS-KISKUN,Bátya,1040,1157,619,468,59.52,40.45,-19.07,-151,-32.04,-24.39,11.25,Nagyközség
FEJÉR,Lajoskomárom,1136,1260,681,530,59.95,42.06,-17.89,-151,-29.84,-22.17,10.92,Nagyközség
BORSOD-ABAÚJ-ZEMPLÉN,Sajókaza,1182,1297,782,631,66.16,48.65,-17.51,-151,-26.47,-19.31,9.73,Nagyközség
FEJÉR,Iváncsa,1456,1703,822,672,56.46,39.46,-17,-150,-30.11,-18.25,16.96,Nagyközség
HAJDÚ-BIHAR,Hajdúbagos,950,1107,648,498,68.21,44.99,-23.22,-150,-34.04,-23.15,16.53,Nagyközség
BÁCS-KISKUN,Tass,1430,1622,1058,908,73.99,55.98,-18.01,-150,-24.34,-14.18,13.43,Nagyközség
HEVES,Poroszló,1321,1469,889,739,67.3,50.31,-16.99,-150,-25.25,-16.87,11.2,Nagyközség
BÁCS-KISKUN,Petőfiszállás,769,845,508,358,66.06,42.37,-23.69,-150,-35.86,-29.53,9.88,Nagyközség
PEST,Rád,1138,1326,729,580,64.06,43.74,-20.32,-149,-31.72,-20.44,16.52,Nagyközség
BORSOD-ABAÚJ-ZEMPLÉN,Bükkábrány,974,1072,601,452,61.7,42.16,-19.54,-149,-31.67,-24.79,10.06,Nagyközség
FEJÉR,Magyaralmás,1013,1089,612,463,60.41,42.52,-17.89,-149,-29.61,-24.35,7.5,Nagyközség
PEST,Nyáregyháza,1894,2382,1128,980,59.56,41.14,-18.42,-148,-30.93,-13.12,25.77,Nagyközség
PEST,Dánszentmiklós,1370,1604,860,712,62.77,44.39,-18.38,-148,-29.28,-17.21,17.08,Nagyközség
VAS,Bük,1817,2109,1114,966,61.31,45.8,-15.51,-148,-25.3,-13.29,16.07,Város
BÉKÉS,Kétegyháza,1715,1959,826,678,48.16,34.61,-13.55,-148,-28.14,-17.92,14.23,Nagyközség
SZABOLCS-SZATMÁR-BEREG,Nagydobos,891,994,679,531,76.21,53.42,-22.79,-148,-29.9,-21.8,11.56,Nagyközség
HEVES,Csány,1001,1112,712,564,71.13,50.72,-20.41,-148,-28.69,-20.79,11.09,Nagyközség
HEVES,Egerszalók,1122,1222,624,476,55.61,38.95,-16.66,-148,-29.96,-23.72,8.91,Nagyközség
BORSOD-ABAÚJ-ZEMPLÉN,Kurityán,731,792,413,265,56.5,33.46,-23.04,-148,-40.78,-35.84,8.34,Nagyközség
HEVES,Maklár,1381,1588,718,571,51.99,35.96,-16.03,-147,-30.83,-20.47,14.99,Nagyközség
ZALA,Nagykapornak,462,511,239,92,51.73,18,-33.73,-147,-65.2,-61.51,10.61,Kisközség
HAJDÚ-BIHAR,Fülöp,803,888,603,456,75.09,51.35,-23.74,-147,-31.62,-24.38,10.59,Nagyközség
BÉKÉS,Kunágota,1122,1211,744,597,66.31,49.3,-17.01,-147,-25.65,-19.76,7.93,Nagyközség
HEVES,Kál,1499,1819,913,767,60.91,42.17,-18.74,-146,-30.77,-15.99,21.35,Nagyközség
GYŐR-MOSON-SOPRON,Mosonszentmiklós,1365,1656,871,725,63.81,43.78,-20.03,-146,-31.39,-16.76,21.32,Nagyközség
PEST,Pilisszentkereszt,1310,1485,717,571,54.73,38.45,-16.28,-146,-29.75,-20.36,13.36,Nagyközség
SZABOLCS-SZATMÁR-BEREG,Máriapócs,1002,1075,678,532,67.66,49.49,-18.17,-146,-26.85,-21.53,7.29,Város
FEJÉR,Úrhida,1481,1846,725,580,48.95,31.42,-17.53,-145,-35.81,-20,24.65,Nagyközség
VESZPRÉM,Hajmáskér,1448,1733,811,666,56.01,38.43,-17.58,-145,-31.39,-17.88,19.68,Nagyközség
BÁCS-KISKUN,Fülöpszállás,1068,1230,734,589,68.73,47.89,-20.84,-145,-30.32,-19.75,15.17,Nagyközség
FEJÉR,Tác,982,1125,626,481,63.75,42.76,-20.99,-145,-32.93,-23.16,14.56,Nagyközség
BÁCS-KISKUN,Hajós,1532,1733,771,626,50.33,36.12,-14.21,-145,-28.23,-18.81,13.12,Város
BARANYA,Vajszló,875,987,576,431,65.83,43.67,-22.16,-145,-33.66,-25.17,12.8,Nagyközség
BÁCS-KISKUN,Bátmonostor,789,886,532,387,67.43,43.68,-23.75,-145,-35.22,-27.26,12.29,Nagyközség
VESZPRÉM,Felsőörs,1158,1361,593,449,51.21,32.99,-18.22,-144,-35.58,-24.28,17.53,Nagyközség
KOMÁROM-ESZTERGOM,Szárliget,1416,1625,626,482,44.21,29.66,-14.55,-144,-32.91,-23,14.76,Nagyközség
HEVES,Noszvaj,1089,1237,671,527,61.62,42.6,-19.02,-144,-30.87,-21.46,13.59,Nagyközség
BORSOD-ABAÚJ-ZEMPLÉN,Hernádkak,836,933,514,370,61.48,39.66,-21.82,-144,-35.49,-28.02,11.6,Nagyközség
VESZPRÉM,Balatonkenese,1553,1701,832,688,53.57,40.45,-13.12,-144,-24.49,-17.31,9.53,Város
NÓGRÁD,Drégelypalánk,697,702,489,345,70.16,49.15,-21.01,-144,-29.95,-29.45,0.72,Nagyközség
HAJDÚ-BIHAR,Újszentmargita,692,678,494,350,71.39,51.62,-19.77,-144,-27.69,-29.15,-2.02,Nagyközség
BORSOD-ABAÚJ-ZEMPLÉN,Sály,700,650,519,375,74.14,57.69,-16.45,-144,-22.19,-27.75,-7.14,Nagyközség
PEST,Vasad,1068,1263,691,548,64.7,43.39,-21.31,-143,-32.94,-20.69,18.26,Nagyközség
HAJDÚ-BIHAR,Görbeháza,1212,1424,750,607,61.88,42.63,-19.25,-143,-31.11,-19.07,17.49,Nagyközség
VAS,Jánosháza,1198,1307,716,573,59.77,43.84,-15.93,-143,-26.65,-19.97,9.1,Város
FEJÉR,Kisapostag,932,1007,472,329,50.64,32.67,-17.97,-143,-35.49,-30.3,8.05,Nagyközség
NÓGRÁD,Mátranovák,842,905,524,381,62.23,42.1,-20.13,-143,-32.35,-27.29,7.48,Nagyközség
BÉKÉS,Méhkerék,1187,1259,730,587,61.5,46.62,-14.88,-143,-24.2,-19.59,6.07,Nagyközség
FEJÉR,Sárkeresztes,989,1049,539,396,54.5,37.75,-16.75,-143,-30.73,-26.53,6.07,Nagyközség
PEST,Csévharaszt,1048,1270,663,521,63.26,41.02,-22.24,-142,-35.16,-21.42,21.18,Nagyközség
ZALA,Becsehely,1088,1240,607,465,55.79,37.5,-18.29,-142,-32.78,-23.39,13.97,Nagyközség
BÉKÉS,Zsadány,765,824,553,411,72.29,49.88,-22.41,-142,-31,-25.68,7.71,Nagyközség
TOLNA,Madocsa,1101,1184,769,627,69.85,52.96,-16.89,-142,-24.18,-18.47,7.54,Nagyközség
SOMOGY,Öreglak,699,724,495,353,70.82,48.76,-22.06,-142,-31.15,-28.69,3.58,Nagyközség
BORSOD-ABAÚJ-ZEMPLÉN,Alsóvadász,575,594,419,277,72.87,46.63,-26.24,-142,-36.01,-33.89,3.3,Nagyközség
BORSOD-ABAÚJ-ZEMPLÉN,Ormosbánya,663,638,422,280,63.65,43.89,-19.76,-142,-31.04,-33.65,-3.77,Nagyközség
BÉKÉS,Bucsa,1045,1191,776,635,74.26,53.32,-20.94,-141,-28.2,-18.17,13.97,Nagyközség
BORSOD-ABAÚJ-ZEMPLÉN,Legyesbénye,712,806,418,277,58.71,34.37,-24.34,-141,-41.46,-33.73,13.2,Nagyközség
BARANYA,Beremend,1239,1363,666,525,53.75,38.52,-15.23,-141,-28.33,-21.17,10.01,Nagyközség
TOLNA,Sióagárd,783,851,533,392,68.07,46.06,-22.01,-141,-32.33,-26.45,8.68,Nagyközség
SOMOGY,Taszár,1032,1096,450,309,43.6,28.19,-15.41,-141,-35.34,-31.33,6.2,Nagyközség
PEST,Szokolya,1023,1222,606,466,59.24,38.13,-21.11,-140,-35.63,-23.1,19.45,Nagyközség
SZABOLCS-SZATMÁR-BEREG,Érpatak,817,925,603,463,73.81,50.05,-23.76,-140,-32.19,-23.22,13.22,Nagyközség
KOMÁROM-ESZTERGOM,Bajna,1060,1181,684,544,64.53,46.06,-18.47,-140,-28.62,-20.47,11.42,Nagyközség
TOLNA,Tevel,680,705,431,291,63.38,41.28,-22.1,-140,-34.87,-32.48,3.68,Nagyközség
BORSOD-ABAÚJ-ZEMPLÉN,Sajószöged,1299,1491,564,425,43.42,28.5,-14.92,-139,-34.36,-24.65,14.78,Nagyközség
VAS,Ikervár,953,1079,570,431,59.81,39.94,-19.87,-139,-33.22,-24.39,13.22,Nagyközség
TOLNA,Nagydorog,1239,1390,856,717,69.09,51.58,-17.51,-139,-25.34,-16.24,12.19,Nagyközség
HAJDÚ-BIHAR,Pocsaj,1163,1279,910,771,78.25,60.28,-17.97,-139,-22.96,-15.27,9.97,Nagyközség
BORSOD-ABAÚJ-ZEMPLÉN,Ároktő,512,501,410,271,80.08,54.09,-25.99,-139,-32.46,-33.9,-2.15,Nagyközség
PEST,Pilisszántó,1548,1819,818,680,52.84,37.38,-15.46,-138,-29.26,-16.87,17.51,Nagyközség
VESZPRÉM,Márkó,1022,1189,498,360,48.73,30.28,-18.45,-138,-37.86,-27.71,16.34,Nagyközség
NÓGRÁD,Rétság,1481,1697,806,668,54.42,39.36,-15.06,-138,-27.67,-17.12,14.58,Város
HEVES,Kisköre,1192,1329,719,581,60.32,43.72,-16.6,-138,-27.52,-19.19,11.49,Város
NÓGRÁD,Karancslapujtő,1286,1433,837,699,65.09,48.78,-16.31,-138,-25.06,-16.49,11.43,Nagyközség
SOMOGY,Somogyvár,858,907,629,491,73.31,54.13,-19.18,-138,-26.16,-21.94,5.71,Nagyközség
SOMOGY,Balatonszemes,1032,1087,615,477,59.59,43.88,-15.71,-138,-26.36,-22.44,5.33,Nagyközség
JÁSZ-NAGYKUN-SZOLNOK,Jászdózsa,1099,1286,665,528,60.51,41.06,-19.45,-137,-32.14,-20.6,17.02,Nagyközség
JÁSZ-NAGYKUN-SZOLNOK,Alattyán,1001,1145,722,585,72.13,51.09,-21.04,-137,-29.17,-18.98,14.39,Nagyközség
BORSOD-ABAÚJ-ZEMPLÉN,Harsány,1039,1182,620,483,59.67,40.86,-18.81,-137,-31.52,-22.1,13.76,Nagyközség
BÁCS-KISKUN,Kelebia,1154,1299,700,563,60.66,43.34,-17.32,-137,-28.55,-19.57,12.56,Nagyközség
CSONGRÁD-CSANÁD,Mártély,778,863,462,325,59.38,37.66,-21.72,-137,-36.58,-29.65,10.93,Nagyközség
TOLNA,Szedres,1092,1202,750,613,68.68,51,-17.68,-137,-25.74,-18.27,10.07,Nagyközség
HEVES,Tarnaméra,943,1032,493,356,52.28,34.5,-17.78,-137,-34.01,-27.79,9.44,Nagyközség
SZABOLCS-SZATMÁR-BEREG,Ópályi,1232,1340,899,762,72.97,56.87,-16.1,-137,-22.06,-15.24,8.77,Nagyközség
GYŐR-MOSON-SOPRON,Nagycenk,1478,1870,829,693,56.09,37.06,-19.03,-136,-33.93,-16.41,26.52,Nagyközség
PEST,Újszilvás,1298,1552,903,767,69.57,49.42,-20.15,-136,-28.96,-15.06,19.57,Nagyközség
GYŐR-MOSON-SOPRON,Dunaszeg,1340,1571,777,641,57.99,40.8,-17.19,-136,-29.64,-17.5,17.24,Nagyközség
CSONGRÁD-CSANÁD,Csanytelek,1241,1442,781,645,62.93,44.73,-18.2,-136,-28.92,-17.41,16.2,Nagyközség
BÁCS-KISKUN,Fajsz,829,877,520,384,62.73,43.79,-18.94,-136,-30.19,-26.15,5.79,Nagyközség
HEVES,Tarnazsadány,498,491,383,247,76.91,50.31,-26.6,-136,-34.59,-35.51,-1.41,Nagyközség
SZABOLCS-SZATMÁR-BEREG,Nyírtura,948,1190,498,363,52.53,30.5,-22.03,-135,-41.94,-27.11,25.53,Nagyközség
PEST,Farmos,1716,2059,1013,878,59.03,42.64,-16.39,-135,-27.77,-13.33,19.99,Nagyközség
HAJDÚ-BIHAR,Hajdúszovát,1286,1512,887,752,68.97,49.74,-19.23,-135,-27.88,-15.22,17.57,Nagyközség
HEVES,Heréd,1036,1196,623,488,60.14,40.8,-19.34,-135,-32.16,-21.67,15.44,Nagyközség
HEVES,Rózsaszentmárton,1058,1217,606,471,57.28,38.7,-18.58,-135,-32.44,-22.28,15.03,Nagyközség
GYŐR-MOSON-SOPRON,Bősárkány,1297,1456,941,806,72.55,55.36,-17.19,-135,-23.69,-14.35,12.26,Nagyközség
BORSOD-ABAÚJ-ZEMPLÉN,Bükkaranyos,775,851,435,300,56.13,35.25,-20.88,-135,-37.2,-31.03,9.81,Nagyközség
ZALA,Bak,916,1002,567,432,61.9,43.11,-18.79,-135,-30.36,-23.81,9.39,Nagyközség
SZABOLCS-SZATMÁR-BEREG,Kékcse,748,751,579,444,77.41,59.12,-18.29,-135,-23.63,-23.32,0.4,Nagyközség
HEVES,Tarnalelesz,871,844,705,570,80.94,67.54,-13.4,-135,-16.56,-19.15,-3.1,Nagyközség
ZALA,Vonyarcvashegy,1303,1556,772,638,59.25,41,-18.25,-134,-30.8,-17.36,19.42,Nagyközség
VESZPRÉM,Nagyvázsony,976,1111,546,412,55.94,37.08,-18.86,-134,-33.71,-24.54,13.83,Nagyközség
HEVES,Vámosgyörk,1083,1201,615,481,56.79,40.05,-16.74,-134,-29.48,-21.79,10.9,Nagyközség
FEJÉR,Kulcs,1880,2350,895,762,47.61,32.43,-15.18,-133,-31.88,-14.86,25,Nagyközség
VESZPRÉM,Ősi,1078,1248,638,505,59.18,40.46,-18.72,-133,-31.63,-20.85,15.77,Nagyközség
KOMÁROM-ESZTERGOM,Gyermely,888,1015,523,390,58.9,38.42,-20.48,-133,-34.77,-25.43,14.3,Nagyközség
PEST,Makád,658,743,478,345,72.64,46.43,-26.21,-133,-36.08,-27.82,12.92,Nagyközség
TOLNA,Ozora,787,768,597,464,75.86,60.42,-15.44,-133,-20.35,-22.28,-2.41,Nagyközség
VAS,Torony,1093,1266,717,585,65.6,46.21,-19.39,-132,-29.56,-18.41,15.83,Nagyközség
ZALA,Murakeresztúr,848,971,502,370,59.2,38.11,-21.09,-132,-35.63,-26.29,14.5,Nagyközség
PEST,Perbál,1221,1378,700,568,57.33,41.22,-16.11,-132,-28.1,-18.86,12.86,Nagyközség
BORSOD-ABAÚJ-ZEMPLÉN,Sajókeresztúr,866,955,434,302,50.12,31.62,-18.5,-132,-36.91,-30.41,10.28,Nagyközség
HEVES,Verpelét,1818,2060,1175,1044,64.63,50.68,-13.95,-131,-21.58,-11.15,13.31,Város
SZABOLCS-SZATMÁR-BEREG,Nyírbéltek,1461,1550,1173,1042,80.29,67.23,-13.06,-131,-16.27,-11.17,6.09,Nagyközség
VESZPRÉM,Csopak,1224,1396,604,474,49.35,33.95,-15.4,-130,-31.21,-21.52,14.05,Nagyközség
BARANYA,Pellérd,1328,1485,566,436,42.62,29.36,-13.26,-130,-31.11,-22.97,11.82,Nagyközség
FEJÉR,Tordas,1196,1401,585,456,48.91,32.55,-16.36,-129,-33.45,-22.05,17.14,Nagyközség
BÁCS-KISKUN,Ladánybene,856,992,598,469,69.86,47.28,-22.58,-129,-32.32,-21.57,15.89,Nagyközség
HEVES,Zagyvaszántó,1025,1160,630,501,61.46,43.19,-18.27,-129,-29.73,-20.48,13.17,Nagyközség
HEVES,Novaj,829,912,476,347,57.42,38.05,-19.37,-129,-33.73,-27.1,10.01,Nagyközség
BÁCS-KISKUN,Csengőd,1116,1218,790,661,70.79,54.27,-16.52,-129,-23.34,-16.33,9.14,Nagyközség
BÉKÉS,Békéssámson,1163,1255,692,563,59.5,44.86,-14.64,-129,-24.61,-18.64,7.91,Nagyközség
HEVES,Petőfibánya,1275,1482,600,472,47.06,31.85,-15.21,-128,-32.32,-21.33,16.24,Nagyközség
SZABOLCS-SZATMÁR-BEREG,Nagyvarsány,722,838,511,383,70.78,45.7,-25.08,-128,-35.43,-25.05,16.07,Nagyközség
SZABOLCS-SZATMÁR-BEREG,Kálmánháza,946,1081,620,492,65.54,45.51,-20.03,-128,-30.56,-20.65,14.27,Nagyközség
BORSOD-ABAÚJ-ZEMPLÉN,Tiszatarján,618,706,447,319,72.33,45.18,-27.15,-128,-37.54,-28.64,14.24,Nagyközség
SZABOLCS-SZATMÁR-BEREG,Pócspetri,766,830,523,395,68.28,47.59,-20.69,-128,-30.3,-24.47,8.36,Nagyközség
GYŐR-MOSON-SOPRON,Rábapordány,609,657,422,294,69.29,44.75,-24.54,-128,-35.42,-30.33,7.88,Kisközség
HEVES,Átány,570,574,487,359,85.44,62.54,-22.9,-128,-26.8,-26.28,0.7,Nagyközség
GYŐR-MOSON-SOPRON,Bezenye,688,676,459,331,66.72,48.96,-17.76,-128,-26.62,-27.89,-1.74,Nagyközség
BARANYA,Kővágószőlős,666,812,381,254,57.21,31.28,-25.93,-127,-45.32,-33.33,21.92,Nagyközség
SZABOLCS-SZATMÁR-BEREG,Buj,1057,1261,676,549,63.95,43.54,-20.41,-127,-31.92,-18.79,19.3,Nagyközség
HAJDÚ-BIHAR,Csökmő,871,1009,570,443,65.44,43.9,-21.54,-127,-32.92,-22.28,15.84,Nagyközség
BÁCS-KISKUN,Ágasegyháza,977,1120,655,528,67.04,47.14,-19.9,-127,-29.68,-19.39,14.64,Nagyközség
HEVES,Domoszló,1068,1217,591,464,55.34,38.13,-17.21,-127,-31.1,-21.49,13.95,Nagyközség
HEVES,Atkár,1013,1154,540,413,53.31,35.79,-17.52,-127,-32.86,-23.52,13.92,Nagyközség
HEVES,Sirok,1012,1069,581,454,57.41,42.47,-14.94,-127,-26.02,-21.86,5.63,Nagyközség
HAJDÚ-BIHAR,Újléta,478,488,375,248,78.45,50.82,-27.63,-127,-35.22,-33.87,2.09,Nagyközség
PEST,Szigetszentmárton,1372,1716,617,491,44.97,28.61,-16.36,-126,-36.38,-20.42,25.07,Nagyközség
KOMÁROM-ESZTERGOM,Szomód,1296,1541,640,514,49.38,33.35,-16.03,-126,-32.46,-19.69,18.9,Nagyközség
FEJÉR,Mány,1306,1501,758,632,58.04,42.11,-15.93,-126,-27.45,-16.62,14.93,Nagyközség
BORSOD-ABAÚJ-ZEMPLÉN,Halmaj,855,946,571,445,66.78,47.04,-19.74,-126,-29.56,-22.07,10.64,Nagyközség
HEVES,Szihalom,1065,1178,596,470,55.96,39.9,-16.06,-126,-28.7,-21.14,10.61,Nagyközség
BORSOD-ABAÚJ-ZEMPLÉN,Borsodszirák,550,602,402,276,73.09,45.85,-27.24,-126,-37.27,-31.34,9.45,Nagyközség
KOMÁROM-ESZTERGOM,Tardos,953,1043,453,327,47.53,31.35,-16.18,-126,-34.04,-27.81,9.44,Nagyközség
JÁSZ-NAGYKUN-SZOLNOK,Tiszasüly,733,744,526,400,71.76,53.76,-18,-126,-25.08,-23.95,1.5,Nagyközség
HEVES,Sarud,497,496,345,219,69.42,44.15,-25.27,-126,-36.4,-36.52,-0.2,Kisközség
BARANYA,Szászvár,1148,1351,512,387,44.6,28.65,-15.95,-125,-35.76,-24.41,17.68,Nagyközség
FEJÉR,Lovasberény,1525,1791,913,788,59.87,44,-15.87,-125,-26.51,-13.69,17.44,Nagyközség
BÁCS-KISKUN,Nagybaracska,1011,1161,697,572,68.94,49.27,-19.67,-125,-28.53,-17.93,14.84,Nagyközség
PEST,Zsámbok,1295,1459,782,657,60.39,45.03,-15.36,-125,-25.43,-15.98,12.66,Nagyközség
SOMOGY,Somogyszob,797,889,494,369,61.98,41.51,-20.47,-125,-33.03,-25.3,11.54,Nagyközség
SZABOLCS-SZATMÁR-BEREG,Kék,909,994,651,526,71.62,52.92,-18.7,-125,-26.11,-19.2,9.35,Nagyközség
PEST,Csomád,987,1200,497,373,50.35,31.08,-19.27,-124,-38.27,-24.95,21.58,Nagyközség
FEJÉR,Fehérvárcsurgó,1203,1438,710,586,59.02,40.75,-18.27,-124,-30.96,-17.46,19.53,Nagyközség
VESZPRÉM,Úrkút,1056,1240,536,412,50.76,33.23,-17.53,-124,-34.54,-23.13,17.42,Nagyközség
SZABOLCS-SZATMÁR-BEREG,Anarcs,933,1081,559,435,59.91,40.24,-19.67,-124,-32.83,-22.18,15.86,Nagyközség
BÁCS-KISKUN,Csávoly,836,945,519,395,62.08,41.8,-20.28,-124,-32.67,-23.89,13.04,Nagyközség
CSONGRÁD-CSANÁD,Derekegyház,774,846,403,279,52.07,32.98,-19.09,-124,-36.66,-30.77,9.3,Nagyközség
BÁCS-KISKUN,Császártöltés,1180,1241,555,431,47.03,34.73,-12.3,-124,-26.15,-22.34,5.17,Nagyközség
NÓGRÁD,Kálló,648,649,481,357,74.23,55.01,-19.22,-124,-25.89,-25.78,0.15,Nagyközség
PEST,Szigetcsép,1486,1792,747,624,50.27,34.82,-15.45,-123,-30.73,-16.47,20.59,Nagyközség
BÁCS-KISKUN,Apostag,1055,1262,586,463,55.55,36.69,-18.86,-123,-33.95,-20.99,19.62,Nagyközség
ZALA,Teskánd,733,864,430,307,58.66,35.53,-23.13,-123,-39.43,-28.6,17.87,Nagyközség
CSONGRÁD-CSANÁD,Tiszasziget,1007,1169,542,419,53.82,35.84,-17.98,-123,-33.41,-22.69,16.09,Nagyközség
SZABOLCS-SZATMÁR-BEREG,Tiszabezdéd,690,778,494,371,71.59,47.69,-23.9,-123,-33.38,-24.9,12.75,Nagyközség
KOMÁROM-ESZTERGOM,Bokod,1213,1355,645,522,53.17,38.52,-14.65,-123,-27.55,-19.07,11.71,Nagyközség
FEJÉR,Sárszentágota,787,866,605,482,76.87,55.66,-21.21,-123,-27.59,-20.33,10.04,Nagyközség
ZALA,Cserszegtomaj,1718,2064,924,802,53.78,38.86,-14.92,-122,-27.74,-13.2,20.14,Nagyközség
JÁSZ-NAGYKUN-SZOLNOK,Cibakháza,1580,1890,980,858,62.03,45.4,-16.63,-122,-26.81,-12.45,19.62,Nagyközség
TOLNA,Bogyiszló,1062,1220,775,653,72.98,53.52,-19.46,-122,-26.66,-15.74,14.88,Nagyközség
JÁSZ-NAGYKUN-SZOLNOK,Tiszajenő,804,897,503,381,62.56,42.47,-20.09,-122,-32.11,-24.25,11.57,Nagyközség
SZABOLCS-SZATMÁR-BEREG,Geszteréd,850,948,612,490,72,51.69,-20.31,-122,-28.21,-19.93,11.53,Nagyközség
VESZPRÉM,Badacsonytomaj,1242,1355,638,516,51.37,38.08,-13.29,-122,-25.87,-19.12,9.1,Város
BORSOD-ABAÚJ-ZEMPLÉN,Tard,673,698,432,311,64.19,44.56,-19.63,-121,-30.58,-28.01,3.71,Nagyközség
SOMOGY,Karád,753,773,553,432,73.44,55.89,-17.55,-121,-23.9,-21.88,2.66,Nagyközség
VESZPRÉM,Nyirád,938,1094,507,387,54.05,35.37,-18.68,-120,-34.56,-23.67,16.63,Nagyközség
BÁCS-KISKUN,Pálmonostora,854,934,563,443,65.93,47.43,-18.5,-120,-28.06,-21.31,9.37,Nagyközség
HEVES,Parád,1031,1104,541,421,52.47,38.13,-14.34,-120,-27.33,-22.18,7.08,Nagyközség
KOMÁROM-ESZTERGOM,Sárisáp,1407,1735,615,496,43.71,28.59,-15.12,-119,-34.59,-19.35,23.31,Nagyközség
TOLNA,Iregszemcse,1166,1389,641,522,54.97,37.58,-17.39,-119,-31.64,-18.56,19.13,Nagyközség
KOMÁROM-ESZTERGOM,Tokodaltáró,1411,1676,763,644,54.08,38.42,-15.66,-119,-28.96,-15.6,18.78,Nagyközség
KOMÁROM-ESZTERGOM,Csolnok,1715,1971,695,576,40.52,29.22,-11.3,-119,-27.89,-17.12,14.93,Nagyközség
GYŐR-MOSON-SOPRON,Bakonyszentlászló,901,1029,561,442,62.26,42.95,-19.31,-119,-31.02,-21.21,14.21,Nagyközség
PEST,Iklad,1202,1357,535,416,44.51,30.66,-13.85,-119,-31.12,-22.24,12.9,Nagyközség
SZABOLCS-SZATMÁR-BEREG,Tunyogmatolcs,1107,1240,767,648,69.29,52.26,-17.03,-119,-24.58,-15.51,12.01,Nagyközség
PEST,Váchartyán,1091,1218,649,530,59.49,43.51,-15.98,-119,-26.86,-18.34,11.64,Nagyközség
FEJÉR,Gyúró,791,882,477,358,60.3,40.59,-19.71,-119,-32.69,-24.95,11.5,Nagyközség
VAS,Répcelak,1553,1717,1027,908,66.13,52.88,-13.25,-119,-20.04,-11.59,10.56,Város
CSONGRÁD-CSANÁD,Tömörkény,843,927,558,439,66.19,47.36,-18.83,-119,-28.45,-21.33,9.96,Nagyközség
NÓGRÁD,Magyarnándor,638,677,384,265,60.19,39.14,-21.05,-119,-34.97,-30.99,6.11,Nagyközség
SZABOLCS-SZATMÁR-BEREG,Nyírmihálydi,833,869,708,589,84.99,67.78,-17.21,-119,-20.25,-16.81,4.32,Nagyközség
VESZPRÉM,Szentkirályszabadja,1188,1406,600,482,50.51,34.28,-16.23,-118,-32.13,-19.67,18.35,Nagyközség
FEJÉR,Besnyő,984,1154,569,451,57.83,39.08,-18.75,-118,-32.42,-20.74,17.28,Nagyközség
PEST,Penc,878,1005,541,423,61.62,42.09,-19.53,-118,-31.69,-21.81,14.46,Nagyközség
FEJÉR,Kajászó,708,807,445,327,62.85,40.52,-22.33,-118,-35.53,-26.52,13.98,Nagyközség
SZABOLCS-SZATMÁR-BEREG,Mándok,1747,1961,1069,951,61.19,48.5,-12.69,-118,-20.74,-11.04,12.25,Város
FEJÉR,Nagykarácsony,708,788,466,348,65.82,44.16,-21.66,-118,-32.91,-25.32,11.3,Nagyközség
SZABOLCS-SZATMÁR-BEREG,Szabolcsveresmart,685,758,475,357,69.34,47.1,-22.24,-118,-32.07,-24.84,10.66,Nagyközség
BARANYA,Hidas,1071,1164,616,498,57.52,42.78,-14.74,-118,-25.63,-19.16,8.68,Nagyközség
GYŐR-MOSON-SOPRON,Veszkény,622,667,450,332,72.35,49.78,-22.57,-118,-31.2,-26.22,7.23,Kisközség
BORSOD-ABAÚJ-ZEMPLÉN,Olaszliszka,668,706,437,319,65.42,45.18,-20.24,-118,-30.94,-27,5.69,Nagyközség
GYŐR-MOSON-SOPRON,Bőny,1158,1375,712,595,61.49,43.27,-18.22,-117,-29.63,-16.43,18.74,Nagyközség
HEVES,Kompolt,875,988,479,362,54.74,36.64,-18.1,-117,-33.07,-24.43,12.91,Nagyközség
SZABOLCS-SZATMÁR-BEREG,Szatmárcseke,720,789,583,466,80.97,59.06,-21.91,-117,-27.06,-20.07,9.58,Nagyközség
SZABOLCS-SZATMÁR-BEREG,Nyírkáta,945,987,795,678,84.13,68.69,-15.44,-117,-18.35,-14.72,4.44,Nagyközség
PEST,Majosháza,951,1134,559,443,58.78,39.07,-19.71,-116,-33.53,-20.75,19.24,Nagyközség
NÓGRÁD,Palotás,884,1053,528,412,59.73,39.13,-20.6,-116,-34.49,-21.97,19.12,Nagyközség
BORSOD-ABAÚJ-ZEMPLÉN,Mezőnyárád,885,1043,424,308,47.91,29.53,-18.38,-116,-38.36,-27.36,17.85,Nagyközség
FEJÉR,Előszállás,1147,1306,718,602,62.6,46.09,-16.51,-116,-26.37,-16.16,13.86,Nagyközség
TOLNA,Gerjen,628,713,470,354,74.84,49.65,-25.19,-116,-33.66,-24.68,13.54,Nagyközség
SOMOGY,Kaposfő,832,943,490,374,58.89,39.66,-19.23,-116,-32.65,-23.67,13.34,Nagyközség
SZABOLCS-SZATMÁR-BEREG,Nyírkarász,1089,1205,763,647,70.06,53.69,-16.37,-116,-23.37,-15.2,10.65,Nagyközség
VAS,Nárai,878,961,515,399,58.66,41.52,-17.14,-116,-29.22,-22.52,9.45,Nagyközség
BARANYA,Nagykozár,1183,1288,508,392,42.94,30.43,-12.51,-116,-29.13,-22.83,8.88,Nagyközség
GYŐR-MOSON-SOPRON,Szárföld,611,655,453,337,74.14,51.45,-22.69,-116,-30.6,-25.61,7.2,Nagyközség
FEJÉR,Kincsesbánya,885,940,501,385,56.61,40.96,-15.65,-116,-27.65,-23.15,6.21,Nagyközség
SZABOLCS-SZATMÁR-BEREG,Jánkmajtis,900,949,688,572,76.44,60.27,-16.17,-116,-21.15,-16.86,5.44,Nagyközség
VAS,Nagysimonyi,601,627,414,298,68.89,47.53,-21.36,-116,-31.01,-28.02,4.33,Kisközség
PEST,Szigetmonostor,1611,1971,830,715,51.52,36.28,-15.24,-115,-29.58,-13.86,22.35,Nagyközség
VESZPRÉM,Öskü,1255,1428,644,529,51.31,37.04,-14.27,-115,-27.81,-17.86,13.78,Nagyközség
KOMÁROM-ESZTERGOM,Naszály,1325,1500,666,551,50.26,36.73,-13.53,-115,-26.92,-17.27,13.21,Nagyközség
GYŐR-MOSON-SOPRON,Kópháza,1254,1413,675,560,53.83,39.63,-14.2,-115,-26.38,-17.04,12.68,Nagyközség
KOMÁROM-ESZTERGOM,Bana,847,947,536,421,63.28,44.46,-18.82,-115,-29.74,-21.46,11.81,Nagyközség
HAJDÚ-BIHAR,Konyár,822,908,641,526,77.98,57.93,-20.05,-115,-25.71,-17.94,10.46,Nagyközség
NÓGRÁD,Mátraverebély,824,880,574,459,69.66,52.16,-17.5,-115,-25.12,-20.03,6.8,Nagyközség
BORSOD-ABAÚJ-ZEMPLÉN,Bodrogkeresztúr,594,557,360,245,60.61,43.99,-16.62,-115,-27.42,-31.94,-6.23,Kisközség
GYŐR-MOSON-SOPRON,Győrladamér,1037,1268,563,449,54.29,35.41,-18.88,-114,-34.78,-20.25,22.28,Nagyközség
GYŐR-MOSON-SOPRON,Tényő,967,1164,616,502,63.7,43.13,-20.57,-114,-32.29,-18.51,20.37,Nagyközség
FEJÉR,Soponya,963,1095,670,556,69.57,50.78,-18.79,-114,-27.01,-17.01,13.71,Nagyközség
GYŐR-MOSON-SOPRON,Sokorópátka,628,712,454,340,72.29,47.75,-24.54,-114,-33.95,-25.11,13.38,Nagyközség
VESZPRÉM,Csetény,1068,1184,659,545,61.7,46.03,-15.67,-114,-25.4,-17.3,10.86,Nagyközség
BÁCS-KISKUN,Hercegszántó,922,993,554,440,60.09,44.31,-15.78,-114,-26.26,-20.58,7.7,Nagyközség
HEVES,Szilvásvárad,870,930,469,355,53.91,38.17,-15.74,-114,-29.2,-24.31,6.9,Nagyközség
SOMOGY,Ádánd,1127,1322,704,591,62.47,44.7,-17.77,-113,-28.45,-16.05,17.3,Nagyközség
SOMOGY,Nagybajom,1404,1634,939,826,66.88,50.55,-16.33,-113,-24.42,-12.03,16.38,Város
SZABOLCS-SZATMÁR-BEREG,Gégény,842,957,545,432,64.73,45.14,-19.59,-113,-30.26,-20.73,13.66,Nagyközség
FEJÉR,Nádasdladány,927,1052,523,410,56.42,38.97,-17.45,-113,-30.93,-21.61,13.48,Nagyközség
BORSOD-ABAÚJ-ZEMPLÉN,Bogács,1070,1203,607,494,56.73,41.06,-15.67,-113,-27.62,-18.62,12.43,Nagyközség
BORSOD-ABAÚJ-ZEMPLÉN,Gönc,877,947,602,489,68.64,51.64,-17,-113,-24.77,-18.77,7.98,Város
VESZPRÉM,Bakonybél,683,735,430,317,62.96,43.13,-19.83,-113,-31.5,-26.28,7.61,Nagyközség
ZALA,Gellénháza,914,969,525,412,57.44,42.52,-14.92,-113,-25.97,-21.52,6.02,Nagyközség
PEST,Letkés,653,678,429,316,65.7,46.61,-19.09,-113,-29.06,-26.34,3.83,Nagyközség
BORSOD-ABAÚJ-ZEMPLÉN,Kázsmárk,441,430,352,239,79.82,55.58,-24.24,-113,-30.37,-32.1,-2.49,Kisközség
JÁSZ-NAGYKUN-SZOLNOK,Jásztelek,738,834,503,391,68.16,46.88,-21.28,-112,-31.22,-22.27,13.01,Nagyközség
BORSOD-ABAÚJ-ZEMPLÉN,Tolcsva,812,914,475,363,58.5,39.72,-18.78,-112,-32.1,-23.58,12.56,Nagyközség
GYŐR-MOSON-SOPRON,Dunakiliti,964,1055,603,491,62.55,46.54,-16.01,-112,-25.6,-18.57,9.44,Nagyközség
TOLNA,Németkér,897,981,560,448,62.43,45.67,-16.76,-112,-26.85,-20,9.36,Nagyközség
BÉKÉS,Gerendás,620,673,348,236,56.13,35.07,-21.06,-112,-37.52,-32.18,8.55,Nagyközség
PEST,Péteri,1374,1696,689,578,50.15,34.08,-16.07,-111,-32.04,-16.11,23.44,Nagyközség
VAS,Rábapaty,912,1115,568,457,62.28,40.99,-21.29,-111,-34.18,-19.54,22.26,Nagyközség
TOLNA,Hőgyész,1349,1457,734,623,54.41,42.76,-11.65,-111,-21.41,-15.12,8.01,Nagyközség
BORSOD-ABAÚJ-ZEMPLÉN,Karcsa,769,828,477,366,62.03,44.2,-17.83,-111,-28.74,-23.27,7.67,Nagyközség
GYŐR-MOSON-SOPRON,Dunasziget,905,1042,623,513,68.84,49.23,-19.61,-110,-28.49,-17.66,15.14,Nagyközség
GYŐR-MOSON-SOPRON,Sarród,575,642,425,315,73.91,49.07,-24.84,-110,-33.61,-25.88,11.65,Kisközség
NÓGRÁD,Somoskőújfalu,1151,1272,626,516,54.39,40.57,-13.82,-110,-25.41,-17.57,10.51,Nagyközség
BORSOD-ABAÚJ-ZEMPLÉN,Tállya,831,915,411,301,49.46,32.9,-16.56,-110,-33.48,-26.76,10.11,Nagyközség
SOMOGY,Segesd,931,1014,565,455,60.69,44.87,-15.82,-110,-26.07,-19.47,8.92,Nagyközség
KOMÁROM-ESZTERGOM,Almásfüzitő,1145,1228,566,456,49.43,37.13,-12.3,-110,-24.88,-19.43,7.25,Nagyközség
FEJÉR,Alcsútdoboz,873,927,641,531,73.42,57.28,-16.14,-110,-21.98,-17.16,6.19,Nagyközség
CSONGRÁD-CSANÁD,Újszentiván,1075,1281,505,396,46.98,30.91,-16.07,-109,-34.21,-21.58,19.16,Nagyközség
SZABOLCS-SZATMÁR-BEREG,Gyulaháza,829,952,527,418,63.57,43.91,-19.66,-109,-30.93,-20.68,14.84,Nagyközség
TOLNA,Nagymányok,1230,1381,689,580,56.02,42,-14.02,-109,-25.03,-15.82,12.28,Város
BORSOD-ABAÚJ-ZEMPLÉN,Sajóörös,897,1001,390,281,43.48,28.07,-15.41,-109,-35.44,-27.95,11.59,Nagyközség
SZABOLCS-SZATMÁR-BEREG,Tiszatelek,653,726,419,310,64.17,42.7,-21.47,-109,-33.46,-26.01,11.18,Nagyközség
BORSOD-ABAÚJ-ZEMPLÉN,Tarcal,1339,1483,758,649,56.61,43.76,-12.85,-109,-22.7,-14.38,10.75,Nagyközség
BARANYA,Nagyharsány,691,763,451,342,65.27,44.82,-20.45,-109,-31.33,-24.17,10.42,Nagyközség
VESZPRÉM,Tihany,777,854,422,313,54.31,36.65,-17.66,-109,-32.52,-25.83,9.91,Nagyközség
TOLNA,Pálfa,685,739,531,422,77.52,57.1,-20.42,-109,-26.34,-20.53,7.88,Nagyközség
SZABOLCS-SZATMÁR-BEREG,Ilk,618,639,512,403,82.85,63.07,-19.78,-109,-23.87,-21.29,3.4,Nagyközség
BÁCS-KISKUN,Csátalja,715,722,462,353,64.62,48.89,-15.73,-109,-24.34,-23.59,0.98,Nagyközség
SZABOLCS-SZATMÁR-BEREG,Paszab,559,561,478,369,85.51,65.78,-19.73,-109,-23.07,-22.8,0.36,Nagyközség
CSONGRÁD-CSANÁD,Baks,839,987,508,400,60.55,40.53,-20.02,-108,-33.06,-21.26,17.64,Nagyközség
GYŐR-MOSON-SOPRON,Gyarmat,768,890,534,426,69.53,47.87,-21.66,-108,-31.15,-20.22,15.89,Nagyközség
GYŐR-MOSON-SOPRON,Pereszteg,862,997,559,451,64.85,45.24,-19.61,-108,-30.24,-19.32,15.66,Nagyközség
ZALA,Nagyrécse,631,727,358,250,56.74,34.39,-22.35,-108,-39.39,-30.17,15.21,Nagyközség
FEJÉR,Káloz,1213,1374,830,722,68.43,52.55,-15.88,-108,-23.21,-13.01,13.27,Nagyközség
SOMOGY,Berzence,1160,1271,782,674,67.41,53.03,-14.38,-108,-21.33,-13.81,9.57,Nagyközség
SZABOLCS-SZATMÁR-BEREG,Nyírcsászári,609,660,451,343,74.06,51.97,-22.09,-108,-29.83,-23.95,8.37,Nagyközség
NÓGRÁD,Bercel,941,984,621,513,65.99,52.13,-13.86,-108,-21,-17.39,4.57,Nagyközség
SOMOGY,Somogyjád,771,871,488,381,63.29,43.74,-19.55,-107,-30.89,-21.93,12.97,Nagyközség
TOLNA,Kakasd,970,1057,682,575,70.31,54.4,-15.91,-107,-22.63,-15.69,8.97,Nagyközség
SOMOGY,Balatonföldvár,1422,1537,697,590,49.02,38.39,-10.63,-107,-21.69,-15.35,8.09,Város
SZABOLCS-SZATMÁR-BEREG,Penészlek,505,481,407,300,80.59,62.37,-18.22,-107,-22.61,-26.29,-4.75,Kisközség
SZABOLCS-SZATMÁR-BEREG,Tiszakerecseny,416,371,329,222,79.09,59.84,-19.25,-107,-24.34,-32.52,-10.82,Kisközség
KOMÁROM-ESZTERGOM,Ászár,949,1076,524,418,55.22,38.85,-16.37,-106,-29.65,-20.23,13.38,Nagyközség
KOMÁROM-ESZTERGOM,Szomor,642,727,322,216,50.16,29.71,-20.45,-106,-40.77,-32.92,13.24,Nagyközség
SZABOLCS-SZATMÁR-BEREG,Nagycserkesz,709,789,516,410,72.78,51.96,-20.82,-106,-28.61,-20.54,11.28,Nagyközség
GYŐR-MOSON-SOPRON,Darnózseli,944,1038,574,468,60.81,45.09,-15.72,-106,-25.85,-18.47,9.96,Nagyközség
VESZPRÉM,Vaszar,893,974,658,552,73.68,56.67,-17.01,-106,-23.09,-16.11,9.07,Nagyközség
BÁCS-KISKUN,Fülöpjakab,652,697,418,312,64.11,44.76,-19.35,-106,-30.18,-25.36,6.9,Nagyközség
PEST,Visegrád,997,1044,557,451,55.87,43.2,-12.67,-106,-22.68,-19.03,4.71,Város
NÓGRÁD,Héhalom,543,564,389,283,71.64,50.18,-21.46,-106,-29.96,-27.25,3.87,Kisközség
JÁSZ-NAGYKUN-SZOLNOK,Kengyel,1575,1928,931,826,59.11,42.84,-16.27,-105,-27.52,-11.28,22.41,Nagyközség
KOMÁROM-ESZTERGOM,Kesztölc,1450,1692,668,563,46.07,33.27,-12.8,-105,-27.78,-15.72,16.69,Nagyközség
FEJÉR,Csókakő,910,1034,545,440,59.89,42.55,-17.34,-105,-28.95,-19.27,13.63,Nagyközség
ZALA,Lovászi,602,662,319,214,52.99,32.33,-20.66,-105,-38.99,-32.92,9.97,Nagyközség
BÁCS-KISKUN,Kunbaja,685,714,408,303,59.56,42.44,-17.12,-105,-28.74,-25.74,4.23,Nagyközség
GYŐR-MOSON-SOPRON,Mórichida,522,544,398,293,76.25,53.86,-22.39,-105,-29.36,-26.38,4.21,Kisközség
CSONGRÁD-CSANÁD,Pitvaros,754,761,408,303,54.11,39.82,-14.29,-105,-26.41,-25.74,0.93,Nagyközség
VESZPRÉM,Pápateszér,582,673,441,337,75.77,50.07,-25.7,-104,-33.92,-23.58,15.64,Nagyközség
ZALA,Zalakomár,1205,1374,934,830,77.51,60.41,-17.1,-104,-22.06,-11.13,14.02,Nagyközség
GYŐR-MOSON-SOPRON,Iván,621,698,461,357,74.24,51.15,-23.09,-104,-31.1,-22.56,12.4,Nagyközség
GYŐR-MOSON-SOPRON,Bágyogszovát,792,859,572,468,72.22,54.48,-17.74,-104,-24.56,-18.18,8.46,Nagyközség
SOMOGY,Balatonszárszó,1287,1385,661,557,51.36,40.22,-11.14,-104,-21.69,-15.73,7.61,Nagyközség
SZABOLCS-SZATMÁR-BEREG,Timár,530,543,397,293,74.91,53.96,-20.95,-104,-27.97,-26.2,2.45,Nagyközség
BORSOD-ABAÚJ-ZEMPLÉN,Farkaslyuk,669,681,505,401,75.49,58.88,-16.61,-104,-22,-20.59,1.79,Nagyközség
SZABOLCS-SZATMÁR-BEREG,Apagy,1063,1266,655,552,61.62,43.6,-18.02,-103,-29.24,-15.73,19.1,Nagyközség
VAS,Nemesbőd,380,440,255,152,67.11,34.55,-32.56,-103,-48.52,-40.39,15.79,Kisközség
JÁSZ-NAGYKUN-SZOLNOK,Rákócziújfalu,950,1093,487,384,51.26,35.13,-16.13,-103,-31.47,-21.15,15.05,Nagyközség
VESZPRÉM,Dudar,913,1022,540,437,59.15,42.76,-16.39,-103,-27.71,-19.07,11.94,Nagyközség
BÉKÉS,Telekgerendás,859,949,475,372,55.3,39.2,-16.1,-103,-29.11,-21.68,10.48,Nagyközség
HAJDÚ-BIHAR,Esztár,670,739,519,416,77.46,56.29,-21.17,-103,-27.33,-19.85,10.3,Nagyközség
SOMOGY,Juta,694,759,359,256,51.73,33.73,-18,-103,-34.8,-28.69,9.37,Nagyközség
GYŐR-MOSON-SOPRON,Veszprémvarsány,582,632,344,241,59.11,38.13,-20.98,-103,-35.49,-29.94,8.59,Nagyközség
PEST,Acsa,736,790,471,368,63.99,46.58,-17.41,-103,-27.21,-21.87,7.34,Nagyközség
SOMOGY,Látrány,769,814,497,394,64.63,48.4,-16.23,-103,-25.11,-20.72,5.85,Nagyközség
PEST,Szigetújfalu,1249,1471,551,449,44.12,30.52,-13.6,-102,-30.83,-18.51,17.77,Nagyközség
JÁSZ-NAGYKUN-SZOLNOK,Szászberek,569,660,344,242,60.46,36.67,-23.79,-102,-39.35,-29.65,15.99,Kisközség
GYŐR-MOSON-SOPRON,Kajárpéc,705,804,480,378,68.09,47.01,-21.08,-102,-30.96,-21.25,14.04,Nagyközség
BÉKÉS,Csabacsűd,943,1072,541,439,57.37,40.95,-16.42,-102,-28.62,-18.85,13.68,Nagyközség
HEVES,Kerekharaszt,570,630,353,251,61.93,39.84,-22.09,-102,-35.67,-28.9,10.53,Kisközség
BORSOD-ABAÚJ-ZEMPLÉN,Kesznyéten,760,827,601,499,79.08,60.34,-18.74,-102,-23.7,-16.97,8.82,Nagyközség
BÉKÉS,Kevermes,771,829,518,416,67.19,50.18,-17.01,-102,-25.32,-19.69,7.52,Nagyközség
NÓGRÁD,Nőtincs,736,790,464,362,63.04,45.82,-17.22,-102,-27.32,-21.98,7.34,Nagyközség
GYŐR-MOSON-SOPRON,Kimle,1221,1430,737,636,60.36,44.48,-15.88,-101,-26.31,-13.7,17.12,Nagyközség
NÓGRÁD,Nógrád,912,1063,535,434,58.66,40.83,-17.83,-101,-30.4,-18.88,16.56,Nagyközség
JÁSZ-NAGYKUN-SZOLNOK,Csépa,687,763,491,390,71.47,51.11,-20.36,-101,-28.49,-20.57,11.06,Nagyközség
BÁCS-KISKUN,Kaskantyú,521,550,399,298,76.58,54.18,-22.4,-101,-29.25,-25.31,5.57,Kisközség
ZALA,Egervár,624,654,436,335,69.87,51.22,-18.65,-101,-26.69,-23.17,4.81,Nagyközség
BORSOD-ABAÚJ-ZEMPLÉN,Prügy,1149,1192,891,790,77.55,66.28,-11.27,-101,-14.53,-11.34,3.74,Nagyközség
GYŐR-MOSON-SOPRON,Börcs,743,896,404,304,54.37,33.93,-20.44,-100,-37.59,-24.75,20.59,Nagyközség
BARANYA,Sellye,1307,1512,695,595,53.18,39.35,-13.83,-100,-26.01,-14.39,15.68,Város
BÁCS-KISKUN,Felsőszentiván,940,1057,529,429,56.28,40.59,-15.69,-100,-27.88,-18.9,12.45,Nagyközség
HAJDÚ-BIHAR,Nagyrábé,969,1081,651,551,67.18,50.97,-16.21,-100,-24.13,-15.36,11.56,Nagyközség
SZABOLCS-SZATMÁR-BEREG,Szabolcsbáka,563,627,378,278,67.14,44.34,-22.8,-100,-33.96,-26.46,11.37,Nagyközség
FEJÉR,Csákberény,713,785,481,381,67.46,48.54,-18.92,-100,-28.05,-20.79,10.1,Nagyközség
BÁCS-KISKUN,Gátér,508,559,330,230,64.96,41.14,-23.82,-100,-36.67,-30.3,10.04,Kisközség
BÁCS-KISKUN,Pirtó,528,558,343,243,64.96,43.55,-21.41,-100,-32.96,-29.15,5.68,Kisközség
BÉKÉS,Kamut,605,620,364,264,60.17,42.58,-17.59,-100,-29.23,-27.47,2.48,Kisközség
GYŐR-MOSON-SOPRON,Kisbajcs,589,603,327,227,55.52,37.65,-17.87,-100,-32.19,-30.58,2.38,Kisközség
GYŐR-MOSON-SOPRON,Máriakálnok,1128,1402,695,596,61.61,42.51,-19.1,-99,-31,-14.24,24.29,Nagyközség
HEVES,Apc,1190,1465,657,558,55.21,38.09,-17.12,-99,-31.01,-15.07,23.11,Nagyközség
KOMÁROM-ESZTERGOM,Süttő,1060,1296,544,445,51.32,34.34,-16.98,-99,-33.09,-18.2,22.26,Nagyközség
VESZPRÉM,Balatonfőkajár,707,818,443,344,62.66,42.05,-20.61,-99,-32.89,-22.35,15.7,Nagyközség
PEST,Tök,817,945,488,389,59.73,41.16,-18.57,-99,-31.09,-20.29,15.67,Nagyközség
GYŐR-MOSON-SOPRON,Vitnyéd,850,960,546,447,64.24,46.56,-17.68,-99,-27.52,-18.13,12.94,Nagyközség
SZABOLCS-SZATMÁR-BEREG,Őr,690,775,489,390,70.87,50.32,-20.55,-99,-29,-20.25,12.32,Nagyközség
BÉKÉS,Lőkösháza,830,907,484,385,58.31,42.45,-15.86,-99,-27.2,-20.45,9.28,Nagyközség
BORSOD-ABAÚJ-ZEMPLÉN,Pálháza,605,644,323,224,53.39,34.78,-18.61,-99,-34.86,-30.65,6.45,Város
GYŐR-MOSON-SOPRON,Fertőszéplak,734,943,479,381,65.26,40.4,-24.86,-98,-38.09,-20.46,28.47,Nagyközség
NÓGRÁD,Nézsa,672,766,464,366,69.05,47.78,-21.27,-98,-30.8,-21.12,13.99,Nagyközség
BÁCS-KISKUN,Szakmár,583,655,320,222,54.89,33.89,-21,-98,-38.26,-30.63,12.35,Nagyközség
VAS,Őriszentpéter,691,704,391,293,56.58,41.62,-14.96,-98,-26.44,-25.06,1.88,Város
BORSOD-ABAÚJ-ZEMPLÉN,Taktabáj,275,249,240,142,87.27,57.03,-30.24,-98,-34.65,-40.83,-9.45,Kisközség
BORSOD-ABAÚJ-ZEMPLÉN,Igrici,468,566,327,230,69.87,40.64,-29.23,-97,-41.83,-29.66,20.94,Nagyközség
ZALA,Alsópáhok,823,959,516,419,62.7,43.69,-19.01,-97,-30.32,-18.8,16.52,Nagyközség
SZABOLCS-SZATMÁR-BEREG,Tiszabercel,882,972,699,602,79.25,61.93,-17.32,-97,-21.85,-13.88,10.2,Nagyközség
BORSOD-ABAÚJ-ZEMPLÉN,Ináncs,582,627,392,295,67.35,47.05,-20.3,-97,-30.14,-24.74,7.73,Nagyközség
BORSOD-ABAÚJ-ZEMPLÉN,Csobád,351,346,258,161,73.5,46.53,-26.97,-97,-36.69,-37.6,-1.42,Kisközség
FEJÉR,Csór,1031,1251,609,513,59.07,41.01,-18.06,-96,-30.57,-15.76,21.34,Nagyközség
SOMOGY,Balatonkeresztúr,931,1075,465,369,49.95,34.33,-15.62,-96,-31.27,-20.65,15.47,Nagyközség
HEVES,Markaz,1037,1197,532,436,51.3,36.42,-14.88,-96,-29.01,-18.05,15.43,Nagyközség
FEJÉR,Csabdi,756,864,485,389,64.15,45.02,-19.13,-96,-29.82,-19.79,14.29,Nagyközség
HEVES,Pély,511,581,379,283,74.17,48.71,-25.46,-96,-34.33,-25.33,13.7,Nagyközség
SZABOLCS-SZATMÁR-BEREG,Ramocsaháza,655,739,490,394,74.81,53.32,-21.49,-96,-28.73,-19.59,12.82,Nagyközség
ZALA,Várvölgy,572,587,413,317,72.2,54,-18.2,-96,-25.21,-23.24,2.62,Kisközség
PEST,Pócsmegyer,1526,1930,821,726,53.8,37.62,-16.18,-95,-30.07,-11.57,26.47,Nagyközség
GYŐR-MOSON-SOPRON,Mosonszolnok,968,1182,621,526,64.15,44.5,-19.65,-95,-30.63,-15.3,22.11,Nagyközség
CSONGRÁD-CSANÁD,Ópusztaszer,915,1074,493,398,53.88,37.06,-16.82,-95,-31.22,-19.27,17.38,Nagyközség
GYŐR-MOSON-SOPRON,Ravazd,700,795,434,339,62,42.64,-19.36,-95,-31.23,-21.89,13.57,Nagyközség
ZALA,Gutorfölde,546,563,315,220,57.69,39.08,-18.61,-95,-32.26,-30.16,3.11,Kisközség
TOLNA,Dalmand,627,644,431,336,68.74,52.17,-16.57,-95,-24.11,-22.04,2.71,Nagyközség
BORSOD-ABAÚJ-ZEMPLÉN,Berzék,494,494,360,265,72.87,53.64,-19.23,-95,-26.39,-26.39,0,Kisközség
BORSOD-ABAÚJ-ZEMPLÉN,Gelej,338,323,254,159,75.15,49.23,-25.92,-95,-34.49,-37.4,-4.44,Kisközség
PEST,Pilisszentlászló,671,816,345,251,51.42,30.76,-20.66,-94,-40.18,-27.25,21.61,Nagyközség
BÁCS-KISKUN,Szeremle,674,792,465,371,68.99,46.84,-22.15,-94,-32.11,-20.22,17.51,Nagyközség
FEJÉR,Jenő,663,770,455,361,68.63,46.88,-21.75,-94,-31.69,-20.66,16.14,Nagyközség
PEST,Verseg,644,742,438,344,68.01,46.36,-21.65,-94,-31.83,-21.46,15.22,Nagyközség
GYŐR-MOSON-SOPRON,Tápszentmiklós,519,587,308,214,59.34,36.46,-22.88,-94,-38.56,-30.52,13.1,Kisközség
SZABOLCS-SZATMÁR-BEREG,Tornyospálca,1129,1275,715,621,63.33,48.71,-14.62,-94,-23.09,-13.15,12.93,Nagyközség
SOMOGY,Kéthely,1071,1192,651,557,60.78,46.73,-14.05,-94,-23.12,-14.44,11.3,Nagyközség
SZABOLCS-SZATMÁR-BEREG,Tyukod,887,983,645,551,72.72,56.05,-16.67,-94,-22.92,-14.57,10.82,Nagyközség
SZABOLCS-SZATMÁR-BEREG,Nyírjákó,495,512,334,240,67.47,46.88,-20.59,-94,-30.52,-28.14,3.43,Kisközség
BÉKÉS,Mezőgyán,503,516,355,261,70.58,50.58,-20,-94,-28.34,-26.48,2.58,Kisközség
GYŐR-MOSON-SOPRON,Nagyszentjános,1048,1347,672,579,64.12,42.98,-21.14,-93,-32.97,-13.84,28.53,Nagyközség
BÉKÉS,Kétsoprony,698,782,453,360,64.9,46.04,-18.86,-93,-29.06,-20.53,12.03,Nagyközség
VESZPRÉM,Csót,514,548,374,281,72.76,51.28,-21.48,-93,-29.52,-24.87,6.61,Kisközség
CSONGRÁD-CSANÁD,Felgyő,648,687,393,300,60.65,43.67,-16.98,-93,-28,-23.66,6.02,Nagyközség
BORSOD-ABAÚJ-ZEMPLÉN,Varbó,663,694,313,220,47.21,31.7,-15.51,-93,-32.85,-29.71,4.68,Nagyközség
GYŐR-MOSON-SOPRON,Nagylózs,573,593,348,255,60.73,43,-17.73,-93,-29.19,-26.72,3.49,Kisközség
VAS,Rum,601,742,396,304,65.89,40.97,-24.92,-92,-37.82,-23.23,23.46,Nagyközség
PEST,Galgamácsa,1014,1217,592,500,58.38,41.08,-17.3,-92,-29.63,-15.54,20.02,Nagyközség
TOLNA,Döbrököz,868,997,578,486,66.59,48.75,-17.84,-92,-26.79,-15.92,14.86,Nagyközség
SOMOGY,Balatonfenyves,1137,1294,672,580,59.1,44.82,-14.28,-92,-24.16,-13.69,13.81,Nagyközség
BORSOD-ABAÚJ-ZEMPLÉN,Tiszapalkonya,699,794,427,335,61.09,42.19,-18.9,-92,-30.94,-21.55,13.59,Nagyközség
BORSOD-ABAÚJ-ZEMPLÉN,Tiszakarád,774,874,632,540,81.65,61.78,-19.87,-92,-24.34,-14.56,12.92,Nagyközség
SZABOLCS-SZATMÁR-BEREG,Hodász,1318,1484,1072,980,81.34,66.04,-15.3,-92,-18.81,-8.58,12.59,Nagyközség
VAS,Lukácsháza,675,752,433,341,64.15,45.35,-18.8,-92,-29.31,-21.25,11.41,Nagyközség
GYŐR-MOSON-SOPRON,Agyagosszergény,595,660,387,295,65.04,44.7,-20.34,-92,-31.27,-23.77,10.92,Kisközség
BARANYA,Mágocs,1154,1253,620,528,53.73,42.14,-11.59,-92,-21.57,-14.84,8.58,Város
VESZPRÉM,Badacsonytördemic,498,533,283,191,56.83,35.83,-21,-92,-36.95,-32.51,7.03,Kisközség
TOLNA,Tolnanémedi,503,530,350,258,69.58,48.68,-20.9,-92,-30.04,-26.29,5.37,Kisközség
SOMOGY,Andocs,531,522,365,273,68.74,52.3,-16.44,-92,-23.92,-25.21,-1.69,Kisközség
BORSOD-ABAÚJ-ZEMPLÉN,Perkupa,361,347,284,192,78.67,55.33,-23.34,-92,-29.67,-32.39,-3.88,Kisközség
NÓGRÁD,Ipolyszög,336,316,219,127,65.18,40.19,-24.99,-92,-38.34,-42.01,-5.95,Kisközség
SOMOGY,Ságvár,1045,1250,622,531,59.52,42.48,-17.04,-91,-28.63,-14.63,19.62,Nagyközség
PEST,Csörög,1045,1226,663,572,63.44,46.66,-16.78,-91,-26.45,-13.73,17.32,Nagyközség
BARANYA,Hobol,495,575,267,176,53.94,30.61,-23.33,-91,-43.25,-34.08,16.16,Kisközség
SOMOGY,Kőröshegy,764,881,458,367,59.95,41.66,-18.29,-91,-30.51,-19.87,15.31,Nagyközség
PEST,Valkó,1158,1331,771,680,66.58,51.09,-15.49,-91,-23.27,-11.8,14.94,Nagyközség
JÁSZ-NAGYKUN-SZOLNOK,Pusztamonostor,842,958,570,479,67.7,50,-17.7,-91,-26.14,-15.96,13.78,Nagyközség
FEJÉR,Zichyújfalu,507,563,378,287,74.56,50.98,-23.58,-91,-31.63,-24.07,11.05,Kisközség
FEJÉR,Alap,928,1017,655,564,70.58,55.46,-15.12,-91,-21.42,-13.89,9.59,Nagyközség
NÓGRÁD,Borsosberény,467,509,278,187,59.53,36.74,-22.79,-91,-38.28,-32.73,8.99,Kisközség
VAS,Gyöngyösfalu,702,761,410,319,58.4,41.92,-16.48,-91,-28.22,-22.2,8.4,Nagyközség
VAS,Sé,850,920,466,375,54.82,40.76,-14.06,-91,-25.65,-19.53,8.24,Nagyközség
GYŐR-MOSON-SOPRON,Kunsziget,793,969,447,357,56.37,36.84,-19.53,-90,-34.65,-20.13,22.19,Nagyközség
PEST,Nyársapát,899,1071,556,466,61.85,43.51,-18.34,-90,-29.65,-16.19,19.13,Nagyközség
ZALA,Tótszerdahely,599,667,364,274,60.77,41.08,-19.69,-90,-32.4,-24.73,11.35,Nagyközség
BÉKÉS,Sarkadkeresztúr,776,859,471,381,60.7,44.35,-16.35,-90,-26.94,-19.11,10.7,Nagyközség
SZABOLCS-SZATMÁR-BEREG,Fábiánháza,743,822,602,512,81.02,62.29,-18.73,-90,-23.12,-14.95,10.63,Nagyközség
BÁCS-KISKUN,Tataháza,555,604,351,261,63.24,43.21,-20.03,-90,-31.67,-25.64,8.83,Nagyközség
BORSOD-ABAÚJ-ZEMPLÉN,Bánhorváti,685,742,454,364,66.28,49.06,-17.22,-90,-25.98,-19.82,8.32,Nagyközség
SOMOGY,Somogyudvarhely,565,609,378,288,66.9,47.29,-19.61,-90,-29.31,-23.81,7.79,Kisközség
TOLNA,Pusztahencse,490,528,373,283,76.12,53.6,-22.52,-90,-29.58,-24.13,7.76,Kisközség
HAJDÚ-BIHAR,Hortobágy,747,799,382,292,51.14,36.55,-14.59,-90,-28.53,-23.56,6.96,Nagyközség
GYŐR-MOSON-SOPRON,Mihályi,698,743,544,454,77.94,61.1,-16.84,-90,-21.61,-16.54,6.45,Nagyközség
PEST,Pilisjászfalu,1044,1381,467,378,44.73,27.37,-17.36,-89,-38.81,-19.06,32.28,Nagyközség
GYŐR-MOSON-SOPRON,Győrság,908,1147,596,507,65.64,44.2,-21.44,-89,-32.66,-14.93,26.32,Nagyközség
VESZPRÉM,Mezőlak,500,574,343,254,68.6,44.25,-24.35,-89,-35.5,-25.95,14.8,Kisközség
FEJÉR,Mezőszilas,955,1077,687,598,71.94,55.52,-16.42,-89,-22.82,-12.95,12.77,Nagyközség
SZABOLCS-SZATMÁR-BEREG,Szamosszeg,869,942,678,589,78.02,62.53,-15.49,-89,-19.85,-13.13,8.4,Nagyközség
SOMOGY,Balatonszentgyörgy,873,937,493,404,56.47,43.12,-13.35,-89,-23.64,-18.05,7.33,Nagyközség
PEST,Galgagyörk,525,556,354,265,67.43,47.66,-19.77,-89,-29.32,-25.14,5.9,Kisközség
VAS,Kemenesmagasi,498,523,376,287,75.5,54.88,-20.62,-89,-27.31,-23.67,5.02,Kisközség
CSONGRÁD-CSANÁD,Pusztamérges,561,580,363,274,64.71,47.24,-17.47,-89,-27,-24.52,3.39,Nagyközség
BORSOD-ABAÚJ-ZEMPLÉN,Bodrogkisfalud,478,490,267,178,55.86,36.33,-19.53,-89,-34.96,-33.33,2.51,Kisközség
NÓGRÁD,Szurdokpüspöki,1009,1188,586,498,58.08,41.92,-16.16,-88,-27.82,-15.02,17.74,Nagyközség
BORSOD-ABAÚJ-ZEMPLÉN,Rátka,536,624,203,115,37.87,18.43,-19.44,-88,-51.33,-43.35,16.42,Kisközség
SZABOLCS-SZATMÁR-BEREG,Nyírvasvári,940,1070,718,630,76.38,58.88,-17.5,-88,-22.91,-12.26,13.83,Nagyközség
ZALA,Bocfölde,674,766,414,326,61.42,42.56,-18.86,-88,-30.71,-21.26,13.65,Nagyközség
FEJÉR,Szár,1026,1160,481,393,46.88,33.88,-13,-88,-27.73,-18.3,13.06,Nagyközség
HEVES,Pétervására,1109,1248,670,582,60.41,46.63,-13.78,-88,-22.81,-13.13,12.53,Város
PEST,Szigetbecse,802,898,472,384,58.85,42.76,-16.09,-88,-27.34,-18.64,11.97,Nagyközség
BÁCS-KISKUN,Tabdi,603,675,421,333,69.82,49.33,-20.49,-88,-29.35,-20.9,11.94,Nagyközség
VAS,Nádasd,811,899,594,506,73.24,56.28,-16.96,-88,-23.16,-14.81,10.85,Nagyközség
TOLNA,Várdomb,649,716,347,259,53.47,36.17,-17.3,-88,-32.35,-25.36,10.32,Nagyközség
NÓGRÁD,Vizslás,633,691,362,274,57.19,39.65,-17.54,-88,-30.67,-24.31,9.16,Nagyközség
VESZPRÉM,Balatonakali,439,469,261,173,59.45,36.89,-22.56,-88,-37.95,-33.72,6.83,Kisközség
NÓGRÁD,Vanyarc,602,643,400,312,66.45,48.52,-17.93,-88,-26.98,-22,6.81,Nagyközség
BORSOD-ABAÚJ-ZEMPLÉN,Hidasnémeti,446,443,279,191,62.56,43.12,-19.44,-88,-31.07,-31.54,-0.67,Nagyközség
BORSOD-ABAÚJ-ZEMPLÉN,Vilmány,484,466,413,325,85.33,69.74,-15.59,-88,-18.27,-21.31,-3.72,Nagyközség
BARANYA,Szederkény,910,1066,475,388,52.2,36.4,-15.8,-87,-30.27,-18.32,17.14,Nagyközség
PEST,Pánd,817,947,485,398,59.36,42.03,-17.33,-87,-29.19,-17.94,15.91,Nagyközség
HAJDÚ-BIHAR,Zsáka,671,768,442,355,65.87,46.22,-19.65,-87,-29.83,-19.68,14.46,Nagyközség
KOMÁROM-ESZTERGOM,Réde,735,828,490,403,66.67,48.67,-18,-87,-27,-17.76,12.65,Nagyközség
GYŐR-MOSON-SOPRON,Lövő,866,961,518,431,59.82,44.85,-14.97,-87,-25.03,-16.8,10.97,Nagyközség
BARANYA,Gödre,392,418,288,201,73.47,48.09,-25.38,-87,-34.54,-30.21,6.63,Kisközség
SZABOLCS-SZATMÁR-BEREG,Laskod,461,487,293,206,63.56,42.3,-21.26,-87,-33.45,-29.69,5.64,Kisközség
BORSOD-ABAÚJ-ZEMPLÉN,Ricse,587,601,371,284,63.2,47.25,-15.95,-87,-25.24,-23.45,2.39,Nagyközség
SZABOLCS-SZATMÁR-BEREG,Jánd,416,418,327,240,78.61,57.42,-21.19,-87,-26.96,-26.61,0.48,Kisközség
BORSOD-ABAÚJ-ZEMPLÉN,Taktakenéz,507,468,419,332,82.64,70.94,-11.7,-87,-14.16,-20.76,-7.69,Nagyközség
BÁCS-KISKUN,Dunaegyháza,699,848,360,274,51.5,32.31,-19.19,-86,-37.26,-23.89,21.32,Nagyközség
VAS,Táplánszentkereszt,1436,1739,832,746,57.94,42.9,-15.04,-86,-25.96,-10.34,21.1,Nagyközség
HEVES,Tenk,605,710,370,284,61.16,40,-21.16,-86,-34.6,-23.24,17.36,Nagyközség
VESZPRÉM,Papkeszi,780,905,425,339,54.49,37.46,-17.03,-86,-31.25,-20.24,16.03,Nagyközség
HEVES,Nagyfüged,707,792,533,447,75.39,56.44,-18.95,-86,-25.14,-16.14,12.02,Nagyközség
ZALA,Rédics,505,558,330,244,65.35,43.73,-21.62,-86,-33.08,-26.06,10.5,Kisközség
VAS,Vasszécseny,822,899,454,368,55.23,40.93,-14.3,-86,-25.89,-18.94,9.37,Nagyközség
SOMOGY,Balatonberény,632,691,331,245,52.37,35.46,-16.91,-86,-32.29,-25.98,9.34,Nagyközség
BORSOD-ABAÚJ-ZEMPLÉN,Hejőpapi,450,492,290,204,64.44,41.46,-22.98,-86,-35.66,-29.66,9.33,Nagyközség
VAS,Sorokpolány,471,508,321,235,68.15,46.26,-21.89,-86,-32.12,-26.79,7.86,Kisközség
BÁCS-KISKUN,Katymár,771,795,482,396,62.52,49.81,-12.71,-86,-20.33,-17.84,3.11,Nagyközség
BORSOD-ABAÚJ-ZEMPLÉN,Szalaszend,406,418,274,188,67.49,44.98,-22.51,-86,-33.35,-31.39,2.96,Nagyközség
NÓGRÁD,Patak,510,524,352,266,69.02,50.76,-18.26,-86,-26.46,-24.43,2.75,Kisközség
SOMOGY,Tarany,539,624,344,259,63.82,41.51,-22.31,-85,-34.96,-24.71,15.77,Nagyközség
KOMÁROM-ESZTERGOM,Tárkány,742,856,516,431,69.54,50.35,-19.19,-85,-27.6,-16.47,15.36,Nagyközség
KOMÁROM-ESZTERGOM,Vértessomló,846,974,354,269,41.84,27.62,-14.22,-85,-33.99,-24.01,15.13,Nagyközség
CSONGRÁD-CSANÁD,Kübekháza,738,844,359,274,48.64,32.46,-16.18,-85,-33.26,-23.68,14.36,Nagyközség
BÁCS-KISKUN,Homokmégy,675,768,375,290,55.56,37.76,-17.8,-85,-32.04,-22.67,13.78,Nagyközség
VAS,Csákánydoroszló,871,985,578,493,66.36,50.05,-16.31,-85,-24.58,-14.71,13.09,Nagyközség
SOMOGY,Nagyberény,690,778,428,343,62.03,44.09,-17.94,-85,-28.92,-19.86,12.75,Nagyközség
ZALA,Zalaapáti,785,881,546,461,69.55,52.33,-17.22,-85,-24.76,-15.57,12.23,Nagyközség
HAJDÚ-BIHAR,Tépe,532,595,386,301,72.56,50.59,-21.97,-85,-30.28,-22.02,11.84,Nagyközség
BORSOD-ABAÚJ-ZEMPLÉN,Erdőbénye,515,563,350,265,67.96,47.07,-20.89,-85,-30.74,-24.29,9.32,Kisközség
SOMOGY,Gyékényes,536,565,358,273,66.79,48.32,-18.47,-85,-27.65,-23.74,5.41,Kisközség
VAS,Vassurány,510,500,342,257,67.06,51.4,-15.66,-85,-23.35,-24.85,-1.96,Kisközség
BARANYA,Drávaszabolcs,339,369,225,141,66.37,38.21,-28.16,-84,-42.43,-37.33,8.85,Kisközség
VESZPRÉM,Monostorapáti,635,686,417,333,65.67,48.54,-17.13,-84,-26.08,-20.14,8.03,Nagyközség
VAS,Gersekarát,414,440,301,217,72.71,49.32,-23.39,-84,-32.17,-27.91,6.28,Kisközség
ZALA,Páka,614,636,402,318,65.47,50,-15.47,-84,-23.63,-20.9,3.58,Kisközség
BARANYA,Mindszentgodisa,375,384,251,167,66.93,43.49,-23.44,-84,-35.02,-33.47,2.4,Kisközség
BÉKÉS,Nagybánhegyes,651,665,361,277,55.45,41.65,-13.8,-84,-24.89,-23.27,2.15,Nagyközség
SZABOLCS-SZATMÁR-BEREG,Tisztaberek,316,319,284,200,89.87,62.7,-27.17,-84,-30.23,-29.58,0.95,Kisközség
BORSOD-ABAÚJ-ZEMPLÉN,Borsodszentgyörgy,561,562,347,263,61.85,46.8,-15.05,-84,-24.33,-24.21,0.18,Nagyközség
BARANYA,Old,145,117,134,50,92.41,42.74,-49.67,-84,-53.75,-62.69,-19.31,Kisközség
SZABOLCS-SZATMÁR-BEREG,Nyírbogdány,1350,1590,838,755,62.07,47.48,-14.59,-83,-23.51,-9.9,17.78,Nagyközség
BORSOD-ABAÚJ-ZEMPLÉN,Szomolya,762,890,473,390,62.07,43.82,-18.25,-83,-29.4,-17.55,16.8,Nagyközség
NÓGRÁD,Dejtár,681,785,429,346,63,44.08,-18.92,-83,-30.03,-19.35,15.27,Nagyközség
SZABOLCS-SZATMÁR-BEREG,Nyírtét,528,605,364,281,68.94,46.45,-22.49,-83,-32.62,-22.8,14.58,Kisközség
HAJDÚ-BIHAR,Tetétlen,618,708,431,348,69.74,49.15,-20.59,-83,-29.52,-19.26,14.56,Nagyközség
BORSOD-ABAÚJ-ZEMPLÉN,Tibolddaróc,642,732,359,276,55.92,37.7,-18.22,-83,-32.58,-23.12,14.02,Nagyközség
JÁSZ-NAGYKUN-SZOLNOK,Nagykörű,760,850,489,406,64.34,47.76,-16.58,-83,-25.77,-16.97,11.84,Nagyközség
TOLNA,Gyönk,898,996,576,493,64.14,49.5,-14.64,-83,-22.83,-14.41,10.91,Város
VESZPRÉM,Lovászpatona,603,664,479,396,79.44,59.64,-19.8,-83,-24.92,-17.33,10.12,Nagyközség
VAS,Gérce,588,632,396,313,67.35,49.53,-17.82,-83,-26.46,-20.96,7.48,Nagyközség
SZABOLCS-SZATMÁR-BEREG,Rohod,619,665,491,408,79.32,61.35,-17.97,-83,-22.66,-16.9,7.43,Nagyközség
NÓGRÁD,Karancskeszi,809,869,543,460,67.12,52.93,-14.19,-83,-21.14,-15.29,7.42,Nagyközség
KOMÁROM-ESZTERGOM,Dad,625,663,373,290,59.68,43.74,-15.94,-83,-26.71,-22.25,6.08,Kisközség
PEST,Vácduka,918,1161,493,411,53.7,35.4,-18.3,-82,-34.08,-16.63,26.47,Nagyközség
VESZPRÉM,Tótvázsony,775,909,432,350,55.74,38.5,-17.24,-82,-30.93,-18.98,17.29,Nagyközség
ZALA,Újudvar,512,593,303,221,59.18,37.27,-21.91,-82,-37.02,-27.06,15.82,Kisközség
SOMOGY,Kaposszerdahely,532,613,306,224,57.52,36.54,-20.98,-82,-36.47,-26.8,15.23,Kisközség
BÁCS-KISKUN,Soltszentimre,651,749,476,394,73.12,52.6,-20.52,-82,-28.06,-17.23,15.05,Nagyközség
HEVES,Szűcsi,870,997,543,461,62.41,46.24,-16.17,-82,-25.91,-15.1,14.6,Nagyközség
HEVES,Kápolna,699,798,449,367,64.23,45.99,-18.24,-82,-28.4,-18.26,14.16,Nagyközség
BORSOD-ABAÚJ-ZEMPLÉN,Cserépfalu,604,662,356,274,58.94,41.39,-17.55,-82,-29.78,-23.03,9.6,Kisközség
SOMOGY,Baté,422,446,235,153,55.69,34.3,-21.39,-82,-38.41,-34.89,5.69,Kisközség
GYŐR-MOSON-SOPRON,Rábatamási,615,648,443,361,72.03,55.71,-16.32,-82,-22.66,-18.51,5.37,Kisközség
SOMOGY,Pusztakovácsi,405,395,338,256,83.46,64.81,-18.65,-82,-22.35,-24.26,-2.47,Kisközség
SZABOLCS-SZATMÁR-BEREG,Szakoly,1192,1474,789,708,66.19,48.03,-18.16,-81,-27.44,-10.27,23.66,Nagyközség
GYŐR-MOSON-SOPRON,Fertőrákos,1247,1487,587,506,47.07,34.03,-13.04,-81,-27.7,-13.8,19.25,Nagyközség
FEJÉR,Sukoró,1191,1417,582,501,48.87,35.36,-13.51,-81,-27.64,-13.92,18.98,Nagyközség
GYŐR-MOSON-SOPRON,Nagybajcs,665,789,392,311,58.95,39.42,-19.53,-81,-33.13,-20.66,18.65,Nagyközség
GYŐR-MOSON-SOPRON,Babót,621,725,402,321,64.73,44.28,-20.45,-81,-31.59,-20.15,16.75,Nagyközség
JÁSZ-NAGYKUN-SZOLNOK,Tiszaszentimre,849,988,586,505,69.02,51.11,-17.91,-81,-25.95,-13.82,16.37,Nagyközség
TOLNA,Tengelic,1022,1186,659,578,64.48,48.74,-15.74,-81,-24.41,-12.29,16.05,Nagyközség
FEJÉR,Dég,972,1125,665,584,68.42,51.91,-16.51,-81,-24.13,-12.18,15.74,Nagyközség
BARANYA,Baksa,406,468,240,159,59.11,33.97,-25.14,-81,-42.53,-33.75,15.27,Kisközség
BORSOD-ABAÚJ-ZEMPLÉN,Dédestapolcsány,701,807,341,260,48.64,32.22,-16.42,-81,-33.76,-23.75,15.12,Nagyközség
BÉKÉS,Battonya,2294,2616,1159,1078,50.52,41.21,-9.31,-81,-18.43,-6.99,14.04,Város
FEJÉR,Óbarok,468,532,276,195,58.97,36.65,-22.32,-81,-37.85,-29.35,13.68,Kisközség
BORSOD-ABAÚJ-ZEMPLÉN,Sajóbábony,1196,1356,636,555,53.18,40.93,-12.25,-81,-23.03,-12.74,13.38,Város
SOMOGY,Mernye,712,806,404,323,56.74,40.07,-16.67,-81,-29.38,-20.05,13.2,Nagyközség
BÁCS-KISKUN,Felsőlajos,525,594,355,274,67.62,46.13,-21.49,-81,-31.78,-22.82,13.14,Kisközség
BORSOD-ABAÚJ-ZEMPLÉN,Borsodbóta,318,358,188,107,59.12,29.89,-29.23,-81,-49.44,-43.09,12.58,Kisközség
BÁCS-KISKUN,Dávod,892,998,573,492,64.24,49.3,-14.94,-81,-23.26,-14.14,11.88,Nagyközség
BORSOD-ABAÚJ-ZEMPLÉN,Novajidrány,534,591,401,320,75.09,54.15,-20.94,-81,-27.89,-20.2,10.67,Nagyközség
PEST,Vámosmikola,726,795,534,453,73.55,56.98,-16.57,-81,-22.53,-15.17,9.5,Nagyközség
SZABOLCS-SZATMÁR-BEREG,Tiszaszentmárton,549,571,407,326,74.13,57.09,-17.04,-81,-22.99,-19.9,4.01,Nagyközség
HEVES,Halmajugra,528,542,401,320,75.95,59.04,-16.91,-81,-22.26,-20.2,2.65,Nagyközség
SZABOLCS-SZATMÁR-BEREG,Méhtelek,345,351,272,191,78.84,54.42,-24.42,-81,-30.97,-29.78,1.74,Kisközség
BORSOD-ABAÚJ-ZEMPLÉN,Boldogkőújfalu,208,210,187,106,89.9,50.48,-39.42,-81,-43.85,-43.32,0.96,Kisközség
VAS,Bő,448,447,294,213,65.62,47.65,-17.97,-81,-27.38,-27.55,-0.22,Kisközség
BÉKÉS,Medgyesbodzás,464,454,257,176,55.39,38.77,-16.62,-81,-30.01,-31.52,-2.16,Kisközség
BORSOD-ABAÚJ-ZEMPLÉN,Szuhogy,477,545,330,250,69.18,45.87,-23.31,-80,-33.69,-24.24,14.26,Nagyközség
KOMÁROM-ESZTERGOM,Császár,977,1105,580,500,59.37,45.25,-14.12,-80,-23.78,-13.79,13.1,Nagyközség
SOMOGY,Szőlősgyörök,688,776,455,375,66.13,48.32,-17.81,-80,-26.93,-17.58,12.79,Nagyközség
BORSOD-ABAÚJ-ZEMPLÉN,Bükkszentkereszt,633,707,350,270,55.29,38.19,-17.1,-80,-30.93,-22.86,11.69,Nagyközség
KOMÁROM-ESZTERGOM,Pilismarót,1140,1271,684,604,60,47.52,-12.48,-80,-20.8,-11.7,11.49,Nagyközség
BÁCS-KISKUN,Géderlak,492,544,298,218,60.57,40.07,-20.5,-80,-33.85,-26.85,10.57,Kisközség
SZABOLCS-SZATMÁR-BEREG,Nábrád,496,540,338,258,68.15,47.78,-20.37,-80,-29.89,-23.67,8.87,Kisközség
BÁCS-KISKUN,Zsana,391,425,253,173,64.71,40.71,-24,-80,-37.09,-31.62,8.7,Kisközség
VAS,Pecöl,471,503,328,248,69.64,49.3,-20.34,-80,-29.21,-24.39,6.79,Kisközség
SZABOLCS-SZATMÁR-BEREG,Tiszamogyorós,342,330,246,166,71.93,50.3,-21.63,-80,-30.07,-32.52,-3.51,Kisközség
NÓGRÁD,Nagyoroszi,886,1115,528,449,59.59,40.27,-19.32,-79,-32.42,-14.96,25.85,Nagyközség
HAJDÚ-BIHAR,Monostorpályi,999,1242,626,547,62.66,44.04,-18.62,-79,-29.72,-12.62,24.32,Nagyközség
BÁCS-KISKUN,Kunadacs,693,830,522,443,75.32,53.37,-21.95,-79,-29.14,-15.13,19.77,Nagyközség
BORSOD-ABAÚJ-ZEMPLÉN,Györgytarló,207,242,135,56,65.22,23.14,-42.08,-79,-64.52,-58.52,16.91,Kisközség
BÁCS-KISKUN,Balotaszállás,651,760,441,362,67.74,47.63,-20.11,-79,-29.69,-17.91,16.74,Nagyközség
ZALA,Söjtör,699,816,392,313,56.08,38.36,-17.72,-79,-31.6,-20.15,16.74,Nagyközség
VESZPRÉM,Balatonakarattya,576,669,309,230,53.65,34.38,-19.27,-79,-35.92,-25.57,16.15,Kisközség
BORSOD-ABAÚJ-ZEMPLÉN,Vajdácska,529,612,372,293,70.32,47.88,-22.44,-79,-31.91,-21.24,15.69,Nagyközség
BÁCS-KISKUN,Borota,593,686,351,272,59.19,39.65,-19.54,-79,-33.01,-22.51,15.68,Nagyközség
BORSOD-ABAÚJ-ZEMPLÉN,Sajóecseg,604,694,331,252,54.8,36.31,-18.49,-79,-33.74,-23.87,14.9,Kisközség
HEVES,Balaton,488,556,281,202,57.58,36.33,-21.25,-79,-36.91,-28.11,13.93,Kisközség
BÁCS-KISKUN,Fülöpháza,482,547,299,220,62.03,40.22,-21.81,-79,-35.16,-26.42,13.49,Kisközség
GYŐR-MOSON-SOPRON,Petőháza,667,747,400,321,59.97,42.97,-17,-79,-28.35,-19.75,11.99,Nagyközség
ZALA,Csömödér,306,339,212,133,69.28,39.23,-30.05,-79,-43.37,-37.26,10.78,Kisközség
TOLNA,Cikó,515,566,345,266,66.99,47,-19.99,-79,-29.84,-22.9,9.9,Kisközség
TOLNA,Kölesd,680,747,478,399,70.29,53.41,-16.88,-79,-24.01,-16.53,9.85,Nagyközség
SZABOLCS-SZATMÁR-BEREG,Encsencs,829,910,713,634,86.01,69.67,-16.34,-79,-19,-11.08,9.77,Nagyközség
BÉKÉS,Pusztaföldvár,771,843,423,344,54.86,40.81,-14.05,-79,-25.61,-18.68,9.34,Nagyközség
PEST,Kemence,523,541,355,276,67.88,51.02,-16.86,-79,-24.84,-22.25,3.44,Kisközség
HAJDÚ-BIHAR,Tiszagyulaháza,363,372,230,151,63.36,40.59,-22.77,-79,-35.94,-34.35,2.48,Kisközség
BARANYA,Dencsháza,244,247,181,102,74.18,41.3,-32.88,-79,-44.32,-43.65,1.23,Kisközség
SZABOLCS-SZATMÁR-BEREG,Tiszanagyfalu,850,999,542,464,63.76,46.45,-17.31,-78,-27.15,-14.39,17.53,Nagyközség
SOMOGY,Nagyberki,696,800,405,327,58.19,40.88,-17.31,-78,-29.75,-19.26,14.94,Nagyközség
SZABOLCS-SZATMÁR-BEREG,Nyírgelse,543,620,367,289,67.59,46.61,-20.98,-78,-31.04,-21.25,14.18,Nagyközség
SZABOLCS-SZATMÁR-BEREG,Nyírgyulaj,892,1014,561,483,62.89,47.63,-15.26,-78,-24.26,-13.9,13.68,Nagyközség
NÓGRÁD,Mátraterenye,826,936,516,438,62.47,46.79,-15.68,-78,-25.1,-15.12,13.32,Nagyközség
BÉKÉS,Tarhos,398,447,286,208,71.86,46.53,-25.33,-78,-35.25,-27.27,12.31,Kisközség
HEVES,Egerbakta,792,864,601,523,75.88,60.53,-15.35,-78,-20.23,-12.98,9.09,Nagyközség
ZALA,Hahót,544,587,372,294,68.38,50.09,-18.29,-78,-26.75,-20.97,7.9,Kisközség
BORSOD-ABAÚJ-ZEMPLÉN,Szalonna,377,401,245,167,64.99,41.65,-23.34,-78,-35.91,-31.84,6.37,Kisközség
VAS,Oszkó,363,369,258,180,71.07,48.78,-22.29,-78,-31.36,-30.23,1.65,Kisközség
SZABOLCS-SZATMÁR-BEREG,Ura,323,307,233,155,72.14,50.49,-21.65,-78,-30.01,-33.48,-4.95,Kisközség
PEST,Budajenő,1330,1706,640,563,48.12,33,-15.12,-77,-31.42,-12.03,28.27,Nagyközség
FEJÉR,Kisláng,1055,1299,792,715,75.07,55.04,-20.03,-77,-26.68,-9.72,23.13,Nagyközség
GYŐR-MOSON-SOPRON,Ágfalva,1265,1520,660,583,52.17,38.36,-13.81,-77,-26.47,-11.67,20.16,Nagyközség
ZALA,Zalakaros,1271,1515,687,610,54.05,40.26,-13.79,-77,-25.51,-11.21,19.2,Város
FEJÉR,Sárkeresztúr,864,1009,690,613,79.86,60.75,-19.11,-77,-23.93,-11.16,16.78,Nagyközség
BORSOD-ABAÚJ-ZEMPLÉN,Szuhakálló,471,548,266,189,56.48,34.49,-21.99,-77,-38.93,-28.95,16.35,Kisközség
BARANYA,Szalánta,640,741,353,276,55.16,37.25,-17.91,-77,-32.47,-21.81,15.78,Nagyközség
BORSOD-ABAÚJ-ZEMPLÉN,Méra,651,747,418,341,64.21,45.65,-18.56,-77,-28.91,-18.42,14.75,Nagyközség
HEVES,Boconád,665,762,383,306,57.59,40.16,-17.43,-77,-30.27,-20.1,14.59,Nagyközség
BORSOD-ABAÚJ-ZEMPLÉN,Monok,774,852,466,389,60.21,45.66,-14.55,-77,-24.17,-16.52,10.08,Nagyközség
BARANYA,Berkesd,417,444,251,174,60.19,39.19,-21,-77,-34.89,-30.68,6.47,Kisközség
GYŐR-MOSON-SOPRON,Szilsárkány,427,439,319,242,74.71,55.13,-19.58,-77,-26.21,-24.14,2.81,Kisközség
SZABOLCS-SZATMÁR-BEREG,Győrtelek,679,682,523,446,77.03,65.4,-11.63,-77,-15.1,-14.72,0.44,Nagyközség
BORSOD-ABAÚJ-ZEMPLÉN,Hollóháza,405,397,233,156,57.53,39.29,-18.24,-77,-31.71,-33.05,-1.98,Kisközség
BORSOD-ABAÚJ-ZEMPLÉN,Hangony,610,700,430,354,70.49,50.57,-19.92,-76,-28.26,-17.67,14.75,Nagyközség
PEST,Bénye,719,825,436,360,60.64,43.64,-17,-76,-28.03,-17.43,14.74,Nagyközség
JÁSZ-NAGYKUN-SZOLNOK,Berekfürdő,717,816,419,343,58.44,42.03,-16.41,-76,-28.08,-18.14,13.81,Nagyközség
GYŐR-MOSON-SOPRON,Felpéc,551,627,333,257,60.44,40.99,-19.45,-76,-32.18,-22.82,13.79,Kisközség
FEJÉR,Igar,423,477,321,245,75.89,51.36,-24.53,-76,-32.32,-23.68,12.77,Kisközség
BÁCS-KISKUN,Páhi,619,697,470,394,75.93,56.53,-19.4,-76,-25.55,-16.17,12.6,Nagyközség
SOMOGY,Bárdudvarnok,593,662,331,255,55.82,38.52,-17.3,-76,-30.99,-22.96,11.64,Nagyközség
FEJÉR,Tabajd,552,616,400,324,72.46,52.6,-19.86,-76,-27.41,-19,11.59,Nagyközség
VAS,Balogunyom,685,764,419,343,61.17,44.9,-16.27,-76,-26.6,-18.14,11.53,Nagyközség
BORSOD-ABAÚJ-ZEMPLÉN,Hejőkeresztúr,531,591,290,214,54.61,36.21,-18.4,-76,-33.69,-26.21,11.3,Kisközség
CSONGRÁD-CSANÁD,Magyarcsanád,624,692,451,375,72.28,54.19,-18.09,-76,-25.03,-16.85,10.9,Nagyközség
PEST,Káva,369,406,212,136,57.45,33.5,-23.95,-76,-41.69,-35.85,10.03,Kisközség
KOMÁROM-ESZTERGOM,Mogyorósbánya,526,578,251,175,47.72,30.28,-17.44,-76,-36.55,-30.28,9.89,Kisközség
TOLNA,Kaposszekcső,775,849,408,332,52.65,39.1,-13.55,-76,-25.74,-18.63,9.55,Nagyközség
BARANYA,Véménd,628,685,310,234,49.36,34.16,-15.2,-76,-30.79,-24.52,9.08,Nagyközség
BORSOD-ABAÚJ-ZEMPLÉN,Mezőnagymihály,533,578,321,245,60.23,42.39,-17.84,-76,-29.62,-23.68,8.44,Kisközség
GYŐR-MOSON-SOPRON,Rajka,990,1063,581,505,58.69,47.51,-11.18,-76,-19.05,-13.08,7.37,Nagyközség
BÁCS-KISKUN,Kömpöc,393,421,296,220,75.32,52.26,-23.06,-76,-30.62,-25.68,7.12,Kisközség
VAS,Püspökmolnári,516,551,361,285,69.96,51.72,-18.24,-76,-26.07,-21.05,6.78,Kisközség
SZABOLCS-SZATMÁR-BEREG,Tiborszállás,493,516,359,283,72.82,54.84,-17.98,-76,-24.69,-21.17,4.67,Kisközség
VAS,Horvátzsidány,490,512,304,228,62.04,44.53,-17.51,-76,-28.22,-25,4.49,Kisközség
SZABOLCS-SZATMÁR-BEREG,Nyíribrony,568,584,394,318,69.37,54.45,-14.92,-76,-21.51,-19.29,2.82,Nagyközség
GYŐR-MOSON-SOPRON,Levél,1020,1475,584,509,57.25,34.51,-22.74,-75,-39.72,-12.84,44.61,Nagyközség
PEST,Tinnye,984,1263,464,389,47.15,30.8,-16.35,-75,-34.68,-16.16,28.35,Nagyközség
HAJDÚ-BIHAR,Álmosd,818,966,551,476,67.36,49.28,-18.08,-75,-26.84,-13.61,18.09,Nagyközség
BÉKÉS,Kaszaper,886,1027,459,384,51.81,37.39,-14.42,-75,-27.83,-16.34,15.91,Nagyközség
NÓGRÁD,Kazár,780,889,492,417,63.08,46.91,-16.17,-75,-25.63,-15.24,13.97,Nagyközség
CSONGRÁD-CSANÁD,Pusztaszer,740,838,435,360,58.78,42.96,-15.82,-75,-26.91,-17.24,13.24,Nagyközség
VESZPRÉM,Vilonya,398,448,231,156,58.04,34.82,-23.22,-75,-40.01,-32.47,12.56,Kisközség
GYŐR-MOSON-SOPRON,Újkér,576,636,425,350,73.78,55.03,-18.75,-75,-25.41,-17.65,10.42,Kisközség
VESZPRÉM,Nyárád,524,563,385,310,73.47,55.06,-18.41,-75,-25.06,-19.48,7.44,Kisközség
VESZPRÉM,Egyházaskesző,256,269,193,118,75.39,43.87,-31.52,-75,-41.81,-38.86,5.08,Kisközség
SZABOLCS-SZATMÁR-BEREG,Balsa,372,390,254,179,68.28,45.9,-22.38,-75,-32.78,-29.53,4.84,Kisközség
SZABOLCS-SZATMÁR-BEREG,Sonkád,408,388,281,206,68.87,53.09,-15.78,-75,-22.91,-26.69,-4.9,Kisközség
NÓGRÁD,Jobbágyi,893,1069,532,458,59.57,42.84,-16.73,-74,-28.08,-13.91,19.71,Nagyközség
GYŐR-MOSON-SOPRON,Ásványráró,1163,1371,751,677,64.57,49.38,-15.19,-74,-23.52,-9.85,17.88,Nagyközség
ZALA,Bagod,693,776,445,371,64.21,47.81,-16.4,-74,-25.54,-16.63,11.98,Nagyközség
BORSOD-ABAÚJ-ZEMPLÉN,Sajóvelezd,358,391,208,134,58.1,34.27,-23.83,-74,-41.02,-35.58,9.22,Kisközség
HEVES,Kerecsend,1025,1115,793,719,77.37,64.48,-12.89,-74,-16.66,-9.33,8.78,Nagyközség
ZALA,Csesztreg,505,544,319,245,63.17,45.04,-18.13,-74,-28.7,-23.2,7.72,Kisközség
VAS,Sorkifalud,368,393,236,162,64.13,41.22,-22.91,-74,-35.72,-31.36,6.79,Kisközség
SOMOGY,Zákány,593,627,353,279,59.53,44.5,-15.03,-74,-25.25,-20.96,5.73,Nagyközség
BORSOD-ABAÚJ-ZEMPLÉN,Nagycsécs,376,391,272,198,72.34,50.64,-21.7,-74,-30,-27.21,3.99,Kisközség
BORSOD-ABAÚJ-ZEMPLÉN,Hercegkút,419,422,183,109,43.68,25.83,-17.85,-74,-40.87,-40.44,0.72,Kisközség
VAS,Csörötnek,437,439,324,250,74.14,56.95,-17.19,-74,-23.19,-22.84,0.46,Kisközség
VESZPRÉM,Bakonynána,522,610,254,181,48.66,29.67,-18.99,-73,-39.03,-28.74,16.86,Kisközség
BÉKÉS,Végegyháza,541,611,333,260,61.55,42.55,-19,-73,-30.87,-21.92,12.94,Nagyközség
SOMOGY,Homokszentgyörgy,438,488,302,229,68.95,46.93,-22.02,-73,-31.94,-24.17,11.42,Kisközség
PEST,Zebegény,782,858,411,338,52.56,39.39,-13.17,-73,-25.06,-17.76,9.72,Nagyközség
VESZPRÉM,Nemesgörzsöny,380,415,264,191,69.47,46.02,-23.45,-73,-33.76,-27.65,9.21,Kisközség
SZABOLCS-SZATMÁR-BEREG,Kántorjánosi,853,930,730,657,85.58,70.65,-14.93,-73,-17.45,-10,9.03,Nagyközség
SOMOGY,Csököly,454,490,362,289,79.74,58.98,-20.76,-73,-26.03,-20.17,7.93,Kisközség
BORSOD-ABAÚJ-ZEMPLÉN,Járdánháza,668,717,443,370,66.32,51.6,-14.72,-73,-22.2,-16.48,7.34,Nagyközség
NÓGRÁD,Bánk,452,482,254,181,56.19,37.55,-18.64,-73,-33.17,-28.74,6.64,Kisközség
SZABOLCS-SZATMÁR-BEREG,Tiszaszalka,478,508,333,260,69.67,51.18,-18.49,-73,-26.54,-21.92,6.28,Kisközség
VAS,Szentpéterfa,655,675,461,388,70.38,57.48,-12.9,-73,-18.33,-15.84,3.05,Kisközség
BORSOD-ABAÚJ-ZEMPLÉN,Sajóhídvég,392,402,300,227,76.53,56.47,-20.06,-73,-26.21,-24.33,2.55,Kisközség
SZABOLCS-SZATMÁR-BEREG,Szamosangyalos,265,250,214,141,80.75,56.4,-24.35,-73,-30.15,-34.11,-5.66,Kisközség
KOMÁROM-ESZTERGOM,Héreg,559,669,313,241,55.99,36.02,-19.97,-72,-35.67,-23,19.68,Nagyközség
HAJDÚ-BIHAR,Bojt,234,267,191,119,81.62,44.57,-37.05,-72,-45.39,-37.7,14.1,Kisközség
HEVES,Egercsehi,606,679,351,279,57.92,41.09,-16.83,-72,-29.06,-20.51,12.05,Nagyközség
JÁSZ-NAGYKUN-SZOLNOK,Tiszaszőlős,737,823,515,443,69.88,53.83,-16.05,-72,-22.97,-13.98,11.67,Nagyközség
VESZPRÉM,Lesenceistvánd,515,573,322,250,62.52,43.63,-18.89,-72,-30.21,-22.36,11.26,Kisközség
HEVES,Gyöngyösoroszi,643,692,421,349,65.47,50.43,-15.04,-72,-22.97,-17.1,7.62,Nagyközség
JÁSZ-NAGYKUN-SZOLNOK,Jászágó,404,424,252,180,62.38,42.45,-19.93,-72,-31.95,-28.57,4.95,Kisközség
JÁSZ-NAGYKUN-SZOLNOK,Tiszatenyő,701,866,382,311,54.49,35.91,-18.58,-71,-34.1,-18.59,23.54,Nagyközség
HEVES,Besenyőtelek,1215,1447,813,742,66.91,51.28,-15.63,-71,-23.36,-8.73,19.09,Nagyközség
BÁCS-KISKUN,Bácsbokod,1163,1376,624,553,53.65,40.19,-13.46,-71,-25.09,-11.38,18.31,Nagyközség
NÓGRÁD,Őrhalom,531,619,310,239,58.38,38.61,-19.77,-71,-33.86,-22.9,16.57,Nagyközség
NÓGRÁD,Karancsalja,751,864,399,328,53.13,37.96,-15.17,-71,-28.55,-17.79,15.05,Nagyközség
ZALA,Pacsa,782,893,527,456,67.39,51.06,-16.33,-71,-24.23,-13.47,14.19,Város
HEVES,Dormánd,462,517,312,241,67.53,46.62,-20.91,-71,-30.96,-22.76,11.9,Kisközség
PEST,Kóspallag,433,482,256,185,59.12,38.38,-20.74,-71,-35.08,-27.73,11.32,Kisközség
BORSOD-ABAÚJ-ZEMPLÉN,Bükkzsérc,574,633,336,265,58.54,41.86,-16.68,-71,-28.49,-21.13,10.28,Kisközség
SOMOGY,Buzsák,650,713,366,295,56.31,41.37,-14.94,-71,-26.53,-19.4,9.69,Nagyközség
KOMÁROM-ESZTERGOM,Bakonysárkány,548,597,341,270,62.23,45.23,-17,-71,-27.32,-20.82,8.94,Kisközség
SOMOGY,Szenna,401,436,223,152,55.61,34.86,-20.75,-71,-37.31,-31.84,8.73,Kisközség
NÓGRÁD,Kishartyán,315,339,199,128,63.17,37.76,-25.41,-71,-40.22,-35.68,7.62,Kisközség
GYŐR-MOSON-SOPRON,Acsalag,327,351,246,175,75.23,49.86,-25.37,-71,-33.72,-28.86,7.34,Kisközség
SZABOLCS-SZATMÁR-BEREG,Csengersima,381,395,295,224,77.43,56.71,-20.72,-71,-26.76,-24.07,3.67,Kisközség
SZABOLCS-SZATMÁR-BEREG,Túristvándi,358,367,288,217,80.45,59.13,-21.32,-71,-26.5,-24.65,2.51,Kisközség
VESZPRÉM,Csesznek,304,310,197,126,64.8,40.65,-24.15,-71,-37.27,-36.04,1.97,Kisközség
SOMOGY,Ráksi,279,267,204,133,73.12,49.81,-23.31,-71,-31.88,-34.8,-4.3,Kisközség
BORSOD-ABAÚJ-ZEMPLÉN,Tiszacsermely,173,160,138,67,79.77,41.88,-37.89,-71,-47.5,-51.45,-7.51,Kisközség
GYŐR-MOSON-SOPRON,Hédervár,710,868,405,335,57.04,38.59,-18.45,-70,-32.35,-17.28,22.25,Nagyközség
PEST,Áporka,646,771,374,304,57.89,39.43,-18.46,-70,-31.89,-18.72,19.35,Nagyközség
VESZPRÉM,Nagyesztergár,614,732,360,290,58.63,39.62,-19.01,-70,-32.42,-19.44,19.22,Nagyközség
KOMÁROM-ESZTERGOM,Neszmély,705,836,416,346,59.01,41.39,-17.62,-70,-29.86,-16.83,18.58,Nagyközség
BORSOD-ABAÚJ-ZEMPLÉN,Parasznya,534,630,315,245,58.99,38.89,-20.1,-70,-34.07,-22.22,17.98,Nagyközség
BORSOD-ABAÚJ-ZEMPLÉN,Tardona,529,612,269,199,50.85,32.52,-18.33,-70,-36.05,-26.02,15.69,Kisközség
BÉKÉS,Murony,630,726,341,271,54.13,37.33,-16.8,-70,-31.04,-20.53,15.24,Nagyközség
VAS,Káld,538,616,329,259,61.15,42.05,-19.1,-70,-31.23,-21.28,14.5,Nagyközség
SOMOGY,Balatonendréd,722,819,452,382,62.6,46.64,-15.96,-70,-25.5,-15.49,13.43,Nagyközség
SZABOLCS-SZATMÁR-BEREG,Milota,459,517,389,319,84.75,61.7,-23.05,-70,-27.2,-17.99,12.64,Kisközség
PEST,Kisoroszi,623,686,342,272,54.9,39.65,-15.25,-70,-27.78,-20.47,10.11,Kisközség
SZABOLCS-SZATMÁR-BEREG,Tiszabecs,544,594,410,340,75.37,57.24,-18.13,-70,-24.05,-17.07,9.19,Nagyközség
KOMÁROM-ESZTERGOM,Vérteskethely,317,345,212,142,66.88,41.16,-25.72,-70,-38.46,-33.02,8.83,Kisközség
PEST,Márianosztra,454,488,279,209,61.45,42.83,-18.62,-70,-30.3,-25.09,7.49,Nagyközség
GYŐR-MOSON-SOPRON,Kisfalud,467,499,351,281,75.16,56.31,-18.85,-70,-25.08,-19.94,6.85,Kisközség
SZABOLCS-SZATMÁR-BEREG,Ököritófülpös,785,816,591,521,75.29,63.85,-11.44,-70,-15.19,-11.84,3.95,Nagyközség
HEVES,Visonta,691,797,322,253,46.6,31.74,-14.86,-69,-31.89,-21.43,15.34,Nagyközség
KOMÁROM-ESZTERGOM,Bajót,763,880,493,424,64.61,48.18,-16.43,-69,-25.43,-14,15.33,Nagyközség
VESZPRÉM,Olaszfalu,600,688,399,330,66.5,47.97,-18.53,-69,-27.86,-17.29,14.67,Nagyközség
NÓGRÁD,Mátraszőlős,772,882,430,361,55.7,40.93,-14.77,-69,-26.52,-16.05,14.25,Nagyközség
NÓGRÁD,Szügy,824,931,386,317,46.84,34.05,-12.79,-69,-27.31,-17.88,12.99,Nagyközség
SZABOLCS-SZATMÁR-BEREG,Kölcse,653,725,464,395,71.06,54.48,-16.58,-69,-23.33,-14.87,11.03,Nagyközség
SOMOGY,Magyaratád,442,485,271,202,61.31,41.65,-19.66,-69,-32.07,-25.46,9.73,Kisközség
NÓGRÁD,Mátraszele,477,521,297,228,62.26,43.76,-18.5,-69,-29.71,-23.23,9.22,Kisközség
CSONGRÁD-CSANÁD,Dóc,382,416,252,183,65.97,43.99,-21.98,-69,-33.32,-27.38,8.9,Kisközség
HEVES,Ludas,396,431,261,192,65.91,44.55,-21.36,-69,-32.41,-26.44,8.84,Kisközség
VAS,Magyarlak,491,521,352,283,71.69,54.32,-17.37,-69,-24.23,-19.6,6.11,Kisközség
SZABOLCS-SZATMÁR-BEREG,Komoró,632,663,388,319,61.39,48.11,-13.28,-69,-21.63,-17.78,4.91,Nagyközség
BARANYA,Somberek,812,846,442,373,54.43,44.09,-10.34,-69,-19,-15.61,4.19,Nagyközség
NÓGRÁD,Lucfalva,321,333,250,181,77.88,54.35,-23.53,-69,-30.21,-27.6,3.74,Kisközség
BORSOD-ABAÚJ-ZEMPLÉN,Szin,351,356,325,256,92.59,71.91,-20.68,-69,-22.34,-21.23,1.42,Kisközség
HAJDÚ-BIHAR,Furta,546,641,347,279,63.55,43.53,-20.02,-68,-31.5,-19.6,17.4,Nagyközség
SZABOLCS-SZATMÁR-BEREG,Biri,662,771,391,323,59.06,41.89,-17.17,-68,-29.07,-17.39,16.47,Nagyközség
ZALA,Pókaszepetk,512,589,350,282,68.36,47.88,-20.48,-68,-29.96,-19.43,15.04,Kisközség
SZABOLCS-SZATMÁR-BEREG,Beszterec,400,459,298,230,74.5,50.11,-24.39,-68,-32.74,-22.82,14.75,Kisközség
FEJÉR,Daruszentmiklós,589,675,391,323,66.38,47.85,-18.53,-68,-27.92,-17.39,14.6,Nagyközség
TOLNA,Kajdacs,484,539,314,246,64.88,45.64,-19.24,-68,-29.65,-21.66,11.36,Nagyközség
VAS,Csénye,436,477,290,222,66.51,46.54,-19.97,-68,-30.03,-23.45,9.4,Kisközség
HEVES,Egerszólát,638,695,310,242,48.59,34.82,-13.77,-68,-28.34,-21.94,8.93,Nagyközség
FEJÉR,Vereb,463,500,301,233,65.01,46.6,-18.41,-68,-28.32,-22.59,7.99,Kisközség
VAS,Söpte,522,561,283,215,54.21,38.32,-15.89,-68,-29.31,-24.03,7.47,Kisközség
SZABOLCS-SZATMÁR-BEREG,Nagyar,304,325,250,182,82.24,56,-26.24,-68,-31.91,-27.2,6.91,Kisközség
SOMOGY,Kiskorpád,449,476,282,214,62.81,44.96,-17.85,-68,-28.42,-24.11,6.01,Kisközség
ZALA,Búcsúszentlászló,442,450,272,204,61.54,45.33,-16.21,-68,-26.34,-25,1.81,Kisközség
NÓGRÁD,Szanda,340,345,216,148,63.53,42.9,-20.63,-68,-32.47,-31.48,1.47,Kisközség
GYŐR-MOSON-SOPRON,Sopronkövesd,811,981,487,420,60.05,42.81,-17.24,-67,-28.71,-13.76,20.96,Nagyközség
SOMOGY,Kadarkút,1104,1319,740,673,67.03,51.02,-16.01,-67,-23.88,-9.05,19.47,Város
VAS,Szeleste,380,442,282,215,74.21,48.64,-25.57,-67,-34.46,-23.76,16.32,Kisközség
BÁCS-KISKUN,Öregcsertő,365,414,220,153,60.27,36.96,-23.31,-67,-38.68,-30.45,13.42,Kisközség
FEJÉR,Füle,519,588,308,241,59.34,40.99,-18.35,-67,-30.92,-21.75,13.29,Kisközség
HEVES,Nagykökényes,339,383,217,150,64.01,39.16,-24.85,-67,-38.82,-30.88,12.98,Kisközség
SOMOGY,Csokonyavisonta,706,788,456,389,64.59,49.37,-15.22,-67,-23.56,-14.69,11.61,Nagyközség
NÓGRÁD,Mohora,421,469,267,200,63.42,42.64,-20.78,-67,-32.77,-25.09,11.4,Kisközség
BÉKÉS,Dombegyház,890,975,544,477,61.12,48.92,-12.2,-67,-19.96,-12.32,9.55,Nagyközség
BÉKÉS,Nagykamarás,582,625,322,255,55.33,40.8,-14.53,-67,-26.26,-20.81,7.39,Nagyközség
BÁCS-KISKUN,Csikéria,352,371,225,158,63.92,42.59,-21.33,-67,-33.37,-29.78,5.4,Kisközség
BORSOD-ABAÚJ-ZEMPLÉN,Újcsanálos,398,415,263,196,66.08,47.23,-18.85,-67,-28.53,-25.48,4.27,Kisközség
ZALA,Pusztaszentlászló,358,368,217,150,60.61,40.76,-19.85,-67,-32.75,-30.88,2.79,Kisközség
SZABOLCS-SZATMÁR-BEREG,Panyola,310,316,216,149,69.68,47.15,-22.53,-67,-32.33,-31.02,1.94,Kisközség
HEVES,Bükkszenterzsébet,505,513,348,281,68.91,54.78,-14.13,-67,-20.51,-19.25,1.58,Kisközség
SZABOLCS-SZATMÁR-BEREG,Csaholc,273,270,227,160,83.15,59.26,-23.89,-67,-28.73,-29.52,-1.1,Kisközség
SOMOGY,Somogyszentpál,302,296,244,177,80.79,59.8,-20.99,-67,-25.98,-27.46,-1.99,Kisközség
TOLNA,Felsőnána,355,335,230,163,64.79,48.66,-16.13,-67,-24.9,-29.13,-5.63,Kisközség
BÁCS-KISKUN,Gara,887,1039,510,444,57.5,42.73,-14.77,-66,-25.69,-12.94,17.14,Nagyközség
CSONGRÁD-CSANÁD,Ferencszállás,348,407,175,109,50.29,26.78,-23.51,-66,-46.75,-37.71,16.95,Kisközség
BÉKÉS,Magyarbánhegyes,863,1000,545,479,63.15,47.9,-15.25,-66,-24.15,-12.11,15.87,Nagyközség
FEJÉR,Beloiannisz,584,666,330,264,56.51,39.64,-16.87,-66,-29.85,-20,14.04,Nagyközség
BÉKÉS,Bélmegyer,495,563,317,251,64.04,44.58,-19.46,-66,-30.39,-20.82,13.74,Kisközség
HAJDÚ-BIHAR,Szentpéterszeg,556,631,365,299,65.65,47.39,-18.26,-66,-27.81,-18.08,13.49,Kisközség
HAJDÚ-BIHAR,Nagykereki,536,594,451,385,84.14,64.81,-19.33,-66,-22.97,-14.63,10.82,Nagyközség
SOMOGY,Babócsa,686,756,433,367,63.12,48.54,-14.58,-66,-23.1,-15.24,10.2,Nagyközség
BORSOD-ABAÚJ-ZEMPLÉN,Makkoshotyka,363,393,313,247,86.23,62.85,-23.38,-66,-27.11,-21.09,8.26,Kisközség
SZABOLCS-SZATMÁR-BEREG,Berkesz,433,464,299,233,69.05,50.22,-18.83,-66,-27.27,-22.07,7.16,Kisközség
JÁSZ-NAGYKUN-SZOLNOK,Szelevény,521,555,321,255,61.61,45.95,-15.66,-66,-25.42,-20.56,6.53,Kisközség
SZABOLCS-SZATMÁR-BEREG,Magy,429,449,315,249,73.43,55.46,-17.97,-66,-24.47,-20.95,4.66,Kisközség
BÁCS-KISKUN,Móricgát,252,262,184,118,73.02,45.04,-27.98,-66,-38.32,-35.87,3.97,Kisközség
VESZPRÉM,Nemesgulács,597,620,353,287,59.13,46.29,-12.84,-66,-21.71,-18.7,3.85,Kisközség
BARANYA,Csányoszró,293,302,191,125,65.19,41.39,-23.8,-66,-36.51,-34.55,3.07,Kisközség
HAJDÚ-BIHAR,Körösszakál,345,353,245,179,71.01,50.71,-20.3,-66,-28.59,-26.94,2.32,Kisközség
BARANYA,Gilvánfa,132,113,121,55,91.67,48.67,-43,-66,-46.91,-54.55,-14.39,Kisközség
BORSOD-ABAÚJ-ZEMPLÉN,Nagybarca,398,490,199,134,50,27.35,-22.65,-65,-45.3,-32.66,23.12,Kisközség
VESZPRÉM,Halimba,584,718,332,267,56.85,37.19,-19.66,-65,-34.58,-19.58,22.95,Nagyközség
PEST,Pusztavacs,637,759,405,340,63.58,44.8,-18.78,-65,-29.54,-16.05,19.15,Nagyközség
BARANYA,Máza,582,658,257,192,44.16,29.18,-14.98,-65,-33.92,-25.29,13.06,Nagyközség
FEJÉR,Mátyásdomb,369,417,264,199,71.54,47.72,-23.82,-65,-33.3,-24.62,13.01,Kisközség
SZABOLCS-SZATMÁR-BEREG,Penyige,361,400,280,215,77.56,53.75,-23.81,-65,-30.7,-23.21,10.8,Kisközség
ZALA,Felsőrajk,403,439,283,218,70.22,49.66,-20.56,-65,-29.28,-22.97,8.93,Kisközség
BÁCS-KISKUN,Harkakötöny,469,509,301,236,64.18,46.37,-17.81,-65,-27.75,-21.59,8.53,Kisközség
VAS,Perenye,417,450,299,234,71.7,52,-19.7,-65,-27.48,-21.74,7.91,Kisközség
BORSOD-ABAÚJ-ZEMPLÉN,Egerlövő,325,350,223,158,68.62,45.14,-23.48,-65,-34.22,-29.15,7.69,Kisközség
BORSOD-ABAÚJ-ZEMPLÉN,Golop,330,340,229,164,69.39,48.24,-21.15,-65,-30.48,-28.38,3.03,Kisközség
VESZPRÉM,Nagygyimót,340,338,254,189,74.71,55.92,-18.79,-65,-25.15,-25.59,-0.59,Kisközség
FEJÉR,Nadap,419,514,229,165,54.65,32.1,-22.55,-64,-41.26,-27.95,22.67,Kisközség
BORSOD-ABAÚJ-ZEMPLÉN,Felsődobsza,334,393,238,174,71.26,44.27,-26.99,-64,-37.88,-26.89,17.66,Kisközség
NÓGRÁD,Szendehely,955,1091,402,338,42.09,30.98,-11.11,-64,-26.4,-15.92,14.24,Nagyközség
NÓGRÁD,Etes,556,635,357,293,64.21,46.14,-18.07,-64,-28.14,-17.93,14.21,Nagyközség
VESZPRÉM,Magyarpolány,749,852,330,266,44.06,31.22,-12.84,-64,-29.14,-19.39,13.75,Nagyközség
ZALA,Zalavár,441,500,305,241,69.16,48.2,-20.96,-64,-30.31,-20.98,13.38,Kisközség
PEST,Remeteszőlős,641,690,278,214,43.37,31.01,-12.36,-64,-28.5,-23.02,7.64,Nagyközség
BÁCS-KISKUN,Dunaszentbenedek,374,399,256,192,68.45,48.12,-20.33,-64,-29.7,-25,6.68,Kisközség
TOLNA,Pörböly,305,325,177,113,58.03,34.77,-23.26,-64,-40.08,-36.16,6.56,Kisközség
HAJDÚ-BIHAR,Gáborján,406,428,335,271,82.51,63.32,-19.19,-64,-23.26,-19.1,5.42,Kisközség
ZALA,Eszteregnye,403,414,231,167,57.32,40.34,-16.98,-64,-29.62,-27.71,2.73,Kisközség
SZABOLCS-SZATMÁR-BEREG,Nyírlövő,367,374,257,193,70.03,51.6,-18.43,-64,-26.32,-24.9,1.91,Kisközség
SZABOLCS-SZATMÁR-BEREG,Csegöld,380,381,285,221,75,58.01,-16.99,-64,-22.65,-22.46,0.26,Kisközség
HEVES,Mátraballa,470,456,243,179,51.7,39.25,-12.45,-64,-24.08,-26.34,-2.98,Kisközség
JÁSZ-NAGYKUN-SZOLNOK,Tiszavárkony,800,965,412,349,51.5,36.17,-15.33,-63,-29.77,-15.29,20.62,Nagyközség
BORSOD-ABAÚJ-ZEMPLÉN,Sajópetri,590,702,352,289,59.66,41.17,-18.49,-63,-30.99,-17.9,18.98,Nagyközség
JÁSZ-NAGYKUN-SZOLNOK,Tiszaörs,609,655,411,348,67.49,53.13,-14.36,-63,-21.28,-15.33,7.55,Nagyközség
JÁSZ-NAGYKUN-SZOLNOK,Nagyiván,538,574,371,308,68.96,53.66,-15.3,-63,-22.19,-16.98,6.69,Nagyközség
VAS,Rábagyarmat,478,503,376,313,78.66,62.23,-16.43,-63,-20.89,-16.76,5.23,Kisközség
NÓGRÁD,Ipolyvece,424,438,314,251,74.06,57.31,-16.75,-63,-22.62,-20.06,3.3,Kisközség
SOMOGY,Zimány,274,276,172,109,62.77,39.49,-23.28,-63,-37.09,-36.63,0.73,Kisközség
HAJDÚ-BIHAR,Újtikos,418,487,261,199,62.44,40.86,-21.58,-62,-34.56,-23.75,16.51,Kisközség
VESZPRÉM,Takácsi,471,548,322,260,68.37,47.45,-20.92,-62,-30.6,-19.25,16.35,Kisközség
SOMOGY,Hetes,636,729,398,336,62.58,46.09,-16.49,-62,-26.35,-15.58,14.62,Nagyközség
GYŐR-MOSON-SOPRON,Szil,684,770,443,381,64.77,49.48,-15.29,-62,-23.61,-14,12.57,Nagyközség
TOLNA,Szakály,654,735,418,356,63.91,48.44,-15.47,-62,-24.21,-14.83,12.39,Nagyközség
VAS,Vát,391,439,264,202,67.52,46.01,-21.51,-62,-31.86,-23.48,12.28,Kisközség
ZALA,Galambok,568,634,384,322,67.61,50.79,-16.82,-62,-24.88,-16.15,11.62,Nagyközség
BARANYA,Szabadszentkirály,420,465,257,195,61.19,41.94,-19.25,-62,-31.46,-24.12,10.71,Kisközség
BÁCS-KISKUN,Tiszaug,426,463,281,219,65.96,47.3,-18.66,-62,-28.29,-22.06,8.69,Kisközség
NÓGRÁD,Mátramindszent,406,437,257,195,63.3,44.62,-18.68,-62,-29.51,-24.12,7.64,Kisközség
VAS,Győrvár,373,398,265,203,71.05,51.01,-20.04,-62,-28.21,-23.4,6.7,Kisközség
BÁCS-KISKUN,Miske,816,855,470,408,57.6,47.72,-9.88,-62,-17.15,-13.19,4.78,Nagyközség
HEVES,Bükkszék,431,431,237,175,54.99,40.6,-14.39,-62,-26.17,-26.16,0,Kisközség
HEVES,Váraszó,294,288,165,103,56.12,35.76,-20.36,-62,-36.28,-37.58,-2.04,Kisközség
SZABOLCS-SZATMÁR-BEREG,Vámosoroszi,310,275,270,208,87.1,75.64,-11.46,-62,-13.16,-22.96,-11.29,Kisközség
SZABOLCS-SZATMÁR-BEREG,Tiszavid,229,199,198,136,86.46,68.34,-18.12,-62,-20.96,-31.31,-13.1,Kisközség
KOMÁROM-ESZTERGOM,Szákszend,721,924,451,390,62.55,42.21,-20.34,-61,-32.52,-13.53,28.16,Nagyközség
SZABOLCS-SZATMÁR-BEREG,Sényő,688,872,447,386,64.97,44.27,-20.7,-61,-31.86,-13.65,26.74,Nagyközség
NÓGRÁD,Tar,902,1078,537,476,59.53,44.16,-15.37,-61,-25.82,-11.36,19.51,Nagyközség
ZALA,Sármellék,926,1094,522,461,56.37,42.14,-14.23,-61,-25.24,-11.69,18.14,Nagyközség
HAJDÚ-BIHAR,Bihartorda,424,487,280,219,66.04,44.97,-21.07,-61,-31.9,-21.79,14.86,Kisközség
NÓGRÁD,Endrefalva,488,559,422,361,86.48,64.58,-21.9,-61,-25.32,-14.45,14.55,Nagyközség
BÉKÉS,Okány,1025,1159,621,560,60.59,48.32,-12.27,-61,-20.25,-9.82,13.07,Nagyközség
BÁCS-KISKUN,Bácsborsód,505,562,317,256,62.77,45.55,-17.22,-61,-27.43,-19.24,11.29,Nagyközség
BORSOD-ABAÚJ-ZEMPLÉN,Sáta,486,525,298,237,61.32,45.14,-16.18,-61,-26.39,-20.47,8.02,Nagyközség
PEST,Mikebuda,351,375,240,179,68.38,47.73,-20.65,-61,-30.2,-25.42,6.84,Kisközség
CSONGRÁD-CSANÁD,Királyhegyes,343,365,234,173,68.22,47.4,-20.82,-61,-30.52,-26.07,6.41,Kisközség
VESZPRÉM,Pápakovácsi,318,338,238,177,74.84,52.37,-22.47,-61,-30.02,-25.63,6.29,Kisközség
HAJDÚ-BIHAR,Körösszegapáti,484,510,314,253,64.88,49.61,-15.27,-61,-23.54,-19.43,5.37,Kisközség
BÉKÉS,Hunya,335,350,220,159,65.67,45.43,-20.24,-61,-30.82,-27.73,4.48,Kisközség
SZABOLCS-SZATMÁR-BEREG,Tiszakóród,380,396,279,218,73.42,55.05,-18.37,-61,-25.02,-21.86,4.21,Kisközség
NÓGRÁD,Hugyag,404,409,328,267,81.19,65.28,-15.91,-61,-19.6,-18.6,1.24,Kisközség
SZABOLCS-SZATMÁR-BEREG,Nyírderzs,334,324,276,215,82.63,66.36,-16.27,-61,-19.69,-22.1,-2.99,Kisközség
VESZPRÉM,Zalahaláp,635,769,366,306,57.64,39.79,-17.85,-60,-30.97,-16.39,21.1,Nagyközség
GYŐR-MOSON-SOPRON,Győrsövényház,423,492,261,201,61.7,40.85,-20.85,-60,-33.79,-22.99,16.31,Kisközség
VESZPRÉM,Városlőd,692,800,343,283,49.57,35.38,-14.19,-60,-28.63,-17.49,15.61,Nagyközség
KOMÁROM-ESZTERGOM,Leányvár,998,1133,466,406,46.69,35.83,-10.86,-60,-23.26,-12.88,13.53,Nagyközség
BORSOD-ABAÚJ-ZEMPLÉN,Homrogd,404,456,302,242,74.75,53.07,-21.68,-60,-29,-19.87,12.87,Kisközség
VAS,Sitke,437,480,287,227,65.68,47.29,-18.39,-60,-28,-20.91,9.84,Kisközség
FEJÉR,Vajta,393,429,247,187,62.85,43.59,-19.26,-60,-30.64,-24.29,9.16,Kisközség
TOLNA,Kapospula,471,508,288,228,61.15,44.88,-16.27,-60,-26.61,-20.83,7.86,Kisközség
HEVES,Pálosvörösmart,405,433,182,122,44.94,28.18,-16.76,-60,-37.29,-32.97,6.91,Kisközség
VAS,Bucsu,378,399,297,237,78.57,59.4,-19.17,-60,-24.4,-20.2,5.56,Kisközség
KOMÁROM-ESZTERGOM,Ete,358,377,252,192,70.39,50.93,-19.46,-60,-27.65,-23.81,5.31,Kisközség
SZABOLCS-SZATMÁR-BEREG,Csengerújfalu,353,366,245,185,69.41,50.55,-18.86,-60,-27.17,-24.49,3.68,Kisközség
BORSOD-ABAÚJ-ZEMPLÉN,Ragály,314,324,218,158,69.43,48.77,-20.66,-60,-29.76,-27.52,3.18,Kisközség
FEJÉR,Sáregres,416,429,301,241,72.36,56.18,-16.18,-60,-22.36,-19.93,3.12,Kisközség
VAS,Hegyfalu,420,416,254,194,60.48,46.63,-13.85,-60,-22.9,-23.62,-0.95,Kisközség
GYŐR-MOSON-SOPRON,Gyömöre,639,781,441,382,69.01,48.91,-20.1,-59,-29.13,-13.38,22.22,Nagyközség
BORSOD-ABAÚJ-ZEMPLÉN,Borsodnádasd,1252,1439,783,724,62.54,50.31,-12.23,-59,-19.56,-7.54,14.94,Város
NÓGRÁD,Karancsberény,438,501,263,204,60.05,40.72,-19.33,-59,-32.19,-22.43,14.38,Kisközség
BORSOD-ABAÚJ-ZEMPLÉN,Izsófalva,741,841,444,385,59.92,45.78,-14.14,-59,-23.6,-13.29,13.5,Nagyközség
GYŐR-MOSON-SOPRON,Fertőhomok,536,602,303,244,56.53,40.53,-16,-59,-28.3,-19.47,12.31,Kisközség
BORSOD-ABAÚJ-ZEMPLÉN,Kenézlő,480,538,318,259,66.25,48.14,-18.11,-59,-27.34,-18.55,12.08,Nagyközség
SZABOLCS-SZATMÁR-BEREG,Szorgalmatos,468,521,239,180,51.07,34.55,-16.52,-59,-32.35,-24.69,11.32,Kisközség
HAJDÚ-BIHAR,Hencida,450,498,362,303,80.44,60.84,-19.6,-59,-24.37,-16.3,10.67,Nagyközség
NÓGRÁD,Dorogháza,527,582,324,265,61.48,45.53,-15.95,-59,-25.94,-18.21,10.44,Kisközség
ZALA,Zalaszentlászló,389,420,260,201,66.84,47.86,-18.98,-59,-28.4,-22.69,7.97,Kisközség
ZALA,Nova,442,476,292,233,66.06,48.95,-17.11,-59,-25.9,-20.21,7.69,Kisközség
BÉKÉS,Kardoskút,439,471,216,157,49.2,33.33,-15.87,-59,-32.26,-27.31,7.29,Kisközség
BORSOD-ABAÚJ-ZEMPLÉN,Kovácsvágás,260,275,216,157,83.08,57.09,-25.99,-59,-31.28,-27.31,5.77,Kisközség
HEVES,Kisnána,512,531,277,218,54.1,41.05,-13.05,-59,-24.12,-21.3,3.71,Kisközség
SZABOLCS-SZATMÁR-BEREG,Pusztadobos,709,734,550,491,77.57,66.89,-10.68,-59,-13.77,-10.73,3.53,Nagyközség
JÁSZ-NAGYKUN-SZOLNOK,Kuncsorba,321,332,217,158,67.6,47.59,-20.01,-59,-29.6,-27.19,3.43,Kisközség
SZABOLCS-SZATMÁR-BEREG,Gemzse,396,407,292,233,73.74,57.25,-16.49,-59,-22.36,-20.21,2.78,Kisközség
SZABOLCS-SZATMÁR-BEREG,Lónya,348,341,294,235,84.48,68.91,-15.57,-59,-18.43,-20.07,-2.01,Kisközség
VAS,Telekes,278,271,222,163,79.86,60.15,-19.71,-59,-24.68,-26.58,-2.52,Kisközség
BORSOD-ABAÚJ-ZEMPLÉN,Léh,227,194,178,119,78.41,61.34,-17.07,-59,-21.77,-33.15,-14.54,Kisközség
KOMÁROM-ESZTERGOM,Bakonyszombathely,661,811,364,306,55.07,37.73,-17.34,-58,-31.49,-15.93,22.69,Nagyközség
SOMOGY,Iharosberény,538,624,390,332,72.49,53.21,-19.28,-58,-26.6,-14.87,15.99,Nagyközség
PEST,Tatárszentgyörgy,854,988,643,585,75.29,59.21,-16.08,-58,-21.36,-9.02,15.69,Nagyközség
BARANYA,Bicsérd,527,604,314,256,59.58,42.38,-17.2,-58,-28.87,-18.47,14.61,Nagyközség
ZALA,Alsónemesapáti,362,413,240,182,66.3,44.07,-22.23,-58,-33.53,-24.17,14.09,Kisközség
VESZPRÉM,Hárskút,409,462,239,181,58.44,39.18,-19.26,-58,-32.96,-24.27,12.96,Kisközség
BORSOD-ABAÚJ-ZEMPLÉN,Tiszaladány,347,385,259,201,74.64,52.21,-22.43,-58,-30.05,-22.39,10.95,Kisközség
VAS,Bejcgyertyános,254,279,201,143,79.13,51.25,-27.88,-58,-35.23,-28.86,9.84,Kisközség
SZABOLCS-SZATMÁR-BEREG,Nyírkércs,440,480,309,251,70.23,52.29,-17.94,-58,-25.54,-18.77,9.09,Kisközség
VESZPRÉM,Gógánfa,375,400,257,199,68.53,49.75,-18.78,-58,-27.4,-22.57,6.67,Kisközség
JÁSZ-NAGYKUN-SZOLNOK,Tomajmonostora,337,359,262,204,77.74,56.82,-20.92,-58,-26.91,-22.14,6.53,Kisközség
BÉKÉS,Biharugra,506,530,369,311,72.92,58.68,-14.24,-58,-19.53,-15.72,4.74,Kisközség
BORSOD-ABAÚJ-ZEMPLÉN,Boldogkőváralja,462,473,274,216,59.31,45.67,-13.64,-58,-23,-21.17,2.38,Kisközség
VESZPRÉM,Bakonyoszlop,254,248,159,101,62.6,40.73,-21.87,-58,-34.94,-36.48,-2.36,Kisközség
SOMOGY,Kisbárapáti,192,183,140,82,72.92,44.81,-28.11,-58,-38.55,-41.43,-4.69,Kisközség
FEJÉR,Mezőszentgyörgy,542,674,366,309,67.53,45.85,-21.68,-57,-32.1,-15.57,24.35,Nagyközség
FEJÉR,Pátka,997,1215,607,550,60.88,45.27,-15.61,-57,-25.64,-9.39,21.87,Nagyközség
BARANYA,Pécsudvard,452,549,203,146,44.91,26.59,-18.32,-57,-40.79,-28.08,21.46,Kisközség
PEST,Kőröstetétlen,436,512,309,252,70.87,49.22,-21.65,-57,-30.55,-18.45,17.43,Kisközség
GYŐR-MOSON-SOPRON,Dunaszentpál,416,482,228,171,54.81,35.48,-19.33,-57,-35.27,-25,15.87,Kisközség
KOMÁROM-ESZTERGOM,Várgesztes,374,433,165,108,44.12,24.94,-19.18,-57,-43.47,-34.55,15.78,Kisközség
HAJDÚ-BIHAR,Berekböszörmény,755,863,600,543,79.47,62.92,-16.55,-57,-20.83,-9.5,14.3,Nagyközség
VAS,Sótony,354,403,246,189,69.49,46.9,-22.59,-57,-32.51,-23.17,13.84,Kisközség
BARANYA,Magyarbóly,460,520,318,261,69.13,50.19,-18.94,-57,-27.4,-17.92,13.04,Kisközség
SOMOGY,Görgeteg,462,520,325,268,70.35,51.54,-18.81,-57,-26.74,-17.54,12.55,Nagyközség
KOMÁROM-ESZTERGOM,Kömlőd,591,665,316,259,53.47,38.95,-14.52,-57,-27.16,-18.04,12.52,Nagyközség
SZABOLCS-SZATMÁR-BEREG,Gyüre,602,676,490,433,81.4,64.05,-17.35,-57,-21.31,-11.63,12.29,Nagyközség
VESZPRÉM,Eplény,351,394,208,151,59.26,38.32,-20.94,-57,-35.34,-27.4,12.25,Kisközség
SZABOLCS-SZATMÁR-BEREG,Besenyőd,344,385,275,218,79.94,56.62,-23.32,-57,-29.17,-20.73,11.92,Kisközség
BARANYA,Kökény,386,427,159,102,41.19,23.89,-17.3,-57,-42,-35.85,10.62,Kisközség
BARANYA,Versend,378,418,294,237,77.78,56.7,-21.08,-57,-27.1,-19.39,10.58,Kisközség
SOMOGY,Som,382,417,234,177,61.26,42.45,-18.81,-57,-30.71,-24.36,9.16,Kisközség
SOMOGY,Gamás,322,340,259,202,80.43,59.41,-21.02,-57,-26.13,-22.01,5.59,Kisközség
BÁCS-KISKUN,Imrehegy,327,341,238,181,72.78,53.08,-19.7,-57,-27.07,-23.95,4.28,Kisközség
SZABOLCS-SZATMÁR-BEREG,Cégénydányád,359,368,258,201,71.87,54.62,-17.25,-57,-24,-22.09,2.51,Kisközség
SOMOGY,Gölle,399,406,274,217,68.67,53.45,-15.22,-57,-22.16,-20.8,1.75,Kisközség
BARANYA,Palotabozsok,486,481,307,250,63.17,51.98,-11.19,-57,-17.71,-18.57,-1.03,Kisközség
SZABOLCS-SZATMÁR-BEREG,Gacsály,364,358,319,262,87.64,73.18,-14.46,-57,-16.5,-17.87,-1.65,Kisközség
BORSOD-ABAÚJ-ZEMPLÉN,Sajókápolna,235,231,142,85,60.43,36.8,-23.63,-57,-39.1,-40.14,-1.7,Kisközség
NÓGRÁD,Szalmatercs,253,241,192,135,75.89,56.02,-19.87,-57,-26.18,-29.69,-4.74,Kisközség
BORSOD-ABAÚJ-ZEMPLÉN,Bódvaszilas,500,473,326,269,65.2,56.87,-8.33,-57,-12.78,-17.48,-5.4,Kisközség
BORSOD-ABAÚJ-ZEMPLÉN,Gadna,118,80,118,61,100,76.25,-23.75,-57,-23.75,-48.31,-32.2,Kisközség
BARANYA,Királyegyháza,391,485,269,213,68.8,43.92,-24.88,-56,-36.16,-20.82,24.04,Kisközség
ZALA,Szepetnek,776,946,419,363,53.99,38.37,-15.62,-56,-28.93,-13.37,21.91,Nagyközség
BORSOD-ABAÚJ-ZEMPLÉN,Bodrogolaszi,429,521,253,197,58.97,37.81,-21.16,-56,-35.88,-22.13,21.45,Kisközség
GYŐR-MOSON-SOPRON,Szerecseny,420,504,307,251,73.1,49.8,-23.3,-56,-31.87,-18.24,20,Kisközség
FEJÉR,Hantos,450,522,272,216,60.44,41.38,-19.06,-56,-31.54,-20.59,16,Kisközség
SZABOLCS-SZATMÁR-BEREG,Jármi,656,750,433,377,66.01,50.27,-15.74,-56,-23.84,-12.93,14.33,Nagyközség
SZABOLCS-SZATMÁR-BEREG,Mezőladány,439,500,344,288,78.36,57.6,-20.76,-56,-26.49,-16.28,13.9,Kisközség
JÁSZ-NAGYKUN-SZOLNOK,Tiszasas,504,566,309,253,61.31,44.7,-16.61,-56,-27.09,-18.12,12.3,Nagyközség
NÓGRÁD,Szirák,446,500,339,283,76.01,56.6,-19.41,-56,-25.54,-16.52,12.11,Nagyközség
PEST,Bernecebaráti,440,492,301,245,68.41,49.8,-18.61,-56,-27.2,-18.6,11.82,Kisközség
GYŐR-MOSON-SOPRON,Hövej,216,239,171,115,79.17,48.12,-31.05,-56,-39.22,-32.75,10.65,Kisközség
VESZPRÉM,Mihályháza,392,431,261,205,66.58,47.56,-19.02,-56,-28.57,-21.46,9.95,Kisközség
BARANYA,Mecseknádasd,856,936,360,304,42.06,32.48,-9.58,-56,-22.78,-15.56,9.35,Nagyközség
ZALA,Csatár,319,346,204,148,63.95,42.77,-21.18,-56,-33.12,-27.45,8.46,Kisközség
NÓGRÁD,Magyargéc,418,438,307,251,73.44,57.31,-16.13,-56,-21.96,-18.24,4.78,Kisközség
GYŐR-MOSON-SOPRON,Páli,216,221,167,111,77.31,50.23,-27.08,-56,-35.03,-33.53,2.31,Kisközség
GYŐR-MOSON-SOPRON,Vág,295,299,194,138,65.76,46.15,-19.61,-56,-29.82,-28.87,1.36,Kisközség
FEJÉR,Gánt,380,380,200,144,52.63,37.89,-14.74,-56,-28.01,-28,0,Kisközség
GYŐR-MOSON-SOPRON,Kisbodak,237,235,152,96,64.14,40.85,-23.29,-56,-36.31,-36.84,-0.84,Kisközség
NÓGRÁD,Hollókő,213,204,135,79,63.38,38.73,-24.65,-56,-38.89,-41.48,-4.23,Kisközség
SZABOLCS-SZATMÁR-BEREG,Tiszaadony,327,305,258,202,78.9,66.23,-12.67,-56,-16.06,-21.71,-6.73,Kisközség
BORSOD-ABAÚJ-ZEMPLÉN,Hejőbába,723,848,457,402,63.21,47.41,-15.8,-55,-25,-12.04,17.29,Nagyközség
HEVES,Detk,626,723,332,277,53.04,38.31,-14.73,-55,-27.77,-16.57,15.5,Nagyközség
VESZPRÉM,Nagyacsád,357,407,190,135,53.22,33.17,-20.05,-55,-37.67,-28.95,14.01,Kisközség
TOLNA,Fácánkert,364,414,245,190,67.31,45.89,-21.42,-55,-31.82,-22.45,13.74,Kisközség
HEVES,Nagyút,317,357,207,152,65.3,42.58,-22.72,-55,-34.79,-26.57,12.62,Kisközség
GYŐR-MOSON-SOPRON,Egyházasfalu,520,585,384,329,73.85,56.24,-17.61,-55,-23.85,-14.32,12.5,Kisközség
TOLNA,Alsónána,365,410,214,159,58.63,38.78,-19.85,-55,-33.86,-25.7,12.33,Kisközség
ZALA,Sümegcsehi,347,381,284,229,81.84,60.1,-21.74,-55,-26.56,-19.37,9.8,Kisközség
BORSOD-ABAÚJ-ZEMPLÉN,Répáshuta,266,291,156,101,58.65,34.71,-23.94,-55,-40.82,-35.26,9.4,Kisközség
GYŐR-MOSON-SOPRON,Dör,370,400,266,211,71.89,52.75,-19.14,-55,-26.62,-20.68,8.11,Kisközség
SZABOLCS-SZATMÁR-BEREG,Nyírparasznya,441,476,363,308,82.31,64.71,-17.6,-55,-21.38,-15.15,7.94,Kisközség
NÓGRÁD,Karancsság,527,568,424,369,80.46,64.96,-15.5,-55,-19.26,-12.97,7.78,Nagyközség
SZABOLCS-SZATMÁR-BEREG,Eperjeske,481,514,361,306,75.05,59.53,-15.52,-55,-20.68,-15.24,6.86,Nagyközség
GYŐR-MOSON-SOPRON,Rábacsécsény,367,391,268,213,73.02,54.48,-18.54,-55,-25.39,-20.52,6.54,Kisközség
ZALA,Kisbucsa,276,293,190,135,68.84,46.08,-22.76,-55,-33.06,-28.95,6.16,Kisközség
SOMOGY,Nemesdéd,325,340,292,237,89.85,69.71,-20.14,-55,-22.42,-18.84,4.62,Kisközség
ZALA,Zalabaksa,327,341,223,168,68.2,49.27,-18.93,-55,-27.76,-24.66,4.28,Kisközség
VESZPRÉM,Adásztevel,458,470,286,231,62.45,49.15,-13.3,-55,-21.3,-19.23,2.62,Kisközség
SOMOGY,Táska,213,192,182,127,85.45,66.15,-19.3,-55,-22.59,-30.22,-9.86,Kisközség
SZABOLCS-SZATMÁR-BEREG,Újdombrád,310,376,221,167,71.29,44.41,-26.88,-54,-37.71,-24.43,21.29,Kisközség
BARANYA,Dunaszekcső,833,970,485,431,58.22,44.43,-13.79,-54,-23.69,-11.13,16.45,Nagyközség
BARANYA,Egerág,540,625,275,221,50.93,35.36,-15.57,-54,-30.57,-19.64,15.74,Kisközség
BÁCS-KISKUN,Rém,522,604,314,260,60.15,43.05,-17.1,-54,-28.43,-17.2,15.71,Nagyközség
JÁSZ-NAGYKUN-SZOLNOK,Örményes,533,609,269,215,50.47,35.3,-15.17,-54,-30.06,-20.07,14.26,Kisközség
FEJÉR,Söréd,324,366,216,162,66.67,44.26,-22.41,-54,-33.61,-25,12.96,Kisközség
TOLNA,Kéty,367,410,236,182,64.31,44.39,-19.92,-54,-30.97,-22.88,11.72,Kisközség
JÁSZ-NAGYKUN-SZOLNOK,Tiszaderzs,512,564,387,333,75.59,59.04,-16.55,-54,-21.89,-13.95,10.16,Kisközség
VAS,Simaság,310,336,235,181,75.81,53.87,-21.94,-54,-28.94,-22.98,8.39,Kisközség
GYŐR-MOSON-SOPRON,Zsira,399,430,237,183,59.4,42.56,-16.84,-54,-28.35,-22.78,7.77,Kisközség
SOMOGY,Kapoly,315,339,219,165,69.52,48.67,-20.85,-54,-29.99,-24.66,7.62,Kisközség
VESZPRÉM,Nagytevel,325,339,192,138,59.08,40.71,-18.37,-54,-31.09,-28.12,4.31,Kisközség
BORSOD-ABAÚJ-ZEMPLÉN,Hidvégardó,276,263,197,143,71.38,54.37,-17.01,-54,-23.83,-27.41,-4.71,Kisközség
SZABOLCS-SZATMÁR-BEREG,Beregsurány,359,342,280,226,77.99,66.08,-11.91,-54,-15.27,-19.29,-4.74,Kisközség
PEST,Kisnémedi,394,467,226,173,57.36,37.04,-20.32,-53,-35.43,-23.45,18.53,Kisközség
BORSOD-ABAÚJ-ZEMPLÉN,Nemesbikk,453,528,278,225,61.37,42.61,-18.76,-53,-30.57,-19.06,16.56,Kisközség
HEVES,Istenmezeje,729,848,407,354,55.83,41.75,-14.08,-53,-25.22,-13.02,16.32,Nagyközség
TOLNA,Medina,374,434,261,208,69.79,47.93,-21.86,-53,-31.32,-20.31,16.04,Kisközség
BORSOD-ABAÚJ-ZEMPLÉN,Csincse,298,342,170,117,57.05,34.21,-22.84,-53,-40.04,-31.18,14.77,Kisközség
VESZPRÉM,Borzavár,437,489,253,200,57.89,40.9,-16.99,-53,-29.35,-20.95,11.9,Kisközség
PEST,Váckisújfalu,296,327,192,139,64.86,42.51,-22.35,-53,-34.46,-27.6,10.47,Kisközség
SZABOLCS-SZATMÁR-BEREG,Terem,317,348,222,169,70.03,48.56,-21.47,-53,-30.66,-23.87,9.78,Kisközség
VESZPRÉM,Kislőd,649,712,346,293,53.31,41.15,-12.16,-53,-22.81,-15.32,9.71,Nagyközség
GYŐR-MOSON-SOPRON,Mecsér,379,412,250,197,65.96,47.82,-18.14,-53,-27.5,-21.2,8.71,Kisközség
HEVES,Tarnaörs,742,801,561,508,75.61,63.42,-12.19,-53,-16.12,-9.45,7.95,Nagyközség
GYŐR-MOSON-SOPRON,Cirák,325,348,265,212,81.54,60.92,-20.62,-53,-25.29,-20,7.08,Kisközség
BORSOD-ABAÚJ-ZEMPLÉN,Köröm,445,468,383,330,86.07,70.51,-15.56,-53,-18.08,-13.84,5.17,Nagyközség
SZABOLCS-SZATMÁR-BEREG,Kömörő,275,289,204,151,74.18,52.25,-21.93,-53,-29.56,-25.98,5.09,Kisközség
TOLNA,Aparhant,600,623,369,316,61.5,50.72,-10.78,-53,-17.53,-14.36,3.83,Kisközség
HEVES,Tarnaszentmiklós,336,347,229,176,68.15,50.72,-17.43,-53,-25.58,-23.14,3.27,Kisközség
ZALA,Lakhegy,299,305,211,158,70.57,51.8,-18.77,-53,-26.6,-25.12,2.01,Kisközség
HEVES,Bodony,401,397,265,212,66.08,53.4,-12.68,-53,-19.19,-20,-1,Kisközség
BORSOD-ABAÚJ-ZEMPLÉN,Rásonysápberencs,248,230,157,104,63.31,45.22,-18.09,-53,-28.57,-33.76,-7.26,Kisközség
JÁSZ-NAGYKUN-SZOLNOK,Cserkeszőlő,1198,1487,650,598,54.26,40.22,-14.04,-52,-25.88,-8,24.12,Nagyközség
FEJÉR,Balinka,441,546,287,235,65.08,43.04,-22.04,-52,-33.87,-18.12,23.81,Kisközség
VESZPRÉM,Lókút,253,304,138,86,54.55,28.29,-26.26,-52,-48.14,-37.68,20.16,Kisközség
HEVES,Visznek,579,679,368,316,63.56,46.54,-17.02,-52,-26.78,-14.13,17.27,Nagyközség
BÉKÉS,Ecsegfalva,507,589,332,280,65.48,47.54,-17.94,-52,-27.4,-15.66,16.17,Nagyközség
VESZPRÉM,Marcaltő,434,499,276,224,63.59,44.89,-18.7,-52,-29.41,-18.84,14.98,Kisközség
JÁSZ-NAGYKUN-SZOLNOK,Tiszaigar,310,354,253,201,81.61,56.78,-24.83,-52,-30.43,-20.55,14.19,Kisközség
HEVES,Nagytálya,527,591,278,226,52.75,38.24,-14.51,-52,-27.51,-18.71,12.14,Kisközség
BARANYA,Geresdlak,387,417,229,177,59.17,42.45,-16.72,-52,-28.26,-22.71,7.75,Kisközség
BORSOD-ABAÚJ-ZEMPLÉN,Csokvaomány,334,359,212,160,63.47,44.57,-18.9,-52,-29.78,-24.53,7.49,Kisközség
GYŐR-MOSON-SOPRON,Fertőendréd,400,425,273,221,68.25,52,-16.25,-52,-23.81,-19.05,6.25,Kisközség
NÓGRÁD,Patvarc,405,425,232,180,57.28,42.35,-14.93,-52,-26.06,-22.41,4.94,Kisközség
ZALA,Esztergályhorváti,203,213,127,75,62.56,35.21,-27.35,-52,-43.72,-40.94,4.93,Kisközség
VAS,Kemenesmihályfa,304,312,211,159,69.41,50.96,-18.45,-52,-26.58,-24.64,2.63,Kisközség
CSONGRÁD-CSANÁD,Nagylak,256,234,167,115,65.23,49.15,-16.08,-52,-24.65,-31.14,-8.59,Kisközség
BORSOD-ABAÚJ-ZEMPLÉN,Felsőgagy,85,76,70,18,82.35,23.68,-58.67,-52,-71.24,-74.29,-10.59,Kisközség
ZALA,Zalaszántó,483,577,335,284,69.36,49.22,-20.14,-51,-29.04,-15.22,19.46,Kisközség
HEVES,Mezőszemere,458,542,334,283,72.93,52.21,-20.72,-51,-28.41,-15.27,18.34,Nagyközség
ZALA,Kehidakustány,609,714,394,343,64.7,48.04,-16.66,-51,-25.75,-12.94,17.24,Nagyközség
VAS,Uraiújfalu,447,524,276,225,61.74,42.94,-18.8,-51,-30.45,-18.48,17.23,Kisközség
SOMOGY,Balatonvilágos,795,923,344,293,43.27,31.74,-11.53,-51,-26.65,-14.83,16.1,Nagyközség
VAS,Rábahídvég,507,581,353,302,69.63,51.98,-17.65,-51,-25.35,-14.45,14.6,Kisközség
BARANYA,Pogány,742,843,309,258,41.64,30.6,-11.04,-51,-26.51,-16.5,13.61,Nagyközség
GYŐR-MOSON-SOPRON,Himod,362,410,264,213,72.93,51.95,-20.98,-51,-28.77,-19.32,13.26,Kisközség
SOMOGY,Kaposújlak,412,463,193,142,46.84,30.67,-16.17,-51,-34.52,-26.42,12.38,Kisközség
BORSOD-ABAÚJ-ZEMPLÉN,Vatta,491,547,296,245,60.29,44.79,-15.5,-51,-25.71,-17.23,11.41,Kisközség
HEVES,Aldebrő,406,451,198,147,48.77,32.59,-16.18,-51,-33.18,-25.76,11.08,Kisközség
SZABOLCS-SZATMÁR-BEREG,Székely,431,478,294,243,68.21,50.84,-17.37,-51,-25.47,-17.35,10.9,Kisközség
ZALA,Fityeház,367,403,242,191,65.94,47.39,-18.55,-51,-28.13,-21.07,9.81,Kisközség
GYŐR-MOSON-SOPRON,Sopronhorpács,545,593,374,323,68.62,54.47,-14.15,-51,-20.62,-13.64,8.81,Kisközség
SOMOGY,Mosdós,424,461,264,213,62.26,46.2,-16.06,-51,-25.8,-19.32,8.73,Kisközség
BORSOD-ABAÚJ-ZEMPLÉN,Nekézseny,288,309,194,143,67.36,46.28,-21.08,-51,-31.29,-26.29,7.29,Kisközség
NÓGRÁD,Rimóc,793,847,568,517,71.63,61.04,-10.59,-51,-14.78,-8.98,6.81,Nagyközség
BARANYA,Diósviszló,322,343,232,181,72.05,52.77,-19.28,-51,-26.76,-21.98,6.52,Kisközség
NÓGRÁD,Piliny,304,322,217,166,71.38,51.55,-19.83,-51,-27.78,-23.5,5.92,Kisközség
ZALA,Kemendollár,261,274,165,114,63.22,41.61,-21.61,-51,-34.18,-30.91,4.98,Kisközség
BORSOD-ABAÚJ-ZEMPLÉN,Hejőszalonta,393,412,293,242,74.55,58.74,-15.81,-51,-21.21,-17.41,4.83,Kisközség
SZABOLCS-SZATMÁR-BEREG,Kisar,479,502,346,295,72.23,58.76,-13.47,-51,-18.65,-14.74,4.8,Kisközség
TOLNA,Sárszentlőrinc,550,576,431,380,78.36,65.97,-12.39,-51,-15.81,-11.83,4.73,Kisközség
VAS,Molnaszecsőd,259,268,199,148,76.83,55.22,-21.61,-51,-28.13,-25.63,3.47,Kisközség
VESZPRÉM,Gic,210,216,161,110,76.67,50.93,-25.74,-51,-33.57,-31.68,2.86,Kisközség
BARANYA,Nagynyárád,410,417,253,202,61.71,48.44,-13.27,-51,-21.5,-20.16,1.71,Kisközség
HEVES,Egerbocs,320,323,200,149,62.5,46.13,-16.37,-51,-26.19,-25.5,0.94,Kisközség
SOMOGY,Nemesvid,296,285,224,173,75.68,60.7,-14.98,-51,-19.79,-22.77,-3.72,Kisközség
BÉKÉS,Körösújfalu,194,184,159,108,81.96,58.7,-23.26,-51,-28.38,-32.08,-5.15,Kisközség
VESZPRÉM,Sóly,321,386,187,137,58.26,35.49,-22.77,-50,-39.08,-26.74,20.25,Kisközség
ZALA,Felsőpáhok,386,458,246,196,63.73,42.79,-20.94,-50,-32.86,-20.33,18.65,Kisközség
PEST,Vácegres,473,560,307,257,64.9,45.89,-19.01,-50,-29.29,-16.29,18.39,Kisközség
BORSOD-ABAÚJ-ZEMPLÉN,Taktaszada,770,899,606,556,78.7,61.85,-16.85,-50,-21.41,-8.25,16.75,Nagyközség
VESZPRÉM,Bakonyszentkirály,443,515,287,237,64.79,46.02,-18.77,-50,-28.97,-17.42,16.25,Kisközség
NÓGRÁD,Ecseg,540,615,390,340,72.22,55.28,-16.94,-50,-23.46,-12.82,13.89,Nagyközség
VAS,Bögöt,238,271,193,143,81.09,52.77,-28.32,-50,-34.92,-25.91,13.87,Kisközség
NÓGRÁD,Ságújfalu,409,464,263,213,64.3,45.91,-18.39,-50,-28.6,-19.01,13.45,Kisközség
GYŐR-MOSON-SOPRON,Bogyoszló,364,400,242,192,66.48,48,-18.48,-50,-27.8,-20.66,9.89,Kisközség
VAS,Salköveskút,277,304,196,146,70.76,48.03,-22.73,-50,-32.12,-25.51,9.75,Kisközség
VAS,Csipkerek,206,226,161,111,78.16,49.12,-29.04,-50,-37.15,-31.06,9.71,Kisközség
VESZPRÉM,Balatonederics,602,655,374,324,62.13,49.47,-12.66,-50,-20.38,-13.37,8.8,Nagyközség
SZABOLCS-SZATMÁR-BEREG,Gulács,441,477,335,285,75.96,59.75,-16.21,-50,-21.34,-14.93,8.16,Kisközség
VESZPRÉM,Marcalgergelyi,211,225,166,116,78.67,51.56,-27.11,-50,-34.46,-30.12,6.64,Kisközség
BORSOD-ABAÚJ-ZEMPLÉN,Szögliget,334,356,219,169,65.57,47.47,-18.1,-50,-27.6,-22.83,6.59,Kisközség
VAS,Boba,506,518,356,306,70.36,59.07,-11.29,-50,-16.05,-14.04,2.37,Kisközség
NÓGRÁD,Nógrádmarcal,258,253,175,125,67.83,49.41,-18.42,-50,-27.16,-28.57,-1.94,Kisközség
BORSOD-ABAÚJ-ZEMPLÉN,Krasznokvajda,216,200,166,116,76.85,58,-18.85,-50,-24.53,-30.12,-7.41,Kisközség
BORSOD-ABAÚJ-ZEMPLÉN,Kelemér,248,225,178,128,71.77,56.89,-14.88,-50,-20.73,-28.09,-9.27,Kisközség
BORSOD-ABAÚJ-ZEMPLÉN,Hernádkércs,179,162,127,77,70.95,47.53,-23.42,-50,-33.01,-39.37,-9.5,Kisközség
BORSOD-ABAÚJ-ZEMPLÉN,Boldva,992,1198,579,530,58.37,44.24,-14.13,-49,-24.21,-8.46,20.77,Nagyközség
BÁCS-KISKUN,Nemesnádudvar,840,983,393,344,46.79,34.99,-11.8,-49,-25.22,-12.47,17.02,Nagyközség
BORSOD-ABAÚJ-ZEMPLÉN,Gibárt,198,231,119,70,60.1,30.3,-29.8,-49,-49.58,-41.18,16.67,Kisközség
GYŐR-MOSON-SOPRON,Újrónafő,422,491,253,204,59.95,41.55,-18.4,-49,-30.69,-19.37,16.35,Kisközség
SOMOGY,Kereki,292,338,185,136,63.36,40.24,-23.12,-49,-36.49,-26.49,15.75,Kisközség
VESZPRÉM,Tés,492,569,312,263,63.41,46.22,-17.19,-49,-27.11,-15.71,15.65,Kisközség
VAS,Tanakajd,470,540,281,232,59.79,42.96,-16.83,-49,-28.15,-17.44,14.89,Kisközség
SOMOGY,Igal,719,822,419,370,58.28,45.01,-13.27,-49,-22.77,-11.69,14.33,Város
VESZPRÉM,Ugod,668,763,374,325,55.99,42.6,-13.39,-49,-23.91,-13.1,14.22,Nagyközség
ZALA,Rezi,684,781,465,416,67.98,53.27,-14.71,-49,-21.64,-10.54,14.18,Nagyközség
NÓGRÁD,Szuha,326,367,162,113,49.69,30.79,-18.9,-49,-38.04,-30.25,12.58,Kisközség
BARANYA,Drávafok,208,223,132,83,63.46,37.22,-26.24,-49,-41.35,-37.12,7.21,Kisközség
VAS,Egyházashollós,336,357,267,218,79.46,61.06,-18.4,-49,-23.16,-18.35,6.25,Kisközség
BORSOD-ABAÚJ-ZEMPLÉN,Hangács,292,310,213,164,72.95,52.9,-20.05,-49,-27.48,-23,6.16,Kisközség
SOMOGY,Háromfa,335,352,207,158,61.79,44.89,-16.9,-49,-27.35,-23.67,5.07,Kisközség
GYŐR-MOSON-SOPRON,Jobaháza,323,323,231,182,71.52,56.35,-15.17,-49,-21.21,-21.21,0,Kisközség
SOMOGY,Kálmáncsa,257,252,196,147,76.26,58.33,-17.93,-49,-23.51,-25,-1.95,Kisközség
BORSOD-ABAÚJ-ZEMPLÉN,Kiskinizs,188,184,139,90,73.94,48.91,-25.03,-49,-33.85,-35.25,-2.13,Kisközség
HEVES,Hevesaranyos,301,268,220,171,73.09,63.81,-9.28,-49,-12.7,-22.27,-10.96,Kisközség
GYŐR-MOSON-SOPRON,Táp,420,502,272,224,64.76,44.62,-20.14,-48,-31.1,-17.65,19.52,Kisközség
BARANYA,Újpetre,479,569,228,180,47.6,31.63,-15.97,-48,-33.55,-21.05,18.79,Kisközség
BARANYA,Kacsóta,134,157,92,44,68.66,28.03,-40.63,-48,-59.18,-52.17,17.16,Kisközség
SOMOGY,Inke,472,552,326,278,69.07,50.36,-18.71,-48,-27.09,-14.72,16.95,Nagyközség
BARANYA,Keszü,807,943,320,272,39.65,28.84,-10.81,-48,-27.26,-15,16.85,Nagyközség
SZABOLCS-SZATMÁR-BEREG,Csaroda,299,346,217,169,72.58,48.84,-23.74,-48,-32.71,-22.12,15.72,Kisközség
HAJDÚ-BIHAR,Mezősas,268,306,173,125,64.55,40.85,-23.7,-48,-36.72,-27.75,14.18,Kisközség
BORSOD-ABAÚJ-ZEMPLÉN,Rudabánya,991,1130,656,608,66.2,53.81,-12.39,-48,-18.72,-7.32,14.03,Város
HAJDÚ-BIHAR,Váncsod,540,611,367,319,67.96,52.21,-15.75,-48,-23.18,-13.08,13.15,Nagyközség
GYŐR-MOSON-SOPRON,Nyalka,308,336,184,136,59.74,40.48,-19.26,-48,-32.24,-26.09,9.09,Kisközség
ZALA,Miháld,380,412,253,205,66.58,49.76,-16.82,-48,-25.26,-18.97,8.42,Kisközség
ZALA,Surd,338,365,210,162,62.13,44.38,-17.75,-48,-28.57,-22.86,7.99,Kisközség
GYŐR-MOSON-SOPRON,Rábaszentmihály,324,347,236,188,72.84,54.18,-18.66,-48,-25.62,-20.34,7.1,Kisközség
TOLNA,Váralja,426,451,302,254,70.89,56.32,-14.57,-48,-20.55,-15.89,5.87,Kisközség
BORSOD-ABAÚJ-ZEMPLÉN,Zemplénagárd,253,265,195,147,77.08,55.47,-21.61,-48,-28.04,-24.62,4.74,Kisközség
ZALA,Molnári,383,398,224,176,58.49,44.22,-14.27,-48,-24.4,-21.43,3.92,Kisközség
SZABOLCS-SZATMÁR-BEREG,Beregdaróc,417,426,316,268,75.78,62.91,-12.87,-48,-16.98,-15.19,2.16,Kisközség
ZALA,Borsfa,344,423,227,180,65.99,42.55,-23.44,-47,-35.52,-20.7,22.97,Kisközség
SOMOGY,Bábonymegyer,326,394,211,164,64.72,41.62,-23.1,-47,-35.69,-22.27,20.86,Kisközség
KOMÁROM-ESZTERGOM,Annavölgy,434,517,219,172,50.46,33.27,-17.19,-47,-34.07,-21.46,19.12,Kisközség
KOMÁROM-ESZTERGOM,Súr,595,704,367,320,61.68,45.45,-16.23,-47,-26.31,-12.81,18.32,Nagyközség
TOLNA,Alsónyék,364,429,226,179,62.09,41.72,-20.37,-47,-32.81,-20.8,17.86,Kisközség
ZALA,Gelse,541,628,286,239,52.87,38.06,-14.81,-47,-28.01,-16.43,16.08,Kisközség
TOLNA,Csikóstőttős,394,445,231,184,58.63,41.35,-17.28,-47,-29.47,-20.35,12.94,Kisközség
VESZPRÉM,Zánka,572,643,274,227,47.9,35.3,-12.6,-47,-26.3,-17.15,12.41,Kisközség
BARANYA,Majs,473,518,263,216,55.6,41.7,-13.9,-47,-25,-17.87,9.51,Kisközség
NÓGRÁD,Bárna,499,546,348,301,69.74,55.13,-14.61,-47,-20.95,-13.51,9.42,Kisközség
GYŐR-MOSON-SOPRON,Barbacs,438,478,295,248,67.35,51.88,-15.47,-47,-22.97,-15.93,9.13,Kisközség
NÓGRÁD,Erdőtarcsa,270,294,191,144,70.74,48.98,-21.76,-47,-30.76,-24.61,8.89,Kisközség
NÓGRÁD,Becske,292,316,191,144,65.41,45.57,-19.84,-47,-30.33,-24.61,8.22,Kisközség
VAS,Kemenessömjén,325,350,224,177,68.92,50.57,-18.35,-47,-26.63,-20.98,7.69,Kisközség
SZABOLCS-SZATMÁR-BEREG,Kisszekeres,272,292,205,158,75.37,54.11,-21.26,-47,-28.21,-22.93,7.35,Kisközség
JÁSZ-NAGYKUN-SZOLNOK,Jászivány,215,229,157,110,73.02,48.03,-24.99,-47,-34.22,-29.94,6.51,Kisközség
NÓGRÁD,Cserhátsurány,415,440,293,246,70.6,55.91,-14.69,-47,-20.81,-16.04,6.02,Kisközség
NÓGRÁD,Erdőkürt,319,338,192,145,60.19,42.9,-17.29,-47,-28.73,-24.48,5.96,Kisközség
BARANYA,Endrőc,168,178,126,79,75,44.38,-30.62,-47,-40.83,-37.3,5.95,Kisközség
NÓGRÁD,Egyházasgerge,344,363,261,214,75.87,58.95,-16.92,-47,-22.3,-18.01,5.52,Kisközség
VAS,Szakonyfalu,231,243,177,130,76.62,53.5,-23.12,-47,-30.17,-26.55,5.19,Kisközség
BÁCS-KISKUN,Dunafalva,472,494,317,270,67.16,54.66,-12.5,-47,-18.61,-14.83,4.66,Kisközség
ZALA,Szentgyörgyvölgy,217,221,161,114,74.19,51.58,-22.61,-47,-30.48,-29.19,1.84,Kisközség
CSONGRÁD-CSANÁD,Nagyér,222,224,136,89,61.26,39.73,-21.53,-47,-35.15,-34.56,0.9,Kisközség
BORSOD-ABAÚJ-ZEMPLÉN,Lak,322,320,294,247,91.3,77.19,-14.11,-47,-15.45,-15.99,-0.62,Kisközség
BARANYA,Görcsöny,770,971,426,380,55.32,39.13,-16.19,-46,-29.27,-10.8,26.1,Nagyközség
FEJÉR,Csősz,488,611,317,271,64.96,44.35,-20.61,-46,-31.73,-14.51,25.2,Kisközség
KOMÁROM-ESZTERGOM,Dunaalmás,898,1104,478,432,53.23,39.13,-14.1,-46,-26.49,-9.62,22.94,Nagyközség
BARANYA,Bogád,597,731,298,252,49.92,34.47,-15.45,-46,-30.95,-15.44,22.45,Nagyközség
GYŐR-MOSON-SOPRON,Tarjánpuszta,257,312,153,107,59.53,34.29,-25.24,-46,-42.4,-30.07,21.4,Kisközség
VESZPRÉM,Nemesszalók,456,546,323,277,70.83,50.73,-20.1,-46,-28.38,-14.24,19.74,Kisközség
JÁSZ-NAGYKUN-SZOLNOK,Tiszaroff,739,884,520,474,70.37,53.62,-16.75,-46,-23.8,-8.85,19.62,Nagyközség
BÁCS-KISKUN,Kunbaracs,338,401,244,198,72.19,49.38,-22.81,-46,-31.6,-18.85,18.64,Kisközség
HEVES,Feldebrő,499,579,292,246,58.52,42.49,-16.03,-46,-27.39,-15.75,16.03,Kisközség
BARANYA,Vokány,405,467,223,177,55.06,37.9,-17.16,-46,-31.17,-20.63,15.31,Kisközség
SZABOLCS-SZATMÁR-BEREG,Vállaj,544,627,432,386,79.41,61.56,-17.85,-46,-22.48,-10.65,15.26,Kisközség
HEVES,Hevesvezekény,324,373,188,142,58.02,38.07,-19.95,-46,-34.38,-24.47,15.12,Kisközség
FEJÉR,Mezőkomárom,446,512,308,262,69.06,51.17,-17.89,-46,-25.91,-14.94,14.8,Kisközség
VESZPRÉM,Farkasgyepű,226,257,115,69,50.88,26.85,-24.03,-46,-47.23,-40,13.72,Kisközség
BÁCS-KISKUN,Uszód,466,524,283,237,60.73,45.23,-15.5,-46,-25.52,-16.25,12.45,Kisközség
TOLNA,Harc,426,475,261,215,61.27,45.26,-16.01,-46,-26.13,-17.62,11.5,Kisközség
VAS,Alsóújlak,322,357,249,203,77.33,56.86,-20.47,-46,-26.47,-18.47,10.87,Kisközség
SOMOGY,Kutas,593,657,398,352,67.12,53.58,-13.54,-46,-20.17,-11.56,10.79,Nagyközség
BORSOD-ABAÚJ-ZEMPLÉN,Sajósenye,224,238,133,87,59.38,36.55,-22.83,-46,-38.45,-34.59,6.25,Kisközség
CSONGRÁD-CSANÁD,Öttömös,376,399,205,159,54.52,39.85,-14.67,-46,-26.91,-22.44,6.12,Kisközség
VESZPRÉM,Jásd,439,465,266,220,60.59,47.31,-13.28,-46,-21.92,-17.29,5.92,Kisközség
ZALA,Zalacséb,285,295,159,113,55.79,38.31,-17.48,-46,-31.33,-28.93,3.51,Kisközség
SOMOGY,Nikla,318,327,250,204,78.62,62.39,-16.23,-46,-20.64,-18.4,2.83,Kisközség
VESZPRÉM,Nagyalásony,271,278,206,160,76.01,57.55,-18.46,-46,-24.29,-22.33,2.58,Kisközség
BÉKÉS,Kisdombegyház,205,210,159,113,77.56,53.81,-23.75,-46,-30.62,-28.93,2.44,Kisközség
SZABOLCS-SZATMÁR-BEREG,Géberjén,295,301,219,173,74.24,57.48,-16.76,-46,-22.58,-21,2.03,Kisközség
SOMOGY,Szabás,287,286,211,165,73.52,57.69,-15.83,-46,-21.53,-21.8,-0.35,Kisközség
CSONGRÁD-CSANÁD,Eperjes,251,250,173,127,68.92,50.8,-18.12,-46,-26.29,-26.59,-0.4,Kisközség
VESZPRÉM,Malomsok,335,326,253,207,75.52,63.5,-12.02,-46,-15.92,-18.18,-2.69,Kisközség
GYŐR-MOSON-SOPRON,Gyóró,231,221,174,128,75.32,57.92,-17.4,-46,-23.1,-26.44,-4.33,Kisközség
GYŐR-MOSON-SOPRON,Pázmándfalu,577,746,345,300,59.79,40.21,-19.58,-45,-32.75,-13.04,29.29,Nagyközség
SOMOGY,Somogyaszaló,386,463,225,180,58.29,38.88,-19.41,-45,-33.3,-20,19.95,Kisközség
ZALA,Óhíd,278,321,160,115,57.55,35.83,-21.72,-45,-37.74,-28.12,15.47,Kisközség
SOMOGY,Somogyszil,329,379,225,180,68.39,47.49,-20.9,-45,-30.56,-20,15.2,Kisközség
SZABOLCS-SZATMÁR-BEREG,Petneháza,804,915,550,505,68.41,55.19,-13.22,-45,-19.32,-8.18,13.81,Nagyközség
SOMOGY,Sántos,296,332,165,120,55.74,36.14,-19.6,-45,-35.16,-27.27,12.16,Kisközség
FEJÉR,Nagyveleg,388,434,267,222,68.81,51.15,-17.66,-45,-25.66,-16.85,11.86,Kisközség
CSONGRÁD-CSANÁD,Nagytőke,210,234,156,111,74.29,47.44,-26.85,-45,-36.14,-28.85,11.43,Kisközség
VESZPRÉM,Bakonyjákó,403,444,217,172,53.85,38.74,-15.11,-45,-28.06,-20.74,10.17,Kisközség
ZALA,Belezna,352,385,221,176,62.78,45.71,-17.07,-45,-27.19,-20.36,9.38,Kisközség
GYŐR-MOSON-SOPRON,Rétalap,292,318,224,179,76.71,56.29,-20.42,-45,-26.62,-20.09,8.9,Kisközség
GYŐR-MOSON-SOPRON,Rábakecöl,448,481,278,233,62.05,48.44,-13.61,-45,-21.93,-16.19,7.37,Kisközség
BARANYA,Magyarhertelend,349,373,157,112,44.99,30.03,-14.96,-45,-33.25,-28.66,6.88,Kisközség
BORSOD-ABAÚJ-ZEMPLÉN,Borsodivánka,297,315,165,120,55.56,38.1,-17.46,-45,-31.43,-27.27,6.06,Kisközség
CSONGRÁD-CSANÁD,Árpádhalom,255,268,155,110,60.78,41.04,-19.74,-45,-32.48,-29.03,5.1,Kisközség
BORSOD-ABAÚJ-ZEMPLÉN,Csernely,313,320,211,166,67.41,51.88,-15.53,-45,-23.04,-21.33,2.24,Kisközség
TOLNA,Mucsfa,202,202,164,119,81.19,58.91,-22.28,-45,-27.44,-27.44,0,Kisközség
BARANYA,Siklósnagyfalu,167,163,154,109,92.22,66.87,-25.35,-45,-27.49,-29.22,-2.4,Kisközség
BORSOD-ABAÚJ-ZEMPLÉN,Füzérkomlós,166,159,100,55,60.24,34.59,-25.65,-45,-42.58,-45,-4.22,Kisközség
VAS,Horvátlövő,142,133,113,68,79.58,51.13,-28.45,-45,-35.75,-39.82,-6.34,Kisközség
BORSOD-ABAÚJ-ZEMPLÉN,Tornyosnémeti,215,194,172,127,80,65.46,-14.54,-45,-18.18,-26.16,-9.77,Kisközség
BORSOD-ABAÚJ-ZEMPLÉN,Abaújvár,99,70,83,38,83.84,54.29,-29.55,-45,-35.25,-54.22,-29.29,Kisközség
ZALA,Zalabér,349,409,226,182,64.76,44.5,-20.26,-44,-31.28,-19.47,17.19,Kisközség
PEST,Szentlőrinckáta,900,1040,553,509,61.44,48.94,-12.5,-44,-20.35,-7.96,15.56,Nagyközség
SZABOLCS-SZATMÁR-BEREG,Papos,420,484,306,262,72.86,54.13,-18.73,-44,-25.71,-14.38,15.24,Kisközség
BARANYA,Kétújfalu,328,374,203,159,61.89,42.51,-19.38,-44,-31.31,-21.67,14.02,Kisközség
SOMOGY,Somogysárd,568,646,361,317,63.56,49.07,-14.49,-44,-22.8,-12.19,13.73,Nagyközség
BORSOD-ABAÚJ-ZEMPLÉN,Vámosújfalu,403,454,237,193,58.81,42.51,-16.3,-44,-27.72,-18.57,12.66,Kisközség
VESZPRÉM,Gyulakeszi,384,432,227,183,59.11,42.36,-16.75,-44,-28.34,-19.38,12.5,Kisközség
NÓGRÁD,Tereske,361,405,255,211,70.64,52.1,-18.54,-44,-26.25,-17.25,12.19,Kisközség
KOMÁROM-ESZTERGOM,Bársonyos,359,400,255,211,71.03,52.75,-18.28,-44,-25.74,-17.25,11.42,Kisközség
VESZPRÉM,Dáka,255,284,164,120,64.31,42.25,-22.06,-44,-34.3,-26.83,11.37,Kisközség
HEVES,Bekölce,303,335,205,161,67.66,48.06,-19.6,-44,-28.97,-21.46,10.56,Kisközség
ZALA,Babosdöbréte,282,309,203,159,71.99,51.46,-20.53,-44,-28.52,-21.67,9.57,Kisközség
SZABOLCS-SZATMÁR-BEREG,Olcsva,359,390,258,214,71.87,54.87,-17,-44,-23.65,-17.05,8.64,Kisközség
HEVES,Mátraszentimre,244,259,116,72,47.54,27.8,-19.74,-44,-41.52,-37.93,6.15,Kisközség
ZALA,Kustánszeg,269,285,184,140,68.4,49.12,-19.28,-44,-28.19,-23.91,5.95,Kisközség
ZALA,Nagykutas,273,288,188,144,68.86,50,-18.86,-44,-27.39,-23.4,5.49,Kisközség
BORSOD-ABAÚJ-ZEMPLÉN,Jákfalva,244,248,177,133,72.54,53.63,-18.91,-44,-26.07,-24.86,1.64,Kisközség
BORSOD-ABAÚJ-ZEMPLÉN,Kissikátor,186,189,105,61,56.45,32.28,-24.17,-44,-42.82,-41.9,1.61,Kisközség
GYŐR-MOSON-SOPRON,Szakony,266,266,189,145,71.05,54.51,-16.54,-44,-23.28,-23.28,0,Kisközség
BORSOD-ABAÚJ-ZEMPLÉN,Tomor,137,127,119,75,86.86,59.06,-27.8,-44,-32.01,-36.97,-7.3,Kisközség
KOMÁROM-ESZTERGOM,Máriahalom,347,418,197,154,56.77,36.84,-19.93,-43,-35.11,-21.83,20.46,Kisközség
HAJDÚ-BIHAR,Szerep,507,590,411,368,81.07,62.37,-18.7,-43,-23.07,-10.46,16.37,Nagyközség
VESZPRÉM,Csajág,439,510,264,221,60.14,43.33,-16.81,-43,-27.95,-16.29,16.17,Kisközség
TOLNA,Nagykónyi,477,550,328,285,68.76,51.82,-16.94,-43,-24.64,-13.11,15.3,Kisközség
ZALA,Zalaszentbalázs,466,536,255,212,54.72,39.55,-15.17,-43,-27.72,-16.86,15.02,Kisközség
ZALA,Semjénháza,313,359,165,122,52.72,33.98,-18.74,-43,-35.55,-26.06,14.7,Kisközség
BORSOD-ABAÚJ-ZEMPLÉN,Vadna,320,365,146,103,45.62,28.22,-17.4,-43,-38.14,-29.45,14.06,Kisközség
BORSOD-ABAÚJ-ZEMPLÉN,Csobaj,321,366,226,183,70.4,50,-20.4,-43,-28.98,-19.03,14.02,Kisközség
HEVES,Nagyvisnyó,484,548,309,266,63.84,48.54,-15.3,-43,-23.97,-13.92,13.22,Kisközség
NÓGRÁD,Nógrádsáp,521,587,347,304,66.6,51.79,-14.81,-43,-22.24,-12.39,12.67,Kisközség
VESZPRÉM,Doba,250,278,194,151,77.6,54.32,-23.28,-43,-30,-22.16,11.2,Kisközség
SOMOGY,Lábod,895,995,567,524,63.35,52.66,-10.69,-43,-16.87,-7.58,11.17,Nagyközség
ZALA,Tófej,371,412,241,198,64.96,48.06,-16.9,-43,-26.02,-17.84,11.05,Kisközség
NÓGRÁD,Felsőpetény,354,390,261,218,73.73,55.9,-17.83,-43,-24.18,-16.48,10.17,Kisközség
BORSOD-ABAÚJ-ZEMPLÉN,Tiszabábolna,169,185,123,80,72.78,43.24,-29.54,-43,-40.59,-34.96,9.47,Kisközség
HEVES,Mikófalva,354,385,222,179,62.71,46.49,-16.22,-43,-25.87,-19.37,8.76,Kisközség
VESZPRÉM,Kolontár,374,406,216,173,57.75,42.61,-15.14,-43,-26.22,-19.91,8.56,Kisközség
BARANYA,Bikal,373,400,148,105,39.68,26.25,-13.43,-43,-33.85,-29.05,7.24,Kisközség
VAS,Bérbaltavár,227,242,170,127,74.89,52.48,-22.41,-43,-29.92,-25.29,6.61,Kisközség
VESZPRÉM,Aszófő,305,325,168,125,55.08,38.46,-16.62,-43,-30.17,-25.6,6.56,Kisközség
HEVES,Vécs,328,347,220,177,67.07,51.01,-16.06,-43,-23.95,-19.55,5.79,Kisközség
SZABOLCS-SZATMÁR-BEREG,Tákos,209,211,174,131,83.25,62.09,-21.16,-43,-25.42,-24.71,0.96,Kisközség
BÁCS-KISKUN,Ordas,261,263,160,117,61.3,44.49,-16.81,-43,-27.42,-26.88,0.77,Kisközség
HAJDÚ-BIHAR,Újiráz,269,263,172,129,63.94,49.05,-14.89,-43,-23.29,-25,-2.23,Kisközség
BORSOD-ABAÚJ-ZEMPLÉN,Felsőkelecsény,198,189,123,80,62.12,42.33,-19.79,-43,-31.86,-34.96,-4.55,Kisközség
FEJÉR,Isztimér,490,610,263,221,53.67,36.23,-17.44,-42,-32.49,-15.97,24.49,Kisközség
PEST,Apaj,558,677,319,277,57.17,40.92,-16.25,-42,-28.42,-13.17,21.33,Nagyközség
NÓGRÁD,Keszeg,428,506,294,252,68.69,49.8,-18.89,-42,-27.5,-14.29,18.22,Kisközség
PEST,Pusztazámor,677,800,307,265,45.35,33.12,-12.23,-42,-26.97,-13.68,18.17,Nagyközség
BORSOD-ABAÚJ-ZEMPLÉN,Sajópálfala,408,466,235,193,57.6,41.42,-16.18,-42,-28.09,-17.87,14.22,Kisközség
ZALA,Salomvár,345,390,232,190,67.25,48.72,-18.53,-42,-27.55,-18.1,13.04,Kisközség
KOMÁROM-ESZTERGOM,Úny,409,462,238,196,58.19,42.42,-15.77,-42,-27.1,-17.65,12.96,Kisközség
VESZPRÉM,Somlóvásárhely,500,563,356,314,71.2,55.77,-15.43,-42,-21.67,-11.8,12.6,Nagyközség
JÁSZ-NAGYKUN-SZOLNOK,Mesterszállás,389,436,235,193,60.41,44.27,-16.14,-42,-26.72,-17.87,12.08,Kisközség
KOMÁROM-ESZTERGOM,Ácsteszér,376,421,249,207,66.22,49.17,-17.05,-42,-25.75,-16.87,11.97,Kisközség
BARANYA,Gerde,219,245,154,112,70.32,45.71,-24.61,-42,-35,-27.27,11.87,Kisközség
BARANYA,Bogádmindszent,210,233,144,102,68.57,43.78,-24.79,-42,-36.15,-29.17,10.95,Kisközség
BORSOD-ABAÚJ-ZEMPLÉN,Hernádvécse,365,403,324,282,88.77,69.98,-18.79,-42,-21.17,-12.96,10.41,Nagyközség
SOMOGY,Orci,314,346,164,122,52.23,35.26,-16.97,-42,-32.49,-25.61,10.19,Kisközség
NÓGRÁD,Szátok,194,212,171,129,88.14,60.85,-27.29,-42,-30.96,-24.56,9.28,Kisközség
VESZPRÉM,Kemenesszentpéter,358,388,264,222,73.74,57.22,-16.52,-42,-22.4,-15.91,8.38,Kisközség
NÓGRÁD,Nagybárkány,367,385,308,266,83.92,69.09,-14.83,-42,-17.67,-13.64,4.9,Kisközség
VAS,Bajánsenye,308,323,245,203,79.55,62.85,-16.7,-42,-20.99,-17.14,4.87,Kisközség
SOMOGY,Szenta,200,199,142,100,71,50.25,-20.75,-42,-29.23,-29.58,-0.5,Kisközség
NÓGRÁD,Egyházasdengeleg,247,243,138,96,55.87,39.51,-16.36,-42,-29.28,-30.43,-1.62,Kisközség
BARANYA,Szilágy,157,151,92,50,58.6,33.11,-25.49,-42,-43.5,-45.65,-3.82,Kisközség
BORSOD-ABAÚJ-ZEMPLÉN,Fáj,216,207,215,173,99.54,83.57,-15.97,-42,-16.04,-19.53,-4.17,Kisközség
VESZPRÉM,Bakonyszücs,178,170,113,71,63.48,41.76,-21.72,-42,-34.22,-37.17,-4.49,Kisközség
NÓGRÁD,Rákóczibánya,283,357,168,127,59.36,35.57,-23.79,-41,-40.08,-24.4,26.15,Kisközség
FEJÉR,Alsószentiván,293,344,201,160,68.6,46.51,-22.09,-41,-32.2,-20.4,17.41,Kisközség
KOMÁROM-ESZTERGOM,Dág,518,607,264,223,50.97,36.74,-14.23,-41,-27.92,-15.53,17.18,Kisközség
VESZPRÉM,Lesencetomaj,451,525,287,246,63.64,46.86,-16.78,-41,-26.37,-14.29,16.41,Nagyközség
GYŐR-MOSON-SOPRON,Lipót,460,531,288,247,62.61,46.52,-16.09,-41,-25.7,-14.24,15.43,Kisközség
FEJÉR,Vértesboglár,545,629,297,256,54.5,40.7,-13.8,-41,-25.32,-13.8,15.41,Kisközség
BORSOD-ABAÚJ-ZEMPLÉN,Telkibánya,302,341,216,175,71.52,51.32,-20.2,-41,-28.24,-18.98,12.91,Kisközség
SOMOGY,Mesztegnyő,622,697,390,349,62.7,50.07,-12.63,-41,-20.14,-10.51,12.06,Nagyközség
BARANYA,Mozsgó,395,442,250,209,63.29,47.29,-16,-41,-25.28,-16.4,11.9,Kisközség
TOLNA,Sárpilis,278,307,202,161,72.66,52.44,-20.22,-41,-27.83,-20.3,10.43,Kisközség
BÉKÉS,Csárdaszállás,232,255,138,97,59.48,38.04,-21.44,-41,-36.05,-29.71,9.91,Kisközség
TOLNA,Györköny,545,597,277,236,50.83,39.53,-11.3,-41,-22.23,-14.8,9.54,Kisközség
GYŐR-MOSON-SOPRON,Pinnye,224,244,152,111,67.86,45.49,-22.37,-41,-32.96,-26.97,8.93,Kisközség
VESZPRÉM,Kővágóörs,373,406,207,166,55.5,40.89,-14.61,-41,-26.32,-19.81,8.85,Kisközség
BARANYA,Szajk,467,508,245,204,52.46,40.16,-12.3,-41,-23.45,-16.73,8.78,Kisközség
BARANYA,Aranyosgadány,173,187,107,66,61.85,35.29,-26.56,-41,-42.94,-38.32,8.09,Kisközség
BORSOD-ABAÚJ-ZEMPLÉN,Füzérradvány,145,155,107,66,73.79,42.58,-31.21,-41,-42.3,-38.32,6.9,Kisközség
VAS,Mersevát,366,391,247,206,67.49,52.69,-14.8,-41,-21.93,-16.6,6.83,Kisközség
VAS,Nick,339,362,265,224,78.17,61.88,-16.29,-41,-20.84,-15.47,6.78,Kisközség
NÓGRÁD,Cered,505,536,312,271,61.78,50.56,-11.22,-41,-18.16,-13.14,6.14,Kisközség
SOMOGY,Szentgáloskér,240,253,172,131,71.67,51.78,-19.89,-41,-27.75,-23.84,5.42,Kisközség
BÉKÉS,Kardos,298,313,186,145,62.42,46.33,-16.09,-41,-25.78,-22.04,5.03,Kisközség
SZABOLCS-SZATMÁR-BEREG,Bátorliget,352,367,207,166,58.81,45.23,-13.58,-41,-23.09,-19.81,4.26,Kisközség
BORSOD-ABAÚJ-ZEMPLÉN,Kishuta,172,177,98,57,56.98,32.2,-24.78,-41,-43.49,-41.84,2.91,Kisközség
SOMOGY,Várda,261,268,149,108,57.09,40.3,-16.79,-41,-29.41,-27.52,2.68,Kisközség
VAS,Tormásliget,191,196,143,102,74.87,52.04,-22.83,-41,-30.49,-28.67,2.62,Kisközség
NÓGRÁD,Bér,208,213,157,116,75.48,54.46,-21.02,-41,-27.85,-26.11,2.4,Kisközség
VESZPRÉM,Mencshely,170,173,102,61,60,35.26,-24.74,-41,-41.23,-40.2,1.76,Kisközség
ZALA,Misefa,167,168,88,47,52.69,27.98,-24.71,-41,-46.9,-46.59,0.6,Kisközség
SOMOGY,Porrogszentkirály,155,150,131,90,84.52,60,-24.52,-41,-29.01,-31.3,-3.23,Kisközség
BORSOD-ABAÚJ-ZEMPLÉN,Berente,477,603,227,187,47.59,31.01,-16.58,-40,-34.84,-17.62,26.42,Kisközség
SOMOGY,Mike,226,281,166,126,73.45,44.84,-28.61,-40,-38.95,-24.1,24.34,Kisközség
BORSOD-ABAÚJ-ZEMPLÉN,Kondó,286,338,165,125,57.69,36.98,-20.71,-40,-35.9,-24.24,18.18,Kisközség
TOLNA,Györe,332,383,181,141,54.52,36.81,-17.71,-40,-32.48,-22.1,15.36,Kisközség
GYŐR-MOSON-SOPRON,Osli,513,589,351,311,68.42,52.8,-15.62,-40,-22.83,-11.4,14.81,Kisközség
ZALA,Nagylengyel,295,338,168,128,56.95,37.87,-19.08,-40,-33.5,-23.81,14.58,Kisközség
BARANYA,Szentlászló,387,443,217,177,56.07,39.95,-16.12,-40,-28.75,-18.43,14.47,Kisközség
ZALA,Muraszemenye,245,280,173,133,70.61,47.5,-23.11,-40,-32.73,-23.12,14.29,Kisközség
SOMOGY,Bedegkér,156,178,121,81,77.56,45.51,-32.05,-40,-41.32,-33.06,14.1,Kisközség
GYŐR-MOSON-SOPRON,Győrasszonyfa,267,302,193,153,72.28,50.66,-21.62,-40,-29.91,-20.73,13.11,Kisközség
PEST,Csővár,378,422,242,202,64.02,47.87,-16.15,-40,-25.23,-16.53,11.64,Kisközség
BORSOD-ABAÚJ-ZEMPLÉN,Szakáld,235,259,137,97,58.3,37.45,-20.85,-40,-35.76,-29.2,10.21,Kisközség
BARANYA,Magyaregregy,385,422,188,148,48.83,35.07,-13.76,-40,-28.18,-21.28,9.61,Kisközség
VESZPRÉM,Csögle,328,359,234,194,71.34,54.04,-17.3,-40,-24.25,-17.09,9.45,Kisközség
GYŐR-MOSON-SOPRON,Magyarkeresztúr,262,285,191,151,72.9,52.98,-19.92,-40,-27.33,-20.94,8.78,Kisközség
BORSOD-ABAÚJ-ZEMPLÉN,Mikóháza,309,336,146,106,47.25,31.55,-15.7,-40,-33.23,-27.4,8.74,Kisközség
SZABOLCS-SZATMÁR-BEREG,Szamossályi,344,370,250,210,72.67,56.76,-15.91,-40,-21.89,-16,7.56,Kisközség
VESZPRÉM,Révfülöp,698,750,375,335,53.72,44.67,-9.05,-40,-16.85,-10.67,7.45,Nagyközség
BORSOD-ABAÚJ-ZEMPLÉN,Felsőtelekes,296,311,222,182,75,58.52,-16.48,-40,-21.97,-18.02,5.07,Kisközség
VESZPRÉM,Pápadereske,179,188,124,84,69.27,44.68,-24.59,-40,-35.5,-32.26,5.03,Kisközség
ZALA,Petrikeresztúr,223,232,152,112,68.16,48.28,-19.88,-40,-29.17,-26.32,4.04,Kisközség
VESZPRÉM,Iszkáz,204,212,181,141,88.73,66.51,-22.22,-40,-25.04,-22.1,3.92,Kisközség
SZABOLCS-SZATMÁR-BEREG,Vámosatya,269,279,196,156,72.86,55.91,-16.95,-40,-23.26,-20.41,3.72,Kisközség
BARANYA,Abaliget,366,368,178,138,48.63,37.5,-11.13,-40,-22.89,-22.47,0.55,Kisközség
HEVES,Tófalu,303,300,209,169,68.98,56.33,-12.65,-40,-18.34,-19.14,-0.99,Kisközség
GYŐR-MOSON-SOPRON,Kisbabot,160,156,118,78,73.75,50,-23.75,-40,-32.2,-33.9,-2.5,Kisközség
NÓGRÁD,Ipolytarnóc,207,193,158,118,76.33,61.14,-15.19,-40,-19.9,-25.32,-6.76,Kisközség
BORSOD-ABAÚJ-ZEMPLÉN,Kiscsécs,98,85,95,55,96.94,64.71,-32.23,-40,-33.25,-42.11,-13.27,Kisközség
BARANYA,Orfű,610,750,266,227,43.61,30.27,-13.34,-39,-30.59,-14.66,22.95,Nagyközség
VAS,Meggyeskovácsi,325,397,225,186,69.23,46.85,-22.38,-39,-32.33,-17.33,22.15,Kisközség
JÁSZ-NAGYKUN-SZOLNOK,Tiszapüspöki,817,993,512,473,62.67,47.63,-15.04,-39,-24,-7.62,21.54,Nagyközség
GYŐR-MOSON-SOPRON,Bezi,293,349,190,151,64.85,43.27,-21.58,-39,-33.28,-20.53,19.11,Kisközség
SZABOLCS-SZATMÁR-BEREG,Ófehértó,1107,1311,767,728,69.29,55.53,-13.76,-39,-19.86,-5.08,18.43,Nagyközség
NÓGRÁD,Nógrádsipek,376,436,250,211,66.49,48.39,-18.1,-39,-27.22,-15.6,15.96,Kisközség
NÓGRÁD,Legénd,239,275,177,138,74.06,50.18,-23.88,-39,-32.24,-22.03,15.06,Kisközség
BÁCS-KISKUN,Érsekhalma,291,327,148,109,50.86,33.33,-17.53,-39,-34.47,-26.35,12.37,Kisközség
SZABOLCS-SZATMÁR-BEREG,Szamoskér,205,229,114,75,55.61,32.75,-22.86,-39,-41.11,-34.21,11.71,Kisközség
ZALA,Pölöske,435,481,308,269,70.8,55.93,-14.87,-39,-21,-12.66,10.57,Kisközség
SOMOGY,Nagykorpád,241,265,174,135,72.2,50.94,-21.26,-39,-29.45,-22.41,9.96,Kisközség
ZALA,Sormás,501,545,281,242,56.09,44.4,-11.69,-39,-20.84,-13.88,8.78,Kisközség
ZALA,Zalatárnok,332,357,239,200,71.99,56.02,-15.97,-39,-22.18,-16.32,7.53,Kisközség
TOLNA,Lengyel,254,270,140,101,55.12,37.41,-17.71,-39,-32.13,-27.86,6.3,Kisközség
SOMOGY,Tapsony,258,271,176,137,68.22,50.55,-17.67,-39,-25.9,-22.16,5.04,Kisközség
VESZPRÉM,Balatonszőlős,388,406,153,114,39.43,28.08,-11.35,-39,-28.79,-25.49,4.64,Kisközség
SZABOLCS-SZATMÁR-BEREG,Fülesd,223,232,161,122,72.2,52.59,-19.61,-39,-27.16,-24.22,4.04,Kisközség
VAS,Apátistvánfalva,244,252,144,105,59.02,41.67,-17.35,-39,-29.4,-27.08,3.28,Kisközség
SZABOLCS-SZATMÁR-BEREG,Nyírpilis,399,408,358,319,89.72,78.19,-11.53,-39,-12.85,-10.89,2.26,Kisközség
ZALA,Kispáli,182,186,129,90,70.88,48.39,-22.49,-39,-31.73,-30.23,2.2,Kisközség
SZABOLCS-SZATMÁR-BEREG,Tiszarád,197,201,160,121,81.22,60.2,-21.02,-39,-25.88,-24.38,2.03,Kisközség
NÓGRÁD,Terény,211,214,151,112,71.56,52.34,-19.22,-39,-26.86,-25.83,1.42,Kisközség
BORSOD-ABAÚJ-ZEMPLÉN,Aggtelek,310,313,194,155,62.58,49.52,-13.06,-39,-20.87,-20.1,0.97,Kisközség
VAS,Szarvaskend,161,159,141,102,87.58,64.15,-23.43,-39,-26.75,-27.66,-1.24,Kisközség
SOMOGY,Bolhás,233,230,175,136,75.11,59.13,-15.98,-39,-21.28,-22.29,-1.29,Kisközség
TOLNA,Nagyszokoly,366,436,271,233,74.04,53.44,-20.6,-38,-27.82,-14.02,19.13,Kisközség
KOMÁROM-ESZTERGOM,Dömös,615,719,344,306,55.93,42.56,-13.37,-38,-23.9,-11.05,16.91,Nagyközség
SOMOGY,Bodrog,197,230,126,88,63.96,38.26,-25.7,-38,-40.18,-30.16,16.75,Kisközség
KOMÁROM-ESZTERGOM,Kisigmánd,263,303,167,129,63.5,42.57,-20.93,-38,-32.96,-22.75,15.21,Kisközség
BORSOD-ABAÚJ-ZEMPLÉN,Bánréve,564,649,305,267,54.08,41.14,-12.94,-38,-23.93,-12.46,15.07,Nagyközség
VESZPRÉM,Bánd,420,481,187,149,44.52,30.98,-13.54,-38,-30.41,-20.32,14.52,Kisközség
FEJÉR,Szabadhídvég,354,405,259,221,73.16,54.57,-18.59,-38,-25.41,-14.67,14.41,Kisközség
ZALA,Zalaszentiván,568,633,345,307,60.74,48.5,-12.24,-38,-20.15,-11.01,11.44,Nagyközség
ZALA,Bánokszentgyörgy,302,335,205,167,67.88,49.85,-18.03,-38,-26.56,-18.54,10.93,Kisközség
HAJDÚ-BIHAR,Bakonszeg,643,713,360,322,55.99,45.16,-10.83,-38,-19.34,-10.56,10.89,Nagyközség
NÓGRÁD,Szécsényfelfalu,212,234,164,126,77.36,53.85,-23.51,-38,-30.39,-23.17,10.38,Kisközség
SZABOLCS-SZATMÁR-BEREG,Mánd,136,148,95,57,69.85,38.51,-31.34,-38,-44.87,-40,8.82,Kisközség
GYŐR-MOSON-SOPRON,Hidegség,268,290,153,115,57.09,39.66,-17.43,-38,-30.53,-24.84,8.21,Kisközség
SOMOGY,Balatonőszöd,307,332,193,155,62.87,46.69,-16.18,-38,-25.74,-19.69,8.14,Kisközség
ZALA,Tornyiszentmiklós,277,298,188,150,67.87,50.34,-17.53,-38,-25.83,-20.21,7.58,Kisközség
BARANYA,Téseny,124,133,93,55,75,41.35,-33.65,-38,-44.87,-40.86,7.26,Kisközség
ZALA,Sárhida,424,453,282,244,66.51,53.86,-12.65,-38,-19.02,-13.48,6.84,Kisközség
TOLNA,Mórágy,389,415,223,185,57.33,44.58,-12.75,-38,-22.24,-17.04,6.68,Kisközség
VESZPRÉM,Kemeneshőgyész,261,275,187,149,71.65,54.18,-17.47,-38,-24.38,-20.32,5.36,Kisközség
SOMOGY,Szulok,319,334,153,115,47.96,34.43,-13.53,-38,-28.21,-24.84,4.7,Kisközség
VESZPRÉM,Homokbödöge,386,400,244,206,63.21,51.5,-11.71,-38,-18.53,-15.57,3.63,Kisközség
BÉKÉS,Körösnagyharsány,259,266,187,149,72.2,56.02,-16.18,-38,-22.41,-20.32,2.7,Kisközség
BÁCS-KISKUN,Mátételke,236,242,170,132,72.03,54.55,-17.48,-38,-24.27,-22.35,2.54,Kisközség
VAS,Felsőszölnök,337,344,211,173,62.61,50.29,-12.32,-38,-19.68,-18.01,2.08,Kisközség
VAS,Narda,310,312,228,190,73.55,60.9,-12.65,-38,-17.2,-16.67,0.65,Kisközség
VAS,Vasalja,210,207,150,112,71.43,54.11,-17.32,-38,-24.25,-25.33,-1.43,Kisközség
SZABOLCS-SZATMÁR-BEREG,Kisnamény,152,131,124,86,81.58,65.65,-15.93,-38,-19.53,-30.65,-13.82,Kisközség
BORSOD-ABAÚJ-ZEMPLÉN,Gagybátor,85,64,74,36,87.06,56.25,-30.81,-38,-35.39,-51.35,-24.71,Kisközség
NÓGRÁD,Ősagárd,181,235,131,94,72.38,40,-32.38,-37,-44.74,-28.24,29.83,Kisközség
BARANYA,Gyód,405,509,231,194,57.04,38.11,-18.93,-37,-33.19,-16.02,25.68,Kisközség
KOMÁROM-ESZTERGOM,Vértestolna,315,372,138,101,43.81,27.15,-16.66,-37,-38.03,-26.81,18.1,Kisközség
TOLNA,Szálka,340,398,156,119,45.88,29.9,-15.98,-37,-34.83,-23.72,17.06,Kisközség
NÓGRÁD,Kisbágyon,215,251,134,97,62.33,38.65,-23.68,-37,-37.99,-27.61,16.74,Kisközség
TOLNA,Kurd,475,551,274,237,57.68,43.01,-14.67,-37,-25.43,-13.5,16,Nagyközség
HEVES,Egerfarmos,317,365,200,163,63.09,44.66,-18.43,-37,-29.21,-18.5,15.14,Kisközség
VAS,Kisunyom,280,319,182,145,65,45.45,-19.55,-37,-30.08,-20.33,13.93,Kisközség
BORSOD-ABAÚJ-ZEMPLÉN,Karos,233,261,181,144,77.68,55.17,-22.51,-37,-28.98,-20.44,12.02,Kisközség
ZALA,Szentgyörgyvár,195,217,144,107,73.85,49.31,-24.54,-37,-33.23,-25.69,11.28,Kisközség
VESZPRÉM,Adorjánháza,194,213,152,115,78.35,53.99,-24.36,-37,-31.09,-24.34,9.79,Kisközség
VESZPRÉM,Borszörcsök,198,217,157,120,79.29,55.3,-23.99,-37,-30.26,-23.57,9.6,Kisközség
ZALA,Becsvölgye,419,455,262,225,62.53,49.45,-13.08,-37,-20.92,-14.12,8.59,Kisközség
SOMOGY,Siójut,362,393,202,165,55.8,41.98,-13.82,-37,-24.77,-18.32,8.56,Kisközség
BARANYA,Boda,237,256,140,103,59.07,40.23,-18.84,-37,-31.89,-26.43,8.02,Kisközség
VESZPRÉM,Szigliget,540,582,282,245,52.22,42.1,-10.12,-37,-19.38,-13.12,7.78,Kisközség
BARANYA,Belvárdgyula,196,211,133,96,67.86,45.5,-22.36,-37,-32.95,-27.82,7.65,Kisközség
NÓGRÁD,Hont,267,284,208,171,77.9,60.21,-17.69,-37,-22.71,-17.79,6.37,Kisközség
NÓGRÁD,Kétbodony,292,310,191,154,65.41,49.68,-15.73,-37,-24.05,-19.37,6.16,Kisközség
CSONGRÁD-CSANÁD,Csanádalberti,225,237,150,113,66.67,47.68,-18.99,-37,-28.48,-24.67,5.33,Kisközség
BORSOD-ABAÚJ-ZEMPLÉN,Tiszavalk,194,204,110,73,56.7,35.78,-20.92,-37,-36.9,-33.64,5.15,Kisközség
PEST,Ipolydamásd,237,249,154,117,64.98,46.99,-17.99,-37,-27.69,-24.03,5.06,Kisközség
BORSOD-ABAÚJ-ZEMPLÉN,Abaújkér,318,332,203,166,63.84,50,-13.84,-37,-21.68,-18.23,4.4,Kisközség
BORSOD-ABAÚJ-ZEMPLÉN,Sajópüspöki,252,263,141,104,55.95,39.54,-16.41,-37,-29.33,-26.24,4.37,Kisközség
BARANYA,Cserdi,151,154,99,62,65.56,40.26,-25.3,-37,-38.59,-37.37,1.99,Kisközség
SZABOLCS-SZATMÁR-BEREG,Lövőpetri,271,275,197,160,72.69,58.18,-14.51,-37,-19.96,-18.78,1.48,Kisközség
VAS,Szőce,192,192,153,116,79.69,60.42,-19.27,-37,-24.18,-24.18,0,Kisközség
SZABOLCS-SZATMÁR-BEREG,Olcsvaapáti,164,155,136,99,82.93,63.87,-19.06,-37,-22.98,-27.21,-5.49,Kisközség
SOMOGY,Mezőcsokonya,529,670,342,306,64.65,45.67,-18.98,-36,-29.36,-10.53,26.65,Nagyközség
BARANYA,Bükkösd,482,595,283,247,58.71,41.51,-17.2,-36,-29.3,-12.72,23.44,Nagyközség
BORSOD-ABAÚJ-ZEMPLÉN,Viss,166,200,118,82,71.08,41,-30.08,-36,-42.32,-30.51,20.48,Kisközség
SZABOLCS-SZATMÁR-BEREG,Kisvarsány,451,536,308,272,68.29,50.75,-17.54,-36,-25.68,-11.69,18.85,Kisközség
SZABOLCS-SZATMÁR-BEREG,Pátyod,305,355,230,194,75.41,54.65,-20.76,-36,-27.53,-15.65,16.39,Kisközség
CSONGRÁD-CSANÁD,Óföldeák,250,280,163,127,65.2,45.36,-19.84,-36,-30.43,-22.09,12,Kisközség
ZALA,Gelsesziget,145,160,95,59,65.52,36.88,-28.64,-36,-43.71,-37.89,10.34,Kisközség
SOMOGY,Balatonújlak,262,288,164,128,62.6,44.44,-18.16,-36,-29.01,-21.95,9.92,Kisközség
ZALA,Sand,212,233,150,114,70.75,48.93,-21.82,-36,-30.84,-24,9.91,Kisközség
HEVES,Erdőkövesd,309,338,202,166,65.37,49.11,-16.26,-36,-24.87,-17.82,9.39,Kisközség
BORSOD-ABAÚJ-ZEMPLÉN,Tiszadorogma,214,233,144,108,67.29,46.35,-20.94,-36,-31.12,-25,8.88,Kisközség
VAS,Ostffyasszonyfa,444,483,264,228,59.46,47.2,-12.26,-36,-20.62,-13.64,8.78,Kisközség
TOLNA,Regöly,502,545,334,298,66.53,54.68,-11.85,-36,-17.81,-10.78,8.57,Kisközség
VAS,Sajtoskál,175,189,135,99,77.14,52.38,-24.76,-36,-32.1,-26.67,8,Kisközség
ZALA,Karmacs,400,431,274,238,68.5,55.22,-13.28,-36,-19.39,-13.14,7.75,Kisközség
SOMOGY,Istvándi,183,197,165,129,90.16,65.48,-24.68,-36,-27.37,-21.82,7.65,Kisközség
BORSOD-ABAÚJ-ZEMPLÉN,Erdőhorváti,266,285,163,127,61.28,44.56,-16.72,-36,-27.28,-22.09,7.14,Kisközség
BARANYA,Cún,93,98,82,46,88.17,46.94,-41.23,-36,-46.76,-43.9,5.38,Kisközség
SOMOGY,Zselickislak,233,245,139,103,59.66,42.04,-17.62,-36,-29.53,-25.9,5.15,Kisközség
SOMOGY,Somogysámson,298,310,266,230,89.26,74.19,-15.07,-36,-16.88,-13.53,4.03,Kisközség
SZABOLCS-SZATMÁR-BEREG,Túrricse,357,370,264,228,73.95,61.62,-12.33,-36,-16.67,-13.64,3.64,Kisközség
VAS,Peresznye,287,297,205,169,71.43,56.9,-14.53,-36,-20.34,-17.56,3.48,Kisközség
BÉKÉS,Geszt,355,367,298,262,83.94,71.39,-12.55,-36,-14.95,-12.08,3.38,Kisközség
SOMOGY,Vörs,257,264,170,134,66.15,50.76,-15.39,-36,-23.27,-21.18,2.72,Kisközség
BARANYA,Szaporca,121,122,93,57,76.86,46.72,-30.14,-36,-39.21,-38.71,0.83,Kisközség
BORSOD-ABAÚJ-ZEMPLÉN,Selyeb,194,194,174,138,89.69,71.13,-18.56,-36,-20.69,-20.69,0,Kisközség
SZABOLCS-SZATMÁR-BEREG,Gelénes,270,257,231,195,85.56,75.88,-9.68,-36,-11.31,-15.58,-4.81,Kisközség
VESZPRÉM,Nóráp,140,133,110,74,78.57,55.64,-22.93,-36,-29.18,-32.73,-5,Kisközség
SOMOGY,Zselickisfalud,137,129,78,42,56.93,32.56,-24.37,-36,-42.81,-46.15,-5.84,Kisközség
KOMÁROM-ESZTERGOM,Nagysáp,669,848,445,410,66.52,48.35,-18.17,-35,-27.32,-7.87,26.76,Nagyközség
BÁCS-KISKUN,Kunpeszér,394,497,260,225,65.99,45.27,-20.72,-35,-31.4,-13.46,26.14,Kisközség
NÓGRÁD,Alsópetény,322,377,181,146,56.21,38.73,-17.48,-35,-31.1,-19.34,17.08,Kisközség
BORSOD-ABAÚJ-ZEMPLÉN,Muhi,280,325,142,107,50.71,32.92,-17.79,-35,-35.08,-24.65,16.07,Kisközség
JÁSZ-NAGYKUN-SZOLNOK,Kőtelek,717,822,518,483,72.25,58.76,-13.49,-35,-18.67,-6.76,14.64,Nagyközség
VAS,Tömörd,187,213,137,102,73.26,47.89,-25.37,-35,-34.63,-25.55,13.9,Kisközség
BARANYA,Magyarsarlós,176,200,109,74,61.93,37,-24.93,-35,-40.26,-32.11,13.64,Kisközség
SOMOGY,Kötcse,264,298,173,138,65.53,46.31,-19.22,-35,-29.33,-20.23,12.88,Kisközség
KOMÁROM-ESZTERGOM,Epöl,373,419,260,225,69.71,53.7,-16.01,-35,-22.97,-13.46,12.33,Kisközség
BORSOD-ABAÚJ-ZEMPLÉN,Korlát,154,171,112,77,72.73,45.03,-27.7,-35,-38.09,-31.25,11.04,Kisközség
NÓGRÁD,Csécse,468,519,283,248,60.47,47.78,-12.69,-35,-20.99,-12.37,10.9,Kisközség
VAS,Kenyeri,495,547,350,315,70.71,57.59,-13.12,-35,-18.55,-10,10.51,Kisközség
BORSOD-ABAÚJ-ZEMPLÉN,Damak,139,153,90,55,64.75,35.95,-28.8,-35,-44.48,-38.89,10.07,Kisközség
HAJDÚ-BIHAR,Darvas,260,286,171,136,65.77,47.55,-18.22,-35,-27.7,-20.47,10,Kisközség
BORSOD-ABAÚJ-ZEMPLÉN,Alsódobsza,163,177,120,85,73.62,48.02,-25.6,-35,-34.77,-29.17,8.59,Kisközség
BORSOD-ABAÚJ-ZEMPLÉN,Dámóc,154,167,126,91,81.82,54.49,-27.33,-35,-33.4,-27.78,8.44,Kisközség
BARANYA,Matty,163,175,129,94,79.14,53.71,-25.43,-35,-32.13,-27.13,7.36,Kisközség
VAS,Kercaszomor,134,143,98,63,73.13,44.06,-29.07,-35,-39.75,-35.71,6.72,Kisközség
BARANYA,Szentegát,172,174,123,88,71.51,50.57,-20.94,-35,-29.28,-28.46,1.16,Kisközség
BÉKÉS,Kertészsziget,190,191,125,90,65.79,47.12,-18.67,-35,-28.38,-28,0.53,Kisközség
SZABOLCS-SZATMÁR-BEREG,Tiszacsécse,125,125,97,62,77.6,49.6,-28,-35,-36.08,-36.08,0,Kisközség
SZABOLCS-SZATMÁR-BEREG,Benk,240,237,159,124,66.25,52.32,-13.93,-35,-21.03,-22.01,-1.25,Kisközség
GYŐR-MOSON-SOPRON,Répceszemere,180,171,138,103,76.67,60.23,-16.44,-35,-21.44,-25.36,-5,Kisközség
HEVES,Terpes,108,98,103,68,95.37,69.39,-25.98,-35,-27.24,-33.98,-9.26,Kisközség
TOLNA,Attala,395,473,269,235,68.1,49.68,-18.42,-34,-27.05,-12.64,19.75,Kisközség
SOMOGY,Hács,177,208,117,83,66.1,39.9,-26.2,-34,-39.64,-29.06,17.51,Kisközség
BARANYA,Homorúd,278,324,203,169,73.02,52.16,-20.86,-34,-28.57,-16.75,16.55,Kisközség
ZALA,Pakod,419,486,290,256,69.21,52.67,-16.54,-34,-23.9,-11.72,15.99,Kisközség
BORSOD-ABAÚJ-ZEMPLÉN,Pácin,586,678,408,374,69.62,55.16,-14.46,-34,-20.77,-8.33,15.7,Nagyközség
NÓGRÁD,Galgaguta,338,390,208,174,61.54,44.62,-16.92,-34,-27.49,-16.35,15.38,Kisközség
SOMOGY,Szólád,319,367,205,171,64.26,46.59,-17.67,-34,-27.5,-16.59,15.05,Kisközség
JÁSZ-NAGYKUN-SZOLNOK,Kétpó,357,397,172,138,48.18,34.76,-13.42,-34,-27.85,-19.77,11.2,Kisközség
ZALA,Liszó,213,236,110,76,51.64,32.2,-19.44,-34,-37.65,-30.91,10.8,Kisközség
SZABOLCS-SZATMÁR-BEREG,Zsurk,323,357,184,150,56.97,42.02,-14.95,-34,-26.24,-18.48,10.53,Kisközség
BARANYA,Gerényes,80,88,70,36,87.5,40.91,-46.59,-34,-53.25,-48.57,10,Kisközség
BORSOD-ABAÚJ-ZEMPLÉN,Göncruszka,261,282,190,156,72.8,55.32,-17.48,-34,-24.01,-17.89,8.05,Kisközség
SOMOGY,Cserénfa,132,136,82,48,62.12,35.29,-26.83,-34,-43.19,-41.46,3.03,Kisközség
ZALA,Csörnyeföld,197,202,133,99,67.51,49.01,-18.5,-34,-27.4,-25.56,2.54,Kisközség
BARANYA,Boldogasszonyfa,212,212,155,121,73.11,57.08,-16.03,-34,-21.93,-21.94,0,Kisközség
BORSOD-ABAÚJ-ZEMPLÉN,Alsószuha,238,238,160,126,67.23,52.94,-14.29,-34,-21.26,-21.25,0,Kisközség
NÓGRÁD,Sámsonháza,159,159,90,56,56.6,35.22,-21.38,-34,-37.77,-37.78,0,Kisközség
VAS,Egervölgy,201,200,146,112,72.64,56,-16.64,-34,-22.91,-23.29,-0.5,Kisközség
HEVES,Fedémes,183,181,138,104,75.41,57.46,-17.95,-34,-23.8,-24.64,-1.09,Kisközség
VESZPRÉM,Dabronc,221,213,154,120,69.68,56.34,-13.34,-34,-19.14,-22.08,-3.62,Kisközség
BARANYA,Nagyváty,182,175,142,108,78.02,61.71,-16.31,-34,-20.9,-23.94,-3.85,Kisközség
BORSOD-ABAÚJ-ZEMPLÉN,Meszes,96,90,61,27,63.54,30,-33.54,-34,-52.79,-55.74,-6.25,Kisközség
SZABOLCS-SZATMÁR-BEREG,Jéke,368,439,191,158,51.9,35.99,-15.91,-33,-30.66,-17.28,19.29,Kisközség
SOMOGY,Vízvár,236,280,129,96,54.66,34.29,-20.37,-33,-37.27,-25.58,18.64,Kisközség
ZALA,Egeraracsa,153,176,110,77,71.9,43.75,-28.15,-33,-39.15,-30,15.03,Kisközség
BARANYA,Kölked,439,501,322,289,73.35,57.68,-15.67,-33,-21.36,-10.25,14.12,Kisközség
ZALA,Vindornyaszőlős,197,223,155,122,78.68,54.71,-23.97,-33,-30.47,-21.29,13.2,Kisközség
VESZPRÉM,Dabrony,195,217,136,103,69.74,47.47,-22.27,-33,-31.93,-24.26,11.28,Kisközség
VESZPRÉM,Tüskevár,308,341,205,172,66.56,50.44,-16.12,-33,-24.22,-16.1,10.71,Kisközség
BARANYA,Sátorhely,344,380,210,177,61.05,46.58,-14.47,-33,-23.7,-15.71,10.47,Kisközség
BARANYA,Himesháza,549,606,226,193,41.17,31.85,-9.32,-33,-22.64,-14.6,10.38,Kisközség
VESZPRÉM,Káptalantóti,301,328,171,138,56.81,42.07,-14.74,-33,-25.95,-19.3,8.97,Kisközség
JÁSZ-NAGYKUN-SZOLNOK,Tiszagyenda,462,503,308,275,66.67,54.67,-12,-33,-18,-10.71,8.87,Kisközség
TOLNA,Nagyszékely,197,206,142,109,72.08,52.91,-19.17,-33,-26.6,-23.24,4.57,Kisközség
BARANYA,Villánykövesd,150,147,94,61,62.67,41.5,-21.17,-33,-33.78,-35.11,-2,Kisközség
NÓGRÁD,Szente,191,177,136,103,71.2,58.19,-13.01,-33,-18.27,-24.26,-7.33,Kisközség
BARANYA,Zaláta,127,107,99,66,77.95,61.68,-16.27,-33,-20.87,-33.33,-15.75,Kisközség
VESZPRÉM,Noszlop,468,579,269,237,57.48,40.93,-16.55,-32,-28.79,-11.9,23.72,Kisközség
VAS,Vasasszonyfa,250,300,185,153,74,51,-23,-32,-31.08,-17.3,20,Kisközség
FEJÉR,Vértesacsa,948,1131,637,605,67.19,53.49,-13.7,-32,-20.39,-5.02,19.3,Nagyközség
ZALA,Nagypáli,312,370,176,144,56.41,38.92,-17.49,-32,-31.01,-18.18,18.59,Kisközség
SOMOGY,Jákó,284,334,207,175,72.89,52.4,-20.49,-32,-28.11,-15.46,17.61,Kisközség
VESZPRÉM,Pécsely,341,400,176,144,51.61,36,-15.61,-32,-30.25,-18.18,17.3,Kisközség
VAS,Jákfa,278,326,169,137,60.79,42.02,-18.77,-32,-30.88,-18.93,17.27,Kisközség
BARANYA,Hetvehely,240,280,144,112,60,40,-20,-32,-33.33,-22.22,16.67,Kisközség
GYŐR-MOSON-SOPRON,Rábacsanak,309,355,200,168,64.72,47.32,-17.4,-32,-26.89,-16,14.89,Kisközség
ZALA,Zalaszentmihály,491,559,287,255,58.45,45.62,-12.83,-32,-21.95,-11.15,13.85,Kisközség
GYŐR-MOSON-SOPRON,Röjtökmuzsaj,262,297,189,157,72.14,52.86,-19.28,-32,-26.73,-16.93,13.36,Kisközség
BARANYA,Erzsébet,141,158,79,47,56.03,29.75,-26.28,-32,-46.9,-40.51,12.06,Kisközség
ZALA,Mihályfa,210,235,159,127,75.71,54.04,-21.67,-32,-28.62,-20.13,11.9,Kisközség
VAS,Vasszilvágy,243,271,159,127,65.43,46.86,-18.57,-32,-28.38,-20.13,11.52,Kisközség
VAS,Pankasz,243,270,188,156,77.37,57.78,-19.59,-32,-25.32,-17.02,11.11,Kisközség
SOMOGY,Ordacsehi,434,482,300,268,69.12,55.6,-13.52,-32,-19.56,-10.67,11.06,Kisközség
SOMOGY,Kaposhomok,197,218,127,95,64.47,43.58,-20.89,-32,-32.4,-25.2,10.66,Kisközség
VESZPRÉM,Külsővat,371,410,240,208,64.69,50.73,-13.96,-32,-21.58,-13.33,10.51,Kisközség
VESZPRÉM,Bakonytamási,335,368,222,190,66.27,51.63,-14.64,-32,-22.09,-14.41,9.85,Kisközség
TOLNA,Izmény,221,241,162,130,73.3,53.94,-19.36,-32,-26.41,-19.75,9.05,Kisközség
ZALA,Hottó,213,229,128,96,60.09,41.92,-18.17,-32,-30.24,-25,7.51,Kisközség
GYŐR-MOSON-SOPRON,Dénesfa,228,244,150,118,65.79,48.36,-17.43,-32,-26.49,-21.33,7.02,Kisközség
BORSOD-ABAÚJ-ZEMPLÉN,Királd,327,349,171,139,52.29,39.83,-12.46,-32,-23.83,-18.71,6.73,Kisközség
ZALA,Magyarszentmiklós,153,162,85,53,55.56,32.72,-22.84,-32,-41.11,-37.65,5.88,Kisközség
VESZPRÉM,Zalagyömörő,238,250,174,142,73.11,56.8,-16.31,-32,-22.31,-18.39,5.04,Kisközség
SOMOGY,Kánya,206,216,151,119,73.3,55.09,-18.21,-32,-24.84,-21.19,4.85,Kisközség
NÓGRÁD,Mihálygerge,305,313,169,137,55.41,43.77,-11.64,-32,-21.01,-18.93,2.62,Kisközség
VAS,Pácsony,175,179,109,77,62.29,43.02,-19.27,-32,-30.94,-29.36,2.29,Kisközség
ZALA,Pötréte,166,168,115,83,69.28,49.4,-19.88,-32,-28.7,-27.83,1.2,Kisközség
BARANYA,Alsómocsolád,150,151,108,76,72,50.33,-21.67,-32,-30.1,-29.63,0.67,Kisközség
HEVES,Bükkszentmárton,131,130,88,56,67.18,43.08,-24.1,-32,-35.87,-36.36,-0.76,Kisközség
CSONGRÁD-CSANÁD,Kövegy,206,202,138,106,66.99,52.48,-14.51,-32,-21.66,-23.19,-1.94,Kisközség
ZALA,Iklódbördőce,164,159,119,87,72.56,54.72,-17.84,-32,-24.59,-26.89,-3.05,Kisközség
BORSOD-ABAÚJ-ZEMPLÉN,Martonyi,157,149,130,98,82.8,65.77,-17.03,-32,-20.57,-24.62,-5.1,Kisközség
SOMOGY,Szőkedencs,141,131,109,77,77.3,58.78,-18.52,-32,-23.96,-29.36,-7.09,Kisközség
BORSOD-ABAÚJ-ZEMPLÉN,Baskó,130,119,99,67,76.15,56.3,-19.85,-32,-26.07,-32.32,-8.46,Kisközség
BORSOD-ABAÚJ-ZEMPLÉN,Kánó,117,102,88,56,75.21,54.9,-20.31,-32,-27,-36.36,-12.82,Kisközség
VESZPRÉM,Csehbánya,177,213,97,66,54.8,30.99,-23.81,-31,-43.45,-31.96,20.34,Kisközség
NÓGRÁD,Tolmács,420,502,243,212,57.86,42.23,-15.63,-31,-27.01,-12.76,19.52,Kisközség
ZALA,Boncodfölde,219,260,128,97,58.45,37.31,-21.14,-31,-36.17,-24.22,18.72,Kisközség
VESZPRÉM,Sümegprága,336,393,225,194,66.96,49.36,-17.6,-31,-26.28,-13.78,16.96,Kisközség
ZALA,Tótszentmárton,398,460,221,190,55.53,41.3,-14.23,-31,-25.63,-14.03,15.58,Kisközség
HAJDÚ-BIHAR,Sáp,336,379,270,239,80.36,63.06,-17.3,-31,-21.53,-11.48,12.8,Kisközség
ZALA,Balatongyörök,699,784,341,310,48.78,39.54,-9.24,-31,-18.94,-9.09,12.16,Nagyközség
VAS,Csempeszkopács,216,239,124,93,57.41,38.91,-18.5,-31,-32.22,-25,10.65,Kisközség
BARANYA,Borjád,200,221,111,80,55.5,36.2,-19.3,-31,-34.77,-27.93,10.5,Kisközség
BARANYA,Liget,192,208,98,67,51.04,32.21,-18.83,-31,-36.89,-31.63,8.33,Kisközség
BORSOD-ABAÚJ-ZEMPLÉN,Kács,304,325,182,151,59.87,46.46,-13.41,-31,-22.4,-17.03,6.91,Kisközség
VESZPRÉM,Kisapáti,204,218,137,106,67.16,48.62,-18.54,-31,-27.61,-22.63,6.86,Kisközség
BORSOD-ABAÚJ-ZEMPLÉN,Oszlár,205,211,110,79,53.66,37.44,-16.22,-31,-30.23,-28.18,2.93,Kisközség
BARANYA,Sumony,200,205,175,144,87.5,70.24,-17.26,-31,-19.73,-17.71,2.5,Kisközség
BORSOD-ABAÚJ-ZEMPLÉN,Tornanádaska,262,260,253,222,96.56,85.38,-11.18,-31,-11.58,-12.25,-0.76,Kisközség
BORSOD-ABAÚJ-ZEMPLÉN,Nyíri,206,204,159,128,77.18,62.75,-14.43,-31,-18.7,-19.5,-0.97,Kisközség
SOMOGY,Kelevíz,183,168,118,87,64.48,51.79,-12.69,-31,-19.68,-26.27,-8.2,Kisközség
GYŐR-MOSON-SOPRON,Csapod,313,384,233,203,74.44,52.86,-21.58,-30,-28.99,-12.88,22.68,Kisközség
BORSOD-ABAÚJ-ZEMPLÉN,Felsőnyárád,488,592,223,193,45.7,32.6,-13.1,-30,-28.67,-13.45,21.31,Kisközség
SOMOGY,Bőszénfa,226,269,146,116,64.6,43.12,-21.48,-30,-33.25,-20.55,19.03,Kisközség
SOMOGY,Iharos,205,243,152,122,74.15,50.21,-23.94,-30,-32.29,-19.74,18.54,Kisközség
CSONGRÁD-CSANÁD,Klárafalva,254,295,147,117,57.87,39.66,-18.21,-30,-31.47,-20.41,16.14,Kisközség
GYŐR-MOSON-SOPRON,Sikátor,169,193,121,91,71.6,47.15,-24.45,-30,-34.15,-24.79,14.2,Kisközség
SOMOGY,Zákányfalu,250,284,150,120,60,42.25,-17.75,-30,-29.58,-20,13.6,Kisközség
SZABOLCS-SZATMÁR-BEREG,Újkenéz,405,458,297,267,73.33,58.3,-15.03,-30,-20.5,-10.1,13.09,Kisközség
GYŐR-MOSON-SOPRON,Csikvánd,273,305,210,180,76.92,59.02,-17.9,-30,-23.27,-14.29,11.72,Kisközség
BARANYA,Oroszló,155,173,87,57,56.13,32.95,-23.18,-30,-41.3,-34.48,11.61,Kisközség
SZABOLCS-SZATMÁR-BEREG,Piricse,903,1005,741,711,82.06,70.75,-11.31,-30,-13.78,-4.05,11.3,Nagyközség
GYŐR-MOSON-SOPRON,Rábaszentandrás,280,311,212,182,75.71,58.52,-17.19,-30,-22.71,-14.15,11.07,Kisközség
VAS,Vasszentmihály,209,232,137,107,65.55,46.12,-19.43,-30,-29.64,-21.9,11,Kisközség
ZALA,Zalaháshágy,228,249,157,127,68.86,51,-17.86,-30,-25.94,-19.11,9.21,Kisközség
SZABOLCS-SZATMÁR-BEREG,Tivadar,114,123,81,51,71.05,41.46,-29.59,-30,-41.65,-37.04,7.89,Kisközség
ZALA,Nemespátró,158,170,124,94,78.48,55.29,-23.19,-30,-29.55,-24.19,7.59,Kisközség
BARANYA,Nemeske,128,136,89,59,69.53,43.38,-26.15,-30,-37.61,-33.71,6.25,Kisközség
TOLNA,Szakcs,405,425,299,269,73.83,63.29,-10.54,-30,-14.28,-10.03,4.94,Kisközség
ZALA,Vaspör,241,250,178,148,73.86,59.2,-14.66,-30,-19.85,-16.85,3.73,Kisközség
BORSOD-ABAÚJ-ZEMPLÉN,Beret,130,134,115,85,88.46,63.43,-25.03,-30,-28.3,-26.09,3.08,Kisközség
ZALA,Murarátka,135,137,84,54,62.22,39.42,-22.8,-30,-36.64,-35.71,1.48,Kisközség
VESZPRÉM,Nagypirit,150,152,106,76,70.67,50,-20.67,-30,-29.25,-28.3,1.33,Kisközség
VAS,Ivánc,284,286,188,158,66.2,55.24,-10.96,-30,-16.56,-15.96,0.7,Kisközség
BARANYA,Somogyapáti,220,219,127,97,57.73,44.29,-13.44,-30,-23.28,-23.62,-0.45,Kisközség
BORSOD-ABAÚJ-ZEMPLÉN,Rakacaszend,143,139,138,108,96.5,77.7,-18.8,-30,-19.48,-21.74,-2.8,Kisközség
ZALA,Szentliszló,159,152,106,76,66.67,50,-16.67,-30,-25,-28.3,-4.4,Kisközség
NÓGRÁD,Berkenye,410,518,199,170,48.54,32.82,-15.72,-29,-32.39,-14.57,26.34,Kisközség
BORSOD-ABAÚJ-ZEMPLÉN,Sajóivánka,345,411,129,100,37.39,24.33,-13.06,-29,-34.93,-22.48,19.13,Kisközség
ZALA,Vasboldogasszony,328,378,235,206,71.65,54.5,-17.15,-29,-23.94,-12.34,15.24,Kisközség
HEVES,Szentdomonkos,216,248,161,132,74.54,53.23,-21.31,-29,-28.59,-18.01,14.81,Kisközség
SZABOLCS-SZATMÁR-BEREG,Nagyszekeres,227,251,163,134,71.81,53.39,-18.42,-29,-25.65,-17.79,10.57,Kisközség
ZALA,Hagyárosbörönd,173,191,117,88,67.63,46.07,-21.56,-29,-31.88,-24.79,10.4,Kisközség
BÉKÉS,Pusztaottlaka,169,186,117,88,69.23,47.31,-21.92,-29,-31.66,-24.79,10.06,Kisközség
ZALA,Hosszúvölgy,102,110,59,30,57.84,27.27,-30.57,-29,-52.85,-49.15,7.84,Kisközség
BARANYA,Teklafalu,128,135,91,62,71.09,45.93,-25.16,-29,-35.39,-31.87,5.47,Kisközség
SOMOGY,Bélavár,188,197,132,103,70.21,52.28,-17.93,-29,-25.54,-21.97,4.79,Kisközség
BORSOD-ABAÚJ-ZEMPLÉN,Sárazsadány,116,120,76,47,65.52,39.17,-26.35,-29,-40.22,-38.16,3.45,Kisközség
BORSOD-ABAÚJ-ZEMPLÉN,Révleányvár,199,205,164,135,82.41,65.85,-16.56,-29,-20.09,-17.68,3.02,Kisközség
BÉKÉS,Dombiratos,282,289,173,144,61.35,49.83,-11.52,-29,-18.78,-16.76,2.48,Kisközség
SOMOGY,Hajmás,105,107,90,61,85.71,57.01,-28.7,-29,-33.49,-32.22,1.9,Kisközség
BORSOD-ABAÚJ-ZEMPLÉN,Vilyvitány,132,134,94,65,71.21,48.51,-22.7,-29,-31.88,-30.85,1.52,Kisközség
BARANYA,Kisszentmárton,112,113,95,66,84.82,58.41,-26.41,-29,-31.14,-30.53,0.89,Kisközség
TOLNA,Kisszékely,169,170,136,107,80.47,62.94,-17.53,-29,-21.78,-21.32,0.59,Kisközség
VESZPRÉM,Ukk,161,159,111,82,68.94,51.57,-17.37,-29,-25.2,-26.13,-1.24,Kisközség
VAS,Magyarnádalja,182,178,128,99,70.33,55.62,-14.71,-29,-20.92,-22.66,-2.2,Kisközség
BORSOD-ABAÚJ-ZEMPLÉN,Cserépváralja,254,244,129,100,50.79,40.98,-9.81,-29,-19.31,-22.48,-3.94,Kisközség
BARANYA,Rádfalva,115,106,83,54,72.17,50.94,-21.23,-29,-29.42,-34.94,-7.83,Kisközség
SZABOLCS-SZATMÁR-BEREG,Vasmegyer,697,849,481,453,69.01,53.36,-15.65,-28,-22.68,-5.82,21.81,Nagyközség
BARANYA,Mánfa,421,511,193,165,45.84,32.29,-13.55,-28,-29.56,-14.51,21.38,Kisközség
GYŐR-MOSON-SOPRON,Fertőboz,171,204,106,78,61.99,38.24,-23.75,-28,-38.31,-26.42,19.3,Kisközség
SOMOGY,Somogybabod,276,321,143,115,51.81,35.83,-15.98,-28,-30.84,-19.58,16.3,Kisközség
BORSOD-ABAÚJ-ZEMPLÉN,Mályinka,257,296,151,123,58.75,41.55,-17.2,-28,-29.28,-18.54,15.18,Kisközség
HEVES,Bátor,227,258,120,92,52.86,35.66,-17.2,-28,-32.54,-23.33,13.66,Kisközség
BÉKÉS,Kötegyán,647,734,447,419,69.09,57.08,-12.01,-28,-17.38,-6.26,13.45,Nagyközség
TOLNA,Varsád,171,193,120,92,70.18,47.67,-22.51,-28,-32.07,-23.33,12.87,Kisközség
BARANYA,Cserkút,383,432,153,125,39.95,28.94,-11.01,-28,-27.56,-18.3,12.79,Kisközség
BORSOD-ABAÚJ-ZEMPLÉN,Alsóberecki,368,415,191,163,51.9,39.28,-12.62,-28,-24.32,-14.66,12.77,Kisközség
BORSOD-ABAÚJ-ZEMPLÉN,Pere,138,155,90,62,65.22,40,-25.22,-28,-38.67,-31.11,12.32,Kisközség
ZALA,Nemesrádó,176,197,112,84,63.64,42.64,-21,-28,-33,-25,11.93,Kisközség
BARANYA,Kisvaszar,119,133,99,71,83.19,53.38,-29.81,-28,-35.83,-28.28,11.76,Kisközség
BARANYA,Lapáncsa,96,106,84,56,87.5,52.83,-34.67,-28,-39.62,-33.33,10.42,Kisközség
GYŐR-MOSON-SOPRON,Dunaremete,169,184,98,70,57.99,38.04,-19.95,-28,-34.4,-28.57,8.88,Kisközség
SOMOGY,Darány,405,440,218,190,53.83,43.18,-10.65,-28,-19.78,-12.84,8.64,Kisközség
SOMOGY,Kercseliget,154,167,97,69,62.99,41.32,-21.67,-28,-34.4,-28.87,8.44,Kisközség
VAS,Csönge,185,200,160,132,86.49,66,-20.49,-28,-23.69,-17.5,8.11,Kisközség
ZALA,Csonkahegyhát,206,222,130,102,63.11,45.95,-17.16,-28,-27.19,-21.54,7.77,Kisközség
VESZPRÉM,Vanyola,273,294,222,194,81.32,65.99,-15.33,-28,-18.85,-12.61,7.69,Kisközség
BÁCS-KISKUN,Újtelek,212,224,149,121,70.28,54.02,-16.26,-28,-23.14,-18.79,5.66,Kisközség
BORSOD-ABAÚJ-ZEMPLÉN,Fancsal,177,182,102,74,57.63,40.66,-16.97,-28,-29.45,-27.45,2.82,Kisközség
FEJÉR,Bodmér,166,170,88,60,53.01,35.29,-17.72,-28,-33.43,-31.82,2.41,Kisközség
BARANYA,Kovácshida,130,133,92,64,70.77,48.12,-22.65,-28,-32.01,-30.43,2.31,Kisközség
VESZPRÉM,Pénzesgyőr,219,224,146,118,66.67,52.68,-13.99,-28,-20.98,-19.18,2.28,Kisközség
BARANYA,Almamellék,187,190,114,86,60.96,45.26,-15.7,-28,-25.75,-24.56,1.6,Kisközség
BORSOD-ABAÚJ-ZEMPLÉN,Garadna,193,196,128,100,66.32,51.02,-15.3,-28,-23.07,-21.88,1.55,Kisközség
BARANYA,Kásád,146,148,100,72,68.49,48.65,-19.84,-28,-28.97,-28,1.37,Kisközség
VAS,Nagyrákos,160,159,101,73,63.12,45.91,-17.21,-28,-27.27,-27.72,-0.62,Kisközség
VAS,Vámoscsalád,203,201,150,122,73.89,60.7,-13.19,-28,-17.85,-18.67,-0.99,Kisközség
ZALA,Mikekarácsonyfa,122,120,105,77,86.07,64.17,-21.9,-28,-25.44,-26.67,-1.64,Kisközség
ZALA,Tormafölde,200,196,127,99,63.5,50.51,-12.99,-28,-20.46,-22.05,-2,Kisközség
GYŐR-MOSON-SOPRON,Vásárosfalu,106,103,77,49,72.64,47.57,-25.07,-28,-34.51,-36.36,-2.83,Kisközség
BORSOD-ABAÚJ-ZEMPLÉN,Kisrozvágy,96,91,75,47,78.12,51.65,-26.47,-28,-33.88,-37.33,-5.21,Kisközség
BÁCS-KISKUN,Drágszél,162,147,109,81,67.28,55.1,-12.18,-28,-18.1,-25.69,-9.26,Kisközség
VAS,Megyehíd,185,227,113,86,61.08,37.89,-23.19,-27,-37.97,-23.89,22.7,Kisközség
BORSOD-ABAÚJ-ZEMPLÉN,Alacska,325,384,191,164,58.77,42.71,-16.06,-27,-27.33,-14.14,18.15,Kisközség
GYŐR-MOSON-SOPRON,Markotabödöge,289,340,218,191,75.43,56.18,-19.25,-27,-25.52,-12.39,17.65,Kisközség
GYŐR-MOSON-SOPRON,Feketeerdő,340,398,170,143,50,35.93,-14.07,-27,-28.14,-15.88,17.06,Kisközség
BARANYA,Vásárosdombó,478,559,297,270,62.13,48.3,-13.83,-27,-22.26,-9.09,16.95,Nagyközség
VAS,Rádóckölked,174,202,121,94,69.54,46.53,-23.01,-27,-33.09,-22.31,16.09,Kisközség
BARANYA,Bár,306,352,150,123,49.02,34.94,-14.08,-27,-28.72,-18,15.03,Kisközség
SOMOGY,Zselicszentpál,248,285,132,105,53.23,36.84,-16.39,-27,-30.79,-20.45,14.92,Kisközség
SOMOGY,Balatonmáriafürdő,423,480,208,181,49.17,37.71,-11.46,-27,-23.31,-12.98,13.48,Kisközség
BARANYA,Botykapeterd,157,178,109,82,69.43,46.07,-23.36,-27,-33.65,-24.77,13.38,Kisközség
BARANYA,Romonya,325,364,142,115,43.69,31.59,-12.1,-27,-27.7,-19.01,12,Kisközség
HAJDÚ-BIHAR,Told,100,112,94,67,94,59.82,-34.18,-27,-36.36,-28.72,12,Kisközség
VESZPRÉM,Veszprémgalsa,161,180,108,81,67.08,45,-22.08,-27,-32.92,-25,11.8,Kisközség
BORSOD-ABAÚJ-ZEMPLÉN,Domaháza,297,326,220,193,74.07,59.2,-14.87,-27,-20.08,-12.27,9.76,Kisközség
ZALA,Magyarszerdahely,253,276,165,138,65.22,50,-15.22,-27,-23.34,-16.36,9.09,Kisközség
NÓGRÁD,Herencsény,301,326,213,186,70.76,57.06,-13.7,-27,-19.36,-12.68,8.31,Kisközség
GYŐR-MOSON-SOPRON,Pusztacsalád,183,197,145,118,79.23,59.9,-19.33,-27,-24.4,-18.62,7.65,Kisközség
VAS,Ölbő,403,431,247,220,61.29,51.04,-10.25,-27,-16.72,-10.93,6.95,Kisközség
VAS,Katafa,218,233,160,133,73.39,57.08,-16.31,-27,-22.22,-16.88,6.88,Kisközség
ZALA,Zalavég,187,199,140,113,74.87,56.78,-18.09,-27,-24.16,-19.29,6.42,Kisközség
TOLNA,Bonyhádvarasd,253,269,145,118,57.31,43.87,-13.44,-27,-23.45,-18.62,6.32,Kisközség
VAS,Magyarszecsőd,270,284,204,177,75.56,62.32,-13.24,-27,-17.52,-13.24,5.19,Kisközség
HEVES,Ivád,209,212,130,103,62.2,48.58,-13.62,-27,-21.9,-20.77,1.44,Kisközség
NÓGRÁD,Alsótold,145,147,87,60,60,40.82,-19.18,-27,-31.97,-31.03,1.38,Kisközség
ZALA,Dióskál,236,239,158,131,66.95,54.81,-12.14,-27,-18.13,-17.09,1.27,Kisközség
BORSOD-ABAÚJ-ZEMPLÉN,Borsodgeszt,168,170,109,82,64.88,48.24,-16.64,-27,-25.65,-24.77,1.19,Kisközség
BORSOD-ABAÚJ-ZEMPLÉN,Komlóska,151,150,79,52,52.32,34.67,-17.65,-27,-33.73,-34.18,-0.66,Kisközség
HEVES,Kisfüzes,88,87,55,28,62.5,32.18,-30.32,-27,-48.51,-49.09,-1.14,Kisközség
SOMOGY,Hollád,131,125,97,70,74.05,56,-18.05,-27,-24.38,-27.84,-4.58,Kisközség
SOMOGY,Teleki,106,96,79,52,74.53,54.17,-20.36,-27,-27.32,-34.18,-9.43,Kisközség
BARANYA,Kisharsány,233,281,149,123,63.95,43.77,-20.18,-26,-31.56,-17.45,20.6,Kisközség
TOLNA,Felsőnyék,488,559,381,355,78.07,63.51,-14.56,-26,-18.65,-6.82,14.55,Nagyközség
VESZPRÉM,Káptalanfa,393,449,228,202,58.02,44.99,-13.03,-26,-22.46,-11.4,14.25,Kisközség
JÁSZ-NAGYKUN-SZOLNOK,Nagyrév,316,360,161,135,50.95,37.5,-13.45,-26,-26.4,-16.15,13.92,Kisközség
NÓGRÁD,Sóshartyán,365,411,308,282,84.38,68.61,-15.77,-26,-18.69,-8.44,12.6,Kisközség
SOMOGY,Felsőmocsolád,161,181,111,85,68.94,46.96,-21.98,-26,-31.88,-23.42,12.42,Kisközség
NÓGRÁD,Nemti,383,422,212,186,55.35,44.08,-11.27,-26,-20.36,-12.26,10.18,Kisközség
VESZPRÉM,Szentantalfa,220,241,132,106,60,43.98,-16.02,-26,-26.7,-19.7,9.55,Kisközség
GYŐR-MOSON-SOPRON,Románd,201,219,126,100,62.69,45.66,-17.03,-26,-27.17,-20.63,8.96,Kisközség
SZABOLCS-SZATMÁR-BEREG,Zajta,191,208,153,127,80.1,61.06,-19.04,-26,-23.77,-16.99,8.9,Kisközség
VAS,Pornóapáti,227,247,140,114,61.67,46.15,-15.52,-26,-25.17,-18.57,8.81,Kisközség
SOMOGY,Somogyvámos,333,362,196,170,58.86,46.96,-11.9,-26,-20.22,-13.27,8.71,Kisközség
ZALA,Nagybakónak,220,239,145,119,65.91,49.79,-16.12,-26,-24.46,-17.93,8.64,Kisközség
BARANYA,Csertő,194,210,133,107,68.56,50.95,-17.61,-26,-25.69,-19.55,8.25,Kisközség
BORSOD-ABAÚJ-ZEMPLÉN,Uppony,152,162,81,55,53.29,33.95,-19.34,-26,-36.29,-32.1,6.58,Kisközség
BARANYA,Drávasztára,175,186,120,94,68.57,50.54,-18.03,-26,-26.29,-21.67,6.29,Kisközség
SOMOGY,Szabadi,141,148,91,65,64.54,43.92,-20.62,-26,-31.95,-28.57,4.96,Kisközség
SOMOGY,Törökkoppány,201,210,126,100,62.69,47.62,-15.07,-26,-24.04,-20.63,4.48,Kisközség
SZABOLCS-SZATMÁR-BEREG,Botpalád,342,356,261,235,76.32,66.01,-10.31,-26,-13.51,-9.96,4.09,Kisközség
VESZPRÉM,Vigántpetend,103,107,70,44,67.96,41.12,-26.84,-26,-39.49,-37.14,3.88,Kisközség
VAS,Tompaládony,197,204,153,127,77.66,62.25,-15.41,-26,-19.84,-16.99,3.55,Kisközség
SOMOGY,Lulla,120,124,85,59,70.83,47.58,-23.25,-26,-32.83,-30.59,3.33,Kisközség
BARANYA,Tékes,107,110,80,54,74.77,49.09,-25.68,-26,-34.35,-32.5,2.8,Kisközség
NÓGRÁD,Zabar,188,193,154,128,81.91,66.32,-15.59,-26,-19.03,-16.88,2.66,Kisközség
TOLNA,Fürged,269,276,188,162,69.89,58.7,-11.19,-26,-16.01,-13.83,2.6,Kisközség
VAS,Viszák,183,187,125,99,68.31,52.94,-15.37,-26,-22.5,-20.8,2.19,Kisközség
BARANYA,Kisasszonyfa,103,105,75,49,72.82,46.67,-26.15,-26,-35.91,-34.67,1.94,Kisközség
TOLNA,Újireg,148,148,90,64,60.81,43.24,-17.57,-26,-28.89,-28.89,0,Kisközség
BORSOD-ABAÚJ-ZEMPLÉN,Lénárddaróc,156,153,104,78,66.67,50.98,-15.69,-26,-23.53,-25,-1.92,Kisközség
VAS,Rábatöttös,150,145,111,85,74,58.62,-15.38,-26,-20.78,-23.42,-3.33,Kisközség
VAS,Magyarszombatfa,164,157,111,85,67.68,54.14,-13.54,-26,-20.01,-23.42,-4.27,Kisközség
NÓGRÁD,Szilaspogony,136,128,110,84,80.88,65.62,-15.26,-26,-18.87,-23.64,-5.88,Kisközség
NÓGRÁD,Iliny,99,93,73,47,73.74,50.54,-23.2,-26,-31.46,-35.62,-6.06,Kisközség
BARANYA,Drávaiványi,88,77,80,54,90.91,70.13,-20.78,-26,-22.86,-32.5,-12.5,Kisközség
BARANYA,Szava,143,182,111,86,77.62,47.25,-30.37,-25,-39.13,-22.52,27.27,Kisközség
BORSOD-ABAÚJ-ZEMPLÉN,Szemere,142,173,113,88,79.58,50.87,-28.71,-25,-36.08,-22.12,21.83,Kisközség
VESZPRÉM,Lovas,315,378,177,152,56.19,40.21,-15.98,-25,-28.44,-14.12,20,Kisközség
JÁSZ-NAGYKUN-SZOLNOK,Vezseny,302,359,136,111,45.03,30.92,-14.11,-25,-31.33,-18.38,18.87,Kisközség
BORSOD-ABAÚJ-ZEMPLÉN,Serényfalva,440,514,206,181,46.82,35.21,-11.61,-25,-24.8,-12.14,16.82,Kisközség
BARANYA,Szentdénes,143,166,115,90,80.42,54.22,-26.2,-25,-32.58,-21.74,16.08,Kisközség
VAS,Vönöck,411,471,275,250,66.91,53.08,-13.83,-25,-20.67,-9.09,14.6,Kisközség
SOMOGY,Beleg,265,303,198,173,74.72,57.1,-17.62,-25,-23.58,-12.63,14.34,Kisközség
SOMOGY,Pusztaszemes,220,251,141,116,64.09,46.22,-17.87,-25,-27.88,-17.73,14.09,Kisközség
SOMOGY,Pogányszentpéter,245,276,161,136,65.71,49.28,-16.43,-25,-25,-15.53,12.65,Kisközség
NÓGRÁD,Szarvasgede,239,267,165,140,69.04,52.43,-16.61,-25,-24.06,-15.15,11.72,Kisközség
VESZPRÉM,Somlószőlős,362,402,225,200,62.15,49.75,-12.4,-25,-19.95,-11.11,11.05,Kisközség
VAS,Nemescsó,205,226,138,113,67.32,50,-17.32,-25,-25.73,-18.12,10.24,Kisközség
NÓGRÁD,Nagykeresztúr,149,159,106,81,71.14,50.94,-20.2,-25,-28.39,-23.58,6.71,Kisközség
GYŐR-MOSON-SOPRON,Sopronnémeti,165,176,96,71,58.18,40.34,-17.84,-25,-30.66,-26.04,6.67,Kisközség
SZABOLCS-SZATMÁR-BEREG,Ömböly,187,199,137,112,73.26,56.28,-16.98,-25,-23.18,-18.25,6.42,Kisközség
VAS,Csehi,143,152,120,95,83.92,62.5,-21.42,-25,-25.52,-20.83,6.29,Kisközség
BARANYA,Kislippó,143,151,79,54,55.24,35.76,-19.48,-25,-35.26,-31.65,5.59,Kisközség
BORSOD-ABAÚJ-ZEMPLÉN,Nyomár,162,169,123,98,75.93,57.99,-17.94,-25,-23.63,-20.33,4.32,Kisközség
VAS,Vashosszúfalu,235,244,140,115,59.57,47.13,-12.44,-25,-20.88,-17.86,3.83,Kisközség
VAS,Meszlen,131,135,91,66,69.47,48.89,-20.58,-25,-29.62,-27.47,3.05,Kisközség
GYŐR-MOSON-SOPRON,Tárnokréti,119,122,83,58,69.75,47.54,-22.21,-25,-31.84,-30.12,2.52,Kisközség
BARANYA,Kórós,86,88,75,50,87.21,56.82,-30.39,-25,-34.85,-33.33,2.33,Kisközség
SOMOGY,Miklósi,107,108,73,48,68.22,44.44,-23.78,-25,-34.86,-34.25,0.93,Kisközség
SOMOGY,Bonnya,122,122,81,56,66.39,45.9,-20.49,-25,-30.86,-30.86,0,Kisközség
BORSOD-ABAÚJ-ZEMPLÉN,Pusztafalu,126,125,92,67,73.02,53.6,-19.42,-25,-26.6,-27.17,-0.79,Kisközség
ZALA,Pálfiszeg,106,104,79,54,74.53,51.92,-22.61,-25,-30.34,-31.65,-1.89,Kisközség
SOMOGY,Somogyegres,84,81,61,36,72.62,44.44,-28.18,-25,-38.8,-40.98,-3.57,Kisközség
BARANYA,Sósvertike,89,77,71,46,79.78,59.74,-20.04,-25,-25.12,-35.21,-13.48,Kisközség
ZALA,Türje,720,867,461,437,64.03,50.4,-13.63,-24,-21.29,-5.21,20.42,Nagyközség
ZALA,Pusztamagyaród,266,317,187,163,70.3,51.42,-18.88,-24,-26.86,-12.83,19.17,Kisközség
HAJDÚ-BIHAR,Folyás,133,158,85,61,63.91,38.61,-25.3,-24,-39.59,-28.24,18.8,Kisközség
VAS,Felsőcsatár,286,339,161,137,56.29,40.41,-15.88,-24,-28.21,-14.91,18.53,Kisközség
GYŐR-MOSON-SOPRON,Bakonypéterd,168,199,126,102,75,51.26,-23.74,-24,-31.65,-19.05,18.45,Kisközség
SOMOGY,Őrtilos,238,274,164,140,68.91,51.09,-17.82,-24,-25.86,-14.63,15.13,Kisközség
SZABOLCS-SZATMÁR-BEREG,Zsarolyán,199,229,155,131,77.89,57.21,-20.68,-24,-26.55,-15.48,15.08,Kisközség
BORSOD-ABAÚJ-ZEMPLÉN,Sajógalgóc,154,176,83,59,53.9,33.52,-20.38,-24,-37.81,-28.92,14.29,Kisközség
SOMOGY,Magyaregres,319,363,177,153,55.49,42.15,-13.34,-24,-24.04,-13.56,13.79,Kisközség
VAS,Bozsok,235,263,154,130,65.53,49.43,-16.1,-24,-24.57,-15.58,11.91,Kisközség
SOMOGY,Somodor,212,230,150,126,70.75,54.78,-15.97,-24,-22.57,-16,8.49,Kisközség
SOMOGY,Gálosfa,113,122,96,72,84.96,59.02,-25.94,-24,-30.53,-25,7.96,Kisközség
BÁCS-KISKUN,Újsolt,101,109,58,34,57.43,31.19,-26.24,-24,-45.69,-41.38,7.92,Kisközség
BORSOD-ABAÚJ-ZEMPLÉN,Füzér,207,222,120,96,57.97,43.24,-14.73,-24,-25.41,-20,7.25,Kisközség
GYŐR-MOSON-SOPRON,Pásztori,180,191,121,97,67.22,50.79,-16.43,-24,-24.44,-19.83,6.11,Kisközség
GYŐR-MOSON-SOPRON,Völcsej,268,284,156,132,58.21,46.48,-11.73,-24,-20.15,-15.38,5.97,Kisközség
ZALA,Zalamerenye,102,108,71,47,69.61,43.52,-26.09,-24,-37.48,-33.8,5.88,Kisközség
VAS,Olaszfa,208,218,174,150,83.65,68.81,-14.84,-24,-17.74,-13.79,4.81,Kisközség
ZALA,Nemesszentandrás,150,156,112,88,74.67,56.41,-18.26,-24,-24.45,-21.43,4,Kisközség
ZALA,Kiskutas,122,125,78,54,63.93,43.2,-20.73,-24,-32.43,-30.77,2.46,Kisközség
VAS,Csehimindszent,183,183,127,103,69.4,56.28,-13.12,-24,-18.9,-18.9,0,Kisközség
BARANYA,Magyartelek,103,102,73,49,70.87,48.04,-22.83,-24,-32.21,-32.88,-0.97,Kisközség
BARANYA,Csonkamindszent,98,95,76,52,77.55,54.74,-22.81,-24,-29.41,-31.58,-3.06,Kisközség
BARANYA,Szalatnak,148,143,75,51,50.68,35.66,-15.02,-24,-29.64,-32,-3.38,Kisközség
VESZPRÉM,Hegyesd,118,111,72,48,61.02,43.24,-17.78,-24,-29.14,-33.33,-5.93,Kisközség
BARANYA,Piskó,136,127,135,111,99.26,87.4,-11.86,-24,-11.95,-17.78,-6.62,Kisközség
BORSOD-ABAÚJ-ZEMPLÉN,Felsőregmec,119,109,109,85,91.6,77.98,-13.62,-24,-14.87,-22.02,-8.4,Kisközség
HAJDÚ-BIHAR,Bihardancsháza,104,94,77,53,74.04,56.38,-17.66,-24,-23.85,-31.17,-9.62,Kisközség
BORSOD-ABAÚJ-ZEMPLÉN,Komjáti,101,91,68,44,67.33,48.35,-18.98,-24,-28.19,-35.29,-9.9,Kisközség
BORSOD-ABAÚJ-ZEMPLÉN,Galvács,58,52,54,30,93.1,57.69,-35.41,-24,-38.03,-44.44,-10.34,Kisközség
BARANYA,Gyöngyösmellék,111,143,87,64,78.38,44.76,-33.62,-23,-42.89,-26.44,28.83,Kisközség
BORSOD-ABAÚJ-ZEMPLÉN,Felsőberecki,124,153,85,62,68.55,40.52,-28.03,-23,-40.89,-27.06,23.39,Kisközség
NÓGRÁD,Csitár,202,248,140,117,69.31,47.18,-22.13,-23,-31.93,-16.43,22.77,Kisközség
NÓGRÁD,Csesztve,168,202,83,60,49.4,29.7,-19.7,-23,-39.88,-27.71,20.24,Kisközség
KOMÁROM-ESZTERGOM,Kerékteleki,318,376,191,168,60.06,44.68,-15.38,-23,-25.61,-12.04,18.24,Kisközség
BARANYA,Egyházasharaszti,152,179,129,106,84.87,59.22,-25.65,-23,-30.22,-17.83,17.76,Kisközség
GYŐR-MOSON-SOPRON,Püski,385,450,235,212,61.04,47.11,-13.93,-23,-22.82,-9.79,16.88,Kisközség
VESZPRÉM,Lesencefalu,161,188,94,71,58.39,37.77,-20.62,-23,-35.31,-24.47,16.77,Kisközség
VAS,Kemestaródfa,132,149,103,80,78.03,53.69,-24.34,-23,-31.19,-22.33,12.88,Kisközség
BARANYA,Kővágótöttös,174,195,112,89,64.37,45.64,-18.73,-23,-29.1,-20.54,12.07,Kisközség
SOMOGY,Visnye,103,115,69,46,66.99,40,-26.99,-23,-40.29,-33.33,11.65,Kisközség
BORSOD-ABAÚJ-ZEMPLÉN,Hét,252,281,117,94,46.43,33.45,-12.98,-23,-27.96,-19.66,11.51,Kisközség
SOMOGY,Szántód,400,446,207,184,51.75,41.26,-10.49,-23,-20.27,-11.11,11.5,Kisközség
BARANYA,Zádor,149,164,92,69,61.74,42.07,-19.67,-23,-31.86,-25,10.07,Kisközség
ZALA,Böde,158,173,109,86,68.99,49.71,-19.28,-23,-27.95,-21.1,9.49,Kisközség
BARANYA,Szebény,170,184,118,95,69.41,51.63,-17.78,-23,-25.62,-19.49,8.24,Kisközség
ZALA,Rigyác,225,243,146,123,64.89,50.62,-14.27,-23,-21.99,-15.75,8,Kisközség
BARANYA,Ócsárd,203,219,116,93,57.14,42.47,-14.67,-23,-25.67,-19.83,7.88,Kisközség
BARANYA,Zengővárkony,265,284,151,128,56.98,45.07,-11.91,-23,-20.9,-15.23,7.17,Kisközség
BARANYA,Bodolyabér,101,108,69,46,68.32,42.59,-25.73,-23,-37.66,-33.33,6.93,Kisközség
BARANYA,Patapoklosi,151,161,119,96,78.81,59.63,-19.18,-23,-24.34,-19.33,6.62,Kisközség
VAS,Mikosszéplak,148,157,125,102,84.46,64.97,-19.49,-23,-23.08,-18.4,6.08,Kisközség
BORSOD-ABAÚJ-ZEMPLÉN,Girincs,370,390,276,253,74.59,64.87,-9.72,-23,-13.03,-8.33,5.41,Kisközség
BARANYA,Kárász,176,185,92,69,52.27,37.3,-14.97,-23,-28.64,-25,5.11,Kisközség
ZALA,Nemeshetés,155,162,103,80,66.45,49.38,-17.07,-23,-25.69,-22.33,4.52,Kisközség
VAS,Hegyhátszentjakab,183,189,114,91,62.3,48.15,-14.15,-23,-22.71,-20.18,3.28,Kisközség
VAS,Nemesrempehollós,155,159,113,90,72.9,56.6,-16.3,-23,-22.36,-20.35,2.58,Kisközség
SOMOGY,Kisbajom,168,172,114,91,67.86,52.91,-14.95,-23,-22.03,-20.18,2.38,Kisközség
HEVES,Szarvaskő,248,252,118,95,47.58,37.7,-9.88,-23,-20.77,-19.49,1.61,Kisközség
BÉKÉS,Örménykút,185,182,119,96,64.32,52.75,-11.57,-23,-17.99,-19.33,-1.62,Kisközség
SOMOGY,Pálmajor,143,135,140,117,97.9,86.67,-11.23,-23,-11.47,-16.43,-5.59,Kisközség
BORSOD-ABAÚJ-ZEMPLÉN,Hejőkürt,154,190,84,62,54.55,32.63,-21.92,-22,-40.18,-26.19,23.38,Kisközség
HEVES,Mónosbél,191,234,94,72,49.21,30.77,-18.44,-22,-37.47,-23.4,22.51,Kisközség
PEST,Püspökszilágy,400,481,234,212,58.5,44.07,-14.43,-22,-24.67,-9.4,20.25,Kisközség
BARANYA,Helesfa,149,178,93,71,62.42,39.89,-22.53,-22,-36.09,-23.66,19.46,Kisközség
VAS,Sorkikápolna,137,163,102,80,74.45,49.08,-25.37,-22,-34.08,-21.57,18.98,Kisközség
GYŐR-MOSON-SOPRON,Árpás,159,185,111,89,69.81,48.11,-21.7,-22,-31.08,-19.82,16.35,Kisközség
TOLNA,Nak,246,286,184,162,74.8,56.64,-18.16,-22,-24.28,-11.96,16.26,Kisközség
ZALA,Kávás,137,157,88,66,64.23,42.04,-22.19,-22,-34.55,-25,14.6,Kisközség
BÉKÉS,Csabaszabadi,174,199,112,90,64.37,45.23,-19.14,-22,-29.73,-19.64,14.37,Kisközség
BARANYA,Hegyszentmárton,210,236,134,112,63.81,47.46,-16.35,-22,-25.62,-16.42,12.38,Kisközség
KOMÁROM-ESZTERGOM,Csatka,128,141,79,57,61.72,40.43,-21.29,-22,-34.49,-27.85,10.16,Kisközség
BORSOD-ABAÚJ-ZEMPLÉN,Szegi,167,183,99,77,59.28,42.08,-17.2,-22,-29.01,-22.22,9.58,Kisközség
BORSOD-ABAÚJ-ZEMPLÉN,Hernádbűd,76,83,65,43,85.53,51.81,-33.72,-22,-39.42,-33.85,9.21,Kisközség
BARANYA,Kémes,252,275,148,126,58.73,45.82,-12.91,-22,-21.98,-14.86,9.13,Kisközség
VESZPRÉM,Magyargencs,254,275,159,137,62.6,49.82,-12.78,-22,-20.42,-13.84,8.27,Kisközség
SZABOLCS-SZATMÁR-BEREG,Márokpapi,274,295,230,208,83.94,70.51,-13.43,-22,-16,-9.57,7.66,Kisközség
BARANYA,Bogdása,122,131,95,73,77.87,55.73,-22.14,-22,-28.43,-23.16,7.38,Kisközség
ZALA,Kerkabarabás,161,172,112,90,69.57,52.33,-17.24,-22,-24.78,-19.64,6.83,Kisközség
SOMOGY,Ötvöskónyi,386,412,263,241,68.13,58.5,-9.63,-22,-14.13,-8.37,6.74,Kisközség
VESZPRÉM,Kerta,282,300,211,189,74.82,63,-11.82,-22,-15.8,-10.43,6.38,Kisközség
BORSOD-ABAÚJ-ZEMPLÉN,Fony,147,156,103,81,70.07,51.92,-18.15,-22,-25.9,-21.36,6.12,Kisközség
BARANYA,Ibafa,93,98,70,48,75.27,48.98,-26.29,-22,-34.93,-31.43,5.38,Kisközség
ZALA,Alibánfa,250,263,143,121,57.2,46.01,-11.19,-22,-19.56,-15.38,5.2,Kisközség
SOMOGY,Hencse,180,184,122,100,67.78,54.35,-13.43,-22,-19.81,-18.03,2.22,Kisközség
VESZPRÉM,Nagydém,177,179,138,116,77.97,64.8,-13.17,-22,-16.89,-15.94,1.13,Kisközség
VESZPRÉM,Köveskál,216,217,135,113,62.5,52.07,-10.43,-22,-16.69,-16.3,0.46,Kisközség
VAS,Duka,144,144,99,77,68.75,53.47,-15.28,-22,-22.23,-22.22,0,Kisközség
ZALA,Pat,97,97,67,45,69.07,46.39,-22.68,-22,-32.84,-32.84,0,Kisközség
GYŐR-MOSON-SOPRON,Csáfordjánosfa,130,120,82,60,63.08,50,-13.08,-22,-20.74,-26.83,-7.69,Kisközség
ZALA,Kistolmács,92,83,70,48,76.09,57.83,-18.26,-22,-24,-31.43,-9.78,Kisközség
BORSOD-ABAÚJ-ZEMPLÉN,Bódvalenke,111,95,111,89,100,93.68,-6.32,-22,-6.32,-19.82,-14.41,Kisközség
BORSOD-ABAÚJ-ZEMPLÉN,Abaújszolnok,57,76,49,28,85.96,36.84,-49.12,-21,-57.14,-42.86,33.33,Kisközség
PEST,Perőcsény,198,243,117,96,59.09,39.51,-19.58,-21,-33.14,-17.95,22.73,Kisközség
VESZPRÉM,Balatoncsicsó,129,156,62,41,48.06,26.28,-21.78,-21,-45.32,-33.87,20.93,Kisközség
JÁSZ-NAGYKUN-SZOLNOK,Tiszakürt,612,715,389,368,63.56,51.47,-12.09,-21,-19.02,-5.4,16.83,Nagyközség
ZALA,Balatonmagyaród,198,228,132,111,66.67,48.68,-17.99,-21,-26.98,-15.91,15.15,Kisközség
NÓGRÁD,Horpács,102,114,65,44,63.73,38.6,-25.13,-21,-39.43,-32.31,11.76,Kisközség
VESZPRÉM,Oroszi,68,76,50,29,73.53,38.16,-35.37,-21,-48.1,-42,11.76,Kisközség
BARANYA,Magyarmecske,158,176,122,101,77.22,57.39,-19.83,-21,-25.68,-17.21,11.39,Kisközség
SOMOGY,Somogyfajsz,235,260,187,166,79.57,63.85,-15.72,-21,-19.76,-11.23,10.64,Kisközség
VESZPRÉM,Raposka,160,177,104,83,65,46.89,-18.11,-21,-27.86,-20.19,10.62,Kisközség
SZABOLCS-SZATMÁR-BEREG,Kispalád,260,287,216,195,83.08,67.94,-15.14,-21,-18.22,-9.72,10.38,Kisközség
BÁCS-KISKUN,Bugacpusztaháza,137,151,108,87,78.83,57.62,-21.21,-21,-26.91,-19.44,10.22,Kisközség
ZALA,Nemessándorháza,160,176,111,90,69.38,51.14,-18.24,-21,-26.29,-18.92,10,Kisközség
ZALA,Lickóvadamos,111,122,76,55,68.47,45.08,-23.39,-21,-34.16,-27.63,9.91,Kisközség
ZALA,Zalaszabar,264,290,169,148,64.02,51.03,-12.99,-21,-20.29,-12.43,9.85,Kisközség
SOMOGY,Tengőd,206,226,147,126,71.36,55.75,-15.61,-21,-21.88,-14.29,9.71,Kisközség
SOMOGY,Gyugy,161,176,115,94,71.43,53.41,-18.02,-21,-25.23,-18.26,9.32,Kisközség
GYŐR-MOSON-SOPRON,Répcevis,228,238,153,132,67.11,55.46,-11.65,-21,-17.36,-13.73,4.39,Kisközség
VAS,Kemenesszentmárton,114,118,81,60,71.05,50.85,-20.2,-21,-28.43,-25.93,3.51,Kisközség
SOMOGY,Alsóbogát,125,129,96,75,76.8,58.14,-18.66,-21,-24.3,-21.88,3.2,Kisközség
SOMOGY,Gadány,136,140,106,85,77.94,60.71,-17.23,-21,-22.11,-19.81,2.94,Kisközség
VAS,Felsőjánosfa,133,136,97,76,72.93,55.88,-17.05,-21,-23.38,-21.65,2.26,Kisközség
BARANYA,Nagyhajmás,135,138,74,53,54.81,38.41,-16.4,-21,-29.92,-28.38,2.22,Kisközség
BORSOD-ABAÚJ-ZEMPLÉN,Szegilong,131,133,80,59,61.07,44.36,-16.71,-21,-27.36,-26.25,1.53,Kisközség
NÓGRÁD,Kozárd,112,111,81,60,72.32,54.05,-18.27,-21,-25.26,-25.93,-0.89,Kisközség
GYŐR-MOSON-SOPRON,Várbalog,213,211,155,134,72.77,63.51,-9.26,-21,-12.73,-13.55,-0.94,Kisközség
BORSOD-ABAÚJ-ZEMPLÉN,Balajt,181,178,150,129,82.87,72.47,-10.4,-21,-12.55,-14,-1.66,Kisközség
BORSOD-ABAÚJ-ZEMPLÉN,Hernádszurdok,103,100,82,61,79.61,61,-18.61,-21,-23.38,-25.61,-2.91,Kisközség
TOLNA,Szárazd,120,115,90,69,75,60,-15,-21,-20,-23.33,-4.17,Kisközség
BORSOD-ABAÚJ-ZEMPLÉN,Imola,63,59,48,27,76.19,45.76,-30.43,-21,-39.94,-43.75,-6.35,Kisközség
VAS,Őrimagyarósd,137,127,93,72,67.88,56.69,-11.19,-21,-16.48,-22.58,-7.3,Kisközség
BARANYA,Gyöngyfa,73,67,59,38,80.82,56.72,-24.1,-21,-29.82,-35.59,-8.22,Kisközség
SOMOGY,Varászló,72,60,59,38,81.94,63.33,-18.61,-21,-22.71,-35.59,-16.67,Kisközség
BARANYA,Nagydobsza,229,295,154,134,67.25,45.42,-21.83,-20,-32.46,-12.99,28.82,Kisközség
HEVES,Demjén,342,434,182,162,53.22,37.33,-15.89,-20,-29.86,-10.99,26.9,Kisközség
VAS,Kőszegdoroszló,166,202,106,86,63.86,42.57,-21.29,-20,-33.34,-18.87,21.69,Kisközség
BORSOD-ABAÚJ-ZEMPLÉN,Négyes,154,185,89,69,57.79,37.3,-20.49,-20,-35.46,-22.47,20.13,Kisközség
BARANYA,Rózsafa,154,184,92,72,59.74,39.13,-20.61,-20,-34.5,-21.74,19.48,Kisközség
VAS,Nemeskeresztúr,166,197,133,113,80.12,57.36,-22.76,-20,-28.41,-15.04,18.67,Kisközség
BORSOD-ABAÚJ-ZEMPLÉN,Nagyrozvágy,261,308,184,164,70.5,53.25,-17.25,-20,-24.47,-10.87,18.01,Kisközség
BORSOD-ABAÚJ-ZEMPLÉN,Sajólászlófalva,216,253,111,91,51.39,35.97,-15.42,-20,-30.01,-18.02,17.13,Kisközség
ZALA,Alsórajk,148,172,99,79,66.89,45.93,-20.96,-20,-31.34,-20.2,16.22,Kisközség
VAS,Kám,258,299,172,152,66.67,50.84,-15.83,-20,-23.74,-11.63,15.89,Kisközség
VESZPRÉM,Gyepükaján,170,197,132,112,77.65,56.85,-20.8,-20,-26.79,-15.15,15.88,Kisközség
SZABOLCS-SZATMÁR-BEREG,Barabás,412,471,302,282,73.3,59.87,-13.43,-20,-18.32,-6.62,14.32,Kisközség
ZALA,Nemesapáti,272,307,177,157,65.07,51.14,-13.93,-20,-21.41,-11.3,12.87,Kisközség
BARANYA,Nyugotszenterzsébet,102,115,53,33,51.96,28.7,-23.26,-20,-44.77,-37.74,12.75,Kisközség
HAJDÚ-BIHAR,Magyarhomorog,407,457,264,244,64.86,53.39,-11.47,-20,-17.68,-7.58,12.29,Kisközség
ZALA,Batyk,182,204,123,103,67.58,50.49,-17.09,-20,-25.29,-16.26,12.09,Kisközség
ZALA,Tekenye,249,279,182,162,73.09,58.06,-15.03,-20,-20.56,-10.99,12.05,Kisközség
SOMOGY,Osztopán,333,368,221,201,66.37,54.62,-11.75,-20,-17.7,-9.05,10.51,Kisközség
BORSOD-ABAÚJ-ZEMPLÉN,Ziliz,184,203,104,84,56.52,41.38,-15.14,-20,-26.79,-19.23,10.33,Kisközség
BÁCS-KISKUN,Kéleshalom,195,213,107,87,54.87,40.85,-14.02,-20,-25.55,-18.69,9.23,Kisközség
VAS,Kondorfa,294,321,201,181,68.37,56.39,-11.98,-20,-17.52,-9.95,9.18,Kisközség
BARANYA,Kishajmás,82,88,60,40,73.17,45.45,-27.72,-20,-37.88,-33.33,7.32,Kisközség
BORSOD-ABAÚJ-ZEMPLÉN,Dövény,151,160,107,87,70.86,54.37,-16.49,-20,-23.27,-18.69,5.96,Kisközség
SOMOGY,Bolhó,293,306,200,180,68.26,58.82,-9.44,-20,-13.83,-10,4.44,Kisközség
VAS,Petőmihályfa,133,138,99,79,74.44,57.25,-17.19,-20,-23.09,-20.2,3.76,Kisközség
TOLNA,Bikács,225,232,159,139,70.67,59.91,-10.76,-20,-15.23,-12.58,3.11,Kisközség
SOMOGY,Visz,102,105,75,55,73.53,52.38,-21.15,-20,-28.76,-26.67,2.94,Kisközség
BORSOD-ABAÚJ-ZEMPLÉN,Nagykinizs,142,146,90,70,63.38,47.95,-15.43,-20,-24.35,-22.22,2.82,Kisközség
BARANYA,Márfa,107,109,65,45,60.75,41.28,-19.47,-20,-32.05,-30.77,1.87,Kisközség
ZALA,Zalaszentgyörgy,274,275,167,147,60.95,53.45,-7.5,-20,-12.31,-11.98,0.36,Kisközség
VESZPRÉM,Szentbékkálla,153,146,82,62,53.59,42.47,-11.12,-20,-20.75,-24.39,-4.58,Kisközség
BORSOD-ABAÚJ-ZEMPLÉN,Tornaszentjakab,90,78,66,46,73.33,58.97,-14.36,-20,-19.58,-30.3,-13.33,Kisközség
VESZPRÉM,Vid,54,43,47,27,87.04,62.79,-24.25,-20,-27.86,-42.55,-20.37,Kisközség
TOLNA,Kocsola,475,596,296,277,62.32,46.48,-15.84,-19,-25.42,-6.42,25.47,Nagyközség
SOMOGY,Bálványos,276,337,162,143,58.7,42.43,-16.27,-19,-27.72,-11.73,22.1,Kisközség
ZALA,Gősfa,166,197,132,113,79.52,57.36,-22.16,-19,-27.87,-14.39,18.67,Kisközség
BORSOD-ABAÚJ-ZEMPLÉN,Sóstófalva,121,143,87,68,71.9,47.55,-24.35,-19,-33.87,-21.84,18.18,Kisközség
BARANYA,Nagytótfalu,176,206,127,108,72.16,52.43,-19.73,-19,-27.34,-14.96,17.05,Kisközség
VESZPRÉM,Paloznak,358,418,178,159,49.72,38.04,-11.68,-19,-23.49,-10.67,16.76,Kisközség
BARANYA,Nagypall,195,226,126,107,64.62,47.35,-17.27,-19,-26.73,-15.08,15.9,Kisközség
BARANYA,Szulimán,114,132,75,56,65.79,42.42,-23.37,-19,-35.52,-25.33,15.79,Kisközség
GYŐR-MOSON-SOPRON,Lázi,267,308,154,135,57.68,43.83,-13.85,-19,-24.01,-12.34,15.36,Kisközség
VESZPRÉM,Porva,259,297,148,129,57.14,43.43,-13.71,-19,-23.99,-12.84,14.67,Kisközség
SOMOGY,Heresznye,121,137,88,69,72.73,50.36,-22.37,-19,-30.76,-21.59,13.22,Kisközség
VESZPRÉM,Taliándörögd,360,404,200,181,55.56,44.8,-10.76,-19,-19.37,-9.5,12.22,Kisközség
HEVES,Szajla,320,357,247,228,77.19,63.87,-13.32,-19,-17.26,-7.69,11.56,Kisközség
VESZPRÉM,Ábrahámhegy,365,407,207,188,56.71,46.19,-10.52,-19,-18.55,-9.18,11.51,Kisközség
BARANYA,Somogyhárságy,194,216,122,103,62.89,47.69,-15.2,-19,-24.17,-15.57,11.34,Kisközség
VAS,Alsószölnök,205,228,128,109,62.44,47.81,-14.63,-19,-23.43,-14.84,11.22,Kisközség
BARANYA,Hirics,86,95,79,60,91.86,63.16,-28.7,-19,-31.24,-24.05,10.47,Kisközség
VESZPRÉM,Rigács,89,98,66,47,74.16,47.96,-26.2,-19,-35.33,-28.79,10.11,Kisközség
VESZPRÉM,Zalaszegvár,89,98,66,47,74.16,47.96,-26.2,-19,-35.33,-28.79,10.11,Kisközség
BORSOD-ABAÚJ-ZEMPLÉN,Felsővadász,209,229,166,147,79.43,64.19,-15.24,-19,-19.19,-11.45,9.57,Kisközség
VESZPRÉM,Nemesvita,203,222,114,95,56.16,42.79,-13.37,-19,-23.81,-16.67,9.36,Kisközség
ZALA,Zalaistvánd,217,236,143,124,65.9,52.54,-13.36,-19,-20.27,-13.29,8.76,Kisközség
TOLNA,Koppányszántó,155,167,124,105,80,62.87,-17.13,-19,-21.41,-15.32,7.74,Kisközség
VESZPRÉM,Hidegkút,285,307,106,87,37.19,28.34,-8.85,-19,-23.8,-17.92,7.72,Kisközség
BORSOD-ABAÚJ-ZEMPLÉN,Tiszatardos,125,132,91,72,72.8,54.55,-18.25,-19,-25.07,-20.88,5.6,Kisközség
ZALA,Kerkateskánd,103,108,66,47,64.08,43.52,-20.56,-19,-32.08,-28.79,4.85,Kisközség
ZALA,Németfalu,134,138,106,87,79.1,63.04,-16.06,-19,-20.3,-17.92,2.99,Kisközség
SZABOLCS-SZATMÁR-BEREG,Császló,172,176,139,120,80.81,68.18,-12.63,-19,-15.63,-13.67,2.33,Kisközség
SOMOGY,Nagyszakácsi,163,164,95,76,58.28,46.34,-11.94,-19,-20.49,-20,0.61,Kisközség
BARANYA,Ivándárda,126,126,61,42,48.41,33.33,-15.08,-19,-31.15,-31.15,0,Kisközség
ZALA,Tilaj,109,108,84,65,77.06,60.19,-16.87,-19,-21.89,-22.62,-0.92,Kisközség
SOMOGY,Kisberény,79,78,54,35,68.35,44.87,-23.48,-19,-34.35,-35.19,-1.27,Kisközség
VAS,Vaskeresztes,228,224,125,106,54.82,47.32,-7.5,-19,-13.68,-15.2,-1.75,Kisközség
BARANYA,Kisbudmér,47,46,38,19,80.85,41.3,-39.55,-19,-48.92,-50,-2.13,Kisközség
BORSOD-ABAÚJ-ZEMPLÉN,Kéked,79,76,55,36,69.62,47.37,-22.25,-19,-31.96,-34.55,-3.8,Kisközség
GYŐR-MOSON-SOPRON,Rábaszentmiklós,99,94,77,58,77.78,61.7,-16.08,-19,-20.67,-24.68,-5.05,Kisközség
ZALA,Kissziget,90,83,77,58,85.56,69.88,-15.68,-19,-18.33,-24.68,-7.78,Kisközség
BORSOD-ABAÚJ-ZEMPLÉN,Szinpetri,117,107,85,66,72.65,61.68,-10.97,-19,-15.1,-22.35,-8.55,Kisközség
VAS,Hegyhátsál,94,84,73,54,77.66,64.29,-13.37,-19,-17.22,-26.03,-10.64,Kisközség
ZALA,Zalaboldogfa,199,248,143,125,71.86,50.4,-21.46,-18,-29.86,-12.59,24.62,Kisközség
TOLNA,Magyarkeszi,411,499,277,259,67.4,51.9,-15.5,-18,-23,-6.5,21.41,Nagyközség
VESZPRÉM,Bakonypölöske,204,245,117,99,57.35,40.41,-16.94,-18,-29.54,-15.38,20.1,Kisközség
VESZPRÉM,Gecse,201,241,150,132,74.63,54.77,-19.86,-18,-26.61,-12,19.9,Kisközség
ZALA,Pölöskefő,173,207,110,92,63.58,44.44,-19.14,-18,-30.1,-16.36,19.65,Kisközség
SZABOLCS-SZATMÁR-BEREG,Kérsemjén,146,174,126,108,86.3,62.07,-24.23,-18,-28.08,-14.29,19.18,Kisközség
VAS,Zsédeny,115,137,68,50,59.13,36.5,-22.63,-18,-38.27,-26.47,19.13,Kisközség
VAS,Kőszegszerdahely,321,379,182,164,56.7,43.27,-13.43,-18,-23.69,-9.89,18.07,Kisközség
BARANYA,Zók,139,164,86,68,61.87,41.46,-20.41,-18,-32.99,-20.93,17.99,Kisközség
ZALA,Bocska,143,168,97,79,67.83,47.02,-20.81,-18,-30.68,-18.56,17.48,Kisközség
FEJÉR,Újbarok,279,325,141,123,50.54,37.85,-12.69,-18,-25.11,-12.77,16.49,Kisközség
VAS,Velem,242,277,132,114,54.55,41.16,-13.39,-18,-24.55,-13.64,14.46,Kisközség
BORSOD-ABAÚJ-ZEMPLÉN,Semjén,160,183,127,109,79.38,59.56,-19.82,-18,-24.97,-14.17,14.37,Kisközség
GYŐR-MOSON-SOPRON,Mosonudvar,221,252,131,113,59.28,44.84,-14.44,-18,-24.36,-13.74,14.03,Kisközség
BARANYA,Szőkéd,176,200,97,79,55.11,39.5,-15.61,-18,-28.33,-18.56,13.64,Kisközség
BARANYA,Velény,59,67,35,17,59.32,25.37,-33.95,-18,-57.23,-51.43,13.56,Kisközség
VESZPRÉM,Dörgicse,166,188,84,66,50.6,35.11,-15.49,-18,-30.61,-21.43,13.25,Kisközség
ZALA,Pethőhenye,229,257,155,137,67.69,53.31,-14.38,-18,-21.24,-11.61,12.23,Kisközség
BARANYA,Babarc,338,378,168,150,49.7,39.68,-10.02,-18,-20.16,-10.71,11.83,Kisközség
SOMOGY,Csombárd,148,164,91,73,61.49,44.51,-16.98,-18,-27.61,-19.78,10.81,Kisközség
GYŐR-MOSON-SOPRON,Ebergőc,93,103,71,53,76.34,51.46,-24.88,-18,-32.59,-25.35,10.75,Kisközség
BARANYA,Drávapalkonya,121,133,78,60,64.46,45.11,-19.35,-18,-30.02,-23.08,9.92,Kisközség
SOMOGY,Rinyaszentkirály,158,172,97,79,61.39,45.93,-15.46,-18,-25.18,-18.56,8.86,Kisközség
NÓGRÁD,Litke,377,402,293,275,77.72,68.41,-9.31,-18,-11.98,-6.14,6.63,Kisközség
SZABOLCS-SZATMÁR-BEREG,Szabolcs,197,210,103,85,52.28,40.48,-11.8,-18,-22.57,-17.48,6.6,Kisközség
ZALA,Kilimán,118,125,77,59,65.25,47.2,-18.05,-18,-27.66,-23.38,5.93,Kisközség
BORSOD-ABAÚJ-ZEMPLÉN,Zádorfalva,173,183,139,121,80.35,66.12,-14.23,-18,-17.71,-12.95,5.78,Kisközség
GYŐR-MOSON-SOPRON,Bakonygyirót,104,110,64,46,61.54,41.82,-19.72,-18,-32.04,-28.12,5.77,Kisközség
BORSOD-ABAÚJ-ZEMPLÉN,Sajónémeti,199,210,149,131,74.87,62.38,-12.49,-18,-16.68,-12.08,5.53,Kisközség
VAS,Kisrákos,117,122,89,71,76.07,58.2,-17.87,-18,-23.49,-20.22,4.27,Kisközség
ZALA,Bázakerettye,394,408,144,126,36.55,30.88,-5.67,-18,-15.51,-12.5,3.55,Kisközség
SOMOGY,Torvaj,122,126,81,63,66.39,50,-16.39,-18,-24.69,-22.22,3.28,Kisközség
VAS,Egyházashetye,188,194,143,125,76.06,64.43,-11.63,-18,-15.29,-12.59,3.19,Kisközség
VAS,Halogy,158,163,119,101,75.32,61.96,-13.36,-18,-17.74,-15.13,3.16,Kisközség
VAS,Harasztifalu,119,122,73,55,61.34,45.08,-16.26,-18,-26.51,-24.66,2.52,Kisközség
BARANYA,Merenye,134,135,102,84,76.12,62.22,-13.9,-18,-18.26,-17.65,0.75,Kisközség
BARANYA,Ág,98,98,70,52,71.43,53.06,-18.37,-18,-25.72,-25.71,0,Kisközség
BORSOD-ABAÚJ-ZEMPLÉN,Alsótelekes,75,74,52,34,69.33,45.95,-23.38,-18,-33.72,-34.62,-1.33,Kisközség
SOMOGY,Porrog,124,122,103,85,83.06,69.67,-13.39,-18,-16.12,-17.48,-1.61,Kisközség
BARANYA,Tésenfa,89,87,65,47,73.03,54.02,-19.01,-18,-26.03,-27.69,-2.25,Kisközség
BARANYA,Ófalu,216,205,90,72,41.67,35.12,-6.55,-18,-15.72,-20,-5.09,Kisközség
BARANYA,Tófű,69,65,47,29,68.12,44.62,-23.5,-18,-34.5,-38.3,-5.8,Kisközség
BORSOD-ABAÚJ-ZEMPLÉN,Bodroghalom,483,607,280,263,57.97,43.33,-14.64,-17,-25.25,-6.07,25.67,Nagyközség
VAS,Kemenespálfa,193,241,150,133,77.72,55.19,-22.53,-17,-28.99,-11.33,24.87,Kisközség
VESZPRÉM,Balatonhenye,81,100,50,33,61.73,33,-28.73,-17,-46.54,-34,23.46,Kisközség
BARANYA,Birján,298,358,137,120,45.97,33.52,-12.45,-17,-27.08,-12.41,20.13,Kisközség
GYŐR-MOSON-SOPRON,Sobor,153,183,119,102,77.78,55.74,-22.04,-17,-28.34,-14.29,19.61,Kisközség
KOMÁROM-ESZTERGOM,Csép,187,221,131,114,70.05,51.58,-18.47,-17,-26.37,-12.98,18.18,Kisközség
SOMOGY,Csoma,232,272,155,138,66.81,50.74,-16.07,-17,-24.05,-10.97,17.24,Kisközség
BORSOD-ABAÚJ-ZEMPLÉN,Vizsoly,370,431,274,257,74.05,59.63,-14.42,-17,-19.47,-6.2,16.49,Kisközség
FEJÉR,Sárkeszi,327,378,178,161,54.43,42.59,-11.84,-17,-21.75,-9.55,15.6,Kisközség
BARANYA,Székelyszabar,275,316,123,106,44.73,33.54,-11.19,-17,-25.02,-13.82,14.91,Kisközség
SOMOGY,Lad,245,281,163,146,66.53,51.96,-14.57,-17,-21.9,-10.43,14.69,Kisközség
TOLNA,Kisvejke,182,207,96,79,52.75,38.16,-14.59,-17,-27.66,-17.71,13.74,Kisközség
BARANYA,Hásságy,180,204,75,58,41.67,28.43,-13.24,-17,-31.77,-22.67,13.33,Kisközség
ZALA,Orosztony,175,196,122,105,69.71,53.57,-16.14,-17,-23.15,-13.93,12,Kisközség
SOMOGY,Drávatamási,101,113,76,59,75.25,52.21,-23.04,-17,-30.62,-22.37,11.88,Kisközség
BARANYA,Lippó,254,283,103,86,40.55,30.39,-10.16,-17,-25.06,-16.5,11.42,Kisközség
SOMOGY,Hedrehely,157,172,127,110,80.89,63.95,-16.94,-17,-20.94,-13.39,9.55,Kisközség
VESZPRÉM,Sáska,177,193,116,99,65.54,51.3,-14.24,-17,-21.73,-14.66,9.04,Kisközség
NÓGRÁD,Kisbárkány,106,114,88,71,83.02,62.28,-20.74,-17,-24.98,-19.32,7.55,Kisközség
ZALA,Zalaszentjakab,149,160,103,86,69.13,53.75,-15.38,-17,-22.25,-16.5,7.38,Kisközség
BARANYA,Márok,250,265,144,127,57.6,47.92,-9.68,-17,-16.81,-11.81,6,Kisközség
BORSOD-ABAÚJ-ZEMPLÉN,Detek,134,142,94,77,70.15,54.23,-15.92,-17,-22.69,-18.09,5.97,Kisközség
VESZPRÉM,Bakonykoppány,123,129,68,51,55.28,39.53,-15.75,-17,-28.49,-25,4.88,Kisközség
SOMOGY,Patalom,167,173,135,118,80.84,68.21,-12.63,-17,-15.62,-12.59,3.59,Kisközség
HEVES,Parádsasvár,258,266,106,89,41.09,33.46,-7.63,-17,-18.57,-16.04,3.1,Kisközség
SOMOGY,Kazsok,159,163,144,127,90.57,77.91,-12.66,-17,-13.98,-11.81,2.52,Kisközség
BORSOD-ABAÚJ-ZEMPLÉN,Háromhuta,89,89,58,41,65.17,46.07,-19.1,-17,-29.31,-29.31,0,Kisközség
TOLNA,Grábóc,96,94,79,62,82.29,65.96,-16.33,-17,-19.84,-21.52,-2.08,Kisközség
BARANYA,Sámod,116,110,93,76,80.17,69.09,-11.08,-17,-13.82,-18.28,-5.17,Kisközség
BORSOD-ABAÚJ-ZEMPLÉN,Szászfa,54,50,39,22,72.22,44,-28.22,-17,-39.08,-43.59,-7.41,Kisközség
BARANYA,Baranyaszentgyörgy,63,52,54,37,85.71,71.15,-14.56,-17,-16.99,-31.48,-17.46,Kisközség
BORSOD-ABAÚJ-ZEMPLÉN,Nyésta,23,16,20,3,86.96,18.75,-68.21,-17,-78.44,-85,-30.43,Kisközség
BARANYA,Szemely,226,313,113,97,50,30.99,-19.01,-16,-38.02,-14.16,38.5,Kisközség
VESZPRÉM,Küngös,270,332,159,143,58.89,43.07,-15.82,-16,-26.86,-10.06,22.96,Kisközség
NÓGRÁD,Kisecset,103,126,74,58,71.84,46.03,-25.81,-16,-35.93,-21.62,22.33,Kisközség
SOMOGY,Gige,155,186,124,108,80,58.06,-21.94,-16,-27.42,-12.9,20,Kisközség
TOLNA,Kismányok,182,217,93,77,51.1,35.48,-15.62,-16,-30.57,-17.2,19.23,Kisközség
TOLNA,Mőcsény,180,214,118,102,65.56,47.66,-17.9,-16,-27.3,-13.56,18.89,Kisközség
BARANYA,Vásárosbéc,96,113,53,37,55.21,32.74,-22.47,-16,-40.7,-30.19,17.71,Kisközség
BARANYA,Nagypeterd,343,400,159,143,46.36,35.75,-10.61,-16,-22.89,-10.06,16.62,Kisközség
VAS,Bozzai,165,192,121,105,73.33,54.69,-18.64,-16,-25.42,-13.22,16.36,Kisközség
BORSOD-ABAÚJ-ZEMPLÉN,Bózsva,102,118,64,48,62.75,40.68,-22.07,-16,-35.17,-25,15.69,Kisközség
ZALA,Várfölde,99,114,60,44,60.61,38.6,-22.01,-16,-36.31,-26.67,15.15,Kisközség
VESZPRÉM,Nemeshany,194,220,133,117,68.56,53.18,-15.38,-16,-22.43,-12.03,13.4,Kisközség
BORSOD-ABAÚJ-ZEMPLÉN,Ládbesenyő,146,163,103,87,70.55,53.37,-17.18,-16,-24.35,-15.53,11.64,Kisközség
BARANYA,Gordisa,126,140,88,72,69.84,51.43,-18.41,-16,-26.36,-18.18,11.11,Kisközség
ZALA,Vállus,64,71,44,28,68.75,39.44,-29.31,-16,-42.63,-36.36,10.94,Kisközség
BARANYA,Egyházaskozár,366,403,152,136,41.53,33.75,-7.78,-16,-18.73,-10.53,10.11,Kisközség
VESZPRÉM,Döbrönte,174,188,86,70,49.43,37.23,-12.2,-16,-24.68,-18.6,8.05,Kisközség
SOMOGY,Komlósd,103,111,72,56,69.9,50.45,-19.45,-16,-27.83,-22.22,7.77,Kisközség
SZABOLCS-SZATMÁR-BEREG,Rozsály,310,333,230,214,74.19,64.26,-9.93,-16,-13.38,-6.96,7.42,Kisközség
JÁSZ-NAGYKUN-SZOLNOK,Csataszög,166,178,119,103,71.69,57.87,-13.82,-16,-19.28,-13.45,7.23,Kisközség
VAS,Nagymizdó,85,91,70,54,82.35,59.34,-23.01,-16,-27.94,-22.86,7.06,Kisközség
SOMOGY,Somogymeggyes,216,224,130,114,60.19,50.89,-9.3,-16,-15.45,-12.31,3.7,Kisközség
BORSOD-ABAÚJ-ZEMPLÉN,Hejce,128,130,93,77,72.66,59.23,-13.43,-16,-18.48,-17.2,1.56,Kisközség
ZALA,Orbányosfa,65,66,56,40,86.15,60.61,-25.54,-16,-29.65,-28.57,1.54,Kisközség
VESZPRÉM,Pápasalamon,155,154,127,111,81.94,72.08,-9.86,-16,-12.03,-12.6,-0.65,Kisközség
GYŐR-MOSON-SOPRON,Edve,82,81,57,41,69.51,50.62,-18.89,-16,-27.18,-28.07,-1.22,Kisközség
BARANYA,Vejti,90,87,69,53,76.67,60.92,-15.75,-16,-20.54,-23.19,-3.33,Kisközség
BORSOD-ABAÚJ-ZEMPLÉN,Büttös,94,86,77,61,81.91,70.93,-10.98,-16,-13.4,-20.78,-8.51,Kisközség
ZALA,Kallósd,60,54,49,33,81.67,61.11,-20.56,-16,-25.17,-32.65,-10,Kisközség
BARANYA,Páprád,108,97,72,56,66.67,57.73,-8.94,-16,-13.41,-22.22,-10.19,Kisközség
SOMOGY,Főnyed,44,38,33,17,75,44.74,-30.26,-16,-40.35,-48.48,-13.64,Kisközség
VAS,Hosszúpereszteg,302,382,212,197,70.2,51.57,-18.63,-15,-26.54,-7.08,26.49,Kisközség
VAS,Nyőgér,193,238,132,117,68.39,49.16,-19.23,-15,-28.12,-11.36,23.32,Kisközség
ZALA,Garabonc,281,341,206,191,73.31,56.01,-17.3,-15,-23.6,-7.28,21.35,Kisközség
BORSOD-ABAÚJ-ZEMPLÉN,Monaj,108,130,76,61,70.37,46.92,-23.45,-15,-33.32,-19.74,20.37,Kisközség
VAS,Porpác,84,100,64,49,76.19,49,-27.19,-15,-35.69,-23.44,19.05,Kisközség
BORSOD-ABAÚJ-ZEMPLÉN,Lácacséke,81,96,68,53,83.95,55.21,-28.74,-15,-34.23,-22.06,18.52,Kisközség
VESZPRÉM,Somlójenő,133,157,93,78,69.92,49.68,-20.24,-15,-28.95,-16.13,18.05,Kisközség
SOMOGY,Szilvásszentmárton,106,125,83,68,78.3,54.4,-23.9,-15,-30.52,-18.07,17.92,Kisközség
BARANYA,Felsőegerszeg,68,80,49,34,72.06,42.5,-29.56,-15,-41.02,-30.61,17.65,Kisközség
BARANYA,Kisherend,113,130,82,67,72.57,51.54,-21.03,-15,-28.98,-18.29,15.04,Kisközség
SZABOLCS-SZATMÁR-BEREG,Mátyus,107,123,96,81,89.72,65.85,-23.87,-15,-26.6,-15.62,14.95,Kisközség
HEVES,Újlőrincfalva,111,127,70,55,63.06,43.31,-19.75,-15,-31.32,-21.43,14.41,Kisközség
ZALA,Kerkaszentkirály,124,140,76,61,61.29,43.57,-17.72,-15,-28.91,-19.74,12.9,Kisközség
VAS,Szergény,149,168,112,97,75.17,57.74,-17.43,-15,-23.19,-13.39,12.75,Kisközség
SOMOGY,Csurgónagymarton,77,83,48,33,62.34,39.76,-22.58,-15,-36.22,-31.25,7.79,Kisközség
NÓGRÁD,Nógrádszakál,258,277,210,195,81.4,70.4,-11,-15,-13.51,-7.14,7.36,Kisközség
ZALA,Kálócfa,82,88,62,47,75.61,53.41,-22.2,-15,-29.36,-24.19,7.32,Kisközség
BORSOD-ABAÚJ-ZEMPLÉN,Kupa,85,91,79,64,92.94,70.33,-22.61,-15,-24.33,-18.99,7.06,Kisközség
ZALA,Bókaháza,152,160,115,100,75.66,62.5,-13.16,-15,-17.39,-13.04,5.26,Kisközség
VESZPRÉM,Királyszentistván,281,295,118,103,41.99,34.92,-7.07,-15,-16.84,-12.71,4.98,Kisközség
BARANYA,Adorjás,82,86,69,54,84.15,62.79,-21.36,-15,-25.38,-21.74,4.88,Kisközség
SZABOLCS-SZATMÁR-BEREG,Szamosújlak,215,224,158,143,73.49,63.84,-9.65,-15,-13.13,-9.49,4.19,Kisközség
VAS,Mesteri,128,133,92,77,71.88,57.89,-13.99,-15,-19.46,-16.3,3.91,Kisközség
GYŐR-MOSON-SOPRON,Und,215,222,120,105,55.81,47.3,-8.51,-15,-15.25,-12.5,3.26,Kisközség
NÓGRÁD,Pusztaberki,119,122,65,50,54.62,40.98,-13.64,-15,-24.97,-23.08,2.52,Kisközség
TOLNA,Belecska,153,156,90,75,58.82,48.08,-10.74,-15,-18.26,-16.67,1.96,Kisközség
TOLNA,Kistormás,151,151,99,84,65.56,55.63,-9.93,-15,-15.15,-15.15,0,Kisközség
SOMOGY,Edde,88,85,72,57,81.82,67.06,-14.76,-15,-18.04,-20.83,-3.41,Kisközség
SOMOGY,Kisgyalán,109,105,71,56,65.14,53.33,-11.81,-15,-18.13,-21.13,-3.67,Kisközség
HAJDÚ-BIHAR,Vekerd,74,71,54,39,72.97,54.93,-18.04,-15,-24.72,-27.78,-4.05,Kisközség
BARANYA,Bürüs,39,36,30,15,76.92,41.67,-35.25,-15,-45.83,-50,-7.69,Kisközség
BARANYA,Babarcszőlős,56,51,42,27,75,52.94,-22.06,-15,-29.41,-35.71,-8.93,Kisközség
BARANYA,Okorvölgy,44,40,32,17,72.73,42.5,-30.23,-15,-41.56,-46.88,-9.09,Kisközség
ZALA,Zalaszombatfa,36,27,24,9,66.67,33.33,-33.34,-15,-50.01,-62.5,-25,Kisközség
GYŐR-MOSON-SOPRON,Gyalóka,43,56,30,16,69.77,28.57,-41.2,-14,-59.05,-46.67,30.23,Kisközség
VESZPRÉM,Pula,98,120,65,51,66.33,42.5,-23.83,-14,-35.93,-21.54,22.45,Kisközség
SOMOGY,Pamuk,116,142,90,76,77.59,53.52,-24.07,-14,-31.02,-15.56,22.41,Kisközség
SOMOGY,Nágocs,264,321,164,150,62.12,46.73,-15.39,-14,-24.77,-8.54,21.59,Kisközség
BARANYA,Somogyhatvan,137,165,86,72,62.77,43.64,-19.13,-14,-30.48,-16.28,20.44,Kisközség
ZALA,Kacorlak,104,123,69,55,66.35,44.72,-21.63,-14,-32.6,-20.29,18.27,Kisközség
GYŐR-MOSON-SOPRON,Egyed,302,356,205,191,67.88,53.65,-14.23,-14,-20.96,-6.83,17.88,Kisközség
GYŐR-MOSON-SOPRON,Mérges,62,73,52,38,83.87,52.05,-31.82,-14,-37.94,-26.92,17.74,Kisközség
TOLNA,Gyulaj,340,398,280,266,82.35,66.83,-15.52,-14,-18.85,-5,17.06,Kisközség
KOMÁROM-ESZTERGOM,Aka,149,173,102,88,68.46,50.87,-17.59,-14,-25.69,-13.73,16.11,Kisközség
VAS,Acsád,345,396,235,221,68.12,55.81,-12.31,-14,-18.07,-5.96,14.78,Kisközség
BARANYA,Illocska,114,129,82,68,71.93,52.71,-19.22,-14,-26.72,-17.07,13.16,Kisközség
GYŐR-MOSON-SOPRON,Nemeskér,133,150,88,74,66.17,49.33,-16.84,-14,-25.45,-15.91,12.78,Kisközség
VAS,Szemenye,174,196,128,114,73.56,58.16,-15.4,-14,-20.94,-10.94,12.64,Kisközség
SOMOGY,Rinyabesenyő,84,94,72,58,85.71,61.7,-24.01,-14,-28.01,-19.44,11.9,Kisközség
SOMOGY,Vése,322,352,185,171,57.45,48.58,-8.87,-14,-15.44,-7.57,9.32,Kisközség
VESZPRÉM,Vászoly,173,187,104,90,60.12,48.13,-11.99,-14,-19.94,-13.46,8.09,Kisközség
VAS,Cák,176,190,107,93,60.8,48.95,-11.85,-14,-19.49,-13.08,7.95,Kisközség
TOLNA,Závod,135,144,81,67,60,46.53,-13.47,-14,-22.45,-17.28,6.67,Kisközség
ZALA,Szécsisziget,127,134,56,42,44.09,31.34,-12.75,-14,-28.92,-25,5.51,Kisközség
VESZPRÉM,Kamond,186,196,142,128,76.34,65.31,-11.03,-14,-14.45,-9.86,5.38,Kisközség
VAS,Nagygeresd,162,169,103,89,63.58,52.66,-10.92,-14,-17.18,-13.59,4.32,Kisközség
BORSOD-ABAÚJ-ZEMPLÉN,Tornaszentandrás,87,90,61,47,70.11,52.22,-17.89,-14,-25.52,-22.95,3.45,Kisközség
FEJÉR,Bakonykúti,96,98,39,25,40.62,25.51,-15.11,-14,-37.2,-35.9,2.08,Kisközség
BORSOD-ABAÚJ-ZEMPLÉN,Hegymeg,72,73,46,32,63.89,43.84,-20.05,-14,-31.38,-30.43,1.39,Kisközség
BORSOD-ABAÚJ-ZEMPLÉN,Zalkod,107,108,72,58,67.29,53.7,-13.59,-14,-20.2,-19.44,0.93,Kisközség
NÓGRÁD,Cserháthaláp,223,223,100,86,44.84,38.57,-6.27,-14,-13.98,-14,0,Kisközség
ZALA,Oltárc,106,106,79,65,74.53,61.32,-13.21,-14,-17.72,-17.72,0,Kisközség
ZALA,Nemesnép,76,75,58,44,76.32,58.67,-17.65,-14,-23.13,-24.14,-1.32,Kisközség
BARANYA,Molvány,90,88,56,42,62.22,47.73,-14.49,-14,-23.29,-25,-2.22,Kisközség
BORSOD-ABAÚJ-ZEMPLÉN,Mogyoróska,54,49,35,21,64.81,42.86,-21.95,-14,-33.87,-40,-9.26,Kisközség
VAS,Kemeneskápolna,63,57,44,30,69.84,52.63,-17.21,-14,-24.64,-31.82,-9.52,Kisközség
VESZPRÉM,Öcs,98,119,69,56,70.41,47.06,-23.35,-13,-33.16,-18.84,21.43,Kisközség
BARANYA,Siklósbodony,66,80,61,48,92.42,60,-32.42,-13,-35.08,-21.31,21.21,Kisközség
KOMÁROM-ESZTERGOM,Csém,232,273,164,151,70.69,55.31,-15.38,-13,-21.76,-7.93,17.67,Kisközség
ZALA,Milejszeg,177,208,125,112,70.62,53.85,-16.77,-13,-23.75,-10.4,17.51,Kisközség
BARANYA,Mekényes,130,152,69,56,53.08,36.84,-16.24,-13,-30.6,-18.84,16.92,Kisközség
ZALA,Fűzvölgy,78,91,46,33,58.97,36.26,-22.71,-13,-38.51,-28.26,16.67,Kisközség
BARANYA,Baranyahídvég,81,94,69,56,85.19,59.57,-25.62,-13,-30.07,-18.84,16.05,Kisközség
VAS,Csánig,221,256,159,146,71.95,57.03,-14.92,-13,-20.74,-8.18,15.84,Kisközség
SOMOGY,Fonó,147,167,84,71,57.14,42.51,-14.63,-13,-25.6,-15.48,13.61,Kisközség
ZALA,Kerkafalva,82,93,63,50,76.83,53.76,-23.07,-13,-30.03,-20.63,13.41,Kisközség
VAS,Kissomlyó,135,153,66,53,48.89,34.64,-14.25,-13,-29.15,-19.7,13.33,Kisközség
SOMOGY,Zics,166,187,112,99,67.47,52.94,-14.53,-13,-21.54,-11.61,12.65,Kisközség
VAS,Karakó,111,125,72,59,64.86,47.2,-17.66,-13,-27.23,-18.06,12.61,Kisközség
VAS,Vásárosmiske,207,233,152,139,73.43,59.66,-13.77,-13,-18.75,-8.55,12.56,Kisközség
ZALA,Resznek,131,147,85,72,64.89,48.98,-15.91,-13,-24.52,-15.29,12.21,Kisközség
TOLNA,Mucsi,174,195,140,127,80.46,65.13,-15.33,-13,-19.05,-9.29,12.07,Kisközség
BARANYA,Kisdobsza,117,129,88,75,75.21,58.14,-17.07,-13,-22.7,-14.77,10.26,Kisközség
TOLNA,Bátaapáti,210,229,128,115,60.95,50.22,-10.73,-13,-17.6,-10.16,9.05,Kisközség
BARANYA,Drávaszerdahely,95,103,55,42,57.89,40.78,-17.11,-13,-29.56,-23.64,8.42,Kisközség
SOMOGY,Bakháza,84,90,55,42,65.48,46.67,-18.81,-13,-28.73,-23.64,7.14,Kisközség
VESZPRÉM,Uzsa,197,211,82,69,41.62,32.7,-8.92,-13,-21.43,-15.85,7.11,Kisközség
VESZPRÉM,Egeralja,147,157,119,106,80.95,67.52,-13.43,-13,-16.59,-10.92,6.8,Kisközség
BARANYA,Ózdfalu,77,82,50,37,64.94,45.12,-19.82,-13,-30.52,-26,6.49,Kisközség
VAS,Hegyháthodász,94,100,68,55,72.34,55,-17.34,-13,-23.97,-19.12,6.38,Kisközség
VESZPRÉM,Kiscsősz,65,69,51,38,78.46,55.07,-23.39,-13,-29.81,-25.49,6.15,Kisközség
VAS,Pápoc,174,184,141,128,81.03,69.57,-11.46,-13,-14.14,-9.22,5.75,Kisközség
SOMOGY,Péterhida,89,93,49,36,55.06,38.71,-16.35,-13,-29.69,-26.53,4.49,Kisközség
VAS,Nemeskocs,210,215,122,109,58.1,50.7,-7.4,-13,-12.74,-10.66,2.38,Kisközség
BARANYA,Kovácsszénája,40,40,26,13,65,32.5,-32.5,-13,-50,-50,0,Kisközség
SZABOLCS-SZATMÁR-BEREG,Nagyhódos,71,71,56,43,78.87,60.56,-18.31,-13,-23.22,-23.21,0,Kisközség
TOLNA,Miszla,170,167,128,115,75.29,68.86,-6.43,-13,-8.54,-10.16,-1.76,Kisközség
SOMOGY,Somogyacsa,62,59,40,27,64.52,45.76,-18.76,-13,-29.08,-32.5,-4.84,Kisközség
ZALA,Kisrécse,98,91,62,49,63.27,53.85,-9.42,-13,-14.89,-20.97,-7.14,Kisközség
VAS,Sárfimizdó,66,55,55,42,83.33,76.36,-6.97,-13,-8.36,-23.64,-16.67,Kisközség
BORSOD-ABAÚJ-ZEMPLÉN,Nagyhuta,37,27,20,7,54.05,25.93,-28.12,-13,-52.03,-65,-27.03,Kisközség
PEST,Vácrátót,1141,1764,653,641,57.23,36.34,-20.89,-12,-36.5,-1.84,54.6,Nagyközség
VAS,Andrásfa,121,160,92,80,76.03,50,-26.03,-12,-34.24,-13.04,32.23,Kisközség
BARANYA,Bezedek,98,126,74,62,75.51,49.21,-26.3,-12,-34.83,-16.22,28.57,Kisközség
HEVES,Erk,315,398,258,246,81.9,61.81,-20.09,-12,-24.53,-4.65,26.35,Kisközség
FEJÉR,Nagylók,485,595,283,271,58.35,45.55,-12.8,-12,-21.94,-4.24,22.68,Kisközség
SOMOGY,Somogytúr,240,291,154,142,64.17,48.8,-15.37,-12,-23.95,-7.79,21.25,Kisközség
BARANYA,Meződ,59,71,32,20,54.24,28.17,-26.07,-12,-48.06,-37.5,20.34,Kisközség
BARANYA,Kákics,90,108,75,63,83.33,58.33,-25,-12,-30,-16,20,Kisközség
VESZPRÉM,Kup,225,266,117,105,52,39.47,-12.53,-12,-24.1,-10.26,18.22,Kisközség
BORSOD-ABAÚJ-ZEMPLÉN,Radostyán,310,359,177,165,57.1,45.96,-11.14,-12,-19.51,-6.78,15.81,Kisközség
HAJDÚ-BIHAR,Kokad,267,304,212,200,79.4,65.79,-13.61,-12,-17.14,-5.66,13.86,Kisközség
VESZPRÉM,Várkesző,100,113,56,44,56,38.94,-17.06,-12,-30.46,-21.43,13,Kisközség
BARANYA,Peterd,119,132,79,67,66.39,50.76,-15.63,-12,-23.54,-15.19,10.92,Kisközség
TOLNA,Diósberény,152,168,88,76,57.89,45.24,-12.65,-12,-21.85,-13.64,10.53,Kisközség
BARANYA,Kátoly,163,180,79,67,48.47,37.22,-11.25,-12,-23.21,-15.19,10.43,Kisközség
BARANYA,Nagycsány,71,78,33,21,46.48,26.92,-19.56,-12,-42.08,-36.36,9.86,Kisközség
BARANYA,Szágy,64,70,54,42,84.38,60,-24.38,-12,-28.89,-22.22,9.38,Kisközség
BORSOD-ABAÚJ-ZEMPLÉN,Alsóregmec,113,122,66,54,58.41,44.26,-14.15,-12,-24.23,-18.18,7.96,Kisközség
VAS,Vasegerszeg,221,238,158,146,71.49,61.34,-10.15,-12,-14.2,-7.59,7.69,Kisközség
SOMOGY,Szegerdő,107,114,91,79,85.05,69.3,-15.75,-12,-18.52,-13.19,6.54,Kisközség
BORSOD-ABAÚJ-ZEMPLÉN,Alsógagy,48,51,33,21,68.75,41.18,-27.57,-12,-40.1,-36.36,6.25,Kisközség
BARANYA,Regenye,69,73,40,28,57.97,38.36,-19.61,-12,-33.83,-30,5.8,Kisközség
BARANYA,Erdősmecske,175,185,121,109,69.14,58.92,-10.22,-12,-14.78,-9.92,5.71,Kisközség
ZALA,Dobronhegy,106,112,68,56,64.15,50,-14.15,-12,-22.06,-17.65,5.66,Kisközség
BORSOD-ABAÚJ-ZEMPLÉN,Jósvafő,164,172,89,77,54.27,44.77,-9.5,-12,-17.51,-13.48,4.88,Kisközség
VAS,Kétvölgy,69,72,46,34,66.67,47.22,-19.45,-12,-29.17,-26.09,4.35,Kisközség
ZALA,Pusztaederics,109,113,79,67,72.48,59.29,-13.19,-12,-18.2,-15.19,3.67,Kisközség
TOLNA,Csibrák,108,111,73,61,67.59,54.95,-12.64,-12,-18.7,-16.44,2.78,Kisközség
BORSOD-ABAÚJ-ZEMPLÉN,Irota,51,51,30,18,58.82,35.29,-23.53,-12,-40,-40,0,Kisközség
BÁCS-KISKUN,Bácsszentgyörgy,84,84,55,43,65.48,51.19,-14.29,-12,-21.82,-21.82,0,Kisközség
ZALA,Dobri,97,97,48,36,49.48,37.11,-12.37,-12,-25,-25,0,Kisközség
VESZPRÉM,Bakonyság,37,36,34,22,91.89,61.11,-30.78,-12,-33.5,-35.29,-2.7,Kisközség
ZALA,Alsószenterzsébet,42,40,33,21,78.57,52.5,-26.07,-12,-33.18,-36.36,-4.76,Kisközség
VAS,Ispánk,75,71,47,35,62.67,49.3,-13.37,-12,-21.33,-25.53,-5.33,Kisközség
SOMOGY,Drávagárdony,76,70,58,46,76.32,65.71,-10.61,-12,-13.9,-20.69,-7.89,Kisközség
BARANYA,Varga,50,45,42,30,84,66.67,-17.33,-12,-20.63,-28.57,-10,Kisközség
BORSOD-ABAÚJ-ZEMPLÉN,Varbóc,43,38,30,18,69.77,47.37,-22.4,-12,-32.11,-40,-11.63,Kisközség
ZALA,Gyűrűs,34,30,23,11,67.65,36.67,-30.98,-12,-45.79,-52.17,-11.76,Kisközség
BORSOD-ABAÚJ-ZEMPLÉN,Abaújlak,50,42,39,27,78,64.29,-13.71,-12,-17.58,-30.77,-16,Kisközség
BARANYA,Husztót,32,21,24,12,75,57.14,-17.86,-12,-23.81,-50,-34.38,Kisközség
KOMÁROM-ESZTERGOM,Dunaszentmiklós,286,374,139,128,48.6,34.22,-14.38,-11,-29.59,-7.91,30.77,Kisközség
ZALA,Zalacsány,484,624,308,297,63.64,47.6,-16.04,-11,-25.2,-3.57,28.93,Nagyközség
ZALA,Nemesbük,363,450,228,217,62.81,48.22,-14.59,-11,-23.23,-4.82,23.97,Kisközség
BARANYA,Lúzsok,88,108,77,66,87.5,61.11,-26.39,-11,-30.16,-14.29,22.73,Kisközség
VAS,Chernelházadamonya,111,136,80,69,72.07,50.74,-21.33,-11,-29.6,-13.75,22.52,Kisközség
VAS,Köcsk,153,183,114,103,74.51,56.28,-18.23,-11,-24.47,-9.65,19.61,Kisközség
BORSOD-ABAÚJ-ZEMPLÉN,Füzérkajata,54,64,32,21,59.26,32.81,-26.45,-11,-44.63,-34.38,18.52,Kisközség
SOMOGY,Szentbalázs,176,208,103,92,58.52,44.23,-14.29,-11,-24.42,-10.68,18.18,Kisközség
BORSOD-ABAÚJ-ZEMPLÉN,Hernádcéce,84,99,57,46,67.86,46.46,-21.4,-11,-31.54,-19.3,17.86,Kisközség
VESZPRÉM,Hegymagas,158,185,74,63,46.84,34.05,-12.79,-11,-27.31,-14.86,17.09,Kisközség
SZABOLCS-SZATMÁR-BEREG,Darnó,62,72,56,45,90.32,62.5,-27.82,-11,-30.8,-19.64,16.13,Kisközség
TOLNA,Dúzs,113,131,74,63,65.49,48.09,-17.4,-11,-26.57,-14.86,15.93,Kisközség
BORSOD-ABAÚJ-ZEMPLÉN,Sajómercse,99,113,62,51,62.63,45.13,-17.5,-11,-27.94,-17.74,14.14,Kisközség
ZALA,Homokkomárom,122,139,73,62,59.84,44.6,-15.24,-11,-25.47,-15.07,13.93,Kisközség
VESZPRÉM,Karakószörcsök,140,159,106,95,75.71,59.75,-15.96,-11,-21.08,-10.38,13.57,Kisközség
BARANYA,Köblény,96,109,63,52,65.62,47.71,-17.91,-11,-27.29,-17.46,13.54,Kisközség
BARANYA,Kiskassa,128,145,63,52,49.22,35.86,-13.36,-11,-27.14,-17.46,13.28,Kisközség
BORSOD-ABAÚJ-ZEMPLÉN,Szőlősardó,73,82,45,34,61.64,41.46,-20.18,-11,-32.74,-24.44,12.33,Kisközség
VESZPRÉM,Békás,116,129,92,81,79.31,62.79,-16.52,-11,-20.83,-11.96,11.21,Kisközség
SOMOGY,Somogygeszti,184,204,118,107,64.13,52.45,-11.68,-11,-18.21,-9.32,10.87,Kisközség
VAS,Szaknyér,37,41,24,13,64.86,31.71,-33.15,-11,-51.11,-45.83,10.81,Kisközség
SOMOGY,Sávoly,214,237,136,125,63.55,52.74,-10.81,-11,-17.01,-8.09,10.75,Kisközség
NÓGRÁD,Márkháza,149,165,121,110,81.21,66.67,-14.54,-11,-17.9,-9.09,10.74,Kisközség
SZABOLCS-SZATMÁR-BEREG,Fülpösdaróc,190,210,149,138,78.42,65.71,-12.71,-11,-16.21,-7.38,10.53,Kisközség
BORSOD-ABAÚJ-ZEMPLÉN,Zubogy,276,305,116,105,42.03,34.43,-7.6,-11,-18.08,-9.48,10.51,Kisközség
ZALA,Pórszombat,167,184,131,120,78.44,65.22,-13.22,-11,-16.85,-8.4,10.18,Kisközség
TOLNA,Udvari,148,163,115,104,77.7,63.8,-13.9,-11,-17.89,-9.57,10.14,Kisközség
ZALA,Petrivente,199,209,103,92,51.76,44.02,-7.74,-11,-14.95,-10.68,5.03,Kisközség
ZALA,Sénye,42,44,20,9,47.62,20.45,-27.17,-11,-57.06,-55,4.76,Kisközség
VAS,Döröske,73,76,49,38,67.12,50,-17.12,-11,-25.51,-22.45,4.11,Kisközség
VESZPRÉM,Vöröstó,62,64,32,21,51.61,32.81,-18.8,-11,-36.43,-34.38,3.23,Kisközség
BORSOD-ABAÚJ-ZEMPLÉN,Abod,93,93,69,58,74.19,62.37,-11.82,-11,-15.93,-15.94,0,Kisközség
BORSOD-ABAÚJ-ZEMPLÉN,Regéc,45,45,35,24,77.78,53.33,-24.45,-11,-31.43,-31.43,0,Kisközség
VAS,Zsennye,65,65,52,41,80,63.08,-16.92,-11,-21.15,-21.15,0,Kisközség
ZALA,Zalaújlak,63,62,38,27,60.32,43.55,-16.77,-11,-27.8,-28.95,-1.59,Kisközség
NÓGRÁD,Cserhátszentiván,81,78,47,36,58.02,46.15,-11.87,-11,-20.46,-23.4,-3.7,Kisközség
HEVES,Tarnaszentmária,153,146,89,78,58.17,53.42,-4.75,-11,-8.17,-12.36,-4.58,Kisközség
BORSOD-ABAÚJ-ZEMPLÉN,Szuhafő,78,72,49,38,62.82,52.78,-10.04,-11,-15.98,-22.45,-7.69,Kisközség
BARANYA,Marócsa,47,42,41,30,87.23,71.43,-15.8,-11,-18.11,-26.83,-10.64,Kisközség
SOMOGY,Fiad,63,56,41,30,65.08,53.57,-11.51,-11,-17.69,-26.83,-11.11,Kisközség
ZALA,Csöde,54,43,43,32,79.63,74.42,-5.21,-11,-6.54,-25.58,-20.37,Kisközség
BARANYA,Áta,88,121,56,46,63.64,38.02,-25.62,-10,-40.26,-17.86,37.5,Kisközség
ZALA,Belsősárd,61,80,43,33,70.49,41.25,-29.24,-10,-41.48,-23.26,31.15,Kisközség
ZALA,Kisgörbő,76,97,54,44,71.05,45.36,-25.69,-10,-36.16,-18.52,27.63,Kisközség
SZABOLCS-SZATMÁR-BEREG,Kishódos,34,42,33,23,97.06,54.76,-42.3,-10,-43.58,-30.3,23.53,Kisközség
BARANYA,Ellend,107,132,59,49,55.14,37.12,-18.02,-10,-32.68,-16.95,23.36,Kisközség
VESZPRÉM,Bazsi,218,262,127,117,58.26,44.66,-13.6,-10,-23.34,-7.87,20.18,Kisközség
SOMOGY,Somogycsicsó,71,85,46,36,64.79,42.35,-22.44,-10,-34.63,-21.74,19.72,Kisközség
NÓGRÁD,Szécsénke,119,142,84,74,70.59,52.11,-18.48,-10,-26.18,-11.9,19.33,Kisközség
BARANYA,Basal,105,125,59,49,56.19,39.2,-16.99,-10,-30.24,-16.95,19.05,Kisközség
SOMOGY,Kaposkeresztúr,127,149,98,88,77.17,59.06,-18.11,-10,-23.47,-10.2,17.32,Kisközség
SOMOGY,Patosfa,119,139,85,75,71.43,53.96,-17.47,-10,-24.46,-11.76,16.81,Kisközség
BARANYA,Bakonya,177,206,84,74,47.46,35.92,-11.54,-10,-24.32,-11.9,16.38,Kisközség
GYŐR-MOSON-SOPRON,Fehértó,257,299,161,151,62.65,50.5,-12.15,-10,-19.39,-6.21,16.34,Kisközség
VESZPRÉM,Balatonudvari,223,257,123,113,55.16,43.97,-11.19,-10,-20.29,-8.13,15.25,Kisközség
ZALA,Szilvágy,114,131,84,74,73.68,56.49,-17.19,-10,-23.33,-11.9,14.91,Kisközség
ZALA,Szentpéterúr,337,386,248,238,73.59,61.66,-11.93,-10,-16.21,-4.03,14.54,Kisközség
VAS,Kenéz,146,167,109,99,74.66,59.28,-15.38,-10,-20.6,-9.17,14.38,Kisközség
BARANYA,Besence,50,57,37,27,74,47.37,-26.63,-10,-35.99,-27.03,14,Kisközség
ZALA,Bucsuta,104,118,77,67,74.04,56.78,-17.26,-10,-23.31,-12.99,13.46,Kisközség
VAS,Pinkamindszent,98,111,73,63,74.49,56.76,-17.73,-10,-23.8,-13.7,13.27,Kisközség
SOMOGY,Szenyér,117,132,110,100,94.02,75.76,-18.26,-10,-19.42,-9.09,12.82,Kisközség
TOLNA,Szakadát,107,120,67,57,62.62,47.5,-15.12,-10,-24.15,-14.93,12.15,Kisközség
SOMOGY,Polány,103,115,83,73,80.58,63.48,-17.1,-10,-21.22,-12.05,11.65,Kisközség
VAS,Mesterháza,94,104,58,48,61.7,46.15,-15.55,-10,-25.2,-17.24,10.64,Kisközség
ZALA,Barlahida,74,81,41,31,55.41,38.27,-17.14,-10,-30.93,-24.39,9.46,Kisközség
ZALA,Bödeháza,32,35,26,16,81.25,45.71,-35.54,-10,-43.74,-38.46,9.38,Kisközség
ZALA,Ozmánbük,103,112,86,76,83.5,67.86,-15.64,-10,-18.73,-11.63,8.74,Kisközség
VAS,Tokorcs,221,237,128,118,57.92,49.79,-8.13,-10,-14.04,-7.81,7.24,Kisközség
BARANYA,Erdősmárok,42,45,34,24,80.95,53.33,-27.62,-10,-34.12,-29.41,7.14,Kisközség
BARANYA,Drávacsepely,115,123,81,71,70.43,57.72,-12.71,-10,-18.05,-12.35,6.96,Kisközség
VAS,Velemér,44,47,32,22,72.73,46.81,-25.92,-10,-35.64,-31.25,6.82,Kisközség
SOMOGY,Nagycsepely,208,219,130,120,62.5,54.79,-7.71,-10,-12.34,-7.69,5.29,Kisközség
VAS,Gyanógeregye,104,109,73,63,70.19,57.8,-12.39,-10,-17.65,-13.7,4.81,Kisközség
BARANYA,Pettend,68,68,58,48,85.29,70.59,-14.7,-10,-17.24,-17.24,0,Kisközség
NÓGRÁD,Felsőtold,83,83,40,30,48.19,36.14,-12.05,-10,-25.01,-25,0,Kisközség
SZABOLCS-SZATMÁR-BEREG,Hermánszeg,137,136,103,93,75.18,68.38,-6.8,-10,-9.04,-9.71,-0.73,Kisközség
SOMOGY,Büssü,116,114,94,84,81.03,73.68,-7.35,-10,-9.07,-10.64,-1.72,Kisközség
BÉKÉS,Újszalonta,51,50,36,26,70.59,52,-18.59,-10,-26.34,-27.78,-1.96,Kisközség
SOMOGY,Somogydöröcske,76,73,41,31,53.95,42.47,-11.48,-10,-21.28,-24.39,-3.95,Kisközség
BARANYA,Kisjakabfalva,48,46,36,26,75,56.52,-18.48,-10,-24.64,-27.78,-4.17,Kisközség
BARANYA,Nagybudmér,108,102,70,60,64.81,58.82,-5.99,-10,-9.24,-14.29,-5.56,Kisközség
ZALA,Zebecke,31,28,23,13,74.19,46.43,-27.76,-10,-37.42,-43.48,-9.68,Kisközség
ZALA,Maróc,38,32,23,13,60.53,40.62,-19.91,-10,-32.89,-43.48,-15.79,Kisközség
BORSOD-ABAÚJ-ZEMPLÉN,Hernádpetri,67,90,60,51,89.55,56.67,-32.88,-9,-36.72,-15,34.33,Kisközség
VESZPRÉM,Kapolcs,210,271,117,108,55.71,39.85,-15.86,-9,-28.47,-7.69,29.05,Kisközség
BARANYA,Bisse,115,145,78,69,67.83,47.59,-20.24,-9,-29.84,-11.54,26.09,Kisközség
BARANYA,Kisdér,62,78,44,35,70.97,44.87,-26.1,-9,-36.78,-20.45,25.81,Kisközség
VAS,Orfalu,43,52,22,13,51.16,25,-26.16,-9,-51.13,-40.91,20.93,Kisközség
NÓGRÁD,Ludányhalászi,512,614,349,340,68.16,55.37,-12.79,-9,-18.76,-2.58,19.92,Nagyközség
BÁCS-KISKUN,Bácsszőlős,141,169,86,77,60.99,45.56,-15.43,-9,-25.3,-10.47,19.86,Kisközség
VAS,Nagykölked,86,101,61,52,70.93,51.49,-19.44,-9,-27.41,-14.75,17.44,Kisközség
BARANYA,Vékény,79,92,45,36,56.96,39.13,-17.83,-9,-31.3,-20,16.46,Kisközség
ZALA,Ormándlak,67,78,46,37,68.66,47.44,-21.22,-9,-30.91,-19.57,16.42,Kisközség
VESZPRÉM,Örvényes,106,123,63,54,59.43,43.9,-15.53,-9,-26.13,-14.29,16.04,Kisközség
BORSOD-ABAÚJ-ZEMPLÉN,Pányok,25,29,21,12,84,41.38,-42.62,-9,-50.74,-42.86,16,Kisközség
BARANYA,Szűr,126,146,35,26,27.78,17.81,-9.97,-9,-35.89,-25.71,15.87,Kisközség
VESZPRÉM,Szentimrefalva,93,107,62,53,66.67,49.53,-17.14,-9,-25.71,-14.52,15.05,Kisközség
ZALA,Márokföld,37,42,18,9,48.65,21.43,-27.22,-9,-55.95,-50,13.51,Kisközség
ZALA,Magyarföld,30,34,16,7,53.33,20.59,-32.74,-9,-61.39,-56.25,13.33,Kisközség
GYŐR-MOSON-SOPRON,Rábcakapi,99,111,76,67,76.77,60.36,-16.41,-9,-21.38,-11.84,12.12,Kisközség
BARANYA,Ipacsfa,123,136,83,74,67.48,54.41,-13.07,-9,-19.37,-10.84,10.57,Kisközség
BÉKÉS,Almáskamarás,372,407,186,177,50,43.49,-6.51,-9,-13.02,-4.84,9.41,Kisközség
VESZPRÉM,Bakonyszentiván,110,120,72,63,65.45,52.5,-12.95,-9,-19.79,-12.5,9.09,Kisközség
BARANYA,Hegyhátmaróc,72,78,37,28,51.39,35.9,-15.49,-9,-30.14,-24.32,8.33,Kisközség
GYŐR-MOSON-SOPRON,Vadosfa,53,57,47,38,88.68,66.67,-22.01,-9,-24.82,-19.15,7.55,Kisközség
ZALA,Zalaszentlőrinc,161,170,109,100,67.7,58.82,-8.88,-9,-13.12,-8.26,5.59,Kisközség
ZALA,Ramocsa,18,19,16,7,88.89,36.84,-52.05,-9,-58.56,-56.25,5.56,Kisközség
VAS,Ólmod,58,61,43,34,74.14,55.74,-18.4,-9,-24.82,-20.93,5.17,Kisközség
BORSOD-ABAÚJ-ZEMPLÉN,Viszló,43,44,33,24,76.74,54.55,-22.19,-9,-28.92,-27.27,2.33,Kisközség
SOMOGY,Szorosad,57,58,34,25,59.65,43.1,-16.55,-9,-27.75,-26.47,1.75,Kisközség
BORSOD-ABAÚJ-ZEMPLÉN,Trizs,115,117,63,54,54.78,46.15,-8.63,-9,-15.75,-14.29,1.74,Kisközség
VAS,Halastó,55,55,43,34,78.18,61.82,-16.36,-9,-20.93,-20.93,0,Kisközség
VESZPRÉM,Kékkút,41,41,25,16,60.98,39.02,-21.96,-9,-36.01,-36,0,Kisközség
ZALA,Almásháza,44,44,26,17,59.09,38.64,-20.45,-9,-34.61,-34.62,0,Kisközség
ZALA,Zalaigrice,58,54,47,38,81.03,70.37,-10.66,-9,-13.16,-19.15,-6.9,Kisközség
VESZPRÉM,Kisberzseny,38,51,27,19,71.05,37.25,-33.8,-8,-47.57,-29.63,34.21,Kisközség
BARANYA,Kistapolca,97,125,67,59,69.07,47.2,-21.87,-8,-31.66,-11.94,28.87,Kisközség
TOLNA,Jágónak,97,124,77,69,79.38,55.65,-23.73,-8,-29.89,-10.39,27.84,Kisközség
BORSOD-ABAÚJ-ZEMPLÉN,Szakácsi,63,80,62,54,98.41,67.5,-30.91,-8,-31.41,-12.9,26.98,Kisközség
BARANYA,Kistamási,44,55,42,34,95.45,61.82,-33.63,-8,-35.23,-19.05,25,Kisközség
BARANYA,Szőke,58,72,48,40,82.76,55.56,-27.2,-8,-32.87,-16.67,24.14,Kisközség
VAS,Rátót,122,151,90,82,73.77,54.3,-19.47,-8,-26.39,-8.89,23.77,Kisközség
BARANYA,Lovászhetény,128,153,79,71,61.72,46.41,-15.31,-8,-24.81,-10.13,19.53,Kisközség
VAS,Gasztony,245,292,181,173,73.88,59.25,-14.63,-8,-19.8,-4.42,19.18,Kisközség
NÓGRÁD,Debercsény,46,54,31,23,67.39,42.59,-24.8,-8,-36.8,-25.81,17.39,Kisközség
ZALA,Bezeréd,87,102,57,49,65.52,48.04,-17.48,-8,-26.68,-14.04,17.24,Kisközség
VAS,Szalafő,144,168,75,67,52.08,39.88,-12.2,-8,-23.43,-10.67,16.67,Kisközség
HAJDÚ-BIHAR,Bedő,174,201,146,138,83.91,68.66,-15.25,-8,-18.17,-5.48,15.52,Kisközség
ZALA,Szentpéterfölde,58,67,30,22,51.72,32.84,-18.88,-8,-36.5,-26.67,15.52,Kisközség
BORSOD-ABAÚJ-ZEMPLÉN,Szentistvánbaksa,156,180,100,92,64.1,51.11,-12.99,-8,-20.27,-8,15.38,Kisközség
BORSOD-ABAÚJ-ZEMPLÉN,Dubicsány,168,193,68,60,40.48,31.09,-9.39,-8,-23.2,-11.76,14.88,Kisközség
ZALA,Baktüttös,179,205,124,116,69.27,56.59,-12.68,-8,-18.31,-6.45,14.53,Kisközség
BORSOD-ABAÚJ-ZEMPLÉN,Baktakék,285,325,195,187,68.42,57.54,-10.88,-8,-15.9,-4.1,14.04,Kisközség
GYŐR-MOSON-SOPRON,Maglóca,52,59,39,31,75,52.54,-22.46,-8,-29.95,-20.51,13.46,Kisközség
SOMOGY,Zala,134,152,98,90,73.13,59.21,-13.92,-8,-19.03,-8.16,13.43,Kisközség
VESZPRÉM,Monoszló,67,76,36,28,53.73,36.84,-16.89,-8,-31.43,-22.22,13.43,Kisközség
BARANYA,Okorág,61,69,49,41,80.33,59.42,-20.91,-8,-26.03,-16.33,13.11,Kisközség
BARANYA,Kisnyárád,82,92,30,22,36.59,23.91,-12.68,-8,-34.65,-26.67,12.2,Kisközség
SOMOGY,Nyim,165,184,92,84,55.76,45.65,-10.11,-8,-18.13,-8.7,11.52,Kisközség
BARANYA,Sárok,57,62,27,19,47.37,30.65,-16.72,-8,-35.3,-29.63,8.77,Kisközség
ZALA,Vöckönd,57,62,40,32,70.18,51.61,-18.57,-8,-26.46,-20,8.77,Kisközség
VESZPRÉM,Barnag,78,84,50,42,64.1,50,-14.1,-8,-22,-16,7.69,Kisközség
ZALA,Ligetfalva,36,38,26,18,72.22,47.37,-24.85,-8,-34.41,-30.77,5.56,Kisközség
BARANYA,Kékesd,98,103,60,52,61.22,50.49,-10.73,-8,-17.53,-13.33,5.1,Kisközség
ZALA,Baglad,22,23,22,14,100,60.87,-39.13,-8,-39.13,-36.36,4.55,Kisközség
SOMOGY,Újvárfalva,104,108,85,77,81.73,71.3,-10.43,-8,-12.76,-9.41,3.85,Kisközség
VESZPRÉM,Vinár,146,149,86,78,58.9,52.35,-6.55,-8,-11.12,-9.3,2.05,Kisközség
ZALA,Kányavár,67,68,48,40,71.64,58.82,-12.82,-8,-17.9,-16.67,1.49,Kisközség
SOMOGY,Kastélyosdombó,89,86,59,51,66.29,59.3,-6.99,-8,-10.54,-13.56,-3.37,Kisközség
BARANYA,Palé,48,46,31,23,64.58,50,-14.58,-8,-22.58,-25.81,-4.17,Kisközség
BARANYA,Tengeri,37,35,22,14,59.46,40,-19.46,-8,-32.73,-36.36,-5.41,Kisközség
BARANYA,Csebény,51,48,31,23,60.78,47.92,-12.86,-8,-21.16,-25.81,-5.88,Kisközség
BARANYA,Magyarlukafa,45,41,32,24,71.11,58.54,-12.57,-8,-17.68,-25,-8.89,Kisközség
ZALA,Börzönce,30,27,17,9,56.67,33.33,-23.34,-8,-41.19,-47.06,-10,Kisközség
ZALA,Pusztaapáti,20,15,16,8,80,53.33,-26.67,-8,-33.34,-50,-25,Kisközség
VAS,Dozmat,182,237,105,98,57.69,41.35,-16.34,-7,-28.32,-6.67,30.22,Kisközség
BARANYA,Várad,58,75,38,31,65.52,41.33,-24.19,-7,-36.92,-18.42,29.31,Kisközség
BARANYA,Töttös,233,297,171,164,73.39,55.22,-18.17,-7,-24.76,-4.09,27.47,Kisközség
BARANYA,Kistótfalu,154,194,87,80,56.49,41.24,-15.25,-7,-27,-8.05,25.97,Kisközség
BORSOD-ABAÚJ-ZEMPLÉN,Abaújalpár,39,49,29,22,74.36,44.9,-29.46,-7,-39.62,-24.14,25.64,Kisközség
VAS,Gór,171,214,112,105,65.5,49.07,-16.43,-7,-25.08,-6.25,25.15,Kisközség
ZALA,Gosztola,36,45,20,13,55.56,28.89,-26.67,-7,-48,-35,25,Kisközség
BORSOD-ABAÚJ-ZEMPLÉN,Rudolftelep,261,325,127,120,48.66,36.92,-11.74,-7,-24.13,-5.51,24.52,Kisközség
SZABOLCS-SZATMÁR-BEREG,Rétközberencs,399,490,311,304,77.94,62.04,-15.9,-7,-20.4,-2.25,22.81,Nagyközség
VAS,Keléd,51,61,39,32,76.47,52.46,-24.01,-7,-31.4,-17.95,19.61,Kisközség
VESZPRÉM,Mindszentkálla,139,166,81,74,58.27,44.58,-13.69,-7,-23.49,-8.64,19.42,Kisközség
HEVES,Zaránk,228,272,141,134,61.84,49.26,-12.58,-7,-20.34,-4.96,19.3,Kisközség
SZABOLCS-SZATMÁR-BEREG,Hetefejércse,135,159,123,116,91.11,72.96,-18.15,-7,-19.92,-5.69,17.78,Kisközség
BARANYA,Csarnóta,62,72,30,23,48.39,31.94,-16.45,-7,-33.99,-23.33,16.13,Kisközség
BARANYA,Szellő,54,62,34,27,62.96,43.55,-19.41,-7,-30.83,-20.59,14.81,Kisközség
BARANYA,Tótszentgyörgy,83,95,56,49,67.47,51.58,-15.89,-7,-23.55,-12.5,14.46,Kisközség
PEST,Tésa,56,64,27,20,48.21,31.25,-16.96,-7,-35.18,-25.93,14.29,Kisközség
BÉKÉS,Magyardombegyház,88,100,61,54,69.32,54,-15.32,-7,-22.1,-11.48,13.64,Kisközség
ZALA,Csapi,82,93,56,49,68.29,52.69,-15.6,-7,-22.84,-12.5,13.41,Kisközség
SZABOLCS-SZATMÁR-BEREG,Gyügye,153,173,110,103,71.9,59.54,-12.36,-7,-17.19,-6.36,13.07,Kisközség
VESZPRÉM,Szápár,283,320,150,143,53,44.69,-8.31,-7,-15.68,-4.67,13.07,Kisközség
BARANYA,Vázsnok,60,66,42,35,70,53.03,-16.97,-7,-24.24,-16.67,10,Kisközség
TOLNA,Várong,61,67,42,35,68.85,52.24,-16.61,-7,-24.12,-16.67,9.84,Kisközség
BARANYA,Kisbeszterce,42,46,28,21,66.67,45.65,-21.02,-7,-31.53,-25,9.52,Kisközség
VAS,Rönök,230,251,162,155,70.43,61.75,-8.68,-7,-12.32,-4.32,9.13,Kisközség
VAS,Nagytilaj,57,61,41,34,71.93,55.74,-16.19,-7,-22.51,-17.07,7.02,Kisközség
BARANYA,Drávacsehi,83,88,51,44,61.45,50,-11.45,-7,-18.63,-13.73,6.02,Kisközség
SOMOGY,Potony,90,95,56,49,62.22,51.58,-10.64,-7,-17.1,-12.5,5.56,Kisközség
BARANYA,Szörény,39,40,24,17,61.54,42.5,-19.04,-7,-30.94,-29.17,2.56,Kisközség
SOMOGY,Rinyaújlak,133,136,88,81,66.17,59.56,-6.61,-7,-9.99,-7.95,2.26,Kisközség
SZABOLCS-SZATMÁR-BEREG,Magosliget,159,161,147,140,92.45,86.96,-5.49,-7,-5.94,-4.76,1.26,Kisközség
NÓGRÁD,Kutasó,53,52,31,24,58.49,46.15,-12.34,-7,-21.1,-22.58,-1.89,Kisközség
SOMOGY,Patca,35,34,26,19,74.29,55.88,-18.41,-7,-24.78,-26.92,-2.86,Kisközség
BARANYA,Markóc,32,31,24,17,75,54.84,-20.16,-7,-26.88,-29.17,-3.12,Kisközség
NÓGRÁD,Garáb,25,24,17,10,68,41.67,-26.33,-7,-38.72,-41.18,-4,Kisközség
BORSOD-ABAÚJ-ZEMPLÉN,Bódvarákó,43,38,34,27,79.07,71.05,-8.02,-7,-10.14,-20.59,-11.63,Kisközség
BARANYA,Máriakéménd,221,281,124,118,56.11,41.99,-14.12,-6,-25.16,-4.84,27.15,Kisközség
VESZPRÉM,Somlóvecse,48,60,36,30,75,50,-25,-6,-33.33,-16.67,25,Kisközség
BORSOD-ABAÚJ-ZEMPLÉN,Litka,22,26,15,9,68.18,34.62,-33.56,-6,-49.22,-40,18.18,Kisközség
BARANYA,Olasz,333,387,159,153,47.75,39.53,-8.22,-6,-17.21,-3.77,16.22,Kisközség
BARANYA,Túrony,134,155,68,62,50.75,40,-10.75,-6,-21.18,-8.82,15.67,Kisközség
VAS,Nemesládony,88,101,59,53,67.05,52.48,-14.57,-6,-21.73,-10.17,14.77,Kisközség
BARANYA,Palkonya,140,160,63,57,45,35.62,-9.38,-6,-20.84,-9.52,14.29,Kisközség
BARANYA,Kemse,36,41,30,24,83.33,58.54,-24.79,-6,-29.75,-20,13.89,Kisközség
ZALA,Ortaháza,53,60,40,34,75.47,56.67,-18.8,-6,-24.91,-15,13.21,Kisközség
VESZPRÉM,Pusztamiske,171,192,109,103,63.74,53.65,-10.09,-6,-15.83,-5.5,12.28,Kisközség
TOLNA,Kalaznó,63,70,45,39,71.43,55.71,-15.72,-6,-22.01,-13.33,11.11,Kisközség
VAS,Hegyhátszentpéter,83,92,60,54,72.29,58.7,-13.59,-6,-18.8,-10,10.84,Kisközség
BORSOD-ABAÚJ-ZEMPLÉN,Arka,37,41,16,10,43.24,24.39,-18.85,-6,-43.59,-37.5,10.81,Kisközség
BARANYA,Martonfa,149,165,65,59,43.62,35.76,-7.86,-6,-18.02,-9.23,10.74,Kisközség
TOLNA,Nagyvejke,84,93,62,56,73.81,60.22,-13.59,-6,-18.41,-9.68,10.71,Kisközség
BARANYA,Pécsbagota,51,56,33,27,64.71,48.21,-16.5,-6,-25.5,-18.18,9.8,Kisközség
GYŐR-MOSON-SOPRON,Potyond,66,72,52,46,78.79,63.89,-14.9,-6,-18.91,-11.54,9.09,Kisközség
GYŐR-MOSON-SOPRON,Vének,121,132,69,63,57.02,47.73,-9.29,-6,-16.29,-8.7,9.09,Kisközség
ZALA,Kozmadombja,24,26,21,15,87.5,57.69,-29.81,-6,-34.07,-28.57,8.33,Kisközség
ZALA,Lendvajakabfa,24,26,14,8,58.33,30.77,-27.56,-6,-47.25,-42.86,8.33,Kisközség
VAS,Szatta,45,48,24,18,53.33,37.5,-15.83,-6,-29.68,-25,6.67,Kisközség
BORSOD-ABAÚJ-ZEMPLÉN,Gagyvendégi,92,98,64,58,69.57,59.18,-10.39,-6,-14.93,-9.38,6.52,Kisközség
BARANYA,Szentkatalin,49,52,32,26,65.31,50,-15.31,-6,-23.44,-18.75,6.12,Kisközség
SOMOGY,Csákány,93,96,72,66,77.42,68.75,-8.67,-6,-11.2,-8.33,3.23,Kisközség
VAS,Lócs,70,71,43,37,61.43,52.11,-9.32,-6,-15.17,-13.95,1.43,Kisközség
BARANYA,Liptód,89,86,37,31,41.57,36.05,-5.52,-6,-13.28,-16.22,-3.37,Kisközség
ZALA,Döbröce,53,49,31,25,58.49,51.02,-7.47,-6,-12.77,-19.35,-7.55,Kisközség
BORSOD-ABAÚJ-ZEMPLÉN,Becskeháza,24,21,13,7,54.17,33.33,-20.84,-6,-38.47,-46.15,-12.5,Kisközség
BORSOD-ABAÚJ-ZEMPLÉN,Keresztéte,18,27,12,7,66.67,25.93,-40.74,-5,-61.11,-41.67,50,Kisközség
VAS,Daraboshegy,55,72,33,28,60,38.89,-21.11,-5,-35.18,-15.15,30.91,Kisközség
SOMOGY,Gadács,40,51,26,21,65,41.18,-23.82,-5,-36.65,-19.23,27.5,Kisközség
VESZPRÉM,Zalaerdőd,117,148,65,60,55.56,40.54,-15.02,-5,-27.03,-7.69,26.5,Kisközség
VAS,Pósfa,163,193,109,104,66.87,53.89,-12.98,-5,-19.41,-4.59,18.4,Kisközség
BARANYA,Katádfa,69,81,53,48,76.81,59.26,-17.55,-5,-22.85,-9.43,17.39,Kisközség
BORSOD-ABAÚJ-ZEMPLÉN,Kány,32,37,23,18,71.88,48.65,-23.23,-5,-32.32,-21.74,15.62,Kisközség
SOMOGY,Somogybükkösd,54,61,34,29,62.96,47.54,-15.42,-5,-24.49,-14.71,12.96,Kisközség
BARANYA,Monyoród,99,110,47,42,47.47,38.18,-9.29,-5,-19.57,-10.64,11.11,Kisközség
VESZPRÉM,Veszprémfajsz,162,180,47,42,29.01,23.33,-5.68,-5,-19.58,-10.64,11.11,Kisközség
BARANYA,Baranyajenő,192,212,127,122,66.15,57.55,-8.6,-5,-13,-3.94,10.42,Kisközség
VAS,Nemesmedves,17,18,16,11,94.12,61.11,-33.01,-5,-35.07,-31.25,5.88,Kisközség
BARANYA,Bosta,74,77,55,50,74.32,64.94,-9.38,-5,-12.62,-9.09,4.05,Kisközség
VESZPRÉM,Kispirit,42,43,33,28,78.57,65.12,-13.45,-5,-17.12,-15.15,2.38,Kisközség
BARANYA,Fazekasboda,98,98,44,39,44.9,39.8,-5.1,-5,-11.36,-11.36,0,Kisközség
BORSOD-ABAÚJ-ZEMPLÉN,Sima,22,22,9,4,40.91,18.18,-22.73,-5,-55.56,-55.56,0,Kisközség
SOMOGY,Kára,32,32,25,20,78.12,62.5,-15.62,-5,-19.99,-20,0,Kisközség
SOMOGY,Somogysimonyi,28,27,26,21,92.86,77.78,-15.08,-5,-16.24,-19.23,-3.57,Kisközség
GYŐR-MOSON-SOPRON,Cakóháza,34,32,28,23,82.35,71.88,-10.47,-5,-12.71,-17.86,-5.88,Kisközség
BARANYA,Ivánbattyán,63,59,32,27,50.79,45.76,-5.03,-5,-9.9,-15.62,-6.35,Kisközség
SOMOGY,Libickozma,24,18,14,9,58.33,50,-8.33,-5,-14.28,-35.71,-25,Kisközség
SOMOGY,Kisasszond,64,90,37,33,57.81,36.67,-21.14,-4,-36.57,-10.81,40.62,Kisközség
ZALA,Szentmargitfalva,39,50,23,19,58.97,38,-20.97,-4,-35.56,-17.39,28.21,Kisközség
NÓGRÁD,Nógrádkövesd,308,382,182,178,59.09,46.6,-12.49,-4,-21.14,-2.2,24.03,Kisközség
VESZPRÉM,Bodorfa,51,63,36,32,70.59,50.79,-19.8,-4,-28.05,-11.11,23.53,Kisközség
ZALA,Kisvásárhely,35,43,31,27,88.57,62.79,-25.78,-4,-29.11,-12.9,22.86,Kisközség
FEJÉR,Moha,324,389,156,152,48.15,39.07,-9.08,-4,-18.86,-2.56,20.06,Kisközség
HAJDÚ-BIHAR,Biharkeresztes,2109,2499,1436,1432,68.09,57.3,-10.79,-4,-15.85,-0.28,18.49,Város
ZALA,Nagyrada,229,271,145,141,63.32,52.03,-11.29,-4,-17.83,-2.76,18.34,Kisközség
GYŐR-MOSON-SOPRON,Bodonhely,197,233,135,131,68.53,56.22,-12.31,-4,-17.96,-2.96,18.27,Kisközség
SOMOGY,Porrogszentpál,40,47,36,32,90,68.09,-21.91,-4,-24.34,-11.11,17.5,Kisközség
ZALA,Kerecseny,87,100,66,62,75.86,62,-13.86,-4,-18.27,-6.06,14.94,Kisközség
GYŐR-MOSON-SOPRON,Rábasebes,55,63,33,29,60,46.03,-13.97,-4,-23.28,-12.12,14.55,Kisközség
VAS,Répceszentgyörgy,76,87,51,47,67.11,54.02,-13.09,-4,-19.51,-7.84,14.47,Kisközség
VAS,Borgáta,88,100,52,48,59.09,48,-11.09,-4,-18.77,-7.69,13.64,Kisközség
BARANYA,Szilvás,75,85,46,42,61.33,49.41,-11.92,-4,-19.44,-8.7,13.33,Kisközség
VAS,Felsőmarác,163,184,103,99,63.19,53.8,-9.39,-4,-14.86,-3.88,12.88,Kisközség
NÓGRÁD,Bokor,63,71,35,31,55.56,43.66,-11.9,-4,-21.42,-11.43,12.7,Kisközség
VAS,Iklanberény,33,37,30,26,90.91,70.27,-20.64,-4,-22.7,-13.33,12.12,Kisközség
VAS,Bögöte,201,225,130,126,64.68,56,-8.68,-4,-13.42,-3.08,11.94,Kisközség
SOMOGY,Somogyaracs,76,84,67,63,88.16,75,-13.16,-4,-14.93,-5.97,10.53,Kisközség
ZALA,Kiscsehi,117,126,68,64,58.12,50.79,-7.33,-4,-12.61,-5.88,7.69,Kisközség
ZALA,Vindornyalak,37,39,22,18,59.46,46.15,-13.31,-4,-22.38,-18.18,5.41,Kisközség
SOMOGY,Hosszúvíz,26,27,18,14,69.23,51.85,-17.38,-4,-25.1,-22.22,3.85,Kisközség
BORSOD-ABAÚJ-ZEMPLÉN,Tornakápolna,17,17,13,9,76.47,52.94,-23.53,-4,-30.77,-30.77,0,Kisközség
ZALA,Dötk,21,21,12,8,57.14,38.1,-19.04,-4,-33.32,-33.33,0,Kisközség
SOMOGY,Ecseny,105,102,76,72,72.38,70.59,-1.79,-4,-2.47,-5.26,-2.86,Kisközség
GYŐR-MOSON-SOPRON,Csér,23,22,9,5,39.13,22.73,-16.4,-4,-41.91,-44.44,-4.35,Kisközség
TOLNA,Murga,39,36,25,21,64.1,58.33,-5.77,-4,-9,-16,-7.69,Kisközség
BARANYA,Somogyviszló,90,120,68,65,75.56,54.17,-21.39,-3,-28.31,-4.41,33.33,Kisközség
ZALA,Lendvadedes,20,26,15,12,75,46.15,-28.85,-3,-38.47,-20,30,Kisközség
ZALA,Zalasárszeg,66,85,43,40,65.15,47.06,-18.09,-3,-27.77,-6.98,28.79,Kisközség
BARANYA,Dinnyeberki,31,39,23,20,74.19,51.28,-22.91,-3,-30.88,-13.04,25.81,Kisközség
VESZPRÉM,Hetyefő,42,50,23,20,54.76,40,-14.76,-3,-26.95,-13.04,19.05,Kisközség
ZALA,Lasztonya,29,34,15,12,51.72,35.29,-16.43,-3,-31.77,-20,17.24,Kisközség
SOMOGY,Kaszó,51,59,27,24,52.94,40.68,-12.26,-3,-23.16,-11.11,15.69,Kisközség
SOMOGY,Tikos,56,64,45,42,80.36,65.62,-14.74,-3,-18.34,-6.67,14.29,Kisközség
VAS,Pusztacsó,97,110,75,72,77.32,65.45,-11.87,-3,-15.35,-4,13.4,Kisközség
TOLNA,Kisdorog,358,404,223,220,62.29,54.46,-7.83,-3,-12.57,-1.35,12.85,Kisközség
ZALA,Lispeszentadorján,132,148,74,71,56.06,47.97,-8.09,-3,-14.43,-4.05,12.12,Kisközség
BARANYA,Bánfa,79,87,52,49,65.82,56.32,-9.5,-3,-14.43,-5.77,10.13,Kisközség
ZALA,Zajk,109,120,66,63,60.55,52.5,-8.05,-3,-13.29,-4.55,10.09,Kisközség
SZABOLCS-SZATMÁR-BEREG,Uszka,221,243,187,184,84.62,75.72,-8.9,-3,-10.52,-1.6,9.95,Kisközség
ZALA,Csertalakos,14,15,10,7,71.43,46.67,-24.76,-3,-34.66,-30,7.14,Kisközség
SOMOGY,Kaposgyarmat,58,62,25,22,43.1,35.48,-7.62,-3,-17.68,-12,6.9,Kisközség
BORSOD-ABAÚJ-ZEMPLÉN,Vágáshuta,52,55,32,29,61.54,52.73,-8.81,-3,-14.32,-9.38,5.77,Kisközség
BORSOD-ABAÚJ-ZEMPLÉN,Gömörszőlős,50,52,30,27,60,51.92,-8.08,-3,-13.47,-10,4,Kisközség
SZABOLCS-SZATMÁR-BEREG,Garbolc,89,91,83,80,93.26,87.91,-5.35,-3,-5.74,-3.61,2.25,Kisközség
BARANYA,Almáskeresztúr,45,44,24,21,53.33,47.73,-5.6,-3,-10.5,-12.5,-2.22,Kisközség
VESZPRÉM,Óbudavár,41,36,14,11,34.15,30.56,-3.59,-3,-10.51,-21.43,-12.2,Kisközség
BORSOD-ABAÚJ-ZEMPLÉN,Perecse,13,10,10,7,76.92,70,-6.92,-3,-9,-30,-23.08,Kisközség
JÁSZ-NAGYKUN-SZOLNOK,Tiszainoka,177,236,137,135,77.4,57.2,-20.2,-2,-26.1,-1.46,33.33,Kisközség
SOMOGY,Simonfa,192,255,89,87,46.35,34.12,-12.23,-2,-26.39,-2.25,32.81,Kisközség
BORSOD-ABAÚJ-ZEMPLÉN,Pamlény,25,32,17,15,68,46.88,-21.12,-2,-31.06,-11.76,28,Kisközség
GYŐR-MOSON-SOPRON,Fenyőfő,44,56,26,24,59.09,42.86,-16.23,-2,-27.47,-7.69,27.27,Kisközség
ZALA,Keménfa,42,53,29,27,69.05,50.94,-18.11,-2,-26.23,-6.9,26.19,Kisközség
BARANYA,Bakóca,107,134,91,89,85.05,66.42,-18.63,-2,-21.9,-2.2,25.23,Kisközség
BARANYA,Mecsekpölöske,209,256,117,115,55.98,44.92,-11.06,-2,-19.76,-1.71,22.49,Kisközség
VESZPRÉM,Hosztót,36,44,31,29,86.11,65.91,-20.2,-2,-23.46,-6.45,22.22,Kisközség
KOMÁROM-ESZTERGOM,Bakonybánk,201,242,112,110,55.72,45.45,-10.27,-2,-18.43,-1.79,20.4,Kisközség
SOMOGY,Nemeskisfalud,35,42,29,27,82.86,64.29,-18.57,-2,-22.41,-6.9,20,Kisközség
ZALA,Kerkakutas,67,80,50,48,74.63,60,-14.63,-2,-19.6,-4,19.4,Kisközség
ZALA,Külsősárd,41,48,29,27,70.73,56.25,-14.48,-2,-20.47,-6.9,17.07,Kisközség
GYŐR-MOSON-SOPRON,Zsebeháza,91,105,54,52,59.34,49.52,-9.82,-2,-16.55,-3.7,15.38,Kisközség
ZALA,Gétye,46,53,31,29,67.39,54.72,-12.67,-2,-18.8,-6.45,15.22,Kisközség
VAS,Döbörhegy,86,98,64,62,74.42,63.27,-11.15,-2,-14.98,-3.12,13.95,Kisközség
SZABOLCS-SZATMÁR-BEREG,Szamostatárfalva,161,183,131,129,81.37,70.49,-10.88,-2,-13.37,-1.53,13.66,Kisközség
SOMOGY,Csömend,150,169,103,101,68.67,59.76,-8.91,-2,-12.98,-1.94,12.67,Kisközség
ZALA,Zalaköveskút,24,27,17,15,70.83,55.56,-15.27,-2,-21.56,-11.76,12.5,Kisközség
ZALA,Vindornyafok,67,75,48,46,71.64,61.33,-10.31,-2,-14.39,-4.17,11.94,Kisközség
SOMOGY,Rinyaújnép,20,22,18,16,90,72.73,-17.27,-2,-19.19,-11.11,10,Kisközség
VAS,Hegyhátszentmárton,47,51,34,32,72.34,62.75,-9.59,-2,-13.26,-5.88,8.51,Kisközség
ZALA,Valkonya,36,39,16,14,44.44,35.9,-8.54,-2,-19.22,-12.5,8.33,Kisközség
BORSOD-ABAÚJ-ZEMPLÉN,Bükkmogyorósd,73,79,35,33,47.95,41.77,-6.18,-2,-12.89,-5.71,8.22,Kisközség
ZALA,Felsőszenterzsébet,13,14,5,3,38.46,21.43,-17.03,-2,-44.28,-40,7.69,Kisközség
SOMOGY,Sérsekszőlős,82,85,47,45,57.32,52.94,-4.38,-2,-7.64,-4.26,3.66,Kisközség
BORSOD-ABAÚJ-ZEMPLÉN,Filkeháza,53,50,36,34,67.92,68,0.08,-2,0.12,-5.56,-5.66,Kisközség
ZALA,Gombosszeg,24,35,11,10,45.83,28.57,-17.26,-1,-37.66,-9.09,45.83,Kisközség
JÁSZ-NAGYKUN-SZOLNOK,Hunyadfalva,67,85,51,50,76.12,58.82,-17.3,-1,-22.73,-1.96,26.87,Kisközség
BARANYA,Apátvarasd,66,77,42,41,63.64,53.25,-10.39,-1,-16.33,-2.38,16.67,Kisközség
VESZPRÉM,Tagyon,62,72,32,31,51.61,43.06,-8.55,-1,-16.57,-3.12,16.13,Kisközség
VESZPRÉM,Megyer,16,18,13,12,81.25,66.67,-14.58,-1,-17.94,-7.69,12.5,Kisközség
SZABOLCS-SZATMÁR-BEREG,Rápolt,62,69,43,42,69.35,60.87,-8.48,-1,-12.23,-2.33,11.29,Kisközség
TOLNA,Lápafő,64,71,44,43,68.75,60.56,-8.19,-1,-11.91,-2.27,10.94,Kisközség
PEST,Ipolytölgyes,138,151,78,77,56.52,50.99,-5.53,-1,-9.78,-1.28,9.42,Kisközség
ZALA,Iborfia,11,12,9,8,81.82,66.67,-15.15,-1,-18.52,-11.11,9.09,Kisközség
BARANYA,Feked,123,132,40,39,32.52,29.55,-2.97,-1,-9.13,-2.5,7.32,Kisközség
BARANYA,Horváthertelend,28,30,23,22,82.14,73.33,-8.81,-1,-10.73,-4.35,7.14,Kisközség
BARANYA,Udvar,76,81,44,43,57.89,53.09,-4.8,-1,-8.29,-2.27,6.58,Kisközség
VESZPRÉM,Zalameggyes,32,33,20,19,62.5,57.58,-4.92,-1,-7.87,-5,3.12,Kisközség
BARANYA,Óbánya,73,71,24,23,32.88,32.39,-0.49,-1,-1.49,-4.17,-2.74,Kisközség
BORSOD-ABAÚJ-ZEMPLÉN,Tornabarakony,14,12,6,5,42.86,41.67,-1.19,-1,-2.78,-16.67,-14.29,Kisközség
BORSOD-ABAÚJ-ZEMPLÉN,Teresztenye,15,25,8,8,53.33,32,-21.33,0,-40,0,66.67,Kisközség
SZABOLCS-SZATMÁR-BEREG,Komlódtótfalu,64,84,56,56,87.5,66.67,-20.83,0,-23.81,0,31.25,Kisközség
ZALA,Szentkozmadombja,40,51,20,20,50,39.22,-10.78,0,-21.56,0,27.5,Kisközség
SOMOGY,Szentborbás,42,52,23,23,54.76,44.23,-10.53,0,-19.23,0,23.81,Kisközség
VESZPRÉM,Apácatorna,87,102,63,63,72.41,61.76,-10.65,0,-14.71,0,17.24,Kisközség
PEST,Nagybörzsöny,296,345,162,162,54.73,46.96,-7.77,0,-14.2,0,16.55,Kisközség
SOMOGY,Tótújfalu,107,122,67,67,62.62,54.92,-7.7,0,-12.3,0,14.02,Kisközség
ZALA,Nagygörbő,93,105,60,60,64.52,57.14,-7.38,0,-11.44,0,12.9,Kisközség
BARANYA,Pócsa,87,97,22,22,25.29,22.68,-2.61,0,-10.32,0,11.49,Kisközség
VESZPRÉM,Szentjakabfa,66,73,35,35,53.03,47.95,-5.08,0,-9.58,0,10.61,Kisközség
SZABOLCS-SZATMÁR-BEREG,Győröcske,64,70,35,35,54.69,50,-4.69,0,-8.58,0,9.38,Kisközség
SOMOGY,Lakócsa,211,227,129,129,61.14,56.83,-4.31,0,-7.05,0,7.58,Kisközség
ZALA,Szalapa,111,117,81,81,72.97,69.23,-3.74,0,-5.13,0,5.41,Kisközség
BORSOD-ABAÚJ-ZEMPLÉN,Debréte,8,8,6,6,75,75,0,0,0,0,0,Kisközség
BORSOD-ABAÚJ-ZEMPLÉN,Égerszög,40,39,23,23,57.5,58.97,1.47,0,2.56,0,-2.5,Kisközség
BARANYA,Drávapiski,34,53,29,30,85.29,56.6,-28.69,1,-33.64,3.45,55.88,Kisközség
ZALA,Hernyék,40,55,16,17,40,30.91,-9.09,1,-22.73,6.25,37.5,Kisközség
BARANYA,Tarrós,44,56,31,32,70.45,57.14,-13.31,1,-18.89,3.23,27.27,Kisközség
VESZPRÉM,Németbánya,64,81,32,33,50,40.74,-9.26,1,-18.52,3.12,26.56,Kisközség
VAS,Nemeskolta,192,237,105,106,54.69,44.73,-9.96,1,-18.21,0.95,23.44,Kisközség
SOMOGY,Kőkút,173,210,145,146,83.82,69.52,-14.3,1,-17.06,0.69,21.39,Kisközség
VESZPRÉM,Balatonszepezd,258,310,141,142,54.65,45.81,-8.84,1,-16.18,0.71,20.16,Kisközség
BARANYA,Pereked,98,115,46,47,46.94,40.87,-6.07,1,-12.93,2.17,17.35,Kisközség
BARANYA,Tormás,117,137,77,78,65.81,56.93,-8.88,1,-13.49,1.3,17.09,Kisközség
JÁSZ-NAGYKUN-SZOLNOK,Mezőhék,159,184,102,103,64.15,55.98,-8.17,1,-12.74,0.98,15.72,Kisközség
VAS,Kerkáskápolna,40,45,31,32,77.5,71.11,-6.39,1,-8.25,3.23,12.5,Kisközség
BORSOD-ABAÚJ-ZEMPLÉN,Gagyapáti,19,21,9,10,47.37,47.62,0.25,1,0.53,11.11,10.53,Kisközség
BARANYA,Pécsdevecser,48,49,9,10,18.75,20.41,1.66,1,8.85,11.11,2.08,Kisközség
TOLNA,Keszőhidegkút,116,106,49,50,42.24,47.17,4.93,1,11.67,2.04,-8.62,Kisközség
ZALA,Pördefölde,30,40,23,25,76.67,62.5,-14.17,2,-18.48,8.7,33.33,Kisközség
ZALA,Padár,56,67,40,42,71.43,62.69,-8.74,2,-12.24,5,19.64,Kisközség
HEVES,Szúcs,159,186,111,113,69.81,60.75,-9.06,2,-12.98,1.8,16.98,Kisközség
SZABOLCS-SZATMÁR-BEREG,Nemesborzova,54,62,30,32,55.56,51.61,-3.95,2,-7.11,6.67,14.81,Kisközség
VESZPRÉM,Ganna,159,177,76,78,47.8,44.07,-3.73,2,-7.8,2.63,11.32,Kisközség
BARANYA,Maráza,84,85,34,36,40.48,42.35,1.87,2,4.62,5.88,1.19,Kisközség
BARANYA,Szárász,24,20,6,8,25,40,15,2,60,33.33,-16.67,Kisközség
ZALA,Szijártóháza,9,18,7,10,77.78,55.56,-22.22,3,-28.57,42.86,100,Kisközség
BARANYA,Garé,154,196,83,86,53.9,43.88,-10.02,3,-18.59,3.61,27.27,Kisközség
BORSOD-ABAÚJ-ZEMPLÉN,Fulókércs,135,162,109,112,80.74,69.14,-11.6,3,-14.37,2.75,20,Kisközség
GYŐR-MOSON-SOPRON,Károlyháza,282,334,190,193,67.38,57.78,-9.6,3,-14.25,1.58,18.44,Kisközség
BARANYA,Magyarszék,561,658,282,285,50.27,43.31,-6.96,3,-13.85,1.06,17.29,Kisközség
ZALA,Zalaszentmárton,45,52,26,29,57.78,55.77,-2.01,3,-3.48,11.54,15.56,Kisközség
PEST,Lórév,163,185,75,78,46.01,42.16,-3.85,3,-8.37,4,13.5,Kisközség
BARANYA,Lothárd,131,165,63,67,48.09,40.61,-7.48,4,-15.55,6.35,25.95,Kisközség
VESZPRÉM,Balatonrendes,98,120,48,52,48.98,43.33,-5.65,4,-11.54,8.33,22.45,Kisközség
VESZPRÉM,Kisszőlős,50,59,42,46,84,77.97,-6.03,4,-7.18,9.52,18,Kisközség
BORSOD-ABAÚJ-ZEMPLÉN,Hernádszentandrás,176,197,117,121,66.48,61.42,-5.06,4,-7.61,3.42,11.93,Kisközség
VAS,Kiszsidány,62,67,18,22,29.03,32.84,3.81,4,13.12,22.22,8.06,Kisközség
TOLNA,Pári,235,322,164,169,69.79,52.48,-17.31,5,-24.8,3.05,37.02,Kisközség
SZABOLCS-SZATMÁR-BEREG,Szamosbecs,201,238,170,175,84.58,73.53,-11.05,5,-13.06,2.94,18.41,Kisközség
HAJDÚ-BIHAR,Mezőpeterd,300,353,210,215,70,60.91,-9.09,5,-12.99,2.38,17.67,Kisközség
ZALA,Gáborjánháza,35,44,27,33,77.14,75,-2.14,6,-2.77,22.22,25.71,Kisközség
VESZPRÉM,Béb,142,177,88,94,61.97,53.11,-8.86,6,-14.3,6.82,24.65,Kisközség
CSONGRÁD-CSANÁD,Ambrózfalva,224,273,110,116,49.11,42.49,-6.62,6,-13.48,5.45,21.88,Kisközség
VAS,Kőszegpaty,108,128,76,82,70.37,64.06,-6.31,6,-8.97,7.89,18.52,Kisközség
TOLNA,Értény,308,328,265,271,86.04,82.62,-3.42,6,-3.97,2.26,6.49,Kisközség
BARANYA,Görcsönydoboka,169,204,62,69,36.69,33.82,-2.87,7,-7.82,11.29,20.71,Kisközség
SOMOGY,Somogyzsitfa,237,274,142,150,59.92,54.74,-5.18,8,-8.64,5.63,15.61,Kisközség
VESZPRÉM,Salföld,44,60,20,29,45.45,48.33,2.88,9,6.34,45,36.36,Kisközség
BARANYA,Drávakeresztúr,44,59,19,29,43.18,49.15,5.97,10,13.83,52.63,34.09,Kisközség
SOMOGY,Rinyakovácsi,81,93,66,76,81.48,81.72,0.24,10,0.29,15.15,14.81,Kisközség
BARANYA,Felsőszentmárton,419,459,208,218,49.64,47.49,-2.15,10,-4.33,4.81,9.55,Kisközség
HEVES,Tarnabod,174,223,136,148,78.16,66.37,-11.79,12,-15.08,8.82,28.16,Kisközség
HAJDÚ-BIHAR,Kismarja,528,622,426,440,80.68,70.74,-9.94,14,-12.32,3.29,17.8,Nagyközség
BORSOD-ABAÚJ-ZEMPLÉN,Rakaca,281,328,260,274,92.53,83.54,-8.99,14,-9.72,5.38,16.73,Kisközség
VESZPRÉM,Szőc,183,251,136,152,74.32,60.56,-13.76,16,-18.51,11.76,37.16,Kisközség
BORSOD-ABAÚJ-ZEMPLÉN,Csenyéte,137,160,136,152,99.27,95,-4.27,16,-4.3,11.76,16.79,Kisközség
BORSOD-ABAÚJ-ZEMPLÉN,Pusztaradvány,89,142,80,98,89.89,69.01,-20.88,18,-23.23,22.5,59.55,Kisközség
HAJDÚ-BIHAR,Ártánd,304,353,212,230,69.74,65.16,-4.58,18,-6.57,8.49,16.12,Kisközség
BÁCS-KISKUN,Dunatetétlen,287,336,153,174,53.31,51.79,-1.52,21,-2.85,13.73,17.07,Kisközség
GYŐR-MOSON-SOPRON,Mezőörs,519,783,366,389,70.52,49.68,-20.84,23,-29.55,6.28,50.87,Kisközség
BORSOD-ABAÚJ-ZEMPLÉN,Zsujta,100,155,77,111,77,71.61,-5.39,34,-7,44.16,55,Kisközség
JÁSZ-NAGYKUN-SZOLNOK,Tiszabő,984,1039,972,1020,98.78,98.17,-0.61,48,-0.62,4.94,5.59,Nagyközség
BORSOD-ABAÚJ-ZEMPLÉN,Arló,1077,1328,785,838,72.89,63.1,-9.79,53,-13.43,6.75,23.31,Nagyközség