country,year,value,pop,start_val,end_val,diff_end_start,country_val_str,facet_id,var,start_year
Románia,2004,23.78020418187084,21403163,23.78020418187084,58.019617533942814,34.23941335207198,Románia (+34%),EU8 átlag %-a,% of EU8,2004
Románia,2005,23.993856754872816,21213352,23.78020418187084,58.019617533942814,34.23941335207198,Románia (+34%),EU8 átlag %-a,% of EU8,2004
Románia,2006,26.85902401109665,21035673,23.78020418187084,58.019617533942814,34.23941335207198,Románia (+34%),EU8 átlag %-a,% of EU8,2004
Románia,2007,29.48464501382077,20870655,23.78020418187084,58.019617533942814,34.23941335207198,Románia (+34%),EU8 átlag %-a,% of EU8,2004
Románia,2008,33.45453340730374,20718693,23.78020418187084,58.019617533942814,34.23941335207198,Románia (+34%),EU8 átlag %-a,% of EU8,2004
Románia,2009,34.74521021940275,20576869,23.78020418187084,58.019617533942814,34.23941335207198,Románia (+34%),EU8 átlag %-a,% of EU8,2004
Románia,2010,35.9209112870299,20432524,23.78020418187084,58.019617533942814,34.23941335207198,Románia (+34%),EU8 átlag %-a,% of EU8,2004
Románia,2011,37.97273837298117,20281955,23.78020418187084,58.019617533942814,34.23941335207198,Románia (+34%),EU8 átlag %-a,% of EU8,2004
Románia,2012,40.122834945216304,20158399,23.78020418187084,58.019617533942814,34.23941335207198,Románia (+34%),EU8 átlag %-a,% of EU8,2004
Románia,2013,38.3298558940786,20062861,23.78020418187084,58.019617533942814,34.23941335207198,Románia (+34%),EU8 átlag %-a,% of EU8,2004
Románia,2014,39.205210836830375,19968125,23.78020418187084,58.019617533942814,34.23941335207198,Románia (+34%),EU8 átlag %-a,% of EU8,2004
Románia,2015,42.19108060176909,19870968,23.78020418187084,58.019617533942814,34.23941335207198,Románia (+34%),EU8 átlag %-a,% of EU8,2004
Románia,2016,43.254436750172665,19777001,23.78020418187084,58.019617533942814,34.23941335207198,Románia (+34%),EU8 átlag %-a,% of EU8,2004
Románia,2017,45.79684382146472,19689357,23.78020418187084,58.019617533942814,34.23941335207198,Románia (+34%),EU8 átlag %-a,% of EU8,2004
Románia,2018,47.19413232503666,19597823,23.78020418187084,58.019617533942814,34.23941335207198,Románia (+34%),EU8 átlag %-a,% of EU8,2004
Románia,2019,49.17432563362563,19501499,23.78020418187084,58.019617533942814,34.23941335207198,Románia (+34%),EU8 átlag %-a,% of EU8,2004
Románia,2020,48.84246386482879,19392420,23.78020418187084,58.019617533942814,34.23941335207198,Románia (+34%),EU8 átlag %-a,% of EU8,2004
Románia,2021,53.85525591323614,19248115,23.78020418187084,58.019617533942814,34.23941335207198,Románia (+34%),EU8 átlag %-a,% of EU8,2004
Románia,2022,56.2421887728419,19166726,23.78020418187084,58.019617533942814,34.23941335207198,Románia (+34%),EU8 átlag %-a,% of EU8,2004
Románia,2023,58.019617533942814,19118433,23.78020418187084,58.019617533942814,34.23941335207198,Románia (+34%),EU8 átlag %-a,% of EU8,2004
Lettország,2004,34.005112924649865,2264130,34.005112924649865,54.21873606605138,20.213623141401513,Lettország (+20%),EU8 átlag %-a,% of EU8,2004
Lettország,2005,34.09702919111239,2239738,34.005112924649865,54.21873606605138,20.213623141401513,Lettország (+20%),EU8 átlag %-a,% of EU8,2004
Lettország,2006,34.68072715969745,2218989,34.005112924649865,54.21873606605138,20.213623141401513,Lettország (+20%),EU8 átlag %-a,% of EU8,2004
Lettország,2007,35.5761231831391,2200711,34.005112924649865,54.21873606605138,20.213623141401513,Lettország (+20%),EU8 átlag %-a,% of EU8,2004
Lettország,2008,37.12143490921509,2177658,34.005112924649865,54.21873606605138,20.213623141401513,Lettország (+20%),EU8 átlag %-a,% of EU8,2004
Lettország,2009,40.80869036423536,2141988,34.005112924649865,54.21873606605138,20.213623141401513,Lettország (+20%),EU8 átlag %-a,% of EU8,2004
Lettország,2010,43.68089598433788,2097787,34.005112924649865,54.21873606605138,20.213623141401513,Lettország (+20%),EU8 átlag %-a,% of EU8,2004
Lettország,2011,43.962916792138536,2059892,34.005112924649865,54.21873606605138,20.213623141401513,Lettország (+20%),EU8 átlag %-a,% of EU8,2004
Lettország,2012,46.13947100768399,2034577,34.005112924649865,54.21873606605138,20.213623141401513,Lettország (+20%),EU8 átlag %-a,% of EU8,2004
Lettország,2013,44.5823064554103,2012960,34.005112924649865,54.21873606605138,20.213623141401513,Lettország (+20%),EU8 átlag %-a,% of EU8,2004
Lettország,2014,46.330077586541535,1994096,34.005112924649865,54.21873606605138,20.213623141401513,Lettország (+20%),EU8 átlag %-a,% of EU8,2004
Lettország,2015,48.49421885916848,1977815,34.005112924649865,54.21873606605138,20.213623141401513,Lettország (+20%),EU8 átlag %-a,% of EU8,2004
Lettország,2016,49.12925321850255,1959817,34.005112924649865,54.21873606605138,20.213623141401513,Lettország (+20%),EU8 átlag %-a,% of EU8,2004
Lettország,2017,50.84192659697251,1942550,34.005112924649865,54.21873606605138,20.213623141401513,Lettország (+20%),EU8 átlag %-a,% of EU8,2004
Lettország,2018,50.57667366773091,1927526,34.005112924649865,54.21873606605138,20.213623141401513,Lettország (+20%),EU8 átlag %-a,% of EU8,2004
Lettország,2019,49.77380603784249,1914220,34.005112924649865,54.21873606605138,20.213623141401513,Lettország (+20%),EU8 átlag %-a,% of EU8,2004
Lettország,2020,51.039233218622044,1901069,34.005112924649865,54.21873606605138,20.213623141401513,Lettország (+20%),EU8 átlag %-a,% of EU8,2004
Lettország,2021,53.07313762660761,1885546,34.005112924649865,54.21873606605138,20.213623141401513,Lettország (+20%),EU8 átlag %-a,% of EU8,2004
Lettország,2022,52.847616692436986,1881016,34.005112924649865,54.21873606605138,20.213623141401513,Lettország (+20%),EU8 átlag %-a,% of EU8,2004
Lettország,2023,54.21873606605138,1882336,34.005112924649865,54.21873606605138,20.213623141401513,Lettország (+20%),EU8 átlag %-a,% of EU8,2004
Litvánia,2004,38.99427870961109,3376654,38.99427870961109,59.15617681280113,20.16189810319004,Litvánia (+20%),EU8 átlag %-a,% of EU8,2004
Litvánia,2005,39.63609122944309,3322225,38.99427870961109,59.15617681280113,20.16189810319004,Litvánia (+20%),EU8 átlag %-a,% of EU8,2004
Litvánia,2006,41.81828715736038,3269761,38.99427870961109,59.15617681280113,20.16189810319004,Litvánia (+20%),EU8 átlag %-a,% of EU8,2004
Litvánia,2007,42.28995503536391,3231322,38.99427870961109,59.15617681280113,20.16189810319004,Litvánia (+20%),EU8 átlag %-a,% of EU8,2004
Litvánia,2008,43.27707442917209,3198432,38.99427870961109,59.15617681280113,20.16189810319004,Litvánia (+20%),EU8 átlag %-a,% of EU8,2004
Litvánia,2009,43.764091150393746,3163204,38.99427870961109,59.15617681280113,20.16189810319004,Litvánia (+20%),EU8 átlag %-a,% of EU8,2004
Litvánia,2010,46.383211652299195,3097660,38.99427870961109,59.15617681280113,20.16189810319004,Litvánia (+20%),EU8 átlag %-a,% of EU8,2004
Litvánia,2011,51.4134928453675,3028588,38.99427870961109,59.15617681280113,20.16189810319004,Litvánia (+20%),EU8 átlag %-a,% of EU8,2004
Litvánia,2012,53.4631869535585,2988281,38.99427870961109,59.15617681280113,20.16189810319004,Litvánia (+20%),EU8 átlag %-a,% of EU8,2004
Litvánia,2013,52.7173570409788,2958306,38.99427870961109,59.15617681280113,20.16189810319004,Litvánia (+20%),EU8 átlag %-a,% of EU8,2004
Litvánia,2014,53.299237518779435,2933118,38.99427870961109,59.15617681280113,20.16189810319004,Litvánia (+20%),EU8 átlag %-a,% of EU8,2004
Litvánia,2015,52.32090168956575,2905726,38.99427870961109,59.15617681280113,20.16189810319004,Litvánia (+20%),EU8 átlag %-a,% of EU8,2004
Litvánia,2016,50.91292850911232,2869051,38.99427870961109,59.15617681280113,20.16189810319004,Litvánia (+20%),EU8 átlag %-a,% of EU8,2004
Litvánia,2017,53.485383435543135,2829273,38.99427870961109,59.15617681280113,20.16189810319004,Litvánia (+20%),EU8 átlag %-a,% of EU8,2004
Litvánia,2018,54.6098209782789,2802430,38.99427870961109,59.15617681280113,20.16189810319004,Litvánia (+20%),EU8 átlag %-a,% of EU8,2004
Litvánia,2019,56.06811976865298,2795011,38.99427870961109,59.15617681280113,20.16189810319004,Litvánia (+20%),EU8 átlag %-a,% of EU8,2004
Litvánia,2020,57.28271087539236,2795711,38.99427870961109,59.15617681280113,20.16189810319004,Litvánia (+20%),EU8 átlag %-a,% of EU8,2004
Litvánia,2021,61.7511471349054,2794443,38.99427870961109,59.15617681280113,20.16189810319004,Litvánia (+20%),EU8 átlag %-a,% of EU8,2004
Litvánia,2022,59.839949487664505,2816872,38.99427870961109,59.15617681280113,20.16189810319004,Litvánia (+20%),EU8 átlag %-a,% of EU8,2004
Litvánia,2023,59.15617681280113,2854061,38.99427870961109,59.15617681280113,20.16189810319004,Litvánia (+20%),EU8 átlag %-a,% of EU8,2004
Észtország,2004,37.1003095782686,1362623,37.1003095782686,56.88135504419918,19.781045465930582,Észtország (+20%),EU8 átlag %-a,% of EU8,2004
Észtország,2005,39.25917275347472,1354799,37.1003095782686,56.88135504419918,19.781045465930582,Észtország (+20%),EU8 átlag %-a,% of EU8,2004
Észtország,2006,39.78953946252655,1346833,37.1003095782686,56.88135504419918,19.781045465930582,Észtország (+20%),EU8 átlag %-a,% of EU8,2004
Észtország,2007,42.921172334020845,1340672,37.1003095782686,56.88135504419918,19.781045465930582,Észtország (+20%),EU8 átlag %-a,% of EU8,2004
Észtország,2008,43.527955317759506,1337032,37.1003095782686,56.88135504419918,19.781045465930582,Észtország (+20%),EU8 átlag %-a,% of EU8,2004
Észtország,2009,47.383281591688856,1334487,37.1003095782686,56.88135504419918,19.781045465930582,Észtország (+20%),EU8 átlag %-a,% of EU8,2004
Észtország,2010,49.509778972265345,1331406,37.1003095782686,56.88135504419918,19.781045465930582,Észtország (+20%),EU8 átlag %-a,% of EU8,2004
Észtország,2011,50.87765616843835,1327315,37.1003095782686,56.88135504419918,19.781045465930582,Észtország (+20%),EU8 átlag %-a,% of EU8,2004
Észtország,2012,53.937521187500565,1322570,37.1003095782686,56.88135504419918,19.781045465930582,Észtország (+20%),EU8 átlag %-a,% of EU8,2004
Észtország,2013,53.89316902682207,1317872,37.1003095782686,56.88135504419918,19.781045465930582,Észtország (+20%),EU8 átlag %-a,% of EU8,2004
Észtország,2014,54.550334620320655,1314402,37.1003095782686,56.88135504419918,19.781045465930582,Észtország (+20%),EU8 átlag %-a,% of EU8,2004
Észtország,2015,52.23452629739824,1314538,37.1003095782686,56.88135504419918,19.781045465930582,Észtország (+20%),EU8 átlag %-a,% of EU8,2004
Észtország,2016,53.22195685916178,1315802,37.1003095782686,56.88135504419918,19.781045465930582,Észtország (+20%),EU8 átlag %-a,% of EU8,2004
Észtország,2017,53.7415583133519,1317381,37.1003095782686,56.88135504419918,19.781045465930582,Észtország (+20%),EU8 átlag %-a,% of EU8,2004
Észtország,2018,58.01608801478421,1321918,37.1003095782686,56.88135504419918,19.781045465930582,Észtország (+20%),EU8 átlag %-a,% of EU8,2004
Észtország,2019,59.10005780193003,1326772,37.1003095782686,56.88135504419918,19.781045465930582,Észtország (+20%),EU8 átlag %-a,% of EU8,2004
Észtország,2020,61.32186986689266,1329618,37.1003095782686,56.88135504419918,19.781045465930582,Észtország (+20%),EU8 átlag %-a,% of EU8,2004
Észtország,2021,64.71908391483954,1331699,37.1003095782686,56.88135504419918,19.781045465930582,Észtország (+20%),EU8 átlag %-a,% of EU8,2004
Észtország,2022,61.909567670393756,1350038,37.1003095782686,56.88135504419918,19.781045465930582,Észtország (+20%),EU8 átlag %-a,% of EU8,2004
Észtország,2023,56.88135504419918,1367143,37.1003095782686,56.88135504419918,19.781045465930582,Észtország (+20%),EU8 átlag %-a,% of EU8,2004
Bulgária,2004,31.581805998978563,7749383,31.581805998978563,45.91150983666769,14.329703837689127,Bulgária (+14%),EU8 átlag %-a,% of EU8,2004
Bulgária,2005,31.562466551586294,7695001,31.581805998978563,45.91150983666769,14.329703837689127,Bulgária (+14%),EU8 átlag %-a,% of EU8,2004
Bulgária,2006,32.561076492372926,7640243,31.581805998978563,45.91150983666769,14.329703837689127,Bulgária (+14%),EU8 átlag %-a,% of EU8,2004
Bulgária,2007,33.07628117645394,7586847,31.581805998978563,45.91150983666769,14.329703837689127,Bulgária (+14%),EU8 átlag %-a,% of EU8,2004
Bulgária,2008,33.09685679834221,7535541,31.581805998978563,45.91150983666769,14.329703837689127,Bulgária (+14%),EU8 átlag %-a,% of EU8,2004
Bulgária,2009,35.629540276662524,7487966,31.581805998978563,45.91150983666769,14.329703837689127,Bulgária (+14%),EU8 átlag %-a,% of EU8,2004
Bulgária,2010,37.25231276164722,7437542,31.581805998978563,45.91150983666769,14.329703837689127,Bulgária (+14%),EU8 átlag %-a,% of EU8,2004
Bulgária,2011,36.421501934646386,7379973,31.581805998978563,45.91150983666769,14.329703837689127,Bulgária (+14%),EU8 átlag %-a,% of EU8,2004
Bulgária,2012,37.58615299013815,7316974,31.581805998978563,45.91150983666769,14.329703837689127,Bulgária (+14%),EU8 átlag %-a,% of EU8,2004
Bulgária,2013,35.24643554435637,7264556,31.581805998978563,45.91150983666769,14.329703837689127,Bulgária (+14%),EU8 átlag %-a,% of EU8,2004
Bulgária,2014,35.60917078766438,7223406,31.581805998978563,45.91150983666769,14.329703837689127,Bulgária (+14%),EU8 átlag %-a,% of EU8,2004
Bulgária,2015,36.510325881833445,7177463,31.581805998978563,45.91150983666769,14.329703837689127,Bulgária (+14%),EU8 átlag %-a,% of EU8,2004
Bulgária,2016,38.157733519880985,7127389,31.581805998978563,45.91150983666769,14.329703837689127,Bulgária (+14%),EU8 átlag %-a,% of EU8,2004
Bulgária,2017,37.10463965620812,7075586,31.581805998978563,45.91150983666769,14.329703837689127,Bulgária (+14%),EU8 átlag %-a,% of EU8,2004
Bulgária,2018,37.91446162108711,7024687,31.581805998978563,45.91150983666769,14.329703837689127,Bulgária (+14%),EU8 átlag %-a,% of EU8,2004
Bulgária,2019,38.064566947134075,6975420,31.581805998978563,45.91150983666769,14.329703837689127,Bulgária (+14%),EU8 átlag %-a,% of EU8,2004
Bulgária,2020,38.08766923967743,6933606,31.581805998978563,45.91150983666769,14.329703837689127,Bulgária (+14%),EU8 átlag %-a,% of EU8,2004
Bulgária,2021,42.295115650940616,6877173,31.581805998978563,45.91150983666769,14.329703837689127,Bulgária (+14%),EU8 átlag %-a,% of EU8,2004
Bulgária,2022,43.356780032562654,6825817,31.581805998978563,45.91150983666769,14.329703837689127,Bulgária (+14%),EU8 átlag %-a,% of EU8,2004
Bulgária,2023,45.91150983666769,6795757,31.581805998978563,45.91150983666769,14.329703837689127,Bulgária (+14%),EU8 átlag %-a,% of EU8,2004
Lengyelország,2004,43.46981166814584,38167521,43.46981166814584,57.540222826112846,14.070411157967008,Lengyelország (+14%),EU8 átlag %-a,% of EU8,2004
Lengyelország,2005,41.979962414132544,38124333,43.46981166814584,57.540222826112846,14.070411157967008,Lengyelország (+14%),EU8 átlag %-a,% of EU8,2004
Lengyelország,2006,41.793872467070976,38071124,43.46981166814584,57.540222826112846,14.070411157967008,Lengyelország (+14%),EU8 átlag %-a,% of EU8,2004
Lengyelország,2007,42.40267816945855,38020368,43.46981166814584,57.540222826112846,14.070411157967008,Lengyelország (+14%),EU8 átlag %-a,% of EU8,2004
Lengyelország,2008,42.2866518450972,37995854,43.46981166814584,57.540222826112846,14.070411157967008,Lengyelország (+14%),EU8 átlag %-a,% of EU8,2004
Lengyelország,2009,46.36483930461409,38002108,43.46981166814584,57.540222826112846,14.070411157967008,Lengyelország (+14%),EU8 átlag %-a,% of EU8,2004
Lengyelország,2010,49.273947778879595,38095304,43.46981166814584,57.540222826112846,14.070411157967008,Lengyelország (+14%),EU8 átlag %-a,% of EU8,2004
Lengyelország,2011,52.03638183799303,38208597,43.46981166814584,57.540222826112846,14.070411157967008,Lengyelország (+14%),EU8 átlag %-a,% of EU8,2004
Lengyelország,2012,52.91164975804371,38247820,43.46981166814584,57.540222826112846,14.070411157967008,Lengyelország (+14%),EU8 átlag %-a,% of EU8,2004
Lengyelország,2013,52.07725881449539,38259214,43.46981166814584,57.540222826112846,14.070411157967008,Lengyelország (+14%),EU8 átlag %-a,% of EU8,2004
Lengyelország,2014,51.35174969450938,38265064,43.46981166814584,57.540222826112846,14.070411157967008,Lengyelország (+14%),EU8 átlag %-a,% of EU8,2004
Lengyelország,2015,53.3082944566998,38266267,43.46981166814584,57.540222826112846,14.070411157967008,Lengyelország (+14%),EU8 átlag %-a,% of EU8,2004
Lengyelország,2016,53.26951223288461,38263203,43.46981166814584,57.540222826112846,14.070411157967008,Lengyelország (+14%),EU8 átlag %-a,% of EU8,2004
Lengyelország,2017,53.97978527302339,38254908,43.46981166814584,57.540222826112846,14.070411157967008,Lengyelország (+14%),EU8 átlag %-a,% of EU8,2004
Lengyelország,2018,56.526005299774496,38241017,43.46981166814584,57.540222826112846,14.070411157967008,Lengyelország (+14%),EU8 átlag %-a,% of EU8,2004
Lengyelország,2019,56.92040572067075,38225836,43.46981166814584,57.540222826112846,14.070411157967008,Lengyelország (+14%),EU8 átlag %-a,% of EU8,2004
Lengyelország,2020,54.14612401350974,38170958,43.46981166814584,57.540222826112846,14.070411157967008,Lengyelország (+14%),EU8 átlag %-a,% of EU8,2004
Lengyelország,2021,54.8033164975327,38040252,43.46981166814584,57.540222826112846,14.070411157967008,Lengyelország (+14%),EU8 átlag %-a,% of EU8,2004
Lengyelország,2022,58.13440258349565,38385689,43.46981166814584,57.540222826112846,14.070411157967008,Lengyelország (+14%),EU8 átlag %-a,% of EU8,2004
Lengyelország,2023,57.540222826112846,38762796,43.46981166814584,57.540222826112846,14.070411157967008,Lengyelország (+14%),EU8 átlag %-a,% of EU8,2004
Csehország,2004,52.995168991073655,10261411,52.995168991073655,62.45663964052364,9.461470649449986,Csehország (+9.5%),EU8 átlag %-a,% of EU8,2004
Csehország,2005,52.66077138640084,10280103,52.995168991073655,62.45663964052364,9.461470649449986,Csehország (+9.5%),EU8 átlag %-a,% of EU8,2004
Csehország,2006,53.19436490756899,10304542,52.995168991073655,62.45663964052364,9.461470649449986,Csehország (+9.5%),EU8 átlag %-a,% of EU8,2004
Csehország,2007,55.55956532393345,10337488,52.995168991073655,62.45663964052364,9.461470649449986,Csehország (+9.5%),EU8 átlag %-a,% of EU8,2004
Csehország,2008,53.4688485723923,10378248,52.995168991073655,62.45663964052364,9.461470649449986,Csehország (+9.5%),EU8 átlag %-a,% of EU8,2004
Csehország,2009,54.63385581731558,10420931,52.995168991073655,62.45663964052364,9.461470649449986,Csehország (+9.5%),EU8 átlag %-a,% of EU8,2004
Csehország,2010,54.34437361808229,10463981,52.995168991073655,62.45663964052364,9.461470649449986,Csehország (+9.5%),EU8 átlag %-a,% of EU8,2004
Csehország,2011,55.66887286185112,10495455,52.995168991073655,62.45663964052364,9.461470649449986,Csehország (+9.5%),EU8 átlag %-a,% of EU8,2004
Csehország,2012,55.85262813874536,10507287,52.995168991073655,62.45663964052364,9.461470649449986,Csehország (+9.5%),EU8 átlag %-a,% of EU8,2004
Csehország,2013,55.01935988870425,10511117,52.995168991073655,62.45663964052364,9.461470649449986,Csehország (+9.5%),EU8 átlag %-a,% of EU8,2004
Csehország,2014,56.549526781263395,10517176,52.995168991073655,62.45663964052364,9.461470649449986,Csehország (+9.5%),EU8 átlag %-a,% of EU8,2004
Csehország,2015,58.193492130136576,10524367,52.995168991073655,62.45663964052364,9.461470649449986,Csehország (+9.5%),EU8 átlag %-a,% of EU8,2004
Csehország,2016,57.94112780612284,10531895,52.995168991073655,62.45663964052364,9.461470649449986,Csehország (+9.5%),EU8 átlag %-a,% of EU8,2004
Csehország,2017,59.236000830982604,10541301,52.995168991073655,62.45663964052364,9.461470649449986,Csehország (+9.5%),EU8 átlag %-a,% of EU8,2004
Csehország,2018,59.95542750633611,10548878,52.995168991073655,62.45663964052364,9.461470649449986,Csehország (+9.5%),EU8 átlag %-a,% of EU8,2004
Csehország,2019,61.87472540931864,10554819,52.995168991073655,62.45663964052364,9.461470649449986,Csehország (+9.5%),EU8 átlag %-a,% of EU8,2004
Csehország,2020,62.4773037880105,10550083,52.995168991073655,62.45663964052364,9.461470649449986,Csehország (+9.5%),EU8 átlag %-a,% of EU8,2004
Csehország,2021,62.77134868481017,10530619,52.995168991073655,62.45663964052364,9.461470649449986,Csehország (+9.5%),EU8 átlag %-a,% of EU8,2004
Csehország,2022,62.803970324998275,10673169,52.995168991073655,62.45663964052364,9.461470649449986,Csehország (+9.5%),EU8 átlag %-a,% of EU8,2004
Csehország,2023,62.45663964052364,10809674,52.995168991073655,62.45663964052364,9.461470649449986,Csehország (+9.5%),EU8 átlag %-a,% of EU8,2004
Horvátország,2004,43.94396531271662,4310013,43.94396531271662,51.221910632436376,7.2779453197197554,Horvátország (+7.3%),EU8 átlag %-a,% of EU8,2004
Horvátország,2005,43.547314564323386,4313901,43.94396531271662,51.221910632436376,7.2779453197197554,Horvátország (+7.3%),EU8 átlag %-a,% of EU8,2004
Horvátország,2006,43.32137937501313,4315751,43.94396531271662,51.221910632436376,7.2779453197197554,Horvátország (+7.3%),EU8 átlag %-a,% of EU8,2004
Horvátország,2007,44.48727360063811,4315907,43.94396531271662,51.221910632436376,7.2779453197197554,Horvátország (+7.3%),EU8 átlag %-a,% of EU8,2004
Horvátország,2008,45.36628244652186,4314591,43.94396531271662,51.221910632436376,7.2779453197197554,Horvátország (+7.3%),EU8 átlag %-a,% of EU8,2004
Horvátország,2009,44.70075775852564,4310491,43.94396531271662,51.221910632436376,7.2779453197197554,Horvátország (+7.3%),EU8 átlag %-a,% of EU8,2004
Horvátország,2010,43.965912207028836,4301108,43.94396531271662,51.221910632436376,7.2779453197197554,Horvátország (+7.3%),EU8 átlag %-a,% of EU8,2004
Horvátország,2011,46.302968093885575,4280782,43.94396531271662,51.221910632436376,7.2779453197197554,Horvátország (+7.3%),EU8 átlag %-a,% of EU8,2004
Horvátország,2012,48.78541406634431,4259181,43.94396531271662,51.221910632436376,7.2779453197197554,Horvátország (+7.3%),EU8 átlag %-a,% of EU8,2004
Horvátország,2013,47.767581621203,4242353,43.94396531271662,51.221910632436376,7.2779453197197554,Horvátország (+7.3%),EU8 átlag %-a,% of EU8,2004
Horvátország,2014,46.37257858090954,4219439,43.94396531271662,51.221910632436376,7.2779453197197554,Horvátország (+7.3%),EU8 átlag %-a,% of EU8,2004
Horvátország,2015,50.36072454541468,4183681,43.94396531271662,51.221910632436376,7.2779453197197554,Horvátország (+7.3%),EU8 átlag %-a,% of EU8,2004
Horvátország,2016,51.4016031861894,4136388,43.94396531271662,51.221910632436376,7.2779453197197554,Horvátország (+7.3%),EU8 átlag %-a,% of EU8,2004
Horvátország,2017,53.69004713564631,4079152,43.94396531271662,51.221910632436376,7.2779453197197554,Horvátország (+7.3%),EU8 átlag %-a,% of EU8,2004
Horvátország,2018,51.248986954739266,4024820,43.94396531271662,51.221910632436376,7.2779453197197554,Horvátország (+7.3%),EU8 átlag %-a,% of EU8,2004
Horvátország,2019,48.21052708351698,3986292,43.94396531271662,51.221910632436376,7.2779453197197554,Horvátország (+7.3%),EU8 átlag %-a,% of EU8,2004
Horvátország,2020,43.402057293275156,3953898,43.94396531271662,51.221910632436376,7.2779453197197554,Horvátország (+7.3%),EU8 átlag %-a,% of EU8,2004
Horvátország,2021,48.25023119868972,3924558,43.94396531271662,51.221910632436376,7.2779453197197554,Horvátország (+7.3%),EU8 átlag %-a,% of EU8,2004
Horvátország,2022,50.44997017103726,3906988,43.94396531271662,51.221910632436376,7.2779453197197554,Horvátország (+7.3%),EU8 átlag %-a,% of EU8,2004
Horvátország,2023,51.221910632436376,3895973,43.94396531271662,51.221910632436376,7.2779453197197554,Horvátország (+7.3%),EU8 átlag %-a,% of EU8,2004
Szlovákia,2004,47.54710992980865,5375995,47.54710992980865,54.21316920384521,6.666059274036563,Szlovákia (+6.7%),EU8 átlag %-a,% of EU8,2004
Szlovákia,2005,49.38813902905739,5376650,47.54710992980865,54.21316920384521,6.666059274036563,Szlovákia (+6.7%),EU8 átlag %-a,% of EU8,2004
Szlovákia,2006,50.71994371869144,5376793,47.54710992980865,54.21316920384521,6.666059274036563,Szlovákia (+6.7%),EU8 átlag %-a,% of EU8,2004
Szlovákia,2007,53.05033848172823,5376949,47.54710992980865,54.21316920384521,6.666059274036563,Szlovákia (+6.7%),EU8 átlag %-a,% of EU8,2004
Szlovákia,2008,55.199817458046475,5379075,47.54710992980865,54.21316920384521,6.666059274036563,Szlovákia (+6.7%),EU8 átlag %-a,% of EU8,2004
Szlovákia,2009,55.852078990947646,5385027,47.54710992980865,54.21316920384521,6.666059274036563,Szlovákia (+6.7%),EU8 átlag %-a,% of EU8,2004
Szlovákia,2010,58.18826105374808,5391807,47.54710992980865,54.21316920384521,6.666059274036563,Szlovákia (+6.7%),EU8 átlag %-a,% of EU8,2004
Szlovákia,2011,57.77311440035677,5398048,47.54710992980865,54.21316920384521,6.666059274036563,Szlovákia (+6.7%),EU8 átlag %-a,% of EU8,2004
Szlovákia,2012,57.682994158605766,5404834,47.54710992980865,54.21316920384521,6.666059274036563,Szlovákia (+6.7%),EU8 átlag %-a,% of EU8,2004
Szlovákia,2013,55.82038116688967,5410370,47.54710992980865,54.21316920384521,6.666059274036563,Szlovákia (+6.7%),EU8 átlag %-a,% of EU8,2004
Szlovákia,2014,57.349856699191015,5415184,47.54710992980865,54.21316920384521,6.666059274036563,Szlovákia (+6.7%),EU8 átlag %-a,% of EU8,2004
Szlovákia,2015,56.823891199540235,5420221,47.54710992980865,54.21316920384521,6.666059274036563,Szlovákia (+6.7%),EU8 átlag %-a,% of EU8,2004
Szlovákia,2016,52.69063511096237,5427217,47.54710992980865,54.21316920384521,6.666059274036563,Szlovákia (+6.7%),EU8 átlag %-a,% of EU8,2004
Szlovákia,2017,50.78098460410023,5435643,47.54710992980865,54.21316920384521,6.666059274036563,Szlovákia (+6.7%),EU8 átlag %-a,% of EU8,2004
Szlovákia,2018,49.04662165122855,5443188,47.54710992980865,54.21316920384521,6.666059274036563,Szlovákia (+6.7%),EU8 átlag %-a,% of EU8,2004
Szlovákia,2019,45.94540110593304,5450575,47.54710992980865,54.21316920384521,6.666059274036563,Szlovákia (+6.7%),EU8 átlag %-a,% of EU8,2004
Szlovákia,2020,54.46866427123427,5454981,47.54710992980865,54.21316920384521,6.666059274036563,Szlovákia (+6.7%),EU8 átlag %-a,% of EU8,2004
Szlovákia,2021,56.204042587129045,5442712,47.54710992980865,54.21316920384521,6.666059274036563,Szlovákia (+6.7%),EU8 átlag %-a,% of EU8,2004
Szlovákia,2022,53.94479896091042,5473145,47.54710992980865,54.21316920384521,6.666059274036563,Szlovákia (+6.7%),EU8 átlag %-a,% of EU8,2004
Szlovákia,2023,54.21316920384521,5518008,47.54710992980865,54.21316920384521,6.666059274036563,Szlovákia (+6.7%),EU8 átlag %-a,% of EU8,2004
Szlovénia,2004,57.3383536567315,1993503,57.3383536567315,63.438385430395286,6.100031773663787,Szlovénia (+6.1%),EU8 átlag %-a,% of EU8,2004
Szlovénia,2005,59.40207227937895,1996858,57.3383536567315,63.438385430395286,6.100031773663787,Szlovénia (+6.1%),EU8 átlag %-a,% of EU8,2004
Szlovénia,2006,58.98403855264065,2003069,57.3383536567315,63.438385430395286,6.100031773663787,Szlovénia (+6.1%),EU8 átlag %-a,% of EU8,2004
Szlovénia,2007,57.979139486100124,2014110,57.3383536567315,63.438385430395286,6.100031773663787,Szlovénia (+6.1%),EU8 átlag %-a,% of EU8,2004
Szlovénia,2008,60.49272563762543,2025041,57.3383536567315,63.438385430395286,6.100031773663787,Szlovénia (+6.1%),EU8 átlag %-a,% of EU8,2004
Szlovénia,2009,58.35297087931793,2035555,57.3383536567315,63.438385430395286,6.100031773663787,Szlovénia (+6.1%),EU8 átlag %-a,% of EU8,2004
Szlovénia,2010,58.601864108705804,2044566,57.3383536567315,63.438385430395286,6.100031773663787,Szlovénia (+6.1%),EU8 átlag %-a,% of EU8,2004
Szlovénia,2011,61.41461559870628,2048754,57.3383536567315,63.438385430395286,6.100031773663787,Szlovénia (+6.1%),EU8 átlag %-a,% of EU8,2004
Szlovénia,2012,61.583312540988054,2053274,57.3383536567315,63.438385430395286,6.100031773663787,Szlovénia (+6.1%),EU8 átlag %-a,% of EU8,2004
Szlovénia,2013,60.15517680285231,2056403,57.3383536567315,63.438385430395286,6.100031773663787,Szlovénia (+6.1%),EU8 átlag %-a,% of EU8,2004
Szlovénia,2014,59.67209088778599,2058351,57.3383536567315,63.438385430395286,6.100031773663787,Szlovénia (+6.1%),EU8 átlag %-a,% of EU8,2004
Szlovénia,2015,58.066260124726746,2059899,57.3383536567315,63.438385430395286,6.100031773663787,Szlovénia (+6.1%),EU8 átlag %-a,% of EU8,2004
Szlovénia,2016,59.12345034039821,2061329,57.3383536567315,63.438385430395286,6.100031773663787,Szlovénia (+6.1%),EU8 átlag %-a,% of EU8,2004
Szlovénia,2017,59.16120696121774,2062366,57.3383536567315,63.438385430395286,6.100031773663787,Szlovénia (+6.1%),EU8 átlag %-a,% of EU8,2004
Szlovénia,2018,61.487087955941156,2069431,57.3383536567315,63.438385430395286,6.100031773663787,Szlovénia (+6.1%),EU8 átlag %-a,% of EU8,2004
Szlovénia,2019,61.58399387230777,2083395,57.3383536567315,63.438385430395286,6.100031773663787,Szlovénia (+6.1%),EU8 átlag %-a,% of EU8,2004
Szlovénia,2020,61.77948514014713,2102370,57.3383536567315,63.438385430395286,6.100031773663787,Szlovénia (+6.1%),EU8 átlag %-a,% of EU8,2004
Szlovénia,2021,62.41400638010512,2113450,57.3383536567315,63.438385430395286,6.100031773663787,Szlovénia (+6.1%),EU8 átlag %-a,% of EU8,2004
Szlovénia,2022,61.64304840686192,2115184,57.3383536567315,63.438385430395286,6.100031773663787,Szlovénia (+6.1%),EU8 átlag %-a,% of EU8,2004
Szlovénia,2023,63.438385430395286,2118353,57.3383536567315,63.438385430395286,6.100031773663787,Szlovénia (+6.1%),EU8 átlag %-a,% of EU8,2004
Magyarország,2004,46.44636034291815,10085736,46.44636034291815,52.17340409408689,5.727043751168743,Magyarország (+5.7%),EU8 átlag %-a,% of EU8,2004
Magyarország,2005,48.18167418375482,10065654,46.44636034291815,52.17340409408689,5.727043751168743,Magyarország (+5.7%),EU8 átlag %-a,% of EU8,2004
Magyarország,2006,47.805143428917326,10049900,46.44636034291815,52.17340409408689,5.727043751168743,Magyarország (+5.7%),EU8 átlag %-a,% of EU8,2004
Magyarország,2007,47.74378848875598,10034027,46.44636034291815,52.17340409408689,5.727043751168743,Magyarország (+5.7%),EU8 átlag %-a,% of EU8,2004
Magyarország,2008,50.96348000187909,10016610,46.44636034291815,52.17340409408689,5.727043751168743,Magyarország (+5.7%),EU8 átlag %-a,% of EU8,2004
Magyarország,2009,52.96568752338212,10001329,46.44636034291815,52.17340409408689,5.727043751168743,Magyarország (+5.7%),EU8 átlag %-a,% of EU8,2004
Magyarország,2010,53.98351125604648,9979076,46.44636034291815,52.17340409408689,5.727043751168743,Magyarország (+5.7%),EU8 átlag %-a,% of EU8,2004
Magyarország,2011,54.047035983568364,9946626,46.44636034291815,52.17340409408689,5.727043751168743,Magyarország (+5.7%),EU8 átlag %-a,% of EU8,2004
Magyarország,2012,53.02398047532535,9916568,46.44636034291815,52.17340409408689,5.727043751168743,Magyarország (+5.7%),EU8 átlag %-a,% of EU8,2004
Magyarország,2013,51.9056775178138,9889294,46.44636034291815,52.17340409408689,5.727043751168743,Magyarország (+5.7%),EU8 átlag %-a,% of EU8,2004
Magyarország,2014,49.84305326358842,9862785,46.44636034291815,52.17340409408689,5.727043751168743,Magyarország (+5.7%),EU8 átlag %-a,% of EU8,2004
Magyarország,2015,49.46038461387781,9839162,46.44636034291815,52.17340409408689,5.727043751168743,Magyarország (+5.7%),EU8 átlag %-a,% of EU8,2004
Magyarország,2016,47.05192459972313,9810479,46.44636034291815,52.17340409408689,5.727043751168743,Magyarország (+5.7%),EU8 átlag %-a,% of EU8,2004
Magyarország,2017,48.00089124372775,9785561,46.44636034291815,52.17340409408689,5.727043751168743,Magyarország (+5.7%),EU8 átlag %-a,% of EU8,2004
Magyarország,2018,49.073236519111255,9774342,46.44636034291815,52.17340409408689,5.727043751168743,Magyarország (+5.7%),EU8 átlag %-a,% of EU8,2004
Magyarország,2019,50.26193166181347,9770300,46.44636034291815,52.17340409408689,5.727043751168743,Magyarország (+5.7%),EU8 átlag %-a,% of EU8,2004
Magyarország,2020,49.06895537366812,9749421,46.44636034291815,52.17340409408689,5.727043751168743,Magyarország (+5.7%),EU8 átlag %-a,% of EU8,2004
Magyarország,2021,50.793481159142644,9707794,46.44636034291815,52.17340409408689,5.727043751168743,Magyarország (+5.7%),EU8 átlag %-a,% of EU8,2004
Magyarország,2022,51.653602186837624,9684259,46.44636034291815,52.17340409408689,5.727043751168743,Magyarország (+5.7%),EU8 átlag %-a,% of EU8,2004
Magyarország,2023,52.17340409408689,9686418,46.44636034291815,52.17340409408689,5.727043751168743,Magyarország (+5.7%),EU8 átlag %-a,% of EU8,2004
Románia,2004,15.029786,21403163,15.029786,47.077618,32.047832,Románia (+$32),"USD (konstans 2021, PPP)",value,2004
Románia,2005,15.999725,21213352,15.029786,47.077618,32.047832,Románia (+$32),"USD (konstans 2021, PPP)",value,2004
Románia,2006,18.029823,21035673,15.029786,47.077618,32.047832,Románia (+$32),"USD (konstans 2021, PPP)",value,2004
Románia,2007,20.477814,20870655,15.029786,47.077618,32.047832,Románia (+$32),"USD (konstans 2021, PPP)",value,2004
Románia,2008,23.610512,20718693,15.029786,47.077618,32.047832,Románia (+$32),"USD (konstans 2021, PPP)",value,2004
Románia,2009,23.8904,20576869,15.029786,47.077618,32.047832,Románia (+$32),"USD (konstans 2021, PPP)",value,2004
Románia,2010,25.387455,20432524,15.029786,47.077618,32.047832,Románia (+$32),"USD (konstans 2021, PPP)",value,2004
Románia,2011,27.768871,20281955,15.029786,47.077618,32.047832,Románia (+$32),"USD (konstans 2021, PPP)",value,2004
Románia,2012,29.488113,20158399,15.029786,47.077618,32.047832,Románia (+$32),"USD (konstans 2021, PPP)",value,2004
Románia,2013,28.198301,20062861,15.029786,47.077618,32.047832,Románia (+$32),"USD (konstans 2021, PPP)",value,2004
Románia,2014,29.116337,19968125,15.029786,47.077618,32.047832,Románia (+$32),"USD (konstans 2021, PPP)",value,2004
Románia,2015,31.139929,19870968,15.029786,47.077618,32.047832,Románia (+$32),"USD (konstans 2021, PPP)",value,2004
Románia,2016,32.30664,19777001,15.029786,47.077618,32.047832,Románia (+$32),"USD (konstans 2021, PPP)",value,2004
Románia,2017,35.085217,19689357,15.029786,47.077618,32.047832,Románia (+$32),"USD (konstans 2021, PPP)",value,2004
Románia,2018,36.148952,19597823,15.029786,47.077618,32.047832,Románia (+$32),"USD (konstans 2021, PPP)",value,2004
Románia,2019,39.57182,19501499,15.029786,47.077618,32.047832,Románia (+$32),"USD (konstans 2021, PPP)",value,2004
Románia,2020,40.15152,19392420,15.029786,47.077618,32.047832,Románia (+$32),"USD (konstans 2021, PPP)",value,2004
Románia,2021,44.092934,19248115,15.029786,47.077618,32.047832,Románia (+$32),"USD (konstans 2021, PPP)",value,2004
Románia,2022,45.789017,19166726,15.029786,47.077618,32.047832,Románia (+$32),"USD (konstans 2021, PPP)",value,2004
Románia,2023,47.077618,19118433,15.029786,47.077618,32.047832,Románia (+$32),"USD (konstans 2021, PPP)",value,2004
Litvánia,2004,24.645527,3376654,24.645527,47.999832,23.354304999999997,Litvánia (+$23),"USD (konstans 2021, PPP)",value,2004
Litvánia,2005,26.430372,3322225,24.645527,47.999832,23.354304999999997,Litvánia (+$23),"USD (konstans 2021, PPP)",value,2004
Litvánia,2006,28.07162,3269761,24.645527,47.999832,23.354304999999997,Litvánia (+$23),"USD (konstans 2021, PPP)",value,2004
Litvánia,2007,29.371418,3231322,24.645527,47.999832,23.354304999999997,Litvánia (+$23),"USD (konstans 2021, PPP)",value,2004
Litvánia,2008,30.542763,3198432,24.645527,47.999832,23.354304999999997,Litvánia (+$23),"USD (konstans 2021, PPP)",value,2004
Litvánia,2009,30.091677,3163204,24.645527,47.999832,23.354304999999997,Litvánia (+$23),"USD (konstans 2021, PPP)",value,2004
Litvánia,2010,32.781788,3097660,24.645527,47.999832,23.354304999999997,Litvánia (+$23),"USD (konstans 2021, PPP)",value,2004
Litvánia,2011,37.597885,3028588,24.645527,47.999832,23.354304999999997,Litvánia (+$23),"USD (konstans 2021, PPP)",value,2004
Litvánia,2012,39.29255,2988281,24.645527,47.999832,23.354304999999997,Litvánia (+$23),"USD (konstans 2021, PPP)",value,2004
Litvánia,2013,38.78282,2958306,24.645527,47.999832,23.354304999999997,Litvánia (+$23),"USD (konstans 2021, PPP)",value,2004
Litvánia,2014,39.583477,2933118,24.645527,47.999832,23.354304999999997,Litvánia (+$23),"USD (konstans 2021, PPP)",value,2004
Litvánia,2015,38.616436,2905726,24.645527,47.999832,23.354304999999997,Litvánia (+$23),"USD (konstans 2021, PPP)",value,2004
Litvánia,2016,38.02675,2869051,24.645527,47.999832,23.354304999999997,Litvánia (+$23),"USD (konstans 2021, PPP)",value,2004
Litvánia,2017,40.97545,2829273,24.645527,47.999832,23.354304999999997,Litvánia (+$23),"USD (konstans 2021, PPP)",value,2004
Litvánia,2018,41.829094,2802430,24.645527,47.999832,23.354304999999997,Litvánia (+$23),"USD (konstans 2021, PPP)",value,2004
Litvánia,2019,45.11943,2795011,24.645527,47.999832,23.354304999999997,Litvánia (+$23),"USD (konstans 2021, PPP)",value,2004
Litvánia,2020,47.089924,2795711,24.645527,47.999832,23.354304999999997,Litvánia (+$23),"USD (konstans 2021, PPP)",value,2004
Litvánia,2021,50.55754,2794443,24.645527,47.999832,23.354304999999997,Litvánia (+$23),"USD (konstans 2021, PPP)",value,2004
Litvánia,2022,48.718098,2816872,24.645527,47.999832,23.354304999999997,Litvánia (+$23),"USD (konstans 2021, PPP)",value,2004
Litvánia,2023,47.999832,2854061,24.645527,47.999832,23.354304999999997,Litvánia (+$23),"USD (konstans 2021, PPP)",value,2004
Észtország,2004,23.448483,1362623,23.448483,46.154022,22.705538999999998,Észtország (+$23),"USD (konstans 2021, PPP)",value,2004
Észtország,2005,26.179033,1354799,23.448483,46.154022,22.705538999999998,Észtország (+$23),"USD (konstans 2021, PPP)",value,2004
Észtország,2006,26.70977,1346833,23.448483,46.154022,22.705538999999998,Észtország (+$23),"USD (konstans 2021, PPP)",value,2004
Észtország,2007,29.809814,1340672,23.448483,46.154022,22.705538999999998,Észtország (+$23),"USD (konstans 2021, PPP)",value,2004
Észtország,2008,30.719822,1337032,23.448483,46.154022,22.705538999999998,Észtország (+$23),"USD (konstans 2021, PPP)",value,2004
Észtország,2009,32.58019,1334487,23.448483,46.154022,22.705538999999998,Észtország (+$23),"USD (konstans 2021, PPP)",value,2004
Észtország,2010,34.99152,1331406,23.448483,46.154022,22.705538999999998,Észtország (+$23),"USD (konstans 2021, PPP)",value,2004
Észtország,2011,37.206036,1327315,23.448483,46.154022,22.705538999999998,Észtország (+$23),"USD (konstans 2021, PPP)",value,2004
Észtország,2012,39.64116,1322570,23.448483,46.154022,22.705538999999998,Észtország (+$23),"USD (konstans 2021, PPP)",value,2004
Észtország,2013,39.647835,1317872,23.448483,46.154022,22.705538999999998,Észtország (+$23),"USD (konstans 2021, PPP)",value,2004
Észtország,2014,40.512623,1314402,23.448483,46.154022,22.705538999999998,Észtország (+$23),"USD (konstans 2021, PPP)",value,2004
Észtország,2015,38.552685,1314538,23.448483,46.154022,22.705538999999998,Észtország (+$23),"USD (konstans 2021, PPP)",value,2004
Észtország,2016,39.751358,1315802,23.448483,46.154022,22.705538999999998,Észtország (+$23),"USD (konstans 2021, PPP)",value,2004
Észtország,2017,41.171707,1317381,23.448483,46.154022,22.705538999999998,Észtország (+$23),"USD (konstans 2021, PPP)",value,2004
Észtország,2018,44.438168,1321918,23.448483,46.154022,22.705538999999998,Észtország (+$23),"USD (konstans 2021, PPP)",value,2004
Észtország,2019,47.559307,1326772,23.448483,46.154022,22.705538999999998,Észtország (+$23),"USD (konstans 2021, PPP)",value,2004
Észtország,2020,50.410362,1329618,23.448483,46.154022,22.705538999999998,Észtország (+$23),"USD (konstans 2021, PPP)",value,2004
Észtország,2021,52.98748,1331699,23.448483,46.154022,22.705538999999998,Észtország (+$23),"USD (konstans 2021, PPP)",value,2004
Észtország,2022,50.403057,1350038,23.448483,46.154022,22.705538999999998,Észtország (+$23),"USD (konstans 2021, PPP)",value,2004
Észtország,2023,46.154022,1367143,23.448483,46.154022,22.705538999999998,Észtország (+$23),"USD (konstans 2021, PPP)",value,2004
Lettország,2004,21.492228,2264130,21.492228,43.99355,22.501322,Lettország (+$23),"USD (konstans 2021, PPP)",value,2004
Lettország,2005,22.736782,2239738,21.492228,43.99355,22.501322,Lettország (+$23),"USD (konstans 2021, PPP)",value,2004
Lettország,2006,23.280346,2218989,21.492228,43.99355,22.501322,Lettország (+$23),"USD (konstans 2021, PPP)",value,2004
Lettország,2007,24.708496,2200711,21.492228,43.99355,22.501322,Lettország (+$23),"USD (konstans 2021, PPP)",value,2004
Lettország,2008,26.198425,2177658,21.492228,43.99355,22.501322,Lettország (+$23),"USD (konstans 2021, PPP)",value,2004
Lettország,2009,28.059578,2141988,21.492228,43.99355,22.501322,Lettország (+$23),"USD (konstans 2021, PPP)",value,2004
Lettország,2010,30.8719,2097787,21.492228,43.99355,22.501322,Lettország (+$23),"USD (konstans 2021, PPP)",value,2004
Lettország,2011,32.149395,2059892,21.492228,43.99355,22.501322,Lettország (+$23),"USD (konstans 2021, PPP)",value,2004
Lettország,2012,33.910015,2034577,21.492228,43.99355,22.501322,Lettország (+$23),"USD (konstans 2021, PPP)",value,2004
Lettország,2013,32.79807,2012960,21.492228,43.99355,22.501322,Lettország (+$23),"USD (konstans 2021, PPP)",value,2004
Lettország,2014,34.407726,1994096,21.492228,43.99355,22.501322,Lettország (+$23),"USD (konstans 2021, PPP)",value,2004
Lettország,2015,35.79208,1977815,21.492228,43.99355,22.501322,Lettország (+$23),"USD (konstans 2021, PPP)",value,2004
Lettország,2016,36.694527,1959817,21.492228,43.99355,22.501322,Lettország (+$23),"USD (konstans 2021, PPP)",value,2004
Lettország,2017,38.950283,1942550,21.492228,43.99355,22.501322,Lettország (+$23),"USD (konstans 2021, PPP)",value,2004
Lettország,2018,38.739853,1927526,21.492228,43.99355,22.501322,Lettország (+$23),"USD (konstans 2021, PPP)",value,2004
Lettország,2019,40.054237,1914220,21.492228,43.99355,22.501322,Lettország (+$23),"USD (konstans 2021, PPP)",value,2004
Lettország,2020,41.9574,1901069,21.492228,43.99355,22.501322,Lettország (+$23),"USD (konstans 2021, PPP)",value,2004
Lettország,2021,43.45259,1885546,21.492228,43.99355,22.501322,Lettország (+$23),"USD (konstans 2021, PPP)",value,2004
Lettország,2022,43.02536,1881016,21.492228,43.99355,22.501322,Lettország (+$23),"USD (konstans 2021, PPP)",value,2004
Lettország,2023,43.99355,1882336,21.492228,43.99355,22.501322,Lettország (+$23),"USD (konstans 2021, PPP)",value,2004
Lengyelország,2004,27.474195,38167521,27.474195,46.688633,19.214438,Lengyelország (+$19),"USD (konstans 2021, PPP)",value,2004
Lengyelország,2005,27.993326,38124333,27.474195,46.688633,19.214438,Lengyelország (+$19),"USD (konstans 2021, PPP)",value,2004
Lengyelország,2006,28.055231,38071124,27.474195,46.688633,19.214438,Lengyelország (+$19),"USD (konstans 2021, PPP)",value,2004
Lengyelország,2007,29.449707,38020368,27.474195,46.688633,19.214438,Lengyelország (+$19),"USD (konstans 2021, PPP)",value,2004
Lengyelország,2008,29.843773,37995854,27.474195,46.688633,19.214438,Lengyelország (+$19),"USD (konstans 2021, PPP)",value,2004
Lengyelország,2009,31.879921,38002108,27.474195,46.688633,19.214438,Lengyelország (+$19),"USD (konstans 2021, PPP)",value,2004
Lengyelország,2010,34.824844,38095304,27.474195,46.688633,19.214438,Lengyelország (+$19),"USD (konstans 2021, PPP)",value,2004
Lengyelország,2011,38.053394,38208597,27.474195,46.688633,19.214438,Lengyelország (+$19),"USD (konstans 2021, PPP)",value,2004
Lengyelország,2012,38.8872,38247820,27.474195,46.688633,19.214438,Lengyelország (+$19),"USD (konstans 2021, PPP)",value,2004
Lengyelország,2013,38.311916,38259214,27.474195,46.688633,19.214438,Lengyelország (+$19),"USD (konstans 2021, PPP)",value,2004
Lengyelország,2014,38.137146,38265064,27.474195,46.688633,19.214438,Lengyelország (+$19),"USD (konstans 2021, PPP)",value,2004
Lengyelország,2015,39.3452,38266267,27.474195,46.688633,19.214438,Lengyelország (+$19),"USD (konstans 2021, PPP)",value,2004
Lengyelország,2016,39.786877,38263203,27.474195,46.688633,19.214438,Lengyelország (+$19),"USD (konstans 2021, PPP)",value,2004
Lengyelország,2017,41.354214,38254908,27.474195,46.688633,19.214438,Lengyelország (+$19),"USD (konstans 2021, PPP)",value,2004
Lengyelország,2018,43.29682,38241017,27.474195,46.688633,19.214438,Lengyelország (+$19),"USD (konstans 2021, PPP)",value,2004
Lengyelország,2019,45.805286,38225836,27.474195,46.688633,19.214438,Lengyelország (+$19),"USD (konstans 2021, PPP)",value,2004
Lengyelország,2020,44.511456,38170958,27.474195,46.688633,19.214438,Lengyelország (+$19),"USD (konstans 2021, PPP)",value,2004
Lengyelország,2021,44.86914,38040252,27.474195,46.688633,19.214438,Lengyelország (+$19),"USD (konstans 2021, PPP)",value,2004
Lengyelország,2022,47.329544,38385689,27.474195,46.688633,19.214438,Lengyelország (+$19),"USD (konstans 2021, PPP)",value,2004
Lengyelország,2023,46.688633,38762796,27.474195,46.688633,19.214438,Lengyelország (+$19),"USD (konstans 2021, PPP)",value,2004
Bulgária,2004,19.960627,7749383,19.960627,37.252995,17.292368,Bulgária (+$17),"USD (konstans 2021, PPP)",value,2004
Bulgária,2005,21.04667,7695001,19.960627,37.252995,17.292368,Bulgária (+$17),"USD (konstans 2021, PPP)",value,2004
Bulgária,2006,21.857475,7640243,19.960627,37.252995,17.292368,Bulgária (+$17),"USD (konstans 2021, PPP)",value,2004
Bulgária,2007,22.972294,7586847,19.960627,37.252995,17.292368,Bulgária (+$17),"USD (konstans 2021, PPP)",value,2004
Bulgária,2008,23.358082,7535541,19.960627,37.252995,17.292368,Bulgária (+$17),"USD (konstans 2021, PPP)",value,2004
Bulgária,2009,24.498455,7487966,19.960627,37.252995,17.292368,Bulgária (+$17),"USD (konstans 2021, PPP)",value,2004
Bulgária,2010,26.328436,7437542,19.960627,37.252995,17.292368,Bulgária (+$17),"USD (konstans 2021, PPP)",value,2004
Bulgária,2011,26.634476,7379973,19.960627,37.252995,17.292368,Bulgária (+$17),"USD (konstans 2021, PPP)",value,2004
Bulgária,2012,27.623789,7316974,19.960627,37.252995,17.292368,Bulgária (+$17),"USD (konstans 2021, PPP)",value,2004
Bulgária,2013,25.929907,7264556,19.960627,37.252995,17.292368,Bulgária (+$17),"USD (konstans 2021, PPP)",value,2004
Bulgária,2014,26.445684,7223406,19.960627,37.252995,17.292368,Bulgária (+$17),"USD (konstans 2021, PPP)",value,2004
Bulgária,2015,26.94714,7177463,19.960627,37.252995,17.292368,Bulgária (+$17),"USD (konstans 2021, PPP)",value,2004
Bulgária,2016,28.499924,7127389,19.960627,37.252995,17.292368,Bulgária (+$17),"USD (konstans 2021, PPP)",value,2004
Bulgária,2017,28.426071,7075586,19.960627,37.252995,17.292368,Bulgária (+$17),"USD (konstans 2021, PPP)",value,2004
Bulgária,2018,29.041069,7024687,19.960627,37.252995,17.292368,Bulgária (+$17),"USD (konstans 2021, PPP)",value,2004
Bulgária,2019,30.631517,6975420,19.960627,37.252995,17.292368,Bulgária (+$17),"USD (konstans 2021, PPP)",value,2004
Bulgária,2020,31.310415,6933606,19.960627,37.252995,17.292368,Bulgária (+$17),"USD (konstans 2021, PPP)",value,2004
Bulgária,2021,34.628296,6877173,19.960627,37.252995,17.292368,Bulgária (+$17),"USD (konstans 2021, PPP)",value,2004
Bulgária,2022,35.29849,6825817,19.960627,37.252995,17.292368,Bulgária (+$17),"USD (konstans 2021, PPP)",value,2004
Bulgária,2023,37.252995,6795757,19.960627,37.252995,17.292368,Bulgária (+$17),"USD (konstans 2021, PPP)",value,2004
Csehország,2004,33.4945,10261411,33.4945,50.677856,17.183355999999996,Csehország (+$17),"USD (konstans 2021, PPP)",value,2004
Csehország,2005,35.115566,10280103,33.4945,50.677856,17.183355999999996,Csehország (+$17),"USD (konstans 2021, PPP)",value,2004
Csehország,2006,35.70811,10304542,33.4945,50.677856,17.183355999999996,Csehország (+$17),"USD (konstans 2021, PPP)",value,2004
Csehország,2007,38.58749,10337488,33.4945,50.677856,17.183355999999996,Csehország (+$17),"USD (konstans 2021, PPP)",value,2004
Csehország,2008,37.7356,10378248,33.4945,50.677856,17.183355999999996,Csehország (+$17),"USD (konstans 2021, PPP)",value,2004
Csehország,2009,37.5656,10420931,33.4945,50.677856,17.183355999999996,Csehország (+$17),"USD (konstans 2021, PPP)",value,2004
Csehország,2010,38.408417,10463981,33.4945,50.677856,17.183355999999996,Csehország (+$17),"USD (konstans 2021, PPP)",value,2004
Csehország,2011,40.709778,10495455,33.4945,50.677856,17.183355999999996,Csehország (+$17),"USD (konstans 2021, PPP)",value,2004
Csehország,2012,41.04866,10507287,33.4945,50.677856,17.183355999999996,Csehország (+$17),"USD (konstans 2021, PPP)",value,2004
Csehország,2013,40.476345,10511117,33.4945,50.677856,17.183355999999996,Csehország (+$17),"USD (konstans 2021, PPP)",value,2004
Csehország,2014,41.997353,10517176,33.4945,50.677856,17.183355999999996,Csehország (+$17),"USD (konstans 2021, PPP)",value,2004
Csehország,2015,42.950813,10524367,33.4945,50.677856,17.183355999999996,Csehország (+$17),"USD (konstans 2021, PPP)",value,2004
Csehország,2016,43.276096,10531895,33.4945,50.677856,17.183355999999996,Csehország (+$17),"USD (konstans 2021, PPP)",value,2004
Csehország,2017,45.38103,10541301,33.4945,50.677856,17.183355999999996,Csehország (+$17),"USD (konstans 2021, PPP)",value,2004
Csehország,2018,45.92363,10548878,33.4945,50.677856,17.183355999999996,Csehország (+$17),"USD (konstans 2021, PPP)",value,2004
Csehország,2019,49.792152,10554819,33.4945,50.677856,17.183355999999996,Csehország (+$17),"USD (konstans 2021, PPP)",value,2004
Csehország,2020,51.3602,10550083,33.4945,50.677856,17.183355999999996,Csehország (+$17),"USD (konstans 2021, PPP)",value,2004
Csehország,2021,51.39281,10530619,33.4945,50.677856,17.183355999999996,Csehország (+$17),"USD (konstans 2021, PPP)",value,2004
Csehország,2022,51.131226,10673169,33.4945,50.677856,17.183355999999996,Csehország (+$17),"USD (konstans 2021, PPP)",value,2004
Csehország,2023,50.677856,10809674,33.4945,50.677856,17.183355999999996,Csehország (+$17),"USD (konstans 2021, PPP)",value,2004
Szlovénia,2004,36.23952,1993503,36.23952,51.474453,15.234932999999998,Szlovénia (+$15),"USD (konstans 2021, PPP)",value,2004
Szlovénia,2005,39.61084,1996858,36.23952,51.474453,15.234932999999998,Szlovénia (+$15),"USD (konstans 2021, PPP)",value,2004
Szlovénia,2006,39.59458,2003069,36.23952,51.474453,15.234932999999998,Szlovénia (+$15),"USD (konstans 2021, PPP)",value,2004
Szlovénia,2007,40.267944,2014110,36.23952,51.474453,15.234932999999998,Szlovénia (+$15),"USD (konstans 2021, PPP)",value,2004
Szlovénia,2008,42.692696,2025041,36.23952,51.474453,15.234932999999998,Szlovénia (+$15),"USD (konstans 2021, PPP)",value,2004
Szlovénia,2009,40.12282,2035555,36.23952,51.474453,15.234932999999998,Szlovénia (+$15),"USD (konstans 2021, PPP)",value,2004
Szlovénia,2010,41.41744,2044566,36.23952,51.474453,15.234932999999998,Szlovénia (+$15),"USD (konstans 2021, PPP)",value,2004
Szlovénia,2011,44.91155,2048754,36.23952,51.474453,15.234932999999998,Szlovénia (+$15),"USD (konstans 2021, PPP)",value,2004
Szlovénia,2012,45.260403,2053274,36.23952,51.474453,15.234932999999998,Szlovénia (+$15),"USD (konstans 2021, PPP)",value,2004
Szlovénia,2013,44.254635,2056403,36.23952,51.474453,15.234932999999998,Szlovénia (+$15),"USD (konstans 2021, PPP)",value,2004
Szlovénia,2014,44.316372,2058351,36.23952,51.474453,15.234932999999998,Szlovénia (+$15),"USD (konstans 2021, PPP)",value,2004
Szlovénia,2015,42.856907,2059899,36.23952,51.474453,15.234932999999998,Szlovénia (+$15),"USD (konstans 2021, PPP)",value,2004
Szlovénia,2016,44.15917,2061329,36.23952,51.474453,15.234932999999998,Szlovénia (+$15),"USD (konstans 2021, PPP)",value,2004
Szlovénia,2017,45.32373,2062366,36.23952,51.474453,15.234932999999998,Szlovénia (+$15),"USD (konstans 2021, PPP)",value,2004
Szlovénia,2018,47.096825,2069431,36.23952,51.474453,15.234932999999998,Szlovénia (+$15),"USD (konstans 2021, PPP)",value,2004
Szlovénia,2019,49.558193,2083395,36.23952,51.474453,15.234932999999998,Szlovénia (+$15),"USD (konstans 2021, PPP)",value,2004
Szlovénia,2020,50.78655,2102370,36.23952,51.474453,15.234932999999998,Szlovénia (+$15),"USD (konstans 2021, PPP)",value,2004
Szlovénia,2021,51.100243,2113450,36.23952,51.474453,15.234932999999998,Szlovénia (+$15),"USD (konstans 2021, PPP)",value,2004
Szlovénia,2022,50.186073,2115184,36.23952,51.474453,15.234932999999998,Szlovénia (+$15),"USD (konstans 2021, PPP)",value,2004
Szlovénia,2023,51.474453,2118353,36.23952,51.474453,15.234932999999998,Szlovénia (+$15),"USD (konstans 2021, PPP)",value,2004
Szlovákia,2004,30.051167,5375995,30.051167,43.989033,13.937866,Szlovákia (+$14),"USD (konstans 2021, PPP)",value,2004
Szlovákia,2005,32.93329,5376650,30.051167,43.989033,13.937866,Szlovákia (+$14),"USD (konstans 2021, PPP)",value,2004
Szlovákia,2006,34.04709,5376793,30.051167,43.989033,13.937866,Szlovákia (+$14),"USD (konstans 2021, PPP)",value,2004
Szlovákia,2007,36.84477,5376949,30.051167,43.989033,13.937866,Szlovákia (+$14),"USD (konstans 2021, PPP)",value,2004
Szlovákia,2008,38.95723,5379075,30.051167,43.989033,13.937866,Szlovákia (+$14),"USD (konstans 2021, PPP)",value,2004
Szlovákia,2009,38.403236,5385027,30.051167,43.989033,13.937866,Szlovákia (+$14),"USD (konstans 2021, PPP)",value,2004
Szlovákia,2010,41.125122,5391807,30.051167,43.989033,13.937866,Szlovákia (+$14),"USD (konstans 2021, PPP)",value,2004
Szlovákia,2011,42.248577,5398048,30.051167,43.989033,13.937866,Szlovákia (+$14),"USD (konstans 2021, PPP)",value,2004
Szlovákia,2012,42.39388,5404834,30.051167,43.989033,13.937866,Szlovákia (+$14),"USD (konstans 2021, PPP)",value,2004
Szlovákia,2013,41.065636,5410370,30.051167,43.989033,13.937866,Szlovákia (+$14),"USD (konstans 2021, PPP)",value,2004
Szlovákia,2014,42.59173,5415184,30.051167,43.989033,13.937866,Szlovákia (+$14),"USD (konstans 2021, PPP)",value,2004
Szlovákia,2015,41.939953,5420221,30.051167,43.989033,13.937866,Szlovákia (+$14),"USD (konstans 2021, PPP)",value,2004
Szlovákia,2016,39.354515,5427217,30.051167,43.989033,13.937866,Szlovákia (+$14),"USD (konstans 2021, PPP)",value,2004
Szlovákia,2017,38.903595,5435643,30.051167,43.989033,13.937866,Szlovákia (+$14),"USD (konstans 2021, PPP)",value,2004
Szlovákia,2018,37.56789,5443188,30.051167,43.989033,13.937866,Szlovákia (+$14),"USD (konstans 2021, PPP)",value,2004
Szlovákia,2019,36.973423,5450575,30.051167,43.989033,13.937866,Szlovákia (+$14),"USD (konstans 2021, PPP)",value,2004
Szlovákia,2020,44.776604,5454981,30.051167,43.989033,13.937866,Szlovákia (+$14),"USD (konstans 2021, PPP)",value,2004
Szlovákia,2021,46.015957,5442712,30.051167,43.989033,13.937866,Szlovákia (+$14),"USD (konstans 2021, PPP)",value,2004
Szlovákia,2022,43.91862,5473145,30.051167,43.989033,13.937866,Szlovákia (+$14),"USD (konstans 2021, PPP)",value,2004
Szlovákia,2023,43.989033,5518008,30.051167,43.989033,13.937866,Szlovákia (+$14),"USD (konstans 2021, PPP)",value,2004
Horvátország,2004,27.773874,4310013,27.773874,41.5619,13.788026000000002,Horvátország (+$14),"USD (konstans 2021, PPP)",value,2004
Horvátország,2005,29.038477,4313901,27.773874,41.5619,13.788026000000002,Horvátország (+$14),"USD (konstans 2021, PPP)",value,2004
Horvátország,2006,29.08061,4315751,27.773874,41.5619,13.788026000000002,Horvátország (+$14),"USD (konstans 2021, PPP)",value,2004
Horvátország,2007,30.89751,4315907,27.773874,41.5619,13.788026000000002,Horvátország (+$14),"USD (konstans 2021, PPP)",value,2004
Horvátország,2008,32.01722,4314591,27.773874,41.5619,13.788026000000002,Horvátország (+$14),"USD (konstans 2021, PPP)",value,2004
Horvátország,2009,30.735718,4310491,27.773874,41.5619,13.788026000000002,Horvátország (+$14),"USD (konstans 2021, PPP)",value,2004
Horvátország,2010,31.073338,4301108,27.773874,41.5619,13.788026000000002,Horvátország (+$14),"USD (konstans 2021, PPP)",value,2004
Horvátország,2011,33.860638,4280782,27.773874,41.5619,13.788026000000002,Horvátország (+$14),"USD (konstans 2021, PPP)",value,2004
Horvátország,2012,35.85464,4259181,27.773874,41.5619,13.788026000000002,Horvátország (+$14),"USD (konstans 2021, PPP)",value,2004
Horvátország,2013,35.141396,4242353,27.773874,41.5619,13.788026000000002,Horvátország (+$14),"USD (konstans 2021, PPP)",value,2004
Horvátország,2014,34.43929,4219439,27.773874,41.5619,13.788026000000002,Horvátország (+$14),"USD (konstans 2021, PPP)",value,2004
Horvátország,2015,37.16969,4183681,27.773874,41.5619,13.788026000000002,Horvátország (+$14),"USD (konstans 2021, PPP)",value,2004
Horvátország,2016,38.39174,4136388,27.773874,41.5619,13.788026000000002,Horvátország (+$14),"USD (konstans 2021, PPP)",value,2004
Horvátország,2017,41.132244,4079152,27.773874,41.5619,13.788026000000002,Horvátország (+$14),"USD (konstans 2021, PPP)",value,2004
Horvátország,2018,39.25482,4024820,27.773874,41.5619,13.788026000000002,Horvátország (+$14),"USD (konstans 2021, PPP)",value,2004
Horvátország,2019,38.796227,3986292,27.773874,41.5619,13.788026000000002,Horvátország (+$14),"USD (konstans 2021, PPP)",value,2004
Horvátország,2020,35.67917,3953898,27.773874,41.5619,13.788026000000002,Horvátország (+$14),"USD (konstans 2021, PPP)",value,2004
Horvátország,2021,39.50393,3924558,27.773874,41.5619,13.788026000000002,Horvátország (+$14),"USD (konstans 2021, PPP)",value,2004
Horvátország,2022,41.07334,3906988,27.773874,41.5619,13.788026000000002,Horvátország (+$14),"USD (konstans 2021, PPP)",value,2004
Horvátország,2023,41.5619,3895973,27.773874,41.5619,13.788026000000002,Horvátország (+$14),"USD (konstans 2021, PPP)",value,2004
Magyarország,2004,29.355461,10085736,29.355461,42.33395,12.978489000000003,Magyarország (+$13),"USD (konstans 2021, PPP)",value,2004
Magyarország,2005,32.128788,10065654,29.355461,42.33395,12.978489000000003,Magyarország (+$13),"USD (konstans 2021, PPP)",value,2004
Magyarország,2006,32.090454,10049900,29.355461,42.33395,12.978489000000003,Magyarország (+$13),"USD (konstans 2021, PPP)",value,2004
Magyarország,2007,33.15924,10034027,29.355461,42.33395,12.978489000000003,Magyarország (+$13),"USD (konstans 2021, PPP)",value,2004
Magyarország,2008,35.967438,10016610,29.355461,42.33395,12.978489000000003,Magyarország (+$13),"USD (konstans 2021, PPP)",value,2004
Magyarország,2009,36.418587,10001329,29.355461,42.33395,12.978489000000003,Magyarország (+$13),"USD (konstans 2021, PPP)",value,2004
Magyarország,2010,38.153374,9979076,29.355461,42.33395,12.978489000000003,Magyarország (+$13),"USD (konstans 2021, PPP)",value,2004
Magyarország,2011,39.523754,9946626,29.355461,42.33395,12.978489000000003,Magyarország (+$13),"USD (konstans 2021, PPP)",value,2004
Magyarország,2012,38.969757,9916568,29.355461,42.33395,12.978489000000003,Magyarország (+$13),"USD (konstans 2021, PPP)",value,2004
Magyarország,2013,38.185688,9889294,29.355461,42.33395,12.978489000000003,Magyarország (+$13),"USD (konstans 2021, PPP)",value,2004
Magyarország,2014,37.01669,9862785,29.355461,42.33395,12.978489000000003,Magyarország (+$13),"USD (konstans 2021, PPP)",value,2004
Magyarország,2015,36.505177,9839162,29.355461,42.33395,12.978489000000003,Magyarország (+$13),"USD (konstans 2021, PPP)",value,2004
Magyarország,2016,35.142975,9810479,29.355461,42.33395,12.978489000000003,Magyarország (+$13),"USD (konstans 2021, PPP)",value,2004
Magyarország,2017,36.77375,9785561,29.355461,42.33395,12.978489000000003,Magyarország (+$13),"USD (konstans 2021, PPP)",value,2004
Magyarország,2018,37.588276,9774342,29.355461,42.33395,12.978489000000003,Magyarország (+$13),"USD (konstans 2021, PPP)",value,2004
Magyarország,2019,40.447044,9770300,29.355461,42.33395,12.978489000000003,Magyarország (+$13),"USD (konstans 2021, PPP)",value,2004
Magyarország,2020,40.33771,9749421,29.355461,42.33395,12.978489000000003,Magyarország (+$13),"USD (konstans 2021, PPP)",value,2004
Magyarország,2021,41.586166,9707794,29.355461,42.33395,12.978489000000003,Magyarország (+$13),"USD (konstans 2021, PPP)",value,2004
Magyarország,2022,42.053265,9684259,29.355461,42.33395,12.978489000000003,Magyarország (+$13),"USD (konstans 2021, PPP)",value,2004
Magyarország,2023,42.33395,9686418,29.355461,42.33395,12.978489000000003,Magyarország (+$13),"USD (konstans 2021, PPP)",value,2004
Románia,2004,100,21403163,100,313.2287978019115,213.22879780191153,Románia (+213%),2004-hez (=100) képest,rel_val,2004
Románia,2005,106.45344517879364,21213352,100,313.2287978019115,213.22879780191153,Románia (+213%),2004-hez (=100) képest,rel_val,2004
Románia,2006,119.96061021760391,21035673,100,313.2287978019115,213.22879780191153,Románia (+213%),2004-hez (=100) képest,rel_val,2004
Románia,2007,136.24820739297286,20870655,100,313.2287978019115,213.22879780191153,Románia (+213%),2004-hez (=100) képest,rel_val,2004
Románia,2008,157.09147156187055,20718693,100,313.2287978019115,213.22879780191153,Románia (+213%),2004-hez (=100) képest,rel_val,2004
Románia,2009,158.95369368532593,20576869,100,313.2287978019115,213.22879780191153,Románia (+213%),2004-hez (=100) képest,rel_val,2004
Románia,2010,168.91428128118392,20432524,100,313.2287978019115,213.22879780191153,Románia (+213%),2004-hez (=100) képest,rel_val,2004
Románia,2011,184.75892471123674,20281955,100,313.2287978019115,213.22879780191153,Románia (+213%),2004-hez (=100) képest,rel_val,2004
Románia,2012,196.19782344206365,20158399,100,313.2287978019115,213.22879780191153,Románia (+213%),2004-hez (=100) képest,rel_val,2004
Románia,2013,187.61611775443777,20062861,100,313.2287978019115,213.22879780191153,Románia (+213%),2004-hez (=100) képest,rel_val,2004
Románia,2014,193.72422867497917,19968125,100,313.2287978019115,213.22879780191153,Románia (+213%),2004-hez (=100) képest,rel_val,2004
Románia,2015,207.18810633764178,19870968,100,313.2287978019115,213.22879780191153,Románia (+213%),2004-hez (=100) képest,rel_val,2004
Románia,2016,214.95076510071402,19777001,100,313.2287978019115,213.22879780191153,Románia (+213%),2004-hez (=100) képest,rel_val,2004
Románia,2017,233.43790124490133,19689357,100,313.2287978019115,213.22879780191153,Románia (+213%),2004-hez (=100) képest,rel_val,2004
Románia,2018,240.51541385885335,19597823,100,313.2287978019115,213.22879780191153,Románia (+213%),2004-hez (=100) képest,rel_val,2004
Románia,2019,263.28931097222545,19501499,100,313.2287978019115,213.22879780191153,Románia (+213%),2004-hez (=100) képest,rel_val,2004
Románia,2020,267.146318650179,19392420,100,313.2287978019115,213.22879780191153,Románia (+213%),2004-hez (=100) képest,rel_val,2004
Románia,2021,293.3703380740085,19248115,100,313.2287978019115,213.22879780191153,Románia (+213%),2004-hez (=100) képest,rel_val,2004
Románia,2022,304.655149447903,19166726,100,313.2287978019115,213.22879780191153,Románia (+213%),2004-hez (=100) képest,rel_val,2004
Románia,2023,313.2287978019115,19118433,100,313.2287978019115,213.22879780191153,Románia (+213%),2004-hez (=100) képest,rel_val,2004
Lettország,2004,100,2264130,100,204.69515771003358,104.69515771003358,Lettország (+105%),2004-hez (=100) képest,rel_val,2004
Lettország,2005,105.79071653250655,2239738,100,204.69515771003358,104.69515771003358,Lettország (+105%),2004-hez (=100) képest,rel_val,2004
Lettország,2006,108.31983543074269,2218989,100,204.69515771003358,104.69515771003358,Lettország (+105%),2004-hez (=100) képest,rel_val,2004
Lettország,2007,114.96479564612845,2200711,100,204.69515771003358,104.69515771003358,Lettország (+105%),2004-hez (=100) képest,rel_val,2004
Lettország,2008,121.89720395670473,2177658,100,204.69515771003358,104.69515771003358,Lettország (+105%),2004-hez (=100) képest,rel_val,2004
Lettország,2009,130.55685990303098,2141988,100,204.69515771003358,104.69515771003358,Lettország (+105%),2004-hez (=100) képest,rel_val,2004
Lettország,2010,143.6421575278282,2097787,100,204.69515771003358,104.69515771003358,Lettország (+105%),2004-hez (=100) képest,rel_val,2004
Lettország,2011,149.58614341891402,2059892,100,204.69515771003358,104.69515771003358,Lettország (+105%),2004-hez (=100) képest,rel_val,2004
Lettország,2012,157.7780349249971,2034577,100,204.69515771003358,104.69515771003358,Lettország (+105%),2004-hez (=100) képest,rel_val,2004
Lettország,2013,152.604327480613,2012960,100,204.69515771003358,104.69515771003358,Lettország (+105%),2004-hez (=100) képest,rel_val,2004
Lettország,2014,160.09380693337144,1994096,100,204.69515771003358,104.69515771003358,Lettország (+105%),2004-hez (=100) képest,rel_val,2004
Lettország,2015,166.53499116052555,1977815,100,204.69515771003358,104.69515771003358,Lettország (+105%),2004-hez (=100) képest,rel_val,2004
Lettország,2016,170.73393693757578,1959817,100,204.69515771003358,104.69515771003358,Lettország (+105%),2004-hez (=100) képest,rel_val,2004
Lettország,2017,181.22961937682774,1942550,100,204.69515771003358,104.69515771003358,Lettország (+105%),2004-hez (=100) képest,rel_val,2004
Lettország,2018,180.25052125819622,1927526,100,204.69515771003358,104.69515771003358,Lettország (+105%),2004-hez (=100) képest,rel_val,2004
Lettország,2019,186.36614593889476,1914220,100,204.69515771003358,104.69515771003358,Lettország (+105%),2004-hez (=100) képest,rel_val,2004
Lettország,2020,195.22126789274708,1901069,100,204.69515771003358,104.69515771003358,Lettország (+105%),2004-hez (=100) képest,rel_val,2004
Lettország,2021,202.17815481950032,1885546,100,204.69515771003358,104.69515771003358,Lettország (+105%),2004-hez (=100) képest,rel_val,2004
Lettország,2022,200.19031996124366,1881016,100,204.69515771003358,104.69515771003358,Lettország (+105%),2004-hez (=100) képest,rel_val,2004
Lettország,2023,204.69515771003358,1882336,100,204.69515771003358,104.69515771003358,Lettország (+105%),2004-hez (=100) képest,rel_val,2004
Észtország,2004,100,1362623,100,196.83159034211295,96.83159034211295,Észtország (+97%),2004-hez (=100) képest,rel_val,2004
Észtország,2005,111.6448897781575,1354799,100,196.83159034211295,96.83159034211295,Észtország (+97%),2004-hez (=100) képest,rel_val,2004
Észtország,2006,113.90830698941164,1346833,100,196.83159034211295,96.83159034211295,Észtország (+97%),2004-hez (=100) képest,rel_val,2004
Észtország,2007,127.12896608279522,1340672,100,196.83159034211295,96.83159034211295,Észtország (+97%),2004-hez (=100) képest,rel_val,2004
Észtország,2008,131.00984827035506,1337032,100,196.83159034211295,96.83159034211295,Észtország (+97%),2004-hez (=100) képest,rel_val,2004
Észtország,2009,138.9437005370454,1334487,100,196.83159034211295,96.83159034211295,Észtország (+97%),2004-hez (=100) képest,rel_val,2004
Észtország,2010,149.22722292951744,1331406,100,196.83159034211295,96.83159034211295,Észtország (+97%),2004-hez (=100) képest,rel_val,2004
Észtország,2011,158.67139891309813,1327315,100,196.83159034211295,96.83159034211295,Észtország (+97%),2004-hez (=100) képest,rel_val,2004
Észtország,2012,169.05639482093576,1322570,100,196.83159034211295,96.83159034211295,Észtország (+97%),2004-hez (=100) képest,rel_val,2004
Észtország,2013,169.084861481231,1317872,100,196.83159034211295,96.83159034211295,Észtország (+97%),2004-hez (=100) képest,rel_val,2004
Észtország,2014,172.77289537237868,1314402,100,196.83159034211295,96.83159034211295,Észtország (+97%),2004-hez (=100) képest,rel_val,2004
Észtország,2015,164.41441009211553,1314538,100,196.83159034211295,96.83159034211295,Észtország (+97%),2004-hez (=100) képest,rel_val,2004
Észtország,2016,169.5263527282341,1315802,100,196.83159034211295,96.83159034211295,Észtország (+97%),2004-hez (=100) képest,rel_val,2004
Észtország,2017,175.58366995425672,1317381,100,196.83159034211295,96.83159034211295,Észtország (+97%),2004-hez (=100) képest,rel_val,2004
Észtország,2018,189.51404233698187,1321918,100,196.83159034211295,96.83159034211295,Észtország (+97%),2004-hez (=100) képest,rel_val,2004
Észtország,2019,202.82466460623488,1326772,100,196.83159034211295,96.83159034211295,Észtország (+97%),2004-hez (=100) képest,rel_val,2004
Észtország,2020,214.9834682269211,1329618,100,196.83159034211295,96.83159034211295,Észtország (+97%),2004-hez (=100) képest,rel_val,2004
Észtország,2021,225.97402143243124,1331699,100,196.83159034211295,96.83159034211295,Észtország (+97%),2004-hez (=100) képest,rel_val,2004
Észtország,2022,214.95231482565418,1350038,100,196.83159034211295,96.83159034211295,Észtország (+97%),2004-hez (=100) képest,rel_val,2004
Észtország,2023,196.83159034211295,1367143,100,196.83159034211295,96.83159034211295,Észtország (+97%),2004-hez (=100) képest,rel_val,2004
Litvánia,2004,100,3376654,100,194.76082617344719,94.76082617344719,Litvánia (+95%),2004-hez (=100) képest,rel_val,2004
Litvánia,2005,107.2420646553835,3322225,100,194.76082617344719,94.76082617344719,Litvánia (+95%),2004-hez (=100) képest,rel_val,2004
Litvánia,2006,113.9014799724104,3269761,100,194.76082617344719,94.76082617344719,Litvánia (+95%),2004-hez (=100) képest,rel_val,2004
Litvánia,2007,119.17545118836371,3231322,100,194.76082617344719,94.76082617344719,Litvánia (+95%),2004-hez (=100) képest,rel_val,2004
Litvánia,2008,123.92822032168351,3198432,100,194.76082617344719,94.76082617344719,Litvánia (+95%),2004-hez (=100) képest,rel_val,2004
Litvánia,2009,122.09792470658063,3163204,100,194.76082617344719,94.76082617344719,Litvánia (+95%),2004-hez (=100) képest,rel_val,2004
Litvánia,2010,133.01313459436267,3097660,100,194.76082617344719,94.76082617344719,Litvánia (+95%),2004-hez (=100) képest,rel_val,2004
Litvánia,2011,152.55459946139516,3028588,100,194.76082617344719,94.76082617344719,Litvánia (+95%),2004-hez (=100) képest,rel_val,2004
Litvánia,2012,159.43075593392666,2988281,100,194.76082617344719,94.76082617344719,Litvánia (+95%),2004-hez (=100) képest,rel_val,2004
Litvánia,2013,157.36251044662183,2958306,100,194.76082617344719,94.76082617344719,Litvánia (+95%),2004-hez (=100) képest,rel_val,2004
Litvánia,2014,160.61120137540578,2933118,100,194.76082617344719,94.76082617344719,Litvánia (+95%),2004-hez (=100) képest,rel_val,2004
Litvánia,2015,156.68740213995017,2905726,100,194.76082617344719,94.76082617344719,Litvánia (+95%),2004-hez (=100) képest,rel_val,2004
Litvánia,2016,154.29473267096296,2869051,100,194.76082617344719,94.76082617344719,Litvánia (+95%),2004-hez (=100) képest,rel_val,2004
Litvánia,2017,166.25917554938061,2829273,100,194.76082617344719,94.76082617344719,Litvánia (+95%),2004-hez (=100) képest,rel_val,2004
Litvánia,2018,169.72286289516143,2802430,100,194.76082617344719,94.76082617344719,Litvánia (+95%),2004-hez (=100) képest,rel_val,2004
Litvánia,2019,183.07350457549558,2795011,100,194.76082617344719,94.76082617344719,Litvánia (+95%),2004-hez (=100) képest,rel_val,2004
Litvánia,2020,191.06884588022808,2795711,100,194.76082617344719,94.76082617344719,Litvánia (+95%),2004-hez (=100) képest,rel_val,2004
Litvánia,2021,205.13880672951322,2794443,100,194.76082617344719,94.76082617344719,Litvánia (+95%),2004-hez (=100) képest,rel_val,2004
Litvánia,2022,197.6752130315574,2816872,100,194.76082617344719,94.76082617344719,Litvánia (+95%),2004-hez (=100) képest,rel_val,2004
Litvánia,2023,194.76082617344719,2854061,100,194.76082617344719,94.76082617344719,Litvánia (+95%),2004-hez (=100) képest,rel_val,2004
Bulgária,2004,100,7749383,100,186.63238885231414,86.63238885231414,Bulgária (+87%),2004-hez (=100) képest,rel_val,2004
Bulgária,2005,105.44092627952018,7695001,100,186.63238885231414,86.63238885231414,Bulgária (+87%),2004-hez (=100) képest,rel_val,2004
Bulgária,2006,109.50294797853795,7640243,100,186.63238885231414,86.63238885231414,Bulgária (+87%),2004-hez (=100) képest,rel_val,2004
Bulgária,2007,115.08803806613892,7586847,100,186.63238885231414,86.63238885231414,Bulgária (+87%),2004-hez (=100) képest,rel_val,2004
Bulgária,2008,117.02078296438283,7535541,100,186.63238885231414,86.63238885231414,Bulgária (+87%),2004-hez (=100) képest,rel_val,2004
Bulgária,2009,122.73389508255427,7487966,100,186.63238885231414,86.63238885231414,Bulgária (+87%),2004-hez (=100) képest,rel_val,2004
Bulgária,2010,131.9018485741956,7437542,100,186.63238885231414,86.63238885231414,Bulgária (+87%),2004-hez (=100) képest,rel_val,2004
Bulgária,2011,133.43506694454038,7379973,100,186.63238885231414,86.63238885231414,Bulgária (+87%),2004-hez (=100) képest,rel_val,2004
Bulgária,2012,138.39138920836504,7316974,100,186.63238885231414,86.63238885231414,Bulgária (+87%),2004-hez (=100) képest,rel_val,2004
Bulgária,2013,129.9052730157224,7264556,100,186.63238885231414,86.63238885231414,Bulgária (+87%),2004-hez (=100) képest,rel_val,2004
Bulgária,2014,132.48924495207493,7223406,100,186.63238885231414,86.63238885231414,Bulgária (+87%),2004-hez (=100) képest,rel_val,2004
Bulgária,2015,135.00147064518566,7177463,100,186.63238885231414,86.63238885231414,Bulgária (+87%),2004-hez (=100) képest,rel_val,2004
Bulgária,2016,142.7807052353616,7127389,100,186.63238885231414,86.63238885231414,Bulgária (+87%),2004-hez (=100) képest,rel_val,2004
Bulgária,2017,142.41071184787936,7075586,100,186.63238885231414,86.63238885231414,Bulgária (+87%),2004-hez (=100) képest,rel_val,2004
Bulgária,2018,145.4917673678287,7024687,100,186.63238885231414,86.63238885231414,Bulgária (+87%),2004-hez (=100) képest,rel_val,2004
Bulgária,2019,153.45969342546204,6975420,100,186.63238885231414,86.63238885231414,Bulgária (+87%),2004-hez (=100) képest,rel_val,2004
Bulgária,2020,156.86087916977758,6933606,100,186.63238885231414,86.63238885231414,Bulgária (+87%),2004-hez (=100) képest,rel_val,2004
Bulgária,2021,173.48300732236518,6877173,100,186.63238885231414,86.63238885231414,Bulgária (+87%),2004-hez (=100) képest,rel_val,2004
Bulgária,2022,176.84058722203469,6825817,100,186.63238885231414,86.63238885231414,Bulgária (+87%),2004-hez (=100) képest,rel_val,2004
Bulgária,2023,186.63238885231414,6795757,100,186.63238885231414,86.63238885231414,Bulgária (+87%),2004-hez (=100) képest,rel_val,2004
Lengyelország,2004,99.99999999999999,38167521,99.99999999999999,169.93630932589653,69.93630932589654,Lengyelország (+70%),2004-hez (=100) képest,rel_val,2004
Lengyelország,2005,101.88952214978455,38124333,99.99999999999999,169.93630932589653,69.93630932589654,Lengyelország (+70%),2004-hez (=100) képest,rel_val,2004
Lengyelország,2006,102.11484267327941,38071124,99.99999999999999,169.93630932589653,69.93630932589654,Lengyelország (+70%),2004-hez (=100) képest,rel_val,2004
Lengyelország,2007,107.19042723544766,38020368,99.99999999999999,169.93630932589653,69.93630932589654,Lengyelország (+70%),2004-hez (=100) képest,rel_val,2004
Lengyelország,2008,108.62474041550625,37995854,99.99999999999999,169.93630932589653,69.93630932589654,Lengyelország (+70%),2004-hez (=100) képest,rel_val,2004
Lengyelország,2009,116.03586929480554,38002108,99.99999999999999,169.93630932589653,69.93630932589654,Lengyelország (+70%),2004-hez (=100) képest,rel_val,2004
Lengyelország,2010,126.75473840088853,38095304,99.99999999999999,169.93630932589653,69.93630932589654,Lengyelország (+70%),2004-hez (=100) képest,rel_val,2004
Lengyelország,2011,138.50594712602134,38208597,99.99999999999999,169.93630932589653,69.93630932589654,Lengyelország (+70%),2004-hez (=100) képest,rel_val,2004
Lengyelország,2012,141.54081675550455,38247820,99.99999999999999,169.93630932589653,69.93630932589654,Lengyelország (+70%),2004-hez (=100) képest,rel_val,2004
Lengyelország,2013,139.44691009145126,38259214,99.99999999999999,169.93630932589653,69.93630932589654,Lengyelország (+70%),2004-hez (=100) képest,rel_val,2004
Lengyelország,2014,138.81078590291727,38265064,99.99999999999999,169.93630932589653,69.93630932589654,Lengyelország (+70%),2004-hez (=100) képest,rel_val,2004
Lengyelország,2015,143.2078355707965,38266267,99.99999999999999,169.93630932589653,69.93630932589654,Lengyelország (+70%),2004-hez (=100) képest,rel_val,2004
Lengyelország,2016,144.81544227228494,38263203,99.99999999999999,169.93630932589653,69.93630932589654,Lengyelország (+70%),2004-hez (=100) képest,rel_val,2004
Lengyelország,2017,150.52020268473743,38254908,99.99999999999999,169.93630932589653,69.93630932589654,Lengyelország (+70%),2004-hez (=100) képest,rel_val,2004
Lengyelország,2018,157.59085935001914,38241017,99.99999999999999,169.93630932589653,69.93630932589654,Lengyelország (+70%),2004-hez (=100) képest,rel_val,2004
Lengyelország,2019,166.72112140137318,38225836,99.99999999999999,169.93630932589653,69.93630932589654,Lengyelország (+70%),2004-hez (=100) képest,rel_val,2004
Lengyelország,2020,162.01186604375485,38170958,99.99999999999999,169.93630932589653,69.93630932589654,Lengyelország (+70%),2004-hez (=100) képest,rel_val,2004
Lengyelország,2021,163.31375678159085,38040252,99.99999999999999,169.93630932589653,69.93630932589654,Lengyelország (+70%),2004-hez (=100) képest,rel_val,2004
Lengyelország,2022,172.26908377115325,38385689,99.99999999999999,169.93630932589653,69.93630932589654,Lengyelország (+70%),2004-hez (=100) képest,rel_val,2004
Lengyelország,2023,169.93630932589653,38762796,99.99999999999999,169.93630932589653,69.93630932589654,Lengyelország (+70%),2004-hez (=100) képest,rel_val,2004
Csehország,2004,100,10261411,100,151.30202272014807,51.302022720148074,Csehország (+51%),2004-hez (=100) képest,rel_val,2004
Csehország,2005,104.83979757870694,10280103,100,151.30202272014807,51.302022720148074,Csehország (+51%),2004-hez (=100) képest,rel_val,2004
Csehország,2006,106.6088760841332,10304542,100,151.30202272014807,51.302022720148074,Csehország (+51%),2004-hez (=100) képest,rel_val,2004
Csehország,2007,115.20545164131424,10337488,100,151.30202272014807,51.302022720148074,Csehország (+51%),2004-hez (=100) képest,rel_val,2004
Csehország,2008,112.6620788487662,10378248,100,151.30202272014807,51.302022720148074,Csehország (+51%),2004-hez (=100) képest,rel_val,2004
Csehország,2009,112.15453283374883,10420931,100,151.30202272014807,51.302022720148074,Csehország (+51%),2004-hez (=100) képest,rel_val,2004
Csehország,2010,114.6708175969189,10463981,100,151.30202272014807,51.302022720148074,Csehország (+51%),2004-hez (=100) képest,rel_val,2004
Csehország,2011,121.5416799773097,10495455,100,151.30202272014807,51.302022720148074,Csehország (+51%),2004-hez (=100) képest,rel_val,2004
Csehország,2012,122.55343414590455,10507287,100,151.30202272014807,51.302022720148074,Csehország (+51%),2004-hez (=100) képest,rel_val,2004
Csehország,2013,120.84475063070056,10511117,100,151.30202272014807,51.302022720148074,Csehország (+51%),2004-hez (=100) képest,rel_val,2004
Csehország,2014,125.38581856722743,10517176,100,151.30202272014807,51.302022720148074,Csehország (+51%),2004-hez (=100) képest,rel_val,2004
Csehország,2015,128.2324351759244,10524367,100,151.30202272014807,51.302022720148074,Csehország (+51%),2004-hez (=100) képest,rel_val,2004
Csehország,2016,129.20358864888266,10531895,100,151.30202272014807,51.302022720148074,Csehország (+51%),2004-hez (=100) képest,rel_val,2004
Csehország,2017,135.4880054934392,10541301,100,151.30202272014807,51.302022720148074,Csehország (+51%),2004-hez (=100) képest,rel_val,2004
Csehország,2018,137.10797295078297,10548878,100,151.30202272014807,51.302022720148074,Csehország (+51%),2004-hez (=100) képest,rel_val,2004
Csehország,2019,148.6576960396483,10554819,100,151.30202272014807,51.302022720148074,Csehország (+51%),2004-hez (=100) képest,rel_val,2004
Csehország,2020,153.3392049440953,10550083,100,151.30202272014807,51.302022720148074,Csehország (+51%),2004-hez (=100) képest,rel_val,2004
Csehország,2021,153.4365642120348,10530619,100,151.30202272014807,51.302022720148074,Csehország (+51%),2004-hez (=100) képest,rel_val,2004
Csehország,2022,152.65558823090356,10673169,100,151.30202272014807,51.302022720148074,Csehország (+51%),2004-hez (=100) képest,rel_val,2004
Csehország,2023,151.30202272014807,10809674,100,151.30202272014807,51.302022720148074,Csehország (+51%),2004-hez (=100) képest,rel_val,2004
Horvátország,2004,100,4310013,100,149.64387035096365,49.64387035096365,Horvátország (+50%),2004-hez (=100) képest,rel_val,2004
Horvátország,2005,104.55321069001755,4313901,100,149.64387035096365,49.64387035096365,Horvátország (+50%),2004-hez (=100) képest,rel_val,2004
Horvátország,2006,104.7049108093455,4315751,100,149.64387035096365,49.64387035096365,Horvátország (+50%),2004-hez (=100) képest,rel_val,2004
Horvátország,2007,111.2466701620379,4315907,100,149.64387035096365,49.64387035096365,Horvátország (+50%),2004-hez (=100) képest,rel_val,2004
Horvátország,2008,115.27819273609437,4314591,100,149.64387035096365,49.64387035096365,Horvátország (+50%),2004-hez (=100) képest,rel_val,2004
Horvátország,2009,110.6641370951708,4310491,100,149.64387035096365,49.64387035096365,Horvátország (+50%),2004-hez (=100) képest,rel_val,2004
Horvátország,2010,111.87973993113096,4301108,100,149.64387035096365,49.64387035096365,Horvátország (+50%),2004-hez (=100) képest,rel_val,2004
Horvátország,2011,121.91543030691363,4280782,100,149.64387035096365,49.64387035096365,Horvátország (+50%),2004-hez (=100) képest,rel_val,2004
Horvátország,2012,129.094846473344,4259181,100,149.64387035096365,49.64387035096365,Horvátország (+50%),2004-hez (=100) képest,rel_val,2004
Horvátország,2013,126.52680717137264,4242353,100,149.64387035096365,49.64387035096365,Horvátország (+50%),2004-hez (=100) képest,rel_val,2004
Horvátország,2014,123.99887030523722,4219439,100,149.64387035096365,49.64387035096365,Horvátország (+50%),2004-hez (=100) képest,rel_val,2004
Horvátország,2015,133.8296918895794,4183681,100,149.64387035096365,49.64387035096365,Horvátország (+50%),2004-hez (=100) képest,rel_val,2004
Horvátország,2016,138.22969024774866,4136388,100,149.64387035096365,49.64387035096365,Horvátország (+50%),2004-hez (=100) képest,rel_val,2004
Horvátország,2017,148.09689134472202,4079152,100,149.64387035096365,49.64387035096365,Horvátország (+50%),2004-hez (=100) képest,rel_val,2004
Horvátország,2018,141.3372149668426,4024820,100,149.64387035096365,49.64387035096365,Horvátország (+50%),2004-hez (=100) képest,rel_val,2004
Horvátország,2019,139.6860481184584,3986292,100,149.64387035096365,49.64387035096365,Horvátország (+50%),2004-hez (=100) képest,rel_val,2004
Horvátország,2020,128.46306568539916,3953898,100,149.64387035096365,49.64387035096365,Horvátország (+50%),2004-hez (=100) képest,rel_val,2004
Horvátország,2021,142.23413701667977,3924558,100,149.64387035096365,49.64387035096365,Horvátország (+50%),2004-hez (=100) képest,rel_val,2004
Horvátország,2022,147.8848071392561,3906988,100,149.64387035096365,49.64387035096365,Horvátország (+50%),2004-hez (=100) képest,rel_val,2004
Horvátország,2023,149.64387035096365,3895973,100,149.64387035096365,49.64387035096365,Horvátország (+50%),2004-hez (=100) képest,rel_val,2004
Szlovákia,2004,100,5375995,100,146.38044838658013,46.38044838658013,Szlovákia (+46%),2004-hez (=100) képest,rel_val,2004
Szlovákia,2005,109.5907190559355,5376650,100,146.38044838658013,46.38044838658013,Szlovákia (+46%),2004-hez (=100) képest,rel_val,2004
Szlovákia,2006,113.29706430369242,5376793,100,146.38044838658013,46.38044838658013,Szlovákia (+46%),2004-hez (=100) képest,rel_val,2004
Szlovákia,2007,122.60678595277182,5376949,100,146.38044838658013,46.38044838658013,Szlovákia (+46%),2004-hez (=100) képest,rel_val,2004
Szlovákia,2008,129.63632993021537,5379075,100,146.38044838658013,46.38044838658013,Szlovákia (+46%),2004-hez (=100) képest,rel_val,2004
Szlovákia,2009,127.79282747987791,5385027,100,146.38044838658013,46.38044838658013,Szlovákia (+46%),2004-hez (=100) képest,rel_val,2004
Szlovákia,2010,136.85033263433664,5391807,100,146.38044838658013,46.38044838658013,Szlovákia (+46%),2004-hez (=100) képest,rel_val,2004
Szlovákia,2011,140.58880641806687,5398048,100,146.38044838658013,46.38044838658013,Szlovákia (+46%),2004-hez (=100) képest,rel_val,2004
Szlovákia,2012,141.07232507809098,5404834,100,146.38044838658013,46.38044838658013,Szlovákia (+46%),2004-hez (=100) képest,rel_val,2004
Szlovákia,2013,136.65238358297364,5410370,100,146.38044838658013,46.38044838658013,Szlovákia (+46%),2004-hez (=100) képest,rel_val,2004
Szlovákia,2014,141.7307021720654,5415184,100,146.38044838658013,46.38044838658013,Szlovákia (+46%),2004-hez (=100) képest,rel_val,2004
Szlovákia,2015,139.56181135993822,5420221,100,146.38044838658013,46.38044838658013,Szlovákia (+46%),2004-hez (=100) képest,rel_val,2004
Szlovákia,2016,130.95835845576315,5427217,100,146.38044838658013,46.38044838658013,Szlovákia (+46%),2004-hez (=100) képest,rel_val,2004
Szlovákia,2017,129.4578510045883,5435643,100,146.38044838658013,46.38044838658013,Szlovákia (+46%),2004-hez (=100) képest,rel_val,2004
Szlovákia,2018,125.01308185469136,5443188,100,146.38044838658013,46.38044838658013,Szlovákia (+46%),2004-hez (=100) képest,rel_val,2004
Szlovákia,2019,123.03489911057363,5450575,100,146.38044838658013,46.38044838658013,Szlovákia (+46%),2004-hez (=100) képest,rel_val,2004
Szlovákia,2020,149.00121516079557,5454981,100,146.38044838658013,46.38044838658013,Szlovákia (+46%),2004-hez (=100) képest,rel_val,2004
Szlovákia,2021,153.12535782720184,5442712,100,146.38044838658013,46.38044838658013,Szlovákia (+46%),2004-hez (=100) képest,rel_val,2004
Szlovákia,2022,146.14613801853352,5473145,100,146.38044838658013,46.38044838658013,Szlovákia (+46%),2004-hez (=100) képest,rel_val,2004
Szlovákia,2023,146.38044838658013,5518008,100,146.38044838658013,46.38044838658013,Szlovákia (+46%),2004-hez (=100) képest,rel_val,2004
Magyarország,2004,100,10085736,100,144.21149781977536,44.21149781977536,Magyarország (+44%),2004-hez (=100) képest,rel_val,2004
Magyarország,2005,109.44739719808864,10065654,100,144.21149781977536,44.21149781977536,Magyarország (+44%),2004-hez (=100) képest,rel_val,2004
Magyarország,2006,109.31681161471116,10049900,100,144.21149781977536,44.21149781977536,Magyarország (+44%),2004-hez (=100) képest,rel_val,2004
Magyarország,2007,112.95765377351763,10034027,100,144.21149781977536,44.21149781977536,Magyarország (+44%),2004-hez (=100) képest,rel_val,2004
Magyarország,2008,122.52383977209557,10016610,100,144.21149781977536,44.21149781977536,Magyarország (+44%),2004-hez (=100) képest,rel_val,2004
Magyarország,2009,124.06068840138468,10001329,100,144.21149781977536,44.21149781977536,Magyarország (+44%),2004-hez (=100) képest,rel_val,2004
Magyarország,2010,129.9702770806427,9979076,100,144.21149781977536,44.21149781977536,Magyarország (+44%),2004-hez (=100) képest,rel_val,2004
Magyarország,2011,134.63850559185565,9946626,100,144.21149781977536,44.21149781977536,Magyarország (+44%),2004-hez (=100) képest,rel_val,2004
Magyarország,2012,132.7513030710027,9916568,100,144.21149781977536,44.21149781977536,Magyarország (+44%),2004-hez (=100) képest,rel_val,2004
Magyarország,2013,130.0803554064438,9889294,100,144.21149781977536,44.21149781977536,Magyarország (+44%),2004-hez (=100) képest,rel_val,2004
Magyarország,2014,126.09813894593582,9862785,100,144.21149781977536,44.21149781977536,Magyarország (+44%),2004-hez (=100) képest,rel_val,2004
Magyarország,2015,124.35565907140754,9839162,100,144.21149781977536,44.21149781977536,Magyarország (+44%),2004-hez (=100) képest,rel_val,2004
Magyarország,2016,119.71528909050348,9810479,100,144.21149781977536,44.21149781977536,Magyarország (+44%),2004-hez (=100) képest,rel_val,2004
Magyarország,2017,125.27055868753007,9785561,100,144.21149781977536,44.21149781977536,Magyarország (+44%),2004-hez (=100) képest,rel_val,2004
Magyarország,2018,128.04525876803638,9774342,100,144.21149781977536,44.21149781977536,Magyarország (+44%),2004-hez (=100) képest,rel_val,2004
Magyarország,2019,137.78371254329815,9770300,100,144.21149781977536,44.21149781977536,Magyarország (+44%),2004-hez (=100) képest,rel_val,2004
Magyarország,2020,137.41126395528246,9749421,100,144.21149781977536,44.21149781977536,Magyarország (+44%),2004-hez (=100) képest,rel_val,2004
Magyarország,2021,141.66415577667135,9707794,100,144.21149781977536,44.21149781977536,Magyarország (+44%),2004-hez (=100) képest,rel_val,2004
Magyarország,2022,143.25533841897425,9684259,100,144.21149781977536,44.21149781977536,Magyarország (+44%),2004-hez (=100) képest,rel_val,2004
Magyarország,2023,144.21149781977536,9686418,100,144.21149781977536,44.21149781977536,Magyarország (+44%),2004-hez (=100) képest,rel_val,2004
Szlovénia,2004,100,1993503,100,142.03955515967098,42.03955515967098,Szlovénia (+42%),2004-hez (=100) képest,rel_val,2004
Szlovénia,2005,109.30288259888653,1996858,100,142.03955515967098,42.03955515967098,Szlovénia (+42%),2004-hez (=100) képest,rel_val,2004
Szlovénia,2006,109.2580144549376,2003069,100,142.03955515967098,42.03955515967098,Szlovénia (+42%),2004-hez (=100) képest,rel_val,2004
Szlovénia,2007,111.11610749811256,2014110,100,142.03955515967098,42.03955515967098,Szlovénia (+42%),2004-hez (=100) képest,rel_val,2004
Szlovénia,2008,117.80701289641804,2025041,100,142.03955515967098,42.03955515967098,Szlovénia (+42%),2004-hez (=100) képest,rel_val,2004
Szlovénia,2009,110.71564965540382,2035555,100,142.03955515967098,42.03955515967098,Szlovénia (+42%),2004-hez (=100) képest,rel_val,2004
Szlovénia,2010,114.28804796531522,2044566,100,142.03955515967098,42.03955515967098,Szlovénia (+42%),2004-hez (=100) képest,rel_val,2004
Szlovénia,2011,123.92975955531419,2048754,100,142.03955515967098,42.03955515967098,Szlovénia (+42%),2004-hez (=100) képest,rel_val,2004
Szlovénia,2012,124.89239095882064,2053274,100,142.03955515967098,42.03955515967098,Szlovénia (+42%),2004-hez (=100) képest,rel_val,2004
Szlovénia,2013,122.11705618617465,2056403,100,142.03955515967098,42.03955515967098,Szlovénia (+42%),2004-hez (=100) képest,rel_val,2004
Szlovénia,2014,122.28741440283979,2058351,100,142.03955515967098,42.03955515967098,Szlovénia (+42%),2004-hez (=100) képest,rel_val,2004
Szlovénia,2015,118.2601397590255,2059899,100,142.03955515967098,42.03955515967098,Szlovénia (+42%),2004-hez (=100) képest,rel_val,2004
Szlovénia,2016,121.85362830412767,2061329,100,142.03955515967098,42.03955515967098,Szlovénia (+42%),2004-hez (=100) képest,rel_val,2004
Szlovénia,2017,125.06713665081656,2062366,100,142.03955515967098,42.03955515967098,Szlovénia (+42%),2004-hez (=100) képest,rel_val,2004
Szlovénia,2018,129.95984770217706,2069431,100,142.03955515967098,42.03955515967098,Szlovénia (+42%),2004-hez (=100) képest,rel_val,2004
Szlovénia,2019,136.7517919663395,2083395,100,142.03955515967098,42.03955515967098,Szlovénia (+42%),2004-hez (=100) képest,rel_val,2004
Szlovénia,2020,140.14134293169445,2102370,100,142.03955515967098,42.03955515967098,Szlovénia (+42%),2004-hez (=100) képest,rel_val,2004
Szlovénia,2021,141.00695318260287,2113450,100,142.03955515967098,42.03955515967098,Szlovénia (+42%),2004-hez (=100) képest,rel_val,2004
Szlovénia,2022,138.48437562086914,2115184,100,142.03955515967098,42.03955515967098,Szlovénia (+42%),2004-hez (=100) képest,rel_val,2004
Szlovénia,2023,142.03955515967098,2118353,100,142.03955515967098,42.03955515967098,Szlovénia (+42%),2004-hez (=100) képest,rel_val,2004
Románia,2010,100,20432524,100,185.4365394246883,85.4365394246883,Románia (+85%),2010-hez (=100) képest,rel_val,2010
Románia,2011,109.38028644462393,20281955,100,185.4365394246883,85.4365394246883,Románia (+85%),2010-hez (=100) képest,rel_val,2010
Románia,2012,116.15230041766691,20158399,100,185.4365394246883,85.4365394246883,Románia (+85%),2010-hez (=100) képest,rel_val,2010
Románia,2013,111.0717911661488,20062861,100,185.4365394246883,85.4365394246883,Románia (+85%),2010-hez (=100) képest,rel_val,2010
Románia,2014,114.68789211049317,19968125,100,185.4365394246883,85.4365394246883,Románia (+85%),2010-hez (=100) képest,rel_val,2010
Románia,2015,122.65872652457679,19870968,100,185.4365394246883,85.4365394246883,Románia (+85%),2010-hez (=100) képest,rel_val,2010
Románia,2016,127.25434668421866,19777001,100,185.4365394246883,85.4365394246883,Románia (+85%),2010-hez (=100) képest,rel_val,2010
Románia,2017,138.19903176588596,19689357,100,185.4365394246883,85.4365394246883,Románia (+85%),2010-hez (=100) képest,rel_val,2010
Románia,2018,142.38903426909079,19597823,100,185.4365394246883,85.4365394246883,Románia (+85%),2010-hez (=100) képest,rel_val,2010
Románia,2019,155.8715515202292,19501499,100,185.4365394246883,85.4365394246883,Románia (+85%),2010-hez (=100) képest,rel_val,2010
Románia,2020,158.15496275621166,19392420,100,185.4365394246883,85.4365394246883,Románia (+85%),2010-hez (=100) képest,rel_val,2010
Románia,2021,173.68000849238334,19248115,100,185.4365394246883,85.4365394246883,Románia (+85%),2010-hez (=100) képest,rel_val,2010
Románia,2022,180.36080024563316,19166726,100,185.4365394246883,85.4365394246883,Románia (+85%),2010-hez (=100) képest,rel_val,2010
Románia,2023,185.4365394246883,19118433,100,185.4365394246883,85.4365394246883,Románia (+85%),2010-hez (=100) képest,rel_val,2010
Litvánia,2010,100,3097660,100,146.42225128171776,46.42225128171776,Litvánia (+46%),2010-hez (=100) képest,rel_val,2010
Litvánia,2011,114.69137986006132,3028588,100,146.42225128171776,46.42225128171776,Litvánia (+46%),2010-hez (=100) képest,rel_val,2010
Litvánia,2012,119.86091179651335,2988281,100,146.42225128171776,46.42225128171776,Litvánia (+46%),2010-hez (=100) képest,rel_val,2010
Litvánia,2013,118.30599355959474,2958306,100,146.42225128171776,46.42225128171776,Litvánia (+46%),2010-hez (=100) képest,rel_val,2010
Litvánia,2014,120.74837711719691,2933118,100,146.42225128171776,46.42225128171776,Litvánia (+46%),2010-hez (=100) képest,rel_val,2010
Litvánia,2015,117.79844345280983,2905726,100,146.42225128171776,46.42225128171776,Litvánia (+46%),2010-hez (=100) képest,rel_val,2010
Litvánia,2016,115.99962149715569,2869051,100,146.42225128171776,46.42225128171776,Litvánia (+46%),2010-hez (=100) képest,rel_val,2010
Litvánia,2017,124.99455490347263,2829273,100,146.42225128171776,46.42225128171776,Litvánia (+46%),2010-hez (=100) képest,rel_val,2010
Litvánia,2018,127.59857393989613,2802430,100,146.42225128171776,46.42225128171776,Litvánia (+46%),2010-hez (=100) képest,rel_val,2010
Litvánia,2019,137.6356591653878,2795011,100,146.42225128171776,46.42225128171776,Litvánia (+46%),2010-hez (=100) képest,rel_val,2010
Litvánia,2020,143.64660036237194,2795711,100,146.42225128171776,46.42225128171776,Litvánia (+46%),2010-hez (=100) képest,rel_val,2010
Litvánia,2021,154.22447366202235,2794443,100,146.42225128171776,46.42225128171776,Litvánia (+46%),2010-hez (=100) képest,rel_val,2010
Litvánia,2022,148.61330321579774,2816872,100,146.42225128171776,46.42225128171776,Litvánia (+46%),2010-hez (=100) képest,rel_val,2010
Litvánia,2023,146.42225128171776,2854061,100,146.42225128171776,46.42225128171776,Litvánia (+46%),2010-hez (=100) képest,rel_val,2010
Lettország,2010,100,2097787,100,142.50353881685285,42.50353881685285,Lettország (+43%),2010-hez (=100) képest,rel_val,2010
Lettország,2011,104.1380511079655,2059892,100,142.50353881685285,42.50353881685285,Lettország (+43%),2010-hez (=100) képest,rel_val,2010
Lettország,2012,109.84103667088843,2034577,100,142.50353881685285,42.50353881685285,Lettország (+43%),2010-hez (=100) képest,rel_val,2010
Lettország,2013,106.23923373682864,2012960,100,142.50353881685285,42.50353881685285,Lettország (+43%),2010-hez (=100) képest,rel_val,2010
Lettország,2014,111.45321797492217,1994096,100,142.50353881685285,42.50353881685285,Lettország (+43%),2010-hez (=100) képest,rel_val,2010
Lettország,2015,115.93740586099332,1977815,100,142.50353881685285,42.50353881685285,Lettország (+43%),2010-hez (=100) képest,rel_val,2010
Lettország,2016,118.86060462750916,1959817,100,142.50353881685285,42.50353881685285,Lettország (+43%),2010-hez (=100) képest,rel_val,2010
Lettország,2017,126.16743057602544,1942550,100,142.50353881685285,42.50353881685285,Lettország (+43%),2010-hez (=100) képest,rel_val,2010
Lettország,2018,125.48580748188482,1927526,100,142.50353881685285,42.50353881685285,Lettország (+43%),2010-hez (=100) képest,rel_val,2010
Lettország,2019,129.74334912979117,1914220,100,142.50353881685285,42.50353881685285,Lettország (+43%),2010-hez (=100) képest,rel_val,2010
Lettország,2020,135.90805878484966,1901069,100,142.50353881685285,42.50353881685285,Lettország (+43%),2010-hez (=100) képest,rel_val,2010
Lettország,2021,140.75126571412838,1885546,100,142.50353881685285,42.50353881685285,Lettország (+43%),2010-hez (=100) képest,rel_val,2010
Lettország,2022,139.367385875181,1881016,100,142.50353881685285,42.50353881685285,Lettország (+43%),2010-hez (=100) képest,rel_val,2010
Lettország,2023,142.50353881685285,1882336,100,142.50353881685285,42.50353881685285,Lettország (+43%),2010-hez (=100) képest,rel_val,2010
Bulgária,2010,100,7437542,100,141.4933838075304,41.49338380753039,Bulgária (+41%),2010-hez (=100) képest,rel_val,2010
Bulgária,2011,101.1623933909329,7379973,100,141.4933838075304,41.49338380753039,Bulgária (+41%),2010-hez (=100) képest,rel_val,2010
Bulgária,2012,104.91997701648513,7316974,100,141.4933838075304,41.49338380753039,Bulgária (+41%),2010-hez (=100) képest,rel_val,2010
Bulgária,2013,98.48631722750261,7264556,100,141.4933838075304,41.49338380753039,Bulgária (+41%),2010-hez (=100) képest,rel_val,2010
Bulgária,2014,100.44532838942655,7223406,100,141.4933838075304,41.49338380753039,Bulgária (+41%),2010-hez (=100) képest,rel_val,2010
Bulgária,2015,102.34994589120295,7177463,100,141.4933838075304,41.49338380753039,Bulgária (+41%),2010-hez (=100) képest,rel_val,2010
Bulgária,2016,108.24769082371623,7127389,100,141.4933838075304,41.49338380753039,Bulgária (+41%),2010-hez (=100) képest,rel_val,2010
Bulgária,2017,107.96718422621079,7075586,100,141.4933838075304,41.49338380753039,Bulgária (+41%),2010-hez (=100) képest,rel_val,2010
Bulgária,2018,110.30305408190597,7024687,100,141.4933838075304,41.49338380753039,Bulgária (+41%),2010-hez (=100) képest,rel_val,2010
Bulgária,2019,116.34385346702706,6975420,100,141.4933838075304,41.49338380753039,Bulgária (+41%),2010-hez (=100) képest,rel_val,2010
Bulgária,2020,118.92242668725176,6933606,100,141.4933838075304,41.49338380753039,Bulgária (+41%),2010-hez (=100) képest,rel_val,2010
Bulgária,2021,131.5243184213449,6877173,100,141.4933838075304,41.49338380753039,Bulgária (+41%),2010-hez (=100) képest,rel_val,2010
Bulgária,2022,134.0698323288174,6825817,100,141.4933838075304,41.49338380753039,Bulgária (+41%),2010-hez (=100) képest,rel_val,2010
Bulgária,2023,141.4933838075304,6795757,100,141.4933838075304,41.49338380753039,Bulgária (+41%),2010-hez (=100) képest,rel_val,2010
Lengyelország,2010,100,38095304,100,134.0670269764884,34.06702697648839,Lengyelország (+34%),2010-hez (=100) képest,rel_val,2010
Lengyelország,2011,109.27082401288,38208597,100,134.0670269764884,34.06702697648839,Lengyelország (+34%),2010-hez (=100) képest,rel_val,2010
Lengyelország,2012,111.66510896646083,38247820,100,134.0670269764884,34.06702697648839,Lengyelország (+34%),2010-hez (=100) képest,rel_val,2010
Lengyelország,2013,110.01317335405723,38259214,100,134.0670269764884,34.06702697648839,Lengyelország (+34%),2010-hez (=100) képest,rel_val,2010
Lengyelország,2014,109.51131898824875,38265064,100,134.0670269764884,34.06702697648839,Lengyelország (+34%),2010-hez (=100) képest,rel_val,2010
Lengyelország,2015,112.98026202213569,38266267,100,134.0670269764884,34.06702697648839,Lengyelország (+34%),2010-hez (=100) képest,rel_val,2010
Lengyelország,2016,114.24854336748787,38263203,100,134.0670269764884,34.06702697648839,Lengyelország (+34%),2010-hez (=100) képest,rel_val,2010
Lengyelország,2017,118.74917228631377,38254908,100,134.0670269764884,34.06702697648839,Lengyelország (+34%),2010-hez (=100) képest,rel_val,2010
Lengyelország,2018,124.32739110044541,38241017,100,134.0670269764884,34.06702697648839,Lengyelország (+34%),2010-hez (=100) képest,rel_val,2010
Lengyelország,2019,131.5304843863766,38225836,100,134.0670269764884,34.06702697648839,Lengyelország (+34%),2010-hez (=100) képest,rel_val,2010
Lengyelország,2020,127.81523443435957,38170958,100,134.0670269764884,34.06702697648839,Lengyelország (+34%),2010-hez (=100) képest,rel_val,2010
Lengyelország,2021,128.84232876965652,38040252,100,134.0670269764884,34.06702697648839,Lengyelország (+34%),2010-hez (=100) képest,rel_val,2010
Lengyelország,2022,135.90741138711203,38385689,100,134.0670269764884,34.06702697648839,Lengyelország (+34%),2010-hez (=100) képest,rel_val,2010
Lengyelország,2023,134.0670269764884,38762796,100,134.0670269764884,34.06702697648839,Lengyelország (+34%),2010-hez (=100) képest,rel_val,2010
Horvátország,2010,100,4301108,100,133.75421720061104,33.75421720061104,Horvátország (+34%),2010-hez (=100) képest,rel_val,2010
Horvátország,2011,108.97006945311124,4280782,100,133.75421720061104,33.75421720061104,Horvátország (+34%),2010-hez (=100) képest,rel_val,2010
Horvátország,2012,115.38715280604872,4259181,100,133.75421720061104,33.75421720061104,Horvátország (+34%),2010-hez (=100) képest,rel_val,2010
Horvátország,2013,113.09179593129004,4242353,100,133.75421720061104,33.75421720061104,Horvátország (+34%),2010-hez (=100) képest,rel_val,2010
Horvátország,2014,110.83228329058178,4219439,100,133.75421720061104,33.75421720061104,Horvátország (+34%),2010-hez (=100) képest,rel_val,2010
Horvátország,2015,119.61923755986564,4183681,100,133.75421720061104,33.75421720061104,Horvátország (+34%),2010-hez (=100) képest,rel_val,2010
Horvátország,2016,123.55203036120548,4136388,100,133.75421720061104,33.75421720061104,Horvátország (+34%),2010-hez (=100) képest,rel_val,2010
Horvátország,2017,132.3715012529391,4079152,100,133.75421720061104,33.75421720061104,Horvátország (+34%),2010-hez (=100) képest,rel_val,2010
Horvátország,2018,126.32958840791422,4024820,100,133.75421720061104,33.75421720061104,Horvátország (+34%),2010-hez (=100) képest,rel_val,2010
Horvátország,2019,124.8537476083194,3986292,100,133.75421720061104,33.75421720061104,Horvátország (+34%),2010-hez (=100) képest,rel_val,2010
Horvátország,2020,114.82245647377826,3953898,100,133.75421720061104,33.75421720061104,Horvátország (+34%),2010-hez (=100) képest,rel_val,2010
Horvátország,2021,127.13127247545789,3924558,100,133.75421720061104,33.75421720061104,Horvátország (+34%),2010-hez (=100) képest,rel_val,2010
Horvátország,2022,132.1819368102648,3906988,100,133.75421720061104,33.75421720061104,Horvátország (+34%),2010-hez (=100) képest,rel_val,2010
Horvátország,2023,133.75421720061104,3895973,100,133.75421720061104,33.75421720061104,Horvátország (+34%),2010-hez (=100) képest,rel_val,2010
Csehország,2010,100,10463981,100,131.94466202551385,31.94466202551385,Csehország (+32%),2010-hez (=100) képest,rel_val,2010
Csehország,2011,105.9918142421751,10495455,100,131.94466202551385,31.94466202551385,Csehország (+32%),2010-hez (=100) képest,rel_val,2010
Csehország,2012,106.87412605419276,10507287,100,131.94466202551385,31.94466202551385,Csehország (+32%),2010-hez (=100) képest,rel_val,2010
Csehország,2013,105.38404902237966,10511117,100,131.94466202551385,31.94466202551385,Csehország (+32%),2010-hez (=100) képest,rel_val,2010
Csehország,2014,109.34413933279258,10517176,100,131.94466202551385,31.94466202551385,Csehország (+32%),2010-hez (=100) képest,rel_val,2010
Csehország,2015,111.82656395341677,10524367,100,131.94466202551385,31.94466202551385,Csehország (+32%),2010-hez (=100) képest,rel_val,2010
Csehország,2016,112.67346946373762,10531895,100,131.94466202551385,31.94466202551385,Csehország (+32%),2010-hez (=100) képest,rel_val,2010
Csehország,2017,118.1538671588574,10541301,100,131.94466202551385,31.94466202551385,Csehország (+32%),2010-hez (=100) képest,rel_val,2010
Csehország,2018,119.56657833620167,10548878,100,131.94466202551385,31.94466202551385,Csehország (+32%),2010-hez (=100) képest,rel_val,2010
Csehország,2019,129.63864665393527,10554819,100,131.94466202551385,31.94466202551385,Csehország (+32%),2010-hez (=100) képest,rel_val,2010
Csehország,2020,133.7212101191257,10550083,100,131.94466202551385,31.94466202551385,Csehország (+32%),2010-hez (=100) képest,rel_val,2010
Csehország,2021,133.80611338394914,10530619,100,131.94466202551385,31.94466202551385,Csehország (+32%),2010-hez (=100) képest,rel_val,2010
Csehország,2022,133.12505433379354,10673169,100,131.94466202551385,31.94466202551385,Csehország (+32%),2010-hez (=100) képest,rel_val,2010
Csehország,2023,131.94466202551385,10809674,100,131.94466202551385,31.94466202551385,Csehország (+32%),2010-hez (=100) képest,rel_val,2010
Észtország,2010,100,1331406,100,131.90059191484107,31.900591914841073,Észtország (+32%),2010-hez (=100) képest,rel_val,2010
Észtország,2011,106.32872193034197,1327315,100,131.90059191484107,31.900591914841073,Észtország (+32%),2010-hez (=100) képest,rel_val,2010
Észtország,2012,113.28790518388455,1322570,100,131.90059191484107,31.900591914841073,Észtország (+32%),2010-hez (=100) képest,rel_val,2010
Észtország,2013,113.30698123431048,1317872,100,131.90059191484107,31.900591914841073,Észtország (+32%),2010-hez (=100) képest,rel_val,2010
Észtország,2014,115.77840288161245,1314402,100,131.90059191484107,31.900591914841073,Észtország (+32%),2010-hez (=100) képest,rel_val,2010
Észtország,2015,110.17722293858625,1314538,100,131.90059191484107,31.900591914841073,Észtország (+32%),2010-hez (=100) képest,rel_val,2010
Észtország,2016,113.60283291494626,1315802,100,131.90059191484107,31.900591914841073,Észtország (+32%),2010-hez (=100) képest,rel_val,2010
Észtország,2017,117.66195638257497,1317381,100,131.90059191484107,31.900591914841073,Észtország (+32%),2010-hez (=100) képest,rel_val,2010
Észtország,2018,126.99696383580934,1321918,100,131.90059191484107,31.900591914841073,Észtország (+32%),2010-hez (=100) képest,rel_val,2010
Észtország,2019,135.9166649519655,1326772,100,131.90059191484107,31.900591914841073,Észtország (+32%),2010-hez (=100) képest,rel_val,2010
Észtország,2020,144.0645104871123,1329618,100,131.90059191484107,31.900591914841073,Észtország (+32%),2010-hez (=100) képest,rel_val,2010
Észtország,2021,151.4294892019552,1331699,100,131.90059191484107,31.900591914841073,Észtország (+32%),2010-hez (=100) képest,rel_val,2010
Észtország,2022,144.0436340004664,1350038,100,131.90059191484107,31.900591914841073,Észtország (+32%),2010-hez (=100) képest,rel_val,2010
Észtország,2023,131.90059191484107,1367143,100,131.90059191484107,31.900591914841073,Észtország (+32%),2010-hez (=100) képest,rel_val,2010
Szlovénia,2010,100,2044566,100,124.2820729625008,24.282072962500806,Szlovénia (+24%),2010-hez (=100) képest,rel_val,2010
Szlovénia,2011,108.43632537404532,2048754,100,124.2820729625008,24.282072962500806,Szlovénia (+24%),2010-hez (=100) képest,rel_val,2010
Szlovénia,2012,109.2786106529037,2053274,100,124.2820729625008,24.282072962500806,Szlovénia (+24%),2010-hez (=100) képest,rel_val,2010
Szlovénia,2013,106.85024231338296,2056403,100,124.2820729625008,24.282072962500806,Szlovénia (+24%),2010-hez (=100) képest,rel_val,2010
Szlovénia,2014,106.9993027091969,2058351,100,124.2820729625008,24.282072962500806,Szlovénia (+24%),2010-hez (=100) képest,rel_val,2010
Szlovénia,2015,103.47550935065036,2059899,100,124.2820729625008,24.282072962500806,Szlovénia (+24%),2010-hez (=100) képest,rel_val,2010
Szlovénia,2016,106.61974762322346,2061329,100,124.2820729625008,24.282072962500806,Szlovénia (+24%),2010-hez (=100) képest,rel_val,2010
Szlovénia,2017,109.43151001124163,2062366,100,124.2820729625008,24.282072962500806,Szlovénia (+24%),2010-hez (=100) képest,rel_val,2010
Szlovénia,2018,113.7125447637517,2069431,100,124.2820729625008,24.282072962500806,Szlovénia (+24%),2010-hez (=100) képest,rel_val,2010
Szlovénia,2019,119.65537464411128,2083395,100,124.2820729625008,24.282072962500806,Szlovénia (+24%),2010-hez (=100) képest,rel_val,2010
Szlovénia,2020,122.62117117813172,2102370,100,124.2820729625008,24.282072962500806,Szlovénia (+24%),2010-hez (=100) képest,rel_val,2010
Szlovénia,2021,123.3785646819311,2113450,100,124.2820729625008,24.282072962500806,Szlovénia (+24%),2010-hez (=100) képest,rel_val,2010
Szlovénia,2022,121.17135438597846,2115184,100,124.2820729625008,24.282072962500806,Szlovénia (+24%),2010-hez (=100) képest,rel_val,2010
Szlovénia,2023,124.2820729625008,2118353,100,124.2820729625008,24.282072962500806,Szlovénia (+24%),2010-hez (=100) képest,rel_val,2010
Magyarország,2010,100,9979076,100,110.95729043517882,10.95729043517882,Magyarország (+11%),2010-hez (=100) képest,rel_val,2010
Magyarország,2011,103.59176622230055,9946626,100,110.95729043517882,10.95729043517882,Magyarország (+11%),2010-hez (=100) képest,rel_val,2010
Magyarország,2012,102.13973998734686,9916568,100,110.95729043517882,10.95729043517882,Magyarország (+11%),2010-hez (=100) képest,rel_val,2010
Magyarország,2013,100.08469499971352,9889294,100,110.95729043517882,10.95729043517882,Magyarország (+11%),2010-hez (=100) képest,rel_val,2010
Magyarország,2014,97.02075103501986,9862785,100,110.95729043517882,10.95729043517882,Magyarország (+11%),2010-hez (=100) képest,rel_val,2010
Magyarország,2015,95.6800753715779,9839162,100,110.95729043517882,10.95729043517882,Magyarország (+11%),2010-hez (=100) képest,rel_val,2010
Magyarország,2016,92.10974368872331,9810479,100,110.95729043517882,10.95729043517882,Magyarország (+11%),2010-hez (=100) képest,rel_val,2010
Magyarország,2017,96.384005252065,9785561,100,110.95729043517882,10.95729043517882,Magyarország (+11%),2010-hez (=100) képest,rel_val,2010
Magyarország,2018,98.51887804208351,9774342,100,110.95729043517882,10.95729043517882,Magyarország (+11%),2010-hez (=100) képest,rel_val,2010
Magyarország,2019,106.0117094755499,9770300,100,110.95729043517882,10.95729043517882,Magyarország (+11%),2010-hez (=100) képest,rel_val,2010
Magyarország,2020,105.72514504221829,9749421,100,110.95729043517882,10.95729043517882,Magyarország (+11%),2010-hez (=100) képest,rel_val,2010
Magyarország,2021,108.99734843896114,9707794,100,110.95729043517882,10.95729043517882,Magyarország (+11%),2010-hez (=100) képest,rel_val,2010
Magyarország,2022,110.22161500055016,9684259,100,110.95729043517882,10.95729043517882,Magyarország (+11%),2010-hez (=100) képest,rel_val,2010
Magyarország,2023,110.95729043517882,9686418,100,110.95729043517882,10.95729043517882,Magyarország (+11%),2010-hez (=100) képest,rel_val,2010
Szlovákia,2010,100.00000000000001,5391807,100.00000000000001,106.96389666637342,6.963896666373401,Szlovákia (+7%),2010-hez (=100) képest,rel_val,2010
Szlovákia,2011,102.7317973670692,5398048,100.00000000000001,106.96389666637342,6.963896666373401,Szlovákia (+7%),2010-hez (=100) képest,rel_val,2010
Szlovákia,2012,103.08511668366602,5404834,100.00000000000001,106.96389666637342,6.963896666373401,Szlovákia (+7%),2010-hez (=100) képest,rel_val,2010
Szlovákia,2013,99.8553536205923,5410370,100.00000000000001,106.96389666637342,6.963896666373401,Szlovákia (+7%),2010-hez (=100) képest,rel_val,2010
Szlovákia,2014,103.5662094813968,5415184,100.00000000000001,106.96389666637342,6.963896666373401,Szlovákia (+7%),2010-hez (=100) képest,rel_val,2010
Szlovákia,2015,101.98134609789123,5420221,100.00000000000001,106.96389666637342,6.963896666373401,Szlovákia (+7%),2010-hez (=100) képest,rel_val,2010
Szlovákia,2016,95.69458541667062,5427217,100.00000000000001,106.96389666637342,6.963896666373401,Szlovákia (+7%),2010-hez (=100) képest,rel_val,2010
Szlovákia,2017,94.59812666330815,5435643,100.00000000000001,106.96389666637342,6.963896666373401,Szlovákia (+7%),2010-hez (=100) képest,rel_val,2010
Szlovákia,2018,91.3502214048143,5443188,100.00000000000001,106.96389666637342,6.963896666373401,Szlovákia (+7%),2010-hez (=100) képest,rel_val,2010
Szlovákia,2019,89.90471323100269,5450575,100.00000000000001,106.96389666637342,6.963896666373401,Szlovákia (+7%),2010-hez (=100) képest,rel_val,2010
Szlovákia,2020,108.87895724661924,5454981,100.00000000000001,106.96389666637342,6.963896666373401,Szlovákia (+7%),2010-hez (=100) képest,rel_val,2010
Szlovákia,2021,111.89257262264171,5442712,100.00000000000001,106.96389666637342,6.963896666373401,Szlovákia (+7%),2010-hez (=100) képest,rel_val,2010
Szlovákia,2022,106.7926801530218,5473145,100.00000000000001,106.96389666637342,6.963896666373401,Szlovákia (+7%),2010-hez (=100) képest,rel_val,2010
Szlovákia,2023,106.96389666637342,5518008,100.00000000000001,106.96389666637342,6.963896666373401,Szlovákia (+7%),2010-hez (=100) képest,rel_val,2010
