Entity,Code,Year,GDP per person employed (constant 2021 PPP $)
Afghanistan,AFG,2000,7550.4775
Afghanistan,AFG,2001,6812.819
Afghanistan,AFG,2002,8326.909
Afghanistan,AFG,2003,8519.656
Afghanistan,AFG,2004,8326.42
Afghanistan,AFG,2005,8912.153
Afghanistan,AFG,2006,8973.674
Afghanistan,AFG,2007,9947.904
Afghanistan,AFG,2008,10042.219
Afghanistan,AFG,2009,11636.337
Afghanistan,AFG,2010,12801.002
Afghanistan,AFG,2011,12273.514
Afghanistan,AFG,2012,13168.8125
Afghanistan,AFG,2013,13316.907
Afghanistan,AFG,2014,13059.329
Afghanistan,AFG,2015,12873.569
Afghanistan,AFG,2016,12860.514
Afghanistan,AFG,2017,12864.566
Afghanistan,AFG,2018,13030.553
Afghanistan,AFG,2019,13569.773
Afghanistan,AFG,2020,13526.939
Afghanistan,AFG,2021,10611.84
Afghanistan,AFG,2022,10863.252
Afghanistan,AFG,2023,10784.025
Albania,ALB,1991,10333.438
Albania,ALB,1992,12206.913
Albania,ALB,1993,12714.405
Albania,ALB,1994,13174.523
Albania,ALB,1995,14099.91
Albania,ALB,1996,15218.915
Albania,ALB,1997,13759.646
Albania,ALB,1998,15677.744
Albania,ALB,1999,18041.326
Albania,ALB,2000,19107.736
Albania,ALB,2001,20899.883
Albania,ALB,2002,21623.31
Albania,ALB,2003,22769.182
Albania,ALB,2004,24048.543
Albania,ALB,2005,25500.484
Albania,ALB,2006,27312.795
Albania,ALB,2007,29681.336
Albania,ALB,2008,31195.176
Albania,ALB,2009,31078.963
Albania,ALB,2010,31851.137
Albania,ALB,2011,29635.71
Albania,ALB,2012,31236.307
Albania,ALB,2013,35410.04
Albania,ALB,2014,36363.668
Albania,ALB,2015,35341.305
Albania,ALB,2016,34702.07
Albania,ALB,2017,34539.188
Albania,ALB,2018,34502.652
Albania,ALB,2019,34333.992
Albania,ALB,2020,34840.723
Albania,ALB,2021,37448.42
Albania,ALB,2022,38073.168
Albania,ALB,2023,39921.38
Albania,ALB,2024,41779.25
Algeria,DZA,1991,53108.86
Algeria,DZA,1992,55019.93
Algeria,DZA,1993,53493.234
Algeria,DZA,1994,52388.203
Algeria,DZA,1995,55938.836
Algeria,DZA,1996,53688.574
Algeria,DZA,1997,50850.812
Algeria,DZA,1998,53081.266
Algeria,DZA,1999,54554.56
Algeria,DZA,2000,56081.605
Algeria,DZA,2001,54378.215
Algeria,DZA,2002,54892.76
Algeria,DZA,2003,55512.426
Algeria,DZA,2004,52535.67
Algeria,DZA,2005,52682.668
Algeria,DZA,2006,51250.844
Algeria,DZA,2007,52648.984
Algeria,DZA,2008,51338.383
Algeria,DZA,2009,50172.566
Algeria,DZA,2010,51012.277
Algeria,DZA,2011,51791.906
Algeria,DZA,2012,52977.945
Algeria,DZA,2013,53144.82
Algeria,DZA,2014,55151.953
Algeria,DZA,2015,56972.867
Algeria,DZA,2016,57888.953
Algeria,DZA,2017,59142.79
Algeria,DZA,2018,59311.453
Algeria,DZA,2019,59207.387
Algeria,DZA,2020,60380.03
Algeria,DZA,2021,60966.52
Algeria,DZA,2022,58903.42
Algeria,DZA,2023,60159.09
Algeria,DZA,2024,61393.695
Angola,AGO,1991,20549.791
Angola,AGO,1992,18800.467
Angola,AGO,1993,13943.447
Angola,AGO,1994,13706.263
Angola,AGO,1995,15182.912
Angola,AGO,1996,16524.947
Angola,AGO,1997,17105.09
Angola,AGO,1998,17342.846
Angola,AGO,1999,17174.807
Angola,AGO,2000,17119.777
Angola,AGO,2001,17231.281
Angola,AGO,2002,18855.496
Angola,AGO,2003,18728.797
Angola,AGO,2004,19992.092
Angola,AGO,2005,22147.174
Angola,AGO,2006,23751.166
Angola,AGO,2007,26056.824
Angola,AGO,2008,27916.947
Angola,AGO,2009,27178.771
Angola,AGO,2010,27369.828
Angola,AGO,2011,27274.904
Angola,AGO,2012,28516.002
Angola,AGO,2013,28890.383
Angola,AGO,2014,29274.486
Angola,AGO,2015,28665.447
Angola,AGO,2016,27078.658
Angola,AGO,2017,26194.34
Angola,AGO,2018,25039.842
Angola,AGO,2019,24065.021
Angola,AGO,2020,22077.56
Angola,AGO,2021,20911.164
Angola,AGO,2022,20737.809
Angola,AGO,2023,20205.473
Angola,AGO,2024,20380.918
Argentina,ARG,1991,46288.953
Argentina,ARG,1992,48984.918
Argentina,ARG,1993,53587
Argentina,ARG,1994,56342.63
Argentina,ARG,1995,58998.375
Argentina,ARG,1996,59538.03
Argentina,ARG,1997,60883.47
Argentina,ARG,1998,60428.086
Argentina,ARG,1999,58986.22
Argentina,ARG,2000,58552.414
Argentina,ARG,2001,57363.117
Argentina,ARG,2002,53152.277
Argentina,ARG,2003,53402.438
Argentina,ARG,2004,55372
Argentina,ARG,2005,58492.094
Argentina,ARG,2006,61047.785
Argentina,ARG,2007,65213.844
Argentina,ARG,2008,67241.61
Argentina,ARG,2009,62578.832
Argentina,ARG,2010,67965.78
Argentina,ARG,2011,70154.78
Argentina,ARG,2012,68915.68
Argentina,ARG,2013,70098.664
Argentina,ARG,2014,68224.41
Argentina,ARG,2015,69722.7
Argentina,ARG,2016,68102.89
Argentina,ARG,2017,69702.69
Argentina,ARG,2018,66889.29
Argentina,ARG,2019,64545.668
Argentina,ARG,2020,63088.844
Argentina,ARG,2021,62199.21
Argentina,ARG,2022,62416.582
Argentina,ARG,2023,59585.926
Argentina,ARG,2024,59087.99
Armenia,ARM,1991,11908.112
Armenia,ARM,1992,7099.569
Armenia,ARM,1993,7072.0903
Armenia,ARM,1994,7854.168
Armenia,ARM,1995,8604.552
Armenia,ARM,1996,9467.068
Armenia,ARM,1997,10043.44
Armenia,ARM,1998,10620.846
Armenia,ARM,1999,11112.369
Armenia,ARM,2000,11330.75
Armenia,ARM,2001,12259.841
Armenia,ARM,2002,13790.458
Armenia,ARM,2003,15686.643
Armenia,ARM,2004,17303.502
Armenia,ARM,2005,19660.213
Armenia,ARM,2006,22180.799
Armenia,ARM,2007,25126.799
Armenia,ARM,2008,29090.78
Armenia,ARM,2009,25419.959
Armenia,ARM,2010,26142.389
Armenia,ARM,2011,27288.773
Armenia,ARM,2012,28845.965
Armenia,ARM,2013,29504.902
Armenia,ARM,2014,31026.633
Armenia,ARM,2015,32449.13
Armenia,ARM,2016,32408.914
Armenia,ARM,2017,35095.14
Armenia,ARM,2018,37635.902
Armenia,ARM,2019,39420.395
Armenia,ARM,2020,36899.582
Armenia,ARM,2021,37305.95
Armenia,ARM,2022,41420.383
Armenia,ARM,2023,44812.664
Armenia,ARM,2024,46539.47
Australia,AUS,1991,79713.086
Australia,AUS,1992,80447.984
Australia,AUS,1993,83541.49
Australia,AUS,1994,84183.21
Australia,AUS,1995,84373.12
Australia,AUS,1996,86492.484
Australia,AUS,1997,89139.33
Australia,AUS,1998,91690.055
Australia,AUS,1999,94573.86
Australia,AUS,2000,95782.4
Australia,AUS,2001,96478.75
Australia,AUS,2002,98438.164
Australia,AUS,2003,99263.945
Australia,AUS,2004,101744.555
Australia,AUS,2005,101549.83
Australia,AUS,2006,101916.69
Australia,AUS,2007,102552.4
Australia,AUS,2008,103342.914
Australia,AUS,2009,104531.984
Australia,AUS,2010,104696.516
Australia,AUS,2011,105424.055
Australia,AUS,2012,108213.9
Australia,AUS,2013,109995.55
Australia,AUS,2014,112058.74
Australia,AUS,2015,112330.18
Australia,AUS,2016,113420.625
Australia,AUS,2017,113385.25
Australia,AUS,2018,113636.8
Australia,AUS,2019,113575.69
Australia,AUS,2020,115044.555
Australia,AUS,2021,113949.875
Australia,AUS,2022,114051.35
Australia,AUS,2023,114652.22
Australia,AUS,2024,114266.94
Austria,AUT,1991,99338.234
Austria,AUT,1992,99120.54
Austria,AUT,1993,99186.836
Austria,AUT,1994,97906.055
Austria,AUT,1995,100866.66
Austria,AUT,1996,104745.25
Austria,AUT,1997,107088
Austria,AUT,1998,110269.35
Austria,AUT,1999,112689.98
Austria,AUT,2000,116016.36
Austria,AUT,2001,117028.41
Austria,AUT,2002,117319.95
Austria,AUT,2003,117661.32
Austria,AUT,2004,123436.66
Austria,AUT,2005,123838.79
Austria,AUT,2006,125323.305
Austria,AUT,2007,126805.64
Austria,AUT,2008,126412.28
Austria,AUT,2009,122192.52
Austria,AUT,2010,123275.32
Austria,AUT,2011,125804.67
Austria,AUT,2012,125523.75
Austria,AUT,2013,124587.15
Austria,AUT,2014,125243.87
Austria,AUT,2015,125528.14
Austria,AUT,2016,126264.9
Austria,AUT,2017,127693.45
Austria,AUT,2018,128853.12
Austria,AUT,2019,130057.016
Austria,AUT,2020,123194.09
Austria,AUT,2021,129644.82
Austria,AUT,2022,132529.58
Austria,AUT,2023,130342.73
Austria,AUT,2024,128886.52
Azerbaijan,AZE,1991,22455.986
Azerbaijan,AZE,1992,16877.707
Azerbaijan,AZE,1993,12766.743
Azerbaijan,AZE,1994,10009.486
Azerbaijan,AZE,1995,8624.672
Azerbaijan,AZE,1996,8684.967
Azerbaijan,AZE,1997,9183.336
Azerbaijan,AZE,1998,10105.546
Azerbaijan,AZE,1999,10803.017
Azerbaijan,AZE,2000,11984.949
Azerbaijan,AZE,2001,13113.399
Azerbaijan,AZE,2002,14287.218
Azerbaijan,AZE,2003,15661.688
Azerbaijan,AZE,2004,17147.969
Azerbaijan,AZE,2005,21763.416
Azerbaijan,AZE,2006,29224.512
Azerbaijan,AZE,2007,37588.15
Azerbaijan,AZE,2008,40838.785
Azerbaijan,AZE,2009,43290.45
Azerbaijan,AZE,2010,44653.703
Azerbaijan,AZE,2011,42973.57
Azerbaijan,AZE,2012,43015.93
Azerbaijan,AZE,2013,44838.516
Azerbaijan,AZE,2014,45113.758
Azerbaijan,AZE,2015,44736.242
Azerbaijan,AZE,2016,42334.664
Azerbaijan,AZE,2017,41818.21
Azerbaijan,AZE,2018,41719.53
Azerbaijan,AZE,2019,42436.746
Azerbaijan,AZE,2020,40037.086
Azerbaijan,AZE,2021,44799.875
Azerbaijan,AZE,2022,45144.297
Azerbaijan,AZE,2023,45771.31
Azerbaijan,AZE,2024,47519.44
Bahamas,BHS,1991,68815.4
Bahamas,BHS,1992,66468.94
Bahamas,BHS,1993,63472.418
Bahamas,BHS,1994,64765.492
Bahamas,BHS,1995,64118.066
Bahamas,BHS,1996,66105.56
Bahamas,BHS,1997,64635.41
Bahamas,BHS,1998,65014.125
Bahamas,BHS,1999,68301.88
Bahamas,BHS,2000,69708.41
Bahamas,BHS,2001,70228.1
Bahamas,BHS,2002,72723.39
Bahamas,BHS,2003,72150.97
Bahamas,BHS,2004,71085.26
Bahamas,BHS,2005,72251.875
Bahamas,BHS,2006,70670.3
Bahamas,BHS,2007,70562.38
Bahamas,BHS,2008,67920.16
Bahamas,BHS,2009,68607.44
Bahamas,BHS,2010,68601.19
Bahamas,BHS,2011,67968.7
Bahamas,BHS,2012,69534.54
Bahamas,BHS,2013,68428.12
Bahamas,BHS,2014,66857.26
Bahamas,BHS,2015,65323.906
Bahamas,BHS,2016,64357.227
Bahamas,BHS,2017,63598.543
Bahamas,BHS,2018,64473.26
Bahamas,BHS,2019,62838.74
Bahamas,BHS,2020,54598.04
Bahamas,BHS,2021,61600.504
Bahamas,BHS,2022,64672.832
Bahamas,BHS,2023,65402.21
Bahamas,BHS,2024,67010.3
Bahrain,BHR,1991,109283.59
Bahrain,BHR,1992,113003.81
Bahrain,BHR,1993,123702.664
Bahrain,BHR,1994,119759.79
Bahrain,BHR,1995,120589.25
Bahrain,BHR,1996,121615.055
Bahrain,BHR,1997,121016.766
Bahrain,BHR,1998,122245.58
Bahrain,BHR,1999,122763.07
Bahrain,BHR,2000,124295.836
Bahrain,BHR,2001,121064.26
Bahrain,BHR,2002,114395.78
Bahrain,BHR,2003,110789.23
Bahrain,BHR,2004,107739.53
Bahrain,BHR,2005,104415.75
Bahrain,BHR,2006,100733.5
Bahrain,BHR,2007,98606.984
Bahrain,BHR,2008,96501.98
Bahrain,BHR,2009,90665.445
Bahrain,BHR,2010,89780.58
Bahrain,BHR,2011,94885.28
Bahrain,BHR,2012,96197.85
Bahrain,BHR,2013,97608.51
Bahrain,BHR,2014,98238.766
Bahrain,BHR,2015,96581.28
Bahrain,BHR,2016,95207.3
Bahrain,BHR,2017,93955.42
Bahrain,BHR,2018,96116.72
Bahrain,BHR,2019,100456.33
Bahrain,BHR,2020,98292.89
Bahrain,BHR,2021,99917.805
Bahrain,BHR,2022,102403.914
Bahrain,BHR,2023,101877.664
Bahrain,BHR,2024,103996.48
Bangladesh,BGD,1991,6553.0215
Bangladesh,BGD,1992,6709.0796
Bangladesh,BGD,1993,6823.6206
Bangladesh,BGD,1994,6880.4014
Bangladesh,BGD,1995,7016.171
Bangladesh,BGD,1996,7112.5093
Bangladesh,BGD,1997,7216.9
Bangladesh,BGD,1998,7376.2896
Bangladesh,BGD,1999,7508.542
Bangladesh,BGD,2000,7699.068
Bangladesh,BGD,2001,7925.968
Bangladesh,BGD,2002,8095.907
Bangladesh,BGD,2003,8352.894
Bangladesh,BGD,2004,8634.915
Bangladesh,BGD,2005,9037.789
Bangladesh,BGD,2006,9423.839
Bangladesh,BGD,2007,9955.615
Bangladesh,BGD,2008,10428.555
Bangladesh,BGD,2009,10830.339
Bangladesh,BGD,2010,11052.673
Bangladesh,BGD,2011,11714.309
Bangladesh,BGD,2012,12398.763
Bangladesh,BGD,2013,13059.182
Bangladesh,BGD,2014,13686.216
Bangladesh,BGD,2015,14411.375
Bangladesh,BGD,2016,15254.591
Bangladesh,BGD,2017,15398.445
Bangladesh,BGD,2018,16150.569
Bangladesh,BGD,2019,17050.846
Bangladesh,BGD,2020,17521.219
Bangladesh,BGD,2021,18112.02
Bangladesh,BGD,2022,18760.023
Bangladesh,BGD,2023,19505.049
Bangladesh,BGD,2024,19976.59
Barbados,BRB,1991,40387.57
Barbados,BRB,1992,38375.797
Barbados,BRB,1993,38963.52
Barbados,BRB,1994,38463.977
Barbados,BRB,1995,36952.723
Barbados,BRB,1996,36485.297
Barbados,BRB,1997,37970.81
Barbados,BRB,1998,38188.15
Barbados,BRB,1999,37371.71
Barbados,BRB,2000,38394.527
Barbados,BRB,2001,37502.348
Barbados,BRB,2002,37664.984
Barbados,BRB,2003,38455.773
Barbados,BRB,2004,37738.766
Barbados,BRB,2005,38790.645
Barbados,BRB,2006,40743.434
Barbados,BRB,2007,40768.77
Barbados,BRB,2008,41169.71
Barbados,BRB,2009,39834.445
Barbados,BRB,2010,39190.117
Barbados,BRB,2011,39082.664
Barbados,BRB,2012,39560.37
Barbados,BRB,2013,38531.64
Barbados,BRB,2014,39768.03
Barbados,BRB,2015,38713.254
Barbados,BRB,2016,38154.8
Barbados,BRB,2017,38113.957
Barbados,BRB,2018,37623.867
Barbados,BRB,2019,38213.53
Barbados,BRB,2020,33387.06
Barbados,BRB,2021,33002.41
Barbados,BRB,2022,38698.07
Barbados,BRB,2023,39911.156
Barbados,BRB,2024,41377.273
Belarus,BLR,1991,26906.166
Belarus,BLR,1992,24855.592
Belarus,BLR,1993,24234.18
Belarus,BLR,1994,22358.244
Belarus,BLR,1995,21132.332
Belarus,BLR,1996,23675.775
Belarus,BLR,1997,24134.215
Belarus,BLR,1998,25140.9
Belarus,BLR,1999,25452.314
Belarus,BLR,2000,26399.398
Belarus,BLR,2001,27142.877
Belarus,BLR,2002,28081.316
Belarus,BLR,2003,29680.305
Belarus,BLR,2004,32690.941
Belarus,BLR,2005,35396.38
Belarus,BLR,2006,38536.285
Belarus,BLR,2007,41414.844
Belarus,BLR,2008,45059.965
Belarus,BLR,2009,44589.184
Belarus,BLR,2010,47784.023
Belarus,BLR,2011,50257.695
Belarus,BLR,2012,51018.63
Belarus,BLR,2013,51506.816
Belarus,BLR,2014,52333.62
Belarus,BLR,2015,50325.902
Belarus,BLR,2016,49080.527
Belarus,BLR,2017,50347.86
Belarus,BLR,2018,51712.51
Belarus,BLR,2019,52435.84
Belarus,BLR,2020,52471.4
Belarus,BLR,2021,54136.867
Belarus,BLR,2022,51767.2
Belarus,BLR,2023,54386.797
Belarus,BLR,2024,56968.008
Belgium,BEL,1991,112858.97
Belgium,BEL,1992,113036.984
Belgium,BEL,1993,112918.66
Belgium,BEL,1994,116699.836
Belgium,BEL,1995,118177.87
Belgium,BEL,1996,119631.28
Belgium,BEL,1997,122794.18
Belgium,BEL,1998,124712.33
Belgium,BEL,1999,125029.4
Belgium,BEL,2000,125536.58
Belgium,BEL,2001,129436.79
Belgium,BEL,2002,131146.19
Belgium,BEL,2003,132476.5
Belgium,BEL,2004,133985.55
Belgium,BEL,2005,134461.66
Belgium,BEL,2006,137011.14
Belgium,BEL,2007,138230.6
Belgium,BEL,2008,136854.6
Belgium,BEL,2009,134976.88
Belgium,BEL,2010,136380.98
Belgium,BEL,2011,137775.94
Belgium,BEL,2012,137741.42
Belgium,BEL,2013,138100.8
Belgium,BEL,2014,140195.73
Belgium,BEL,2015,141912.56
Belgium,BEL,2016,142399.06
Belgium,BEL,2017,142316.6
Belgium,BEL,2018,141641.95
Belgium,BEL,2019,142738.48
Belgium,BEL,2020,136728.48
Belgium,BEL,2021,143705.69
Belgium,BEL,2022,145858.19
Belgium,BEL,2023,146265.2
Belgium,BEL,2024,146382.28
Belize,BLZ,1991,32116.72
Belize,BLZ,1992,35044.652
Belize,BLZ,1993,36199.777
Belize,BLZ,1994,35771.773
Belize,BLZ,1995,34811.598
Belize,BLZ,1996,33800.6
Belize,BLZ,1997,32751.383
Belize,BLZ,1998,33261.35
Belize,BLZ,1999,33917.688
Belize,BLZ,2000,35582.848
Belize,BLZ,2001,35123.773
Belize,BLZ,2002,35934.184
Belize,BLZ,2003,37985.605
Belize,BLZ,2004,38347.438
Belize,BLZ,2005,37817.695
Belize,BLZ,2006,37368.266
Belize,BLZ,2007,36795.254
Belize,BLZ,2008,34693.29
Belize,BLZ,2009,33325.934
Belize,BLZ,2010,32464.729
Belize,BLZ,2011,31184.824
Belize,BLZ,2012,31164.432
Belize,BLZ,2013,31389.38
Belize,BLZ,2014,31168.443
Belize,BLZ,2015,30666.082
Belize,BLZ,2016,29301.348
Belize,BLZ,2017,27812.281
Belize,BLZ,2018,26573.584
Belize,BLZ,2019,26369.732
Belize,BLZ,2020,24538.523
Belize,BLZ,2021,29383.625
Belize,BLZ,2022,30709.15
Belize,BLZ,2023,29945.535
Belize,BLZ,2024,31347.178
Benin,BEN,1991,5837.157
Benin,BEN,1992,5819.2354
Benin,BEN,1993,5842.065
Benin,BEN,1994,5723.88
Benin,BEN,1995,5977.723
Benin,BEN,1996,6084.4717
Benin,BEN,1997,6231.9478
Benin,BEN,1998,6267.098
Benin,BEN,1999,6380.25
Benin,BEN,2000,6527.361
Benin,BEN,2001,6644.446
Benin,BEN,2002,6721.681
Benin,BEN,2003,6725.928
Benin,BEN,2004,6794.6626
Benin,BEN,2005,6672.6045
Benin,BEN,2006,6707.1436
Benin,BEN,2007,6892.9736
Benin,BEN,2008,6999.387
Benin,BEN,2009,6930.862
Benin,BEN,2010,6851.417
Benin,BEN,2011,6942.2925
Benin,BEN,2012,6992.1543
Benin,BEN,2013,7202.0645
Benin,BEN,2014,7367.3545
Benin,BEN,2015,7225.488
Benin,BEN,2016,7198.7017
Benin,BEN,2017,7328.755
Benin,BEN,2018,7524.796
Benin,BEN,2019,7742.917
Benin,BEN,2020,7853.6187
Benin,BEN,2021,8058.246
Benin,BEN,2022,8320.912
Benin,BEN,2023,8606.281
Benin,BEN,2024,8974.807
Bhutan,BTN,1991,8393.781
Bhutan,BTN,1992,9100.027
Bhutan,BTN,1993,9641.074
Bhutan,BTN,1994,10077.239
Bhutan,BTN,1995,10856.935
Bhutan,BTN,1996,11363.885
Bhutan,BTN,1997,11665.654
Bhutan,BTN,1998,12004.193
Bhutan,BTN,1999,12538.95
Bhutan,BTN,2000,12543.451
Bhutan,BTN,2001,13019.075
Bhutan,BTN,2002,13855.583
Bhutan,BTN,2003,14383.358
Bhutan,BTN,2004,14669.991
Bhutan,BTN,2005,15258.398
Bhutan,BTN,2006,15688.203
Bhutan,BTN,2007,17879.97
Bhutan,BTN,2008,18280.322
Bhutan,BTN,2009,19272.12
Bhutan,BTN,2010,21472.867
Bhutan,BTN,2011,23075.656
Bhutan,BTN,2012,24638.87
Bhutan,BTN,2013,24501.61
Bhutan,BTN,2014,26542.842
Bhutan,BTN,2015,27561.85
Bhutan,BTN,2016,29571.125
Bhutan,BTN,2017,29849.414
Bhutan,BTN,2018,30532.047
Bhutan,BTN,2019,29729.117
Bhutan,BTN,2020,26297.02
Bhutan,BTN,2021,26460.578
Bhutan,BTN,2022,30393.893
Bhutan,BTN,2023,29616.645
Bolivia,BOL,1991,13128.319
Bolivia,BOL,1992,13065.633
Bolivia,BOL,1993,13267.816
Bolivia,BOL,1994,13514.044
Bolivia,BOL,1995,13708.322
Bolivia,BOL,1996,13893.932
Bolivia,BOL,1997,14154.299
Bolivia,BOL,1998,14584.394
Bolivia,BOL,1999,14392.184
Bolivia,BOL,2000,14493.236
Bolivia,BOL,2001,14482.9375
Bolivia,BOL,2002,14555.761
Bolivia,BOL,2003,14669.581
Bolivia,BOL,2004,14971.854
Bolivia,BOL,2005,15314.562
Bolivia,BOL,2006,15716.124
Bolivia,BOL,2007,16104.39
Bolivia,BOL,2008,16749.924
Bolivia,BOL,2009,17036.217
Bolivia,BOL,2010,17330.365
Bolivia,BOL,2011,17819.203
Bolivia,BOL,2012,18345.088
Bolivia,BOL,2013,19305.963
Bolivia,BOL,2014,19906.773
Bolivia,BOL,2015,20734.443
Bolivia,BOL,2016,21332.115
Bolivia,BOL,2017,21428.682
Bolivia,BOL,2018,20915.969
Bolivia,BOL,2019,20347.666
Bolivia,BOL,2020,19443.777
Bolivia,BOL,2021,18501.854
Bolivia,BOL,2022,18453.799
Bolivia,BOL,2023,18543.617
Bolivia,BOL,2024,18383.69
Bosnia and Herzegovina,BIH,1991,6410.575
Bosnia and Herzegovina,BIH,1992,6484.8794
Bosnia and Herzegovina,BIH,1993,7144.47
Bosnia and Herzegovina,BIH,1994,8565.406
Bosnia and Herzegovina,BIH,1995,10055.738
Bosnia and Herzegovina,BIH,1996,14748.176
Bosnia and Herzegovina,BIH,1997,19311.457
Bosnia and Herzegovina,BIH,1998,22164.229
Bosnia and Herzegovina,BIH,1999,24099.281
Bosnia and Herzegovina,BIH,2000,25255.174
Bosnia and Herzegovina,BIH,2001,25870.338
Bosnia and Herzegovina,BIH,2002,27261.186
Bosnia and Herzegovina,BIH,2003,28636.635
Bosnia and Herzegovina,BIH,2004,30937.129
Bosnia and Herzegovina,BIH,2005,32807.64
Bosnia and Herzegovina,BIH,2006,35142.1
Bosnia and Herzegovina,BIH,2007,36379.65
Bosnia and Herzegovina,BIH,2008,36043.56
Bosnia and Herzegovina,BIH,2009,35917.438
Bosnia and Herzegovina,BIH,2010,38544.594
Bosnia and Herzegovina,BIH,2011,39813.293
Bosnia and Herzegovina,BIH,2012,40559.645
Bosnia and Herzegovina,BIH,2013,41893.754
Bosnia and Herzegovina,BIH,2014,43013.375
Bosnia and Herzegovina,BIH,2015,45615.754
Bosnia and Herzegovina,BIH,2016,46353.086
Bosnia and Herzegovina,BIH,2017,45618.72
Bosnia and Herzegovina,BIH,2018,46869.516
Bosnia and Herzegovina,BIH,2019,47501.383
Bosnia and Herzegovina,BIH,2020,47235.637
Bosnia and Herzegovina,BIH,2021,50878.92
Bosnia and Herzegovina,BIH,2022,52224.66
Bosnia and Herzegovina,BIH,2023,51683.23
Bosnia and Herzegovina,BIH,2024,53407.46
Botswana,BWA,1991,36906.824
Botswana,BWA,1992,37837.266
Botswana,BWA,1993,38328.016
Botswana,BWA,1994,39552.176
Botswana,BWA,1995,41082.473
Botswana,BWA,1996,42265.598
Botswana,BWA,1997,44191.844
Botswana,BWA,1998,42995.555
Botswana,BWA,1999,44666.45
Botswana,BWA,2000,43412.21
Botswana,BWA,2001,43390.598
Botswana,BWA,2002,46106.04
Botswana,BWA,2003,48351.844
Botswana,BWA,2004,46946.652
Botswana,BWA,2005,46542.273
Botswana,BWA,2006,47793.652
Botswana,BWA,2007,48108.613
Botswana,BWA,2008,47361.477
Botswana,BWA,2009,39041.06
Botswana,BWA,2010,44870.03
Botswana,BWA,2011,46529.453
Botswana,BWA,2012,45269.62
Botswana,BWA,2013,49499.707
Botswana,BWA,2014,51531
Botswana,BWA,2015,48324.17
Botswana,BWA,2016,50977.793
Botswana,BWA,2017,52094.633
Botswana,BWA,2018,52985.93
Botswana,BWA,2019,53491.74
Botswana,BWA,2020,49768.227
Botswana,BWA,2021,54141.69
Botswana,BWA,2022,55903.1
Botswana,BWA,2023,53442.773
Botswana,BWA,2024,50517.24
Brazil,BRA,1991,32045.035
Brazil,BRA,1992,31036.248
Brazil,BRA,1993,31300.646
Brazil,BRA,1994,32419.625
Brazil,BRA,1995,33062.21
Brazil,BRA,1996,34226.832
Brazil,BRA,1997,34480.55
Brazil,BRA,1998,34155.043
Brazil,BRA,1999,33554.61
Brazil,BRA,2000,34062.027
Brazil,BRA,2001,33602.55
Brazil,BRA,2002,33446.74
Brazil,BRA,2003,33405.504
Brazil,BRA,2004,34011.555
Brazil,BRA,2005,34309.305
Brazil,BRA,2006,34900.004
Brazil,BRA,2007,36462.81
Brazil,BRA,2008,37362.258
Brazil,BRA,2009,37086.5
Brazil,BRA,2010,39603.46
Brazil,BRA,2011,41004.66
Brazil,BRA,2012,41342.867
Brazil,BRA,2013,41958.266
Brazil,BRA,2014,41620.5
Brazil,BRA,2015,40241.36
Brazil,BRA,2016,39749.32
Brazil,BRA,2017,40207.023
Brazil,BRA,2018,40287.82
Brazil,BRA,2019,39945.508
Brazil,BRA,2020,41893.324
Brazil,BRA,2021,41904.832
Brazil,BRA,2022,40322.92
Brazil,BRA,2023,41147.695
Brazil,BRA,2024,42228.56
Brunei,BRN,1991,284932.75
Brunei,BRN,1992,266913.12
Brunei,BRN,1993,256342.6
Brunei,BRN,1994,250193.64
Brunei,BRN,1995,245076.52
Brunei,BRN,1996,236774.42
Brunei,BRN,1997,243716.78
Brunei,BRN,1998,220359.5
Brunei,BRN,1999,222405.5
Brunei,BRN,2000,222614.84
Brunei,BRN,2001,218690.7
Brunei,BRN,2002,221214.38
Brunei,BRN,2003,223294.47
Brunei,BRN,2004,218221.03
Brunei,BRN,2005,213385.61
Brunei,BRN,2006,217363.1
Brunei,BRN,2007,205743.69
Brunei,BRN,2008,195165.72
Brunei,BRN,2009,188808.02
Brunei,BRN,2010,190585.28
Brunei,BRN,2011,193952.31
Brunei,BRN,2012,192373.72
Brunei,BRN,2013,185612.06
Brunei,BRN,2014,178557.02
Brunei,BRN,2015,176841.44
Brunei,BRN,2016,171581.2
Brunei,BRN,2017,172848.9
Brunei,BRN,2018,165771.6
Brunei,BRN,2019,169846.45
Brunei,BRN,2020,172701.77
Brunei,BRN,2021,163716.81
Brunei,BRN,2022,159454.95
Brunei,BRN,2023,159908.12
Brunei,BRN,2024,165413.02
Bulgaria,BGR,1991,36318.414
Bulgaria,BGR,1992,35551.137
Bulgaria,BGR,1993,35955.81
Bulgaria,BGR,1994,35341.594
Bulgaria,BGR,1995,35927.195
Bulgaria,BGR,1996,38724.812
Bulgaria,BGR,1997,33951.09
Bulgaria,BGR,1998,34971.99
Bulgaria,BGR,1999,32927.793
Bulgaria,BGR,2000,35586.81
Bulgaria,BGR,2001,38065.18
Bulgaria,BGR,2002,40461.48
Bulgaria,BGR,2003,41194.1
Bulgaria,BGR,2004,42530.57
Bulgaria,BGR,2005,45411.76
Bulgaria,BGR,2006,46401.773
Bulgaria,BGR,2007,47291.824
Bulgaria,BGR,2008,48652.113
Bulgaria,BGR,2009,48640.91
Bulgaria,BGR,2010,52272.895
Bulgaria,BGR,2011,55324.05
Bulgaria,BGR,2012,56069.984
Bulgaria,BGR,2013,56602.477
Bulgaria,BGR,2014,56905.66
Bulgaria,BGR,2015,57905.14
Bulgaria,BGR,2016,60495.34
Bulgaria,BGR,2017,59793.812
Bulgaria,BGR,2018,61732.016
Bulgaria,BGR,2019,62978.758
Bulgaria,BGR,2020,63098.465
Bulgaria,BGR,2021,69142.195
Bulgaria,BGR,2022,69956.914
Bulgaria,BGR,2023,71297.875
Bulgaria,BGR,2024,73322.54
Burkina Faso,BFA,1991,2721.3542
Burkina Faso,BFA,1992,2689.0977
Burkina Faso,BFA,1993,2735.8057
Burkina Faso,BFA,1994,2727.8325
Burkina Faso,BFA,1995,2830.1838
Burkina Faso,BFA,1996,3083.4438
Burkina Faso,BFA,1997,3218.2104
Burkina Faso,BFA,1998,3381.704
Burkina Faso,BFA,1999,3549.7134
Burkina Faso,BFA,2000,3533.8289
Burkina Faso,BFA,2001,3676.7383
Burkina Faso,BFA,2002,3745.9224
Burkina Faso,BFA,2003,3937.6208
Burkina Faso,BFA,2004,4046.3022
Burkina Faso,BFA,2005,4321.573
Burkina Faso,BFA,2006,4481.8247
Burkina Faso,BFA,2007,4561.532
Burkina Faso,BFA,2008,4757.523
Burkina Faso,BFA,2009,4834.0303
Burkina Faso,BFA,2010,5163.086
Burkina Faso,BFA,2011,5424.757
Burkina Faso,BFA,2012,5680.5347
Burkina Faso,BFA,2013,5923.4526
Burkina Faso,BFA,2014,6091.997
Burkina Faso,BFA,2015,6367.6846
Burkina Faso,BFA,2016,6785.455
Burkina Faso,BFA,2017,7252.3457
Burkina Faso,BFA,2018,7794.751
Burkina Faso,BFA,2019,8336.474
Burkina Faso,BFA,2020,8696.358
Burkina Faso,BFA,2021,9340.844
Burkina Faso,BFA,2022,9631.16
Burkina Faso,BFA,2023,9603.847
Burkina Faso,BFA,2024,9792.09
Burundi,BDI,1991,3242.8276
Burundi,BDI,1992,3204.501
Burundi,BDI,1993,3257.026
Burundi,BDI,1994,3148.1296
Burundi,BDI,1995,2642.2837
Burundi,BDI,1996,2477.4531
Burundi,BDI,1997,2481.4114
Burundi,BDI,1998,2551.5928
Burundi,BDI,1999,2454.6423
Burundi,BDI,2000,2385.0767
Burundi,BDI,2001,2373.4175
Burundi,BDI,2002,2411.2957
Burundi,BDI,2003,2309.0986
Burundi,BDI,2004,2333.4282
Burundi,BDI,2005,2277.9766
Burundi,BDI,2006,2337.6624
Burundi,BDI,2007,2299.9053
Burundi,BDI,2008,2282.0085
Burundi,BDI,2009,2235.2395
Burundi,BDI,2010,2237.0457
Burundi,BDI,2011,2253.0713
Burundi,BDI,2012,2280.3347
Burundi,BDI,2013,2318.6064
Burundi,BDI,2014,2348.091
Burundi,BDI,2015,2213.187
Burundi,BDI,2016,2175.5957
Burundi,BDI,2017,2138.2732
Burundi,BDI,2018,2099.6213
Burundi,BDI,2019,2058.1562
Burundi,BDI,2020,2022.3715
Burundi,BDI,2021,1999.1316
Burundi,BDI,2022,1957.757
Burundi,BDI,2023,1939.722
Burundi,BDI,2024,1939.7152
Cambodia,KHM,1991,6183.9014
Cambodia,KHM,1992,6332.931
Cambodia,KHM,1993,6240.042
Cambodia,KHM,1994,3822.2266
Cambodia,KHM,1995,3908.6665
Cambodia,KHM,1996,3822.2458
Cambodia,KHM,1997,3650.7231
Cambodia,KHM,1998,3611.7002
Cambodia,KHM,1999,3941.2073
Cambodia,KHM,2000,4190.722
Cambodia,KHM,2001,4353.423
Cambodia,KHM,2002,4482.399
Cambodia,KHM,2003,4793.4478
Cambodia,KHM,2004,5079.447
Cambodia,KHM,2005,5573.9653
Cambodia,KHM,2006,5988.7
Cambodia,KHM,2007,6403.258
Cambodia,KHM,2008,6845.8306
Cambodia,KHM,2009,6655.463
Cambodia,KHM,2010,6614.056
Cambodia,KHM,2011,6867.9683
Cambodia,KHM,2012,7453.969
Cambodia,KHM,2013,8162.1753
Cambodia,KHM,2014,8679.515
Cambodia,KHM,2015,9205.666
Cambodia,KHM,2016,9550.71
Cambodia,KHM,2017,10144.053
Cambodia,KHM,2018,10801.366
Cambodia,KHM,2019,11405.907
Cambodia,KHM,2020,10831.4795
Cambodia,KHM,2021,11356.78
Cambodia,KHM,2022,11632.438
Cambodia,KHM,2023,12003.75
Cambodia,KHM,2024,12521.354
Cameroon,CMR,1991,10456.886
Cameroon,CMR,1992,9851.659
Cameroon,CMR,1993,8816.934
Cameroon,CMR,1994,8696.402
Cameroon,CMR,1995,8663.616
Cameroon,CMR,1996,8716.508
Cameroon,CMR,1997,8823.037
Cameroon,CMR,1998,8953.226
Cameroon,CMR,1999,9077.578
Cameroon,CMR,2000,9150.844
Cameroon,CMR,2001,9265.247
Cameroon,CMR,2002,9319.5205
Cameroon,CMR,2003,9456.44
Cameroon,CMR,2004,9744.013
Cameroon,CMR,2005,9606.049
Cameroon,CMR,2006,9622.513
Cameroon,CMR,2007,9681.805
Cameroon,CMR,2008,9902.1875
Cameroon,CMR,2009,10127.565
Cameroon,CMR,2010,10416.377
Cameroon,CMR,2011,10584.101
Cameroon,CMR,2012,10887.706
Cameroon,CMR,2013,11241.769
Cameroon,CMR,2014,11647.898
Cameroon,CMR,2015,12042.262
Cameroon,CMR,2016,12355.608
Cameroon,CMR,2017,12591.406
Cameroon,CMR,2018,12888.229
Cameroon,CMR,2019,13117.958
Cameroon,CMR,2020,13084.129
Cameroon,CMR,2021,13249.362
Cameroon,CMR,2022,13207.22
Cameroon,CMR,2023,13221.313
Cameroon,CMR,2024,13354.679
Canada,CAN,1991,83102.25
Canada,CAN,1992,84867.05
Canada,CAN,1993,86790.88
Canada,CAN,1994,88856.58
Canada,CAN,1995,89704.67
Canada,CAN,1996,90444.8
Canada,CAN,1997,92320.42
Canada,CAN,1998,93623.73
Canada,CAN,1999,95982.5
Canada,CAN,2000,98476.484
Canada,CAN,2001,99103.43
Canada,CAN,2002,99619.65
Canada,CAN,2003,98984.67
Canada,CAN,2004,100383.76
Canada,CAN,2005,102252.164
Canada,CAN,2006,103043.88
Canada,CAN,2007,103018.305
Canada,CAN,2008,102559.22
Canada,CAN,2009,101022.87
Canada,CAN,2010,102801.68
Canada,CAN,2011,104423.43
Canada,CAN,2012,104771.3
Canada,CAN,2013,105756.3
Canada,CAN,2014,108378.75
Canada,CAN,2015,108376.95
Canada,CAN,2016,108776.055
Canada,CAN,2017,109696.9
Canada,CAN,2018,110704.7
Canada,CAN,2019,110430.51
Canada,CAN,2020,111042.875
Canada,CAN,2021,112202.164
Canada,CAN,2022,111740.98
Canada,CAN,2023,109849.07
Canada,CAN,2024,109417.11
Cape Verde,CPV,1991,6419.6797
Cape Verde,CPV,1992,6963.995
Cape Verde,CPV,1993,7399.898
Cape Verde,CPV,1994,8605.575
Cape Verde,CPV,1995,9620.132
Cape Verde,CPV,1996,10487.611
Cape Verde,CPV,1997,11432.049
Cape Verde,CPV,1998,12599.148
Cape Verde,CPV,1999,13714.356
Cape Verde,CPV,2000,15301.126
Cape Verde,CPV,2001,15277.295
Cape Verde,CPV,2002,15685.556
Cape Verde,CPV,2003,15969.095
Cape Verde,CPV,2004,17150.992
Cape Verde,CPV,2005,17914.861
Cape Verde,CPV,2006,18911.854
Cape Verde,CPV,2007,21309.842
Cape Verde,CPV,2008,22361.69
Cape Verde,CPV,2009,21659.736
Cape Verde,CPV,2010,19747.568
Cape Verde,CPV,2011,20242.201
Cape Verde,CPV,2012,20240.88
Cape Verde,CPV,2013,20211.986
Cape Verde,CPV,2014,20247.781
Cape Verde,CPV,2015,20364.568
Cape Verde,CPV,2016,21192.979
Cape Verde,CPV,2017,22146.965
Cape Verde,CPV,2018,24408.24
Cape Verde,CPV,2019,25208.262
Cape Verde,CPV,2020,21453.992
Cape Verde,CPV,2021,22342.498
Cape Verde,CPV,2022,23955.229
Cape Verde,CPV,2023,24896.865
Cape Verde,CPV,2024,26285.871
Central African Republic,CAF,1991,3775.1455
Central African Republic,CAF,1992,3440.0972
Central African Republic,CAF,1993,3354.0466
Central African Republic,CAF,1994,3416.2305
Central African Republic,CAF,1995,3568.7383
Central African Republic,CAF,1996,3342.6829
Central African Republic,CAF,1997,3423.378
Central African Republic,CAF,1998,3485.227
Central African Republic,CAF,1999,3508.3455
Central African Republic,CAF,2000,3320.3713
Central African Republic,CAF,2001,3392.1384
Central African Republic,CAF,2002,3435.663
Central African Republic,CAF,2003,3166.467
Central African Republic,CAF,2004,3278.791
Central African Republic,CAF,2005,3230.3867
Central African Republic,CAF,2006,3316.118
Central African Republic,CAF,2007,3408.0115
Central African Republic,CAF,2008,3407.3403
Central African Republic,CAF,2009,3740.8228
Central African Republic,CAF,2010,3968.2576
Central African Republic,CAF,2011,4090.9595
Central African Republic,CAF,2012,4291.5493
Central African Republic,CAF,2013,2738.6624
Central African Republic,CAF,2014,2791.5503
Central African Republic,CAF,2015,2938.7175
Central African Republic,CAF,2016,3023.3254
Central African Republic,CAF,2017,3110.2466
Central African Republic,CAF,2018,3172.3425
Central African Republic,CAF,2019,3228.6501
Central African Republic,CAF,2020,3248.788
Central African Republic,CAF,2021,3241.9548
Central African Republic,CAF,2022,3232.7744
Central African Republic,CAF,2023,3216.8362
Central African Republic,CAF,2024,3148.4426
Chad,TCD,1991,4704.596
Chad,TCD,1992,4858.0664
Chad,TCD,1993,4036.5667
Chad,TCD,1994,4423.8154
Chad,TCD,1995,4294.702
Chad,TCD,1996,4217.3506
Chad,TCD,1997,4366.068
Chad,TCD,1998,4564.5215
Chad,TCD,1999,4417.8745
Chad,TCD,2000,4274.9795
Chad,TCD,2001,4668.8145
Chad,TCD,2002,4938.0884
Chad,TCD,2003,5464.719
Chad,TCD,2004,6988.096
Chad,TCD,2005,7914.4507
Chad,TCD,2006,7664.9775
Chad,TCD,2007,7808.1313
Chad,TCD,2008,7839.1743
Chad,TCD,2009,7519.5923
Chad,TCD,2010,8340.073
Chad,TCD,2011,8485.242
Chad,TCD,2012,8998.098
Chad,TCD,2013,8989.84
Chad,TCD,2014,8908.133
Chad,TCD,2015,8997.563
Chad,TCD,2016,8435.4795
Chad,TCD,2017,8086.197
Chad,TCD,2018,8318.68
Chad,TCD,2019,8469.385
Chad,TCD,2020,8276.448
Chad,TCD,2021,7958.3896
Chad,TCD,2022,8425.359
Chad,TCD,2023,8291.384
Chad,TCD,2024,8102.648
Chile,CHL,1991,32732.6
Chile,CHL,1992,34773.207
Chile,CHL,1993,36073.902
Chile,CHL,1994,37476.918
Chile,CHL,1995,39112.44
Chile,CHL,1996,41894.406
Chile,CHL,1997,44077.062
Chile,CHL,1998,45081.727
Chile,CHL,1999,46150.293
Chile,CHL,2000,47850.13
Chile,CHL,2001,49216.246
Chile,CHL,2002,50224.32
Chile,CHL,2003,50947.535
Chile,CHL,2004,53264.957
Chile,CHL,2005,54539.68
Chile,CHL,2006,55490.605
Chile,CHL,2007,56522.23
Chile,CHL,2008,57058.902
Chile,CHL,2009,56996.15
Chile,CHL,2010,55677.2
Chile,CHL,2011,56347.414
Chile,CHL,2012,58561.21
Chile,CHL,2013,59294.77
Chile,CHL,2014,59510.426
Chile,CHL,2015,59739.36
Chile,CHL,2016,59993.184
Chile,CHL,2017,59228.27
Chile,CHL,2018,60250.57
Chile,CHL,2019,59490.617
Chile,CHL,2020,64093.57
Chile,CHL,2021,68026.39
Chile,CHL,2022,65161.273
Chile,CHL,2023,63928.457
Chile,CHL,2024,65020.996
China,CHN,1991,3279.983
China,CHN,1992,3712.7651
China,CHN,1993,4206.532
China,CHN,1994,4721.981
China,CHN,1995,5196.222
China,CHN,1996,5661.657
China,CHN,1997,6121.2754
China,CHN,1998,6535.1543
China,CHN,1999,6976.9185
China,CHN,2000,7508.0825
China,CHN,2001,8074.0376
China,CHN,2002,8738.608
China,CHN,2003,9529.243
China,CHN,2004,10354.577
China,CHN,2005,11398.8
China,CHN,2006,12705.396
China,CHN,2007,14405.28
China,CHN,2008,15770.396
China,CHN,2009,17223.818
China,CHN,2010,18968.322
China,CHN,2011,20649.967
China,CHN,2012,22258.02
China,CHN,2013,23987.453
China,CHN,2014,25748.441
China,CHN,2015,27525.945
China,CHN,2016,29368.916
China,CHN,2017,31434.172
China,CHN,2018,33601.395
China,CHN,2019,35777.215
China,CHN,2020,37365.926
China,CHN,2021,39480.6
China,CHN,2022,41490.23
China,CHN,2023,43341.418
China,CHN,2024,45494.332
Colombia,COL,1991,25879.13
Colombia,COL,1992,25993.102
Colombia,COL,1993,26113.469
Colombia,COL,1994,26939.771
Colombia,COL,1995,27666.404
Colombia,COL,1996,28529.97
Colombia,COL,1997,28844.66
Colombia,COL,1998,29332.88
Colombia,COL,1999,29487.217
Colombia,COL,2000,29797.7
Colombia,COL,2001,27740.066
Colombia,COL,2002,28088.625
Colombia,COL,2003,27816.121
Colombia,COL,2004,29179.166
Colombia,COL,2005,29660.719
Colombia,COL,2006,31357.275
Colombia,COL,2007,33197.445
Colombia,COL,2008,33476.996
Colombia,COL,2009,32082.217
Colombia,COL,2010,32468.623
Colombia,COL,2011,33527.67
Colombia,COL,2012,33807.707
Colombia,COL,2013,35058.566
Colombia,COL,2014,35996.46
Colombia,COL,2015,36355.562
Colombia,COL,2016,36943.64
Colombia,COL,2017,36903.562
Colombia,COL,2018,37412.445
Colombia,COL,2019,38575.05
Colombia,COL,2020,38004.12
Colombia,COL,2021,39876.79
Colombia,COL,2022,41331.836
Colombia,COL,2023,40161.957
Colombia,COL,2024,40362.66
Comoros,COM,1991,10415.039
Comoros,COM,1992,11059.928
Comoros,COM,1993,11234.069
Comoros,COM,1994,10483.272
Comoros,COM,1995,10705.644
Comoros,COM,1996,10405.851
Comoros,COM,1997,10611.422
Comoros,COM,1998,10550.453
Comoros,COM,1999,10516.483
Comoros,COM,2000,11371.26
Comoros,COM,2001,11364.687
Comoros,COM,2002,11361.526
Comoros,COM,2003,11370.461
Comoros,COM,2004,11309.084
Comoros,COM,2005,11158.367
Comoros,COM,2006,10995.619
Comoros,COM,2007,10649.83
Comoros,COM,2008,10637.442
Comoros,COM,2009,10889.9
Comoros,COM,2010,10975.683
Comoros,COM,2011,11193.779
Comoros,COM,2012,11473.565
Comoros,COM,2013,12073.175
Comoros,COM,2014,12150.35
Comoros,COM,2015,11865.729
Comoros,COM,2016,11684.896
Comoros,COM,2017,11816.799
Comoros,COM,2018,11778.222
Comoros,COM,2019,11712.698
Comoros,COM,2020,11843.34
Comoros,COM,2021,11630.012
Comoros,COM,2022,11486.253
Comoros,COM,2023,11575.552
Comoros,COM,2024,11637.573
Congo,COG,1991,28045.352
Congo,COG,1992,27909.188
Congo,COG,1993,26776.152
Congo,COG,1994,24585.229
Congo,COG,1995,24805.67
Congo,COG,1996,25073.723
Congo,COG,1997,24370.771
Congo,COG,1998,24744.146
Congo,COG,1999,23461.434
Congo,COG,2000,24024.826
Congo,COG,2001,23852.578
Congo,COG,2002,24289.754
Congo,COG,2003,23831.621
Congo,COG,2004,23749.129
Congo,COG,2005,24567.918
Congo,COG,2006,25401.53
Congo,COG,2007,22902.078
Congo,COG,2008,23570.88
Congo,COG,2009,25206.734
Congo,COG,2010,26393.963
Congo,COG,2011,26218.312
Congo,COG,2012,28155.947
Congo,COG,2013,27518.658
Congo,COG,2014,28712.578
Congo,COG,2015,28333.031
Congo,COG,2016,25377.459
Congo,COG,2017,23506.693
Congo,COG,2018,22426.934
Congo,COG,2019,22023.734
Congo,COG,2020,20958.627
Congo,COG,2021,20410.596
Congo,COG,2022,19452.025
Congo,COG,2023,19166.45
Congo,COG,2024,19016.125
Costa Rica,CRI,1991,31781.133
Costa Rica,CRI,1992,33669.89
Costa Rica,CRI,1993,34427.7
Costa Rica,CRI,1994,34617.75
Costa Rica,CRI,1995,34739.4
Costa Rica,CRI,1996,35743.273
Costa Rica,CRI,1997,35002.473
Costa Rica,CRI,1998,35287.46
Costa Rica,CRI,1999,35903.688
Costa Rica,CRI,2000,36422.83
Costa Rica,CRI,2001,36216.312
Costa Rica,CRI,2002,36902.09
Costa Rica,CRI,2003,37458.93
Costa Rica,CRI,2004,38843.473
Costa Rica,CRI,2005,37995.625
Costa Rica,CRI,2006,39942.438
Costa Rica,CRI,2007,41150.816
Costa Rica,CRI,2008,42729.45
Costa Rica,CRI,2009,43104.418
Costa Rica,CRI,2010,45175.047
Costa Rica,CRI,2011,46398.81
Costa Rica,CRI,2012,44849.27
Costa Rica,CRI,2013,45218.17
Costa Rica,CRI,2014,45804.805
Costa Rica,CRI,2015,47695.84
Costa Rica,CRI,2016,51317.47
Costa Rica,CRI,2017,52359.26
Costa Rica,CRI,2018,51737.973
Costa Rica,CRI,2019,51683.902
Costa Rica,CRI,2020,55315.312
Costa Rica,CRI,2021,57099.05
Costa Rica,CRI,2022,56811.395
Costa Rica,CRI,2023,61815.426
Costa Rica,CRI,2024,63701.113
Cote d'Ivoire,CIV,1991,15719.575
Cote d'Ivoire,CIV,1992,15035.125
Cote d'Ivoire,CIV,1993,14247.406
Cote d'Ivoire,CIV,1994,13643.901
Cote d'Ivoire,CIV,1995,13873.032
Cote d'Ivoire,CIV,1996,14324.789
Cote d'Ivoire,CIV,1997,15061.319
Cote d'Ivoire,CIV,1998,15107.287
Cote d'Ivoire,CIV,1999,14790.78
Cote d'Ivoire,CIV,2000,14387.39
Cote d'Ivoire,CIV,2001,13741.436
Cote d'Ivoire,CIV,2002,13052.994
Cote d'Ivoire,CIV,2003,12159.369
Cote d'Ivoire,CIV,2004,12241.451
Cote d'Ivoire,CIV,2005,12068.073
Cote d'Ivoire,CIV,2006,12097.557
Cote d'Ivoire,CIV,2007,11956.852
Cote d'Ivoire,CIV,2008,12114.442
Cote d'Ivoire,CIV,2009,12056.392
Cote d'Ivoire,CIV,2010,12388.456
Cote d'Ivoire,CIV,2011,11363.702
Cote d'Ivoire,CIV,2012,11836.008
Cote d'Ivoire,CIV,2013,12358.998
Cote d'Ivoire,CIV,2014,13054.016
Cote d'Ivoire,CIV,2015,13564.661
Cote d'Ivoire,CIV,2016,14077.127
Cote d'Ivoire,CIV,2017,15083.635
Cote d'Ivoire,CIV,2018,15487.575
Cote d'Ivoire,CIV,2019,16182.3
Cote d'Ivoire,CIV,2020,15804.107
Cote d'Ivoire,CIV,2021,16085.146
Cote d'Ivoire,CIV,2022,16422.857
Cote d'Ivoire,CIV,2023,16998.527
Cote d'Ivoire,CIV,2024,17471.879
Croatia,HRV,1991,45857.344
Croatia,HRV,1992,41609.816
Croatia,HRV,1993,38230.188
Croatia,HRV,1994,40102.645
Croatia,HRV,1995,43214.16
Croatia,HRV,1996,46567.465
Croatia,HRV,1997,50032.312
Croatia,HRV,1998,52515.766
Croatia,HRV,1999,53922.594
Croatia,HRV,2000,58039
Croatia,HRV,2001,62352.54
Croatia,HRV,2002,65750.93
Croatia,HRV,2003,68263.54
Croatia,HRV,2004,69148.42
Croatia,HRV,2005,71366.4
Croatia,HRV,2006,74366.75
Croatia,HRV,2007,75838.13
Croatia,HRV,2008,75788.3
Croatia,HRV,2009,71200.82
Croatia,HRV,2010,72985.28
Croatia,HRV,2011,75899.266
Croatia,HRV,2012,77087.586
Croatia,HRV,2013,79405.2
Croatia,HRV,2014,77221.08
Croatia,HRV,2015,78216.75
Croatia,HRV,2016,81112.93
Croatia,HRV,2017,82857.04
Croatia,HRV,2018,84464.51
Croatia,HRV,2019,86289.14
Croatia,HRV,2020,80504.46
Croatia,HRV,2021,89926.016
Croatia,HRV,2022,94904.58
Croatia,HRV,2023,97623.38
Croatia,HRV,2024,100340.516
Cyprus,CYP,1991,45714.406
Cyprus,CYP,1992,48922.582
Cyprus,CYP,1993,48557.965
Cyprus,CYP,1994,50230.457
Cyprus,CYP,1995,53069.867
Cyprus,CYP,1996,52706.207
Cyprus,CYP,1997,52978.84
Cyprus,CYP,1998,54863.008
Cyprus,CYP,1999,57633.94
Cyprus,CYP,2000,59213.637
Cyprus,CYP,2001,58136.863
Cyprus,CYP,2002,58575.387
Cyprus,CYP,2003,58079.668
Cyprus,CYP,2004,59731.797
Cyprus,CYP,2005,61539.223
Cyprus,CYP,2006,62248.46
Cyprus,CYP,2007,62853.383
Cyprus,CYP,2008,63590.832
Cyprus,CYP,2009,62021.816
Cyprus,CYP,2010,62056.664
Cyprus,CYP,2011,62433.082
Cyprus,CYP,2012,61738.36
Cyprus,CYP,2013,59371.984
Cyprus,CYP,2014,56918.582
Cyprus,CYP,2015,57515.87
Cyprus,CYP,2016,59362.86
Cyprus,CYP,2017,60040.69
Cyprus,CYP,2018,60211.594
Cyprus,CYP,2019,61360.355
Cyprus,CYP,2020,59410.383
Cyprus,CYP,2021,64550.26
Cyprus,CYP,2022,66831.78
Cyprus,CYP,2023,67216.01
Cyprus,CYP,2024,68656.5
Czechia,CZE,1991,52109.324
Czechia,CZE,1992,51586.56
Czechia,CZE,1993,52137.062
Czechia,CZE,1994,53006.844
Czechia,CZE,1995,55958.85
Czechia,CZE,1996,58111.33
Czechia,CZE,1997,58135.273
Czechia,CZE,1998,58849.793
Czechia,CZE,1999,60895.484
Czechia,CZE,2000,63908.055
Czechia,CZE,2001,65690.5
Czechia,CZE,2002,66130
Czechia,CZE,2003,68774.74
Czechia,CZE,2004,72465.05
Czechia,CZE,2005,76155
Czechia,CZE,2006,80245.875
Czechia,CZE,2007,83070.95
Czechia,CZE,2008,84177.94
Czechia,CZE,2009,81450.1
Czechia,CZE,2010,84436.516
Czechia,CZE,2011,85536.06
Czechia,CZE,2012,84622.766
Czechia,CZE,2013,83822.89
Czechia,CZE,2014,84992.6
Czechia,CZE,2015,88070.79
Czechia,CZE,2016,88651.414
Czechia,CZE,2017,91773.02
Czechia,CZE,2018,93149.94
Czechia,CZE,2019,96427.38
Czechia,CZE,2020,92703.336
Czechia,CZE,2021,98551.086
Czechia,CZE,2022,98358.336
Czechia,CZE,2023,95700.875
Czechia,CZE,2024,96613.09
Democratic Republic of Congo,COD,1991,4963.2886
Democratic Republic of Congo,COD,1992,4301.72
Democratic Republic of Congo,COD,1993,3594.7722
Democratic Republic of Congo,COD,1994,3277.426
Democratic Republic of Congo,COD,1995,3158.4458
Democratic Republic of Congo,COD,1996,3090.6946
Democratic Republic of Congo,COD,1997,2898.7102
Democratic Republic of Congo,COD,1998,2784.8552
Democratic Republic of Congo,COD,1999,2578.2405
Democratic Republic of Congo,COD,2000,2325.9
Democratic Republic of Congo,COD,2001,2207.25
Democratic Republic of Congo,COD,2002,2203.7444
Democratic Republic of Congo,COD,2003,2259.242
Democratic Republic of Congo,COD,2004,2341.192
Democratic Republic of Congo,COD,2005,2409.297
Democratic Republic of Congo,COD,2006,2497.862
Democratic Republic of Congo,COD,2007,2617.307
Democratic Republic of Congo,COD,2008,2743.292
Democratic Republic of Congo,COD,2009,2782.7766
Democratic Republic of Congo,COD,2010,2932.7432
Democratic Republic of Congo,COD,2011,3079.714
Democratic Republic of Congo,COD,2012,3241.0076
Democratic Republic of Congo,COD,2013,3397.8394
Democratic Republic of Congo,COD,2014,3595.051
Democratic Republic of Congo,COD,2015,3720.0854
Democratic Republic of Congo,COD,2016,3676.1616
Democratic Republic of Congo,COD,2017,3674.535
Democratic Republic of Congo,COD,2018,3763.429
Democratic Republic of Congo,COD,2019,3810.6755
Democratic Republic of Congo,COD,2020,3943.9346
Democratic Republic of Congo,COD,2021,3911.4658
Democratic Republic of Congo,COD,2022,4106.46
Democratic Republic of Congo,COD,2023,4325.131
Democratic Republic of Congo,COD,2024,4467.7373
Denmark,DNK,1991,91399.06
Denmark,DNK,1992,93088.586
Denmark,DNK,1993,95462.45
Denmark,DNK,1994,100309.734
Denmark,DNK,1995,100752.555
Denmark,DNK,1996,102998.58
Denmark,DNK,1997,104027.99
Denmark,DNK,1998,106562.086
Denmark,DNK,1999,108476.04
Denmark,DNK,2000,112185.74
Denmark,DNK,2001,113276.99
Denmark,DNK,2002,112749.125
Denmark,DNK,2003,114746.08
Denmark,DNK,2004,116730.32
Denmark,DNK,2005,118956.23
Denmark,DNK,2006,120998.375
Denmark,DNK,2007,122165.67
Denmark,DNK,2008,121803.74
Denmark,DNK,2009,119511.26
Denmark,DNK,2010,124057.914
Denmark,DNK,2011,125745.21
Denmark,DNK,2012,126465.69
Denmark,DNK,2013,128679.55
Denmark,DNK,2014,129006.17
Denmark,DNK,2015,129425.125
Denmark,DNK,2016,131030.51
Denmark,DNK,2017,133597.6
Denmark,DNK,2018,134046.31
Denmark,DNK,2019,134323.6
Denmark,DNK,2020,132897.81
Denmark,DNK,2021,139651.19
Denmark,DNK,2022,137832.23
Denmark,DNK,2023,140371.52
Denmark,DNK,2024,145348.25
Djibouti,DJI,2013,28246.467
Djibouti,DJI,2014,29663.137
Djibouti,DJI,2015,31148.88
Djibouti,DJI,2016,32676.94
Djibouti,DJI,2017,33826.01
Djibouti,DJI,2018,34828.777
Djibouti,DJI,2019,36123.266
Djibouti,DJI,2020,37292.344
Djibouti,DJI,2021,37860.51
Djibouti,DJI,2022,37508.414
Djibouti,DJI,2023,39246.793
Djibouti,DJI,2024,40676.336
Dominican Republic,DOM,1991,22385.17
Dominican Republic,DOM,1992,24058.756
Dominican Republic,DOM,1993,24995.84
Dominican Republic,DOM,1994,24994.145
Dominican Republic,DOM,1995,25752.602
Dominican Republic,DOM,1996,26573.348
Dominican Republic,DOM,1997,28070.188
Dominican Republic,DOM,1998,29150.088
Dominican Republic,DOM,1999,30090.576
Dominican Republic,DOM,2000,30769.496
Dominican Republic,DOM,2001,31814.064
Dominican Republic,DOM,2002,32225.785
Dominican Republic,DOM,2003,31708.195
Dominican Republic,DOM,2004,31522.064
Dominican Republic,DOM,2005,34032.38
Dominican Republic,DOM,2006,35620.273
Dominican Republic,DOM,2007,37379.695
Dominican Republic,DOM,2008,37457.78
Dominican Republic,DOM,2009,38823.93
Dominican Republic,DOM,2010,40301.793
Dominican Republic,DOM,2011,40190.727
Dominican Republic,DOM,2012,39991.633
Dominican Republic,DOM,2013,41670.336
Dominican Republic,DOM,2014,43427.44
Dominican Republic,DOM,2015,44304.035
Dominican Republic,DOM,2016,46036.81
Dominican Republic,DOM,2017,46447.934
Dominican Republic,DOM,2018,47946.285
Dominican Republic,DOM,2019,48766.984
Dominican Republic,DOM,2020,47694.875
Dominican Republic,DOM,2021,52123.047
Dominican Republic,DOM,2022,52845.477
Dominican Republic,DOM,2023,52472.027
Dominican Republic,DOM,2024,54109.945
East Asia and Pacific (WB),,1991,11828.324
East Asia and Pacific (WB),,1992,12283.18
East Asia and Pacific (WB),,1993,12822.221
East Asia and Pacific (WB),,1994,13454.893
East Asia and Pacific (WB),,1995,14146.119
East Asia and Pacific (WB),,1996,14841.26
East Asia and Pacific (WB),,1997,15315.836
East Asia and Pacific (WB),,1998,15155.274
East Asia and Pacific (WB),,1999,15629.431
East Asia and Pacific (WB),,2000,16329.397
East Asia and Pacific (WB),,2001,16782.29
East Asia and Pacific (WB),,2002,17480.072
East Asia and Pacific (WB),,2003,18278.607
East Asia and Pacific (WB),,2004,19195.297
East Asia and Pacific (WB),,2005,20229.176
East Asia and Pacific (WB),,2006,21411.447
East Asia and Pacific (WB),,2007,22871.453
East Asia and Pacific (WB),,2008,23862.871
East Asia and Pacific (WB),,2009,24549.707
East Asia and Pacific (WB),,2010,26293.098
East Asia and Pacific (WB),,2011,27555.047
East Asia and Pacific (WB),,2012,28932.959
East Asia and Pacific (WB),,2013,30458.266
East Asia and Pacific (WB),,2014,31841.35
East Asia and Pacific (WB),,2015,33322.285
East Asia and Pacific (WB),,2016,34840.727
East Asia and Pacific (WB),,2017,36606.29
East Asia and Pacific (WB),,2018,38253.746
East Asia and Pacific (WB),,2019,39836.465
East Asia and Pacific (WB),,2020,40515.043
East Asia and Pacific (WB),,2021,42398.633
East Asia and Pacific (WB),,2022,43756.562
East Asia and Pacific (WB),,2023,45201.203
East Asia and Pacific (WB),,2024,45802.348
East Timor,TLS,1991,5894.3164
East Timor,TLS,1992,6329.2124
East Timor,TLS,1993,6785.4873
East Timor,TLS,1994,7062.648
East Timor,TLS,1995,7342.4194
East Timor,TLS,1996,7728.718
East Timor,TLS,1997,7828.508
East Timor,TLS,1998,7470.798
East Timor,TLS,1999,5452.246
East Timor,TLS,2000,9675.857
East Timor,TLS,2001,10419.756
East Timor,TLS,2002,8940.257
East Timor,TLS,2003,8366.615
East Timor,TLS,2004,8289.941
East Timor,TLS,2005,8375.61
East Timor,TLS,2006,7794.5566
East Timor,TLS,2007,8412.984
East Timor,TLS,2008,9175.788
East Timor,TLS,2009,9881.877
East Timor,TLS,2010,10572.185
East Timor,TLS,2011,10941.266
East Timor,TLS,2012,11190.489
East Timor,TLS,2013,11234.556
East Timor,TLS,2014,11429.275
East Timor,TLS,2015,11390.898
East Timor,TLS,2016,11519.5205
East Timor,TLS,2017,10741.936
East Timor,TLS,2018,10359.715
East Timor,TLS,2019,12489.223
East Timor,TLS,2020,16106.416
East Timor,TLS,2021,16511.312
East Timor,TLS,2022,12513.17
East Timor,TLS,2023,10100.218
East Timor,TLS,2024,9674.939
Ecuador,ECU,1991,24953.227
Ecuador,ECU,1992,24809.148
Ecuador,ECU,1993,24680.787
Ecuador,ECU,1994,25014.61
Ecuador,ECU,1995,24951.121
Ecuador,ECU,1996,24790.346
Ecuador,ECU,1997,24957.625
Ecuador,ECU,1998,24358.13
Ecuador,ECU,1999,23238.51
Ecuador,ECU,2000,23529.59
Ecuador,ECU,2001,23593.098
Ecuador,ECU,2002,24103.885
Ecuador,ECU,2003,24204.773
Ecuador,ECU,2004,24287.254
Ecuador,ECU,2005,24862.695
Ecuador,ECU,2006,24910.984
Ecuador,ECU,2007,25121.27
Ecuador,ECU,2008,26445.361
Ecuador,ECU,2009,27356.336
Ecuador,ECU,2010,28257.568
Ecuador,ECU,2011,30217.965
Ecuador,ECU,2012,30866.854
Ecuador,ECU,2013,32439.312
Ecuador,ECU,2014,33040.125
Ecuador,ECU,2015,30915.781
Ecuador,ECU,2016,29435.047
Ecuador,ECU,2017,30027.432
Ecuador,ECU,2018,30166.004
Ecuador,ECU,2019,29791.518
Ecuador,ECU,2020,30044.457
Ecuador,ECU,2021,29416.344
Ecuador,ECU,2022,30454.82
Ecuador,ECU,2023,30735.592
Ecuador,ECU,2024,30088.371
Egypt,EGY,1991,31355.822
Egypt,EGY,1992,31371.447
Egypt,EGY,1993,31611.56
Egypt,EGY,1994,31333.086
Egypt,EGY,1995,32569.984
Egypt,EGY,1996,32954.883
Egypt,EGY,1997,34037.418
Egypt,EGY,1998,35236.242
Egypt,EGY,1999,35052.984
Egypt,EGY,2000,37623.066
Egypt,EGY,2001,39033.758
Egypt,EGY,2002,40732.785
Egypt,EGY,2003,40387.074
Egypt,EGY,2004,39772.266
Egypt,EGY,2005,39964.902
Egypt,EGY,2006,40578.21
Egypt,EGY,2007,40881.438
Egypt,EGY,2008,43124.1
Egypt,EGY,2009,44207.453
Egypt,EGY,2010,44085.984
Egypt,EGY,2011,46012.008
Egypt,EGY,2012,46662.066
Egypt,EGY,2013,46967.48
Egypt,EGY,2014,47573.445
Egypt,EGY,2015,49849.14
Egypt,EGY,2016,51041.09
Egypt,EGY,2017,53638.504
Egypt,EGY,2018,56226.184
Egypt,EGY,2019,58321.527
Egypt,EGY,2020,60087.887
Egypt,EGY,2021,58608.203
Egypt,EGY,2022,61385.285
Egypt,EGY,2023,62257.09
Egypt,EGY,2024,62504.676
El Salvador,SLV,1991,17954.115
El Salvador,SLV,1992,18881.723
El Salvador,SLV,1993,19756.945
El Salvador,SLV,1994,19500.348
El Salvador,SLV,1995,20348.738
El Salvador,SLV,1996,20664.549
El Salvador,SLV,1997,21133.469
El Salvador,SLV,1998,20452.264
El Salvador,SLV,1999,20832.52
El Salvador,SLV,2000,20949.617
El Salvador,SLV,2001,21121.59
El Salvador,SLV,2002,21288.605
El Salvador,SLV,2003,21097.139
El Salvador,SLV,2004,21622.06
El Salvador,SLV,2005,22005.463
El Salvador,SLV,2006,22524.56
El Salvador,SLV,2007,22522.922
El Salvador,SLV,2008,22776.645
El Salvador,SLV,2009,22540.27
El Salvador,SLV,2010,22331.268
El Salvador,SLV,2011,22829.682
El Salvador,SLV,2012,22813.066
El Salvador,SLV,2013,22822.57
El Salvador,SLV,2014,23451.44
El Salvador,SLV,2015,23971.01
El Salvador,SLV,2016,24185.479
El Salvador,SLV,2017,24599.314
El Salvador,SLV,2018,25035.775
El Salvador,SLV,2019,25056.098
El Salvador,SLV,2020,24405.81
El Salvador,SLV,2021,25801.316
El Salvador,SLV,2022,25572.568
El Salvador,SLV,2023,26036.225
El Salvador,SLV,2024,26336.742
Equatorial Guinea,GNQ,1991,3273.7048
Equatorial Guinea,GNQ,1992,4260.2847
Equatorial Guinea,GNQ,1993,4566.6025
Equatorial Guinea,GNQ,1994,5138.0303
Equatorial Guinea,GNQ,1995,5811.6235
Equatorial Guinea,GNQ,1996,9314.8955
Equatorial Guinea,GNQ,1997,22383.025
Equatorial Guinea,GNQ,1998,26616.828
Equatorial Guinea,GNQ,1999,32122.527
Equatorial Guinea,GNQ,2000,35979.613
Equatorial Guinea,GNQ,2001,55132.914
Equatorial Guinea,GNQ,2002,61858.164
Equatorial Guinea,GNQ,2003,66277.27
Equatorial Guinea,GNQ,2004,86021.55
Equatorial Guinea,GNQ,2005,95230.32
Equatorial Guinea,GNQ,2006,97764.99
Equatorial Guinea,GNQ,2007,107315.234
Equatorial Guinea,GNQ,2008,120201.305
Equatorial Guinea,GNQ,2009,115863.234
Equatorial Guinea,GNQ,2010,100296.5
Equatorial Guinea,GNQ,2011,101604.87
Equatorial Guinea,GNQ,2012,104883.84
Equatorial Guinea,GNQ,2013,95918.11
Equatorial Guinea,GNQ,2014,92110.67
Equatorial Guinea,GNQ,2015,80340.02
Equatorial Guinea,GNQ,2016,70393.78
Equatorial Guinea,GNQ,2017,63977.555
Equatorial Guinea,GNQ,2018,57872.28
Equatorial Guinea,GNQ,2019,52954.293
Equatorial Guinea,GNQ,2020,52279.133
Equatorial Guinea,GNQ,2021,50957.613
Equatorial Guinea,GNQ,2022,48848.2
Equatorial Guinea,GNQ,2023,45250.27
Equatorial Guinea,GNQ,2024,44380.07
Estonia,EST,1991,34894.105
Estonia,EST,1992,29502.518
Estonia,EST,1993,29974.832
Estonia,EST,1994,30358.156
Estonia,EST,1995,33544.777
Estonia,EST,1996,35997.098
Estonia,EST,1997,40926.824
Estonia,EST,1998,43301.785
Estonia,EST,1999,44473.656
Estonia,EST,2000,49335.082
Estonia,EST,2001,52952.836
Estonia,EST,2002,55673.32
Estonia,EST,2003,58896.35
Estonia,EST,2004,61984.07
Estonia,EST,2005,66676
Estonia,EST,2006,69510.24
Estonia,EST,2007,73962.08
Estonia,EST,2008,70283.05
Estonia,EST,2009,66289.71
Estonia,EST,2010,71111.79
Estonia,EST,2011,72199.375
Estonia,EST,2012,73329.25
Estonia,EST,2013,73852.664
Estonia,EST,2014,75821.38
Estonia,EST,2015,75592.74
Estonia,EST,2016,77401.26
Estonia,EST,2017,80078.29
Estonia,EST,2018,82162.62
Estonia,EST,2019,84631.28
Estonia,EST,2020,84347.77
Estonia,EST,2021,89268.09
Estonia,EST,2022,84827.766
Estonia,EST,2023,80808.71
Estonia,EST,2024,81782.87
Eswatini,SWZ,1991,23369.734
Eswatini,SWZ,1992,23189.096
Eswatini,SWZ,1993,23356.709
Eswatini,SWZ,1994,24099.633
Eswatini,SWZ,1995,25395.12
Eswatini,SWZ,1996,25816.69
Eswatini,SWZ,1997,26093.525
Eswatini,SWZ,1998,26401.264
Eswatini,SWZ,1999,26838.99
Eswatini,SWZ,2000,27024.123
Eswatini,SWZ,2001,27095.152
Eswatini,SWZ,2002,28083.71
Eswatini,SWZ,2003,29022.617
Eswatini,SWZ,2004,29961.355
Eswatini,SWZ,2005,31700.273
Eswatini,SWZ,2006,33559.63
Eswatini,SWZ,2007,34983.734
Eswatini,SWZ,2008,34660.926
Eswatini,SWZ,2009,34578.535
Eswatini,SWZ,2010,35197.113
Eswatini,SWZ,2011,35281.285
Eswatini,SWZ,2012,36435.688
Eswatini,SWZ,2013,37179.414
Eswatini,SWZ,2014,37068.562
Eswatini,SWZ,2015,37203.707
Eswatini,SWZ,2016,38299.355
Eswatini,SWZ,2017,39744.97
Eswatini,SWZ,2018,40731.45
Eswatini,SWZ,2019,44146.027
Eswatini,SWZ,2020,46058.555
Eswatini,SWZ,2021,47531.965
Eswatini,SWZ,2022,48870.51
Eswatini,SWZ,2023,49988.16
Eswatini,SWZ,2024,50288.7
Ethiopia,ETH,1991,1827.0249
Ethiopia,ETH,1992,1601.9806
Ethiopia,ETH,1993,1751.9065
Ethiopia,ETH,1994,1748.1868
Ethiopia,ETH,1995,1796.8193
Ethiopia,ETH,1996,1963.0443
Ethiopia,ETH,1997,1970.396
Ethiopia,ETH,1998,1855.5757
Ethiopia,ETH,1999,1902.4519
Ethiopia,ETH,2000,1957.6277
Ethiopia,ETH,2001,2052.2915
Ethiopia,ETH,2002,2017.8257
Ethiopia,ETH,2003,1911.5209
Ethiopia,ETH,2004,2097.703
Ethiopia,ETH,2005,2264.9363
Ethiopia,ETH,2006,2427.3196
Ethiopia,ETH,2007,2616.4292
Ethiopia,ETH,2008,2800.6943
Ethiopia,ETH,2009,2942.6255
Ethiopia,ETH,2010,3193.7231
Ethiopia,ETH,2011,3420.9863
Ethiopia,ETH,2012,3580.3374
Ethiopia,ETH,2013,3816.9795
Ethiopia,ETH,2014,4142.5454
Ethiopia,ETH,2015,4503.6426
Ethiopia,ETH,2016,4857.8096
Ethiopia,ETH,2017,5249.099
Ethiopia,ETH,2018,5539.812
Ethiopia,ETH,2019,5937.3545
Ethiopia,ETH,2020,6346.9604
Ethiopia,ETH,2021,6586.6753
Ethiopia,ETH,2022,6699.612
Ethiopia,ETH,2023,6947.47
Ethiopia,ETH,2024,7238.6997
Europe and Central Asia (WB),,1991,65315.332
Europe and Central Asia (WB),,1992,63823.31
Europe and Central Asia (WB),,1993,63731.547
Europe and Central Asia (WB),,1994,63723.2
Europe and Central Asia (WB),,1995,64412.78
Europe and Central Asia (WB),,1996,65369.938
Europe and Central Asia (WB),,1997,67445.766
Europe and Central Asia (WB),,1998,68645.84
Europe and Central Asia (WB),,1999,69364.86
Europe and Central Asia (WB),,2000,71775.336
Europe and Central Asia (WB),,2001,73092.04
Europe and Central Asia (WB),,2002,74022.336
Europe and Central Asia (WB),,2003,75518.37
Europe and Central Asia (WB),,2004,78061.13
Europe and Central Asia (WB),,2005,79577.21
Europe and Central Asia (WB),,2006,82108.2
Europe and Central Asia (WB),,2007,84238.19
Europe and Central Asia (WB),,2008,84802.74
Europe and Central Asia (WB),,2009,82093.42
Europe and Central Asia (WB),,2010,84030.805
Europe and Central Asia (WB),,2011,85792.65
Europe and Central Asia (WB),,2012,86104.26
Europe and Central Asia (WB),,2013,86886.41
Europe and Central Asia (WB),,2014,87745.305
Europe and Central Asia (WB),,2015,88384.055
Europe and Central Asia (WB),,2016,88946.766
Europe and Central Asia (WB),,2017,90649.59
Europe and Central Asia (WB),,2018,91809.35
Europe and Central Asia (WB),,2019,93282.42
Europe and Central Asia (WB),,2020,90393.95
Europe and Central Asia (WB),,2021,95338.21
Europe and Central Asia (WB),,2022,98736.94
Europe and Central Asia (WB),,2023,99324.086
Europe and Central Asia (WB),,2024,100852.945
European Union (27),,1991,80773.5
European Union (27),,1992,81950.266
European Union (27),,1993,82927.68
European Union (27),,1994,85581.336
European Union (27),,1995,87567.76
European Union (27),,1996,88937.805
European Union (27),,1997,90677.59
European Union (27),,1998,92362.766
European Union (27),,1999,94018.875
European Union (27),,2000,96727.34
European Union (27),,2001,98156.75
European Union (27),,2002,98999.81
European Union (27),,2003,99253.336
European Union (27),,2004,101406.94
European Union (27),,2005,102096.71
European Union (27),,2006,103886.805
European Union (27),,2007,105257.6
European Union (27),,2008,105014.06
European Union (27),,2009,102825.32
European Union (27),,2010,105211.58
European Union (27),,2011,107545.555
European Union (27),,2012,107165.37
European Union (27),,2013,107470.28
European Union (27),,2014,108463.38
European Union (27),,2015,109826.25
European Union (27),,2016,110488.88
European Union (27),,2017,111976.1
European Union (27),,2018,112970.53
European Union (27),,2019,114148.42
European Union (27),,2020,109461.97
European Union (27),,2021,115339.91
European Union (27),,2022,116780.14
European Union (27),,2023,116241.64
European Union (27),,2024,117341.836
Fiji,FJI,1991,22313.17
Fiji,FJI,1992,23468.236
Fiji,FJI,1993,23724.062
Fiji,FJI,1994,24666.834
Fiji,FJI,1995,25017.666
Fiji,FJI,1996,25895.78
Fiji,FJI,1997,24946.031
Fiji,FJI,1998,24801.086
Fiji,FJI,1999,26482.613
Fiji,FJI,2000,25598.6
Fiji,FJI,2001,25719.766
Fiji,FJI,2002,26198.76
Fiji,FJI,2003,26112.37
Fiji,FJI,2004,27149.31
Fiji,FJI,2005,27410.387
Fiji,FJI,2006,27035.139
Fiji,FJI,2007,26015.023
Fiji,FJI,2008,25571.795
Fiji,FJI,2009,24616.475
Fiji,FJI,2010,24745.762
Fiji,FJI,2011,24841.72
Fiji,FJI,2012,25592.145
Fiji,FJI,2013,27290.102
Fiji,FJI,2014,29379.732
Fiji,FJI,2015,30928.674
Fiji,FJI,2016,31953.271
Fiji,FJI,2017,33647.46
Fiji,FJI,2018,34913.223
Fiji,FJI,2019,34647.555
Fiji,FJI,2020,29019.64
Fiji,FJI,2021,27356.873
Fiji,FJI,2022,32189.17
Fiji,FJI,2023,34253.26
Fiji,FJI,2024,35299.457
Finland,FIN,1991,75870.71
Finland,FIN,1992,78743.414
Finland,FIN,1993,83047.78
Finland,FIN,1994,87244.47
Finland,FIN,1995,92372.51
Finland,FIN,1996,94472.68
Finland,FIN,1997,97869.52
Finland,FIN,1998,100485.086
Finland,FIN,1999,101058.305
Finland,FIN,2000,105161.54
Finland,FIN,2001,105601.48
Finland,FIN,2002,106726.84
Finland,FIN,2003,108477.35
Finland,FIN,2004,112653.37
Finland,FIN,2005,113493.5
Finland,FIN,2006,116343.73
Finland,FIN,2007,121253.875
Finland,FIN,2008,120158.21
Finland,FIN,2009,113925.63
Finland,FIN,2010,118343.766
Finland,FIN,2011,119496.93
Finland,FIN,2012,117395.09
Finland,FIN,2013,117255.67
Finland,FIN,2014,117525.766
Finland,FIN,2015,118499.41
Finland,FIN,2016,120803.47
Finland,FIN,2017,123870.375
Finland,FIN,2018,121926.516
Finland,FIN,2019,122532.82
Finland,FIN,2020,121062.28
Finland,FIN,2021,121651.79
Finland,FIN,2022,119431.79
Finland,FIN,2023,118148.336
Finland,FIN,2024,117938
France,FRA,1991,97447.875
France,FRA,1992,99254.22
France,FRA,1993,99504.055
France,FRA,1994,102997.28
France,FRA,1995,103861.11
France,FRA,1996,104743.83
France,FRA,1997,107767.79
France,FRA,1998,110118.76
France,FRA,1999,112443.26
France,FRA,2000,114079.54
France,FRA,2001,113668.31
France,FRA,2002,113477.06
France,FRA,2003,111918.336
France,FRA,2004,115221.09
France,FRA,2005,116068.7
France,FRA,2006,118414.914
France,FRA,2007,119244.04
France,FRA,2008,118113.34
France,FRA,2009,116073.23
France,FRA,2010,118246.59
France,FRA,2011,120919.27
France,FRA,2012,120917.695
France,FRA,2013,121102.54
France,FRA,2014,123181.734
France,FRA,2015,124330.37
France,FRA,2016,124907.33
France,FRA,2017,126319.195
France,FRA,2018,127060.87
France,FRA,2019,128928.445
France,FRA,2020,119633.984
France,FRA,2021,124027.95
France,FRA,2022,125015.82
France,FRA,2023,125896.42
France,FRA,2024,126986.164
Gabon,GAB,1991,107269.37
Gabon,GAB,1992,101520.84
Gabon,GAB,1993,102895.38
Gabon,GAB,1994,103974.516
Gabon,GAB,1995,105853.7
Gabon,GAB,1996,106682.71
Gabon,GAB,1997,109643.63
Gabon,GAB,1998,110286.19
Gabon,GAB,1999,97482.31
Gabon,GAB,2000,92888.27
Gabon,GAB,2001,91943.125
Gabon,GAB,2002,88282.16
Gabon,GAB,2003,87074.5
Gabon,GAB,2004,84609
Gabon,GAB,2005,83607.56
Gabon,GAB,2006,78859.234
Gabon,GAB,2007,80925.555
Gabon,GAB,2008,75741.086
Gabon,GAB,2009,73109.99
Gabon,GAB,2010,75688.59
Gabon,GAB,2011,77225.52
Gabon,GAB,2012,77574
Gabon,GAB,2013,78555.734
Gabon,GAB,2014,78745.984
Gabon,GAB,2015,78831.02
Gabon,GAB,2016,77901.664
Gabon,GAB,2017,75985.914
Gabon,GAB,2018,74547.34
Gabon,GAB,2019,75405.945
Gabon,GAB,2020,78327.17
Gabon,GAB,2021,76580.96
Gabon,GAB,2022,72193.625
Gabon,GAB,2023,72205.586
Gabon,GAB,2024,72900.33
Gambia,GMB,1991,11231.492
Gambia,GMB,1992,11175.304
Gambia,GMB,1993,11124.948
Gambia,GMB,1994,10821.147
Gambia,GMB,1995,10640.355
Gambia,GMB,1996,10603.954
Gambia,GMB,1997,10833.37
Gambia,GMB,1998,10906.691
Gambia,GMB,1999,11297.764
Gambia,GMB,2000,11604.991
Gambia,GMB,2001,11942.6045
Gambia,GMB,2002,11199.954
Gambia,GMB,2003,11642.599
Gambia,GMB,2004,12113.9
Gambia,GMB,2005,11393.206
Gambia,GMB,2006,10958.707
Gambia,GMB,2007,10934.058
Gambia,GMB,2008,11214.072
Gambia,GMB,2009,11557.905
Gambia,GMB,2010,11846.261
Gambia,GMB,2011,10482.713
Gambia,GMB,2012,10703.13
Gambia,GMB,2013,10554.641
Gambia,GMB,2014,9908.505
Gambia,GMB,2015,9904.156
Gambia,GMB,2016,9686.355
Gambia,GMB,2017,9755.091
Gambia,GMB,2018,10086.132
Gambia,GMB,2019,10479.409
Gambia,GMB,2020,10356.068
Gambia,GMB,2021,10626.77
Gambia,GMB,2022,10866.208
Gambia,GMB,2023,11125.745
Gambia,GMB,2024,11423.983
Georgia,GEO,1991,21089.934
Georgia,GEO,1992,11759.549
Georgia,GEO,1993,8163.5703
Georgia,GEO,1994,7573.709
Georgia,GEO,1995,8021.2188
Georgia,GEO,1996,9753.29
Georgia,GEO,1997,11213.569
Georgia,GEO,1998,12257.475
Georgia,GEO,1999,12552.357
Georgia,GEO,2000,12864.025
Georgia,GEO,2001,13188.264
Georgia,GEO,2002,14416.427
Georgia,GEO,2003,15555.289
Georgia,GEO,2004,16977.834
Georgia,GEO,2005,19052.625
Georgia,GEO,2006,21390.555
Georgia,GEO,2007,23607.867
Georgia,GEO,2008,25495.82
Georgia,GEO,2009,25258.398
Georgia,GEO,2010,26533.707
Georgia,GEO,2011,28383.768
Georgia,GEO,2012,29901.229
Georgia,GEO,2013,31647.465
Georgia,GEO,2014,31975.523
Georgia,GEO,2015,32278.926
Georgia,GEO,2016,33761.54
Georgia,GEO,2017,35718.395
Georgia,GEO,2018,38835.48
Georgia,GEO,2019,41265.324
Georgia,GEO,2020,38523.465
Georgia,GEO,2021,44811.438
Georgia,GEO,2022,47780.043
Georgia,GEO,2023,51270.31
Georgia,GEO,2024,56608.383
Germany,DEU,1991,93565.15
Germany,DEU,1992,96665.36
Germany,DEU,1993,97384.7
Germany,DEU,1994,100466.24
Germany,DEU,1995,101700.75
Germany,DEU,1996,103516.1
Germany,DEU,1997,105996.555
Germany,DEU,1998,108037.87
Germany,DEU,1999,108626.84
Germany,DEU,2000,110967.85
Germany,DEU,2001,112363.17
Germany,DEU,2002,112707.47
Germany,DEU,2003,113213.76
Germany,DEU,2004,116201.01
Germany,DEU,2005,115789.98
Germany,DEU,2006,117430.27
Germany,DEU,2007,118490.51
Germany,DEU,2008,117970.81
Germany,DEU,2009,111817.51
Germany,DEU,2010,115304.94
Germany,DEU,2011,119229.05
Germany,DEU,2012,118353.234
Germany,DEU,2013,117572.11
Germany,DEU,2014,118930.625
Germany,DEU,2015,119748.7
Germany,DEU,2016,120645.77
Germany,DEU,2017,122727.06
Germany,DEU,2018,122961.69
Germany,DEU,2019,122853.414
Germany,DEU,2020,120369.55
Germany,DEU,2021,124673.86
Germany,DEU,2022,123843.52
Germany,DEU,2023,122921.35
Germany,DEU,2024,124097.37
Ghana,GHA,1991,6971.58
Ghana,GHA,1992,7164.9775
Ghana,GHA,1993,7368.1313
Ghana,GHA,1994,7469.1387
Ghana,GHA,1995,7632.2603
Ghana,GHA,1996,7845.8613
Ghana,GHA,1997,8014.0073
Ghana,GHA,1998,8209.902
Ghana,GHA,1999,8514.499
Ghana,GHA,2000,8626.244
Ghana,GHA,2001,8633.25
Ghana,GHA,2002,8668.4795
Ghana,GHA,2003,8766.175
Ghana,GHA,2004,8910.019
Ghana,GHA,2005,9093.056
Ghana,GHA,2006,9333.902
Ghana,GHA,2007,9510.666
Ghana,GHA,2008,10129.197
Ghana,GHA,2009,10392.003
Ghana,GHA,2010,10973.479
Ghana,GHA,2011,12112.595
Ghana,GHA,2012,12828.736
Ghana,GHA,2013,13360.036
Ghana,GHA,2014,13785.581
Ghana,GHA,2015,14151.739
Ghana,GHA,2016,14184.683
Ghana,GHA,2017,14835.283
Ghana,GHA,2018,15535.868
Ghana,GHA,2019,16333.233
Ghana,GHA,2020,16379.535
Ghana,GHA,2021,16907.047
Ghana,GHA,2022,17243.049
Ghana,GHA,2023,17354.227
Ghana,GHA,2024,17996.998
Greece,GRC,1991,75022.805
Greece,GRC,1992,73981.27
Greece,GRC,1993,73287.65
Greece,GRC,1994,72894.42
Greece,GRC,1995,73565.49
Greece,GRC,1996,73206.65
Greece,GRC,1997,75606.86
Greece,GRC,1998,77607.08
Greece,GRC,1999,79474.586
Greece,GRC,2000,81757.56
Greece,GRC,2001,85677.85
Greece,GRC,2002,88312.2
Greece,GRC,2003,91761
Greece,GRC,2004,95881.945
Greece,GRC,2005,95676.64
Greece,GRC,2006,99525.47
Greece,GRC,2007,102267.805
Greece,GRC,2008,101121.6
Greece,GRC,2009,97953.35
Greece,GRC,2010,95319.805
Greece,GRC,2011,92857.23
Greece,GRC,2012,93763.4
Greece,GRC,2013,96669.3
Greece,GRC,2014,97329.14
Greece,GRC,2015,95437.67
Greece,GRC,2016,94014.625
Greece,GRC,2017,93242.61
Greece,GRC,2018,93072.98
Greece,GRC,2019,92661.45
Greece,GRC,2020,84377.67
Greece,GRC,2021,90794.83
Greece,GRC,2022,91830.805
Greece,GRC,2023,92532.516
Greece,GRC,2024,93759.664
Guatemala,GTM,1991,23093.309
Guatemala,GTM,1992,23475.873
Guatemala,GTM,1993,23661.22
Guatemala,GTM,1994,23888.88
Guatemala,GTM,1995,24330.887
Guatemala,GTM,1996,24353.902
Guatemala,GTM,1997,24660.47
Guatemala,GTM,1998,25092.355
Guatemala,GTM,1999,25264.107
Guatemala,GTM,2000,25453.564
Guatemala,GTM,2001,25393.479
Guatemala,GTM,2002,25614.402
Guatemala,GTM,2003,25530.104
Guatemala,GTM,2004,25586.877
Guatemala,GTM,2005,25851.46
Guatemala,GTM,2006,26591.2
Guatemala,GTM,2007,27597.338
Guatemala,GTM,2008,27876.82
Guatemala,GTM,2009,27483.525
Guatemala,GTM,2010,27732.889
Guatemala,GTM,2011,27515.87
Guatemala,GTM,2012,25831.91
Guatemala,GTM,2013,28213.842
Guatemala,GTM,2014,28327.916
Guatemala,GTM,2015,28712.193
Guatemala,GTM,2016,28684.764
Guatemala,GTM,2017,28645.803
Guatemala,GTM,2018,29064.201
Guatemala,GTM,2019,30181.041
Guatemala,GTM,2020,30359.57
Guatemala,GTM,2021,31280.713
Guatemala,GTM,2022,30913.104
Guatemala,GTM,2023,31037.105
Guatemala,GTM,2024,31411.996
Guinea,GIN,1991,6041.1934
Guinea,GIN,1992,6051.847
Guinea,GIN,1993,6172.513
Guinea,GIN,1994,6233.479
Guinea,GIN,1995,6345.506
Guinea,GIN,1996,6451.3564
Guinea,GIN,1997,6669.75
Guinea,GIN,1998,6812.78
Guinea,GIN,1999,6928.992
Guinea,GIN,2000,6988.209
Guinea,GIN,2001,7182.6245
Guinea,GIN,2002,7452.768
Guinea,GIN,2003,7448.244
Guinea,GIN,2004,7536.515
Guinea,GIN,2005,7697.689
Guinea,GIN,2006,7706.345
Guinea,GIN,2007,8097.8857
Guinea,GIN,2008,8292.786
Guinea,GIN,2009,8073.6807
Guinea,GIN,2010,8331.624
Guinea,GIN,2011,8648.054
Guinea,GIN,2012,8983.335
Guinea,GIN,2013,9192.037
Guinea,GIN,2014,9386.293
Guinea,GIN,2015,9592.783
Guinea,GIN,2016,10426.571
Guinea,GIN,2017,11290.328
Guinea,GIN,2018,11810.477
Guinea,GIN,2019,12297.998
Guinea,GIN,2020,12749.86
Guinea,GIN,2021,12981.133
Guinea,GIN,2022,13056.118
Guinea,GIN,2023,13410.776
Guinea,GIN,2024,13832.222
Guinea-Bissau,GNB,1991,5886.5728
Guinea-Bissau,GNB,1992,5776.518
Guinea-Bissau,GNB,1993,5706.8135
Guinea-Bissau,GNB,1994,5710.1777
Guinea-Bissau,GNB,1995,5805.879
Guinea-Bissau,GNB,1996,6329.3765
Guinea-Bissau,GNB,1997,6598.86
Guinea-Bissau,GNB,1998,5035.0215
Guinea-Bissau,GNB,1999,5769.61
Guinea-Bissau,GNB,2000,5706.319
Guinea-Bissau,GNB,2001,5816.5215
Guinea-Bissau,GNB,2002,5887.3574
Guinea-Bissau,GNB,2003,5731.8525
Guinea-Bissau,GNB,2004,5655.345
Guinea-Bissau,GNB,2005,5872.507
Guinea-Bissau,GNB,2006,5875.9897
Guinea-Bissau,GNB,2007,5869.2935
Guinea-Bissau,GNB,2008,5973.0024
Guinea-Bissau,GNB,2009,5953.4336
Guinea-Bissau,GNB,2010,6113.37
Guinea-Bissau,GNB,2011,6419.6426
Guinea-Bissau,GNB,2012,6135.6694
Guinea-Bissau,GNB,2013,6157.1396
Guinea-Bissau,GNB,2014,6046.6475
Guinea-Bissau,GNB,2015,6231.2617
Guinea-Bissau,GNB,2016,6384.494
Guinea-Bissau,GNB,2017,6493.774
Guinea-Bissau,GNB,2018,6556.728
Guinea-Bissau,GNB,2019,6682.6973
Guinea-Bissau,GNB,2020,6723.4756
Guinea-Bissau,GNB,2021,6842.511
Guinea-Bissau,GNB,2022,6965.4663
Guinea-Bissau,GNB,2023,7053.516
Guinea-Bissau,GNB,2024,7182.3276
Guyana,GUY,1991,16354.916
Guyana,GUY,1992,17390.025
Guyana,GUY,1993,18539.604
Guyana,GUY,1994,20142.598
Guyana,GUY,1995,21230.1
Guyana,GUY,1996,23012.535
Guyana,GUY,1997,24572.29
Guyana,GUY,1998,24339.885
Guyana,GUY,1999,25250.436
Guyana,GUY,2000,25121.148
Guyana,GUY,2001,25852.395
Guyana,GUY,2002,26342.201
Guyana,GUY,2003,25970.393
Guyana,GUY,2004,26162.621
Guyana,GUY,2005,25460.5
Guyana,GUY,2006,26503.375
Guyana,GUY,2007,28294.055
Guyana,GUY,2008,28701.668
Guyana,GUY,2009,29698.355
Guyana,GUY,2010,30922.484
Guyana,GUY,2011,32506.664
Guyana,GUY,2012,34171.152
Guyana,GUY,2013,35320.293
Guyana,GUY,2014,35847.715
Guyana,GUY,2015,36042.586
Guyana,GUY,2016,37320.07
Guyana,GUY,2017,38605.77
Guyana,GUY,2018,38831.137
Guyana,GUY,2019,42536.582
Guyana,GUY,2020,63555.02
Guyana,GUY,2021,74637.164
Guyana,GUY,2022,118842.055
Guyana,GUY,2023,159143.84
Guyana,GUY,2024,222574.97
Haiti,HTI,1991,11015.064
Haiti,HTI,1992,10279.155
Haiti,HTI,1993,9588.314
Haiti,HTI,1994,8344.216
Haiti,HTI,1995,8984.172
Haiti,HTI,1996,9196.162
Haiti,HTI,1997,9269.478
Haiti,HTI,1998,9346.685
Haiti,HTI,1999,9455.723
Haiti,HTI,2000,9516.245
Haiti,HTI,2001,9362.955
Haiti,HTI,2002,9339.233
Haiti,HTI,2003,9521.253
Haiti,HTI,2004,9273.335
Haiti,HTI,2005,9419.393
Haiti,HTI,2006,9446.578
Haiti,HTI,2007,9704.74
Haiti,HTI,2008,9607.407
Haiti,HTI,2009,9789.41
Haiti,HTI,2010,9012.123
Haiti,HTI,2011,9202.049
Haiti,HTI,2012,9017.266
Haiti,HTI,2013,9147.05
Haiti,HTI,2014,9223.998
Haiti,HTI,2015,9163.247
Haiti,HTI,2016,9159.909
Haiti,HTI,2017,9211.79
Haiti,HTI,2018,9193.585
Haiti,HTI,2019,8909.637
Haiti,HTI,2020,8699.148
Haiti,HTI,2021,8337.029
Haiti,HTI,2022,8017.111
Haiti,HTI,2023,7743.7656
Haiti,HTI,2024,7349.988
High-income countries,,1991,77300.05
High-income countries,,1992,77506.32
High-income countries,,1993,78191.91
High-income countries,,1994,79618.6
High-income countries,,1995,80887.64
High-income countries,,1996,82355.39
High-income countries,,1997,84456.32
High-income countries,,1998,85995.28
High-income countries,,1999,87599.17
High-income countries,,2000,90090.3
High-income countries,,2001,91258.164
High-income countries,,2002,92468.51
High-income countries,,2003,94313.97
High-income countries,,2004,96780.46
High-income countries,,2005,98396.37
High-income countries,,2006,100263.31
High-income countries,,2007,101803.67
High-income countries,,2008,102050.89
High-income countries,,2009,100380.48
High-income countries,,2010,103280.44
High-income countries,,2011,104822.49
High-income countries,,2012,105381.04
High-income countries,,2013,106245.24
High-income countries,,2014,107081.805
High-income countries,,2015,108052.664
High-income countries,,2016,108459.32
High-income countries,,2017,109821.336
High-income countries,,2018,111127.805
High-income countries,,2019,112165.9
High-income countries,,2020,110757.01
High-income countries,,2021,115558.61
High-income countries,,2022,116057.03
High-income countries,,2023,116483.23
High-income countries,,2024,119252.11
Honduras,HND,1991,12281.034
Honduras,HND,1992,12381.555
Honduras,HND,1993,12729.283
Honduras,HND,1994,12361.003
Honduras,HND,1995,12675.725
Honduras,HND,1996,12637.423
Honduras,HND,1997,12624.75
Honduras,HND,1998,12738.357
Honduras,HND,1999,12242.308
Honduras,HND,2000,13004.933
Honduras,HND,2001,13047.056
Honduras,HND,2002,13207.979
Honduras,HND,2003,13655.893
Honduras,HND,2004,14266.122
Honduras,HND,2005,14606.533
Honduras,HND,2006,15309.477
Honduras,HND,2007,15919.531
Honduras,HND,2008,15893.022
Honduras,HND,2009,14738.291
Honduras,HND,2010,14677.085
Honduras,HND,2011,15376.488
Honduras,HND,2012,15769.26
Honduras,HND,2013,14959.655
Honduras,HND,2014,14850.285
Honduras,HND,2015,14846.18
Honduras,HND,2016,15268.926
Honduras,HND,2017,15128.78
Honduras,HND,2018,14770.927
Honduras,HND,2019,15266.638
Honduras,HND,2020,15395.538
Honduras,HND,2021,15870.112
Honduras,HND,2022,15878.868
Honduras,HND,2023,17396.143
Honduras,HND,2024,17668.225
Hong Kong,HKG,1991,67118.73
Hong Kong,HKG,1992,71638.71
Hong Kong,HKG,1993,74893.625
Hong Kong,HKG,1994,77379.055
Hong Kong,HKG,1995,78409.84
Hong Kong,HKG,1996,77813.03
Hong Kong,HKG,1997,80560.78
Hong Kong,HKG,1998,76768.414
Hong Kong,HKG,1999,79207.125
Hong Kong,HKG,2000,83159.42
Hong Kong,HKG,2001,82356.086
Hong Kong,HKG,2002,84532.71
Hong Kong,HKG,2003,88089.9
Hong Kong,HKG,2004,93355.6
Hong Kong,HKG,2005,98033.51
Hong Kong,HKG,2006,102678.71
Hong Kong,HKG,2007,106931.65
Hong Kong,HKG,2008,108476.29
Hong Kong,HKG,2009,107165.56
Hong Kong,HKG,2010,114094.29
Hong Kong,HKG,2011,116156.195
Hong Kong,HKG,2012,115636.21
Hong Kong,HKG,2013,117371.29
Hong Kong,HKG,2014,119930.305
Hong Kong,HKG,2015,121395.85
Hong Kong,HKG,2016,123445.23
Hong Kong,HKG,2017,126739.13
Hong Kong,HKG,2018,128537.266
Hong Kong,HKG,2019,126827.88
Hong Kong,HKG,2020,124435.164
Hong Kong,HKG,2021,133018.8
Hong Kong,HKG,2022,129856.695
Hong Kong,HKG,2023,129522.35
Hong Kong,HKG,2024,133530.06
Hungary,HUN,1991,49798.125
Hungary,HUN,1992,48926.715
Hungary,HUN,1993,49709.93
Hungary,HUN,1994,50346.92
Hungary,HUN,1995,50648.22
Hungary,HUN,1996,50578.562
Hungary,HUN,1997,51450.688
Hungary,HUN,1998,53359.19
Hungary,HUN,1999,53716.418
Hungary,HUN,2000,55545.91
Hungary,HUN,2001,56811.402
Hungary,HUN,2002,59119.723
Hungary,HUN,2003,61363.035
Hungary,HUN,2004,64163.625
Hungary,HUN,2005,67703.54
Hungary,HUN,2006,70441.94
Hungary,HUN,2007,70693.234
Hungary,HUN,2008,71896.59
Hungary,HUN,2009,69453.72
Hungary,HUN,2010,70557.625
Hungary,HUN,2011,71553.29
Hungary,HUN,2012,70017.63
Hungary,HUN,2013,70231.984
Hungary,HUN,2014,69705.37
Hungary,HUN,2015,70304.766
Hungary,HUN,2016,69687.66
Hungary,HUN,2017,71433.875
Hungary,HUN,2018,74573.836
Hungary,HUN,2019,78002.83
Hungary,HUN,2020,75472.34
Hungary,HUN,2021,80107.08
Hungary,HUN,2022,82377.055
Hungary,HUN,2023,81296.94
Hungary,HUN,2024,82209.58
Iceland,ISL,1991,74336.555
Iceland,ISL,1992,71712.49
Iceland,ISL,1993,73015.13
Iceland,ISL,1994,74643.125
Iceland,ISL,1995,71506.69
Iceland,ISL,1996,74128.18
Iceland,ISL,1997,78488.23
Iceland,ISL,1998,80887.08
Iceland,ISL,1999,80818.8
Iceland,ISL,2000,81658.664
Iceland,ISL,2001,83740.81
Iceland,ISL,2002,85420.09
Iceland,ISL,2003,86709.016
Iceland,ISL,2004,93433.76
Iceland,ISL,2005,96327.14
Iceland,ISL,2006,98149.36
Iceland,ISL,2007,102236.56
Iceland,ISL,2008,104040.95
Iceland,ISL,2009,102323.81
Iceland,ISL,2010,100176.164
Iceland,ISL,2011,101671.445
Iceland,ISL,2012,100801.32
Iceland,ISL,2013,102700.516
Iceland,ISL,2014,101125.86
Iceland,ISL,2015,102236.39
Iceland,ISL,2016,104652.45
Iceland,ISL,2017,106539.62
Iceland,ISL,2018,109551.99
Iceland,ISL,2019,110073.91
Iceland,ISL,2020,105587.26
Iceland,ISL,2021,109745.836
Iceland,ISL,2022,111964.74
Iceland,ISL,2023,113674.47
Iceland,ISL,2024,110336.12
India,IND,1991,6608.726
India,IND,1992,6795.9907
India,IND,1993,6941.3037
India,IND,1994,7210.806
India,IND,1995,7521.5483
India,IND,1996,7839.5503
India,IND,1997,7913.85
India,IND,1998,8151.2695
India,IND,1999,8602.217
India,IND,2000,8665.722
India,IND,2001,8888.208
India,IND,2002,9040.5205
India,IND,2003,9544.479
India,IND,2004,10084.891
India,IND,2005,10660.239
India,IND,2006,11449.428
India,IND,2007,12257.687
India,IND,2008,12585.829
India,IND,2009,13505.967
India,IND,2010,14570.157
India,IND,2011,15187.23
India,IND,2012,15882.773
India,IND,2013,16610.73
India,IND,2014,17536.02
India,IND,2015,18628.154
India,IND,2016,19841.137
India,IND,2017,20864.61
India,IND,2018,21900.207
India,IND,2019,22172.713
India,IND,2020,21151.79
India,IND,2021,22095.299
India,IND,2022,22624.492
India,IND,2023,23700.633
India,IND,2024,24467.625
Indonesia,IDN,1991,12329.328
Indonesia,IDN,1992,12744.188
Indonesia,IDN,1993,13379.196
Indonesia,IDN,1994,14013.339
Indonesia,IDN,1995,14827.488
Indonesia,IDN,1996,15640.685
Indonesia,IDN,1997,16093.852
Indonesia,IDN,1998,13654.651
Indonesia,IDN,1999,13532.074
Indonesia,IDN,2000,13753.384
Indonesia,IDN,2001,14109.489
Indonesia,IDN,2002,14805.778
Indonesia,IDN,2003,15311.726
Indonesia,IDN,2004,15910.663
Indonesia,IDN,2005,16978.387
Indonesia,IDN,2006,17589.89
Indonesia,IDN,2007,17939.379
Indonesia,IDN,2008,18504.488
Indonesia,IDN,2009,18928.139
Indonesia,IDN,2010,19533.783
Indonesia,IDN,2011,20220.223
Indonesia,IDN,2012,20802.932
Indonesia,IDN,2013,21814.201
Indonesia,IDN,2014,22556.465
Indonesia,IDN,2015,23462.121
Indonesia,IDN,2016,24358.6
Indonesia,IDN,2017,24981.549
Indonesia,IDN,2018,25734.225
Indonesia,IDN,2019,26238.371
Indonesia,IDN,2020,25884.28
Indonesia,IDN,2021,27058.71
Indonesia,IDN,2022,27580.803
Indonesia,IDN,2023,28576.92
Indonesia,IDN,2024,29635.865
Iran,IRN,1991,42527.3
Iran,IRN,1992,43102.78
Iran,IRN,1993,42702.855
Iran,IRN,1994,42058.69
Iran,IRN,1995,42114.414
Iran,IRN,1996,43571.62
Iran,IRN,1997,42747.914
Iran,IRN,1998,42093.8
Iran,IRN,1999,41425.54
Iran,IRN,2000,42125.95
Iran,IRN,2001,41473.484
Iran,IRN,2002,43413.992
Iran,IRN,2003,44661.13
Iran,IRN,2004,43639.35
Iran,IRN,2005,43527.082
Iran,IRN,2006,44822.51
Iran,IRN,2007,47734.875
Iran,IRN,2008,49259.656
Iran,IRN,2009,48854.344
Iran,IRN,2010,52725.793
Iran,IRN,2011,54829.07
Iran,IRN,2012,50522.043
Iran,IRN,2013,48923.434
Iran,IRN,2014,51122.242
Iran,IRN,2015,48844.227
Iran,IRN,2016,51873.7
Iran,IRN,2017,51132.805
Iran,IRN,2018,49405.535
Iran,IRN,2019,46956.547
Iran,IRN,2020,50566.227
Iran,IRN,2021,52528.254
Iran,IRN,2022,53930.2
Iran,IRN,2023,55920.484
Iran,IRN,2024,57253.664
Iraq,IRQ,1991,17765.793
Iraq,IRQ,1992,22855.518
Iraq,IRQ,1993,28326.65
Iraq,IRQ,1994,27951.54
Iraq,IRQ,1995,27635.264
Iraq,IRQ,1996,29691.068
Iraq,IRQ,1997,34839.703
Iraq,IRQ,1998,45425.254
Iraq,IRQ,1999,51595.305
Iraq,IRQ,2000,58267.664
Iraq,IRQ,2001,57505.83
Iraq,IRQ,2002,51244.465
Iraq,IRQ,2003,31538.543
Iraq,IRQ,2004,46770.55
Iraq,IRQ,2005,45942.99
Iraq,IRQ,2006,47924.984
Iraq,IRQ,2007,49163.293
Iraq,IRQ,2008,51961.58
Iraq,IRQ,2009,51671.76
Iraq,IRQ,2010,53111.844
Iraq,IRQ,2011,55133.727
Iraq,IRQ,2012,59966.71
Iraq,IRQ,2013,60812.94
Iraq,IRQ,2014,59391.824
Iraq,IRQ,2015,59075.24
Iraq,IRQ,2016,65120.473
Iraq,IRQ,2017,65649.734
Iraq,IRQ,2018,65983.586
Iraq,IRQ,2019,68496.67
Iraq,IRQ,2020,62368.832
Iraq,IRQ,2021,61825.426
Iraq,IRQ,2022,61866.668
Iraq,IRQ,2023,60229.918
Iraq,IRQ,2024,57758.04
Ireland,IRL,1991,79463.3
Ireland,IRL,1992,81209.58
Ireland,IRL,1993,82098.14
Ireland,IRL,1994,83999.55
Ireland,IRL,1995,87540.836
Ireland,IRL,1996,90462.24
Ireland,IRL,1997,97850.875
Ireland,IRL,1998,100411.7
Ireland,IRL,1999,106331.62
Ireland,IRL,2000,111461.26
Ireland,IRL,2001,114096.664
Ireland,IRL,2002,119074.18
Ireland,IRL,2003,121012.07
Ireland,IRL,2004,126526.85
Ireland,IRL,2005,127711.555
Ireland,IRL,2006,129499.24
Ireland,IRL,2007,132164
Ireland,IRL,2008,127605.82
Ireland,IRL,2009,132084.06
Ireland,IRL,2010,140428.47
Ireland,IRL,2011,145547.89
Ireland,IRL,2012,145558.89
Ireland,IRL,2013,144309.23
Ireland,IRL,2014,153663.98
Ireland,IRL,2015,185083.53
Ireland,IRL,2016,180487.1
Ireland,IRL,2017,192576.81
Ireland,IRL,2018,200674.8
Ireland,IRL,2019,204445
Ireland,IRL,2020,221359.97
Ireland,IRL,2021,244689.39
Ireland,IRL,2022,250811.81
Ireland,IRL,2023,228799.75
Ireland,IRL,2024,227160.89
Israel,ISR,1991,72566.48
Israel,ISR,1992,75111.12
Israel,ISR,1993,72980.6
Israel,ISR,1994,72788.18
Israel,ISR,1995,73826.625
Israel,ISR,1996,76380.64
Israel,ISR,1997,78541.05
Israel,ISR,1998,81321.875
Israel,ISR,1999,81574.79
Israel,ISR,2000,85093.5
Israel,ISR,2001,83819.5
Israel,ISR,2002,83958.09
Israel,ISR,2003,83744.16
Israel,ISR,2004,84911.125
Israel,ISR,2005,84785.85
Israel,ISR,2006,86703.414
Israel,ISR,2007,88440.04
Israel,ISR,2008,88012.07
Israel,ISR,2009,88729.625
Israel,ISR,2010,90462.79
Israel,ISR,2011,92797.305
Israel,ISR,2012,89877.16
Israel,ISR,2013,91483.24
Israel,ISR,2014,92108.36
Israel,ISR,2015,91850.98
Israel,ISR,2016,93527.555
Israel,ISR,2017,95341.86
Israel,ISR,2018,97067.51
Israel,ISR,2019,99127.414
Israel,ISR,2020,98141.984
Israel,ISR,2021,106291.24
Israel,ISR,2022,106857.28
Israel,ISR,2023,104869.016
Israel,ISR,2024,103514.87
Italy,ITA,1991,113549.94
Italy,ITA,1992,116924.62
Italy,ITA,1993,118028.44
Italy,ITA,1994,123263.84
Italy,ITA,1995,128417.2
Italy,ITA,1996,129167.05
Italy,ITA,1997,131541.19
Italy,ITA,1998,133217.64
Italy,ITA,1999,134044.73
Italy,ITA,2000,137760.02
Italy,ITA,2001,138281.53
Italy,ITA,2002,136760.14
Italy,ITA,2003,134507.14
Italy,ITA,2004,131557.78
Italy,ITA,2005,133079.56
Italy,ITA,2006,133599.83
Italy,ITA,2007,134494.83
Italy,ITA,2008,132053.36
Italy,ITA,2009,127384.93
Italy,ITA,2010,130403.81
Italy,ITA,2011,131113.62
Italy,ITA,2012,127403.875
Italy,ITA,2013,127703.12
Italy,ITA,2014,127704.336
Italy,ITA,2015,127989.52
Italy,ITA,2016,127855.91
Italy,ITA,2017,128328.07
Italy,ITA,2018,127692.76
Italy,ITA,2019,127950.91
Italy,ITA,2020,119091.67
Italy,ITA,2021,130053.45
Italy,ITA,2022,132513.14
Italy,ITA,2023,130459.81
Italy,ITA,2024,130122.234
Jamaica,JAM,1991,21187.676
Jamaica,JAM,1992,21484.535
Jamaica,JAM,1993,23329.766
Jamaica,JAM,1994,23536.09
Jamaica,JAM,1995,23938.781
Jamaica,JAM,1996,23833.844
Jamaica,JAM,1997,23425.352
Jamaica,JAM,1998,22753.605
Jamaica,JAM,1999,22892.924
Jamaica,JAM,2000,22936.363
Jamaica,JAM,2001,23081.658
Jamaica,JAM,2002,23337.717
Jamaica,JAM,2003,23975
Jamaica,JAM,2004,23981.89
Jamaica,JAM,2005,23944.945
Jamaica,JAM,2006,24386.682
Jamaica,JAM,2007,24473.734
Jamaica,JAM,2008,24035.844
Jamaica,JAM,2009,23620.805
Jamaica,JAM,2010,23651.35
Jamaica,JAM,2011,23682.295
Jamaica,JAM,2012,23396.86
Jamaica,JAM,2013,23033.355
Jamaica,JAM,2014,22483.197
Jamaica,JAM,2015,21377.71
Jamaica,JAM,2016,21600.02
Jamaica,JAM,2017,21078.385
Jamaica,JAM,2018,20912.85
Jamaica,JAM,2019,20356.89
Jamaica,JAM,2020,19061.371
Jamaica,JAM,2021,19231.684
Jamaica,JAM,2022,19300.193
Jamaica,JAM,2023,19685.66
Jamaica,JAM,2024,19504.65
Japan,JPN,1991,70473.46
Japan,JPN,1992,70251.766
Japan,JPN,1993,69777.414
Japan,JPN,1994,70467.27
Japan,JPN,1995,72260.67
Japan,JPN,1996,74185.15
Japan,JPN,1997,74274.18
Japan,JPN,1998,73854.34
Japan,JPN,1999,74297.93
Japan,JPN,2000,76595.17
Japan,JPN,2001,77336.54
Japan,JPN,2002,78318.836
Japan,JPN,2003,79729.89
Japan,JPN,2004,81366.46
Japan,JPN,2005,82494.02
Japan,JPN,2006,83263.92
Japan,JPN,2007,84101.766
Japan,JPN,2008,83402.49
Japan,JPN,2009,79864.61
Japan,JPN,2010,83467.66
Japan,JPN,2011,83543.07
Japan,JPN,2012,84905.33
Japan,JPN,2013,85997.72
Japan,JPN,2014,85560.77
Japan,JPN,2015,86597.78
Japan,JPN,2016,86240.91
Japan,JPN,2017,86700.16
Japan,JPN,2018,85516.9
Japan,JPN,2019,84299.25
Japan,JPN,2020,81349.266
Japan,JPN,2021,83541.445
Japan,JPN,2022,83816.26
Japan,JPN,2023,84722.52
Japan,JPN,2024,84535.03
Jordan,JOR,1991,40381.977
Jordan,JOR,1992,42615.195
Jordan,JOR,1993,41435.96
Jordan,JOR,1994,39578.55
Jordan,JOR,1995,39054.93
Jordan,JOR,1996,38005.105
Jordan,JOR,1997,38245.85
Jordan,JOR,1998,38544.547
Jordan,JOR,1999,38935.348
Jordan,JOR,2000,39672.523
Jordan,JOR,2001,41863.02
Jordan,JOR,2002,43913.535
Jordan,JOR,2003,45272.574
Jordan,JOR,2004,47194.715
Jordan,JOR,2005,48972.543
Jordan,JOR,2006,49605.367
Jordan,JOR,2007,46983.125
Jordan,JOR,2008,48962.527
Jordan,JOR,2009,49310.766
Jordan,JOR,2010,49514.316
Jordan,JOR,2011,50114.348
Jordan,JOR,2012,51171.35
Jordan,JOR,2013,51134.668
Jordan,JOR,2014,48648.24
Jordan,JOR,2015,44899.723
Jordan,JOR,2016,43115.88
Jordan,JOR,2017,43034.344
Jordan,JOR,2018,43863.26
Jordan,JOR,2019,42641.965
Jordan,JOR,2020,41630.035
Jordan,JOR,2021,43813.742
Jordan,JOR,2022,43116.04
Jordan,JOR,2023,43148.25
Jordan,JOR,2024,43549.14
Kazakhstan,KAZ,1991,30993.23
Kazakhstan,KAZ,1992,29221.701
Kazakhstan,KAZ,1993,26555.717
Kazakhstan,KAZ,1994,25013.506
Kazakhstan,KAZ,1995,24167.586
Kazakhstan,KAZ,1996,25229.197
Kazakhstan,KAZ,1997,26120.004
Kazakhstan,KAZ,1998,26041.383
Kazakhstan,KAZ,1999,26889.42
Kazakhstan,KAZ,2000,28953.492
Kazakhstan,KAZ,2001,31669.967
Kazakhstan,KAZ,2002,33978.766
Kazakhstan,KAZ,2003,36580.17
Kazakhstan,KAZ,2004,39724.535
Kazakhstan,KAZ,2005,42833.867
Kazakhstan,KAZ,2006,46578.34
Kazakhstan,KAZ,2007,49705.11
Kazakhstan,KAZ,2008,50233.375
Kazakhstan,KAZ,2009,50109.965
Kazakhstan,KAZ,2010,52538.656
Kazakhstan,KAZ,2011,55413.613
Kazakhstan,KAZ,2012,57290.918
Kazakhstan,KAZ,2013,59959.508
Kazakhstan,KAZ,2014,61732.82
Kazakhstan,KAZ,2015,61833.25
Kazakhstan,KAZ,2016,61975.742
Kazakhstan,KAZ,2017,63803.766
Kazakhstan,KAZ,2018,65645.28
Kazakhstan,KAZ,2019,67763.51
Kazakhstan,KAZ,2020,66763.3
Kazakhstan,KAZ,2021,68776.49
Kazakhstan,KAZ,2022,69672.445
Kazakhstan,KAZ,2023,72521.83
Kazakhstan,KAZ,2024,75506.2
Kenya,KEN,1991,11309.822
Kenya,KEN,1992,10847.1045
Kenya,KEN,1993,10526.48
Kenya,KEN,1994,10439.1
Kenya,KEN,1995,10529.994
Kenya,KEN,1996,10611.43
Kenya,KEN,1997,10330.777
Kenya,KEN,1998,10335.36
Kenya,KEN,1999,10224.804
Kenya,KEN,2000,9893.578
Kenya,KEN,2001,9859.974
Kenya,KEN,2002,9528.161
Kenya,KEN,2003,9430.964
Kenya,KEN,2004,9535.749
Kenya,KEN,2005,9719.752
Kenya,KEN,2006,9976.966
Kenya,KEN,2007,10294.702
Kenya,KEN,2008,9983.772
Kenya,KEN,2009,9976.159
Kenya,KEN,2010,10427.333
Kenya,KEN,2011,10600.239
Kenya,KEN,2012,10730.412
Kenya,KEN,2013,10794.938
Kenya,KEN,2014,10981.864
Kenya,KEN,2015,11169.0205
Kenya,KEN,2016,11274.665
Kenya,KEN,2017,11781.368
Kenya,KEN,2018,12557.961
Kenya,KEN,2019,13354.544
Kenya,KEN,2020,13164.58
Kenya,KEN,2021,13686.682
Kenya,KEN,2022,13996.719
Kenya,KEN,2023,14364.244
Kenya,KEN,2024,14613.2705
Kuwait,KWT,1991,69594.34
Kuwait,KWT,1992,105435.05
Kuwait,KWT,1993,135299.77
Kuwait,KWT,1994,141774.89
Kuwait,KWT,1995,144019.84
Kuwait,KWT,1996,139936.62
Kuwait,KWT,1997,138399.55
Kuwait,KWT,1998,138214.23
Kuwait,KWT,1999,130491.51
Kuwait,KWT,2000,131160.34
Kuwait,KWT,2001,125793.93
Kuwait,KWT,2002,124212.2
Kuwait,KWT,2003,139467.75
Kuwait,KWT,2004,147509.62
Kuwait,KWT,2005,154719.55
Kuwait,KWT,2006,156676
Kuwait,KWT,2007,156580.42
Kuwait,KWT,2008,151301.12
Kuwait,KWT,2009,131971.36
Kuwait,KWT,2010,121215.24
Kuwait,KWT,2011,122518.75
Kuwait,KWT,2012,120436.4
Kuwait,KWT,2013,115092.16
Kuwait,KWT,2014,110294.6
Kuwait,KWT,2015,104439.48
Kuwait,KWT,2016,102106.766
Kuwait,KWT,2017,92905.875
Kuwait,KWT,2018,91074.99
Kuwait,KWT,2019,90433.49
Kuwait,KWT,2020,93854.62
Kuwait,KWT,2021,93128.45
Kuwait,KWT,2022,87501.695
Kuwait,KWT,2023,80966.484
Kuwait,KWT,2024,76900.75
Kyrgyzstan,KGZ,1991,12766.702
Kyrgyzstan,KGZ,1992,10712.436
Kyrgyzstan,KGZ,1993,8943.543
Kyrgyzstan,KGZ,1994,7003.3433
Kyrgyzstan,KGZ,1995,6492.2866
Kyrgyzstan,KGZ,1996,6853.9805
Kyrgyzstan,KGZ,1997,7434.3135
Kyrgyzstan,KGZ,1998,7411.755
Kyrgyzstan,KGZ,1999,7520.8887
Kyrgyzstan,KGZ,2000,7811.2954
Kyrgyzstan,KGZ,2001,8116.946
Kyrgyzstan,KGZ,2002,7960.563
Kyrgyzstan,KGZ,2003,8415.1875
Kyrgyzstan,KGZ,2004,8887.463
Kyrgyzstan,KGZ,2005,8701.5625
Kyrgyzstan,KGZ,2006,8841.348
Kyrgyzstan,KGZ,2007,9523.095
Kyrgyzstan,KGZ,2008,10238.8125
Kyrgyzstan,KGZ,2009,10371.331
Kyrgyzstan,KGZ,2010,10161.259
Kyrgyzstan,KGZ,2011,10762.745
Kyrgyzstan,KGZ,2012,11016.45
Kyrgyzstan,KGZ,2013,12357.3
Kyrgyzstan,KGZ,2014,12834.595
Kyrgyzstan,KGZ,2015,13029.973
Kyrgyzstan,KGZ,2016,13435.573
Kyrgyzstan,KGZ,2017,14175.931
Kyrgyzstan,KGZ,2018,14236.595
Kyrgyzstan,KGZ,2019,14689.919
Kyrgyzstan,KGZ,2020,13361.356
Kyrgyzstan,KGZ,2021,13745.648
Kyrgyzstan,KGZ,2022,14587.241
Kyrgyzstan,KGZ,2023,15542.465
Kyrgyzstan,KGZ,2024,16463.059
Laos,LAO,1991,5916.7104
Laos,LAO,1992,6096.611
Laos,LAO,1993,6296.1675
Laos,LAO,1994,6642.1133
Laos,LAO,1995,6941.467
Laos,LAO,1996,7241.806
Laos,LAO,1997,7572.8145
Laos,LAO,1998,7714.488
Laos,LAO,1999,8113.159
Laos,LAO,2000,8404.598
Laos,LAO,2001,8687.996
Laos,LAO,2002,8995.797
Laos,LAO,2003,9323.57
Laos,LAO,2004,9693.311
Laos,LAO,2005,10127.39
Laos,LAO,2006,10678.598
Laos,LAO,2007,11129.446
Laos,LAO,2008,11643.866
Laos,LAO,2009,12167.912
Laos,LAO,2010,12865.005
Laos,LAO,2011,13626.684
Laos,LAO,2012,14451.768
Laos,LAO,2013,15345.935
Laos,LAO,2014,16242.818
Laos,LAO,2015,17151.143
Laos,LAO,2016,18081.297
Laos,LAO,2017,19048.752
Laos,LAO,2018,19379.912
Laos,LAO,2019,19581.658
Laos,LAO,2020,19054.459
Laos,LAO,2021,18667.01
Laos,LAO,2022,18166.658
Laos,LAO,2023,18493.201
Laos,LAO,2024,18893.686
Latin America and Caribbean (WB),,1991,34231.86
Latin America and Caribbean (WB),,1992,34223.5
Latin America and Caribbean (WB),,1993,34680.6
Latin America and Caribbean (WB),,1994,35728.395
Latin America and Caribbean (WB),,1995,35545.54
Latin America and Caribbean (WB),,1996,36504.65
Latin America and Caribbean (WB),,1997,37106.285
Latin America and Caribbean (WB),,1998,37424.38
Latin America and Caribbean (WB),,1999,37140.85
Latin America and Caribbean (WB),,2000,37792.066
Latin America and Caribbean (WB),,2001,36996.793
Latin America and Caribbean (WB),,2002,36502.543
Latin America and Caribbean (WB),,2003,36465.73
Latin America and Caribbean (WB),,2004,37240.812
Latin America and Caribbean (WB),,2005,37649.883
Latin America and Caribbean (WB),,2006,38517.566
Latin America and Caribbean (WB),,2007,39737.844
Latin America and Caribbean (WB),,2008,40374.57
Latin America and Caribbean (WB),,2009,39094.426
Latin America and Caribbean (WB),,2010,40921.383
Latin America and Caribbean (WB),,2011,42059.684
Latin America and Caribbean (WB),,2012,42217.918
Latin America and Caribbean (WB),,2013,42870.246
Latin America and Caribbean (WB),,2014,42935.168
Latin America and Caribbean (WB),,2015,42661.375
Latin America and Caribbean (WB),,2016,42516.44
Latin America and Caribbean (WB),,2017,42732.066
Latin America and Caribbean (WB),,2018,42611.05
Latin America and Caribbean (WB),,2019,42118.477
Latin America and Caribbean (WB),,2020,42599.047
Latin America and Caribbean (WB),,2021,42953.34
Latin America and Caribbean (WB),,2022,42482.06
Latin America and Caribbean (WB),,2023,42676.4
Latin America and Caribbean (WB),,2024,43202.56
Latvia,LVA,1991,33005.89
Latvia,LVA,1992,23823.662
Latvia,LVA,1993,25884.73
Latvia,LVA,1994,27681.775
Latvia,LVA,1995,27958.646
Latvia,LVA,1996,29528.283
Latvia,LVA,1997,31159.693
Latvia,LVA,1998,32140.83
Latvia,LVA,1999,33522.254
Latvia,LVA,2000,36696.73
Latvia,LVA,2001,38855.89
Latvia,LVA,2002,41077.793
Latvia,LVA,2003,44413.312
Latvia,LVA,2004,48058.074
Latvia,LVA,2005,52908.902
Latvia,LVA,2006,56318.156
Latvia,LVA,2007,60569.855
Latvia,LVA,2008,58887.426
Latvia,LVA,2009,57620.277
Latvia,LVA,2010,59342.793
Latvia,LVA,2011,60206.465
Latvia,LVA,2012,63333.89
Latvia,LVA,2013,63542.6
Latvia,LVA,2014,65031.168
Latvia,LVA,2015,66624.56
Latvia,LVA,2016,68654.11
Latvia,LVA,2017,70601.695
Latvia,LVA,2018,72655.91
Latvia,LVA,2019,73185.3
Latvia,LVA,2020,72011.47
Latvia,LVA,2021,79090.4
Latvia,LVA,2022,78930.1
Latvia,LVA,2023,80673.305
Latvia,LVA,2024,81413.07
Lebanon,LBN,1991,29993.03
Lebanon,LBN,1992,34265.16
Lebanon,LBN,1993,37216.254
Lebanon,LBN,1994,39417.23
Lebanon,LBN,1995,41006.246
Lebanon,LBN,1996,44662.215
Lebanon,LBN,1997,43920.492
Lebanon,LBN,1998,44305.316
Lebanon,LBN,1999,42854.89
Lebanon,LBN,2000,42176.61
Lebanon,LBN,2001,42663.562
Lebanon,LBN,2002,43047.83
Lebanon,LBN,2003,43355.28
Lebanon,LBN,2004,45092.13
Lebanon,LBN,2005,45584.81
Lebanon,LBN,2006,45543.227
Lebanon,LBN,2007,48835.855
Lebanon,LBN,2008,50740.18
Lebanon,LBN,2009,53522.04
Lebanon,LBN,2010,56629.07
Lebanon,LBN,2011,56076.312
Lebanon,LBN,2012,55606.066
Lebanon,LBN,2013,52273.91
Lebanon,LBN,2014,48094.742
Lebanon,LBN,2015,47306.65
Lebanon,LBN,2016,49356
Lebanon,LBN,2017,51278.023
Lebanon,LBN,2018,51949.656
Lebanon,LBN,2019,50086.98
Lebanon,LBN,2020,44268.492
Lebanon,LBN,2021,40045.26
Lebanon,LBN,2022,38899.234
Lebanon,LBN,2023,38139.79
Lesotho,LSO,1991,4197.054
Lesotho,LSO,1992,4406.724
Lesotho,LSO,1993,4488.1206
Lesotho,LSO,1994,4679.072
Lesotho,LSO,1995,4763.929
Lesotho,LSO,1996,4950.264
Lesotho,LSO,1997,5073.148
Lesotho,LSO,1998,5098.5264
Lesotho,LSO,1999,5090.224
Lesotho,LSO,2000,5274.1235
Lesotho,LSO,2001,5457.067
Lesotho,LSO,2002,5509.4263
Lesotho,LSO,2003,5786.884
Lesotho,LSO,2004,5939.3745
Lesotho,LSO,2005,6206.8506
Lesotho,LSO,2006,6516.4316
Lesotho,LSO,2007,6778.975
Lesotho,LSO,2008,7139.1543
Lesotho,LSO,2009,7069.5503
Lesotho,LSO,2010,7436.7803
Lesotho,LSO,2011,7779.481
Lesotho,LSO,2012,8227.31
Lesotho,LSO,2013,8376.39
Lesotho,LSO,2014,8604.525
Lesotho,LSO,2015,8965.272
Lesotho,LSO,2016,9352.657
Lesotho,LSO,2017,9144.347
Lesotho,LSO,2018,9089.596
Lesotho,LSO,2019,9051.9
Lesotho,LSO,2020,8419.127
Lesotho,LSO,2021,8474.372
Lesotho,LSO,2022,8219.123
Lesotho,LSO,2023,8218.433
Lesotho,LSO,2024,8316.555
Liberia,LBR,1991,4323.612
Liberia,LBR,1992,2644.9597
Liberia,LBR,1993,1699.129
Liberia,LBR,1994,1328.0795
Liberia,LBR,1995,1256.8541
Liberia,LBR,1996,1365.9274
Liberia,LBR,1997,2599.073
Liberia,LBR,1998,3052.0447
Liberia,LBR,1999,3511.3914
Liberia,LBR,2000,4349.085
Liberia,LBR,2001,4345.252
Liberia,LBR,2002,4391.304
Liberia,LBR,2003,3050.9697
Liberia,LBR,2004,3094.6294
Liberia,LBR,2005,3117.588
Liberia,LBR,2006,3179.3645
Liberia,LBR,2007,3316.07
Liberia,LBR,2008,3411.2185
Liberia,LBR,2009,3479.5095
Liberia,LBR,2010,3586.041
Liberia,LBR,2011,3707.2288
Liberia,LBR,2012,3846.24
Liberia,LBR,2013,4091.8337
Liberia,LBR,2014,4036.074
Liberia,LBR,2015,3967.5364
Liberia,LBR,2016,3840.4336
Liberia,LBR,2017,3851.2798
Liberia,LBR,2018,3810.6626
Liberia,LBR,2019,3632.136
Liberia,LBR,2020,3501.9304
Liberia,LBR,2021,3552.5334
Liberia,LBR,2022,3560.5942
Liberia,LBR,2023,3613.2026
Liberia,LBR,2024,3676.2073
Libya,LBY,1991,93910.03
Libya,LBY,1992,88121.04
Libya,LBY,1993,81740.48
Libya,LBY,1994,80470.75
Libya,LBY,1995,75817.61
Libya,LBY,1996,74497.1
Libya,LBY,1997,75807.93
Libya,LBY,1998,70588.9
Libya,LBY,1999,68895.63
Libya,LBY,2000,69477.6
Libya,LBY,2001,66903.42
Libya,LBY,2002,64849.246
Libya,LBY,2003,71429.305
Libya,LBY,2004,72706.18
Libya,LBY,2005,79084.48
Libya,LBY,2006,81821.04
Libya,LBY,2007,83799.96
Libya,LBY,2008,81017.74
Libya,LBY,2009,75098.8
Libya,LBY,2010,76430.31
Libya,LBY,2011,39234.555
Libya,LBY,2012,75542.29
Libya,LBY,2013,60558.484
Libya,LBY,2014,45511.66
Libya,LBY,2015,44520.3
Libya,LBY,2016,43026.39
Libya,LBY,2017,55587.67
Libya,LBY,2018,58661.902
Libya,LBY,2019,51242.457
Libya,LBY,2020,36185.094
Libya,LBY,2021,45229.5
Libya,LBY,2022,40704.03
Libya,LBY,2023,43916.17
Libya,LBY,2024,43071.09
Lithuania,LTU,1991,38239.547
Lithuania,LTU,1992,30483.254
Lithuania,LTU,1993,29701.7
Lithuania,LTU,1994,27209.496
Lithuania,LTU,1995,29817.44
Lithuania,LTU,1996,31367.617
Lithuania,LTU,1997,33606.164
Lithuania,LTU,1998,36503.13
Lithuania,LTU,1999,35917.516
Lithuania,LTU,2000,38941.58
Lithuania,LTU,2001,42936.125
Lithuania,LTU,2002,44334.387
Lithuania,LTU,2003,47340.92
Lithuania,LTU,2004,51970.38
Lithuania,LTU,2005,55925.94
Lithuania,LTU,2006,60089.22
Lithuania,LTU,2007,65698.4
Lithuania,LTU,2008,68426.03
Lithuania,LTU,2009,63311.797
Lithuania,LTU,2010,67904.5
Lithuania,LTU,2011,70690.65
Lithuania,LTU,2012,72487.37
Lithuania,LTU,2013,74363.73
Lithuania,LTU,2014,75577.6
Lithuania,LTU,2015,76801.02
Lithuania,LTU,2016,77299.38
Lithuania,LTU,2017,80902.195
Lithuania,LTU,2018,83594.766
Lithuania,LTU,2019,87179.734
Lithuania,LTU,2020,88532.09
Lithuania,LTU,2021,93378.02
Lithuania,LTU,2022,93059.664
Lithuania,LTU,2023,92573.94
Lithuania,LTU,2024,95157.35
Low-income countries,,1991,5574.7256
Low-income countries,,1992,5482.9727
Low-income countries,,1993,5354.1055
Low-income countries,,1994,5268.869
Low-income countries,,1995,5367.661
Low-income countries,,1996,5531.612
Low-income countries,,1997,5754.891
Low-income countries,,1998,5867.0654
Low-income countries,,1999,5771.81
Low-income countries,,2000,5814.073
Low-income countries,,2001,5855.3696
Low-income countries,,2002,6014.909
Low-income countries,,2003,6218.0757
Low-income countries,,2004,6403.892
Low-income countries,,2005,6622.1216
Low-income countries,,2006,6837.228
Low-income countries,,2007,7087.807
Low-income countries,,2008,7296.2964
Low-income countries,,2009,7379.916
Low-income countries,,2010,7675.614
Low-income countries,,2011,7626.0474
Low-income countries,,2012,7056.7993
Low-income countries,,2013,6804.1646
Low-income countries,,2014,6907.64
Low-income countries,,2015,6960.1353
Low-income countries,,2016,6963.9507
Low-income countries,,2017,6978.8213
Low-income countries,,2018,6940.9644
Low-income countries,,2019,6945.494
Low-income countries,,2020,6814.1978
Low-income countries,,2021,6607.0195
Low-income countries,,2022,6562.0986
Low-income countries,,2023,6038.0156
Low-income countries,,2024,5457.913
Lower-middle-income countries,,1991,8517.482
Lower-middle-income countries,,1992,8624.305
Lower-middle-income countries,,1993,8631.028
Lower-middle-income countries,,1994,8764.562
Lower-middle-income countries,,1995,8994.388
Lower-middle-income countries,,1996,9282.779
Lower-middle-income countries,,1997,9385.932
Lower-middle-income countries,,1998,9552.735
Lower-middle-income countries,,1999,9822.185
Lower-middle-income countries,,2000,9972.414
Lower-middle-income countries,,2001,10167.483
Lower-middle-income countries,,2002,10380.858
Lower-middle-income countries,,2003,10769.064
Lower-middle-income countries,,2004,11261.313
Lower-middle-income countries,,2005,11766.191
Lower-middle-income countries,,2006,12404.791
Lower-middle-income countries,,2007,13053.047
Lower-middle-income countries,,2008,13451.608
Lower-middle-income countries,,2009,14060.867
Lower-middle-income countries,,2010,14778.716
Lower-middle-income countries,,2011,15267.128
Lower-middle-income countries,,2012,15863.175
Lower-middle-income countries,,2013,16448.299
Lower-middle-income countries,,2014,17147.184
Lower-middle-income countries,,2015,17912.273
Lower-middle-income countries,,2016,18667.766
Lower-middle-income countries,,2017,19443.406
Lower-middle-income countries,,2018,20215.746
Lower-middle-income countries,,2019,20612.545
Lower-middle-income countries,,2020,20015.46
Lower-middle-income countries,,2021,20597.33
Lower-middle-income countries,,2022,20990.195
Lower-middle-income countries,,2023,21614.158
Lower-middle-income countries,,2024,22178.096
Luxembourg,LUX,1991,206422.97
Luxembourg,LUX,1992,205698.14
Luxembourg,LUX,1993,215178.88
Luxembourg,LUX,1994,224159.52
Luxembourg,LUX,1995,231340.69
Luxembourg,LUX,1996,229691.06
Luxembourg,LUX,1997,236330.38
Luxembourg,LUX,1998,248960.94
Luxembourg,LUX,1999,260894.9
Luxembourg,LUX,2000,269604.38
Luxembourg,LUX,2001,273507.16
Luxembourg,LUX,2002,276477.53
Luxembourg,LUX,2003,286871.9
Luxembourg,LUX,2004,293340
Luxembourg,LUX,2005,289584.44
Luxembourg,LUX,2006,302164.5
Luxembourg,LUX,2007,318423.16
Luxembourg,LUX,2008,313994.6
Luxembourg,LUX,2009,288234.22
Luxembourg,LUX,2010,292710.03
Luxembourg,LUX,2011,291198.56
Luxembourg,LUX,2012,281180.4
Luxembourg,LUX,2013,284406.97
Luxembourg,LUX,2014,282330.4
Luxembourg,LUX,2015,279422.3
Luxembourg,LUX,2016,289159.8
Luxembourg,LUX,2017,283681.97
Luxembourg,LUX,2018,280096.16
Luxembourg,LUX,2019,278531.94
Luxembourg,LUX,2020,275813.62
Luxembourg,LUX,2021,280240.22
Luxembourg,LUX,2022,271040.62
Luxembourg,LUX,2023,262738.78
Luxembourg,LUX,2024,263890.53
Macao,MAC,1991,128004.83
Macao,MAC,1992,136488.16
Macao,MAC,1993,134711.4
Macao,MAC,1994,133145.55
Macao,MAC,1995,131799.92
Macao,MAC,1996,127576.85
Macao,MAC,1997,122727.65
Macao,MAC,1998,116994.516
Macao,MAC,1999,113427.34
Macao,MAC,2000,118706.516
Macao,MAC,2001,120050.52
Macao,MAC,2002,128917.62
Macao,MAC,2003,145250.11
Macao,MAC,2004,171927.67
Macao,MAC,2005,171261.86
Macao,MAC,2006,176063.88
Macao,MAC,2007,182199.31
Macao,MAC,2008,176209.34
Macao,MAC,2009,179375.55
Macao,MAC,2010,220121.34
Macao,MAC,2011,256171.98
Macao,MAC,2012,269668.97
Macao,MAC,2013,286508.66
Macao,MAC,2014,265582.5
Macao,MAC,2015,203729.36
Macao,MAC,2016,202685.03
Macao,MAC,2017,225496.53
Macao,MAC,2018,235862.23
Macao,MAC,2019,227371.84
Macao,MAC,2020,104630.84
Macao,MAC,2021,127668.26
Macao,MAC,2022,105678.62
Macao,MAC,2023,192411.25
Macao,MAC,2024,207952.9
Madagascar,MDG,1991,4078.994
Madagascar,MDG,1992,4001.351
Madagascar,MDG,1993,3957.5142
Madagascar,MDG,1994,3820.449
Madagascar,MDG,1995,3759.1365
Madagascar,MDG,1996,3716.5984
Madagascar,MDG,1997,3725.5789
Madagascar,MDG,1998,3744.7185
Madagascar,MDG,1999,3792.6428
Madagascar,MDG,2000,3835.6868
Madagascar,MDG,2001,3921.403
Madagascar,MDG,2002,3332.7622
Madagascar,MDG,2003,3532.133
Madagascar,MDG,2004,3565.1511
Madagascar,MDG,2005,3569.2239
Madagascar,MDG,2006,3651.6543
Madagascar,MDG,2007,3743.7693
Madagascar,MDG,2008,3872.9333
Madagascar,MDG,2009,3612.4033
Madagascar,MDG,2010,3528.0645
Madagascar,MDG,2011,3401.0762
Madagascar,MDG,2012,3321.3015
Madagascar,MDG,2013,3297.9722
Madagascar,MDG,2014,3310.045
Madagascar,MDG,2015,3319.0486
Madagascar,MDG,2016,3354.8367
Madagascar,MDG,2017,3390.8289
Madagascar,MDG,2018,3404.0037
Madagascar,MDG,2019,3458.3325
Madagascar,MDG,2020,3173.649
Madagascar,MDG,2021,3213.3098
Madagascar,MDG,2022,3234.9106
Madagascar,MDG,2023,3270.1572
Madagascar,MDG,2024,3305.979
Malawi,MWI,1991,2647.202
Malawi,MWI,1992,2393.049
Malawi,MWI,1993,2591.0828
Malawi,MWI,1994,2365.7258
Malawi,MWI,1995,2755.575
Malawi,MWI,1996,2901.72
Malawi,MWI,1997,2945.3845
Malawi,MWI,1998,3003.2903
Malawi,MWI,1999,3025.6519
Malawi,MWI,2000,2999.1228
Malawi,MWI,2001,2784.6985
Malawi,MWI,2002,2763.0828
Malawi,MWI,2003,2844.7363
Malawi,MWI,2004,2915.5173
Malawi,MWI,2005,2930.5488
Malawi,MWI,2006,3028.148
Malawi,MWI,2007,3273.1804
Malawi,MWI,2008,3477.4004
Malawi,MWI,2009,3720.6003
Malawi,MWI,2010,3931.8457
Malawi,MWI,2011,4081.1582
Malawi,MWI,2012,4090.1128
Malawi,MWI,2013,4234.0215
Malawi,MWI,2014,4387.99
Malawi,MWI,2015,4424.9575
Malawi,MWI,2016,4450.0293
Malawi,MWI,2017,4537.772
Malawi,MWI,2018,4579.204
Malawi,MWI,2019,4678.687
Malawi,MWI,2020,4524.6533
Malawi,MWI,2021,4642.9834
Malawi,MWI,2022,4472.057
Malawi,MWI,2023,4395.1885
Malawi,MWI,2024,4337.096
Malaysia,MYS,1991,33654.977
Malaysia,MYS,1992,35507.684
Malaysia,MYS,1993,38022.54
Malaysia,MYS,1994,40119.867
Malaysia,MYS,1995,42572.19
Malaysia,MYS,1996,45182.46
Malaysia,MYS,1997,47037.703
Malaysia,MYS,1998,42519.92
Malaysia,MYS,1999,43904.72
Malaysia,MYS,2000,46216.547
Malaysia,MYS,2001,45339.652
Malaysia,MYS,2002,46406.61
Malaysia,MYS,2003,47768.957
Malaysia,MYS,2004,49522.68
Malaysia,MYS,2005,50637.098
Malaysia,MYS,2006,51775.62
Malaysia,MYS,2007,53356.07
Malaysia,MYS,2008,54299.41
Malaysia,MYS,2009,51994.86
Malaysia,MYS,2010,54114.96
Malaysia,MYS,2011,55330.133
Malaysia,MYS,2012,56143.496
Malaysia,MYS,2013,56588.215
Malaysia,MYS,2014,57586.87
Malaysia,MYS,2015,59125.363
Malaysia,MYS,2016,60720.02
Malaysia,MYS,2017,62747.46
Malaysia,MYS,2018,63955.945
Malaysia,MYS,2019,65049.074
Malaysia,MYS,2020,61430.355
Malaysia,MYS,2021,62176.27
Malaysia,MYS,2022,65888.1
Malaysia,MYS,2023,66895.25
Malaysia,MYS,2024,68973.04
Maldives,MDV,1991,33601.61
Maldives,MDV,1992,34565.32
Maldives,MDV,1993,35150.297
Maldives,MDV,1994,36448.414
Maldives,MDV,1995,39520.81
Maldives,MDV,1996,40618.832
Maldives,MDV,1997,41926.43
Maldives,MDV,1998,42898.688
Maldives,MDV,1999,43333.992
Maldives,MDV,2000,42762.53
Maldives,MDV,2001,40055.773
Maldives,MDV,2002,41915.59
Maldives,MDV,2003,46543.312
Maldives,MDV,2004,48167.934
Maldives,MDV,2005,41966.26
Maldives,MDV,2006,50370.043
Maldives,MDV,2007,51846.57
Maldives,MDV,2008,54158.5
Maldives,MDV,2009,48127.33
Maldives,MDV,2010,47622.867
Maldives,MDV,2011,48217.31
Maldives,MDV,2012,46052.043
Maldives,MDV,2013,46158.484
Maldives,MDV,2014,46757.06
Maldives,MDV,2015,45552.11
Maldives,MDV,2016,45451.703
Maldives,MDV,2017,45326.312
Maldives,MDV,2018,45912.18
Maldives,MDV,2019,45944.992
Maldives,MDV,2020,30467.836
Maldives,MDV,2021,39441.895
Maldives,MDV,2022,44138.9
Maldives,MDV,2023,45905.047
Maldives,MDV,2024,47805.215
Mali,MLI,1991,4814.5923
Mali,MLI,1992,4577.303
Mali,MLI,1993,4626.1113
Mali,MLI,1994,4703.4023
Mali,MLI,1995,4640.176
Mali,MLI,1996,4855.327
Mali,MLI,1997,4969.3296
Mali,MLI,1998,5199.932
Mali,MLI,1999,5336.786
Mali,MLI,2000,5174.84
Mali,MLI,2001,5780.4995
Mali,MLI,2002,5772.2515
Mali,MLI,2003,6092.698
Mali,MLI,2004,5999.065
Mali,MLI,2005,6245.328
Mali,MLI,2006,6458.283
Mali,MLI,2007,6500.5425
Mali,MLI,2008,6715.758
Mali,MLI,2009,6817.197
Mali,MLI,2010,7073.998
Mali,MLI,2011,7146.691
Mali,MLI,2012,6935.593
Mali,MLI,2013,6923.4155
Mali,MLI,2014,7223.438
Mali,MLI,2015,7424.754
Mali,MLI,2016,7695.03
Mali,MLI,2017,7932.73
Mali,MLI,2018,8058.9404
Mali,MLI,2019,8329.119
Mali,MLI,2020,8347.586
Mali,MLI,2021,8033.286
Mali,MLI,2022,7793.466
Mali,MLI,2023,7933.6987
Mali,MLI,2024,8053.6436
Malta,MLT,1991,52512.83
Malta,MLT,1992,54173.3
Malta,MLT,1993,55795.953
Malta,MLT,1994,58227.062
Malta,MLT,1995,61251.535
Malta,MLT,1996,62588.21
Malta,MLT,1997,64784.26
Malta,MLT,1998,67201.86
Malta,MLT,1999,69606.305
Malta,MLT,2000,83171.234
Malta,MLT,2001,81309.195
Malta,MLT,2002,82601.19
Malta,MLT,2003,85611.45
Malta,MLT,2004,87176.18
Malta,MLT,2005,87448.484
Malta,MLT,2006,88255.836
Malta,MLT,2007,90143.67
Malta,MLT,2008,92288.4
Malta,MLT,2009,90581.586
Malta,MLT,2010,94149.164
Malta,MLT,2011,92516.664
Malta,MLT,2012,92879.51
Malta,MLT,2013,94753.54
Malta,MLT,2014,97544.73
Malta,MLT,2015,102174.61
Malta,MLT,2016,102050.79
Malta,MLT,2017,109052.95
Malta,MLT,2018,108103.77
Malta,MLT,2019,105225.625
Malta,MLT,2020,98222
Malta,MLT,2021,107951.734
Malta,MLT,2022,107669.52
Malta,MLT,2023,110759.92
Malta,MLT,2024,112195.54
Mauritania,MRT,1991,23863.22
Mauritania,MRT,1992,23261.82
Mauritania,MRT,1993,23441.24
Mauritania,MRT,1994,21957.36
Mauritania,MRT,1995,23465.367
Mauritania,MRT,1996,24488.512
Mauritania,MRT,1997,23047.26
Mauritania,MRT,1998,23102.773
Mauritania,MRT,1999,23284.445
Mauritania,MRT,2000,21694.463
Mauritania,MRT,2001,21081.611
Mauritania,MRT,2002,21024.312
Mauritania,MRT,2003,22011.426
Mauritania,MRT,2004,22592.947
Mauritania,MRT,2005,24013.2
Mauritania,MRT,2006,27770.828
Mauritania,MRT,2007,26703.006
Mauritania,MRT,2008,25985.254
Mauritania,MRT,2009,25363.486
Mauritania,MRT,2010,25262.908
Mauritania,MRT,2011,25588.076
Mauritania,MRT,2012,26029.861
Mauritania,MRT,2013,26649.154
Mauritania,MRT,2014,27331.22
Mauritania,MRT,2015,28310.865
Mauritania,MRT,2016,28198.92
Mauritania,MRT,2017,29422.684
Mauritania,MRT,2018,29922.865
Mauritania,MRT,2019,29929.15
Mauritania,MRT,2020,29361.854
Mauritania,MRT,2021,28606.924
Mauritania,MRT,2022,29050.156
Mauritania,MRT,2023,29948.357
Mauritania,MRT,2024,30496.303
Mauritius,MUS,1991,23996.46
Mauritius,MUS,1992,25115.568
Mauritius,MUS,1993,25992.127
Mauritius,MUS,1994,26572.916
Mauritius,MUS,1995,27370.34
Mauritius,MUS,1996,28463.951
Mauritius,MUS,1997,29574.697
Mauritius,MUS,1998,30922.79
Mauritius,MUS,1999,31299.748
Mauritius,MUS,2000,33483.08
Mauritius,MUS,2001,34962.8
Mauritius,MUS,2002,34374.777
Mauritius,MUS,2003,34690.16
Mauritius,MUS,2004,36819.242
Mauritius,MUS,2005,37270.61
Mauritius,MUS,2006,38601.723
Mauritius,MUS,2007,40643.504
Mauritius,MUS,2008,41684.062
Mauritius,MUS,2009,42570.863
Mauritius,MUS,2010,43626.984
Mauritius,MUS,2011,45527.348
Mauritius,MUS,2012,46523.53
Mauritius,MUS,2013,46859.457
Mauritius,MUS,2014,48178.996
Mauritius,MUS,2015,49269.62
Mauritius,MUS,2016,51100.793
Mauritius,MUS,2017,52514.438
Mauritius,MUS,2018,54618.46
Mauritius,MUS,2019,55327.797
Mauritius,MUS,2020,51339.664
Mauritius,MUS,2021,55198.293
Mauritius,MUS,2022,55835.06
Mauritius,MUS,2023,58426.973
Mauritius,MUS,2024,61187.426
Mexico,MEX,1991,50430.992
Mexico,MEX,1992,50385.586
Mexico,MEX,1993,50052.06
Mexico,MEX,1994,51486.004
Mexico,MEX,1995,48561.05
Mexico,MEX,1996,49437.594
Mexico,MEX,1997,49988.8
Mexico,MEX,1998,51867.81
Mexico,MEX,1999,52170.26
Mexico,MEX,2000,53739.996
Mexico,MEX,2001,52912.805
Mexico,MEX,2002,52314.17
Mexico,MEX,2003,51784.105
Mexico,MEX,2004,52313.99
Mexico,MEX,2005,51482.227
Mexico,MEX,2006,52198.93
Mexico,MEX,2007,52168.992
Mexico,MEX,2008,51928.855
Mexico,MEX,2009,48458.734
Mexico,MEX,2010,49942.855
Mexico,MEX,2011,50469.707
Mexico,MEX,2012,50566.266
Mexico,MEX,2013,50273.14
Mexico,MEX,2014,51083.664
Mexico,MEX,2015,51302.94
Mexico,MEX,2016,51285.06
Mexico,MEX,2017,51419.008
Mexico,MEX,2018,51377.973
Mexico,MEX,2019,49950.117
Mexico,MEX,2020,49432.418
Mexico,MEX,2021,48605.81
Mexico,MEX,2022,48577.375
Mexico,MEX,2023,48596.64
Mexico,MEX,2024,48617.14
"Middle East, North Africa, Afghanistan and Pakistan (WB)",,1991,36974.145
"Middle East, North Africa, Afghanistan and Pakistan (WB)",,1992,38094.875
"Middle East, North Africa, Afghanistan and Pakistan (WB)",,1993,38198.555
"Middle East, North Africa, Afghanistan and Pakistan (WB)",,1994,38030.45
"Middle East, North Africa, Afghanistan and Pakistan (WB)",,1995,38509.566
"Middle East, North Africa, Afghanistan and Pakistan (WB)",,1996,38873.926
"Middle East, North Africa, Afghanistan and Pakistan (WB)",,1997,38872.816
"Middle East, North Africa, Afghanistan and Pakistan (WB)",,1998,39531.98
"Middle East, North Africa, Afghanistan and Pakistan (WB)",,1999,39204.715
"Middle East, North Africa, Afghanistan and Pakistan (WB)",,2000,39278.266
"Middle East, North Africa, Afghanistan and Pakistan (WB)",,2001,39047.754
"Middle East, North Africa, Afghanistan and Pakistan (WB)",,2002,39014.824
"Middle East, North Africa, Afghanistan and Pakistan (WB)",,2003,39152.215
"Middle East, North Africa, Afghanistan and Pakistan (WB)",,2004,40350.453
"Middle East, North Africa, Afghanistan and Pakistan (WB)",,2005,41030.586
"Middle East, North Africa, Afghanistan and Pakistan (WB)",,2006,41863.723
"Middle East, North Africa, Afghanistan and Pakistan (WB)",,2007,42428.863
"Middle East, North Africa, Afghanistan and Pakistan (WB)",,2008,43179.36
"Middle East, North Africa, Afghanistan and Pakistan (WB)",,2009,42488.6
"Middle East, North Africa, Afghanistan and Pakistan (WB)",,2010,43247.09
"Middle East, North Africa, Afghanistan and Pakistan (WB)",,2011,44392.02
"Middle East, North Africa, Afghanistan and Pakistan (WB)",,2012,45066.21
"Middle East, North Africa, Afghanistan and Pakistan (WB)",,2013,44655.36
"Middle East, North Africa, Afghanistan and Pakistan (WB)",,2014,45119.758
"Middle East, North Africa, Afghanistan and Pakistan (WB)",,2015,45536.266
"Middle East, North Africa, Afghanistan and Pakistan (WB)",,2016,46551.387
"Middle East, North Africa, Afghanistan and Pakistan (WB)",,2017,47428.305
"Middle East, North Africa, Afghanistan and Pakistan (WB)",,2018,48362.38
"Middle East, North Africa, Afghanistan and Pakistan (WB)",,2019,48237.23
"Middle East, North Africa, Afghanistan and Pakistan (WB)",,2020,47483.504
"Middle East, North Africa, Afghanistan and Pakistan (WB)",,2021,48231.676
"Middle East, North Africa, Afghanistan and Pakistan (WB)",,2022,49713.516
"Middle East, North Africa, Afghanistan and Pakistan (WB)",,2023,49552.867
"Middle East, North Africa, Afghanistan and Pakistan (WB)",,2024,51903.797
Moldova,MDA,1991,31623.34
Moldova,MDA,1992,22743.402
Moldova,MDA,1993,22427.783
Moldova,MDA,1994,15823.202
Moldova,MDA,1995,15527.199
Moldova,MDA,1996,14944.309
Moldova,MDA,1997,15157.456
Moldova,MDA,1998,14335.261
Moldova,MDA,1999,13885.913
Moldova,MDA,2000,13658.593
Moldova,MDA,2001,14645.999
Moldova,MDA,2002,15739.55
Moldova,MDA,2003,16542.355
Moldova,MDA,2004,18321.645
Moldova,MDA,2005,19552.658
Moldova,MDA,2006,18989.96
Moldova,MDA,2007,18963.666
Moldova,MDA,2008,19999.586
Moldova,MDA,2009,18583.99
Moldova,MDA,2010,19014.848
Moldova,MDA,2011,19721.555
Moldova,MDA,2012,19384.018
Moldova,MDA,2013,20959.531
Moldova,MDA,2014,20729.588
Moldova,MDA,2015,20723.924
Moldova,MDA,2016,22126.941
Moldova,MDA,2017,24128.195
Moldova,MDA,2018,26053.197
Moldova,MDA,2019,26679.39
Moldova,MDA,2020,24613.621
Moldova,MDA,2021,27298.023
Moldova,MDA,2022,26756.463
Moldova,MDA,2023,28734.314
Moldova,MDA,2024,29395.293
Mongolia,MNG,1991,18152.459
Mongolia,MNG,1992,16159.177
Mongolia,MNG,1993,15432.03
Mongolia,MNG,1994,15393.806
Mongolia,MNG,1995,15953.263
Mongolia,MNG,1996,15879.794
Mongolia,MNG,1997,16097.795
Mongolia,MNG,1998,16218.354
Mongolia,MNG,1999,16250.617
Mongolia,MNG,2000,15946.998
Mongolia,MNG,2001,15949.896
Mongolia,MNG,2002,16241.601
Mongolia,MNG,2003,17027.553
Mongolia,MNG,2004,18412.512
Mongolia,MNG,2005,19348.81
Mongolia,MNG,2006,20604.59
Mongolia,MNG,2007,22258.986
Mongolia,MNG,2008,23630.504
Mongolia,MNG,2009,22841.967
Mongolia,MNG,2010,24006.244
Mongolia,MNG,2011,26732.76
Mongolia,MNG,2012,29320.182
Mongolia,MNG,2013,32402.297
Mongolia,MNG,2014,34553.836
Mongolia,MNG,2015,34930.535
Mongolia,MNG,2016,36759.383
Mongolia,MNG,2017,37637.758
Mongolia,MNG,2018,39389.023
Mongolia,MNG,2019,39979.88
Mongolia,MNG,2020,38034.246
Mongolia,MNG,2021,39709.56
Mongolia,MNG,2022,39449.676
Mongolia,MNG,2023,41679.656
Mongolia,MNG,2024,43211.332
Montenegro,MNE,1997,55423.13
Montenegro,MNE,1998,58190.99
Montenegro,MNE,1999,52866.848
Montenegro,MNE,2000,54412.64
Montenegro,MNE,2001,54741.223
Montenegro,MNE,2002,55257.758
Montenegro,MNE,2003,56457.582
Montenegro,MNE,2004,58803
Montenegro,MNE,2005,61074.4
Montenegro,MNE,2006,61236.156
Montenegro,MNE,2007,60684.586
Montenegro,MNE,2008,62858.754
Montenegro,MNE,2009,60434.086
Montenegro,MNE,2010,62212.99
Montenegro,MNE,2011,64011.617
Montenegro,MNE,2012,60596.26
Montenegro,MNE,2013,62386.48
Montenegro,MNE,2014,59481.36
Montenegro,MNE,2015,60147.78
Montenegro,MNE,2016,61505.664
Montenegro,MNE,2017,63158.355
Montenegro,MNE,2018,64440.434
Montenegro,MNE,2019,65743.57
Montenegro,MNE,2020,62357.64
Montenegro,MNE,2021,72861
Montenegro,MNE,2022,75754.14
Montenegro,MNE,2023,80342.58
Montenegro,MNE,2024,82463.06
Morocco,MAR,1991,17565.48
Morocco,MAR,1992,16703.504
Morocco,MAR,1993,16122.978
Morocco,MAR,1994,17459.605
Morocco,MAR,1995,15976.736
Morocco,MAR,1996,17522.785
Morocco,MAR,1997,16864.6
Morocco,MAR,1998,17594.008
Morocco,MAR,1999,17563.936
Morocco,MAR,2000,17536.564
Morocco,MAR,2001,18329.984
Morocco,MAR,2002,18638.322
Morocco,MAR,2003,19457.436
Morocco,MAR,2004,19682.396
Morocco,MAR,2005,19917.496
Morocco,MAR,2006,20710.895
Morocco,MAR,2007,20974.695
Morocco,MAR,2008,21754.092
Morocco,MAR,2009,22230.4
Morocco,MAR,2010,22868.602
Morocco,MAR,2011,23898.172
Morocco,MAR,2012,24622.664
Morocco,MAR,2013,25344.838
Morocco,MAR,2014,25902.621
Morocco,MAR,2015,26892.201
Morocco,MAR,2016,27106.104
Morocco,MAR,2017,28677.473
Morocco,MAR,2018,29002.871
Morocco,MAR,2019,29259.215
Morocco,MAR,2020,28278.67
Morocco,MAR,2021,29491.312
Morocco,MAR,2022,29816.576
Morocco,MAR,2023,30232.105
Morocco,MAR,2024,30863.844
Mozambique,MOZ,1991,1267.8999
Mozambique,MOZ,1992,1150.4612
Mozambique,MOZ,1993,1232.5421
Mozambique,MOZ,1994,1222.3815
Mozambique,MOZ,1995,1170.5262
Mozambique,MOZ,1996,1250.4415
Mozambique,MOZ,1997,1358.6034
Mozambique,MOZ,1998,1459.9237
Mozambique,MOZ,1999,1592.1791
Mozambique,MOZ,2000,1568.6924
Mozambique,MOZ,2001,1727.2517
Mozambique,MOZ,2002,1848.4567
Mozambique,MOZ,2003,1930.9657
Mozambique,MOZ,2004,2057.8242
Mozambique,MOZ,2005,2153.7737
Mozambique,MOZ,2006,2327.826
Mozambique,MOZ,2007,2465.7292
Mozambique,MOZ,2008,2593.0847
Mozambique,MOZ,2009,2704.0889
Mozambique,MOZ,2010,2837.2021
Mozambique,MOZ,2011,2983.4072
Mozambique,MOZ,2012,3156.013
Mozambique,MOZ,2013,3293.9285
Mozambique,MOZ,2014,3471.794
Mozambique,MOZ,2015,3648.2334
Mozambique,MOZ,2016,3704.427
Mozambique,MOZ,2017,3686.5808
Mozambique,MOZ,2018,3699.468
Mozambique,MOZ,2019,3672.1436
Mozambique,MOZ,2020,3558.75
Mozambique,MOZ,2021,3535.5823
Mozambique,MOZ,2022,3517.0637
Mozambique,MOZ,2023,3590.9534
Mozambique,MOZ,2024,3537.851
Myanmar,MMR,1991,1731.7843
Myanmar,MMR,1992,1866.0273
Myanmar,MMR,1993,1943.076
Myanmar,MMR,1994,2050.8416
Myanmar,MMR,1995,2154.879
Myanmar,MMR,1996,2252.9172
Myanmar,MMR,1997,2336.7869
Myanmar,MMR,1998,2427.9248
Myanmar,MMR,1999,2647.585
Myanmar,MMR,2000,2965.6228
Myanmar,MMR,2001,3255.7507
Myanmar,MMR,2002,3603.7114
Myanmar,MMR,2003,4061.965
Myanmar,MMR,2004,4570.3037
Myanmar,MMR,2005,5145.1685
Myanmar,MMR,2006,5769.4893
Myanmar,MMR,2007,6407.119
Myanmar,MMR,2008,7010.9126
Myanmar,MMR,2009,7692.103
Myanmar,MMR,2010,8353.59
Myanmar,MMR,2011,8721.249
Myanmar,MMR,2012,9256.903
Myanmar,MMR,2013,9929.854
Myanmar,MMR,2014,10629.026
Myanmar,MMR,2015,11259.111
Myanmar,MMR,2016,12060.704
Myanmar,MMR,2017,12966.672
Myanmar,MMR,2018,13473.717
Myanmar,MMR,2019,14595.257
Myanmar,MMR,2020,13360.5
Myanmar,MMR,2021,13066.78
Myanmar,MMR,2022,13294.553
Myanmar,MMR,2023,13270.151
Myanmar,MMR,2024,13039.839
Namibia,NAM,1991,29592.385
Namibia,NAM,1992,30645.441
Namibia,NAM,1993,29270.396
Namibia,NAM,1994,28963.605
Namibia,NAM,1995,30196.873
Namibia,NAM,1996,31165.014
Namibia,NAM,1997,32582.572
Namibia,NAM,1998,32051.846
Namibia,NAM,1999,31557.672
Namibia,NAM,2000,31148.672
Namibia,NAM,2001,30843.88
Namibia,NAM,2002,31624.27
Namibia,NAM,2003,32317.297
Namibia,NAM,2004,35349.6
Namibia,NAM,2005,35242.832
Namibia,NAM,2006,36537.824
Namibia,NAM,2007,37536.066
Namibia,NAM,2008,37434.785
Namibia,NAM,2009,36678.727
Namibia,NAM,2010,37868.336
Namibia,NAM,2011,37564.586
Namibia,NAM,2012,37134.9
Namibia,NAM,2013,36604.938
Namibia,NAM,2014,38104.805
Namibia,NAM,2015,39903.523
Namibia,NAM,2016,40291.02
Namibia,NAM,2017,38572.543
Namibia,NAM,2018,37629.938
Namibia,NAM,2019,36354.156
Namibia,NAM,2020,33579.76
Namibia,NAM,2021,33612.855
Namibia,NAM,2022,33521.59
Namibia,NAM,2023,33853.117
Namibia,NAM,2024,34071.246
Nepal,NPL,1991,8596.655
Nepal,NPL,1992,8683.464
Nepal,NPL,1993,8769.372
Nepal,NPL,1994,9259.403
Nepal,NPL,1995,9370.799
Nepal,NPL,1996,9667.556
Nepal,NPL,1997,9957.996
Nepal,NPL,1998,10047.813
Nepal,NPL,1999,10278.8125
Nepal,NPL,2000,10696.66
Nepal,NPL,2001,10986.1045
Nepal,NPL,2002,10798.533
Nepal,NPL,2003,11013.557
Nepal,NPL,2004,11312.301
Nepal,NPL,2005,11487.295
Nepal,NPL,2006,11683.455
Nepal,NPL,2007,11901.629
Nepal,NPL,2008,12419.364
Nepal,NPL,2009,12766.422
Nepal,NPL,2010,13153.068
Nepal,NPL,2011,13433.895
Nepal,NPL,2012,13950.344
Nepal,NPL,2013,14374.434
Nepal,NPL,2014,15127.822
Nepal,NPL,2015,15558.175
Nepal,NPL,2016,15495.0205
Nepal,NPL,2017,16806.105
Nepal,NPL,2018,17985.85
Nepal,NPL,2019,18707.268
Nepal,NPL,2020,18394.688
Nepal,NPL,2021,18524.713
Nepal,NPL,2022,18890.938
Nepal,NPL,2023,19171.488
Nepal,NPL,2024,19867.293
Netherlands,NLD,1991,86729.31
Netherlands,NLD,1992,85737.98
Netherlands,NLD,1993,86850.55
Netherlands,NLD,1994,89758.984
Netherlands,NLD,1995,92179.47
Netherlands,NLD,1996,93978.4
Netherlands,NLD,1997,96339.1
Netherlands,NLD,1998,98851.516
Netherlands,NLD,1999,102060.46
Netherlands,NLD,2000,104325.984
Netherlands,NLD,2001,105088.09
Netherlands,NLD,2002,105197.73
Netherlands,NLD,2003,106147.57
Netherlands,NLD,2004,109400.945
Netherlands,NLD,2005,113017.08
Netherlands,NLD,2006,115578.85
Netherlands,NLD,2007,118504.984
Netherlands,NLD,2008,119697.99
Netherlands,NLD,2009,115841.81
Netherlands,NLD,2010,117923.64
Netherlands,NLD,2011,119487.58
Netherlands,NLD,2012,118069.09
Netherlands,NLD,2013,119343.95
Netherlands,NLD,2014,121834.66
Netherlands,NLD,2015,122295.984
Netherlands,NLD,2016,123491.09
Netherlands,NLD,2017,124644.95
Netherlands,NLD,2018,124626.516
Netherlands,NLD,2019,125178.33
Netherlands,NLD,2020,120287.87
Netherlands,NLD,2021,127515.89
Netherlands,NLD,2022,130151.164
Netherlands,NLD,2023,127813.14
Netherlands,NLD,2024,128300.74
New Zealand,NZL,1991,66418.5
New Zealand,NZL,1992,66906.414
New Zealand,NZL,1993,69788.1
New Zealand,NZL,1994,70336.66
New Zealand,NZL,1995,70405.26
New Zealand,NZL,1996,70717.83
New Zealand,NZL,1997,71814.29
New Zealand,NZL,1998,72897.53
New Zealand,NZL,1999,75672.55
New Zealand,NZL,2000,76409.6
New Zealand,NZL,2001,77117.766
New Zealand,NZL,2002,78160.14
New Zealand,NZL,2003,79796.36
New Zealand,NZL,2004,80189.32
New Zealand,NZL,2005,80541.82
New Zealand,NZL,2006,80887.11
New Zealand,NZL,2007,81927.69
New Zealand,NZL,2008,80790.19
New Zealand,NZL,2009,81808.04
New Zealand,NZL,2010,82632.6
New Zealand,NZL,2011,83108.86
New Zealand,NZL,2012,85190.49
New Zealand,NZL,2013,85810.22
New Zealand,NZL,2014,85810.7
New Zealand,NZL,2015,86744.68
New Zealand,NZL,2016,86062.9
New Zealand,NZL,2017,85415.59
New Zealand,NZL,2018,86264.125
New Zealand,NZL,2019,86917.16
New Zealand,NZL,2020,85416.47
New Zealand,NZL,2021,87326.8
New Zealand,NZL,2022,88909.47
New Zealand,NZL,2023,87345.086
New Zealand,NZL,2024,86511.93
Nicaragua,NIC,1991,14208.556
Nicaragua,NIC,1992,13836.831
Nicaragua,NIC,1993,13395.858
Nicaragua,NIC,1994,13391.444
Nicaragua,NIC,1995,13686.949
Nicaragua,NIC,1996,13953.52
Nicaragua,NIC,1997,13969.656
Nicaragua,NIC,1998,13990.706
Nicaragua,NIC,1999,14496.607
Nicaragua,NIC,2000,14626.531
Nicaragua,NIC,2001,14616.909
Nicaragua,NIC,2002,14345.849
Nicaragua,NIC,2003,14298.438
Nicaragua,NIC,2004,14444.984
Nicaragua,NIC,2005,14465.005
Nicaragua,NIC,2006,14621.695
Nicaragua,NIC,2007,14872.654
Nicaragua,NIC,2008,15172.684
Nicaragua,NIC,2009,14585.384
Nicaragua,NIC,2010,14776.979
Nicaragua,NIC,2011,15107.349
Nicaragua,NIC,2012,15447.725
Nicaragua,NIC,2013,15819.101
Nicaragua,NIC,2014,16044.4
Nicaragua,NIC,2015,16490.287
Nicaragua,NIC,2016,16748.232
Nicaragua,NIC,2017,17065.334
Nicaragua,NIC,2018,16571.533
Nicaragua,NIC,2019,15892.511
Nicaragua,NIC,2020,15529.846
Nicaragua,NIC,2021,16591.668
Nicaragua,NIC,2022,16667.275
Nicaragua,NIC,2023,16981.086
Nicaragua,NIC,2024,17219.814
Niger,NER,1991,3304.7495
Niger,NER,1992,3264.8174
Niger,NER,1993,3170.9907
Niger,NER,1994,3125.2568
Niger,NER,1995,3097.0154
Niger,NER,1996,2999.8618
Niger,NER,1997,2951.0374
Niger,NER,1998,3140.4963
Niger,NER,1999,3035.6443
Niger,NER,2000,2906.6086
Niger,NER,2001,3021.2642
Niger,NER,2002,3081.2852
Niger,NER,2003,3059.8484
Niger,NER,2004,2991.75
Niger,NER,2005,3119.5908
Niger,NER,2006,3178.783
Niger,NER,2007,3154.3872
Niger,NER,2008,3269.8313
Niger,NER,2009,3207.941
Niger,NER,2010,3345.6907
Niger,NER,2011,3289.859
Niger,NER,2012,3654.418
Niger,NER,2013,3770.0298
Niger,NER,2014,3944.596
Niger,NER,2015,3966.2766
Niger,NER,2016,4035.4697
Niger,NER,2017,4080.9119
Niger,NER,2018,4214.8564
Niger,NER,2019,4302.8037
Niger,NER,2020,4329.705
Niger,NER,2021,4225.124
Niger,NER,2022,4507.027
Niger,NER,2023,4397.0527
Niger,NER,2024,4586.2705
Nigeria,NGA,1991,8126.5977
Nigeria,NGA,1992,8260.871
Nigeria,NGA,1993,7852.3247
Nigeria,NGA,1994,7467.3486
Nigeria,NGA,1995,7240.5225
Nigeria,NGA,1996,7325.93
Nigeria,NGA,1997,7322.101
Nigeria,NGA,1998,7293.075
Nigeria,NGA,1999,7126.1567
Nigeria,NGA,2000,7284.45
Nigeria,NGA,2001,7516.48
Nigeria,NGA,2002,8468.995
Nigeria,NGA,2003,8870.857
Nigeria,NGA,2004,9463.295
Nigeria,NGA,2005,9843.028
Nigeria,NGA,2006,10191.982
Nigeria,NGA,2007,10610.05
Nigeria,NGA,2008,11056.977
Nigeria,NGA,2009,11663.028
Nigeria,NGA,2010,12293.283
Nigeria,NGA,2011,12615.151
Nigeria,NGA,2012,12800.527
Nigeria,NGA,2013,13307.562
Nigeria,NGA,2014,13822.856
Nigeria,NGA,2015,13845.657
Nigeria,NGA,2016,13266.041
Nigeria,NGA,2017,13023.284
Nigeria,NGA,2018,12928.008
Nigeria,NGA,2019,12864.574
Nigeria,NGA,2020,12321.4795
Nigeria,NGA,2021,12382.066
Nigeria,NGA,2022,12219.627
Nigeria,NGA,2023,11934.47
Nigeria,NGA,2024,11988.21
North America (WB),,1991,91321.81
North America (WB),,1992,93693.25
North America (WB),,1993,94744.64
North America (WB),,1994,96126.53
North America (WB),,1995,96798.6
North America (WB),,1996,98594.42
North America (WB),,1997,100621.76
North America (WB),,1998,103202.96
North America (WB),,1999,106286.36
North America (WB),,2000,108827.23
North America (WB),,2001,109870.38
North America (WB),,2002,112017.5
North America (WB),,2003,114476.6
North America (WB),,2004,117227.69
North America (WB),,2005,119263.805
North America (WB),,2006,120296.29
North America (WB),,2007,121524.28
North America (WB),,2008,121745.21
North America (WB),,2009,122749.7
North America (WB),,2010,126414.94
North America (WB),,2011,127344.26
North America (WB),,2012,128067.89
North America (WB),,2013,129411.95
North America (WB),,2014,130599.734
North America (WB),,2015,132191.72
North America (WB),,2016,132460.89
North America (WB),,2017,133576.64
North America (WB),,2018,135638.27
North America (WB),,2019,137047.25
North America (WB),,2020,142049.33
North America (WB),,2021,145559.84
North America (WB),,2022,144566.83
North America (WB),,2023,145881.6
North America (WB),,2024,148693.84
North Macedonia,MKD,1991,38910.56
North Macedonia,MKD,1992,37763.348
North Macedonia,MKD,1993,36205.594
North Macedonia,MKD,1994,37244.668
North Macedonia,MKD,1995,40173.336
North Macedonia,MKD,1996,42614.484
North Macedonia,MKD,1997,41648.973
North Macedonia,MKD,1998,42127.344
North Macedonia,MKD,1999,42600.484
North Macedonia,MKD,2000,43774.82
North Macedonia,MKD,2001,40833.27
North Macedonia,MKD,2002,42286.586
North Macedonia,MKD,2003,45800.89
North Macedonia,MKD,2004,48311.223
North Macedonia,MKD,2005,50779.707
North Macedonia,MKD,2006,52619.36
North Macedonia,MKD,2007,54016.56
North Macedonia,MKD,2008,55487.27
North Macedonia,MKD,2009,54101.543
North Macedonia,MKD,2010,58321.098
North Macedonia,MKD,2011,56886.85
North Macedonia,MKD,2012,56598.164
North Macedonia,MKD,2013,56207.082
North Macedonia,MKD,2014,57630.97
North Macedonia,MKD,2015,58982.047
North Macedonia,MKD,2016,59615.863
North Macedonia,MKD,2017,59505.324
North Macedonia,MKD,2018,60513.133
North Macedonia,MKD,2019,60060.4
North Macedonia,MKD,2020,58270.125
North Macedonia,MKD,2021,61549.023
North Macedonia,MKD,2022,60889.8
North Macedonia,MKD,2023,61645.234
North Macedonia,MKD,2024,64987.15
Norway,NOR,1991,123486.87
Norway,NOR,1992,127341.67
Norway,NOR,1993,129632.17
Norway,NOR,1994,133735.84
Norway,NOR,1995,139161.4
Norway,NOR,1996,142387.47
Norway,NOR,1997,147417.03
Norway,NOR,1998,147926.75
Norway,NOR,1999,148418.16
Norway,NOR,2000,152067.12
Norway,NOR,2001,154339.42
Norway,NOR,2002,155583.94
Norway,NOR,2003,156120.66
Norway,NOR,2004,160802.05
Norway,NOR,2005,163443
Norway,NOR,2006,163478.53
Norway,NOR,2007,164079.39
Norway,NOR,2008,162527.62
Norway,NOR,2009,158786.2
Norway,NOR,2010,160140.14
Norway,NOR,2011,159386.86
Norway,NOR,2012,161336.47
Norway,NOR,2013,161575.11
Norway,NOR,2014,163871.52
Norway,NOR,2015,165679.81
Norway,NOR,2016,167166.14
Norway,NOR,2017,170858.73
Norway,NOR,2018,170022.69
Norway,NOR,2019,169374.75
Norway,NOR,2020,167390.3
Norway,NOR,2021,171112.17
Norway,NOR,2022,171968.12
Norway,NOR,2023,171584.3
Norway,NOR,2024,173777.39
Oman,OMN,1991,112804.92
Oman,OMN,1992,113350.305
Oman,OMN,1993,111629.33
Oman,OMN,1994,111425.63
Oman,OMN,1995,115654.83
Oman,OMN,1996,117486.92
Oman,OMN,1997,122684.84
Oman,OMN,1998,120477.93
Oman,OMN,1999,118464.46
Oman,OMN,2000,123642.82
Oman,OMN,2001,126758.47
Oman,OMN,2002,122740.336
Oman,OMN,2003,117197.3
Oman,OMN,2004,115590.695
Oman,OMN,2005,113789.914
Oman,OMN,2006,113719.38
Oman,OMN,2007,114040.87
Oman,OMN,2008,118545.484
Oman,OMN,2009,119905.95
Oman,OMN,2010,116551.54
Oman,OMN,2011,98943.93
Oman,OMN,2012,85451.16
Oman,OMN,2013,80118.99
Oman,OMN,2014,76905.97
Oman,OMN,2015,76424.375
Oman,OMN,2016,75375.05
Oman,OMN,2017,72336.54
Oman,OMN,2018,72538.51
Oman,OMN,2019,73837.67
Oman,OMN,2020,79434.11
Oman,OMN,2021,82355.48
Oman,OMN,2022,82350.2
Oman,OMN,2023,76799.49
Oman,OMN,2024,74163.99
Pakistan,PAK,1991,11788.814
Pakistan,PAK,1992,12378.488
Pakistan,PAK,1993,12407.887
Pakistan,PAK,1994,12527.704
Pakistan,PAK,1995,12977.215
Pakistan,PAK,1996,12944.25
Pakistan,PAK,1997,12443.2295
Pakistan,PAK,1998,12400.724
Pakistan,PAK,1999,12393.81
Pakistan,PAK,2000,12431.003
Pakistan,PAK,2001,12443.57
Pakistan,PAK,2002,12385.048
Pakistan,PAK,2003,12638.795
Pakistan,PAK,2004,13155.022
Pakistan,PAK,2005,13756.95
Pakistan,PAK,2006,14235.503
Pakistan,PAK,2007,14332.959
Pakistan,PAK,2008,14139.214
Pakistan,PAK,2009,14071.648
Pakistan,PAK,2010,13759.946
Pakistan,PAK,2011,13849.798
Pakistan,PAK,2012,14292.355
Pakistan,PAK,2013,14456.105
Pakistan,PAK,2014,14768.184
Pakistan,PAK,2015,15119.351
Pakistan,PAK,2016,15772.201
Pakistan,PAK,2017,16465.479
Pakistan,PAK,2018,17412.564
Pakistan,PAK,2019,17420
Pakistan,PAK,2020,17045.377
Pakistan,PAK,2021,17411.977
Pakistan,PAK,2022,17748.643
Pakistan,PAK,2023,17371.48
Pakistan,PAK,2024,17577.156
Palestine,PSE,1994,21354.979
Palestine,PSE,1995,21869.062
Palestine,PSE,1996,21000.459
Palestine,PSE,1997,23116.96
Palestine,PSE,1998,25925.912
Palestine,PSE,1999,27326.354
Palestine,PSE,2000,23910.74
Palestine,PSE,2001,26262.629
Palestine,PSE,2002,24532.9
Palestine,PSE,2003,23573.014
Palestine,PSE,2004,28196.367
Palestine,PSE,2005,28728.154
Palestine,PSE,2006,27075.146
Palestine,PSE,2007,25963.812
Palestine,PSE,2008,28825.875
Palestine,PSE,2009,29110.484
Palestine,PSE,2010,29747.912
Palestine,PSE,2011,29095.662
Palestine,PSE,2012,30282.082
Palestine,PSE,2013,30944.365
Palestine,PSE,2014,30023.555
Palestine,PSE,2015,29955.37
Palestine,PSE,2016,32293.588
Palestine,PSE,2017,32602.32
Palestine,PSE,2018,32800.383
Palestine,PSE,2019,31365.664
Palestine,PSE,2020,29457.486
Palestine,PSE,2021,29095.48
Palestine,PSE,2022,27595.54
Panama,PAN,1991,34900.03
Panama,PAN,1992,35973.883
Panama,PAN,1993,36274.793
Panama,PAN,1994,36163.184
Panama,PAN,1995,35423.203
Panama,PAN,1996,32450.445
Panama,PAN,1997,33940.41
Panama,PAN,1998,35090.26
Panama,PAN,1999,36093.344
Panama,PAN,2000,36493.19
Panama,PAN,2001,35789.824
Panama,PAN,2002,35615.844
Panama,PAN,2003,36442.152
Panama,PAN,2004,38050.188
Panama,PAN,2005,40092.887
Panama,PAN,2006,43513.484
Panama,PAN,2007,47788.902
Panama,PAN,2008,50242.402
Panama,PAN,2009,51739.34
Panama,PAN,2010,52569.86
Panama,PAN,2011,58173.85
Panama,PAN,2012,60350.25
Panama,PAN,2013,62074.434
Panama,PAN,2014,64125.12
Panama,PAN,2015,66113.53
Panama,PAN,2016,67423.336
Panama,PAN,2017,70613.04
Panama,PAN,2018,69933.84
Panama,PAN,2019,70486.5
Panama,PAN,2020,64448.613
Panama,PAN,2021,74146.63
Panama,PAN,2022,74674.914
Panama,PAN,2023,78834.516
Panama,PAN,2024,79768.52
Papua New Guinea,PNG,1991,8215.587
Papua New Guinea,PNG,1992,9007.103
Papua New Guinea,PNG,1993,10252.925
Papua New Guinea,PNG,1994,10446.544
Papua New Guinea,PNG,1995,9696.894
Papua New Guinea,PNG,1996,10069.623
Papua New Guinea,PNG,1997,9289.782
Papua New Guinea,PNG,1998,8577.421
Papua New Guinea,PNG,1999,8411.037
Papua New Guinea,PNG,2000,7878.2705
Papua New Guinea,PNG,2001,7796.914
Papua New Guinea,PNG,2002,7736.7476
Papua New Guinea,PNG,2003,7868.453
Papua New Guinea,PNG,2004,8068.7715
Papua New Guinea,PNG,2005,8588.879
Papua New Guinea,PNG,2006,9095.606
Papua New Guinea,PNG,2007,9880.484
Papua New Guinea,PNG,2008,9965.747
Papua New Guinea,PNG,2009,10791.083
Papua New Guinea,PNG,2010,12086.269
Papua New Guinea,PNG,2011,11807.915
Papua New Guinea,PNG,2012,11899.097
Papua New Guinea,PNG,2013,11908.369
Papua New Guinea,PNG,2014,13058.607
Papua New Guinea,PNG,2015,13436.038
Papua New Guinea,PNG,2016,13688.456
Papua New Guinea,PNG,2017,13703.455
Papua New Guinea,PNG,2018,13197.576
Papua New Guinea,PNG,2019,13341.554
Papua New Guinea,PNG,2020,12660.159
Papua New Guinea,PNG,2021,12167.174
Papua New Guinea,PNG,2022,12377.041
Papua New Guinea,PNG,2023,12557.615
Papua New Guinea,PNG,2024,12776.951
Paraguay,PRY,1991,26147.432
Paraguay,PRY,1992,25901.105
Paraguay,PRY,1993,26397.357
Paraguay,PRY,1994,26767.842
Paraguay,PRY,1995,27354.232
Paraguay,PRY,1996,28437.65
Paraguay,PRY,1997,27874.69
Paraguay,PRY,1998,26913.686
Paraguay,PRY,1999,26179.137
Paraguay,PRY,2000,25643.418
Paraguay,PRY,2001,24507.95
Paraguay,PRY,2002,24846.09
Paraguay,PRY,2003,25062.713
Paraguay,PRY,2004,24063.955
Paraguay,PRY,2005,23980.396
Paraguay,PRY,2006,25912.807
Paraguay,PRY,2007,25921.508
Paraguay,PRY,2008,26790.582
Paraguay,PRY,2009,26367.455
Paraguay,PRY,2010,29214.646
Paraguay,PRY,2011,29760.816
Paraguay,PRY,2012,27377.756
Paraguay,PRY,2013,29696.111
Paraguay,PRY,2014,31706.334
Paraguay,PRY,2015,31861.28
Paraguay,PRY,2016,31894.756
Paraguay,PRY,2017,32660.97
Paraguay,PRY,2018,32801.5
Paraguay,PRY,2019,32048.213
Paraguay,PRY,2020,32634.053
Paraguay,PRY,2021,32561.064
Paraguay,PRY,2022,32622.48
Paraguay,PRY,2023,33339.926
Paraguay,PRY,2024,34333.957
Peru,PER,1991,18461.613
Peru,PER,1992,17978.014
Peru,PER,1993,18083.213
Peru,PER,1994,19404.885
Peru,PER,1995,19638.158
Peru,PER,1996,19271.957
Peru,PER,1997,19530.451
Peru,PER,1998,18680.66
Peru,PER,1999,18104.807
Peru,PER,2000,18790.607
Peru,PER,2001,17691.72
Peru,PER,2002,17930.799
Peru,PER,2003,17899.125
Peru,PER,2004,18274.773
Peru,PER,2005,18851.05
Peru,PER,2006,19016.143
Peru,PER,2007,19770.201
Peru,PER,2008,21270.574
Peru,PER,2009,21120.562
Peru,PER,2010,22321.367
Peru,PER,2011,23574.396
Peru,PER,2012,24689.06
Peru,PER,2013,26062.27
Peru,PER,2014,26465.791
Peru,PER,2015,27324.02
Peru,PER,2016,28238.229
Peru,PER,2017,27778.803
Peru,PER,2018,28058.863
Peru,PER,2019,27921.334
Peru,PER,2020,28555.746
Peru,PER,2021,29901.951
Peru,PER,2022,28882.582
Peru,PER,2023,29314.092
Peru,PER,2024,29765.977
Philippines,PHL,1991,12705.149
Philippines,PHL,1992,12439.693
Philippines,PHL,1993,12365.795
Philippines,PHL,1994,12586.684
Philippines,PHL,1995,12843.305
Philippines,PHL,1996,13239.166
Philippines,PHL,1997,13543.865
Philippines,PHL,1998,13047.455
Philippines,PHL,1999,13053.09
Philippines,PHL,2000,13220.774
Philippines,PHL,2001,13234.295
Philippines,PHL,2002,13367.966
Philippines,PHL,2003,13689.309
Philippines,PHL,2004,14132.667
Philippines,PHL,2005,14487.555
Philippines,PHL,2006,15004.435
Philippines,PHL,2007,15567.562
Philippines,PHL,2008,15980.772
Philippines,PHL,2009,15776.158
Philippines,PHL,2010,16450.336
Philippines,PHL,2011,16441.266
Philippines,PHL,2012,17257.232
Philippines,PHL,2013,18051.426
Philippines,PHL,2014,18572.465
Philippines,PHL,2015,19445.068
Philippines,PHL,2016,20231.55
Philippines,PHL,2017,22012.768
Philippines,PHL,2018,22946.56
Philippines,PHL,2019,23666.365
Philippines,PHL,2020,22857.168
Philippines,PHL,2021,23200.715
Philippines,PHL,2022,22362.271
Philippines,PHL,2023,23099.023
Philippines,PHL,2024,24096.943
Poland,POL,1991,29790.838
Poland,POL,1992,30429.178
Poland,POL,1993,31910.322
Poland,POL,1994,33865.84
Poland,POL,1995,36407.6
Poland,POL,1996,38246.26
Poland,POL,1997,40148.53
Poland,POL,1998,41471.008
Poland,POL,1999,44666.715
Poland,POL,2000,47966.09
Poland,POL,2001,50152.434
Poland,POL,2002,52953.715
Poland,POL,2003,54871.03
Poland,POL,2004,57005.77
Poland,POL,2005,57068.402
Poland,POL,2006,58678.4
Poland,POL,2007,59740.938
Poland,POL,2008,59901.246
Poland,POL,2009,61113.44
Poland,POL,2010,63253.793
Poland,POL,2011,66325.3
Poland,POL,2012,67192.29
Poland,POL,2013,67717.17
Poland,POL,2014,68884.266
Poland,POL,2015,70974.04
Poland,POL,2016,71896.336
Poland,POL,2017,74290.695
Poland,POL,2018,78196.83
Poland,POL,2019,81523.89
Poland,POL,2020,80899.984
Poland,POL,2021,86097.7
Poland,POL,2022,90060.92
Poland,POL,2023,89820.29
Poland,POL,2024,92678.266
Portugal,PRT,1991,60478.047
Portugal,PRT,1992,62819.355
Portugal,PRT,1993,62372.65
Portugal,PRT,1994,63477.383
Portugal,PRT,1995,66161.14
Portugal,PRT,1996,67810.48
Portugal,PRT,1997,68904.33
Portugal,PRT,1998,68521.34
Portugal,PRT,1999,70486.695
Portugal,PRT,2000,71716.984
Portugal,PRT,2001,71698.85
Portugal,PRT,2002,71636.945
Portugal,PRT,2003,71925.29
Portugal,PRT,2004,73685.97
Portugal,PRT,2005,74646.73
Portugal,PRT,2006,75420.18
Portugal,PRT,2007,77121.16
Portugal,PRT,2008,76993.52
Portugal,PRT,2009,76803.22
Portugal,PRT,2010,79245.94
Portugal,PRT,2011,80508.43
Portugal,PRT,2012,80561.734
Portugal,PRT,2013,81846.586
Portugal,PRT,2014,81162.5
Portugal,PRT,2015,81515.97
Portugal,PRT,2016,82144.836
Portugal,PRT,2017,82205.49
Portugal,PRT,2018,82700.17
Portugal,PRT,2019,84201.59
Portugal,PRT,2020,79242.586
Portugal,PRT,2021,83115.82
Portugal,PRT,2022,86425.555
Portugal,PRT,2023,86864.88
Portugal,PRT,2024,87623.77
Puerto Rico,PRI,1991,97069.17
Puerto Rico,PRI,1992,101310.1
Puerto Rico,PRI,1993,101069.305
Puerto Rico,PRI,1994,102053.11
Puerto Rico,PRI,1995,105497.15
Puerto Rico,PRI,1996,104129.33
Puerto Rico,PRI,1997,106104.8
Puerto Rico,PRI,1998,110815.08
Puerto Rico,PRI,1999,114132.8
Puerto Rico,PRI,2000,118313.12
Puerto Rico,PRI,2001,126516.414
Puerto Rico,PRI,2002,127381.305
Puerto Rico,PRI,2003,125142.62
Puerto Rico,PRI,2004,133231.39
Puerto Rico,PRI,2005,128712.59
Puerto Rico,PRI,2006,127463.46
Puerto Rico,PRI,2007,128870.4
Puerto Rico,PRI,2008,131079.78
Puerto Rico,PRI,2009,138815.22
Puerto Rico,PRI,2010,144173.47
Puerto Rico,PRI,2011,148111.39
Puerto Rico,PRI,2012,146703.84
Puerto Rico,PRI,2013,146409.23
Puerto Rico,PRI,2014,145154.39
Puerto Rico,PRI,2015,141815.94
Puerto Rico,PRI,2016,140524.22
Puerto Rico,PRI,2017,137258.48
Puerto Rico,PRI,2018,131178.39
Puerto Rico,PRI,2019,129179.02
Puerto Rico,PRI,2020,125369.97
Puerto Rico,PRI,2021,127987.02
Puerto Rico,PRI,2022,125755.78
Puerto Rico,PRI,2023,126377.27
Puerto Rico,PRI,2024,129842.234
Qatar,QAT,1991,112928.62
Qatar,QAT,1992,121833.92
Qatar,QAT,1993,116081.23
Qatar,QAT,1994,113903.21
Qatar,QAT,1995,112880.016
Qatar,QAT,1996,114290.11
Qatar,QAT,1997,143240.84
Qatar,QAT,1998,150070.03
Qatar,QAT,1999,146776.8
Qatar,QAT,2000,149242.62
Qatar,QAT,2001,146160.08
Qatar,QAT,2002,148280.33
Qatar,QAT,2003,145718.7
Qatar,QAT,2004,168800.7
Qatar,QAT,2005,170128.3
Qatar,QAT,2006,173913.33
Qatar,QAT,2007,154349.69
Qatar,QAT,2008,148946.17
Qatar,QAT,2009,146294.73
Qatar,QAT,2010,173910.8
Qatar,QAT,2011,197294.53
Qatar,QAT,2012,195924.97
Qatar,QAT,2013,185780.58
Qatar,QAT,2014,172745.31
Qatar,QAT,2015,164155.45
Qatar,QAT,2016,159274.28
Qatar,QAT,2017,152662.28
Qatar,QAT,2018,152786.56
Qatar,QAT,2019,151626.55
Qatar,QAT,2020,140048.62
Qatar,QAT,2021,160399.9
Qatar,QAT,2022,154792.9
Qatar,QAT,2023,156590.56
Qatar,QAT,2024,149537.83
Romania,ROU,1991,40274.066
Romania,ROU,1992,36653.805
Romania,ROU,1993,36916.51
Romania,ROU,1994,38131.227
Romania,ROU,1995,40358.4
Romania,ROU,1996,41263.312
Romania,ROU,1997,38481.203
Romania,ROU,1998,37539.586
Romania,ROU,1999,37431.605
Romania,ROU,2000,38431.945
Romania,ROU,2001,40619.527
Romania,ROU,2002,44217.254
Romania,ROU,2003,44665.1
Romania,ROU,2004,49804.523
Romania,ROU,2005,51948.902
Romania,ROU,2006,56359.004
Romania,ROU,2007,60631.355
Romania,ROU,2008,66744.664
Romania,ROU,2009,69339.39
Romania,ROU,2010,63024.64
Romania,ROU,2011,66824.33
Romania,ROU,2012,67929.62
Romania,ROU,2013,68511.56
Romania,ROU,2014,70740.45
Romania,ROU,2015,72285.98
Romania,ROU,2016,74585.41
Romania,ROU,2017,79067.45
Romania,ROU,2018,83891.73
Romania,ROU,2019,87205.336
Romania,ROU,2020,85594.12
Romania,ROU,2021,90776.1
Romania,ROU,2022,94435.86
Romania,ROU,2023,98259.74
Romania,ROU,2024,99042.73
Russia,RUS,1991,57483.484
Russia,RUS,1992,49432.266
Russia,RUS,1993,46691.133
Russia,RUS,1994,42936.434
Russia,RUS,1995,41852.707
Russia,RUS,1996,40898.168
Russia,RUS,1997,43239.13
Russia,RUS,1998,41994.246
Russia,RUS,1999,42020.973
Russia,RUS,2000,44725.688
Russia,RUS,2001,46973.508
Russia,RUS,2002,48136.387
Russia,RUS,2003,52006.055
Russia,RUS,2004,54877.793
Russia,RUS,2005,57640.74
Russia,RUS,2006,62015.11
Russia,RUS,2007,65708.98
Russia,RUS,2008,68776.08
Russia,RUS,2009,64832.867
Russia,RUS,2010,67157.64
Russia,RUS,2011,69193.49
Russia,RUS,2012,71226.766
Russia,RUS,2013,72717.12
Russia,RUS,2014,73154.445
Russia,RUS,2015,72291.945
Russia,RUS,2016,72345.56
Russia,RUS,2017,73933.64
Russia,RUS,2018,75826.9
Russia,RUS,2019,78166.24
Russia,RUS,2020,77508.766
Russia,RUS,2021,80869.74
Russia,RUS,2022,79314.05
Russia,RUS,2023,82266.08
Russia,RUS,2024,86143.34
Rwanda,RWA,1991,3777.126
Rwanda,RWA,1992,3896.544
Rwanda,RWA,1993,3434.5112
Rwanda,RWA,1994,2057.8743
Rwanda,RWA,1995,3438.358
Rwanda,RWA,1996,3216.8582
Rwanda,RWA,1997,3110.8455
Rwanda,RWA,1998,3196.2424
Rwanda,RWA,1999,3252.1787
Rwanda,RWA,2000,3436.9895
Rwanda,RWA,2001,3639.9124
Rwanda,RWA,2002,4006.9912
Rwanda,RWA,2003,3986.5835
Rwanda,RWA,2004,4154.1597
Rwanda,RWA,2005,4417.362
Rwanda,RWA,2006,4678.269
Rwanda,RWA,2007,4898.095
Rwanda,RWA,2008,5294.9653
Rwanda,RWA,2009,5479.321
Rwanda,RWA,2010,5721.341
Rwanda,RWA,2011,6016.7046
Rwanda,RWA,2012,6357.895
Rwanda,RWA,2013,6487.578
Rwanda,RWA,2014,6709.0786
Rwanda,RWA,2015,7109.367
Rwanda,RWA,2016,7330.0522
Rwanda,RWA,2017,7419.451
Rwanda,RWA,2018,7728.493
Rwanda,RWA,2019,8520.969
Rwanda,RWA,2020,7497.647
Rwanda,RWA,2021,9088.403
Rwanda,RWA,2022,9154.776
Rwanda,RWA,2023,8815.425
Rwanda,RWA,2024,9325.645
Saint Lucia,LCA,1991,52419.89
Saint Lucia,LCA,1992,55343.527
Saint Lucia,LCA,1993,54607.848
Saint Lucia,LCA,1994,54409.5
Saint Lucia,LCA,1995,53367.125
Saint Lucia,LCA,1996,53953.754
Saint Lucia,LCA,1997,54995.406
Saint Lucia,LCA,1998,57542.9
Saint Lucia,LCA,1999,54683.32
Saint Lucia,LCA,2000,52028.453
Saint Lucia,LCA,2001,50229.9
Saint Lucia,LCA,2002,50391.676
Saint Lucia,LCA,2003,52513.266
Saint Lucia,LCA,2004,54204.258
Saint Lucia,LCA,2005,51286.97
Saint Lucia,LCA,2006,51524.984
Saint Lucia,LCA,2007,50010.617
Saint Lucia,LCA,2008,50556.082
Saint Lucia,LCA,2009,49581.984
Saint Lucia,LCA,2010,49751.17
Saint Lucia,LCA,2011,51972.086
Saint Lucia,LCA,2012,49847.164
Saint Lucia,LCA,2013,50102.75
Saint Lucia,LCA,2014,49737.418
Saint Lucia,LCA,2015,48715.74
Saint Lucia,LCA,2016,49231.24
Saint Lucia,LCA,2017,49879.473
Saint Lucia,LCA,2018,50613.86
Saint Lucia,LCA,2019,48398.766
Saint Lucia,LCA,2020,52493.074
Saint Lucia,LCA,2021,44990.676
Saint Lucia,LCA,2022,48273.984
Saint Lucia,LCA,2023,46278.07
Saint Lucia,LCA,2024,47776.113
Saint Vincent and the Grenadines,VCT,1991,23810.736
Saint Vincent and the Grenadines,VCT,1992,24759.67
Saint Vincent and the Grenadines,VCT,1993,25397.02
Saint Vincent and the Grenadines,VCT,1994,24872.402
Saint Vincent and the Grenadines,VCT,1995,26388.256
Saint Vincent and the Grenadines,VCT,1996,26553.746
Saint Vincent and the Grenadines,VCT,1997,27101.656
Saint Vincent and the Grenadines,VCT,1998,28058.781
Saint Vincent and the Grenadines,VCT,1999,28589.863
Saint Vincent and the Grenadines,VCT,2000,28979.1
Saint Vincent and the Grenadines,VCT,2001,29395.684
Saint Vincent and the Grenadines,VCT,2002,30425.627
Saint Vincent and the Grenadines,VCT,2003,31809.35
Saint Vincent and the Grenadines,VCT,2004,32638.42
Saint Vincent and the Grenadines,VCT,2005,33187.016
Saint Vincent and the Grenadines,VCT,2006,35064.742
Saint Vincent and the Grenadines,VCT,2007,35913.055
Saint Vincent and the Grenadines,VCT,2008,35863.277
Saint Vincent and the Grenadines,VCT,2009,35559.754
Saint Vincent and the Grenadines,VCT,2010,34246.29
Saint Vincent and the Grenadines,VCT,2011,34065.234
Saint Vincent and the Grenadines,VCT,2012,34355.406
Saint Vincent and the Grenadines,VCT,2013,34932.027
Saint Vincent and the Grenadines,VCT,2014,35304.324
Saint Vincent and the Grenadines,VCT,2015,36196.43
Saint Vincent and the Grenadines,VCT,2016,37592
Saint Vincent and the Grenadines,VCT,2017,38165.023
Saint Vincent and the Grenadines,VCT,2018,39405.4
Saint Vincent and the Grenadines,VCT,2019,39919.605
Saint Vincent and the Grenadines,VCT,2020,39983.176
Saint Vincent and the Grenadines,VCT,2021,40637.984
Saint Vincent and the Grenadines,VCT,2022,40802.46
Saint Vincent and the Grenadines,VCT,2023,42533.28
Saint Vincent and the Grenadines,VCT,2024,44063.086
Samoa,WSM,1991,11920.236
Samoa,WSM,1992,11775.015
Samoa,WSM,1993,12119.593
Samoa,WSM,1994,11637.66
Samoa,WSM,1995,12352.708
Samoa,WSM,1996,13208.793
Samoa,WSM,1997,13211.219
Samoa,WSM,1998,13459.741
Samoa,WSM,1999,13724.941
Samoa,WSM,2000,14425.192
Samoa,WSM,2001,15528.711
Samoa,WSM,2002,16330.453
Samoa,WSM,2003,17064.832
Samoa,WSM,2004,17488.139
Samoa,WSM,2005,18591.53
Samoa,WSM,2006,18880.96
Samoa,WSM,2007,18807.668
Samoa,WSM,2008,19330.426
Samoa,WSM,2009,19043.441
Samoa,WSM,2010,20110.535
Samoa,WSM,2011,20774.486
Samoa,WSM,2012,20384.717
Samoa,WSM,2013,20173.172
Samoa,WSM,2014,20112.197
Samoa,WSM,2015,20804.232
Samoa,WSM,2016,22451.54
Samoa,WSM,2017,22707.979
Samoa,WSM,2018,23068.209
Samoa,WSM,2019,24750.764
Samoa,WSM,2020,24973.836
Samoa,WSM,2021,23868.95
Samoa,WSM,2022,22989.02
Samoa,WSM,2023,25150.582
Samoa,WSM,2024,27514.312
Sao Tome and Principe,STP,1991,32912.83
Sao Tome and Principe,STP,1992,32590.568
Sao Tome and Principe,STP,1993,32276.855
Sao Tome and Principe,STP,1994,32383.63
Sao Tome and Principe,STP,1995,32438.027
Sao Tome and Principe,STP,1996,32363.78
Sao Tome and Principe,STP,1997,32178.129
Sao Tome and Principe,STP,1998,32450.346
Sao Tome and Principe,STP,1999,32735.334
Sao Tome and Principe,STP,2000,32422.904
Sao Tome and Principe,STP,2001,33326.92
Sao Tome and Principe,STP,2002,34380.652
Sao Tome and Principe,STP,2003,35710.918
Sao Tome and Principe,STP,2004,35935.86
Sao Tome and Principe,STP,2005,37521.477
Sao Tome and Principe,STP,2006,39940.434
Sao Tome and Principe,STP,2007,40103.867
Sao Tome and Principe,STP,2008,41317.438
Sao Tome and Principe,STP,2009,41570.543
Sao Tome and Principe,STP,2010,41005.594
Sao Tome and Principe,STP,2011,40744.965
Sao Tome and Principe,STP,2012,40805.43
Sao Tome and Principe,STP,2013,41551.863
Sao Tome and Principe,STP,2014,42281.355
Sao Tome and Principe,STP,2015,41753.97
Sao Tome and Principe,STP,2016,42689.12
Sao Tome and Principe,STP,2017,43234.207
Sao Tome and Principe,STP,2018,44287.582
Sao Tome and Principe,STP,2019,44437.184
Sao Tome and Principe,STP,2020,45848.06
Sao Tome and Principe,STP,2021,45051.5
Sao Tome and Principe,STP,2022,42792.723
Sao Tome and Principe,STP,2023,41854.54
Sao Tome and Principe,STP,2024,41226.4
Saudi Arabia,SAU,1991,247071.84
Saudi Arabia,SAU,1992,244907.89
Saudi Arabia,SAU,1993,235179.27
Saudi Arabia,SAU,1994,227293.78
Saudi Arabia,SAU,1995,217899.27
Saudi Arabia,SAU,1996,215056.45
Saudi Arabia,SAU,1997,211230.72
Saudi Arabia,SAU,1998,207949.52
Saudi Arabia,SAU,1999,198124.31
Saudi Arabia,SAU,2000,193948.81
Saudi Arabia,SAU,2001,185410.72
Saudi Arabia,SAU,2002,175351.56
Saudi Arabia,SAU,2003,179612.66
Saudi Arabia,SAU,2004,183263.86
Saudi Arabia,SAU,2005,182019.9
Saudi Arabia,SAU,2006,176068.92
Saudi Arabia,SAU,2007,167599.9
Saudi Arabia,SAU,2008,165479.14
Saudi Arabia,SAU,2009,154289
Saudi Arabia,SAU,2010,156202.02
Saudi Arabia,SAU,2011,159509.95
Saudi Arabia,SAU,2012,154332.58
Saudi Arabia,SAU,2013,144885.69
Saudi Arabia,SAU,2014,143555.83
Saudi Arabia,SAU,2015,138413.72
Saudi Arabia,SAU,2016,133235.53
Saudi Arabia,SAU,2017,139472.12
Saudi Arabia,SAU,2018,147831.45
Saudi Arabia,SAU,2019,146094.08
Saudi Arabia,SAU,2020,133717.55
Saudi Arabia,SAU,2021,141331.55
Saudi Arabia,SAU,2022,148001.84
Saudi Arabia,SAU,2023,138609
Saudi Arabia,SAU,2024,134097.67
Senegal,SEN,1991,10904.076
Senegal,SEN,1992,10714.352
Senegal,SEN,1993,10524.169
Senegal,SEN,1994,10213.045
Senegal,SEN,1995,10455.626
Senegal,SEN,1996,10376.961
Senegal,SEN,1997,10408.534
Senegal,SEN,1998,10740.235
Senegal,SEN,1999,11112.502
Senegal,SEN,2000,11243.703
Senegal,SEN,2001,11428.103
Senegal,SEN,2002,11143.081
Senegal,SEN,2003,11453.575
Senegal,SEN,2004,11689.352
Senegal,SEN,2005,11885.398
Senegal,SEN,2006,11877.48
Senegal,SEN,2007,12040.979
Senegal,SEN,2008,12313.108
Senegal,SEN,2009,12478.508
Senegal,SEN,2010,12728.567
Senegal,SEN,2011,12718.335
Senegal,SEN,2012,13159.3955
Senegal,SEN,2013,13372.247
Senegal,SEN,2014,14010.064
Senegal,SEN,2015,14701.549
Senegal,SEN,2016,13381.12
Senegal,SEN,2017,15063.61
Senegal,SEN,2018,14600.403
Senegal,SEN,2019,13972.7
Senegal,SEN,2020,13883.169
Senegal,SEN,2021,14143.91
Senegal,SEN,2022,14194.199
Senegal,SEN,2023,14349.646
Senegal,SEN,2024,14878.352
Serbia,SRB,1995,23581.469
Serbia,SRB,1996,25143.152
Serbia,SRB,1997,27817.809
Serbia,SRB,1998,29414.342
Serbia,SRB,1999,26166.305
Serbia,SRB,2000,27539.031
Serbia,SRB,2001,29582.375
Serbia,SRB,2002,31959.512
Serbia,SRB,2003,34113.645
Serbia,SRB,2004,38143.105
Serbia,SRB,2005,41855.53
Serbia,SRB,2006,43784.23
Serbia,SRB,2007,45621.285
Serbia,SRB,2008,46264.9
Serbia,SRB,2009,47892.24
Serbia,SRB,2010,51987.89
Serbia,SRB,2011,54795.258
Serbia,SRB,2012,55088.367
Serbia,SRB,2013,53223.977
Serbia,SRB,2014,50180.094
Serbia,SRB,2015,50506.72
Serbia,SRB,2016,49117.016
Serbia,SRB,2017,48946.566
Serbia,SRB,2018,50661.35
Serbia,SRB,2019,51854.555
Serbia,SRB,2020,51582.035
Serbia,SRB,2021,53396.5
Serbia,SRB,2022,54500.78
Serbia,SRB,2023,57246.844
Serbia,SRB,2024,59212.773
Sierra Leone,SLE,1991,7788.277
Sierra Leone,SLE,1992,6447.2534
Sierra Leone,SLE,1993,6558.4585
Sierra Leone,SLE,1994,6415.7666
Sierra Leone,SLE,1995,5893.938
Sierra Leone,SLE,1996,5974.8574
Sierra Leone,SLE,1997,5559.189
Sierra Leone,SLE,1998,5603.483
Sierra Leone,SLE,1999,5473.7915
Sierra Leone,SLE,2000,5698.216
Sierra Leone,SLE,2001,5037.1455
Sierra Leone,SLE,2002,6002.0405
Sierra Leone,SLE,2003,6308.093
Sierra Leone,SLE,2004,6315.2583
Sierra Leone,SLE,2005,6513.862
Sierra Leone,SLE,2006,6738.169
Sierra Leone,SLE,2007,6931.274
Sierra Leone,SLE,2008,7104.293
Sierra Leone,SLE,2009,7118.0986
Sierra Leone,SLE,2010,7469.732
Sierra Leone,SLE,2011,7973.985
Sierra Leone,SLE,2012,8701.183
Sierra Leone,SLE,2013,9845.411
Sierra Leone,SLE,2014,8972.372
Sierra Leone,SLE,2015,8436.536
Sierra Leone,SLE,2016,8801.475
Sierra Leone,SLE,2017,8887.646
Sierra Leone,SLE,2018,8935.386
Sierra Leone,SLE,2019,9171.793
Sierra Leone,SLE,2020,8905.158
Sierra Leone,SLE,2021,9119.729
Sierra Leone,SLE,2022,9228.849
Sierra Leone,SLE,2023,9486.971
Sierra Leone,SLE,2024,9635.99
Singapore,SGP,1991,99011.53
Singapore,SGP,1992,102535.15
Singapore,SGP,1993,110559.53
Singapore,SGP,1994,117741.72
Singapore,SGP,1995,121008.05
Singapore,SGP,1996,123594.36
Singapore,SGP,1997,126364.33
Singapore,SGP,1998,119542.57
Singapore,SGP,1999,126773.54
Singapore,SGP,2000,133638.81
Singapore,SGP,2001,128225.164
Singapore,SGP,2002,136241.66
Singapore,SGP,2003,144462.56
Singapore,SGP,2004,156169.42
Singapore,SGP,2005,160650.42
Singapore,SGP,2006,164209.45
Singapore,SGP,2007,170640.02
Singapore,SGP,2008,160758.8
Singapore,SGP,2009,158438.14
Singapore,SGP,2010,172100.16
Singapore,SGP,2011,177780.55
Singapore,SGP,2012,178620.56
Singapore,SGP,2013,184338.33
Singapore,SGP,2014,186222.02
Singapore,SGP,2015,186529.47
Singapore,SGP,2016,192039.28
Singapore,SGP,2017,201366.33
Singapore,SGP,2018,206940.02
Singapore,SGP,2019,204683.22
Singapore,SGP,2020,200255.48
Singapore,SGP,2021,224002.69
Singapore,SGP,2022,225785.22
Singapore,SGP,2023,219257.12
Singapore,SGP,2024,222072.05
Slovakia,SVK,1991,34261.2
Slovakia,SVK,1992,32715.734
Slovakia,SVK,1993,34069.11
Slovakia,SVK,1994,37762.152
Slovakia,SVK,1995,39333.598
Slovakia,SVK,1996,40290.055
Slovakia,SVK,1997,42708.66
Slovakia,SVK,1998,44657.777
Slovakia,SVK,1999,45855.254
Slovakia,SVK,2000,46981.438
Slovakia,SVK,2001,47984.406
Slovakia,SVK,2002,49596.58
Slovakia,SVK,2003,50734.62
Slovakia,SVK,2004,53779.535
Slovakia,SVK,2005,56199.766
Slovakia,SVK,2006,59264.594
Slovakia,SVK,2007,64076.01
Slovakia,SVK,2008,65473.91
Slovakia,SVK,2009,63914.83
Slovakia,SVK,2010,69854.05
Slovakia,SVK,2011,70940.79
Slovakia,SVK,2012,71707.15
Slovakia,SVK,2013,72238.68
Slovakia,SVK,2014,71207.33
Slovakia,SVK,2015,74993.03
Slovakia,SVK,2016,74409.016
Slovakia,SVK,2017,75417.93
Slovakia,SVK,2018,77377.016
Slovakia,SVK,2019,78700.266
Slovakia,SVK,2020,78296.76
Slovakia,SVK,2021,81372.36
Slovakia,SVK,2022,80075.34
Slovakia,SVK,2023,81516.48
Slovakia,SVK,2024,83055.266
Slovenia,SVN,1991,53250.88
Slovenia,SVN,1992,50617.273
Slovenia,SVN,1993,52408.117
Slovenia,SVN,1994,54901.12
Slovenia,SVN,1995,56311.555
Slovenia,SVN,1996,57612.586
Slovenia,SVN,1997,59145.703
Slovenia,SVN,1998,60321.984
Slovenia,SVN,1999,64334.152
Slovenia,SVN,2000,66551.01
Slovenia,SVN,2001,67079.555
Slovenia,SVN,2002,68371.69
Slovenia,SVN,2003,72682.69
Slovenia,SVN,2004,72247.234
Slovenia,SVN,2005,74777.35
Slovenia,SVN,2006,78144.8
Slovenia,SVN,2007,81428.67
Slovenia,SVN,2008,83932.53
Slovenia,SVN,2009,78334.15
Slovenia,SVN,2010,80508.05
Slovenia,SVN,2011,83514.67
Slovenia,SVN,2012,82109.18
Slovenia,SVN,2013,82893.84
Slovenia,SVN,2014,84498.414
Slovenia,SVN,2015,86293.79
Slovenia,SVN,2016,89172.99
Slovenia,SVN,2017,89695.39
Slovenia,SVN,2018,91315.61
Slovenia,SVN,2019,94133.72
Slovenia,SVN,2020,91106.35
Slovenia,SVN,2021,97320.37
Slovenia,SVN,2022,97791.84
Slovenia,SVN,2023,99531.72
Slovenia,SVN,2024,100823.234
Solomon Islands,SLB,1991,5426.349
Solomon Islands,SLB,1992,5917.838
Solomon Islands,SLB,1993,5943.1313
Solomon Islands,SLB,1994,6218.9443
Solomon Islands,SLB,1995,6639.489
Solomon Islands,SLB,1996,6517.5454
Solomon Islands,SLB,1997,6239.088
Solomon Islands,SLB,1998,6115.0693
Solomon Islands,SLB,1999,5881.8193
Solomon Islands,SLB,2000,4866.3564
Solomon Islands,SLB,2001,4349.611
Solomon Islands,SLB,2002,4114.407
Solomon Islands,SLB,2003,4266.9165
Solomon Islands,SLB,2004,4487.123
Solomon Islands,SLB,2005,4714.2656
Solomon Islands,SLB,2006,4811.636
Solomon Islands,SLB,2007,4892.3296
Solomon Islands,SLB,2008,5105.705
Solomon Islands,SLB,2009,5149.256
Solomon Islands,SLB,2010,5472.2144
Solomon Islands,SLB,2011,5641.4287
Solomon Islands,SLB,2012,5535.428
Solomon Islands,SLB,2013,5584.8086
Solomon Islands,SLB,2014,5427.0825
Solomon Islands,SLB,2015,5300.0435
Solomon Islands,SLB,2016,5383.418
Solomon Islands,SLB,2017,5335.9443
Solomon Islands,SLB,2018,5273.7197
Solomon Islands,SLB,2019,5201.217
Solomon Islands,SLB,2020,4944.477
Solomon Islands,SLB,2021,4914.2437
Solomon Islands,SLB,2022,4864.6855
Solomon Islands,SLB,2023,4846.6426
Solomon Islands,SLB,2024,4823.041
Somalia,SOM,1991,5756.9707
Somalia,SOM,1992,5518.941
Somalia,SOM,1993,5569.346
Somalia,SOM,1994,4384.044
Somalia,SOM,1995,4391.642
Somalia,SOM,1996,4576.569
Somalia,SOM,1997,4454.9863
Somalia,SOM,1998,4555.3896
Somalia,SOM,1999,4699.8755
Somalia,SOM,2000,4830.3564
Somalia,SOM,2001,4982.193
Somalia,SOM,2002,5170.1865
Somalia,SOM,2003,5369.653
Somalia,SOM,2004,5547.027
Somalia,SOM,2005,5755.487
Somalia,SOM,2006,5967.181
Somalia,SOM,2007,6188.001
Somalia,SOM,2008,6413.5044
Somalia,SOM,2009,6667.7046
Somalia,SOM,2010,6931.9395
Somalia,SOM,2011,7318.013
Somalia,SOM,2012,7713.4146
Somalia,SOM,2013,8268.139
Somalia,SOM,2014,8669.837
Somalia,SOM,2015,9215.583
Somalia,SOM,2016,9482.102
Somalia,SOM,2017,10445.752
Somalia,SOM,2018,10303.182
Somalia,SOM,2019,10211.629
Somalia,SOM,2020,9703.215
Somalia,SOM,2021,9686.818
Somalia,SOM,2022,9508.233
Somalia,SOM,2023,9571.765
Somalia,SOM,2024,9592.882
South Africa,ZAF,1991,34834.152
South Africa,ZAF,1992,33611.703
South Africa,ZAF,1993,33213.94
South Africa,ZAF,1994,33600.758
South Africa,ZAF,1995,34198.117
South Africa,ZAF,1996,35147.895
South Africa,ZAF,1997,35547.297
South Africa,ZAF,1998,35113.133
South Africa,ZAF,1999,35346.105
South Africa,ZAF,2000,36170.605
South Africa,ZAF,2001,36483.297
South Africa,ZAF,2002,37152.957
South Africa,ZAF,2003,37635.285
South Africa,ZAF,2004,38675.14
South Africa,ZAF,2005,40075.59
South Africa,ZAF,2006,41660.98
South Africa,ZAF,2007,43273.055
South Africa,ZAF,2008,44100.906
South Africa,ZAF,2009,44603.9
South Africa,ZAF,2010,49238.242
South Africa,ZAF,2011,48170.793
South Africa,ZAF,2012,48689.88
South Africa,ZAF,2013,48601.48
South Africa,ZAF,2014,48673.37
South Africa,ZAF,2015,47027.863
South Africa,ZAF,2016,47571.48
South Africa,ZAF,2017,47429.98
South Africa,ZAF,2018,47535.31
South Africa,ZAF,2019,47461.54
South Africa,ZAF,2020,46936.82
South Africa,ZAF,2021,50773.645
South Africa,ZAF,2022,49209.156
South Africa,ZAF,2023,46605.04
South Africa,ZAF,2024,46906.434
South Asia (WB),,1991,6754.969
South Asia (WB),,1992,6943.16
South Asia (WB),,1993,7091.184
South Asia (WB),,1994,7341.4893
South Asia (WB),,1995,7636.1484
South Asia (WB),,1996,7924.3545
South Asia (WB),,1997,8012.0493
South Asia (WB),,1998,8229.723
South Asia (WB),,1999,8643.303
South Asia (WB),,2000,8735.472
South Asia (WB),,2001,8945.902
South Asia (WB),,2002,9102.64
South Asia (WB),,2003,9581.837
South Asia (WB),,2004,10095.863
South Asia (WB),,2005,10651.649
South Asia (WB),,2006,11396.529
South Asia (WB),,2007,12174.324
South Asia (WB),,2008,12532.417
South Asia (WB),,2009,13383.99
South Asia (WB),,2010,14347.016
South Asia (WB),,2011,14989.987
South Asia (WB),,2012,15706.474
South Asia (WB),,2013,16440.492
South Asia (WB),,2014,17345.727
South Asia (WB),,2015,18379.258
South Asia (WB),,2016,19537.14
South Asia (WB),,2017,20454.193
South Asia (WB),,2018,21458.35
South Asia (WB),,2019,21793.74
South Asia (WB),,2020,20938.45
South Asia (WB),,2021,21836.29
South Asia (WB),,2022,22329.941
South Asia (WB),,2023,23343.754
South Asia (WB),,2024,24086.629
South Korea,KOR,1991,34601.684
South Korea,KOR,1992,35977.023
South Korea,KOR,1993,37956.41
South Korea,KOR,1994,40149.105
South Korea,KOR,1995,42828.703
South Korea,KOR,1996,45256.3
South Korea,KOR,1997,47273.902
South Korea,KOR,1998,47737.836
South Korea,KOR,1999,52288.496
South Korea,KOR,2000,54522.164
South Korea,KOR,2001,56030.043
South Korea,KOR,2002,58901.586
South Korea,KOR,2003,60868.656
South Korea,KOR,2004,62785.094
South Korea,KOR,2005,65275.52
South Korea,KOR,2006,67834.92
South Korea,KOR,2007,70889.4
South Korea,KOR,2008,72506.38
South Korea,KOR,2009,73212.39
South Korea,KOR,2010,77120.99
South Korea,KOR,2011,78127.266
South Korea,KOR,2012,78494.59
South Korea,KOR,2013,79710.766
South Korea,KOR,2014,80170.17
South Korea,KOR,2015,81570.5
South Korea,KOR,2016,83276.375
South Korea,KOR,2017,84949.18
South Korea,KOR,2018,87104.586
South Korea,KOR,2019,88038.61
South Korea,KOR,2020,88176.32
South Korea,KOR,2021,91079.984
South Korea,KOR,2022,90674.36
South Korea,KOR,2023,90534.49
Spain,ESP,1991,96046.88
Spain,ESP,1992,97634.695
Spain,ESP,1993,100713.4
Spain,ESP,1994,103734.77
Spain,ESP,1995,103689.695
Spain,ESP,1996,103961.27
Spain,ESP,1997,103736.09
Spain,ESP,1998,103950.52
Spain,ESP,1999,102587.97
Spain,ESP,2000,102839.03
Spain,ESP,2001,103432.484
Spain,ESP,2002,102541.14
Spain,ESP,2003,101594.94
Spain,ESP,2004,101033.375
Spain,ESP,2005,98615.266
Spain,ESP,2006,98510.03
Spain,ESP,2007,99084.3
Spain,ESP,2008,100427.95
Spain,ESP,2009,103355.33
Spain,ESP,2010,105496.69
Spain,ESP,2011,106564.414
Spain,ESP,2012,108128.07
Spain,ESP,2013,109378.03
Spain,ESP,2014,109657.83
Spain,ESP,2015,110847.55
Spain,ESP,2016,111018.76
Spain,ESP,2017,111039.89
Spain,ESP,2018,111147.64
Spain,ESP,2019,110743.21
Spain,ESP,2020,101656.8
Spain,ESP,2021,105019.266
Spain,ESP,2022,107370.125
Spain,ESP,2023,107700.836
Spain,ESP,2024,109264.64
Sri Lanka,LKA,1991,13831.3
Sri Lanka,LKA,1992,14598.782
Sri Lanka,LKA,1993,15079.912
Sri Lanka,LKA,1994,15298.482
Sri Lanka,LKA,1995,16203.327
Sri Lanka,LKA,1996,16048.101
Sri Lanka,LKA,1997,16553.145
Sri Lanka,LKA,1998,15635.676
Sri Lanka,LKA,1999,16291.078
Sri Lanka,LKA,2000,17177.006
Sri Lanka,LKA,2001,16658.064
Sri Lanka,LKA,2002,17301.719
Sri Lanka,LKA,2003,18110.053
Sri Lanka,LKA,2004,19037.959
Sri Lanka,LKA,2005,19994.443
Sri Lanka,LKA,2006,21178.705
Sri Lanka,LKA,2007,22407.076
Sri Lanka,LKA,2008,23470.713
Sri Lanka,LKA,2009,24392.238
Sri Lanka,LKA,2010,25979.56
Sri Lanka,LKA,2011,28047.803
Sri Lanka,LKA,2012,30279.021
Sri Lanka,LKA,2013,32760.234
Sri Lanka,LKA,2014,34747.47
Sri Lanka,LKA,2015,34541.72
Sri Lanka,LKA,2016,35636.016
Sri Lanka,LKA,2017,37122.97
Sri Lanka,LKA,2018,39219.258
Sri Lanka,LKA,2019,38492.305
Sri Lanka,LKA,2020,37906.492
Sri Lanka,LKA,2021,39270.7
Sri Lanka,LKA,2022,36098.26
Sri Lanka,LKA,2023,35813.215
Sri Lanka,LKA,2024,37328.984
Sub-Saharan Africa (WB),,1991,8722.298
Sub-Saharan Africa (WB),,1992,8440.232
Sub-Saharan Africa (WB),,1993,8121.845
Sub-Saharan Africa (WB),,1994,7957.191
Sub-Saharan Africa (WB),,1995,7997.2764
Sub-Saharan Africa (WB),,1996,8190.0845
Sub-Saharan Africa (WB),,1997,8316.112
Sub-Saharan Africa (WB),,1998,8304.059
Sub-Saharan Africa (WB),,1999,8267.372
Sub-Saharan Africa (WB),,2000,8315.463
Sub-Saharan Africa (WB),,2001,8428.7295
Sub-Saharan Africa (WB),,2002,8693.808
Sub-Saharan Africa (WB),,2003,8800.055
Sub-Saharan Africa (WB),,2004,9123.0205
Sub-Saharan Africa (WB),,2005,9416.1045
Sub-Saharan Africa (WB),,2006,9731.957
Sub-Saharan Africa (WB),,2007,10072.398
Sub-Saharan Africa (WB),,2008,10344.979
Sub-Saharan Africa (WB),,2009,10415.617
Sub-Saharan Africa (WB),,2010,10824.796
Sub-Saharan Africa (WB),,2011,10971.243
Sub-Saharan Africa (WB),,2012,11084.608
Sub-Saharan Africa (WB),,2013,11302.001
Sub-Saharan Africa (WB),,2014,11621.375
Sub-Saharan Africa (WB),,2015,11700.635
Sub-Saharan Africa (WB),,2016,11600.363
Sub-Saharan Africa (WB),,2017,11667.884
Sub-Saharan Africa (WB),,2018,11699.401
Sub-Saharan Africa (WB),,2019,11739.264
Sub-Saharan Africa (WB),,2020,11420.87
Sub-Saharan Africa (WB),,2021,11524.881
Sub-Saharan Africa (WB),,2022,11492.974
Sub-Saharan Africa (WB),,2023,11372.832
Sub-Saharan Africa (WB),,2024,11482.938
Sudan,SDN,1991,13808.024
Sudan,SDN,1992,14386.612
Sudan,SDN,1993,14618.482
Sudan,SDN,1994,14331.929
Sudan,SDN,1995,14696.505
Sudan,SDN,1996,15091.237
Sudan,SDN,1997,17434.406
Sudan,SDN,1998,17784.377
Sudan,SDN,1999,17948.69
Sudan,SDN,2000,18727.588
Sudan,SDN,2001,19512.787
Sudan,SDN,2002,20243.537
Sudan,SDN,2003,21127.742
Sudan,SDN,2004,21839.527
Sudan,SDN,2005,22651.27
Sudan,SDN,2006,23667.35
Sudan,SDN,2007,24510.39
Sudan,SDN,2008,24899.904
Sudan,SDN,2009,22659.232
Sudan,SDN,2010,23494.617
Sudan,SDN,2011,22880.486
Sudan,SDN,2012,18810.678
Sudan,SDN,2013,18934.54
Sudan,SDN,2014,19431.846
Sudan,SDN,2015,19284.11
Sudan,SDN,2016,19529.494
Sudan,SDN,2017,19156.137
Sudan,SDN,2018,18145.533
Sudan,SDN,2019,17418.8
Sudan,SDN,2020,16857.41
Sudan,SDN,2021,16262.3125
Sudan,SDN,2022,15276.647
Suriname,SUR,1991,69681.336
Suriname,SUR,1992,69602.66
Suriname,SUR,1993,63744.42
Suriname,SUR,1994,63029.28
Suriname,SUR,1995,58839.145
Suriname,SUR,1996,59635.117
Suriname,SUR,1997,61250.22
Suriname,SUR,1998,61105.95
Suriname,SUR,1999,60742.97
Suriname,SUR,2000,58941.02
Suriname,SUR,2001,58327.82
Suriname,SUR,2002,57019.113
Suriname,SUR,2003,57767.13
Suriname,SUR,2004,60241.082
Suriname,SUR,2005,61359.836
Suriname,SUR,2006,63295.293
Suriname,SUR,2007,64905.94
Suriname,SUR,2008,65860.62
Suriname,SUR,2009,66124.445
Suriname,SUR,2010,66674.695
Suriname,SUR,2011,69081.12
Suriname,SUR,2012,69542.52
Suriname,SUR,2013,68611.14
Suriname,SUR,2014,67244.11
Suriname,SUR,2015,63454.863
Suriname,SUR,2016,59232.312
Suriname,SUR,2017,59181.49
Suriname,SUR,2018,60869
Suriname,SUR,2019,60561.086
Suriname,SUR,2020,53405.418
Suriname,SUR,2021,50802.305
Suriname,SUR,2022,51129.453
Suriname,SUR,2023,51380.668
Suriname,SUR,2024,52024.336
Sweden,SWE,1991,75168.516
Sweden,SWE,1992,77662.125
Sweden,SWE,1993,80639.43
Sweden,SWE,1994,84689.77
Sweden,SWE,1995,86402.75
Sweden,SWE,1996,88634.664
Sweden,SWE,1997,92481.13
Sweden,SWE,1998,95725.03
Sweden,SWE,1999,97297.414
Sweden,SWE,2000,100146.91
Sweden,SWE,2001,99152.82
Sweden,SWE,2002,101186.18
Sweden,SWE,2003,103133.42
Sweden,SWE,2004,108424.64
Sweden,SWE,2005,110507.69
Sweden,SWE,2006,113534.57
Sweden,SWE,2007,114227.48
Sweden,SWE,2008,111866.85
Sweden,SWE,2009,109383.37
Sweden,SWE,2010,115268.75
Sweden,SWE,2011,116450.25
Sweden,SWE,2012,115512.32
Sweden,SWE,2013,115593.875
Sweden,SWE,2014,117141.24
Sweden,SWE,2015,120545.55
Sweden,SWE,2016,121229.086
Sweden,SWE,2017,121054.44
Sweden,SWE,2018,121389.87
Sweden,SWE,2019,123710.016
Sweden,SWE,2020,123001.88
Sweden,SWE,2021,129612.305
Sweden,SWE,2022,127769.38
Sweden,SWE,2023,126414.445
Sweden,SWE,2024,128256.805
Switzerland,CHE,1991,118863.53
Switzerland,CHE,1992,118507.35
Switzerland,CHE,1993,118416.96
Switzerland,CHE,1994,121069.03
Switzerland,CHE,1995,120152.836
Switzerland,CHE,1996,114952.36
Switzerland,CHE,1997,117939.77
Switzerland,CHE,1998,119395.016
Switzerland,CHE,1999,120269.96
Switzerland,CHE,2000,124482.09
Switzerland,CHE,2001,124145.18
Switzerland,CHE,2002,123264.21
Switzerland,CHE,2003,123357.56
Switzerland,CHE,2004,126840.47
Switzerland,CHE,2005,129874.336
Switzerland,CHE,2006,132585.44
Switzerland,CHE,2007,135053.73
Switzerland,CHE,2008,135176.02
Switzerland,CHE,2009,131051.62
Switzerland,CHE,2010,137260.83
Switzerland,CHE,2011,136446.97
Switzerland,CHE,2012,136433.86
Switzerland,CHE,2013,137528.05
Switzerland,CHE,2014,138322.55
Switzerland,CHE,2015,138474.22
Switzerland,CHE,2016,139096.17
Switzerland,CHE,2017,139845.25
Switzerland,CHE,2018,142685.25
Switzerland,CHE,2019,143411.17
Switzerland,CHE,2020,140669.81
Switzerland,CHE,2021,148833.52
Switzerland,CHE,2022,152542.94
Switzerland,CHE,2023,149788.8
Switzerland,CHE,2024,149970.22
Syria,SYR,1991,23546.48
Syria,SYR,1992,25887.13
Syria,SYR,1993,26609.502
Syria,SYR,1994,27929.67
Syria,SYR,1995,29194.326
Syria,SYR,1996,30856.586
Syria,SYR,1997,31234.783
Syria,SYR,1998,32143.322
Syria,SYR,1999,29681.674
Syria,SYR,2000,29183.102
Syria,SYR,2001,29715.645
Syria,SYR,2002,30204.111
Syria,SYR,2003,31695.77
Syria,SYR,2004,32986.695
Syria,SYR,2005,34113.35
Syria,SYR,2006,34102.36
Syria,SYR,2007,34434.625
Syria,SYR,2008,35977.86
Syria,SYR,2009,36958.652
Syria,SYR,2010,38309.78
Syria,SYR,2011,38064.16
Syria,SYR,2012,33310.934
Syria,SYR,2013,27619.268
Syria,SYR,2014,27491.611
Syria,SYR,2015,27757.36
Syria,SYR,2016,25965.066
Syria,SYR,2017,25231.834
Syria,SYR,2018,24429.012
Syria,SYR,2019,22931.652
Syria,SYR,2020,22183.4
Syria,SYR,2021,21468.947
Syria,SYR,2022,19852.52
Syria,SYR,2023,18225.736
Tajikistan,TJK,1991,15356.297
Tajikistan,TJK,1992,10751.754
Tajikistan,TJK,1993,9000.97
Tajikistan,TJK,1994,7025.1826
Tajikistan,TJK,1995,6050.1772
Tajikistan,TJK,1996,4958.756
Tajikistan,TJK,1997,4949.132
Tajikistan,TJK,1998,5154.819
Tajikistan,TJK,1999,5241.0815
Tajikistan,TJK,2000,5516.523
Tajikistan,TJK,2001,5826.2046
Tajikistan,TJK,2002,6261.2583
Tajikistan,TJK,2003,6724.3745
Tajikistan,TJK,2004,7130.352
Tajikistan,TJK,2005,7450.82
Tajikistan,TJK,2006,7825.0767
Tajikistan,TJK,2007,8309.582
Tajikistan,TJK,2008,9276.844
Tajikistan,TJK,2009,9915.685
Tajikistan,TJK,2010,10313.262
Tajikistan,TJK,2011,10823.056
Tajikistan,TJK,2012,11337.337
Tajikistan,TJK,2013,11850.186
Tajikistan,TJK,2014,12312.888
Tajikistan,TJK,2015,12724.847
Tajikistan,TJK,2016,13262.744
Tajikistan,TJK,2017,13988.83
Tajikistan,TJK,2018,14852.203
Tajikistan,TJK,2019,15756.581
Tajikistan,TJK,2020,16432.877
Tajikistan,TJK,2021,17427.393
Tajikistan,TJK,2022,18259.25
Tajikistan,TJK,2023,19311.625
Tajikistan,TJK,2024,20501.213
Tanzania,TZA,1991,3857.1956
Tanzania,TZA,1992,3775.7632
Tanzania,TZA,1993,3684.3271
Tanzania,TZA,1994,3560.504
Tanzania,TZA,1995,3545.9163
Tanzania,TZA,1996,3642.7476
Tanzania,TZA,1997,3698.2275
Tanzania,TZA,1998,3728.554
Tanzania,TZA,1999,3799.7302
Tanzania,TZA,2000,3850.1902
Tanzania,TZA,2001,3968.2307
Tanzania,TZA,2002,4126.7964
Tanzania,TZA,2003,4273.696
Tanzania,TZA,2004,4460.8853
Tanzania,TZA,2005,4656.8154
Tanzania,TZA,2006,4819.3003
Tanzania,TZA,2007,5025.4824
Tanzania,TZA,2008,5194.7573
Tanzania,TZA,2009,5366.1704
Tanzania,TZA,2010,5634.469
Tanzania,TZA,2011,5954.744
Tanzania,TZA,2012,6055.949
Tanzania,TZA,2013,6281.0195
Tanzania,TZA,2014,6474.7188
Tanzania,TZA,2015,6629.204
Tanzania,TZA,2016,6818.507
Tanzania,TZA,2017,7016.6484
Tanzania,TZA,2018,7154.782
Tanzania,TZA,2019,7335.288
Tanzania,TZA,2020,7558.805
Tanzania,TZA,2021,7328.7954
Tanzania,TZA,2022,7387.9307
Tanzania,TZA,2023,7510.7466
Tanzania,TZA,2024,7677.6807
Thailand,THA,1991,17870.83
Thailand,THA,1992,18625.62
Thailand,THA,1993,19758.98
Thailand,THA,1994,20882.844
Thailand,THA,1995,21965.621
Thailand,THA,1996,22655.527
Thailand,THA,1997,21566.604
Thailand,THA,1998,20284.66
Thailand,THA,1999,21051.672
Thailand,THA,2000,21408.63
Thailand,THA,2001,21801.088
Thailand,THA,2002,22688.307
Thailand,THA,2003,23978.201
Thailand,THA,2004,25121.303
Thailand,THA,2005,25768.65
Thailand,THA,2006,26859.324
Thailand,THA,2007,27792.764
Thailand,THA,2008,27914.28
Thailand,THA,2009,27483.188
Thailand,THA,2010,29419.45
Thailand,THA,2011,28698.03
Thailand,THA,2012,30555.535
Thailand,THA,2013,32192.098
Thailand,THA,2014,32381.924
Thailand,THA,2015,33361.848
Thailand,THA,2016,34706.258
Thailand,THA,2017,36301.277
Thailand,THA,2018,37364.44
Thailand,THA,2019,38366.156
Thailand,THA,2020,35914.62
Thailand,THA,2021,36345.69
Thailand,THA,2022,36892.934
Thailand,THA,2023,37582.562
Thailand,THA,2024,38616.367
Togo,TGO,1991,6677.9204
Togo,TGO,1992,6225.5703
Togo,TGO,1993,5318.962
Togo,TGO,1994,6058.1865
Togo,TGO,1995,6225.25
Togo,TGO,1996,6485.3105
Togo,TGO,1997,7163.128
Togo,TGO,1998,6788
Togo,TGO,1999,6747.1353
Togo,TGO,2000,6511.5557
Togo,TGO,2001,6377.955
Togo,TGO,2002,6444.335
Togo,TGO,2003,6687.1865
Togo,TGO,2004,6445.7803
Togo,TGO,2005,5990.061
Togo,TGO,2006,5973.8403
Togo,TGO,2007,5701.724
Togo,TGO,2008,5727.3403
Togo,TGO,2009,5843.105
Togo,TGO,2010,5992.873
Togo,TGO,2011,6150.5317
Togo,TGO,2012,6372.3936
Togo,TGO,2013,6574.2666
Togo,TGO,2014,6770.322
Togo,TGO,2015,6960.694
Togo,TGO,2016,7121.8066
Togo,TGO,2017,7272.832
Togo,TGO,2018,7359.218
Togo,TGO,2019,7455.933
Togo,TGO,2020,7485.064
Togo,TGO,2021,7686.78
Togo,TGO,2022,7818.5312
Togo,TGO,2023,8072.663
Togo,TGO,2024,8266.552
Tonga,TON,1991,14344.541
Tonga,TON,1992,14060.032
Tonga,TON,1993,14258.4375
Tonga,TON,1994,14709.193
Tonga,TON,1995,15672.325
Tonga,TON,1996,15767.007
Tonga,TON,1997,15661.595
Tonga,TON,1998,15931.161
Tonga,TON,1999,16213.839
Tonga,TON,2000,16774.26
Tonga,TON,2001,16997.361
Tonga,TON,2002,17751.707
Tonga,TON,2003,17782.879
Tonga,TON,2004,17182.643
Tonga,TON,2005,16818.398
Tonga,TON,2006,16208.518
Tonga,TON,2007,15795.918
Tonga,TON,2008,16523.191
Tonga,TON,2009,15669.806
Tonga,TON,2010,15803.223
Tonga,TON,2011,16895.234
Tonga,TON,2012,17121.451
Tonga,TON,2013,17306.525
Tonga,TON,2014,17806.727
Tonga,TON,2015,18156.26
Tonga,TON,2016,19520.975
Tonga,TON,2017,20278.883
Tonga,TON,2018,20480.924
Tonga,TON,2019,20396.918
Tonga,TON,2020,21081.482
Tonga,TON,2021,21067.828
Tonga,TON,2022,20815.193
Tonga,TON,2023,21540.31
Trinidad and Tobago,TTO,1991,37861.508
Trinidad and Tobago,TTO,1992,41305.176
Trinidad and Tobago,TTO,1993,40455.508
Trinidad and Tobago,TTO,1994,39812.527
Trinidad and Tobago,TTO,1995,39406.08
Trinidad and Tobago,TTO,1996,40440.77
Trinidad and Tobago,TTO,1997,41942.906
Trinidad and Tobago,TTO,1998,43990.676
Trinidad and Tobago,TTO,1999,46084.887
Trinidad and Tobago,TTO,2000,47909.79
Trinidad and Tobago,TTO,2001,48400.88
Trinidad and Tobago,TTO,2002,51124.457
Trinidad and Tobago,TTO,2003,56655.055
Trinidad and Tobago,TTO,2004,57870.316
Trinidad and Tobago,TTO,2005,62053.324
Trinidad and Tobago,TTO,2006,68295.86
Trinidad and Tobago,TTO,2007,70909.89
Trinidad and Tobago,TTO,2008,72175.734
Trinidad and Tobago,TTO,2009,70086.086
Trinidad and Tobago,TTO,2010,72104.42
Trinidad and Tobago,TTO,2011,71883.57
Trinidad and Tobago,TTO,2012,75378.484
Trinidad and Tobago,TTO,2013,76586.14
Trinidad and Tobago,TTO,2014,78559.23
Trinidad and Tobago,TTO,2015,78760.09
Trinidad and Tobago,TTO,2016,74352.586
Trinidad and Tobago,TTO,2017,71187.36
Trinidad and Tobago,TTO,2018,70658.945
Trinidad and Tobago,TTO,2019,71117.95
Trinidad and Tobago,TTO,2020,67315.03
Trinidad and Tobago,TTO,2021,67825.734
Trinidad and Tobago,TTO,2022,67554.34
Trinidad and Tobago,TTO,2023,68300.98
Trinidad and Tobago,TTO,2024,69900.55
Tunisia,TUN,1991,26380.557
Tunisia,TUN,1992,27502.414
Tunisia,TUN,1993,27358.848
Tunisia,TUN,1994,27435.215
Tunisia,TUN,1995,27438.71
Tunisia,TUN,1996,28539.219
Tunisia,TUN,1997,29279.633
Tunisia,TUN,1998,30006.602
Tunisia,TUN,1999,31211.336
Tunisia,TUN,2000,32066.564
Tunisia,TUN,2001,32577.748
Tunisia,TUN,2002,32598.951
Tunisia,TUN,2003,33663.688
Tunisia,TUN,2004,35202.188
Tunisia,TUN,2005,35450.98
Tunisia,TUN,2006,36224.6
Tunisia,TUN,2007,37877.496
Tunisia,TUN,2008,38784.992
Tunisia,TUN,2009,39528.39
Tunisia,TUN,2010,39853
Tunisia,TUN,2011,40905.797
Tunisia,TUN,2012,41283.06
Tunisia,TUN,2013,41437.85
Tunisia,TUN,2014,41633.555
Tunisia,TUN,2015,42196.348
Tunisia,TUN,2016,42287.37
Tunisia,TUN,2017,42952.992
Tunisia,TUN,2018,42756.137
Tunisia,TUN,2019,42985.395
Tunisia,TUN,2020,41254.54
Tunisia,TUN,2021,42727.535
Tunisia,TUN,2022,42941.61
Tunisia,TUN,2023,42981.465
Tunisia,TUN,2024,43858.742
Turkey,TUR,1991,35126.66
Turkey,TUR,1992,36762.367
Turkey,TUR,1993,41641.25
Turkey,TUR,1994,36783.094
Turkey,TUR,1995,38685.605
Turkey,TUR,1996,40392.777
Turkey,TUR,1997,43487.676
Turkey,TUR,1998,43347.63
Turkey,TUR,1999,41453.223
Turkey,TUR,2000,45217.637
Turkey,TUR,2001,42741.66
Turkey,TUR,2002,45847.062
Turkey,TUR,2003,48947.094
Turkey,TUR,2004,55318.344
Turkey,TUR,2005,59022.26
Turkey,TUR,2006,62074.74
Turkey,TUR,2007,64867.395
Turkey,TUR,2008,63815.355
Turkey,TUR,2009,60405.227
Turkey,TUR,2010,61388.824
Turkey,TUR,2011,63968.42
Turkey,TUR,2012,65299.06
Turkey,TUR,2013,68734.44
Turkey,TUR,2014,71368.76
Turkey,TUR,2015,73490.26
Turkey,TUR,2016,74102.1
Turkey,TUR,2017,77179.53
Turkey,TUR,2018,77705.53
Turkey,TUR,2019,79939.22
Turkey,TUR,2020,85757.69
Turkey,TUR,2021,89444.56
Turkey,TUR,2022,88599.5
Turkey,TUR,2023,90796.234
Turkey,TUR,2024,91374.875
Turkmenistan,TKM,1991,24913.129
Turkmenistan,TKM,1992,20236.752
Turkmenistan,TKM,1993,20020.719
Turkmenistan,TKM,1994,16217.6455
Turkmenistan,TKM,1995,15080.156
Turkmenistan,TKM,1996,16178.554
Turkmenistan,TKM,1997,13790.572
Turkmenistan,TKM,1998,14674.688
Turkmenistan,TKM,1999,17007.035
Turkmenistan,TKM,2000,17238.336
Turkmenistan,TKM,2001,17303.422
Turkmenistan,TKM,2002,16627.33
Turkmenistan,TKM,2003,16520.857
Turkmenistan,TKM,2004,16739.674
Turkmenistan,TKM,2005,18434.436
Turkmenistan,TKM,2006,19901.115
Turkmenistan,TKM,2007,21510.55
Turkmenistan,TKM,2008,24103.494
Turkmenistan,TKM,2009,24778.592
Turkmenistan,TKM,2010,26528.348
Turkmenistan,TKM,2011,29973.426
Turkmenistan,TKM,2012,32705.945
Turkmenistan,TKM,2013,35401.2
Turkmenistan,TKM,2014,38392.29
Turkmenistan,TKM,2015,40142.098
Turkmenistan,TKM,2016,41887.594
Turkmenistan,TKM,2017,43886.688
Turkmenistan,TKM,2018,45888.47
Turkmenistan,TKM,2019,48070.49
Turkmenistan,TKM,2020,51693.93
Turkmenistan,TKM,2021,53756.406
Turkmenistan,TKM,2022,54656.227
Turkmenistan,TKM,2023,57172.79
Turkmenistan,TKM,2024,57512.83
Uganda,UGA,1991,3003.4521
Uganda,UGA,1992,3006.3906
Uganda,UGA,1993,3147.7122
Uganda,UGA,1994,3242.8772
Uganda,UGA,1995,3530.5125
Uganda,UGA,1996,3767.0396
Uganda,UGA,1997,3860.1438
Uganda,UGA,1998,3949.1904
Uganda,UGA,1999,4138.375
Uganda,UGA,2000,4143.3486
Uganda,UGA,2001,4232.4653
Uganda,UGA,2002,4464.2637
Uganda,UGA,2003,4612.011
Uganda,UGA,2004,4741.3857
Uganda,UGA,2005,4860.6484
Uganda,UGA,2006,5255.688
Uganda,UGA,2007,5557.6743
Uganda,UGA,2008,5887.6816
Uganda,UGA,2009,6134.9683
Uganda,UGA,2010,6284.953
Uganda,UGA,2011,6080.5186
Uganda,UGA,2012,5829.668
Uganda,UGA,2013,5681.217
Uganda,UGA,2014,6362.6147
Uganda,UGA,2015,6645.665
Uganda,UGA,2016,6910.178
Uganda,UGA,2017,7093.28
Uganda,UGA,2018,6806.3184
Uganda,UGA,2019,6622.219
Uganda,UGA,2020,6463.767
Uganda,UGA,2021,6354.7954
Uganda,UGA,2022,6213.312
Uganda,UGA,2023,6336.5767
Uganda,UGA,2024,6505.077
Ukraine,UKR,1991,45539.58
Ukraine,UKR,1992,41006.23
Ukraine,UKR,1993,35263.95
Ukraine,UKR,1994,27346.725
Ukraine,UKR,1995,25118.86
Ukraine,UKR,1996,23275.377
Ukraine,UKR,1997,23047.984
Ukraine,UKR,1998,23332.164
Ukraine,UKR,1999,23523.83
Ukraine,UKR,2000,24980.686
Ukraine,UKR,2001,27096.268
Ukraine,UKR,2002,28349.393
Ukraine,UKR,2003,30792.32
Ukraine,UKR,2004,34408.957
Ukraine,UKR,2005,35180.227
Ukraine,UKR,2006,37938.434
Ukraine,UKR,2007,40610.367
Ukraine,UKR,2008,41696.215
Ukraine,UKR,2009,36508.27
Ukraine,UKR,2010,37859.273
Ukraine,UKR,2011,39982.152
Ukraine,UKR,2012,40064.168
Ukraine,UKR,2013,40102.535
Ukraine,UKR,2014,37122
Ukraine,UKR,2015,33665.055
Ukraine,UKR,2016,34764.105
Ukraine,UKR,2017,35835.73
Ukraine,UKR,2018,36994.844
Ukraine,UKR,2019,38113.504
Ukraine,UKR,2020,38229.344
Ukraine,UKR,2021,40308.336
United Arab Emirates,ARE,1991,197276.39
United Arab Emirates,ARE,1992,190877.89
United Arab Emirates,ARE,1993,181247.92
United Arab Emirates,ARE,1994,182163.4
United Arab Emirates,ARE,1995,183043.14
United Arab Emirates,ARE,1996,180031.48
United Arab Emirates,ARE,1997,179141.31
United Arab Emirates,ARE,1998,165396.44
United Arab Emirates,ARE,1999,156853.78
United Arab Emirates,ARE,2000,160502.88
United Arab Emirates,ARE,2001,150722.16
United Arab Emirates,ARE,2002,143386.3
United Arab Emirates,ARE,2003,145511.05
United Arab Emirates,ARE,2004,149058.94
United Arab Emirates,ARE,2005,146743.05
United Arab Emirates,ARE,2006,148329.36
United Arab Emirates,ARE,2007,135729.02
United Arab Emirates,ARE,2008,125047.9
United Arab Emirates,ARE,2009,112155.55
United Arab Emirates,ARE,2010,111053.34
United Arab Emirates,ARE,2011,113406.74
United Arab Emirates,ARE,2012,110415.4
United Arab Emirates,ARE,2013,110852.9
United Arab Emirates,ARE,2014,109628.55
United Arab Emirates,ARE,2015,110228.66
United Arab Emirates,ARE,2016,109939.28
United Arab Emirates,ARE,2017,107709.74
United Arab Emirates,ARE,2018,106890.6
United Arab Emirates,ARE,2019,106486.32
United Arab Emirates,ARE,2020,104590.555
United Arab Emirates,ARE,2021,108126.055
United Arab Emirates,ARE,2022,109902.766
United Arab Emirates,ARE,2023,108156.445
United Arab Emirates,ARE,2024,107503.5
United Kingdom,GBR,1991,73934.31
United Kingdom,GBR,1992,75702.71
United Kingdom,GBR,1993,78651.445
United Kingdom,GBR,1994,81128.125
United Kingdom,GBR,1995,82304.28
United Kingdom,GBR,1996,83570.55
United Kingdom,GBR,1997,86103.71
United Kingdom,GBR,1998,88002.78
United Kingdom,GBR,1999,89632.83
United Kingdom,GBR,2000,92095.445
United Kingdom,GBR,2001,93526.016
United Kingdom,GBR,2002,94479.055
United Kingdom,GBR,2003,96503.67
United Kingdom,GBR,2004,97922.74
United Kingdom,GBR,2005,99610.13
United Kingdom,GBR,2006,100959.17
United Kingdom,GBR,2007,102828.65
United Kingdom,GBR,2008,101657.875
United Kingdom,GBR,2009,98507.22
United Kingdom,GBR,2010,100514.625
United Kingdom,GBR,2011,101131.375
United Kingdom,GBR,2012,101697.875
United Kingdom,GBR,2013,102265.14
United Kingdom,GBR,2014,103069.07
United Kingdom,GBR,2015,103527.086
United Kingdom,GBR,2016,103797.914
United Kingdom,GBR,2017,105605.53
United Kingdom,GBR,2018,105860.45
United Kingdom,GBR,2019,106437.78
United Kingdom,GBR,2020,96190.48
United Kingdom,GBR,2021,105287.586
United Kingdom,GBR,2022,107929.38
United Kingdom,GBR,2023,107158.92
United Kingdom,GBR,2024,107228.59
United States,USA,1991,92226.414
United States,USA,1992,94644.53
United States,USA,1993,95590.49
United States,USA,1994,96895.42
United States,USA,1995,97546.766
United States,USA,1996,99446.03
United States,USA,1997,101487.664
United States,USA,1998,104208.95
United States,USA,1999,107377.61
United States,USA,2000,109932.25
United States,USA,2001,111034.53
United States,USA,2002,113396.81
United States,USA,2003,116237.53
United States,USA,2004,119148.83
United States,USA,2005,121196.234
United States,USA,2006,122255.2
United States,USA,2007,123651
United States,USA,2008,123985.51
United States,USA,2009,125344.45
United States,USA,2010,129284.29
United States,USA,2011,130147.266
United States,USA,2012,130909.12
United States,USA,2013,132306.48
United States,USA,2014,133281.61
United States,USA,2015,135038.95
United States,USA,2016,135265.25
United States,USA,2017,136420.19
United States,USA,2018,138621.23
United States,USA,2019,140255.89
United States,USA,2020,145799.89
United States,USA,2021,149654.67
United States,USA,2022,148651.62
United States,USA,2023,150436.44
United States,USA,2024,153724.52
United States Virgin Islands,VIR,2002,132635.97
United States Virgin Islands,VIR,2003,134861.16
United States Virgin Islands,VIR,2004,133706.6
United States Virgin Islands,VIR,2005,135202.39
United States Virgin Islands,VIR,2006,137566.19
United States Virgin Islands,VIR,2007,140496.5
United States Virgin Islands,VIR,2008,142072.66
United States Virgin Islands,VIR,2009,134274.56
United States Virgin Islands,VIR,2010,139179.19
United States Virgin Islands,VIR,2011,126510.445
United States Virgin Islands,VIR,2012,109710.96
United States Virgin Islands,VIR,2013,109368.79
United States Virgin Islands,VIR,2014,108795.695
United States Virgin Islands,VIR,2015,103414.85
United States Virgin Islands,VIR,2016,105231.125
United States Virgin Islands,VIR,2017,102082.55
United States Virgin Islands,VIR,2018,111244.92
United States Virgin Islands,VIR,2019,119991.805
United States Virgin Islands,VIR,2020,120763.04
United States Virgin Islands,VIR,2021,122287.305
United States Virgin Islands,VIR,2022,117998.23
Upper-middle-income countries,,1991,12671.266
Upper-middle-income countries,,1992,12902.848
Upper-middle-income countries,,1993,13351.552
Upper-middle-income countries,,1994,13693.025
Upper-middle-income countries,,1995,14101.618
Upper-middle-income countries,,1996,14742.726
Upper-middle-income countries,,1997,15328.198
Upper-middle-income countries,,1998,15456.902
Upper-middle-income countries,,1999,15733.661
Upper-middle-income countries,,2000,16439.395
Upper-middle-income countries,,2001,16782.455
Upper-middle-income countries,,2002,17382.707
Upper-middle-income countries,,2003,18110.988
Upper-middle-income countries,,2004,19203.879
Upper-middle-income countries,,2005,20276.777
Upper-middle-income countries,,2006,21607.521
Upper-middle-income countries,,2007,23228.727
Upper-middle-income countries,,2008,24382.203
Upper-middle-income countries,,2009,24878.508
Upper-middle-income countries,,2010,26671.73
Upper-middle-income countries,,2011,28103.986
Upper-middle-income countries,,2012,29346.807
Upper-middle-income countries,,2013,30783.049
Upper-middle-income countries,,2014,32005.438
Upper-middle-income countries,,2015,33113.582
Upper-middle-income countries,,2016,34455.52
Upper-middle-income countries,,2017,35996.844
Upper-middle-income countries,,2018,37428.51
Upper-middle-income countries,,2019,38707.895
Upper-middle-income countries,,2020,39559.215
Upper-middle-income countries,,2021,41319.38
Upper-middle-income countries,,2022,42563.707
Upper-middle-income countries,,2023,43903.918
Upper-middle-income countries,,2024,45477.29
Uruguay,URY,1991,37006.574
Uruguay,URY,1992,39542.562
Uruguay,URY,1993,40718.72
Uruguay,URY,1994,42561.42
Uruguay,URY,1995,41372.133
Uruguay,URY,1996,43542.223
Uruguay,URY,1997,46458.574
Uruguay,URY,1998,46908.6
Uruguay,URY,1999,47454.098
Uruguay,URY,2000,47163.285
Uruguay,URY,2001,45408.49
Uruguay,URY,2002,43686.844
Uruguay,URY,2003,44553.074
Uruguay,URY,2004,44375.664
Uruguay,URY,2005,46970.918
Uruguay,URY,2006,46157.668
Uruguay,URY,2007,46782.26
Uruguay,URY,2008,48980.902
Uruguay,URY,2009,50029.074
Uruguay,URY,2010,53643.332
Uruguay,URY,2011,54104.195
Uruguay,URY,2012,56452.508
Uruguay,URY,2013,59065.285
Uruguay,URY,2014,59740.734
Uruguay,URY,2015,61097.71
Uruguay,URY,2016,62338.48
Uruguay,URY,2017,63607.336
Uruguay,URY,2018,64121.023
Uruguay,URY,2019,64744.938
Uruguay,URY,2020,63144.703
Uruguay,URY,2021,64023.117
Uruguay,URY,2022,65393.965
Uruguay,URY,2023,65200.504
Uruguay,URY,2024,67011.49
Uzbekistan,UZB,1991,11608.385
Uzbekistan,UZB,1992,9939.573
Uzbekistan,UZB,1993,9617.583
Uzbekistan,UZB,1994,9036.106
Uzbekistan,UZB,1995,8755.439
Uzbekistan,UZB,1996,8970.963
Uzbekistan,UZB,1997,9271.254
Uzbekistan,UZB,1998,9721.891
Uzbekistan,UZB,1999,9922.655
Uzbekistan,UZB,2000,9956.51
Uzbekistan,UZB,2001,10018.763
Uzbekistan,UZB,2002,10058.445
Uzbekistan,UZB,2003,10136.575
Uzbekistan,UZB,2004,10581.259
Uzbekistan,UZB,2005,10992.054
Uzbekistan,UZB,2006,11478.081
Uzbekistan,UZB,2007,12240.636
Uzbekistan,UZB,2008,13122.179
Uzbekistan,UZB,2009,13961.755
Uzbekistan,UZB,2010,14791.697
Uzbekistan,UZB,2011,15552.963
Uzbekistan,UZB,2012,16379.651
Uzbekistan,UZB,2013,17330.639
Uzbekistan,UZB,2014,18332.79
Uzbekistan,UZB,2015,19450.986
Uzbekistan,UZB,2016,20360.648
Uzbekistan,UZB,2017,21125.697
Uzbekistan,UZB,2018,21953.021
Uzbekistan,UZB,2019,23088.172
Uzbekistan,UZB,2020,23623.17
Uzbekistan,UZB,2021,24928.072
Uzbekistan,UZB,2022,25817.527
Uzbekistan,UZB,2023,27043.844
Uzbekistan,UZB,2024,28469.463
Vanuatu,VUT,1991,7850.6353
Vanuatu,VUT,1992,7890.9204
Vanuatu,VUT,1993,7882.0156
Vanuatu,VUT,1994,8453.135
Vanuatu,VUT,1995,8315.401
Vanuatu,VUT,1996,8274.943
Vanuatu,VUT,1997,8459.021
Vanuatu,VUT,1998,8312.632
Vanuatu,VUT,1999,8101.2056
Vanuatu,VUT,2000,8315.399
Vanuatu,VUT,2001,7754.0776
Vanuatu,VUT,2002,7096.463
Vanuatu,VUT,2003,7159.9062
Vanuatu,VUT,2004,7182.149
Vanuatu,VUT,2005,7295.5713
Vanuatu,VUT,2006,7661.3965
Vanuatu,VUT,2007,7823.5913
Vanuatu,VUT,2008,8241.467
Vanuatu,VUT,2009,8529.902
Vanuatu,VUT,2010,8864.743
Vanuatu,VUT,2011,9034.227
Vanuatu,VUT,2012,9029.634
Vanuatu,VUT,2013,8984.412
Vanuatu,VUT,2014,9134.073
Vanuatu,VUT,2015,9418.144
Vanuatu,VUT,2016,9656.44
Vanuatu,VUT,2017,9984.618
Vanuatu,VUT,2018,10166.72
Vanuatu,VUT,2019,10392.002
Vanuatu,VUT,2020,9597.073
Vanuatu,VUT,2021,9316.679
Vanuatu,VUT,2022,9463.6045
Vanuatu,VUT,2023,9117.69
Vanuatu,VUT,2024,9265.665
Vietnam,VNM,1991,5409.0835
Vietnam,VNM,1992,5733.4854
Vietnam,VNM,1993,6041.498
Vietnam,VNM,1994,6414.0605
Vietnam,VNM,1995,6859.772
Vietnam,VNM,1996,7322.761
Vietnam,VNM,1997,7878.242
Vietnam,VNM,1998,8130.8926
Vietnam,VNM,1999,8373.404
Vietnam,VNM,2000,8842.446
Vietnam,VNM,2001,9038.48
Vietnam,VNM,2002,9411.238
Vietnam,VNM,2003,9920.186
Vietnam,VNM,2004,10467.034
Vietnam,VNM,2005,10990.981
Vietnam,VNM,2006,11421.897
Vietnam,VNM,2007,11834.031
Vietnam,VNM,2008,12069.983
Vietnam,VNM,2009,12348.629
Vietnam,VNM,2010,12790.155
Vietnam,VNM,2011,13356.967
Vietnam,VNM,2012,13901.086
Vietnam,VNM,2013,14358.546
Vietnam,VNM,2014,15079.651
Vietnam,VNM,2015,16009.809
Vietnam,VNM,2016,17000.215
Vietnam,VNM,2017,17973.379
Vietnam,VNM,2018,18936.44
Vietnam,VNM,2019,20457.73
Vietnam,VNM,2020,21529.55
Vietnam,VNM,2021,22095.63
Vietnam,VNM,2022,23264.775
Vietnam,VNM,2023,24333.248
Vietnam,VNM,2024,25849.713
World,OWID_WRL,1991,26908.348
World,OWID_WRL,1992,26854.346
World,OWID_WRL,1993,26955.137
World,OWID_WRL,1994,27264.299
World,OWID_WRL,1995,27666.49
World,OWID_WRL,1996,28220.838
World,OWID_WRL,1997,28811.535
World,OWID_WRL,1998,29058.877
World,OWID_WRL,1999,29562.053
World,OWID_WRL,2000,30366.309
World,OWID_WRL,2001,30647.205
World,OWID_WRL,2002,31074.473
World,OWID_WRL,2003,31723.469
World,OWID_WRL,2004,32747.506
World,OWID_WRL,2005,33651.25
World,OWID_WRL,2006,34828.773
World,OWID_WRL,2007,36073.746
World,OWID_WRL,2008,36685.3
World,OWID_WRL,2009,36283.938
World,OWID_WRL,2010,37716.855
World,OWID_WRL,2011,38691.543
World,OWID_WRL,2012,39452.938
World,OWID_WRL,2013,40293.36
World,OWID_WRL,2014,41190.973
World,OWID_WRL,2015,42076.652
World,OWID_WRL,2016,42950.47
World,OWID_WRL,2017,44098.258
World,OWID_WRL,2018,45148.6
World,OWID_WRL,2019,45890.316
World,OWID_WRL,2020,45491.023
World,OWID_WRL,2021,47075.418
World,OWID_WRL,2022,47665.812
World,OWID_WRL,2023,48382.22
World,OWID_WRL,2024,49070.15
Zambia,ZMB,1991,9411.17
Zambia,ZMB,1992,9091.814
Zambia,ZMB,1993,9493.947
Zambia,ZMB,1994,8359.869
Zambia,ZMB,1995,8215.635
Zambia,ZMB,1996,8364.677
Zambia,ZMB,1997,8268.29
Zambia,ZMB,1998,7899.9473
Zambia,ZMB,1999,8087.9624
Zambia,ZMB,2000,8199.172
Zambia,ZMB,2001,8403.04
Zambia,ZMB,2002,8563.139
Zambia,ZMB,2003,8916.095
Zambia,ZMB,2004,9292.693
Zambia,ZMB,2005,9686.846
Zambia,ZMB,2006,9766.864
Zambia,ZMB,2007,9889.848
Zambia,ZMB,2008,9968.642
Zambia,ZMB,2009,10795.935
Zambia,ZMB,2010,11821.5
Zambia,ZMB,2011,11691.398
Zambia,ZMB,2012,11797.351
Zambia,ZMB,2013,11896.618
Zambia,ZMB,2014,11938.8125
Zambia,ZMB,2015,11788.267
Zambia,ZMB,2016,11724.626
Zambia,ZMB,2017,11634.51
Zambia,ZMB,2018,11756.522
Zambia,ZMB,2019,11354.701
Zambia,ZMB,2020,10463.778
Zambia,ZMB,2021,10763.046
Zambia,ZMB,2022,11129.423
Zambia,ZMB,2023,11319.436
Zambia,ZMB,2024,11371.298
Zimbabwe,ZWE,1991,12092.176
Zimbabwe,ZWE,1992,10736.957
Zimbabwe,ZWE,1993,10740.219
Zimbabwe,ZWE,1994,11642.385
Zimbabwe,ZWE,1995,11517.277
Zimbabwe,ZWE,1996,12422.286
Zimbabwe,ZWE,1997,12460.359
Zimbabwe,ZWE,1998,12356.359
Zimbabwe,ZWE,1999,11898.927
Zimbabwe,ZWE,2000,11321.756
Zimbabwe,ZWE,2001,11317.561
Zimbabwe,ZWE,2002,10164.364
Zimbabwe,ZWE,2003,8323.165
Zimbabwe,ZWE,2004,7744.477
Zimbabwe,ZWE,2005,7269.6904
Zimbabwe,ZWE,2006,6954.048
Zimbabwe,ZWE,2007,6637.249
Zimbabwe,ZWE,2008,5435.018
Zimbabwe,ZWE,2009,6100.4434
Zimbabwe,ZWE,2010,7216.023
Zimbabwe,ZWE,2011,8123.158
Zimbabwe,ZWE,2012,9330.194
Zimbabwe,ZWE,2013,9396.894
Zimbabwe,ZWE,2014,9476.927
Zimbabwe,ZWE,2015,9564.399
Zimbabwe,ZWE,2016,9527.41
Zimbabwe,ZWE,2017,9844.6
Zimbabwe,ZWE,2018,10187.903
Zimbabwe,ZWE,2019,9409.143
Zimbabwe,ZWE,2020,8730.714
Zimbabwe,ZWE,2021,9261.33
Zimbabwe,ZWE,2022,9706.317
Zimbabwe,ZWE,2023,9891.523
Zimbabwe,ZWE,2024,9827.031