telep_nev,pop_tipus,pop_ertek,tot_pop,valt_tipus,value,nev_szam
Iborfia,lakók,13,9584627,teljes lakosság %-a,1.356338645207581e-4,Iborfia: 0k | ≤0.00014%
Debréte,lakók,14,9584627,teljes lakosság %-a,2.817011032354206e-4,Debréte: 0k | ≤0.00028%
Felsőszenterzsébet,lakók,16,9584627,teljes lakosság %-a,4.4863509033789213e-4,Felsőszenterzsébet: 0k | ≤0.00045%
Perecse,lakók,17,9584627,teljes lakosság %-a,6.26002451634268e-4,Perecse: 0k | ≤0.00063%
Pusztaapáti,lakók,20,9584627,teljes lakosság %-a,8.346699355123574e-4,Pusztaapáti: 0k | ≤0.00083%
Tornakápolna,lakók,20,9584627,teljes lakosság %-a,0.0010433374193904467,Tornakápolna: 0k | ≤0.001%
Teresztenye,lakók,21,9584627,teljes lakosság %-a,0.0012624382774624407,Teresztenye: 0k | ≤0.0013%
Nemesmedves,lakók,23,9584627,teljes lakosság %-a,0.0015024058839222434,Nemesmedves: 0k | ≤0.0015%
Tornabarakony,lakók,23,9584627,teljes lakosság %-a,0.0017423734903820461,Tornabarakony: 0k | ≤0.0017%
Keresztéte,lakók,25,9584627,teljes lakosság %-a,0.002003207845229658,Keresztéte: 0k | ≤0.002%
Csér,lakók,27,9584627,teljes lakosság %-a,0.0022849089484650786,Csér: 0k | ≤0.0023%
Csertalakos,lakók,27,9584627,teljes lakosság %-a,0.0025666100517004993,Csertalakos: 0k | ≤0.0026%
Ramocsa,lakók,29,9584627,teljes lakosság %-a,0.0028691779033237284,Ramocsa: 0k | ≤0.0029%
Megyer,lakók,30,9584627,teljes lakosság %-a,0.003182179129140863,Megyer: 0k | ≤0.0032%
Lendvajakabfa,lakók,31,9584627,teljes lakosság %-a,0.003505613729151901,Lendvajakabfa: 0k | ≤0.0035%
Libickozma,lakók,31,9584627,teljes lakosság %-a,0.0038290483291629402,Libickozma: 0k | ≤0.0038%
Lendvadedes,lakók,32,9584627,teljes lakosság %-a,0.004162916303367883,Lendvadedes: 0k | ≤0.0042%
Sima,lakók,32,9584627,teljes lakosság %-a,0.004496784277572826,Sima: 0k | ≤0.0045%
Gagyapáti,lakók,33,9584627,teljes lakosság %-a,0.004841085625971673,Gagyapáti: 0k | ≤0.0048%
Litka,lakók,33,9584627,teljes lakosság %-a,0.00518538697437052,Litka: 0k | ≤0.0052%
Kozmadombja,lakók,34,9584627,teljes lakosság %-a,0.005540121696963272,Kozmadombja: 0k | ≤0.0055%
Magyarföld,lakók,37,9584627,teljes lakosság %-a,0.005926156542137738,Magyarföld: 0k | ≤0.0059%
Szárász,lakók,38,9584627,teljes lakosság %-a,0.006322624761506107,Szárász: 0k | ≤0.0063%
Zalaszombatfa,lakók,38,9584627,teljes lakosság %-a,0.0067190929808744766,Zalaszombatfa: 0k | ≤0.0067%
Zalaköveskút,lakók,40,9584627,teljes lakosság %-a,0.0071364279486306565,Zalaköveskút: 0k | ≤0.0071%
Murga,lakók,41,9584627,teljes lakosság %-a,0.00756419629058074,Murga: 0k | ≤0.0076%
Becskeháza,lakók,42,9584627,teljes lakosság %-a,0.008002398006724726,Becskeháza: 0k | ≤0.008%
Börzönce,lakók,42,9584627,teljes lakosság %-a,0.008440599722868715,Börzönce: 0k | ≤0.0084%
Kára,lakók,42,9584627,teljes lakosság %-a,0.008878801439012702,Kára: 0k | ≤0.0089%
Baglad,lakók,43,9584627,teljes lakosság %-a,0.009327436529350594,Baglad: 0k | ≤0.0093%
Kisvásárhely,lakók,43,9584627,teljes lakosság %-a,0.009776071619688487,Kisvásárhely: 0k | ≤0.0098%
Dötk,lakók,44,9584627,teljes lakosság %-a,0.010235140084220284,Dötk: 0k | ≤0.01%
Szaknyér,lakók,44,9584627,teljes lakosság %-a,0.01069420854875208,Szaknyér: 0k | ≤0.011%
Horváthertelend,lakók,45,9584627,teljes lakosság %-a,0.011163710387477781,Horváthertelend: 0k | ≤0.011%
Szijártóháza,lakók,45,9584627,teljes lakosság %-a,0.011633212226203482,Szijártóháza: 0k | ≤0.012%
Égerszög,lakók,46,9584627,teljes lakosság %-a,0.012113147439123088,Égerszög: 0k | ≤0.012%
Alsószenterzsébet,lakók,48,9584627,teljes lakosság %-a,0.0126139494004305,Alsószenterzsébet: 0k | ≤0.013%
Iklanberény,lakók,48,9584627,teljes lakosság %-a,0.013114751361737918,Iklanberény: 0k | ≤0.013%
Kékkút,lakók,48,9584627,teljes lakosság %-a,0.01361555332304533,Kékkút: 0k | ≤0.014%
Hosszúvíz,lakók,49,9584627,teljes lakosság %-a,0.014126788658546649,Hosszúvíz: 0k | ≤0.014%
Lasztonya,lakók,49,9584627,teljes lakosság %-a,0.014638023994047969,Lasztonya: 0k | ≤0.015%
Rinyaújnép,lakók,49,9584627,teljes lakosság %-a,0.015149259329549287,Rinyaújnép: 0k | ≤0.015%
Garáb,lakók,50,9584627,teljes lakosság %-a,0.01567092803924451,Garáb: 0k | ≤0.016%
Óbudavár,lakók,50,9584627,teljes lakosság %-a,0.016192596748939733,Óbudavár: 0k | ≤0.016%
Arka,lakók,51,9584627,teljes lakosság %-a,0.01672469883282886,Arka: 0.1k | ≤0.017%
Kemse,lakók,51,9584627,teljes lakosság %-a,0.01725680091671799,Kemse: 0.1k | ≤0.017%
Varbóc,lakók,51,9584627,teljes lakosság %-a,0.017788903000607117,Varbóc: 0.1k | ≤0.018%
Bödeháza,lakók,52,9584627,teljes lakosság %-a,0.01833143845869015,Bödeháza: 0.1k | ≤0.018%
Kishódos,lakók,52,9584627,teljes lakosság %-a,0.01887397391677318,Kishódos: 0.1k | ≤0.019%
Patca,lakók,54,9584627,teljes lakosság %-a,0.019437376123244025,Patca: 0.1k | ≤0.019%
Bakonyság,lakók,55,9584627,teljes lakosság %-a,0.02001121170390877,Bakonyság: 0.1k | ≤0.02%
Gosztola,lakók,56,9584627,teljes lakosság %-a,0.020595480658767422,Gosztola: 0.1k | ≤0.021%
Husztót,lakók,57,9584627,teljes lakosság %-a,0.021190182987819977,Husztót: 0.1k | ≤0.021%
Maróc,lakók,57,9584627,teljes lakosság %-a,0.02178488531687253,Maróc: 0.1k | ≤0.022%
Pamlény,lakók,57,9584627,teljes lakosság %-a,0.022379587645925084,Pamlény: 0.1k | ≤0.022%
Valkonya,lakók,57,9584627,teljes lakosság %-a,0.02297428997497764,Valkonya: 0.1k | ≤0.023%
Zalaszentmárton,lakók,57,9584627,teljes lakosság %-a,0.023568992304030194,Zalaszentmárton: 0.1k | ≤0.024%
Cakóháza,lakók,58,9584627,teljes lakosság %-a,0.024174128007276655,Cakóháza: 0.1k | ≤0.024%
Kány,lakók,58,9584627,teljes lakosság %-a,0.024779263710523115,Kány: 0.1k | ≤0.025%
Külsősárd,lakók,58,9584627,teljes lakosság %-a,0.02538439941376957,Külsősárd: 0.1k | ≤0.025%
Zalameggyes,lakók,58,9584627,teljes lakosság %-a,0.02598953511701603,Zalameggyes: 0.1k | ≤0.026%
Gombosszeg,lakók,59,9584627,teljes lakosság %-a,0.026605104194456393,Gombosszeg: 0.1k | ≤0.027%
Zebecke,lakók,59,9584627,teljes lakosság %-a,0.027220673271896756,Zebecke: 0.1k | ≤0.027%
Hosztót,lakók,60,9584627,teljes lakosság %-a,0.027846675723531028,Hosztót: 0.1k | ≤0.028%
Kispirit,lakók,60,9584627,teljes lakosság %-a,0.028472678175165297,Kispirit: 0.1k | ≤0.028%
Kovácsszénája,lakók,60,9584627,teljes lakosság %-a,0.029098680626799565,Kovácsszénája: 0.1k | ≤0.029%
Tengeri,lakók,61,9584627,teljes lakosság %-a,0.029735116452627733,Tengeri: 0.1k | ≤0.03%
Viszló,lakók,61,9584627,teljes lakosság %-a,0.030371552278455904,Viszló: 0.1k | ≤0.03%
Márokföld,lakók,62,9584627,teljes lakosság %-a,0.031018421478477984,Márokföld: 0.1k | ≤0.031%
Nyésta,lakók,62,9584627,teljes lakosság %-a,0.03166529067850006,Nyésta: 0.1k | ≤0.032%
Ligetfalva,lakók,63,9584627,teljes lakosság %-a,0.03232259325271604,Ligetfalva: 0.1k | ≤0.032%
Gáborjánháza,lakók,64,9584627,teljes lakosság %-a,0.03299032920112593,Gáborjánháza: 0.1k | ≤0.033%
Markóc,lakók,64,9584627,teljes lakosság %-a,0.033658065149535815,Markóc: 0.1k | ≤0.034%
Regéc,lakók,64,9584627,teljes lakosság %-a,0.0343258010979457,Regéc: 0.1k | ≤0.034%
Hegyhátszentmárton,lakók,65,9584627,teljes lakosság %-a,0.03500397042054949,Hegyhátszentmárton: 0.1k | ≤0.035%
Szatta,lakók,65,9584627,teljes lakosság %-a,0.03568213974315328,Szatta: 0.1k | ≤0.036%
Abaújalpár,lakók,67,9584627,teljes lakosság %-a,0.03638117581414488,Abaújalpár: 0.1k | ≤0.036%
Pördefölde,lakók,67,9584627,teljes lakosság %-a,0.03708021188513648,Pördefölde: 0.1k | ≤0.037%
Salföld,lakók,67,9584627,teljes lakosság %-a,0.037779247956128074,Salföld: 0.1k | ≤0.038%
Gadács,lakók,70,9584627,teljes lakosság %-a,0.03850958414970139,Gadács: 0.1k | ≤0.039%
Porrogszentpál,lakók,70,9584627,teljes lakosság %-a,0.039239920343274705,Porrogszentpál: 0.1k | ≤0.039%
Gömörszőlős,lakók,71,9584627,teljes lakosság %-a,0.03998068991104192,Gömörszőlős: 0.1k | ≤0.04%
Marócsa,lakók,71,9584627,teljes lakosság %-a,0.04072145947880914,Marócsa: 0.1k | ≤0.041%
Orfalu,lakók,71,9584627,teljes lakosság %-a,0.04146222904657636,Orfalu: 0.1k | ≤0.041%
Velemér,lakók,71,9584627,teljes lakosság %-a,0.042202998614343575,Velemér: 0.1k | ≤0.042%
Csebény,lakók,74,9584627,teljes lakosság %-a,0.0429750683046925,Csebény: 0.1k | ≤0.043%
Somlóvecse,lakók,74,9584627,teljes lakosság %-a,0.04374713799504143,Somlóvecse: 0.1k | ≤0.044%
Szörény,lakók,75,9584627,teljes lakosság %-a,0.04452964105958427,Szörény: 0.1k | ≤0.045%
Újszalonta,lakók,75,9584627,teljes lakosság %-a,0.04531214412412711,Újszalonta: 0.1k | ≤0.045%
Abaújlak,lakók,76,9584627,teljes lakosság %-a,0.046105080562863845,Abaújlak: 0.1k | ≤0.046%
Rábasebes,lakók,76,9584627,teljes lakosság %-a,0.04689801700160059,Rábasebes: 0.1k | ≤0.047%
Szentkozmadombja,lakók,76,9584627,teljes lakosság %-a,0.04769095344033732,Szentkozmadombja: 0.1k | ≤0.048%
Bürüs,lakók,77,9584627,teljes lakosság %-a,0.04849432325326797,Bürüs: 0.1k | ≤0.048%
Csöde,lakók,77,9584627,teljes lakosság %-a,0.049297693066198606,Csöde: 0.1k | ≤0.049%
Főnyed,lakók,77,9584627,teljes lakosság %-a,0.05010106287912926,Főnyed: 0.1k | ≤0.05%
Hernyék,lakók,77,9584627,teljes lakosság %-a,0.0509044326920599,Hernyék: 0.1k | ≤0.051%
Kaposgyarmat,lakók,77,9584627,teljes lakosság %-a,0.05170780250499054,Kaposgyarmat: 0.1k | ≤0.052%
Kerkáskápolna,lakók,77,9584627,teljes lakosság %-a,0.05251117231792119,Kerkáskápolna: 0.1k | ≤0.053%
Almásháza,lakók,78,9584627,teljes lakosság %-a,0.05332497550504573,Almásháza: 0.1k | ≤0.053%
Bódvarákó,lakók,78,9584627,teljes lakosság %-a,0.054138778692170285,Bódvarákó: 0.1k | ≤0.054%
Mogyoróska,lakók,78,9584627,teljes lakosság %-a,0.05495258187929483,Mogyoróska: 0.1k | ≤0.055%
Nagyhuta,lakók,78,9584627,teljes lakosság %-a,0.055766385066419386,Nagyhuta: 0.1k | ≤0.056%
Halastó,lakók,79,9584627,teljes lakosság %-a,0.05659062162773783,Halastó: 0.1k | ≤0.057%
Imola,lakók,79,9584627,teljes lakosság %-a,0.05741485818905629,Imola: 0.1k | ≤0.057%
Kisbeszterce,lakók,79,9584627,teljes lakosság %-a,0.05823909475037475,Kisbeszterce: 0.1k | ≤0.058%
Sénye,lakók,79,9584627,teljes lakosság %-a,0.059063331311693196,Sénye: 0.1k | ≤0.059%
Szentmargitfalva,lakók,79,9584627,teljes lakosság %-a,0.05988756787301165,Szentmargitfalva: 0.1k | ≤0.06%
Somogysimonyi,lakók,80,9584627,teljes lakosság %-a,0.060722237808524,Somogysimonyi: 0.1k | ≤0.061%
Gyűrűs,lakók,81,9584627,teljes lakosság %-a,0.06156734111823027,Gyűrűs: 0.1k | ≤0.062%
Vadosfa,lakók,81,9584627,teljes lakosság %-a,0.062412444427936524,Vadosfa: 0.1k | ≤0.062%
Irota,lakók,82,9584627,teljes lakosság %-a,0.0632679811118367,Irota: 0.1k | ≤0.063%
Magyarlukafa,lakók,82,9584627,teljes lakosság %-a,0.06412351779573687,Magyarlukafa: 0.1k | ≤0.064%
Ortaháza,lakók,82,9584627,teljes lakosság %-a,0.06497905447963703,Ortaháza: 0.1k | ≤0.065%
Filkeháza,lakók,83,9584627,teljes lakosság %-a,0.0658450245377311,Filkeháza: 0.1k | ≤0.066%
Kaszó,lakók,83,9584627,teljes lakosság %-a,0.06671099459582516,Kaszó: 0.1k | ≤0.067%
Palé,lakók,83,9584627,teljes lakosság %-a,0.06757696465391924,Palé: 0.1k | ≤0.068%
Bodorfa,lakók,84,9584627,teljes lakosság %-a,0.06845336808620721,Bodorfa: 0.1k | ≤0.068%
Erdősmárok,lakók,84,9584627,teljes lakosság %-a,0.06932977151849519,Erdősmárok: 0.1k | ≤0.069%
Hetyefő,lakók,84,9584627,teljes lakosság %-a,0.07020617495078317,Hetyefő: 0.1k | ≤0.07%
Pányok,lakók,84,9584627,teljes lakosság %-a,0.07108257838307114,Pányok: 0.1k | ≤0.071%
Kutasó,lakók,85,9584627,teljes lakosság %-a,0.07196941518955302,Kutasó: 0.1k | ≤0.072%
Pécsdevecser,lakók,85,9584627,teljes lakosság %-a,0.07285625199603489,Pécsdevecser: 0.1k | ≤0.073%
Sárfimizdó,lakók,85,9584627,teljes lakosság %-a,0.07374308880251677,Sárfimizdó: 0.1k | ≤0.074%
Almáskeresztúr,lakók,86,9584627,teljes lakosság %-a,0.07464035898319257,Almáskeresztúr: 0.1k | ≤0.075%
Belsősárd,lakók,86,9584627,teljes lakosság %-a,0.07553762916386834,Belsősárd: 0.1k | ≤0.076%
Daraboshegy,lakók,86,9584627,teljes lakosság %-a,0.07643489934454413,Daraboshegy: 0.1k | ≤0.076%
Galvács,lakók,86,9584627,teljes lakosság %-a,0.07733216952521992,Galvács: 0.1k | ≤0.077%
Okorvölgy,lakók,86,9584627,teljes lakosság %-a,0.0782294397058957,Okorvölgy: 0.1k | ≤0.078%
Gyalóka,lakók,87,9584627,teljes lakosság %-a,0.07913714326076539,Gyalóka: 0.1k | ≤0.079%
Somogybükkösd,lakók,87,9584627,teljes lakosság %-a,0.08004484681563508,Somogybükkösd: 0.1k | ≤0.08%
Keménfa,lakók,88,9584627,teljes lakosság %-a,0.08096298374469867,Keménfa: 0.1k | ≤0.081%
Komlódtótfalu,lakók,88,9584627,teljes lakosság %-a,0.08188112067376227,Komlódtótfalu: 0.1k | ≤0.082%
Óbánya,lakók,88,9584627,teljes lakosság %-a,0.08279925760282586,Óbánya: 0.1k | ≤0.083%
Potyond,lakók,88,9584627,teljes lakosság %-a,0.08371739453188945,Potyond: 0.1k | ≤0.084%
Alsógagy,lakók,89,9584627,teljes lakosság %-a,0.08464596483514694,Alsógagy: 0.1k | ≤0.085%
Debercsény,lakók,89,9584627,teljes lakosság %-a,0.08557453513840445,Debercsény: 0.1k | ≤0.086%
Kisbudmér,lakók,89,9584627,teljes lakosság %-a,0.08650310544166195,Kisbudmér: 0.1k | ≤0.087%
Kiszsidány,lakók,89,9584627,teljes lakosság %-a,0.08743167574491943,Kiszsidány: 0.1k | ≤0.087%
Vágáshuta,lakók,89,9584627,teljes lakosság %-a,0.08836024604817694,Vágáshuta: 0.1k | ≤0.088%
Gétye,lakók,90,9584627,teljes lakosság %-a,0.08929924972562835,Gétye: 0.1k | ≤0.089%
Tófű,lakók,90,9584627,teljes lakosság %-a,0.09023825340307974,Tófű: 0.1k | ≤0.09%
Bokor,lakók,91,9584627,teljes lakosság %-a,0.09118769045472505,Bokor: 0.1k | ≤0.091%
Kisberzseny,lakók,91,9584627,teljes lakosság %-a,0.09213712750637036,Kisberzseny: 0.1k | ≤0.092%
Varga,lakók,91,9584627,teljes lakosság %-a,0.09308656455801566,Varga: 0.1k | ≤0.093%
Babarcszőlős,lakók,92,9584627,teljes lakosság %-a,0.09404643498385487,Babarcszőlős: 0.1k | ≤0.094%
Dinnyeberki,lakók,92,9584627,teljes lakosság %-a,0.09500630540969408,Dinnyeberki: 0.1k | ≤0.095%
Kisjakabfalva,lakók,92,9584627,teljes lakosság %-a,0.0959661758355333,Kisjakabfalva: 0.1k | ≤0.096%
Döbröce,lakók,93,9584627,teljes lakosság %-a,0.09693647963556641,Döbröce: 0.1k | ≤0.097%
Orbányosfa,lakók,93,9584627,teljes lakosság %-a,0.09790678343559953,Orbányosfa: 0.1k | ≤0.098%
Sárok,lakók,93,9584627,teljes lakosság %-a,0.09887708723563264,Sárok: 0.1k | ≤0.099%
Szentkatalin,lakók,93,9584627,teljes lakosság %-a,0.09984739103566576,Szentkatalin: 0.1k | ≤0.1%
Keléd,lakók,94,9584627,teljes lakosság %-a,0.10082812820989277,Keléd: 0.1k | ≤0.1%
Szászfa,lakók,94,9584627,teljes lakosság %-a,0.1018088653841198,Szászfa: 0.1k | ≤0.1%
Zalaigrice,lakók,94,9584627,teljes lakosság %-a,0.10278960255834682,Zalaigrice: 0.1k | ≤0.1%
Fenyőfő,lakók,95,9584627,teljes lakosság %-a,0.10378077310676775,Fenyőfő: 0.1k | ≤0.1%
Szuhafő,lakók,95,9584627,teljes lakosság %-a,0.10477194365518867,Szuhafő: 0.1k | ≤0.1%
Tésa,lakók,96,9584627,teljes lakosság %-a,0.1057735475778035,Tésa: 0.1k | ≤0.11%
Zalaújlak,lakók,97,9584627,teljes lakosság %-a,0.10678558487461223,Zalaújlak: 0.1k | ≤0.11%
Barnag,lakók,98,9584627,teljes lakosság %-a,0.10780805554561487,Barnag: 0.1k | ≤0.11%
Vindornyalak,lakók,98,9584627,teljes lakosság %-a,0.1088305262166175,Vindornyalak: 0.1k | ≤0.11%
Ispánk,lakók,99,9584627,teljes lakosság %-a,0.10986343026181404,Ispánk: 0.1k | ≤0.11%
Kétvölgy,lakók,99,9584627,teljes lakosság %-a,0.11089633430701058,Kétvölgy: 0.1k | ≤0.11%
Tarrós,lakók,99,9584627,teljes lakosság %-a,0.11192923835220714,Tarrós: 0.1k | ≤0.11%
Ivánbattyán,lakók,100,9584627,teljes lakosság %-a,0.11297257577159757,Ivánbattyán: 0.1k | ≤0.11%
Szőlősardó,lakók,101,9584627,teljes lakosság %-a,0.11402634656518193,Szőlősardó: 0.1k | ≤0.11%
Vállus,lakók,101,9584627,teljes lakosság %-a,0.11508011735876628,Vállus: 0.1k | ≤0.12%
Edve,lakók,102,9584627,teljes lakosság %-a,0.11614432152654453,Edve: 0.1k | ≤0.12%
Győröcske,lakók,102,9584627,teljes lakosság %-a,0.1172085256943228,Győröcske: 0.1k | ≤0.12%
Pécsbagota,lakók,102,9584627,teljes lakosság %-a,0.11827272986210105,Pécsbagota: 0.1k | ≤0.12%
Szentborbás,lakók,102,9584627,teljes lakosság %-a,0.11933693402987931,Szentborbás: 0.1k | ≤0.12%
Szorosad,lakók,102,9584627,teljes lakosság %-a,0.12040113819765756,Szorosad: 0.1k | ≤0.12%
Kemeneskápolna,lakók,103,9584627,teljes lakosság %-a,0.12147577573962973,Kemeneskápolna: 0.1k | ≤0.12%
Vöckönd,lakók,103,9584627,teljes lakosság %-a,0.12255041328160189,Vöckönd: 0.1k | ≤0.12%
Vöröstó,lakók,103,9584627,teljes lakosság %-a,0.12362505082357403,Vöröstó: 0.1k | ≤0.12%
Fiad,lakók,104,9584627,teljes lakosság %-a,0.12471012173974011,Fiad: 0.1k | ≤0.12%
Mérges,lakók,104,9584627,teljes lakosság %-a,0.12579519265590616,Mérges: 0.1k | ≤0.13%
Ormándlak,lakók,104,9584627,teljes lakosság %-a,0.12688026357207224,Ormándlak: 0.1k | ≤0.13%
Monoszló,lakók,106,9584627,teljes lakosság %-a,0.1279862012366261,Monoszló: 0.1k | ≤0.13%
Nemesborzova,lakók,106,9584627,teljes lakosság %-a,0.12909213890118,Nemesborzova: 0.1k | ≤0.13%
Szágy,lakók,106,9584627,teljes lakosság %-a,0.13019807656573387,Szágy: 0.1k | ≤0.13%
Szellő,lakók,106,9584627,teljes lakosság %-a,0.13130401423028773,Szellő: 0.1k | ≤0.13%
Várong,lakók,106,9584627,teljes lakosság %-a,0.1324099518948416,Várong: 0.1k | ≤0.13%
Vid,lakók,106,9584627,teljes lakosság %-a,0.13351588955939547,Vid: 0.1k | ≤0.13%
Drávapiski,lakók,107,9584627,teljes lakosság %-a,0.13463226059814326,Drávapiski: 0.1k | ≤0.13%
Szentpéterfölde,lakók,107,9584627,teljes lakosság %-a,0.13574863163689105,Szentpéterfölde: 0.1k | ≤0.14%
Zsennye,lakók,107,9584627,teljes lakosság %-a,0.1368650026756388,Zsennye: 0.1k | ≤0.14%
Besence,lakók,108,9584627,teljes lakosság %-a,0.1379918070885805,Besence: 0.1k | ≤0.14%
Háromhuta,lakók,108,9584627,teljes lakosság %-a,0.13911861150152216,Háromhuta: 0.1k | ≤0.14%
Kallósd,lakók,108,9584627,teljes lakosság %-a,0.14024541591446388,Kallósd: 0.1k | ≤0.14%
Hegymeg,lakók,109,9584627,teljes lakosság %-a,0.14138265370159944,Hegymeg: 0.1k | ≤0.14%
Vekerd,lakók,109,9584627,teljes lakosság %-a,0.14251989148873503,Vekerd: 0.1k | ≤0.14%
Baranyaszentgyörgy,lakók,110,9584627,teljes lakosság %-a,0.14366756265006453,Baranyaszentgyörgy: 0.1k | ≤0.14%
Kiscsősz,lakók,110,9584627,teljes lakosság %-a,0.14481523381139402,Kiscsősz: 0.1k | ≤0.14%
Nagyhódos,lakók,110,9584627,teljes lakosság %-a,0.14596290497272352,Nagyhódos: 0.1k | ≤0.15%
Cserhátszentiván,lakók,111,9584627,teljes lakosság %-a,0.14712100950824689,Cserhátszentiván: 0.1k | ≤0.15%
Hernádbűd,lakók,112,9584627,teljes lakosság %-a,0.1482895474179642,Hernádbűd: 0.1k | ≤0.15%
Kistamási,lakók,112,9584627,teljes lakosság %-a,0.1494580853276815,Kistamási: 0.1k | ≤0.15%
Alsótelekes,lakók,113,9584627,teljes lakosság %-a,0.1506370566115927,Alsótelekes: 0.1k | ≤0.15%
Nemesnép,lakók,113,9584627,teljes lakosság %-a,0.1518160278955039,Nemesnép: 0.1k | ≤0.15%
Ólmod,lakók,113,9584627,teljes lakosság %-a,0.15299499917941511,Ólmod: 0.1k | ≤0.15%
Kisdér,lakók,114,9584627,teljes lakosság %-a,0.15418440383752022,Kisdér: 0.1k | ≤0.15%
Nagymizdó,lakók,114,9584627,teljes lakosság %-a,0.15537380849562535,Nagymizdó: 0.1k | ≤0.16%
Németbánya,lakók,114,9584627,teljes lakosság %-a,0.15656321315373045,Németbánya: 0.1k | ≤0.16%
Vindornyafok,lakók,114,9584627,teljes lakosság %-a,0.15775261781183555,Vindornyafok: 0.1k | ≤0.16%
Bükkmogyorósd,lakók,115,9584627,teljes lakosság %-a,0.15895245584413456,Bükkmogyorósd: 0.1k | ≤0.16%
Drávakeresztúr,lakók,115,9584627,teljes lakosság %-a,0.16015229387643357,Drávakeresztúr: 0.1k | ≤0.16%
Apátvarasd,lakók,116,9584627,teljes lakosság %-a,0.1613625652829265,Apátvarasd: 0.1k | ≤0.16%
Füzérkajata,lakók,116,9584627,teljes lakosság %-a,0.1625728366894194,Füzérkajata: 0.1k | ≤0.16%
Kisfüzes,lakók,116,9584627,teljes lakosság %-a,0.16378310809591234,Kisfüzes: 0.1k | ≤0.16%
Szentjakabfa,lakók,116,9584627,teljes lakosság %-a,0.16499337950240525,Szentjakabfa: 0.1k | ≤0.16%
Kalaznó,lakók,117,9584627,teljes lakosság %-a,0.1662140842830921,Kalaznó: 0.1k | ≤0.17%
Tagyon,lakók,117,9584627,teljes lakosság %-a,0.1674347890637789,Tagyon: 0.1k | ≤0.17%
Udvar,lakók,117,9584627,teljes lakosság %-a,0.16865549384446574,Udvar: 0.1k | ≤0.17%
Vázsnok,lakók,117,9584627,teljes lakosság %-a,0.16987619862515255,Vázsnok: 0.1k | ≤0.17%
Barlahida,lakók,119,9584627,teljes lakosság %-a,0.1711177701542272,Barlahida: 0.1k | ≤0.17%
Zalasárszeg,lakók,119,9584627,teljes lakosság %-a,0.1723593416833018,Zalasárszeg: 0.1k | ≤0.17%
Hegyhátmaróc,lakók,120,9584627,teljes lakosság %-a,0.17361134658657035,Hegyhátmaróc: 0.1k | ≤0.17%
Kányavár,lakók,120,9584627,teljes lakosság %-a,0.17486335148983886,Kányavár: 0.1k | ≤0.17%
Várad,lakók,120,9584627,teljes lakosság %-a,0.17611535639310744,Várad: 0.1k | ≤0.18%
Bosta,lakók,121,9584627,teljes lakosság %-a,0.17737779467056985,Bosta: 0.1k | ≤0.18%
Felsőtold,lakók,121,9584627,teljes lakosság %-a,0.1786402329480323,Felsőtold: 0.1k | ≤0.18%
Meződ,lakók,121,9584627,teljes lakosság %-a,0.17990267122549475,Meződ: 0.1k | ≤0.18%
Zsebeháza,lakók,121,9584627,teljes lakosság %-a,0.18116510950295717,Zsebeháza: 0.1k | ≤0.18%
Döröske,lakók,122,9584627,teljes lakosság %-a,0.18243798115461354,Döröske: 0.1k | ≤0.18%
Kerkafalva,lakók,122,9584627,teljes lakosság %-a,0.18371085280626986,Kerkafalva: 0.1k | ≤0.18%
Padár,lakók,122,9584627,teljes lakosság %-a,0.1849837244579262,Padár: 0.1k | ≤0.18%
Felsőegerszeg,lakók,124,9584627,teljes lakosság %-a,0.18627746285797037,Felsőegerszeg: 0.1k | ≤0.19%
Szilvás,lakók,124,9584627,teljes lakosság %-a,0.18757120125801455,Szilvás: 0.1k | ≤0.19%
Bácsszentgyörgy,lakók,125,9584627,teljes lakosság %-a,0.1888753730322526,Bácsszentgyörgy: 0.1k | ≤0.19%
Balatonhenye,lakók,125,9584627,teljes lakosság %-a,0.19017954480649066,Balatonhenye: 0.1k | ≤0.19%
Kisszőlős,lakók,125,9584627,teljes lakosság %-a,0.19148371658072869,Kisszőlős: 0.1k | ≤0.19%
Kálócfa,lakók,126,9584627,teljes lakosság %-a,0.19279832172916067,Kálócfa: 0.1k | ≤0.19%
Kerkakutas,lakók,127,9584627,teljes lakosság %-a,0.19412336025178653,Kerkakutas: 0.1k | ≤0.19%
Katádfa,lakók,130,9584627,teljes lakosság %-a,0.1954796988969941,Katádfa: 0.1k | ≤0.2%
Nagycsány,lakók,130,9584627,teljes lakosság %-a,0.1968360375422017,Nagycsány: 0.1k | ≤0.2%
Szőke,lakók,130,9584627,teljes lakosság %-a,0.19819237618740929,Szőke: 0.1k | ≤0.2%
Varászló,lakók,130,9584627,teljes lakosság %-a,0.19954871483261685,Varászló: 0.1k | ≤0.2%
Oroszi,lakók,131,9584627,teljes lakosság %-a,0.20091548685201832,Oroszi: 0.1k | ≤0.2%
Dobri,lakók,132,9584627,teljes lakosság %-a,0.20229269224561375,Dobri: 0.1k | ≤0.2%
Fűzvölgy,lakók,132,9584627,teljes lakosság %-a,0.20366989763920912,Fűzvölgy: 0.1k | ≤0.2%
Kisbárkány,lakók,132,9584627,teljes lakosság %-a,0.20504710303280452,Kisbárkány: 0.1k | ≤0.21%
Sérsekszőlős,lakók,133,9584627,teljes lakosság %-a,0.20643474180059382,Sérsekszőlős: 0.1k | ≤0.21%
Maglóca,lakók,134,9584627,teljes lakosság %-a,0.207832813942577,Maglóca: 0.1k | ≤0.21%
Somogycsicsó,lakók,134,9584627,teljes lakosság %-a,0.2092308860845602,Somogycsicsó: 0.1k | ≤0.21%
Tikos,lakók,134,9584627,teljes lakosság %-a,0.2106289582265434,Tikos: 0.1k | ≤0.21%
Darnó,lakók,135,9584627,teljes lakosság %-a,0.2120374637427205,Darnó: 0.1k | ≤0.21%
Csarnóta,lakók,136,9584627,teljes lakosság %-a,0.2134564026330915,Csarnóta: 0.1k | ≤0.21%
Hegyhátszentpéter,lakók,136,9584627,teljes lakosság %-a,0.21487534152346252,Hegyhátszentpéter: 0.1k | ≤0.21%
Páprád,lakók,136,9584627,teljes lakosság %-a,0.2162942804138335,Páprád: 0.1k | ≤0.22%
Tótszentgyörgy,lakók,136,9584627,teljes lakosság %-a,0.21771321930420454,Tótszentgyörgy: 0.1k | ≤0.22%
Nemeskisfalud,lakók,137,9584627,teljes lakosság %-a,0.21914259156876945,Nemeskisfalud: 0.1k | ≤0.22%
Somogydöröcske,lakók,137,9584627,teljes lakosság %-a,0.22057196383333438,Somogydöröcske: 0.1k | ≤0.22%
Bezeréd,lakók,138,9584627,teljes lakosság %-a,0.22201176947209317,Bezeréd: 0.1k | ≤0.22%
Döbörhegy,lakók,138,9584627,teljes lakosság %-a,0.22345157511085198,Döbörhegy: 0.1k | ≤0.22%
Gyöngyfa,lakók,138,9584627,teljes lakosság %-a,0.22489138074961082,Gyöngyfa: 0.1k | ≤0.22%
Vékény,lakók,138,9584627,teljes lakosság %-a,0.22633118638836963,Vékény: 0.1k | ≤0.23%
Grábóc,lakók,139,9584627,teljes lakosság %-a,0.22778142540132237,Grábóc: 0.1k | ≤0.23%
Kánó,lakók,139,9584627,teljes lakosság %-a,0.2292316644142751,Kánó: 0.1k | ≤0.23%
Okorág,lakók,139,9584627,teljes lakosság %-a,0.2306819034272278,Okorág: 0.1k | ≤0.23%
Péterhida,lakók,139,9584627,teljes lakosság %-a,0.23213214244018052,Péterhida: 0.1k | ≤0.23%
Répceszentgyörgy,lakók,139,9584627,teljes lakosság %-a,0.23358238145313326,Répceszentgyörgy: 0.1k | ≤0.23%
Mesterháza,lakók,140,9584627,teljes lakosság %-a,0.23504305384027985,Mesterháza: 0.1k | ≤0.24%
Rábaszentmiklós,lakók,140,9584627,teljes lakosság %-a,0.23650372622742646,Rábaszentmiklós: 0.1k | ≤0.24%
Apácatorna,lakók,141,9584627,teljes lakosság %-a,0.23797483198876704,Apácatorna: 0.1k | ≤0.24%
Garbolc,lakók,141,9584627,teljes lakosság %-a,0.23944593775010753,Garbolc: 0.1k | ≤0.24%
Hegyhátsál,lakók,141,9584627,teljes lakosság %-a,0.24091704351144808,Hegyhátsál: 0.1k | ≤0.24%
Várkesző,lakók,143,9584627,teljes lakosság %-a,0.24240901602117643,Várkesző: 0.1k | ≤0.24%
Drávagárdony,lakók,144,9584627,teljes lakosság %-a,0.24391142190509865,Drávagárdony: 0.1k | ≤0.24%
Kisnyárád,lakók,144,9584627,teljes lakosság %-a,0.24541382778902088,Kisnyárád: 0.1k | ≤0.25%
Vásárosfalu,lakók,144,9584627,teljes lakosság %-a,0.24691623367294313,Vásárosfalu: 0.1k | ≤0.25%
Velény,lakók,144,9584627,teljes lakosság %-a,0.2484186395568654,Velény: 0.1k | ≤0.25%
Iliny,lakók,145,9584627,teljes lakosság %-a,0.2499314788149815,Iliny: 0.1k | ≤0.25%
Lócs,lakók,145,9584627,teljes lakosság %-a,0.2514443180730977,Lócs: 0.1k | ≤0.25%
Rápolt,lakók,145,9584627,teljes lakosság %-a,0.2529571573312138,Rápolt: 0.1k | ≤0.25%
Zalaszegvár,lakók,145,9584627,teljes lakosság %-a,0.25446999658933,Zalaszegvár: 0.1k | ≤0.25%
Lápafő,lakók,146,9584627,teljes lakosság %-a,0.25599326922164,Lápafő: 0.1k | ≤0.26%
Abod,lakók,147,9584627,teljes lakosság %-a,0.25752697522814394,Abod: 0.1k | ≤0.26%
Bihardancsháza,lakók,147,9584627,teljes lakosság %-a,0.2590606812346479,Bihardancsháza: 0.1k | ≤0.26%
Gyanógeregye,lakók,147,9584627,teljes lakosság %-a,0.26059438724115186,Gyanógeregye: 0.1k | ≤0.26%
Ózdfalu,lakók,147,9584627,teljes lakosság %-a,0.26212809324765585,Ózdfalu: 0.1k | ≤0.26%
Siklósbodony,lakók,147,9584627,teljes lakosság %-a,0.2636617992541598,Siklósbodony: 0.1k | ≤0.26%
Büttös,lakók,148,9584627,teljes lakosság %-a,0.2652059386348577,Büttös: 0.1k | ≤0.27%
Pálfiszeg,lakók,148,9584627,teljes lakosság %-a,0.26675007801555556,Pálfiszeg: 0.1k | ≤0.27%
Drávaszerdahely,lakók,149,9584627,teljes lakosság %-a,0.2683046507704473,Drávaszerdahely: 0.1k | ≤0.27%
Nagytilaj,lakók,149,9584627,teljes lakosság %-a,0.2698592235253391,Nagytilaj: 0.1k | ≤0.27%
Sósvertike,lakók,149,9584627,teljes lakosság %-a,0.2714137962802309,Sósvertike: 0.1k | ≤0.27%
Kisasszond,lakók,150,9584627,teljes lakosság %-a,0.2729788024093165,Kisasszond: 0.1k | ≤0.27%
Pócsa,lakók,150,9584627,teljes lakosság %-a,0.27454380853840216,Pócsa: 0.1k | ≤0.27%
Somogyacsa,lakók,150,9584627,teljes lakosság %-a,0.2761088146674878,Somogyacsa: 0.1k | ≤0.28%
Ebergőc,lakók,151,9584627,teljes lakosság %-a,0.2776842541707674,Ebergőc: 0.2k | ≤0.28%
Tésenfa,lakók,151,9584627,teljes lakosság %-a,0.279259693674047,Tésenfa: 0.2k | ≤0.28%
Újsolt,lakók,151,9584627,teljes lakosság %-a,0.28083513317732656,Újsolt: 0.2k | ≤0.28%
Hegyháthodász,lakók,152,9584627,teljes lakosság %-a,0.28242100605480003,Hegyháthodász: 0.2k | ≤0.28%
Kupa,lakók,152,9584627,teljes lakosság %-a,0.2840068789322735,Kupa: 0.2k | ≤0.28%
Vejti,lakók,153,9584627,teljes lakosság %-a,0.2856031851839409,Vejti: 0.2k | ≤0.29%
Bakonykúti,lakók,154,9584627,teljes lakosság %-a,0.28720992480980223,Bakonykúti: 0.2k | ≤0.29%
Drávacsehi,lakók,154,9584627,teljes lakosság %-a,0.2888166644356635,Drávacsehi: 0.2k | ≤0.29%
Drávaiványi,lakók,154,9584627,teljes lakosság %-a,0.2904234040615248,Drávaiványi: 0.2k | ≤0.29%
Edde,lakók,154,9584627,teljes lakosság %-a,0.29203014368738606,Edde: 0.2k | ≤0.29%
Horpács,lakók,154,9584627,teljes lakosság %-a,0.29363688331324733,Horpács: 0.2k | ≤0.29%
Nagyvejke,lakók,154,9584627,teljes lakosság %-a,0.29524362293910866,Nagyvejke: 0.2k | ≤0.3%
Nemesládony,lakók,154,9584627,teljes lakosság %-a,0.2968503625649699,Nemesládony: 0.2k | ≤0.3%
Baskó,lakók,155,9584627,teljes lakosság %-a,0.2984675355650251,Baskó: 0.2k | ≤0.3%
Pereked,lakók,155,9584627,teljes lakosság %-a,0.3000847085650803,Pereked: 0.2k | ≤0.3%
Pettend,lakók,155,9584627,teljes lakosság %-a,0.3017018815651355,Pettend: 0.2k | ≤0.3%
Somogyegres,lakók,155,9584627,teljes lakosság %-a,0.30331905456519065,Somogyegres: 0.2k | ≤0.3%
Ág,lakók,156,9584627,teljes lakosság %-a,0.3049466609394398,Ág: 0.2k | ≤0.3%
Hegyesd,lakók,156,9584627,teljes lakosság %-a,0.30657426731368886,Hegyesd: 0.2k | ≤0.31%
Lapáncsa,lakók,156,9584627,teljes lakosság %-a,0.308201873687938,Lapáncsa: 0.2k | ≤0.31%
Dobronhegy,lakók,157,9584627,teljes lakosság %-a,0.309839913436381,Dobronhegy: 0.2k | ≤0.31%
Kistolmács,lakók,157,9584627,teljes lakosság %-a,0.31147795318482396,Kistolmács: 0.2k | ≤0.31%
Kissziget,lakók,157,9584627,teljes lakosság %-a,0.313115992933267,Kissziget: 0.2k | ≤0.31%
Visz,lakók,157,9584627,teljes lakosság %-a,0.31475403268171,Visz: 0.2k | ≤0.31%
Molvány,lakók,158,9584627,teljes lakosság %-a,0.31640250580434687,Molvány: 0.2k | ≤0.32%
Nagybudmér,lakók,158,9584627,teljes lakosság %-a,0.3180509789269838,Nagybudmér: 0.2k | ≤0.32%
Áta,lakók,159,9584627,teljes lakosság %-a,0.3197098854238146,Áta: 0.2k | ≤0.32%
Bakháza,lakók,160,9584627,teljes lakosság %-a,0.3213792252948393,Bakháza: 0.2k | ≤0.32%
Bakonygyirót,lakók,160,9584627,teljes lakosság %-a,0.32304856516586405,Bakonygyirót: 0.2k | ≤0.32%
Csurgónagymarton,lakók,160,9584627,teljes lakosság %-a,0.32471790503688874,Csurgónagymarton: 0.2k | ≤0.32%
Meszes,lakók,160,9584627,teljes lakosság %-a,0.3263872449079135,Meszes: 0.2k | ≤0.33%
Tornaszentandrás,lakók,160,9584627,teljes lakosság %-a,0.3280565847789382,Tornaszentandrás: 0.2k | ≤0.33%
Kékesd,lakók,161,9584627,teljes lakosság %-a,0.3297363580241568,Kékesd: 0.2k | ≤0.33%
Kiscsehi,lakók,161,9584627,teljes lakosság %-a,0.3314161312693754,Kiscsehi: 0.2k | ≤0.33%
Kisrákos,lakók,161,9584627,teljes lakosság %-a,0.33309590451459403,Kisrákos: 0.2k | ≤0.33%
Trizs,lakók,161,9584627,teljes lakosság %-a,0.3347756777598127,Trizs: 0.2k | ≤0.33%
Pula,lakók,162,9584627,teljes lakosság %-a,0.3364658843792252,Pula: 0.2k | ≤0.34%
Kórós,lakók,163,9584627,teljes lakosság %-a,0.3381665243728316,Kórós: 0.2k | ≤0.34%
Csapi,lakók,164,9584627,teljes lakosság %-a,0.339877597740632,Csapi: 0.2k | ≤0.34%
Magyardombegyház,lakók,164,9584627,teljes lakosság %-a,0.3415886711084323,Magyardombegyház: 0.2k | ≤0.34%
Adorjás,lakók,165,9584627,teljes lakosság %-a,0.34331017785042656,Adorjás: 0.2k | ≤0.34%
Pusztacsó,lakók,165,9584627,teljes lakosság %-a,0.34503168459242073,Pusztacsó: 0.2k | ≤0.35%
Pusztaederics,lakók,165,9584627,teljes lakosság %-a,0.346753191334415,Pusztaederics: 0.2k | ≤0.35%
Rábcakapi,lakók,165,9584627,teljes lakosság %-a,0.34847469807640924,Rábcakapi: 0.2k | ≤0.35%
Hunyadfalva,lakók,166,9584627,teljes lakosság %-a,0.3502066381925974,Hunyadfalva: 0.2k | ≤0.35%
Örvényes,lakók,166,9584627,teljes lakosság %-a,0.35193857830878555,Örvényes: 0.2k | ≤0.35%
Porpác,lakók,166,9584627,teljes lakosság %-a,0.35367051842497366,Porpác: 0.2k | ≤0.35%
Regenye,lakók,166,9584627,teljes lakosság %-a,0.3554024585411618,Regenye: 0.2k | ≤0.36%
Szentimrefalva,lakók,166,9584627,teljes lakosság %-a,0.3571343986573499,Szentimrefalva: 0.2k | ≤0.36%
Tivadar,lakók,166,9584627,teljes lakosság %-a,0.3588663387735381,Tivadar: 0.2k | ≤0.36%
Kisrécse,lakók,167,9584627,teljes lakosság %-a,0.3606087122639201,Kisrécse: 0.2k | ≤0.36%
Komlósd,lakók,167,9584627,teljes lakosság %-a,0.3623510857543022,Komlósd: 0.2k | ≤0.36%
Szalapa,lakók,167,9584627,teljes lakosság %-a,0.3640934592446842,Szalapa: 0.2k | ≤0.36%
Felsőjánosfa,lakók,168,9584627,teljes lakosság %-a,0.36584626610926013,Felsőjánosfa: 0.2k | ≤0.37%
Somogyaracs,lakók,168,9584627,teljes lakosság %-a,0.36759907297383615,Somogyaracs: 0.2k | ≤0.37%
Monyoród,lakók,169,9584627,teljes lakosság %-a,0.369362313212606,Monyoród: 0.2k | ≤0.37%
Kerkateskánd,lakók,170,9584627,teljes lakosság %-a,0.37113598682556975,Kerkateskánd: 0.2k | ≤0.37%
Kisgörbő,lakók,171,9584627,teljes lakosság %-a,0.3729200938127274,Kisgörbő: 0.2k | ≤0.37%
Nagykölked,lakók,171,9584627,teljes lakosság %-a,0.3747042007998851,Nagykölked: 0.2k | ≤0.37%
Hosszúvölgy,lakók,173,9584627,teljes lakosság %-a,0.37650917453543054,Hosszúvölgy: 0.2k | ≤0.38%
Baranyahídvég,lakók,174,9584627,teljes lakosság %-a,0.3783245816451699,Baranyahídvég: 0.2k | ≤0.38%
Fazekasboda,lakók,174,9584627,teljes lakosság %-a,0.3801399887549093,Fazekasboda: 0.2k | ≤0.38%
Kishajmás,lakók,174,9584627,teljes lakosság %-a,0.38195539586464866,Kishajmás: 0.2k | ≤0.38%
Bakonykoppány,lakók,175,9584627,teljes lakosság %-a,0.38378123634858197,Bakonykoppány: 0.2k | ≤0.38%
Keszőhidegkút,lakók,175,9584627,teljes lakosság %-a,0.3856070768325152,Keszőhidegkút: 0.2k | ≤0.39%
Pinkamindszent,lakók,175,9584627,teljes lakosság %-a,0.3874329173164485,Pinkamindszent: 0.2k | ≤0.39%
Pusztafalu,lakók,175,9584627,teljes lakosság %-a,0.38925875780038177,Pusztafalu: 0.2k | ≤0.39%
Rinyakovácsi,lakók,175,9584627,teljes lakosság %-a,0.39108459828431513,Rinyakovácsi: 0.2k | ≤0.39%
Sajómercse,lakók,175,9584627,teljes lakosság %-a,0.3929104387682483,Sajómercse: 0.2k | ≤0.39%
Szilvásszentmárton,lakók,176,9584627,teljes lakosság %-a,0.3947467126263755,Szilvásszentmárton: 0.2k | ≤0.39%
Ibafa,lakók,177,9584627,teljes lakosság %-a,0.3965934198586966,Ibafa: 0.2k | ≤0.4%
Kozárd,lakók,177,9584627,teljes lakosság %-a,0.3984401270910177,Kozárd: 0.2k | ≤0.4%
Liptód,lakók,177,9584627,teljes lakosság %-a,0.40028683432333884,Liptód: 0.2k | ≤0.4%
Miklósi,lakók,177,9584627,teljes lakosság %-a,0.4021335415556599,Miklósi: 0.2k | ≤0.4%
Rinyabesenyő,lakók,177,9584627,teljes lakosság %-a,0.403980248787981,Rinyabesenyő: 0.2k | ≤0.4%
Maráza,lakók,178,9584627,teljes lakosság %-a,0.40583738939449604,Maráza: 0.2k | ≤0.41%
Kisherend,lakók,179,9584627,teljes lakosság %-a,0.4077049633752049,Kisherend: 0.2k | ≤0.41%
Márfa,lakók,179,9584627,teljes lakosság %-a,0.4095725373559138,Márfa: 0.2k | ≤0.41%
Tárnokréti,lakók,179,9584627,teljes lakosság %-a,0.4114401113366227,Tárnokréti: 0.2k | ≤0.41%
Balatonrendes,lakók,180,9584627,teljes lakosság %-a,0.41331811869152546,Balatonrendes: 0.2k | ≤0.41%
Csonkamindszent,lakók,180,9584627,teljes lakosság %-a,0.4151961260464283,Csonkamindszent: 0.2k | ≤0.42%
Harasztifalu,lakók,180,9584627,teljes lakosság %-a,0.41707413340133115,Harasztifalu: 0.2k | ≤0.42%
Kacorlak,lakók,180,9584627,teljes lakosság %-a,0.4189521407562339,Kacorlak: 0.2k | ≤0.42%
Kercaszomor,lakók,180,9584627,teljes lakosság %-a,0.4208301481111367,Kercaszomor: 0.2k | ≤0.42%
Hernádpetri,lakók,181,9584627,teljes lakosság %-a,0.4227185888402334,Hernádpetri: 0.2k | ≤0.42%
Vásárosbéc,lakók,181,9584627,teljes lakosság %-a,0.42460702956933016,Vásárosbéc: 0.2k | ≤0.42%
Bezedek,lakók,182,9584627,teljes lakosság %-a,0.4265059036726208,Bezedek: 0.2k | ≤0.43%
Kisasszonyfa,lakók,182,9584627,teljes lakosság %-a,0.42840477777591135,Kisasszonyfa: 0.2k | ≤0.43%
Porrog,lakók,182,9584627,teljes lakosság %-a,0.43030365187920194,Porrog: 0.2k | ≤0.43%
Nagygörbő,lakók,184,9584627,teljes lakosság %-a,0.43222339273088045,Nagygörbő: 0.2k | ≤0.43%
Várfölde,lakók,184,9584627,teljes lakosság %-a,0.43414313358255885,Várfölde: 0.2k | ≤0.43%
Zalkod,lakók,184,9584627,teljes lakosság %-a,0.43606287443423725,Zalkod: 0.2k | ≤0.44%
Ivándárda,lakók,185,9584627,teljes lakosság %-a,0.4379930486601096,Ivándárda: 0.2k | ≤0.44%
Kisberény,lakók,185,9584627,teljes lakosság %-a,0.43992322288598185,Kisberény: 0.2k | ≤0.44%
Kisrozvágy,lakók,185,9584627,teljes lakosság %-a,0.44185339711185423,Kisrozvágy: 0.2k | ≤0.44%
Bodolyabér,lakók,186,9584627,teljes lakosság %-a,0.4437940047119205,Bodolyabér: 0.2k | ≤0.44%
Drávacsepely,lakók,186,9584627,teljes lakosság %-a,0.4457346123119867,Drávacsepely: 0.2k | ≤0.45%
Horvátlövő,lakók,186,9584627,teljes lakosság %-a,0.4476752199120529,Horvátlövő: 0.2k | ≤0.45%
Kerkaszentkirály,lakók,186,9584627,teljes lakosság %-a,0.44961582751211915,Kerkaszentkirály: 0.2k | ≤0.45%
Ozmánbük,lakók,186,9584627,teljes lakosság %-a,0.45155643511218535,Ozmánbük: 0.2k | ≤0.45%
Feked,lakók,187,9584627,teljes lakosság %-a,0.4535074760864455,Feked: 0.2k | ≤0.45%
Komjáti,lakók,187,9584627,teljes lakosság %-a,0.4554585170607056,Komjáti: 0.2k | ≤0.46%
Rádfalva,lakók,187,9584627,teljes lakosság %-a,0.45740955803496575,Rádfalva: 0.2k | ≤0.46%
Kákics,lakók,188,9584627,teljes lakosság %-a,0.4593710323834198,Kákics: 0.2k | ≤0.46%
Bánfa,lakók,189,9584627,teljes lakosság %-a,0.46134294010606774,Bánfa: 0.2k | ≤0.46%
Ipacsfa,lakók,189,9584627,teljes lakosság %-a,0.46331484782871574,Ipacsfa: 0.2k | ≤0.46%
Magyartelek,lakók,189,9584627,teljes lakosság %-a,0.4652867555513637,Magyartelek: 0.2k | ≤0.47%
Szentbékkálla,lakók,189,9584627,teljes lakosság %-a,0.46725866327401155,Szentbékkálla: 0.2k | ≤0.47%
Szinpetri,lakók,189,9584627,teljes lakosság %-a,0.4692305709966596,Szinpetri: 0.2k | ≤0.47%
Tilaj,lakók,189,9584627,teljes lakosság %-a,0.4712024787193075,Tilaj: 0.2k | ≤0.47%
Cún,lakók,190,9584627,teljes lakosság %-a,0.47318481981614935,Cún: 0.2k | ≤0.47%
Kemenesszentmárton,lakók,190,9584627,teljes lakosság %-a,0.4751671609129912,Kemenesszentmárton: 0.2k | ≤0.48%
Kiskutas,lakók,190,9584627,teljes lakosság %-a,0.4771495020098331,Kiskutas: 0.2k | ≤0.48%
Pusztaberki,lakók,190,9584627,teljes lakosság %-a,0.47913184310667495,Pusztaberki: 0.2k | ≤0.48%
Rigács,lakók,190,9584627,teljes lakosság %-a,0.4811141842035167,Rigács: 0.2k | ≤0.48%
Szilvágy,lakók,190,9584627,teljes lakosság %-a,0.48309652530035857,Szilvágy: 0.2k | ≤0.48%
Basal,lakók,191,9584627,teljes lakosság %-a,0.48508929977139437,Basal: 0.2k | ≤0.49%
Bózsva,lakók,191,9584627,teljes lakosság %-a,0.48708207424243005,Bózsva: 0.2k | ≤0.49%
Kiscsécs,lakók,191,9584627,teljes lakosság %-a,0.48907484871346585,Kiscsécs: 0.2k | ≤0.49%
Kőszegpaty,lakók,192,9584627,teljes lakosság %-a,0.49107805655869546,Kőszegpaty: 0.2k | ≤0.49%
Nóráp,lakók,192,9584627,teljes lakosság %-a,0.49308126440392513,Nóráp: 0.2k | ≤0.49%
Szécsisziget,lakók,192,9584627,teljes lakosság %-a,0.49508447224915486,Szécsisziget: 0.2k | ≤0.5%
Teleki,lakók,192,9584627,teljes lakosság %-a,0.49708768009438453,Teleki: 0.2k | ≤0.5%
Zajk,lakók,192,9584627,teljes lakosság %-a,0.49909088793961415,Zajk: 0.2k | ≤0.5%
Sámod,lakók,193,9584627,teljes lakosság %-a,0.5011045291590377,Sámod: 0.2k | ≤0.5%
Újlőrincfalva,lakók,193,9584627,teljes lakosság %-a,0.5031181703784612,Újlőrincfalva: 0.2k | ≤0.5%
Zalamerenye,lakók,193,9584627,teljes lakosság %-a,0.5051318115978848,Zalamerenye: 0.2k | ≤0.51%
Alsóregmec,lakók,194,9584627,teljes lakosság %-a,0.5071558861915023,Alsóregmec: 0.2k | ≤0.51%
Lickóvadamos,lakók,195,9584627,teljes lakosság %-a,0.5091903941593137,Lickóvadamos: 0.2k | ≤0.51%
Szécsénke,lakók,195,9584627,teljes lakosság %-a,0.511224902127125,Szécsénke: 0.2k | ≤0.51%
Tékes,lakók,195,9584627,teljes lakosság %-a,0.5132594100949364,Tékes: 0.2k | ≤0.51%
Lúzsok,lakók,196,9584627,teljes lakosság %-a,0.5153043514369416,Lúzsok: 0.2k | ≤0.52%
Nemeskér,lakók,196,9584627,teljes lakosság %-a,0.5173492927789469,Nemeskér: 0.2k | ≤0.52%
Németfalu,lakók,196,9584627,teljes lakosság %-a,0.5193942341209522,Németfalu: 0.2k | ≤0.52%
Köblény,lakók,197,9584627,teljes lakosság %-a,0.5214496088371514,Köblény: 0.2k | ≤0.52%
Pat,lakók,198,9584627,teljes lakosság %-a,0.5235154169275444,Pat: 0.2k | ≤0.52%
Vinár,lakók,199,9584627,teljes lakosság %-a,0.5255916583921315,Vinár: 0.2k | ≤0.53%
Chernelházadamonya,lakók,200,9584627,teljes lakosság %-a,0.5276783332309124,Chernelházadamonya: 0.2k | ≤0.53%
Karakó,lakók,200,9584627,teljes lakosság %-a,0.5297650080696933,Karakó: 0.2k | ≤0.53%
Potony,lakók,200,9584627,teljes lakosság %-a,0.5318516829084742,Potony: 0.2k | ≤0.53%
Ecseny,lakók,201,9584627,teljes lakosság %-a,0.533948791121449,Ecseny: 0.2k | ≤0.53%
Gagybátor,lakók,201,9584627,teljes lakosság %-a,0.5360458993344238,Gagybátor: 0.2k | ≤0.54%
Öcs,lakók,201,9584627,teljes lakosság %-a,0.5381430075473986,Öcs: 0.2k | ≤0.54%
Szaporca,lakók,201,9584627,teljes lakosság %-a,0.5402401157603733,Szaporca: 0.2k | ≤0.54%
Torvaj,lakók,201,9584627,teljes lakosság %-a,0.5423372239733482,Torvaj: 0.2k | ≤0.54%
Kisgyalán,lakók,202,9584627,teljes lakosság %-a,0.5444447655605169,Kisgyalán: 0.2k | ≤0.54%
Hernádszurdok,lakók,203,9584627,teljes lakosság %-a,0.5465627405218795,Hernádszurdok: 0.2k | ≤0.55%
Meszlen,lakók,203,9584627,teljes lakosság %-a,0.548680715483242,Meszlen: 0.2k | ≤0.55%
Petőmihályfa,lakók,203,9584627,teljes lakosság %-a,0.5507986904446047,Petőmihályfa: 0.2k | ≤0.55%
Békás,lakók,204,9584627,teljes lakosság %-a,0.5529270987801611,Békás: 0.2k | ≤0.55%
Kistapolca,lakók,204,9584627,teljes lakosság %-a,0.5550555071157177,Kistapolca: 0.2k | ≤0.56%
Nyugotszenterzsébet,lakók,205,9584627,teljes lakosság %-a,0.557194348825468,Nyugotszenterzsébet: 0.2k | ≤0.56%
Szakadát,lakók,205,9584627,teljes lakosság %-a,0.5593331905352186,Szakadát: 0.2k | ≤0.56%
Tiszatardos,lakók,205,9584627,teljes lakosság %-a,0.561472032244969,Tiszatardos: 0.2k | ≤0.56%
Zaláta,lakók,205,9584627,teljes lakosság %-a,0.5636108739547193,Zaláta: 0.2k | ≤0.56%
Szarvaskend,lakók,206,9584627,teljes lakosság %-a,0.5657601490386637,Szarvaskend: 0.2k | ≤0.57%
Tiszacsécse,lakók,206,9584627,teljes lakosság %-a,0.567909424122608,Tiszacsécse: 0.2k | ≤0.57%
Villánykövesd,lakók,206,9584627,teljes lakosság %-a,0.5700586992065523,Villánykövesd: 0.2k | ≤0.57%
Kisecset,lakók,207,9584627,teljes lakosság %-a,0.5722184076646906,Kisecset: 0.2k | ≤0.57%
Szegerdő,lakók,208,9584627,teljes lakosság %-a,0.5743885494970227,Szegerdő: 0.2k | ≤0.57%
Szegilong,lakók,208,9584627,teljes lakosság %-a,0.5765586913293548,Szegilong: 0.2k | ≤0.58%
Tomor,lakók,208,9584627,teljes lakosság %-a,0.5787288331616869,Tomor: 0.2k | ≤0.58%
Hejce,lakók,209,9584627,teljes lakosság %-a,0.5809094083682129,Hejce: 0.2k | ≤0.58%
Lulla,lakók,209,9584627,teljes lakosság %-a,0.5830899835747391,Lulla: 0.2k | ≤0.58%
Martonfa,lakók,209,9584627,teljes lakosság %-a,0.5852705587812651,Martonfa: 0.2k | ≤0.59%
Nemeske,lakók,209,9584627,teljes lakosság %-a,0.587451133987791,Nemeske: 0.2k | ≤0.59%
Peterd,lakók,209,9584627,teljes lakosság %-a,0.5896317091943171,Peterd: 0.2k | ≤0.59%
Rábatöttös,lakók,209,9584627,teljes lakosság %-a,0.5918122844008431,Rábatöttös: 0.2k | ≤0.59%
Terpes,lakók,209,9584627,teljes lakosság %-a,0.5939928596073691,Terpes: 0.2k | ≤0.59%
Tótújfalu,lakók,209,9584627,teljes lakosság %-a,0.5961734348138953,Tótújfalu: 0.2k | ≤0.6%
Bucsuta,lakók,210,9584627,teljes lakosság %-a,0.5983644433946151,Bucsuta: 0.2k | ≤0.6%
Egeralja,lakók,211,9584627,teljes lakosság %-a,0.6005658853495289,Egeralja: 0.2k | ≤0.6%
Felsőgagy,lakók,211,9584627,teljes lakosság %-a,0.6027673273044428,Felsőgagy: 0.2k | ≤0.6%
Szakácsi,lakók,211,9584627,teljes lakosság %-a,0.6049687692593566,Szakácsi: 0.2k | ≤0.6%
Tornaszentjakab,lakók,211,9584627,teljes lakosság %-a,0.6071702112142705,Tornaszentjakab: 0.2k | ≤0.61%
Vének,lakók,211,9584627,teljes lakosság %-a,0.6093716531691843,Vének: 0.2k | ≤0.61%
Vigántpetend,lakók,211,9584627,teljes lakosság %-a,0.6115730951240983,Vigántpetend: 0.2k | ≤0.61%
Ellend,lakók,212,9584627,teljes lakosság %-a,0.6137849704532059,Ellend: 0.2k | ≤0.61%
Őrimagyarósd,lakók,212,9584627,teljes lakosság %-a,0.6159968457823137,Őrimagyarósd: 0.2k | ≤0.62%
Zsédeny,lakók,212,9584627,teljes lakosság %-a,0.6182087211114214,Zsédeny: 0.2k | ≤0.62%
Szárazd,lakók,213,9584627,teljes lakosság %-a,0.6204310298147231,Szárazd: 0.2k | ≤0.62%
Kilimán,lakók,214,9584627,teljes lakosság %-a,0.6226637718922187,Kilimán: 0.2k | ≤0.62%
Kisszentmárton,lakók,214,9584627,teljes lakosság %-a,0.6248965139697142,Kisszentmárton: 0.2k | ≤0.62%
Polány,lakók,214,9584627,teljes lakosság %-a,0.6271292560472098,Polány: 0.2k | ≤0.63%
Szalafő,lakók,214,9584627,teljes lakosság %-a,0.6293619981247054,Szalafő: 0.2k | ≤0.63%
Bakonyszentiván,lakók,215,9584627,teljes lakosság %-a,0.6316051735763948,Bakonyszentiván: 0.2k | ≤0.63%
Zselickisfalud,lakók,215,9584627,teljes lakosság %-a,0.6338483490280843,Zselickisfalud: 0.2k | ≤0.63%
Bisse,lakók,217,9584627,teljes lakosság %-a,0.6361123912281615,Bisse: 0.2k | ≤0.64%
Dúzs,lakók,218,9584627,teljes lakosság %-a,0.6383868668024327,Dúzs: 0.2k | ≤0.64%
Gálosfa,lakók,218,9584627,teljes lakosság %-a,0.6406613423767038,Gálosfa: 0.2k | ≤0.64%
Gagyvendégi,lakók,219,9584627,teljes lakosság %-a,0.642946251325169,Gagyvendégi: 0.2k | ≤0.64%
Gerényes,lakók,219,9584627,teljes lakosság %-a,0.645231160273634,Gerényes: 0.2k | ≤0.65%
Somogyviszló,lakók,219,9584627,teljes lakosság %-a,0.6475160692220991,Somogyviszló: 0.2k | ≤0.65%
Kissomlyó,lakók,220,9584627,teljes lakosság %-a,0.6498114115447581,Kissomlyó: 0.2k | ≤0.65%
Komlóska,lakók,220,9584627,teljes lakosság %-a,0.652106753867417,Komlóska: 0.2k | ≤0.65%
Márkháza,lakók,220,9584627,teljes lakosság %-a,0.654402096190076,Márkháza: 0.2k | ≤0.65%
Pusztaradvány,lakók,220,9584627,teljes lakosság %-a,0.656697438512735,Pusztaradvány: 0.2k | ≤0.66%
Visnye,lakók,220,9584627,teljes lakosság %-a,0.658992780835394,Visnye: 0.2k | ≤0.66%
Bonnya,lakók,221,9584627,teljes lakosság %-a,0.6612985565322469,Bonnya: 0.2k | ≤0.66%
Hajmás,lakók,221,9584627,teljes lakosság %-a,0.6636043322290998,Hajmás: 0.2k | ≤0.66%
Nagypirit,lakók,221,9584627,teljes lakosság %-a,0.6659101079259526,Nagypirit: 0.2k | ≤0.67%
Piskó,lakók,221,9584627,teljes lakosság %-a,0.6682158836228055,Piskó: 0.2k | ≤0.67%
Bogdása,lakók,222,9584627,teljes lakosság %-a,0.6705320926938523,Bogdása: 0.2k | ≤0.67%
Kovácshida,lakók,222,9584627,teljes lakosság %-a,0.6728483017648991,Kovácshida: 0.2k | ≤0.67%
Tarnaszentmária,lakók,222,9584627,teljes lakosság %-a,0.6751645108359459,Tarnaszentmária: 0.2k | ≤0.68%
Andrásfa,lakók,223,9584627,teljes lakosság %-a,0.6774911532811867,Andrásfa: 0.2k | ≤0.68%
Cserénfa,lakók,223,9584627,teljes lakosság %-a,0.6798177957264273,Cserénfa: 0.2k | ≤0.68%
Damak,lakók,223,9584627,teljes lakosság %-a,0.682144438171668,Damak: 0.2k | ≤0.68%
Hermánszeg,lakók,226,9584627,teljes lakosság %-a,0.6845023807394904,Hermánszeg: 0.2k | ≤0.68%
Sorkikápolna,lakók,226,9584627,teljes lakosság %-a,0.6868603233073128,Sorkikápolna: 0.2k | ≤0.69%
Újvárfalva,lakók,226,9584627,teljes lakosság %-a,0.6892182658751352,Újvárfalva: 0.2k | ≤0.69%
Abaújszolnok,lakók,227,9584627,teljes lakosság %-a,0.6915866418171516,Abaújszolnok: 0.2k | ≤0.69%
Alsóbogát,lakók,227,9584627,teljes lakosság %-a,0.6939550177591679,Alsóbogát: 0.2k | ≤0.69%
Jágónak,lakók,227,9584627,teljes lakosság %-a,0.6963233937011842,Jágónak: 0.2k | ≤0.7%
Kemestaródfa,lakók,227,9584627,teljes lakosság %-a,0.6986917696432006,Kemestaródfa: 0.2k | ≤0.7%
Oltárc,lakók,227,9584627,teljes lakosság %-a,0.7010601455852169,Oltárc: 0.2k | ≤0.7%
Borgáta,lakók,228,9584627,teljes lakosság %-a,0.703438954901427,Borgáta: 0.2k | ≤0.7%
Illocska,lakók,228,9584627,teljes lakosság %-a,0.7058177642176372,Illocska: 0.2k | ≤0.71%
Kiskassa,lakók,229,9584627,teljes lakosság %-a,0.7082070069080414,Kiskassa: 0.2k | ≤0.71%
Lispeszentadorján,lakók,229,9584627,teljes lakosság %-a,0.7105962495984455,Lispeszentadorján: 0.2k | ≤0.71%
Mindszentkálla,lakók,229,9584627,teljes lakosság %-a,0.7129854922888497,Mindszentkálla: 0.2k | ≤0.71%
Murarátka,lakók,229,9584627,teljes lakosság %-a,0.7153747349792537,Murarátka: 0.2k | ≤0.72%
Zala,lakók,229,9584627,teljes lakosság %-a,0.7177639776696579,Zala: 0.2k | ≤0.72%
Nagykeresztúr,lakók,230,9584627,teljes lakosság %-a,0.720163653734256,Nagykeresztúr: 0.2k | ≤0.72%
Csáfordjánosfa,lakók,231,9584627,teljes lakosság %-a,0.7225737631730478,Csáfordjánosfa: 0.2k | ≤0.72%
Duka,lakók,231,9584627,teljes lakosság %-a,0.7249838726118398,Duka: 0.2k | ≤0.72%
Felsőberecki,lakók,231,9584627,teljes lakosság %-a,0.7273939820506317,Felsőberecki: 0.2k | ≤0.73%
Hirics,lakók,231,9584627,teljes lakosság %-a,0.7298040914894236,Hirics: 0.2k | ≤0.73%
Alsótold,lakók,232,9584627,teljes lakosság %-a,0.7322246343024095,Alsótold: 0.2k | ≤0.73%
Sóstófalva,lakók,232,9584627,teljes lakosság %-a,0.7346451771153952,Sóstófalva: 0.2k | ≤0.73%
Jósvafő,lakók,233,9584627,teljes lakosság %-a,0.737076153302575,Jósvafő: 0.2k | ≤0.74%
Magyarszombatfa,lakók,233,9584627,teljes lakosság %-a,0.7395071294897548,Magyarszombatfa: 0.2k | ≤0.74%
Csatka,lakók,234,9584627,teljes lakosság %-a,0.7419485390511285,Csatka: 0.2k | ≤0.74%
Merenye,lakók,234,9584627,teljes lakosság %-a,0.7443899486125021,Merenye: 0.2k | ≤0.74%
Magyarszentmiklós,lakók,235,9584627,teljes lakosság %-a,0.7468417915480696,Magyarszentmiklós: 0.2k | ≤0.75%
Palkonya,lakók,235,9584627,teljes lakosság %-a,0.7492936344836372,Palkonya: 0.2k | ≤0.75%
Patosfa,lakók,236,9584627,teljes lakosság %-a,0.7517559107933987,Patosfa: 0.2k | ≤0.75%
Sárazsadány,lakók,236,9584627,teljes lakosság %-a,0.7542181871031601,Sárazsadány: 0.2k | ≤0.75%
Szulimán,lakók,236,9584627,teljes lakosság %-a,0.7566804634129215,Szulimán: 0.2k | ≤0.76%
Szűr,lakók,236,9584627,teljes lakosság %-a,0.759142739722683,Szűr: 0.2k | ≤0.76%
Bodmér,lakók,237,9584627,teljes lakosság %-a,0.7616154494066383,Bodmér: 0.2k | ≤0.76%
Kisbabot,lakók,237,9584627,teljes lakosság %-a,0.7640881590905937,Kisbabot: 0.2k | ≤0.76%
Zalaerdőd,lakók,237,9584627,teljes lakosság %-a,0.7665608687745491,Zalaerdőd: 0.2k | ≤0.77%
Lothárd,lakók,238,9584627,teljes lakosság %-a,0.7690440118326983,Lothárd: 0.2k | ≤0.77%
Rakacaszend,lakók,238,9584627,teljes lakosság %-a,0.7715271548908476,Rakacaszend: 0.2k | ≤0.77%
Kastélyosdombó,lakók,240,9584627,teljes lakosság %-a,0.7740311646973846,Kastélyosdombó: 0.2k | ≤0.77%
Kerecseny,lakók,240,9584627,teljes lakosság %-a,0.7765351745039217,Kerecseny: 0.2k | ≤0.78%
Kisdobsza,lakók,240,9584627,teljes lakosság %-a,0.7790391843104588,Kisdobsza: 0.2k | ≤0.78%
Mekényes,lakók,240,9584627,teljes lakosság %-a,0.7815431941169959,Mekényes: 0.2k | ≤0.78%
Pórszombat,lakók,240,9584627,teljes lakosság %-a,0.784047203923533,Pórszombat: 0.2k | ≤0.78%
Dubicsány,lakók,241,9584627,teljes lakosság %-a,0.7865616471042639,Dubicsány: 0.2k | ≤0.79%
Kávás,lakók,241,9584627,teljes lakosság %-a,0.7890760902849949,Kávás: 0.2k | ≤0.79%
Nemespátró,lakók,241,9584627,teljes lakosság %-a,0.7915905334657259,Nemespátró: 0.2k | ≤0.79%
Aka,lakók,242,9584627,teljes lakosság %-a,0.7941154100206509,Aka: 0.2k | ≤0.79%
Monaj,lakók,242,9584627,teljes lakosság %-a,0.7966402865755756,Monaj: 0.2k | ≤0.8%
Nemesszentandrás,lakók,242,9584627,teljes lakosság %-a,0.7991651631305006,Nemesszentandrás: 0.2k | ≤0.8%
Hollád,lakók,243,9584627,teljes lakosság %-a,0.8017004730596194,Hollád: 0.2k | ≤0.8%
Köcsk,lakók,243,9584627,teljes lakosság %-a,0.8042357829887381,Köcsk: 0.2k | ≤0.8%
Lénárddaróc,lakók,243,9584627,teljes lakosság %-a,0.806771092917857,Lénárddaróc: 0.2k | ≤0.81%
Raposka,lakók,243,9584627,teljes lakosság %-a,0.8093064028469756,Raposka: 0.2k | ≤0.81%
Rátót,lakók,243,9584627,teljes lakosság %-a,0.8118417127760945,Rátót: 0.2k | ≤0.81%
Tormás,lakók,243,9584627,teljes lakosság %-a,0.8143770227052132,Tormás: 0.2k | ≤0.81%
Bókaháza,lakók,244,9584627,teljes lakosság %-a,0.816922766008526,Bókaháza: 0.2k | ≤0.82%
Csehi,lakók,244,9584627,teljes lakosság %-a,0.8194685093118387,Csehi: 0.2k | ≤0.82%
Sámsonháza,lakók,244,9584627,teljes lakosság %-a,0.8220142526151513,Sámsonháza: 0.2k | ≤0.82%
Szabadi,lakók,244,9584627,teljes lakosság %-a,0.8245599959184641,Szabadi: 0.2k | ≤0.82%
Újireg,lakók,244,9584627,teljes lakosság %-a,0.8271057392217767,Újireg: 0.2k | ≤0.83%
Hernádcéce,lakók,245,9584627,teljes lakosság %-a,0.8296619158992833,Hernádcéce: 0.2k | ≤0.83%
Mátyus,lakók,245,9584627,teljes lakosság %-a,0.8322180925767898,Mátyus: 0.2k | ≤0.83%
Zsujta,lakók,245,9584627,teljes lakosság %-a,0.8347742692542965,Zsujta: 0.2k | ≤0.83%
Kenéz,lakók,246,9584627,teljes lakosság %-a,0.8373408793059971,Kenéz: 0.2k | ≤0.84%
Resznek,lakók,246,9584627,teljes lakosság %-a,0.8399074893576975,Resznek: 0.2k | ≤0.84%
Sáska,lakók,246,9584627,teljes lakosság %-a,0.8424740994093979,Sáska: 0.2k | ≤0.84%
Gelsesziget,lakók,248,9584627,teljes lakosság %-a,0.8450615762094863,Gelsesziget: 0.2k | ≤0.85%
Závod,lakók,248,9584627,teljes lakosság %-a,0.8476490530095746,Závod: 0.2k | ≤0.85%
Bugacpusztaháza,lakók,249,9584627,teljes lakosság %-a,0.8502469631838568,Bugacpusztaháza: 0.2k | ≤0.85%
Pamuk,lakók,249,9584627,teljes lakosság %-a,0.8528448733581391,Pamuk: 0.2k | ≤0.85%
Szentistvánbaksa,lakók,249,9584627,teljes lakosság %-a,0.8554427835324212,Szentistvánbaksa: 0.2k | ≤0.86%
Szergény,lakók,249,9584627,teljes lakosság %-a,0.8580406937067033,Szergény: 0.2k | ≤0.86%
Zók,lakók,249,9584627,teljes lakosság %-a,0.8606386038809857,Zók: 0.2k | ≤0.86%
Szegi,lakók,250,9584627,teljes lakosság %-a,0.8632469474294617,Szegi: 0.2k | ≤0.86%
Béb,lakók,251,9584627,teljes lakosság %-a,0.8658657243521318,Béb: 0.3k | ≤0.87%
Porrogszentkirály,lakók,251,9584627,teljes lakosság %-a,0.8684845012748018,Porrogszentkirály: 0.3k | ≤0.87%
Viszák,lakók,251,9584627,teljes lakosság %-a,0.8711032781974718,Viszák: 0.3k | ≤0.87%
Miszla,lakók,252,9584627,teljes lakosság %-a,0.8737324884943357,Miszla: 0.3k | ≤0.87%
Négyes,lakók,252,9584627,teljes lakosság %-a,0.8763616987911997,Négyes: 0.3k | ≤0.88%
Abaújvár,lakók,253,9584627,teljes lakosság %-a,0.8790013424622576,Abaújvár: 0.3k | ≤0.88%
Homokkomárom,lakók,253,9584627,teljes lakosság %-a,0.8816409861333153,Homokkomárom: 0.3k | ≤0.88%
Nagyrákos,lakók,253,9584627,teljes lakosság %-a,0.8842806298043732,Nagyrákos: 0.3k | ≤0.88%
Lácacséke,lakók,254,9584627,teljes lakosság %-a,0.8869307068496248,Lácacséke: 0.3k | ≤0.89%
Zalaszentlőrinc,lakók,254,9584627,teljes lakosság %-a,0.8895807838948767,Zalaszentlőrinc: 0.3k | ≤0.89%
Bakonyszücs,lakók,255,9584627,teljes lakosság %-a,0.8922412943143223,Bakonyszücs: 0.3k | ≤0.89%
Nagygeresd,lakók,255,9584627,teljes lakosság %-a,0.894901804733768,Nagygeresd: 0.3k | ≤0.89%
Szentliszló,lakók,255,9584627,teljes lakosság %-a,0.8975623151532136,Szentliszló: 0.3k | ≤0.9%
Túrony,lakók,255,9584627,teljes lakosság %-a,0.9002228255726592,Túrony: 0.3k | ≤0.9%
Detek,lakók,256,9584627,teljes lakosság %-a,0.9028937693662987,Detek: 0.3k | ≤0.9%
Magyarsarlós,lakók,256,9584627,teljes lakosság %-a,0.9055647131599383,Magyarsarlós: 0.3k | ≤0.91%
Alsómocsolád,lakók,257,9584627,teljes lakosság %-a,0.9082460903277717,Alsómocsolád: 0.3k | ≤0.91%
Diósberény,lakók,257,9584627,teljes lakosság %-a,0.9109274674956052,Diósberény: 0.3k | ≤0.91%
Erzsébet,lakók,257,9584627,teljes lakosság %-a,0.9136088446634386,Erzsébet: 0.3k | ≤0.91%
Kéked,lakók,257,9584627,teljes lakosság %-a,0.9162902218312721,Kéked: 0.3k | ≤0.92%
Ganna,lakók,258,9584627,teljes lakosság %-a,0.9189820323732995,Ganna: 0.3k | ≤0.92%
Nemesrempehollós,lakók,258,9584627,teljes lakosság %-a,0.9216738429153268,Nemesrempehollós: 0.3k | ≤0.92%
Csibrák,lakók,259,9584627,teljes lakosság %-a,0.924376086831548,Csibrák: 0.3k | ≤0.92%
Döbrönte,lakók,259,9584627,teljes lakosság %-a,0.9270783307477694,Döbrönte: 0.3k | ≤0.93%
Dunaremete,lakók,259,9584627,teljes lakosság %-a,0.9297805746639906,Dunaremete: 0.3k | ≤0.93%
Hásságy,lakók,259,9584627,teljes lakosság %-a,0.9324828185802119,Hásságy: 0.3k | ≤0.93%
Kishuta,lakók,259,9584627,teljes lakosság %-a,0.9351850624964331,Kishuta: 0.3k | ≤0.94%
Csombárd,lakók,260,9584627,teljes lakosság %-a,0.9378977397868483,Csombárd: 0.3k | ≤0.94%
Kislippó,lakók,260,9584627,teljes lakosság %-a,0.9406104170772634,Kislippó: 0.3k | ≤0.94%
Pósfa,lakók,260,9584627,teljes lakosság %-a,0.9433230943676785,Pósfa: 0.3k | ≤0.94%
Olcsvaapáti,lakók,261,9584627,teljes lakosság %-a,0.9460462050322878,Olcsvaapáti: 0.3k | ≤0.95%
Udvari,lakók,261,9584627,teljes lakosság %-a,0.9487693156968967,Udvari: 0.3k | ≤0.95%
Bakóca,lakók,262,9584627,teljes lakosság %-a,0.9515028597356997,Bakóca: 0.3k | ≤0.95%
Heresznye,lakók,262,9584627,teljes lakosság %-a,0.9542364037745027,Heresznye: 0.3k | ≤0.95%
Veszprémfajsz,lakók,263,9584627,teljes lakosság %-a,0.9569803811874996,Veszprémfajsz: 0.3k | ≤0.96%
Dövény,lakók,264,9584627,teljes lakosság %-a,0.9597347919746902,Dövény: 0.3k | ≤0.96%
Gyöngyösmellék,lakók,264,9584627,teljes lakosság %-a,0.9624892027618811,Gyöngyösmellék: 0.3k | ≤0.96%
Felsőmarác,lakók,265,9584627,teljes lakosság %-a,0.9652540469232658,Felsőmarác: 0.3k | ≤0.97%
Hegyhátszentjakab,lakók,266,9584627,teljes lakosság %-a,0.9680293244588443,Hegyhátszentjakab: 0.3k | ≤0.97%
Hejőkürt,lakók,266,9584627,teljes lakosság %-a,0.970804601994423,Hejőkürt: 0.3k | ≤0.97%
Misefa,lakók,266,9584627,teljes lakosság %-a,0.9735798795300016,Misefa: 0.3k | ≤0.97%
Drágszél,lakók,267,9584627,teljes lakosság %-a,0.976365590439774,Drágszél: 0.3k | ≤0.98%
Nyomár,lakók,267,9584627,teljes lakosság %-a,0.9791513013495465,Nyomár: 0.3k | ≤0.98%
Répceszemere,lakók,267,9584627,teljes lakosság %-a,0.981937012259319,Répceszemere: 0.3k | ≤0.98%
Szőkedencs,lakók,267,9584627,teljes lakosság %-a,0.9847227231690915,Szőkedencs: 0.3k | ≤0.98%
Csabaszabadi,lakók,268,9584627,teljes lakosság %-a,0.987518867453058,Csabaszabadi: 0.3k | ≤0.99%
Iklódbördőce,lakók,268,9584627,teljes lakosság %-a,0.9903150117370243,Iklódbördőce: 0.3k | ≤0.99%
Lovászhetény,lakók,268,9584627,teljes lakosság %-a,0.9931111560209908,Lovászhetény: 0.3k | ≤0.99%
Pácsony,lakók,268,9584627,teljes lakosság %-a,0.9959073003049571,Pácsony: 0.3k | ≤1%
Patapoklosi,lakók,268,9584627,teljes lakosság %-a,0.9987034445889234,Patapoklosi: 0.3k | ≤1%
Árpás,lakók,269,9584627,teljes lakosság %-a,1.0015100222470839,Árpás: 0.3k | ≤1%
Böde,lakók,269,9584627,teljes lakosság %-a,1.0043165999052441,Böde: 0.3k | ≤1%
Kerkabarabás,lakók,270,9584627,teljes lakosság %-a,1.0071336109375983,Kerkabarabás: 0.3k | ≤1%
Kisnamény,lakók,270,9584627,teljes lakosság %-a,1.0099506219699526,Kisnamény: 0.3k | ≤1%
Ládbesenyő,lakók,270,9584627,teljes lakosság %-a,1.0127676330023068,Ládbesenyő: 0.3k | ≤1%
Mánd,lakók,270,9584627,teljes lakosság %-a,1.015584644034661,Mánd: 0.3k | ≤1%
Folyás,lakók,271,9584627,teljes lakosság %-a,1.0184120884412091,Folyás: 0.3k | ≤1%
Uppony,lakók,271,9584627,teljes lakosság %-a,1.021239532847757,Uppony: 0.3k | ≤1%
Borsodgeszt,lakók,272,9584627,teljes lakosság %-a,1.0240774106284993,Borsodgeszt: 0.3k | ≤1%
Kispáli,lakók,272,9584627,teljes lakosság %-a,1.0269152884092412,Kispáli: 0.3k | ≤1%
Nagyhajmás,lakók,272,9584627,teljes lakosság %-a,1.0297531661899832,Nagyhajmás: 0.3k | ≤1%
Tömörd,lakók,272,9584627,teljes lakosság %-a,1.0325910439707253,Tömörd: 0.3k | ≤1%
Csömend,lakók,273,9584627,teljes lakosság %-a,1.035439355125661,Csömend: 0.3k | ≤1%
Karakószörcsök,lakók,273,9584627,teljes lakosság %-a,1.038287666280597,Karakószörcsök: 0.3k | ≤1%
Kistormás,lakók,273,9584627,teljes lakosság %-a,1.041135977435533,Kistormás: 0.3k | ≤1%
Mesteri,lakók,273,9584627,teljes lakosság %-a,1.0439842885904689,Mesteri: 0.3k | ≤1%
Tiszabábolna,lakók,273,9584627,teljes lakosság %-a,1.0468325997454049,Tiszabábolna: 0.3k | ≤1%
Veszprémgalsa,lakók,274,9584627,teljes lakosság %-a,1.0496913442745346,Veszprémgalsa: 0.3k | ≤1%
Magyarnádalja,lakók,275,9584627,teljes lakosság %-a,1.0525605221778584,Magyarnádalja: 0.3k | ≤1.1%
Nemeskeresztúr,lakók,275,9584627,teljes lakosság %-a,1.055429700081182,Nemeskeresztúr: 0.3k | ≤1.1%
Vámoscsalád,lakók,275,9584627,teljes lakosság %-a,1.0582988779845057,Vámoscsalád: 0.3k | ≤1.1%
Gyügye,lakók,276,9584627,teljes lakosság %-a,1.0611784892620233,Gyügye: 0.3k | ≤1.1%
Kissikátor,lakók,276,9584627,teljes lakosság %-a,1.064058100539541,Kissikátor: 0.3k | ≤1.1%
Patalom,lakók,276,9584627,teljes lakosság %-a,1.0669377118170587,Patalom: 0.3k | ≤1.1%
Sobor,lakók,276,9584627,teljes lakosság %-a,1.0698173230945764,Sobor: 0.3k | ≤1.1%
Halogy,lakók,277,9584627,teljes lakosság %-a,1.072707367746288,Halogy: 0.3k | ≤1.1%
Kacsóta,lakók,277,9584627,teljes lakosság %-a,1.0755974123979994,Kacsóta: 0.3k | ≤1.1%
Pusztacsalád,lakók,277,9584627,teljes lakosság %-a,1.078487457049711,Pusztacsalád: 0.3k | ≤1.1%
Ukk,lakók,277,9584627,teljes lakosság %-a,1.0813775017014224,Ukk: 0.3k | ≤1.1%
Drávapalkonya,lakók,278,9584627,teljes lakosság %-a,1.0842779797273279,Drávapalkonya: 0.3k | ≤1.1%
Pötréte,lakók,278,9584627,teljes lakosság %-a,1.0871784577532333,Pötréte: 0.3k | ≤1.1%
Vilyvitány,lakók,278,9584627,teljes lakosság %-a,1.0900789357791387,Vilyvitány: 0.3k | ≤1.1%
Garé,lakók,279,9584627,teljes lakosság %-a,1.092989847179238,Garé: 0.3k | ≤1.1%
Kásád,lakók,279,9584627,teljes lakosság %-a,1.0959007585793374,Kásád: 0.3k | ≤1.1%
Csehbánya,lakók,280,9584627,teljes lakosság %-a,1.0988221033536307,Csehbánya: 0.3k | ≤1.1%
Kátoly,lakók,280,9584627,teljes lakosság %-a,1.101743448127924,Kátoly: 0.3k | ≤1.1%
Nemeshetés,lakók,280,9584627,teljes lakosság %-a,1.1046647929022173,Nemeshetés: 0.3k | ≤1.1%
Szente,lakók,280,9584627,teljes lakosság %-a,1.1075861376765104,Szente: 0.3k | ≤1.1%
Szilágy,lakók,280,9584627,teljes lakosság %-a,1.1105074824508039,Szilágy: 0.3k | ≤1.1%
Vászoly,lakók,280,9584627,teljes lakosság %-a,1.1134288272250972,Vászoly: 0.3k | ≤1.1%
Bocska,lakók,281,9584627,teljes lakosság %-a,1.1163606053735842,Bocska: 0.3k | ≤1.1%
Fonó,lakók,282,9584627,teljes lakosság %-a,1.119302816896265,Fonó: 0.3k | ≤1.1%
Bedő,lakók,283,9584627,teljes lakosság %-a,1.1222554617931402,Bedő: 0.3k | ≤1.1%
Hencse,lakók,283,9584627,teljes lakosság %-a,1.125208106690015,Hencse: 0.3k | ≤1.1%
Kistótfalu,lakók,283,9584627,teljes lakosság %-a,1.12816075158689,Kistótfalu: 0.3k | ≤1.1%
Örménykút,lakók,283,9584627,teljes lakosság %-a,1.1311133964837652,Örménykút: 0.3k | ≤1.1%
Hetefejércse,lakók,284,9584627,teljes lakosság %-a,1.134076474754834,Hetefejércse: 0.3k | ≤1.1%
Szamostatárfalva,lakók,284,9584627,teljes lakosság %-a,1.1370395530259028,Szamostatárfalva: 0.3k | ≤1.1%
Füzérkomlós,lakók,286,9584627,teljes lakosság %-a,1.1400234980453596,Füzérkomlós: 0.3k | ≤1.1%
Oroszló,lakók,286,9584627,teljes lakosság %-a,1.143007443064816,Oroszló: 0.3k | ≤1.1%
Alsódobsza,lakók,287,9584627,teljes lakosság %-a,1.1460018214584669,Alsódobsza: 0.3k | ≤1.1%
Bakonypéterd,lakók,287,9584627,teljes lakosság %-a,1.1489961998521174,Bakonypéterd: 0.3k | ≤1.1%
Kérsemjén,lakók,289,9584627,teljes lakosság %-a,1.1520114449941559,Kérsemjén: 0.3k | ≤1.2%
Mucsfa,lakók,289,9584627,teljes lakosság %-a,1.155026690136194,Mucsfa: 0.3k | ≤1.2%
Bódvalenke,lakók,290,9584627,teljes lakosság %-a,1.1580523686524264,Bódvalenke: 0.3k | ≤1.2%
Füzérradvány,lakók,290,9584627,teljes lakosság %-a,1.1610780471686586,Füzérradvány: 0.3k | ≤1.2%
Magyarmecske,lakók,290,9584627,teljes lakosság %-a,1.164103725684891,Magyarmecske: 0.3k | ≤1.2%
Nagyváty,lakók,290,9584627,teljes lakosság %-a,1.1671294042011233,Nagyváty: 0.3k | ≤1.2%
Szebény,lakók,290,9584627,teljes lakosság %-a,1.1701550827173557,Szebény: 0.3k | ≤1.2%
Tiszavalk,lakók,290,9584627,teljes lakosság %-a,1.1731807612335878,Tiszavalk: 0.3k | ≤1.2%
Bélavár,lakók,292,9584627,teljes lakosság %-a,1.176227306498208,Bélavár: 0.3k | ≤1.2%
Somlójenő,lakók,292,9584627,teljes lakosság %-a,1.179273851762828,Somlójenő: 0.3k | ≤1.2%
Téseny,lakók,292,9584627,teljes lakosság %-a,1.182320397027448,Téseny: 0.3k | ≤1.2%
Kisvaszar,lakók,293,9584627,teljes lakosság %-a,1.1853773756662622,Kisvaszar: 0.3k | ≤1.2%
Kisszékely,lakók,293,9584627,teljes lakosság %-a,1.1884343543050764,Kisszékely: 0.3k | ≤1.2%
Zádor,lakók,293,9584627,teljes lakosság %-a,1.1914913329438903,Zádor: 0.3k | ≤1.2%
Hollókő,lakók,294,9584627,teljes lakosság %-a,1.1945587449568982,Hollókő: 0.3k | ≤1.2%
Lesencefalu,lakók,294,9584627,teljes lakosság %-a,1.197626156969906,Lesencefalu: 0.3k | ≤1.2%
Sopronnémeti,lakók,294,9584627,teljes lakosság %-a,1.200693568982914,Sopronnémeti: 0.3k | ≤1.2%
Szalatnak,lakók,294,9584627,teljes lakosság %-a,1.203760980995922,Szalatnak: 0.3k | ≤1.2%
Dámóc,lakók,295,9584627,teljes lakosság %-a,1.2068388263831238,Dámóc: 0.3k | ≤1.2%
Fedémes,lakók,295,9584627,teljes lakosság %-a,1.2099166717703256,Fedémes: 0.3k | ≤1.2%
Bácsszőlős,lakók,297,9584627,teljes lakosság %-a,1.2130153839059152,Bácsszőlős: 0.3k | ≤1.2%
Balatoncsicsó,lakók,297,9584627,teljes lakosság %-a,1.2161140960415049,Balatoncsicsó: 0.3k | ≤1.2%
Pápadereske,lakók,297,9584627,teljes lakosság %-a,1.2192128081770943,Pápadereske: 0.3k | ≤1.2%
Pápoc,lakók,297,9584627,teljes lakosság %-a,1.222311520312684,Pápoc: 0.3k | ≤1.2%
Bögöte,lakók,298,9584627,teljes lakosság %-a,1.2254206658224676,Bögöte: 0.3k | ≤1.2%
Martonyi,lakók,298,9584627,teljes lakosság %-a,1.2285298113322511,Martonyi: 0.3k | ≤1.2%
Cák,lakók,299,9584627,teljes lakosság %-a,1.2316493902162284,Cák: 0.3k | ≤1.2%
Milejszeg,lakók,299,9584627,teljes lakosság %-a,1.234768969100206,Milejszeg: 0.3k | ≤1.2%
Ősagárd,lakók,299,9584627,teljes lakosság %-a,1.2378885479841835,Ősagárd: 0.3k | ≤1.2%
Rinyaújlak,lakók,299,9584627,teljes lakosság %-a,1.2410081268681608,Rinyaújlak: 0.3k | ≤1.2%
Szenyér,lakók,299,9584627,teljes lakosság %-a,1.2441277057521383,Szenyér: 0.3k | ≤1.2%
Zalaszentjakab,lakók,299,9584627,teljes lakosság %-a,1.2472472846361156,Zalaszentjakab: 0.3k | ≤1.2%
Hegymagas,lakók,300,9584627,teljes lakosság %-a,1.250377296894287,Hegymagas: 0.3k | ≤1.3%
Koppányszántó,lakók,300,9584627,teljes lakosság %-a,1.2535073091524584,Koppányszántó: 0.3k | ≤1.3%
Mencshely,lakók,300,9584627,teljes lakosság %-a,1.2566373214106297,Mencshely: 0.3k | ≤1.3%
Nemessándorháza,lakók,300,9584627,teljes lakosság %-a,1.2597673336688011,Nemessándorháza: 0.3k | ≤1.3%
Vasalja,lakók,300,9584627,teljes lakosság %-a,1.2628973459269726,Vasalja: 0.3k | ≤1.3%
Bozzai,lakók,301,9584627,teljes lakosság %-a,1.2660377915593377,Bozzai: 0.3k | ≤1.3%
Erdősmecske,lakók,302,9584627,teljes lakosság %-a,1.2691886705658968,Erdősmecske: 0.3k | ≤1.3%
Kertészsziget,lakók,302,9584627,teljes lakosság %-a,1.272339549572456,Kertészsziget: 0.3k | ≤1.3%
Magosliget,lakók,302,9584627,teljes lakosság %-a,1.2754904285790152,Magosliget: 0.3k | ≤1.3%
Drávatamási,lakók,303,9584627,teljes lakosság %-a,1.2786517409597682,Drávatamási: 0.3k | ≤1.3%
Lórév,lakók,303,9584627,teljes lakosság %-a,1.2818130533405212,Lórév: 0.3k | ≤1.3%
Nagytótfalu,lakók,303,9584627,teljes lakosság %-a,1.2849743657212742,Nagytótfalu: 0.3k | ≤1.3%
Told,lakók,303,9584627,teljes lakosság %-a,1.2881356781020272,Told: 0.3k | ≤1.3%
Tormásliget,lakók,303,9584627,teljes lakosság %-a,1.2912969904827805,Tormásliget: 0.3k | ≤1.3%
Gordisa,lakók,304,9584627,teljes lakosság %-a,1.2944687362377274,Gordisa: 0.3k | ≤1.3%
Korlát,lakók,304,9584627,teljes lakosság %-a,1.2976404819926743,Korlát: 0.3k | ≤1.3%
Megyehíd,lakók,304,9584627,teljes lakosság %-a,1.3008122277476213,Megyehíd: 0.3k | ≤1.3%
Nagykinizs,lakók,304,9584627,teljes lakosság %-a,1.3039839735025682,Nagykinizs: 0.3k | ≤1.3%
Uzsa,lakók,304,9584627,teljes lakosság %-a,1.3071557192575152,Uzsa: 0.3k | ≤1.3%
Csákány,lakók,305,9584627,teljes lakosság %-a,1.310337898386656,Csákány: 0.3k | ≤1.3%
Csataszög,lakók,305,9584627,teljes lakosság %-a,1.313520077515797,Csataszög: 0.3k | ≤1.3%
Gősfa,lakók,305,9584627,teljes lakosság %-a,1.3167022566449378,Gősfa: 0.3k | ≤1.3%
Nemesrádó,lakók,305,9584627,teljes lakosság %-a,1.3198844357740787,Nemesrádó: 0.3k | ≤1.3%
Köveskál,lakók,306,9584627,teljes lakosság %-a,1.3230770482774135,Köveskál: 0.3k | ≤1.3%
Nemescsó,lakók,306,9584627,teljes lakosság %-a,1.3262696607807483,Nemescsó: 0.3k | ≤1.3%
Petrivente,lakók,306,9584627,teljes lakosság %-a,1.3294622732840828,Petrivente: 0.3k | ≤1.3%
Belecska,lakók,308,9584627,teljes lakosság %-a,1.3326757525358055,Belecska: 0.3k | ≤1.3%
Mikosszéplak,lakók,308,9584627,teljes lakosság %-a,1.3358892317875282,Mikosszéplak: 0.3k | ≤1.3%
Sajógalgóc,lakók,308,9584627,teljes lakosság %-a,1.3391027110392508,Sajógalgóc: 0.3k | ≤1.3%
Egyházashetye,lakók,309,9584627,teljes lakosság %-a,1.3423266236651672,Egyházashetye: 0.3k | ≤1.3%
Kismányok,lakók,309,9584627,teljes lakosság %-a,1.3455505362910836,Kismányok: 0.3k | ≤1.3%
Oszlár,lakók,309,9584627,teljes lakosság %-a,1.3487744489170002,Oszlár: 0.3k | ≤1.3%
Kazsok,lakók,310,9584627,teljes lakosság %-a,1.3520087949171105,Kazsok: 0.3k | ≤1.4%
Mezőhék,lakók,311,9584627,teljes lakosság %-a,1.3552535742914147,Mezőhék: 0.3k | ≤1.4%
Rádóckölked,lakók,311,9584627,teljes lakosság %-a,1.3584983536657191,Rádóckölked: 0.3k | ≤1.4%
Románd,lakók,311,9584627,teljes lakosság %-a,1.3617431330400234,Románd: 0.3k | ≤1.4%
Fertőboz,lakók,312,9584627,teljes lakosság %-a,1.3649983457885215,Fertőboz: 0.3k | ≤1.4%
Gyugy,lakók,312,9584627,teljes lakosság %-a,1.3682535585370197,Gyugy: 0.3k | ≤1.4%
Szarvaskő,lakók,312,9584627,teljes lakosság %-a,1.371508771285518,Szarvaskő: 0.3k | ≤1.4%
Dörgicse,lakók,313,9584627,teljes lakosság %-a,1.37477441740821,Dörgicse: 0.3k | ≤1.4%
Fancsal,lakók,313,9584627,teljes lakosság %-a,1.378040063530902,Fancsal: 0.3k | ≤1.4%
Felsőmocsolád,lakók,314,9584627,teljes lakosság %-a,1.3813161430277883,Felsőmocsolád: 0.3k | ≤1.4%
Hernádkércs,lakók,314,9584627,teljes lakosság %-a,1.384592222524674,Hernádkércs: 0.3k | ≤1.4%
Kövegy,lakók,314,9584627,teljes lakosság %-a,1.38786830202156,Kövegy: 0.3k | ≤1.4%
Matty,lakók,314,9584627,teljes lakosság %-a,1.3911443815184463,Matty: 0.3k | ≤1.4%
Szentbalázs,lakók,314,9584627,teljes lakosság %-a,1.3944204610153321,Szentbalázs: 0.3k | ≤1.4%
Bükkszentmárton,lakók,315,9584627,teljes lakosság %-a,1.397706973886412,Bükkszentmárton: 0.3k | ≤1.4%
Gadány,lakók,315,9584627,teljes lakosság %-a,1.400993486757492,Gadány: 0.3k | ≤1.4%
Kárász,lakók,315,9584627,teljes lakosság %-a,1.404279999628572,Kárász: 0.3k | ≤1.4%
Somogyhatvan,lakók,315,9584627,teljes lakosság %-a,1.4075665124996517,Somogyhatvan: 0.3k | ≤1.4%
Szamosbecs,lakók,315,9584627,teljes lakosság %-a,1.4108530253707317,Szamosbecs: 0.3k | ≤1.4%
Kaposkeresztúr,lakók,318,9584627,teljes lakosság %-a,1.4141708383643934,Kaposkeresztúr: 0.3k | ≤1.4%
Botykapeterd,lakók,319,9584627,teljes lakosság %-a,1.4174990847322488,Botykapeterd: 0.3k | ≤1.4%
Hagyárosbörönd,lakók,319,9584627,teljes lakosság %-a,1.4208273311001043,Hagyárosbörönd: 0.3k | ≤1.4%
Kisbajom,lakók,319,9584627,teljes lakosság %-a,1.42415557746796,Kisbajom: 0.3k | ≤1.4%
Old,lakók,319,9584627,teljes lakosság %-a,1.4274838238358154,Old: 0.3k | ≤1.4%
Rózsafa,lakók,319,9584627,teljes lakosság %-a,1.4308120702036708,Rózsafa: 0.3k | ≤1.4%
Szava,lakók,319,9584627,teljes lakosság %-a,1.4341403165715265,Szava: 0.3k | ≤1.4%
Szilaspogony,lakók,319,9584627,teljes lakosság %-a,1.437468562939382,Szilaspogony: 0.3k | ≤1.4%
Iszkáz,lakók,320,9584627,teljes lakosság %-a,1.4408072426814313,Iszkáz: 0.3k | ≤1.4%
Pusztaottlaka,lakók,320,9584627,teljes lakosság %-a,1.4441459224234807,Pusztaottlaka: 0.3k | ≤1.4%
Répcevis,lakók,320,9584627,teljes lakosság %-a,1.44748460216553,Répcevis: 0.3k | ≤1.4%
Aranyosgadány,lakók,321,9584627,teljes lakosság %-a,1.4508337152817736,Aranyosgadány: 0.3k | ≤1.5%
Csempeszkopács,lakók,321,9584627,teljes lakosság %-a,1.454182828398017,Csempeszkopács: 0.3k | ≤1.5%
Endrőc,lakók,321,9584627,teljes lakosság %-a,1.4575319415142602,Endrőc: 0.3k | ≤1.5%
Katafa,lakók,321,9584627,teljes lakosság %-a,1.4608810546305036,Katafa: 0.3k | ≤1.5%
Mikekarácsonyfa,lakók,321,9584627,teljes lakosság %-a,1.4642301677467469,Mikekarácsonyfa: 0.3k | ≤1.5%
Nyim,lakók,321,9584627,teljes lakosság %-a,1.4675792808629902,Nyim: 0.3k | ≤1.5%
Szentdénes,lakók,321,9584627,teljes lakosság %-a,1.4709283939792337,Szentdénes: 0.3k | ≤1.5%
Beret,lakók,322,9584627,teljes lakosság %-a,1.474287940469671,Beret: 0.3k | ≤1.5%
Egeraracsa,lakók,322,9584627,teljes lakosság %-a,1.4776474869601082,Egeraracsa: 0.3k | ≤1.5%
Nemeskocs,lakók,322,9584627,teljes lakosság %-a,1.4810070334505452,Nemeskocs: 0.3k | ≤1.5%
Vasegerszeg,lakók,322,9584627,teljes lakosság %-a,1.4843665799409826,Vasegerszeg: 0.3k | ≤1.5%
Görcsönydoboka,lakók,323,9584627,teljes lakosság %-a,1.4877365598056138,Görcsönydoboka: 0.3k | ≤1.5%
Pénzesgyőr,lakók,323,9584627,teljes lakosság %-a,1.4911065396702448,Pénzesgyőr: 0.3k | ≤1.5%
Szakonyfalu,lakók,323,9584627,teljes lakosság %-a,1.494476519534876,Szakonyfalu: 0.3k | ≤1.5%
Zalavég,lakók,323,9584627,teljes lakosság %-a,1.497846499399507,Zalavég: 0.3k | ≤1.5%
Csehimindszent,lakók,324,9584627,teljes lakosság %-a,1.5012269126383322,Csehimindszent: 0.3k | ≤1.5%
Egyházasharaszti,lakók,324,9584627,teljes lakosság %-a,1.5046073258771573,Egyházasharaszti: 0.3k | ≤1.5%
Kőszegdoroszló,lakók,324,9584627,teljes lakosság %-a,1.5079877391159824,Kőszegdoroszló: 0.3k | ≤1.5%
Pinnye,lakók,324,9584627,teljes lakosság %-a,1.5113681523548073,Pinnye: 0.3k | ≤1.5%
Varsád,lakók,324,9584627,teljes lakosság %-a,1.5147485655936324,Varsád: 0.3k | ≤1.5%
Gadna,lakók,325,9584627,teljes lakosság %-a,1.5181394122066514,Gadna: 0.3k | ≤1.5%
Kelevíz,lakók,325,9584627,teljes lakosság %-a,1.5215302588196704,Kelevíz: 0.3k | ≤1.5%
Kisbárapáti,lakók,325,9584627,teljes lakosság %-a,1.5249211054326892,Kisbárapáti: 0.3k | ≤1.5%
Kővágótöttös,lakók,325,9584627,teljes lakosság %-a,1.5283119520457082,Kővágótöttös: 0.3k | ≤1.5%
Parádsasvár,lakók,325,9584627,teljes lakosság %-a,1.531702798658727,Parádsasvár: 0.3k | ≤1.5%
Vaskeresztes,lakók,325,9584627,teljes lakosság %-a,1.535093645271746,Vaskeresztes: 0.3k | ≤1.5%
Alsórajk,lakók,326,9584627,teljes lakosság %-a,1.538494925258959,Alsórajk: 0.3k | ≤1.5%
Csesztve,lakók,326,9584627,teljes lakosság %-a,1.5418962052461718,Csesztve: 0.3k | ≤1.5%
Gic,lakók,326,9584627,teljes lakosság %-a,1.5452974852333847,Gic: 0.3k | ≤1.5%
Szentegát,lakók,326,9584627,teljes lakosság %-a,1.5486987652205975,Szentegát: 0.3k | ≤1.5%
Und,lakók,326,9584627,teljes lakosság %-a,1.5521000452078104,Und: 0.3k | ≤1.6%
Császló,lakók,327,9584627,teljes lakosság %-a,1.5555117585692173,Császló: 0.3k | ≤1.6%
Füzér,lakók,327,9584627,teljes lakosság %-a,1.5589234719306237,Füzér: 0.3k | ≤1.6%
Mőcsény,lakók,327,9584627,teljes lakosság %-a,1.5623351852920306,Mőcsény: 0.3k | ≤1.6%
Szőce,lakók,327,9584627,teljes lakosság %-a,1.5657468986534375,Szőce: 0.3k | ≤1.6%
Pere,lakók,328,9584627,teljes lakosság %-a,1.5691690453890381,Pere: 0.3k | ≤1.6%
Tiszadorogma,lakók,328,9584627,teljes lakosság %-a,1.5725911921246387,Tiszadorogma: 0.3k | ≤1.6%
Zics,lakók,328,9584627,teljes lakosság %-a,1.5760133388602395,Zics: 0.3k | ≤1.6%
Adorjánháza,lakók,329,9584627,teljes lakosság %-a,1.5794459189700338,Adorjánháza: 0.3k | ≤1.6%
Fony,lakók,329,9584627,teljes lakosság %-a,1.5828784990798286,Fony: 0.3k | ≤1.6%
Tompaládony,lakók,329,9584627,teljes lakosság %-a,1.5863110791896233,Tompaládony: 0.3k | ≤1.6%
Baktüttös,lakók,330,9584627,teljes lakosság %-a,1.5897540926736116,Baktüttös: 0.3k | ≤1.6%
Zalaistvánd,lakók,330,9584627,teljes lakosság %-a,1.5931971061576,Zalaistvánd: 0.3k | ≤1.6%
Csonkahegyhát,lakók,331,9584627,teljes lakosság %-a,1.5966505530157826,Csonkahegyhát: 0.3k | ≤1.6%
Pápasalamon,lakók,331,9584627,teljes lakosság %-a,1.6001039998739648,Pápasalamon: 0.3k | ≤1.6%
Gilvánfa,lakók,332,9584627,teljes lakosság %-a,1.603567880106341,Gilvánfa: 0.3k | ≤1.6%
Hedrehely,lakók,332,9584627,teljes lakosság %-a,1.6070317603387174,Hedrehely: 0.3k | ≤1.6%
Vaspör,lakók,332,9584627,teljes lakosság %-a,1.6104956405710937,Vaspör: 0.3k | ≤1.6%
Felsőregmec,lakók,333,9584627,teljes lakosság %-a,1.6139699541776638,Felsőregmec: 0.3k | ≤1.6%
Ömböly,lakók,333,9584627,teljes lakosság %-a,1.6174442677842342,Ömböly: 0.3k | ≤1.6%
Tormafölde,lakók,333,9584627,teljes lakosság %-a,1.6209185813908042,Tormafölde: 0.3k | ≤1.6%
Gibárt,lakók,334,9584627,teljes lakosság %-a,1.6244033283715684,Gibárt: 0.3k | ≤1.6%
Nyőgér,lakók,334,9584627,teljes lakosság %-a,1.6278880753523326,Nyőgér: 0.3k | ≤1.6%
Körösújfalu,lakók,335,9584627,teljes lakosság %-a,1.6313832557072905,Körösújfalu: 0.3k | ≤1.6%
Petrikeresztúr,lakók,335,9584627,teljes lakosság %-a,1.6348784360622486,Petrikeresztúr: 0.3k | ≤1.6%
Szenta,lakók,335,9584627,teljes lakosság %-a,1.6383736164172065,Szenta: 0.3k | ≤1.6%
Cserépváralja,lakók,336,9584627,teljes lakosság %-a,1.6418792301463585,Cserépváralja: 0.3k | ≤1.6%
Hövej,lakók,336,9584627,teljes lakosság %-a,1.64538484387551,Hövej: 0.3k | ≤1.6%
Nemeshany,lakók,336,9584627,teljes lakosság %-a,1.6488904576046621,Nemeshany: 0.3k | ≤1.6%
Ófalu,lakók,336,9584627,teljes lakosság %-a,1.652396071333814,Ófalu: 0.3k | ≤1.7%
Sikátor,lakók,336,9584627,teljes lakosság %-a,1.655901685062966,Sikátor: 0.3k | ≤1.7%
Csönge,lakók,337,9584627,teljes lakosság %-a,1.6594177321663117,Csönge: 0.3k | ≤1.7%
Dozmat,lakók,337,9584627,teljes lakosság %-a,1.6629337792696577,Dozmat: 0.3k | ≤1.7%
Ivád,lakók,337,9584627,teljes lakosság %-a,1.6664498263730034,Ivád: 0.3k | ≤1.7%
Gór,lakók,338,9584627,teljes lakosság %-a,1.6699763068505429,Gór: 0.3k | ≤1.7%
Hottó,lakók,338,9584627,teljes lakosság %-a,1.673502787328083,Hottó: 0.3k | ≤1.7%
Nagydém,lakók,338,9584627,teljes lakosság %-a,1.6770292678056224,Nagydém: 0.3k | ≤1.7%
Teklafalu,lakók,338,9584627,teljes lakosság %-a,1.6805557482831621,Teklafalu: 0.3k | ≤1.7%
Szemenye,lakók,339,9584627,teljes lakosság %-a,1.6840926621348957,Szemenye: 0.3k | ≤1.7%
Büssü,lakók,341,9584627,teljes lakosság %-a,1.6876504427350174,Büssü: 0.3k | ≤1.7%
Rönök,lakók,341,9584627,teljes lakosság %-a,1.6912082233351384,Rönök: 0.3k | ≤1.7%
Vindornyaszőlős,lakók,341,9584627,teljes lakosság %-a,1.6947660039352601,Vindornyaszőlős: 0.3k | ≤1.7%
Alsószölnök,lakók,342,9584627,teljes lakosság %-a,1.6983342179095755,Alsószölnök: 0.3k | ≤1.7%
Bakonya,lakók,342,9584627,teljes lakosság %-a,1.7019024318838907,Bakonya: 0.3k | ≤1.7%
Csép,lakók,342,9584627,teljes lakosság %-a,1.705470645858206,Csép: 0.3k | ≤1.7%
Egervölgy,lakók,342,9584627,teljes lakosság %-a,1.7090388598325215,Egervölgy: 0.3k | ≤1.7%
Nemesvita,lakók,342,9584627,teljes lakosság %-a,1.7126070738068366,Nemesvita: 0.3k | ≤1.7%
Kercseliget,lakók,343,9584627,teljes lakosság %-a,1.7161857211553457,Kercseliget: 0.3k | ≤1.7%
Szabolcs,lakók,343,9584627,teljes lakosság %-a,1.7197643685038553,Szabolcs: 0.3k | ≤1.7%
Belvárdgyula,lakók,344,9584627,teljes lakosság %-a,1.7233534492265585,Belvárdgyula: 0.3k | ≤1.7%
Gyepükaján,lakók,344,9584627,teljes lakosság %-a,1.7269425299492616,Gyepükaján: 0.3k | ≤1.7%
Nagypall,lakók,345,9584627,teljes lakosság %-a,1.7305420440461585,Nagypall: 0.3k | ≤1.7%
Kiskinizs,lakók,346,9584627,teljes lakosság %-a,1.7341519915172494,Kiskinizs: 0.3k | ≤1.7%
Sand,lakók,346,9584627,teljes lakosság %-a,1.7377619389883403,Sand: 0.3k | ≤1.7%
Somogyhárságy,lakók,346,9584627,teljes lakosság %-a,1.7413718864594314,Somogyhárságy: 0.3k | ≤1.7%
Tákos,lakók,346,9584627,teljes lakosság %-a,1.744981833930522,Tákos: 0.3k | ≤1.7%
Kisdombegyház,lakók,347,9584627,teljes lakosság %-a,1.748602214775807,Kisdombegyház: 0.3k | ≤1.7%
Terény,lakók,347,9584627,teljes lakosság %-a,1.7522225956210917,Terény: 0.3k | ≤1.8%
Balatonudvari,lakók,348,9584627,teljes lakosság %-a,1.7558534098405707,Balatonudvari: 0.3k | ≤1.8%
Liszó,lakók,348,9584627,teljes lakosság %-a,1.7594842240600495,Liszó: 0.3k | ≤1.8%
Szőkéd,lakók,348,9584627,teljes lakosság %-a,1.7631150382795284,Szőkéd: 0.3k | ≤1.8%
Vásárosmiske,lakók,348,9584627,teljes lakosság %-a,1.766745852499007,Vásárosmiske: 0.3k | ≤1.8%
Ziliz,lakók,348,9584627,teljes lakosság %-a,1.770376666718486,Ziliz: 0.3k | ≤1.8%
Vasszentmihály,lakók,349,9584627,teljes lakosság %-a,1.7740179143121586,Vasszentmihály: 0.3k | ≤1.8%
Bátaapáti,lakók,351,9584627,teljes lakosság %-a,1.7776800286542187,Bátaapáti: 0.4k | ≤1.8%
Csörnyeföld,lakók,351,9584627,teljes lakosság %-a,1.7813421429962795,Csörnyeföld: 0.4k | ≤1.8%
Mihályfa,lakók,351,9584627,teljes lakosság %-a,1.78500425733834,Mihályfa: 0.4k | ≤1.8%
Szúcs,lakók,351,9584627,teljes lakosság %-a,1.7886663716804003,Szúcs: 0.4k | ≤1.8%
Újtelek,lakók,351,9584627,teljes lakosság %-a,1.7923284860224609,Újtelek: 0.4k | ≤1.8%
Cserháthaláp,lakók,352,9584627,teljes lakosság %-a,1.7960010337387151,Cserháthaláp: 0.4k | ≤1.8%
Szamosújlak,lakók,352,9584627,teljes lakosság %-a,1.7996735814549696,Szamosújlak: 0.4k | ≤1.8%
Vashosszúfalu,lakók,352,9584627,teljes lakosság %-a,1.8033461291712238,Vashosszúfalu: 0.4k | ≤1.8%
Felsőkelecsény,lakók,353,9584627,teljes lakosság %-a,1.8070291102616722,Felsőkelecsény: 0.4k | ≤1.8%
Kemenespálfa,lakók,354,9584627,teljes lakosság %-a,1.8107225247263146,Kemenespálfa: 0.4k | ≤1.8%
Szentgyörgyvölgy,lakók,354,9584627,teljes lakosság %-a,1.8144159391909565,Szentgyörgyvölgy: 0.4k | ≤1.8%
Zalaháshágy,lakók,354,9584627,teljes lakosság %-a,1.8181093536555986,Zalaháshágy: 0.4k | ≤1.8%
Batyk,lakók,355,9584627,teljes lakosság %-a,1.821813201494435,Batyk: 0.4k | ≤1.8%
Kisvejke,lakók,355,9584627,teljes lakosság %-a,1.8255170493332709,Kisvejke: 0.4k | ≤1.8%
Zsarolyán,lakók,355,9584627,teljes lakosság %-a,1.829220897172107,Zsarolyán: 0.4k | ≤1.8%
Hács,lakók,356,9584627,teljes lakosság %-a,1.832935178385137,Hács: 0.4k | ≤1.8%
Ócsárd,lakók,356,9584627,teljes lakosság %-a,1.836649459598167,Ócsárd: 0.4k | ≤1.8%
Pálmajor,lakók,356,9584627,teljes lakosság %-a,1.8403637408111968,Pálmajor: 0.4k | ≤1.8%
Perőcsény,lakók,356,9584627,teljes lakosság %-a,1.844078022024227,Perőcsény: 0.4k | ≤1.8%
Bozsok,lakók,357,9584627,teljes lakosság %-a,1.8478027366114507,Bozsok: 0.4k | ≤1.8%
Garadna,lakók,357,9584627,teljes lakosság %-a,1.8515274511986746,Garadna: 0.4k | ≤1.9%
Kisbodak,lakók,357,9584627,teljes lakosság %-a,1.8552521657858985,Kisbodak: 0.4k | ≤1.9%
Marcalgergelyi,lakók,358,9584627,teljes lakosság %-a,1.8589873137473165,Marcalgergelyi: 0.4k | ≤1.9%
Nemeskolta,lakók,358,9584627,teljes lakosság %-a,1.8627224617087341,Nemeskolta: 0.4k | ≤1.9%
Somodor,lakók,358,9584627,teljes lakosság %-a,1.866457609670152,Somodor: 0.4k | ≤1.9%
Bodonhely,lakók,360,9584627,teljes lakosság %-a,1.8702136243799576,Bodonhely: 0.4k | ≤1.9%
Orosztony,lakók,360,9584627,teljes lakosság %-a,1.8739696390897633,Orosztony: 0.4k | ≤1.9%
Sajókápolna,lakók,360,9584627,teljes lakosság %-a,1.8777256537995688,Sajókápolna: 0.4k | ≤1.9%
Bátor,lakók,361,9584627,teljes lakosság %-a,1.8814921018835684,Bátor: 0.4k | ≤1.9%
Bogádmindszent,lakók,361,9584627,teljes lakosság %-a,1.8852585499675678,Bogádmindszent: 0.4k | ≤1.9%
Csánig,lakók,361,9584627,teljes lakosság %-a,1.8890249980515674,Csánig: 0.4k | ≤1.9%
Nagylak,lakók,362,9584627,teljes lakosság %-a,1.8928018795097608,Nagylak: 0.4k | ≤1.9%
Táska,lakók,362,9584627,teljes lakosság %-a,1.896578760967954,Táska: 0.4k | ≤1.9%
Liget,lakók,363,9584627,teljes lakosság %-a,1.9003660758003416,Liget: 0.4k | ≤1.9%
Nagycsepely,lakók,363,9584627,teljes lakosság %-a,1.9041533906327286,Nagycsepely: 0.4k | ≤1.9%
Szentgyörgyvár,lakók,363,9584627,teljes lakosság %-a,1.907940705465116,Szentgyörgyvár: 0.4k | ≤1.9%
Gyóró,lakók,364,9584627,teljes lakosság %-a,1.9117384536716975,Gyóró: 0.4k | ≤1.9%
Simonfa,lakók,364,9584627,teljes lakosság %-a,1.9155362018782787,Simonfa: 0.4k | ≤1.9%
Drávasztára,lakók,365,9584627,teljes lakosság %-a,1.9193443834590536,Drávasztára: 0.4k | ≤1.9%
Nagytőke,lakók,365,9584627,teljes lakosság %-a,1.9231525650398291,Nagytőke: 0.4k | ≤1.9%
Csárdaszállás,lakók,366,9584627,teljes lakosság %-a,1.9269711799947977,Csárdaszállás: 0.4k | ≤1.9%
Eperjes,lakók,366,9584627,teljes lakosság %-a,1.930789794949767,Eperjes: 0.4k | ≤1.9%
Kisapáti,lakók,366,9584627,teljes lakosság %-a,1.934608409904736,Kisapáti: 0.4k | ≤1.9%
Dabrony,lakók,367,9584627,teljes lakosság %-a,1.9384374582338988,Dabrony: 0.4k | ≤1.9%
Nagyszékely,lakók,367,9584627,teljes lakosság %-a,1.9422665065630618,Nagyszékely: 0.4k | ≤1.9%
Borszörcsök,lakók,368,9584627,teljes lakosság %-a,1.9461059882664187,Borszörcsök: 0.4k | ≤1.9%
Bér,lakók,369,9584627,teljes lakosság %-a,1.9499559033439695,Bér: 0.4k | ≤1.9%
Zalaboldogfa,lakók,369,9584627,teljes lakosság %-a,1.9538058184215203,Zalaboldogfa: 0.4k | ≤2%
Borjád,lakók,370,9584627,teljes lakosság %-a,1.9576661668732647,Borjád: 0.4k | ≤2%
Csitár,lakók,370,9584627,teljes lakosság %-a,1.9615265153250097,Csitár: 0.4k | ≤2%
Rinyaszentkirály,lakók,370,9584627,teljes lakosság %-a,1.9653868637767542,Rinyaszentkirály: 0.4k | ≤2%
Szamoskér,lakók,372,9584627,teljes lakosság %-a,1.9692680789768866,Szamoskér: 0.4k | ≤2%
Zajta,lakók,373,9584627,teljes lakosság %-a,1.973159727551213,Zajta: 0.4k | ≤2%
Nagybakónak,lakók,374,9584627,teljes lakosság %-a,1.9770618094997334,Nagybakónak: 0.4k | ≤2%
Sajtoskál,lakók,374,9584627,teljes lakosság %-a,1.9809638914482535,Sajtoskál: 0.4k | ≤2%
Jászivány,lakók,375,9584627,teljes lakosság %-a,1.9848764067709677,Jászivány: 0.4k | ≤2%
Tengőd,lakók,375,9584627,teljes lakosság %-a,1.988788922093682,Tengőd: 0.4k | ≤2%
Bonyhádvarasd,lakók,376,9584627,teljes lakosság %-a,1.9927118707905902,Bonyhádvarasd: 0.4k | ≤2%
Márok,lakók,376,9584627,teljes lakosság %-a,1.9966348194874979,Márok: 0.4k | ≤2%
Mecsekpölöske,lakók,376,9584627,teljes lakosság %-a,2.000557768184406,Mecsekpölöske: 0.4k | ≤2%
Pusztaszemes,lakók,376,9584627,teljes lakosság %-a,2.0044807168813144,Pusztaszemes: 0.4k | ≤2%
Bolhás,lakók,378,9584627,teljes lakosság %-a,2.00842453232661,Bolhás: 0.4k | ≤2%
Rigyác,lakók,378,9584627,teljes lakosság %-a,2.012368347771906,Rigyác: 0.4k | ≤2%
Alsószuha,lakók,379,9584627,teljes lakosság %-a,2.0163225965913956,Alsószuha: 0.4k | ≤2%
Bedegkér,lakók,379,9584627,teljes lakosság %-a,2.0202768454108853,Bedegkér: 0.4k | ≤2%
Bögöt,lakók,379,9584627,teljes lakosság %-a,2.0242310942303754,Bögöt: 0.4k | ≤2%
Bakonybánk,lakók,380,9584627,teljes lakosság %-a,2.028195776424059,Bakonybánk: 0.4k | ≤2%
Ipolytölgyes,lakók,380,9584627,teljes lakosság %-a,2.0321604586177426,Ipolytölgyes: 0.4k | ≤2%
Zákányfalu,lakók,381,9584627,teljes lakosság %-a,2.03613557418562,Zákányfalu: 0.4k | ≤2%
Cserdi,lakók,382,9584627,teljes lakosság %-a,2.040121123127692,Cserdi: 0.4k | ≤2%
Siklósnagyfalu,lakók,382,9584627,teljes lakosság %-a,2.0441066720697636,Siklósnagyfalu: 0.4k | ≤2%
Velem,lakók,383,9584627,teljes lakosság %-a,2.048102654386029,Velem: 0.4k | ≤2%
Árpádhalom,lakók,384,9584627,teljes lakosság %-a,2.0521090700764884,Árpádhalom: 0.4k | ≤2.1%
Mosonudvar,lakók,384,9584627,teljes lakosság %-a,2.0561154857669477,Mosonudvar: 0.4k | ≤2.1%
Vasszilvágy,lakók,384,9584627,teljes lakosság %-a,2.060121901457407,Vasszilvágy: 0.4k | ≤2.1%
Apátistvánfalva,lakók,385,9584627,teljes lakosság %-a,2.06413875052206,Apátistvánfalva: 0.4k | ≤2.1%
Boldogasszonyfa,lakók,385,9584627,teljes lakosság %-a,2.068155599586713,Boldogasszonyfa: 0.4k | ≤2.1%
Olaszfa,lakók,385,9584627,teljes lakosság %-a,2.0721724486513664,Olaszfa: 0.4k | ≤2.1%
Pölöskefő,lakók,386,9584627,teljes lakosság %-a,2.0761997310902136,Pölöskefő: 0.4k | ≤2.1%
Bodrog,lakók,387,9584627,teljes lakosság %-a,2.0802374469032543,Bodrog: 0.4k | ≤2.1%
Gecse,lakók,387,9584627,teljes lakosság %-a,2.084275162716296,Gecse: 0.4k | ≤2.1%
Révleányvár,lakók,387,9584627,teljes lakosság %-a,2.0883128785293366,Révleányvár: 0.4k | ≤2.1%
Fülpösdaróc,lakók,388,9584627,teljes lakosság %-a,2.0923610277165716,Fülpösdaróc: 0.4k | ≤2.1%
Hegyszentmárton,lakók,388,9584627,teljes lakosság %-a,2.0964091769038067,Hegyszentmárton: 0.4k | ≤2.1%
Balatonmagyaród,lakók,389,9584627,teljes lakosság %-a,2.1004677594652357,Balatonmagyaród: 0.4k | ≤2.1%
Fülesd,lakók,389,9584627,teljes lakosság %-a,2.104526342026664,Fülesd: 0.4k | ≤2.1%
Tokorcs,lakók,389,9584627,teljes lakosság %-a,2.108584924588093,Tokorcs: 0.4k | ≤2.1%
Bakonypölöske,lakók,390,9584627,teljes lakosság %-a,2.1126539405237157,Bakonypölöske: 0.4k | ≤2.1%
Gige,lakók,390,9584627,teljes lakosság %-a,2.1167229564593386,Gige: 0.4k | ≤2.1%
Pásztori,lakók,390,9584627,teljes lakosság %-a,2.120791972394961,Pásztori: 0.4k | ≤2.1%
Farkasgyepű,lakók,391,9584627,teljes lakosság %-a,2.124871421704778,Farkasgyepű: 0.4k | ≤2.1%
Pornóapáti,lakók,391,9584627,teljes lakosság %-a,2.1289508710145943,Pornóapáti: 0.4k | ≤2.1%
Baranyajenő,lakók,392,9584627,teljes lakosság %-a,2.133040753698605,Baranyajenő: 0.4k | ≤2.1%
Pankasz,lakók,392,9584627,teljes lakosság %-a,2.1371306363826155,Pankasz: 0.4k | ≤2.1%
Csipkerek,lakók,393,9584627,teljes lakosság %-a,2.14123095244082,Csipkerek: 0.4k | ≤2.1%
Dabronc,lakók,393,9584627,teljes lakosság %-a,2.1453312684990244,Dabronc: 0.4k | ≤2.1%
Páli,lakók,393,9584627,teljes lakosság %-a,2.1494315845572287,Páli: 0.4k | ≤2.1%
Szemere,lakók,394,9584627,teljes lakosság %-a,2.1535423339896274,Szemere: 0.4k | ≤2.2%
Csertő,lakók,395,9584627,teljes lakosság %-a,2.1576635167962195,Csertő: 0.4k | ≤2.2%
Sumony,lakók,395,9584627,teljes lakosság %-a,2.1617846996028116,Sumony: 0.4k | ≤2.2%
Bikács,lakók,396,9584627,teljes lakosság %-a,2.165916315783598,Bikács: 0.4k | ≤2.2%
Szarvasgede,lakók,396,9584627,teljes lakosság %-a,2.170047931964384,Szarvasgede: 0.4k | ≤2.2%
Dénesfa,lakók,397,9584627,teljes lakosság %-a,2.1741899815193646,Dénesfa: 0.4k | ≤2.2%
Őrtilos,lakók,397,9584627,teljes lakosság %-a,2.178332031074344,Őrtilos: 0.4k | ≤2.2%
Pusztamiske,lakók,397,9584627,teljes lakosság %-a,2.182474080629324,Pusztamiske: 0.4k | ≤2.2%
Tiszainoka,lakók,397,9584627,teljes lakosság %-a,2.1866161301843046,Tiszainoka: 0.4k | ≤2.2%
Almamellék,lakók,399,9584627,teljes lakosság %-a,2.1907790464876724,Almamellék: 0.4k | ≤2.2%
Boncodfölde,lakók,399,9584627,teljes lakosság %-a,2.1949419627910403,Boncodfölde: 0.4k | ≤2.2%
Szécsényfelfalu,lakók,399,9584627,teljes lakosság %-a,2.199104879094408,Szécsényfelfalu: 0.4k | ≤2.2%
Móricgát,lakók,400,9584627,teljes lakosság %-a,2.20327822877197,Móricgát: 0.4k | ≤2.2%
Völcsej,lakók,401,9584627,teljes lakosság %-a,2.2074620118237256,Völcsej: 0.4k | ≤2.2%
Csoma,lakók,402,9584627,teljes lakosság %-a,2.2116562282496752,Csoma: 0.4k | ≤2.2%
Kisbágyon,lakók,402,9584627,teljes lakosság %-a,2.215850444675625,Kisbágyon: 0.4k | ≤2.2%
Kéleshalom,lakók,403,9584627,teljes lakosság %-a,2.2200550944757684,Kéleshalom: 0.4k | ≤2.2%
Magyarszecsőd,lakók,403,9584627,teljes lakosság %-a,2.2242597442759116,Magyarszecsőd: 0.4k | ≤2.2%
Mónosbél,lakók,403,9584627,teljes lakosság %-a,2.228464394076055,Mónosbél: 0.4k | ≤2.2%
Zalaszentgyörgy,lakók,406,9584627,teljes lakosság %-a,2.2327003439987805,Zalaszentgyörgy: 0.4k | ≤2.2%
Csém,lakók,407,9584627,teljes lakosság %-a,2.2369467272956998,Csém: 0.4k | ≤2.2%
Magyarkeresztúr,lakók,407,9584627,teljes lakosság %-a,2.2411931105926186,Magyarkeresztúr: 0.4k | ≤2.2%
Kám,lakók,408,9584627,teljes lakosság %-a,2.245449927263732,Kám: 0.4k | ≤2.2%
Sajósenye,lakók,409,9584627,teljes lakosság %-a,2.2497171773090385,Sajósenye: 0.4k | ≤2.2%
Somogygeszti,lakók,409,9584627,teljes lakosság %-a,2.2539844273543457,Somogygeszti: 0.4k | ≤2.3%
Csanádalberti,lakók,410,9584627,teljes lakosság %-a,2.2582621107738463,Csanádalberti: 0.4k | ≤2.3%
Kisbucsa,lakók,411,9584627,teljes lakosság %-a,2.2625502275675413,Kisbucsa: 0.4k | ≤2.3%
Sajónémeti,lakók,411,9584627,teljes lakosság %-a,2.266838344361236,Sajónémeti: 0.4k | ≤2.3%
Bazsi,lakók,412,9584627,teljes lakosság %-a,2.271136894529125,Bazsi: 0.4k | ≤2.3%
Várda,lakók,412,9584627,teljes lakosság %-a,2.2754354446970133,Várda: 0.4k | ≤2.3%
Kánya,lakók,413,9584627,teljes lakosság %-a,2.2797444282390957,Kánya: 0.4k | ≤2.3%
Benk,lakók,414,9584627,teljes lakosság %-a,2.284063845155372,Benk: 0.4k | ≤2.3%
Körösnagyharsány,lakók,414,9584627,teljes lakosság %-a,2.288383262071649,Körösnagyharsány: 0.4k | ≤2.3%
Zalagyömörő,lakók,414,9584627,teljes lakosság %-a,2.2927026789879252,Zalagyömörő: 0.4k | ≤2.3%
Ambrózfalva,lakók,415,9584627,teljes lakosság %-a,2.2970325292783955,Ambrózfalva: 0.4k | ≤2.3%
Kup,lakók,415,9584627,teljes lakosság %-a,2.301362379568866,Kup: 0.4k | ≤2.3%
Ráksi,lakók,415,9584627,teljes lakosság %-a,2.305692229859336,Ráksi: 0.4k | ≤2.3%
Bejcgyertyános,lakók,416,9584627,teljes lakosság %-a,2.3100325135240003,Bejcgyertyános: 0.4k | ≤2.3%
Nyíri,lakók,416,9584627,teljes lakosság %-a,2.3143727971886645,Nyíri: 0.4k | ≤2.3%
Boda,lakók,417,9584627,teljes lakosság %-a,2.318723514227523,Boda: 0.4k | ≤2.3%
Ipolydamásd,lakók,417,9584627,teljes lakosság %-a,2.3230742312663812,Ipolydamásd: 0.4k | ≤2.3%
Molnaszecsőd,lakók,417,9584627,teljes lakosság %-a,2.3274249483052394,Molnaszecsőd: 0.4k | ≤2.3%
Dióskál,lakók,418,9584627,teljes lakosság %-a,2.331786098718291,Dióskál: 0.4k | ≤2.3%
Ipolytarnóc,lakók,418,9584627,teljes lakosság %-a,2.336147249131343,Ipolytarnóc: 0.4k | ≤2.3%
Egyházasdengeleg,lakók,419,9584627,teljes lakosság %-a,2.3405188329185895,Egyházasdengeleg: 0.4k | ≤2.3%
Gasztony,lakók,419,9584627,teljes lakosság %-a,2.344890416705835,Gasztony: 0.4k | ≤2.3%
Károlyháza,lakók,419,9584627,teljes lakosság %-a,2.349262000493081,Károlyháza: 0.4k | ≤2.3%
Kémes,lakók,419,9584627,teljes lakosság %-a,2.3536335842803275,Kémes: 0.4k | ≤2.4%
Mucsi,lakók,419,9584627,teljes lakosság %-a,2.358005168067573,Mucsi: 0.4k | ≤2.4%
Zengővárkony,lakók,419,9584627,teljes lakosság %-a,2.362376751854819,Zengővárkony: 0.4k | ≤2.4%
Lövőpetri,lakók,420,9584627,teljes lakosság %-a,2.366758769016259,Lövőpetri: 0.4k | ≤2.4%
Magyarszerdahely,lakók,420,9584627,teljes lakosság %-a,2.371140786177699,Magyarszerdahely: 0.4k | ≤2.4%
Tekenye,lakók,421,9584627,teljes lakosság %-a,2.375533236713333,Tekenye: 0.4k | ≤2.4%
Pethőhenye,lakók,423,9584627,teljes lakosság %-a,2.3799465539973546,Pethőhenye: 0.4k | ≤2.4%
Hét,lakók,424,9584627,teljes lakosság %-a,2.3843703046555698,Hét: 0.4k | ≤2.4%
Nagyrada,lakók,425,9584627,teljes lakosság %-a,2.3888044886879793,Nagyrada: 0.4k | ≤2.4%
Telekes,lakók,425,9584627,teljes lakosság %-a,2.393238672720389,Telekes: 0.4k | ≤2.4%
Várbalog,lakók,425,9584627,teljes lakosság %-a,2.397672856752798,Várbalog: 0.4k | ≤2.4%
Tarjánpuszta,lakók,426,9584627,teljes lakosság %-a,2.4021174741594016,Tarjánpuszta: 0.4k | ≤2.4%
Iharos,lakók,427,9584627,teljes lakosság %-a,2.4065725249401986,Iharos: 0.4k | ≤2.4%
Hetvehely,lakók,428,9584627,teljes lakosság %-a,2.4110380090951895,Hetvehely: 0.4k | ≤2.4%
Kelemér,lakók,428,9584627,teljes lakosság %-a,2.415503493250181,Kelemér: 0.4k | ≤2.4%
Léh,lakók,429,9584627,teljes lakosság %-a,2.4199794107793657,Léh: 0.4k | ≤2.4%
Zselicszentpál,lakók,429,9584627,teljes lakosság %-a,2.424455328308551,Zselicszentpál: 0.4k | ≤2.4%
Zselickislak,lakók,430,9584627,teljes lakosság %-a,2.42894167921193,Zselickislak: 0.4k | ≤2.4%
Esztergályhorváti,lakók,431,9584627,teljes lakosság %-a,2.4334384634895025,Esztergályhorváti: 0.4k | ≤2.4%
Vasasszonyfa,lakók,431,9584627,teljes lakosság %-a,2.4379352477670753,Vasasszonyfa: 0.4k | ≤2.4%
Géberjén,lakók,432,9584627,teljes lakosság %-a,2.4424424654188424,Géberjén: 0.4k | ≤2.4%
Ordas,lakók,432,9584627,teljes lakosság %-a,2.4469496830706086,Ordas: 0.4k | ≤2.4%
Zádorfalva,lakók,432,9584627,teljes lakosság %-a,2.4514569007223757,Zádorfalva: 0.4k | ≤2.5%
Vízvár,lakók,433,9584627,teljes lakosság %-a,2.4559745517483362,Vízvár: 0.4k | ≤2.5%
Lakhegy,lakók,434,9584627,teljes lakosság %-a,2.4605026361484907,Lakhegy: 0.4k | ≤2.5%
Helesfa,lakók,435,9584627,teljes lakosság %-a,2.465041153922839,Helesfa: 0.4k | ≤2.5%
Klárafalva,lakók,435,9584627,teljes lakosság %-a,2.4695796716971876,Klárafalva: 0.4k | ≤2.5%
Alibánfa,lakók,436,9584627,teljes lakosság %-a,2.47412862284573,Alibánfa: 0.4k | ≤2.5%
Nógrádmarcal,lakók,436,9584627,teljes lakosság %-a,2.4786775739942724,Nógrádmarcal: 0.4k | ≤2.5%
Sajólászlófalva,lakók,436,9584627,teljes lakosság %-a,2.4832265251428143,Sajólászlófalva: 0.4k | ≤2.5%
Szakáld,lakók,436,9584627,teljes lakosság %-a,2.487775476291357,Szakáld: 0.4k | ≤2.5%
Kács,lakók,437,9584627,teljes lakosság %-a,2.492334860814093,Kács: 0.4k | ≤2.5%
Sávoly,lakók,437,9584627,teljes lakosság %-a,2.4968942453368297,Sávoly: 0.4k | ≤2.5%
Somogytúr,lakók,437,9584627,teljes lakosság %-a,2.501453629859566,Somogytúr: 0.4k | ≤2.5%
Drávafok,lakók,438,9584627,teljes lakosság %-a,2.506023447756496,Drávafok: 0.4k | ≤2.5%
Szakony,lakók,438,9584627,teljes lakosság %-a,2.510593265653426,Szakony: 0.4k | ≤2.5%
Bakonyoszlop,lakók,439,9584627,teljes lakosság %-a,2.51517351692455,Bakonyoszlop: 0.4k | ≤2.5%
Kamond,lakók,439,9584627,teljes lakosság %-a,2.519753768195674,Kamond: 0.4k | ≤2.5%
Répáshuta,lakók,439,9584627,teljes lakosság %-a,2.5243340194667985,Répáshuta: 0.4k | ≤2.5%
Tiszacsermely,lakók,439,9584627,teljes lakosság %-a,2.528914270737922,Tiszacsermely: 0.4k | ≤2.5%
Csesznek,lakók,441,9584627,teljes lakosság %-a,2.533515388757434,Csesznek: 0.4k | ≤2.5%
Legénd,lakók,441,9584627,teljes lakosság %-a,2.5381165067769462,Legénd: 0.4k | ≤2.5%
Mátraszentimre,lakók,442,9584627,teljes lakosság %-a,2.542728058170652,Mátraszentimre: 0.4k | ≤2.5%
Kétbodony,lakók,443,9584627,teljes lakosság %-a,2.5473500429385516,Kétbodony: 0.4k | ≤2.5%
Viss,lakók,443,9584627,teljes lakosság %-a,2.5519720277064515,Viss: 0.4k | ≤2.6%
Zubogy,lakók,443,9584627,teljes lakosság %-a,2.556594012474351,Zubogy: 0.4k | ≤2.6%
Kisunyom,lakók,446,9584627,teljes lakosság %-a,2.561247297364832,Kisunyom: 0.4k | ≤2.6%
Salköveskút,lakók,446,9584627,teljes lakosság %-a,2.5659005822553134,Salköveskút: 0.4k | ≤2.6%
Somogymeggyes,lakók,448,9584627,teljes lakosság %-a,2.570574733894183,Somogymeggyes: 0.4k | ≤2.6%
Kemendollár,lakók,449,9584627,teljes lakosság %-a,2.575259318907246,Kemendollár: 0.4k | ≤2.6%
Balatonszepezd,lakók,450,9584627,teljes lakosság %-a,2.579954337294503,Balatonszepezd: 0.4k | ≤2.6%
Balatonújlak,lakók,450,9584627,teljes lakosság %-a,2.5846493556817602,Balatonújlak: 0.4k | ≤2.6%
Darvas,lakók,450,9584627,teljes lakosság %-a,2.589344374069017,Darvas: 0.4k | ≤2.6%
Krasznokvajda,lakók,450,9584627,teljes lakosság %-a,2.594039392456274,Krasznokvajda: 0.4k | ≤2.6%
Aggtelek,lakók,451,9584627,teljes lakosság %-a,2.598744844217725,Aggtelek: 0.5k | ≤2.6%
Dombiratos,lakók,451,9584627,teljes lakosság %-a,2.603450295979176,Dombiratos: 0.5k | ≤2.6%
Kapolcs,lakók,451,9584627,teljes lakosság %-a,2.6081557477406268,Kapolcs: 0.5k | ≤2.6%
Kaposhomok,lakók,451,9584627,teljes lakosság %-a,2.6128611995020776,Kaposhomok: 0.5k | ≤2.6%
Vámosoroszi,lakók,451,9584627,teljes lakosság %-a,2.6175666512635285,Vámosoroszi: 0.5k | ≤2.6%
Nak,lakók,452,9584627,teljes lakosság %-a,2.6222825363991733,Nak: 0.5k | ≤2.6%
Óföldeák,lakók,452,9584627,teljes lakosság %-a,2.6269984215348186,Óföldeák: 0.5k | ≤2.6%
Nagykutas,lakók,453,9584627,teljes lakosság %-a,2.631724740044657,Nagykutas: 0.5k | ≤2.6%
Zaránk,lakók,453,9584627,teljes lakosság %-a,2.6364510585544956,Zaránk: 0.5k | ≤2.6%
Lippó,lakók,454,9584627,teljes lakosság %-a,2.6411878104385282,Lippó: 0.5k | ≤2.6%
Rábaszentandrás,lakók,454,9584627,teljes lakosság %-a,2.645924562322561,Rábaszentandrás: 0.5k | ≤2.6%
Törökkoppány,lakók,454,9584627,teljes lakosság %-a,2.6506613142065936,Törökkoppány: 0.5k | ≤2.7%
Doba,lakók,456,9584627,teljes lakosság %-a,2.655418932839014,Doba: 0.5k | ≤2.7%
Nagyszakácsi,lakók,456,9584627,teljes lakosság %-a,2.660176551471434,Nagyszakácsi: 0.5k | ≤2.7%
Nagyszekeres,lakók,456,9584627,teljes lakosság %-a,2.664934170103855,Nagyszekeres: 0.5k | ≤2.7%
Szentdomonkos,lakók,456,9584627,teljes lakosság %-a,2.669691788736275,Szentdomonkos: 0.5k | ≤2.7%
Vörs,lakók,456,9584627,teljes lakosság %-a,2.6744494073686957,Vörs: 0.5k | ≤2.7%
Zabar,lakók,456,9584627,teljes lakosság %-a,2.6792070260011163,Zabar: 0.5k | ≤2.7%
Fehértó,lakók,457,9584627,teljes lakosság %-a,2.6839750780077303,Fehértó: 0.5k | ≤2.7%
Hidegkút,lakók,458,9584627,teljes lakosság %-a,2.688753563388539,Hidegkút: 0.5k | ≤2.7%
Mályinka,lakók,458,9584627,teljes lakosság %-a,2.693532048769347,Mályinka: 0.5k | ≤2.7%
Újbarok,lakók,458,9584627,teljes lakosság %-a,2.6983105341501554,Újbarok: 0.5k | ≤2.7%
Erdőkürt,lakók,459,9584627,teljes lakosság %-a,2.7030994529051573,Erdőkürt: 0.5k | ≤2.7%
Fulókércs,lakók,459,9584627,teljes lakosság %-a,2.7078883716601596,Fulókércs: 0.5k | ≤2.7%
Kisigmánd,lakók,459,9584627,teljes lakosság %-a,2.712677290415162,Kisigmánd: 0.5k | ≤2.7%
Kustánszeg,lakók,461,9584627,teljes lakosság %-a,2.7174870759185517,Kustánszeg: 0.5k | ≤2.7%
Mátételke,lakók,462,9584627,teljes lakosság %-a,2.7223072947961358,Mátételke: 0.5k | ≤2.7%
Nagyér,lakók,462,9584627,teljes lakosság %-a,2.7271275136737194,Nagyér: 0.5k | ≤2.7%
Szőc,lakók,462,9584627,teljes lakosság %-a,2.731947732551303,Szőc: 0.5k | ≤2.7%
Bőszénfa,lakók,463,9584627,teljes lakosság %-a,2.7367783848030807,Bőszénfa: 0.5k | ≤2.7%
Sántos,lakók,463,9584627,teljes lakosság %-a,2.7416090370548587,Sántos: 0.5k | ≤2.7%
Sajópüspöki,lakók,465,9584627,teljes lakosság %-a,2.7464605560550246,Sajópüspöki: 0.5k | ≤2.7%
Bojt,lakók,466,9584627,teljes lakosság %-a,2.751322508429384,Bojt: 0.5k | ≤2.8%
Királyszentistván,lakók,466,9584627,teljes lakosság %-a,2.7561844608037434,Királyszentistván: 0.5k | ≤2.8%
Somogybabod,lakók,467,9584627,teljes lakosság %-a,2.7610568465522967,Somogybabod: 0.5k | ≤2.8%
Fáj,lakók,468,9584627,teljes lakosság %-a,2.7659396656750443,Fáj: 0.5k | ≤2.8%
Kisharsány,lakók,468,9584627,teljes lakosság %-a,2.770822484797791,Kisharsány: 0.5k | ≤2.8%
Szemely,lakók,468,9584627,teljes lakosság %-a,2.7757053039205384,Szemely: 0.5k | ≤2.8%
Újiráz,lakók,468,9584627,teljes lakosság %-a,2.7805881230432856,Újiráz: 0.5k | ≤2.8%
Váraszó,lakók,468,9584627,teljes lakosság %-a,2.785470942166033,Váraszó: 0.5k | ≤2.8%
Magyargencs,lakók,469,9584627,teljes lakosság %-a,2.7903641946629745,Magyargencs: 0.5k | ≤2.8%
Panyola,lakók,470,9584627,teljes lakosság %-a,2.7952678805341096,Panyola: 0.5k | ≤2.8%
Acsalag,lakók,471,9584627,teljes lakosság %-a,2.8001819997794386,Acsalag: 0.5k | ≤2.8%
Nemesapáti,lakók,471,9584627,teljes lakosság %-a,2.8050961190247676,Nemesapáti: 0.5k | ≤2.8%
Szalmatercs,lakók,471,9584627,teljes lakosság %-a,2.8100102382700967,Szalmatercs: 0.5k | ≤2.8%
Bajánsenye,lakók,472,9584627,teljes lakosság %-a,2.814934790889619,Bajánsenye: 0.5k | ≤2.8%
Lengyel,lakók,472,9584627,teljes lakosság %-a,2.819859343509142,Lengyel: 0.5k | ≤2.8%
Szentgáloskér,lakók,472,9584627,teljes lakosság %-a,2.824783896128665,Szentgáloskér: 0.5k | ≤2.8%
Tornyiszentmiklós,lakók,474,9584627,teljes lakosság %-a,2.829729315496576,Tornyiszentmiklós: 0.5k | ≤2.8%
Zalacséb,lakók,474,9584627,teljes lakosság %-a,2.8346747348644863,Zalacséb: 0.5k | ≤2.8%
Izmény,lakók,475,9584627,teljes lakosság %-a,2.839630587606591,Izmény: 0.5k | ≤2.8%
Pogányszentpéter,lakók,475,9584627,teljes lakosság %-a,2.8445864403486962,Pogányszentpéter: 0.5k | ≤2.8%
Röjtökmuzsaj,lakók,475,9584627,teljes lakosság %-a,2.8495422930908005,Röjtökmuzsaj: 0.5k | ≤2.8%
Bezi,lakók,476,9584627,teljes lakosság %-a,2.854508579207099,Bezi: 0.5k | ≤2.9%
Lókút,lakók,476,9584627,teljes lakosság %-a,2.859474865323398,Lókút: 0.5k | ≤2.9%
Györgytarló,lakók,477,9584627,teljes lakosság %-a,2.8644515848138896,Györgytarló: 0.5k | ≤2.9%
Szápár,lakók,477,9584627,teljes lakosság %-a,2.8694283043043822,Szápár: 0.5k | ≤2.9%
Uszka,lakók,477,9584627,teljes lakosság %-a,2.874405023794875,Uszka: 0.5k | ≤2.9%
Somogyapáti,lakók,478,9584627,teljes lakosság %-a,2.8793921766595614,Somogyapáti: 0.5k | ≤2.9%
Hidegség,lakók,479,9584627,teljes lakosság %-a,2.8843897628984414,Hidegség: 0.5k | ≤2.9%
Hernádszentandrás,lakók,480,9584627,teljes lakosság %-a,2.8893977825115154,Hernádszentandrás: 0.5k | ≤2.9%
Jákfalva,lakók,480,9584627,teljes lakosság %-a,2.8944058021245898,Jákfalva: 0.5k | ≤2.9%
Egyházaskesző,lakók,481,9584627,teljes lakosság %-a,2.8994242551118576,Egyházaskesző: 0.5k | ≤2.9%
Muhi,lakók,481,9584627,teljes lakosság %-a,2.9044427080991255,Muhi: 0.5k | ≤2.9%
Aszófő,lakók,482,9584627,teljes lakosság %-a,2.909471594460588,Aszófő: 0.5k | ≤2.9%
Bérbaltavár,lakók,482,9584627,teljes lakosság %-a,2.9145004808220496,Bérbaltavár: 0.5k | ≤2.9%
Káptalantóti,lakók,482,9584627,teljes lakosság %-a,2.9195293671835114,Káptalantóti: 0.5k | ≤2.9%
Rábaszentmihály,lakók,482,9584627,teljes lakosság %-a,2.9245582535449737,Rábaszentmihály: 0.5k | ≤2.9%
Becske,lakók,483,9584627,teljes lakosság %-a,2.9295975732806294,Becske: 0.5k | ≤2.9%
Gerde,lakók,483,9584627,teljes lakosság %-a,2.9346368930162856,Gerde: 0.5k | ≤2.9%
Jákfa,lakók,483,9584627,teljes lakosság %-a,2.9396762127519414,Jákfa: 0.5k | ≤2.9%
Kondorfa,lakók,483,9584627,teljes lakosság %-a,2.944715532487597,Kondorfa: 0.5k | ≤2.9%
Váckisújfalu,lakók,483,9584627,teljes lakosság %-a,2.949754852223253,Váckisújfalu: 0.5k | ≤2.9%
Jobaháza,lakók,484,9584627,teljes lakosság %-a,2.954804605333103,Jobaháza: 0.5k | ≤3%
Egyed,lakók,485,9584627,teljes lakosság %-a,2.9598647918171466,Egyed: 0.5k | ≤3%
Kemenesmihályfa,lakók,485,9584627,teljes lakosság %-a,2.96492497830119,Kemenesmihályfa: 0.5k | ≤3%
Kondó,lakók,485,9584627,teljes lakosság %-a,2.9699851647852338,Kondó: 0.5k | ≤3%
Kömörő,lakók,485,9584627,teljes lakosság %-a,2.9750453512692774,Kömörő: 0.5k | ≤3%
Somogyfajsz,lakók,485,9584627,teljes lakosság %-a,2.980105537753321,Somogyfajsz: 0.5k | ≤3%
Szamosangyalos,lakók,485,9584627,teljes lakosság %-a,2.9851657242373646,Szamosangyalos: 0.5k | ≤3%
Malomsok,lakók,486,9584627,teljes lakosság %-a,2.990236344095602,Malomsok: 0.5k | ≤3%
Zalaszabar,lakók,487,9584627,teljes lakosság %-a,2.9953173973280336,Zalaszabar: 0.5k | ≤3%
Csaholc,lakók,488,9584627,teljes lakosság %-a,3.000408883934659,Csaholc: 0.5k | ≤3%
Kötcse,lakók,488,9584627,teljes lakosság %-a,3.005500370541285,Kötcse: 0.5k | ≤3%
Muraszemenye,lakók,488,9584627,teljes lakosság %-a,3.0105918571479098,Muraszemenye: 0.5k | ≤3%
Csincse,lakók,489,9584627,teljes lakosság %-a,3.015693777128729,Csincse: 0.5k | ≤3%
Küngös,lakók,489,9584627,teljes lakosság %-a,3.0207956971095484,Küngös: 0.5k | ≤3%
Óhíd,lakók,489,9584627,teljes lakosság %-a,3.0258976170903678,Óhíd: 0.5k | ≤3%
Porva,lakók,489,9584627,teljes lakosság %-a,3.030999537071187,Porva: 0.5k | ≤3%
Peresznye,lakók,492,9584627,teljes lakosság %-a,3.036132757174588,Peresznye: 0.5k | ≤3%
Csikvánd,lakók,493,9584627,teljes lakosság %-a,3.041276410652183,Csikvánd: 0.5k | ≤3%
Pörböly,lakók,493,9584627,teljes lakosság %-a,3.046420064129778,Pörböly: 0.5k | ≤3%
Vág,lakók,493,9584627,teljes lakosság %-a,3.051563717607373,Vág: 0.5k | ≤3.1%
Istvándi,lakók,495,9584627,teljes lakosság %-a,3.0567282378333553,Istvándi: 0.5k | ≤3.1%
Nagyalásony,lakók,495,9584627,teljes lakosság %-a,3.0618927580593382,Nagyalásony: 0.5k | ≤3.1%
Egerbocs,lakók,496,9584627,teljes lakosság %-a,3.0670677116595146,Egerbocs: 0.5k | ≤3.1%
Hidvégardó,lakók,496,9584627,teljes lakosság %-a,3.0722426652596915,Hidvégardó: 0.5k | ≤3.1%
Nagykorpád,lakók,496,9584627,teljes lakosság %-a,3.077417618859868,Nagykorpád: 0.5k | ≤3.1%
Narda,lakók,496,9584627,teljes lakosság %-a,3.0825925724600447,Narda: 0.5k | ≤3.1%
Felsőcsatár,lakók,497,9584627,teljes lakosság %-a,3.087777959434415,Felsőcsatár: 0.5k | ≤3.1%
Vanyola,lakók,497,9584627,teljes lakosság %-a,3.092963346408786,Vanyola: 0.5k | ≤3.1%
Kemeneshőgyész,lakók,498,9584627,teljes lakosság %-a,3.09815916675735,Kemeneshőgyész: 0.5k | ≤3.1%
Kemenessömjén,lakók,498,9584627,teljes lakosság %-a,3.1033549871059147,Kemenessömjén: 0.5k | ≤3.1%
Lakócsa,lakók,499,9584627,teljes lakosság %-a,3.108561240828673,Lakócsa: 0.5k | ≤3.1%
Ártánd,lakók,500,9584627,teljes lakosság %-a,3.113777927925625,Ártánd: 0.5k | ≤3.1%
Erdőtarcsa,lakók,500,9584627,teljes lakosság %-a,3.118994615022577,Erdőtarcsa: 0.5k | ≤3.1%
Mikóháza,lakók,500,9584627,teljes lakosság %-a,3.1242113021195292,Mikóháza: 0.5k | ≤3.1%
Rábacsanak,lakók,502,9584627,teljes lakosság %-a,3.1294488559648697,Rábacsanak: 0.5k | ≤3.1%
Rákóczibánya,lakók,502,9584627,teljes lakosság %-a,3.1346864098102096,Rákóczibánya: 0.5k | ≤3.1%
Kardos,lakók,503,9584627,teljes lakosság %-a,3.1399343970297435,Kardos: 0.5k | ≤3.1%
Kerta,lakók,503,9584627,teljes lakosság %-a,3.1451823842492774,Kerta: 0.5k | ≤3.1%
Ura,lakók,503,9584627,teljes lakosság %-a,3.1504303714688113,Ura: 0.5k | ≤3.2%
Egerlövő,lakók,504,9584627,teljes lakosság %-a,3.1556887920625396,Egerlövő: 0.5k | ≤3.2%
Győrasszonyfa,lakók,504,9584627,teljes lakosság %-a,3.160947212656267,Győrasszonyfa: 0.5k | ≤3.2%
Kisszekeres,lakók,504,9584627,teljes lakosság %-a,3.1662056332499953,Kisszekeres: 0.5k | ≤3.2%
Mihálygerge,lakók,506,9584627,teljes lakosság %-a,3.171484920592111,Mihálygerge: 0.5k | ≤3.2%
Nagylengyel,lakók,506,9584627,teljes lakosság %-a,3.176764207934226,Nagylengyel: 0.5k | ≤3.2%
Babosdöbréte,lakók,507,9584627,teljes lakosság %-a,3.182053928650536,Babosdöbréte: 0.5k | ≤3.2%
Lázi,lakók,507,9584627,teljes lakosság %-a,3.187343649366845,Lázi: 0.5k | ≤3.2%
Balajt,lakók,508,9584627,teljes lakosság %-a,3.192643803457349,Balajt: 0.5k | ≤3.2%
Nyírderzs,lakók,508,9584627,teljes lakosság %-a,3.1979439575478525,Nyírderzs: 0.5k | ≤3.2%
Semjén,lakók,508,9584627,teljes lakosság %-a,3.2032441116383557,Semjén: 0.5k | ≤3.2%
Nyalka,lakók,509,9584627,teljes lakosság %-a,3.2085546991030536,Nyalka: 0.5k | ≤3.2%
Tornyosnémeti,lakók,511,9584627,teljes lakosság %-a,3.213886153316139,Tornyosnémeti: 0.5k | ≤3.2%
Dunatetétlen,lakók,512,9584627,teljes lakosság %-a,3.2192280409034177,Dunatetétlen: 0.5k | ≤3.2%
Somogyzsitfa,lakók,512,9584627,teljes lakosság %-a,3.224569928490697,Somogyzsitfa: 0.5k | ≤3.2%
Szentantalfa,lakók,512,9584627,teljes lakosság %-a,3.229911816077976,Szentantalfa: 0.5k | ≤3.2%
Dencsháza,lakók,513,9584627,teljes lakosság %-a,3.2352641370394486,Dencsháza: 0.5k | ≤3.2%
Kishartyán,lakók,513,9584627,teljes lakosság %-a,3.2406164580009214,Kishartyán: 0.5k | ≤3.2%
Pápakovácsi,lakók,514,9584627,teljes lakosság %-a,3.245979212336589,Pápakovácsi: 0.5k | ≤3.2%
Sümegcsehi,lakók,515,9584627,teljes lakosság %-a,3.251352400046449,Sümegcsehi: 0.5k | ≤3.3%
Szögliget,lakók,515,9584627,teljes lakosság %-a,3.25672558775631,Szögliget: 0.5k | ≤3.3%
Pusztaszentlászló,lakók,516,9584627,teljes lakosság %-a,3.262109208840365,Pusztaszentlászló: 0.5k | ≤3.3%
Hont,lakók,517,9584627,teljes lakosság %-a,3.2675032632986136,Hont: 0.5k | ≤3.3%
Karos,lakók,517,9584627,teljes lakosság %-a,3.272897317756862,Karos: 0.5k | ≤3.3%
Vámosatya,lakók,517,9584627,teljes lakosság %-a,3.2782913722151106,Vámosatya: 0.5k | ≤3.3%
Csögle,lakók,518,9584627,teljes lakosság %-a,3.283695860047553,Csögle: 0.5k | ≤3.3%
Nagygyimót,lakók,518,9584627,teljes lakosság %-a,3.289100347879996,Nagygyimót: 0.5k | ≤3.3%
Simaság,lakók,518,9584627,teljes lakosság %-a,3.2945048357124382,Simaság: 0.5k | ≤3.3%
Szanda,lakók,518,9584627,teljes lakosság %-a,3.2999093235448806,Szanda: 0.5k | ≤3.3%
Székelyszabar,lakók,518,9584627,teljes lakosság %-a,3.305313811377323,Székelyszabar: 0.5k | ≤3.3%
Cirák,lakók,519,9584627,teljes lakosság %-a,3.31072873258396,Cirák: 0.5k | ≤3.3%
Egyházashollós,lakók,519,9584627,teljes lakosság %-a,3.3161436537905957,Egyházashollós: 0.5k | ≤3.3%
Lovas,lakók,519,9584627,teljes lakosság %-a,3.3215585749972325,Lovas: 0.5k | ≤3.3%
Nagytevel,lakók,519,9584627,teljes lakosság %-a,3.326973496203869,Nagytevel: 0.5k | ≤3.3%
Rásonysápberencs,lakók,519,9584627,teljes lakosság %-a,3.3323884174105056,Rásonysápberencs: 0.5k | ≤3.3%
Birján,lakók,520,9584627,teljes lakosság %-a,3.337813771991336,Birján: 0.5k | ≤3.3%
Gelénes,lakók,520,9584627,teljes lakosság %-a,3.3432391265721657,Gelénes: 0.5k | ≤3.3%
Orci,lakók,520,9584627,teljes lakosság %-a,3.3486644811529964,Orci: 0.5k | ≤3.3%
Zimány,lakók,520,9584627,teljes lakosság %-a,3.354089835733827,Zimány: 0.5k | ≤3.4%
Kokad,lakók,521,9584627,teljes lakosság %-a,3.3595256236888504,Kokad: 0.5k | ≤3.4%
Mezőpeterd,lakók,521,9584627,teljes lakosság %-a,3.364961411643875,Mezőpeterd: 0.5k | ≤3.4%
Eplény,lakók,522,9584627,teljes lakosság %-a,3.3704076329730928,Eplény: 0.5k | ≤3.4%
Kereki,lakók,523,9584627,teljes lakosság %-a,3.3758642876765057,Kereki: 0.5k | ≤3.4%
Markotabödöge,lakók,523,9584627,teljes lakosság %-a,3.3813209423799173,Markotabödöge: 0.5k | ≤3.4%
Márokpapi,lakók,523,9584627,teljes lakosság %-a,3.386777597083329,Márokpapi: 0.5k | ≤3.4%
Felsőszölnök,lakók,524,9584627,teljes lakosság %-a,3.3922446851609354,Felsőszölnök: 0.5k | ≤3.4%
Szólád,lakók,524,9584627,teljes lakosság %-a,3.397711773238541,Szólád: 0.5k | ≤3.4%
Nagydobsza,lakók,525,9584627,teljes lakosság %-a,3.4031892946903413,Nagydobsza: 0.5k | ≤3.4%
Pusztamagyaród,lakók,525,9584627,teljes lakosság %-a,3.408666816142141,Pusztamagyaród: 0.5k | ≤3.4%
Homorúd,lakók,526,9584627,teljes lakosság %-a,3.414154770968135,Homorúd: 0.5k | ≤3.4%
Kálmáncsa,lakók,526,9584627,teljes lakosság %-a,3.419642725794129,Kálmáncsa: 0.5k | ≤3.4%
Tiszavid,lakók,526,9584627,teljes lakosság %-a,3.425130680620122,Tiszavid: 0.5k | ≤3.4%
Vasboldogasszony,lakók,527,9584627,teljes lakosság %-a,3.43062906882031,Vasboldogasszony: 0.5k | ≤3.4%
Semjénháza,lakók,528,9584627,teljes lakosság %-a,3.4361378903946918,Semjénháza: 0.5k | ≤3.4%
Tiszarád,lakók,529,9584627,teljes lakosság %-a,3.4416571453432665,Tiszarád: 0.5k | ≤3.4%
Kőkút,lakók,530,9584627,teljes lakosság %-a,3.447186833666036,Kőkút: 0.5k | ≤3.4%
Rétalap,lakók,531,9584627,teljes lakosság %-a,3.4527269553629996,Rétalap: 0.5k | ≤3.5%
Kuncsorba,lakók,532,9584627,teljes lakosság %-a,3.4582775104341565,Kuncsorba: 0.5k | ≤3.5%
Alsószentiván,lakók,533,9584627,teljes lakosság %-a,3.4638384988795075,Alsószentiván: 0.5k | ≤3.5%
Kőszegszerdahely,lakók,535,9584627,teljes lakosság %-a,3.4694203540732467,Kőszegszerdahely: 0.5k | ≤3.5%
Lad,lakók,535,9584627,teljes lakosság %-a,3.4750022092669854,Lad: 0.5k | ≤3.5%
Surd,lakók,535,9584627,teljes lakosság %-a,3.4805840644607247,Surd: 0.5k | ≤3.5%
Érsekhalma,lakók,536,9584627,teljes lakosság %-a,3.4861763530286574,Érsekhalma: 0.5k | ≤3.5%
Radostyán,lakók,537,9584627,teljes lakosság %-a,3.491779074970784,Radostyán: 0.5k | ≤3.5%
Alsóújlak,lakók,538,9584627,teljes lakosság %-a,3.4973922302871046,Alsóújlak: 0.5k | ≤3.5%
Csányoszró,lakók,538,9584627,teljes lakosság %-a,3.5030053856034247,Csányoszró: 0.5k | ≤3.5%
Sárkeszi,lakók,538,9584627,teljes lakosság %-a,3.508618540919746,Sárkeszi: 0.5k | ≤3.5%
Töttös,lakók,538,9584627,teljes lakosság %-a,3.5142316962360662,Töttös: 0.5k | ≤3.5%
Erdőhorváti,lakók,539,9584627,teljes lakosság %-a,3.519855284926581,Erdőhorváti: 0.5k | ≤3.5%
Gelej,lakók,540,9584627,teljes lakosság %-a,3.525489306991289,Gelej: 0.5k | ≤3.5%
Golop,lakók,540,9584627,teljes lakosság %-a,3.5311233290559976,Golop: 0.5k | ≤3.5%
Romonya,lakók,541,9584627,teljes lakosság %-a,3.5367677844949,Romonya: 0.5k | ≤3.5%
Herencsény,lakók,542,9584627,teljes lakosság %-a,3.542422673307996,Herencsény: 0.5k | ≤3.5%
Nagykökényes,lakók,542,9584627,teljes lakosság %-a,3.548077562121092,Nagykökényes: 0.5k | ≤3.5%
Csaroda,lakók,543,9584627,teljes lakosság %-a,3.5537428843083827,Csaroda: 0.5k | ≤3.6%
Magyaregres,lakók,544,9584627,teljes lakosság %-a,3.5594186398698664,Magyaregres: 0.5k | ≤3.6%
Magyarhertelend,lakók,544,9584627,teljes lakosság %-a,3.565094395431351,Magyarhertelend: 0.5k | ≤3.6%
Tüskevár,lakók,544,9584627,teljes lakosság %-a,3.5707701509928342,Tüskevár: 0.5k | ≤3.6%
Dunaszentmiklós,lakók,545,9584627,teljes lakosság %-a,3.5764563399285123,Dunaszentmiklós: 0.5k | ≤3.6%
Máriakéménd,lakók,545,9584627,teljes lakosság %-a,3.582142528864191,Máriakéménd: 0.5k | ≤3.6%
Tófalu,lakók,545,9584627,teljes lakosság %-a,3.587828717799869,Tófalu: 0.5k | ≤3.6%
Bánokszentgyörgy,lakók,548,9584627,teljes lakosság %-a,3.593546206858128,Bánokszentgyörgy: 0.5k | ≤3.6%
Ipolyszög,lakók,548,9584627,teljes lakosság %-a,3.5992636959163873,Ipolyszög: 0.5k | ≤3.6%
Felsőpetény,lakók,549,9584627,teljes lakosság %-a,3.6049916183488415,Felsőpetény: 0.5k | ≤3.6%
Bálványos,lakók,550,9584627,teljes lakosság %-a,3.610729974155489,Bálványos: 0.6k | ≤3.6%
Selyeb,lakók,550,9584627,teljes lakosság %-a,3.6164683299621365,Selyeb: 0.6k | ≤3.6%
Vérteskethely,lakók,550,9584627,teljes lakosság %-a,3.6222066857687834,Vérteskethely: 0.6k | ≤3.6%
Söréd,lakók,551,9584627,teljes lakosság %-a,3.627955474949625,Söréd: 0.6k | ≤3.6%
Csatár,lakók,552,9584627,teljes lakosság %-a,3.6337146975046606,Csatár: 0.6k | ≤3.6%
Hunya,lakók,552,9584627,teljes lakosság %-a,3.6394739200596957,Hunya: 0.6k | ≤3.6%
Nick,lakók,552,9584627,teljes lakosság %-a,3.645233142614731,Nick: 0.6k | ≤3.6%
Sóly,lakók,552,9584627,teljes lakosság %-a,3.650992365169766,Sóly: 0.6k | ≤3.7%
Bár,lakók,553,9584627,teljes lakosság %-a,3.656762021098995,Bár: 0.6k | ≤3.7%
Csenyéte,lakók,554,9584627,teljes lakosság %-a,3.6625421104024185,Csenyéte: 0.6k | ≤3.7%
Paloznak,lakók,554,9584627,teljes lakosság %-a,3.6683221997058415,Paloznak: 0.6k | ≤3.7%
Abaújkér,lakók,556,9584627,teljes lakosság %-a,3.674123155757653,Abaújkér: 0.6k | ≤3.7%
Pécsely,lakók,557,9584627,teljes lakosság %-a,3.679934545183657,Pécsely: 0.6k | ≤3.7%
Moha,lakók,559,9584627,teljes lakosság %-a,3.6857668013580493,Moha: 0.6k | ≤3.7%
Salomvár,lakók,559,9584627,teljes lakosság %-a,3.6915990575324424,Salomvár: 0.6k | ≤3.7%
Túrricse,lakók,559,9584627,teljes lakosság %-a,3.697431313706835,Túrricse: 0.6k | ≤3.7%
Mike,lakók,562,9584627,teljes lakosság %-a,3.703294870003809,Mike: 0.6k | ≤3.7%
Nagybörzsöny,lakók,562,9584627,teljes lakosság %-a,3.7091584263007835,Nagybörzsöny: 0.6k | ≤3.7%
Felsővadász,lakók,563,9584627,teljes lakosság %-a,3.715032415971952,Felsővadász: 0.6k | ≤3.7%
Alsópetény,lakók,564,9584627,teljes lakosság %-a,3.7209168390173137,Alsópetény: 0.6k | ≤3.7%
Bátorliget,lakók,564,9584627,teljes lakosság %-a,3.726801262062676,Bátorliget: 0.6k | ≤3.7%
Sárpilis,lakók,564,9584627,teljes lakosság %-a,3.732685685108038,Sárpilis: 0.6k | ≤3.7%
Sümegprága,lakók,564,9584627,teljes lakosság %-a,3.7385701081534,Sümegprága: 0.6k | ≤3.7%
Tapsony,lakók,564,9584627,teljes lakosság %-a,3.7444545311987625,Tapsony: 0.6k | ≤3.7%
Bakonytamási,lakók,565,9584627,teljes lakosság %-a,3.750349387618318,Bakonytamási: 0.6k | ≤3.8%
Telkibánya,lakók,565,9584627,teljes lakosság %-a,3.756244244037874,Telkibánya: 0.6k | ≤3.8%
Mersevát,lakók,566,9584627,teljes lakosság %-a,3.762149533831624,Mersevát: 0.6k | ≤3.8%
Szátok,lakók,566,9584627,teljes lakosság %-a,3.768054823625374,Szátok: 0.6k | ≤3.8%
Csömödér,lakók,567,9584627,teljes lakosság %-a,3.7739705467933184,Csömödér: 0.6k | ≤3.8%
Kétpó,lakók,567,9584627,teljes lakosság %-a,3.779886269961262,Kétpó: 0.6k | ≤3.8%
Ragály,lakók,567,9584627,teljes lakosság %-a,3.7858019931292057,Ragály: 0.6k | ≤3.8%
Zemplénagárd,lakók,567,9584627,teljes lakosság %-a,3.7917177162971494,Zemplénagárd: 0.6k | ≤3.8%
Györe,lakók,569,9584627,teljes lakosság %-a,3.7976543062134813,Györe: 0.6k | ≤3.8%
Nagypáli,lakók,569,9584627,teljes lakosság %-a,3.8035908961298133,Nagypáli: 0.6k | ≤3.8%
Vécs,lakók,569,9584627,teljes lakosság %-a,3.8095274860461443,Vécs: 0.6k | ≤3.8%
Beleg,lakók,570,9584627,teljes lakosság %-a,3.81547450933667,Beleg: 0.6k | ≤3.8%
Nógrádszakál,lakók,570,9584627,teljes lakosság %-a,3.8214215326271956,Nógrádszakál: 0.6k | ≤3.8%
Szuha,lakók,570,9584627,teljes lakosság %-a,3.8273685559177215,Szuha: 0.6k | ≤3.8%
Felsőnána,lakók,571,9584627,teljes lakosság %-a,3.833326012582441,Felsőnána: 0.6k | ≤3.8%
Olasz,lakók,571,9584627,teljes lakosság %-a,3.8392834692471602,Olasz: 0.6k | ≤3.8%
Lucfalva,lakók,574,9584627,teljes lakosság %-a,3.8452722260344614,Lucfalva: 0.6k | ≤3.8%
Kovácsvágás,lakók,575,9584627,teljes lakosság %-a,3.851271416195956,Kovácsvágás: 0.6k | ≤3.9%
Pári,lakók,575,9584627,teljes lakosság %-a,3.857270606357451,Pári: 0.6k | ≤3.9%
Szabás,lakók,575,9584627,teljes lakosság %-a,3.863269796518946,Szabás: 0.6k | ≤3.9%
Szulok,lakók,575,9584627,teljes lakosság %-a,3.8692689866804417,Szulok: 0.6k | ≤3.9%
Tiszaladány,lakók,575,9584627,teljes lakosság %-a,3.875268176841937,Tiszaladány: 0.6k | ≤3.9%
Piliny,lakók,577,9584627,teljes lakosság %-a,3.8812882337518193,Piliny: 0.6k | ≤3.9%
Hevesaranyos,lakók,578,9584627,teljes lakosság %-a,3.8873187240358966,Hevesaranyos: 0.6k | ≤3.9%
Taktabáj,lakók,578,9584627,teljes lakosság %-a,3.893349214319973,Taktabáj: 0.6k | ≤3.9%
Ete,lakók,579,9584627,teljes lakosság %-a,3.899390137978244,Ete: 0.6k | ≤3.9%
Jákó,lakók,579,9584627,teljes lakosság %-a,3.905431061636514,Jákó: 0.6k | ≤3.9%
Szálka,lakók,579,9584627,teljes lakosság %-a,3.911471985294785,Szálka: 0.6k | ≤3.9%
Csapod,lakók,580,9584627,teljes lakosság %-a,3.9175233423272497,Csapod: 0.6k | ≤3.9%
Fityeház,lakók,580,9584627,teljes lakosság %-a,3.9235746993597145,Fityeház: 0.6k | ≤3.9%
Ábrahámhegy,lakók,582,9584627,teljes lakosság %-a,3.9296469231405666,Ábrahámhegy: 0.6k | ≤3.9%
Imrehegy,lakók,582,9584627,teljes lakosság %-a,3.9357191469214188,Imrehegy: 0.6k | ≤3.9%
Terem,lakók,582,9584627,teljes lakosság %-a,3.941791370702272,Terem: 0.6k | ≤3.9%
Szántód,lakók,583,9584627,teljes lakosság %-a,3.947874027857318,Szántód: 0.6k | ≤3.9%
Vezseny,lakók,583,9584627,teljes lakosság %-a,3.9539566850123644,Vezseny: 0.6k | ≤4%
Cégénydányád,lakók,584,9584627,teljes lakosság %-a,3.960049775541604,Cégénydányád: 0.6k | ≤4%
Pátyod,lakók,584,9584627,teljes lakosság %-a,3.9661428660708444,Pátyod: 0.6k | ≤4%
Sajóivánka,lakók,584,9584627,teljes lakosság %-a,3.972235956600085,Sajóivánka: 0.6k | ≤4%
Tiszaadony,lakók,584,9584627,teljes lakosság %-a,3.9783290471293244,Tiszaadony: 0.6k | ≤4%
Vértestolna,lakók,584,9584627,teljes lakosság %-a,3.984422137658565,Vértestolna: 0.6k | ≤4%
Királyhegyes,lakók,585,9584627,teljes lakosság %-a,3.9905256615619993,Királyhegyes: 0.6k | ≤4%
Nágocs,lakók,587,9584627,teljes lakosság %-a,3.996650052213821,Nágocs: 0.6k | ≤4%
Oszkó,lakók,587,9584627,teljes lakosság %-a,4.002774442865643,Oszkó: 0.6k | ≤4%
Mezősas,lakók,588,9584627,teljes lakosság %-a,4.008909266891659,Mezősas: 0.6k | ≤4%
Molnári,lakók,589,9584627,teljes lakosság %-a,4.015054524291869,Molnári: 0.6k | ≤4%
Pálosvörösmart,lakók,589,9584627,teljes lakosság %-a,4.021199781692078,Pálosvörösmart: 0.6k | ≤4%
Sátorhely,lakók,589,9584627,teljes lakosság %-a,4.027345039092288,Sátorhely: 0.6k | ≤4%
Sótony,lakók,589,9584627,teljes lakosság %-a,4.033490296492498,Sótony: 0.6k | ≤4%
Bekölce,lakók,590,9584627,teljes lakosság %-a,4.039645987266901,Bekölce: 0.6k | ≤4%
Hangács,lakók,591,9584627,teljes lakosság %-a,4.045812111415499,Hangács: 0.6k | ≤4%
Balatonőszöd,lakók,592,9584627,teljes lakosság %-a,4.05198866893829,Balatonőszöd: 0.6k | ≤4.1%
Nagyrozvágy,lakók,592,9584627,teljes lakosság %-a,4.058165226461083,Nagyrozvágy: 0.6k | ≤4.1%
Tisztaberek,lakók,592,9584627,teljes lakosság %-a,4.064341783983873,Tisztaberek: 0.6k | ≤4.1%
Nagyrév,lakók,593,9584627,teljes lakosság %-a,4.0705287748808585,Nagyrév: 0.6k | ≤4.1%
Zsurk,lakók,593,9584627,teljes lakosság %-a,4.076715765777844,Zsurk: 0.6k | ≤4.1%
Nagyacsád,lakók,594,9584627,teljes lakosság %-a,4.082913190049023,Nagyacsád: 0.6k | ≤4.1%
Nemesvid,lakók,594,9584627,teljes lakosság %-a,4.0891106143202025,Nemesvid: 0.6k | ≤4.1%
Rozsály,lakók,594,9584627,teljes lakosság %-a,4.095308038591382,Rozsály: 0.6k | ≤4.1%
Belezna,lakók,596,9584627,teljes lakosság %-a,4.101526329610949,Belezna: 0.6k | ≤4.1%
Bucsu,lakók,596,9584627,teljes lakosság %-a,4.107744620630516,Bucsu: 0.6k | ≤4.1%
Bikal,lakók,597,9584627,teljes lakosság %-a,4.113973345024277,Bikal: 0.6k | ≤4.1%
Bogyoszló,lakók,597,9584627,teljes lakosság %-a,4.1202020694180375,Bogyoszló: 0.6k | ≤4.1%
Kispalád,lakók,597,9584627,teljes lakosság %-a,4.126430793811799,Kispalád: 0.6k | ≤4.1%
Újdombrád,lakók,597,9584627,teljes lakosság %-a,4.13265951820556,Újdombrád: 0.6k | ≤4.1%
Galgaguta,lakók,598,9584627,teljes lakosság %-a,4.138898675973515,Galgaguta: 0.6k | ≤4.1%
Somlószőlős,lakók,598,9584627,teljes lakosság %-a,4.14513783374147,Somlószőlős: 0.6k | ≤4.1%
Homokbödöge,lakók,599,9584627,teljes lakosság %-a,4.151387424883618,Homokbödöge: 0.6k | ≤4.2%
Diósviszló,lakók,600,9584627,teljes lakosság %-a,4.157647449399961,Diósviszló: 0.6k | ≤4.2%
Öttömös,lakók,600,9584627,teljes lakosság %-a,4.163907473916304,Öttömös: 0.6k | ≤4.2%
Kapoly,lakók,601,9584627,teljes lakosság %-a,4.17017793180684,Kapoly: 0.6k | ≤4.2%
Szajla,lakók,601,9584627,teljes lakosság %-a,4.176448389697377,Szajla: 0.6k | ≤4.2%
Zalabaksa,lakók,601,9584627,teljes lakosság %-a,4.182718847587914,Zalabaksa: 0.6k | ≤4.2%
Hevesvezekény,lakók,602,9584627,teljes lakosság %-a,4.188999738852644,Hevesvezekény: 0.6k | ≤4.2%
Acsád,lakók,603,9584627,teljes lakosság %-a,4.1952910634915686,Acsád: 0.6k | ≤4.2%
Győrvár,lakók,603,9584627,teljes lakosság %-a,4.201582388130492,Győrvár: 0.6k | ≤4.2%
Hercegkút,lakók,604,9584627,teljes lakosság %-a,4.207884146143611,Hercegkút: 0.6k | ≤4.2%
Hosszúpereszteg,lakók,605,9584627,teljes lakosság %-a,4.2141963375309235,Hosszúpereszteg: 0.6k | ≤4.2%
Botpalád,lakók,606,9584627,teljes lakosság %-a,4.220518962292429,Botpalád: 0.6k | ≤4.2%
Szamossályi,lakók,606,9584627,teljes lakosság %-a,4.2268415870539355,Szamossályi: 0.6k | ≤4.2%
Vát,lakók,607,9584627,teljes lakosság %-a,4.233174645189636,Vát: 0.6k | ≤4.2%
Vadna,lakók,608,9584627,teljes lakosság %-a,4.239518136699529,Vadna: 0.6k | ≤4.2%
Fertőendréd,lakók,609,9584627,teljes lakosság %-a,4.245872061583618,Fertőendréd: 0.6k | ≤4.2%
Himod,lakók,609,9584627,teljes lakosság %-a,4.252225986467705,Himod: 0.6k | ≤4.3%
Nekézseny,lakók,609,9584627,teljes lakosság %-a,4.258579911351792,Nekézseny: 0.6k | ≤4.3%
Csobaj,lakók,610,9584627,teljes lakosság %-a,4.2649442696100746,Csobaj: 0.6k | ≤4.3%
Epöl,lakók,612,9584627,teljes lakosság %-a,4.271329494616745,Epöl: 0.6k | ≤4.3%
Rábacsécsény,lakók,612,9584627,teljes lakosság %-a,4.277714719623414,Rábacsécsény: 0.6k | ≤4.3%
Zalatárnok,lakók,612,9584627,teljes lakosság %-a,4.284099944630084,Zalatárnok: 0.6k | ≤4.3%
Nagyar,lakók,613,9584627,teljes lakosság %-a,4.290495603010946,Nagyar: 0.6k | ≤4.3%
Nógrádsipek,lakók,613,9584627,teljes lakosság %-a,4.29689126139181,Nógrádsipek: 0.6k | ≤4.3%
Beregsurány,lakók,614,9584627,teljes lakosság %-a,4.303297353146868,Beregsurány: 0.6k | ≤4.3%
Abaliget,lakók,615,9584627,teljes lakosság %-a,4.309713878276119,Abaliget: 0.6k | ≤4.3%
Csővár,lakók,617,9584627,teljes lakosság %-a,4.316151270153758,Csővár: 0.6k | ≤4.3%
Ferencszállás,lakók,617,9584627,teljes lakosság %-a,4.3225886620313965,Ferencszállás: 0.6k | ≤4.3%
Tiszamogyorós,lakók,618,9584627,teljes lakosság %-a,4.32903648728323,Tiszamogyorós: 0.6k | ≤4.3%
Cserkút,lakók,620,9584627,teljes lakosság %-a,4.335505179283451,Cserkút: 0.6k | ≤4.3%
Nemesgörzsöny,lakók,621,9584627,teljes lakosság %-a,4.341984304657865,Nemesgörzsöny: 0.6k | ≤4.3%
Dör,lakók,622,9584627,teljes lakosság %-a,4.348473863406474,Dör: 0.6k | ≤4.3%
Ivánc,lakók,622,9584627,teljes lakosság %-a,4.354963422155082,Ivánc: 0.6k | ≤4.4%
Kökény,lakók,622,9584627,teljes lakosság %-a,4.361452980903691,Kökény: 0.6k | ≤4.4%
Nagynyárád,lakók,622,9584627,teljes lakosság %-a,4.3679425396523,Nagynyárád: 0.6k | ≤4.4%
Kemenesszentpéter,lakók,623,9584627,teljes lakosság %-a,4.3744425317751015,Kemenesszentpéter: 0.6k | ≤4.4%
Siójut,lakók,623,9584627,teljes lakosság %-a,4.380942523897905,Siójut: 0.6k | ≤4.4%
Eszteregnye,lakók,627,9584627,teljes lakosság %-a,4.387484249517482,Eszteregnye: 0.6k | ≤4.4%
Gyulakeszi,lakók,628,9584627,teljes lakosság %-a,4.394036408511255,Gyulakeszi: 0.6k | ≤4.4%
Csengersima,lakók,629,9584627,teljes lakosság %-a,4.400599000879221,Csengersima: 0.6k | ≤4.4%
Csikéria,lakók,629,9584627,teljes lakosság %-a,4.407161593247187,Csikéria: 0.6k | ≤4.4%
Erdőkövesd,lakók,629,9584627,teljes lakosság %-a,4.413724185615153,Erdőkövesd: 0.6k | ≤4.4%
Háromfa,lakók,629,9584627,teljes lakosság %-a,4.420286777983118,Háromfa: 0.6k | ≤4.4%
Garabonc,lakók,630,9584627,teljes lakosság %-a,4.426859803725278,Garabonc: 0.6k | ≤4.4%
Lak,lakók,630,9584627,teljes lakosság %-a,4.4334328294674386,Lak: 0.6k | ≤4.4%
Perenye,lakók,630,9584627,teljes lakosság %-a,4.440005855209598,Perenye: 0.6k | ≤4.4%
Bolhó,lakók,631,9584627,teljes lakosság %-a,4.446589314325951,Bolhó: 0.6k | ≤4.4%
Káva,lakók,631,9584627,teljes lakosság %-a,4.453172773442305,Káva: 0.6k | ≤4.5%
Kétújfalu,lakók,632,9584627,teljes lakosság %-a,4.459766665932852,Kétújfalu: 0.6k | ≤4.5%
Nyírlövő,lakók,632,9584627,teljes lakosság %-a,4.466360558423401,Nyírlövő: 0.6k | ≤4.5%
Kerékteleki,lakók,633,9584627,teljes lakosság %-a,4.472964884288142,Kerékteleki: 0.6k | ≤4.5%
Királd,lakók,634,9584627,teljes lakosság %-a,4.479579643527077,Királd: 0.6k | ≤4.5%
Alacska,lakók,635,9584627,teljes lakosság %-a,4.486204836140207,Alacska: 0.6k | ≤4.5%
Szeleste,lakók,635,9584627,teljes lakosság %-a,4.492830028753336,Szeleste: 0.6k | ≤4.5%
Csegöld,lakók,639,9584627,teljes lakosság %-a,4.499496954863241,Csegöld: 0.6k | ≤4.5%
Fürged,lakók,639,9584627,teljes lakosság %-a,4.506163880973146,Fürged: 0.6k | ≤4.5%
Kéty,lakók,639,9584627,teljes lakosság %-a,4.51283080708305,Kéty: 0.6k | ≤4.5%
Sorkifalud,lakók,639,9584627,teljes lakosság %-a,4.519497733192956,Sorkifalud: 0.6k | ≤4.5%
Dáka,lakók,640,9584627,teljes lakosság %-a,4.526175092677055,Dáka: 0.6k | ≤4.5%
Felsőtelekes,lakók,640,9584627,teljes lakosság %-a,4.532852452161153,Felsőtelekes: 0.6k | ≤4.5%
Mikófalva,lakók,640,9584627,teljes lakosság %-a,4.539529811645252,Mikófalva: 0.6k | ≤4.5%
Nagybárkány,lakók,640,9584627,teljes lakosság %-a,4.546207171129351,Nagybárkány: 0.6k | ≤4.5%
Boldogkőújfalu,lakók,642,9584627,teljes lakosság %-a,4.552905397361838,Boldogkőújfalu: 0.6k | ≤4.6%
Kisdorog,lakók,643,9584627,teljes lakosság %-a,4.559614056968518,Kisdorog: 0.6k | ≤4.6%
Sonkád,lakók,643,9584627,teljes lakosság %-a,4.566322716575199,Sonkád: 0.6k | ≤4.6%
Tófej,lakók,643,9584627,teljes lakosság %-a,4.57303137618188,Tófej: 0.6k | ≤4.6%
Nagypeterd,lakók,644,9584627,teljes lakosság %-a,4.579750469162755,Nagypeterd: 0.6k | ≤4.6%
Somogyszil,lakók,644,9584627,teljes lakosság %-a,4.586469562143629,Somogyszil: 0.6k | ≤4.6%
Vönöck,lakók,644,9584627,teljes lakosság %-a,4.593188655124503,Vönöck: 0.6k | ≤4.6%
Csénye,lakók,645,9584627,teljes lakosság %-a,4.5999181814795715,Csénye: 0.6k | ≤4.6%
Máriahalom,lakók,645,9584627,teljes lakosság %-a,4.60664770783464,Máriahalom: 0.6k | ≤4.6%
Mátraballa,lakók,645,9584627,teljes lakosság %-a,4.613377234189708,Mátraballa: 0.6k | ≤4.6%
Mesterszállás,lakók,645,9584627,teljes lakosság %-a,4.620106760544776,Mesterszállás: 0.6k | ≤4.6%
Nemesbőd,lakók,645,9584627,teljes lakosság %-a,4.626836286899845,Nemesbőd: 0.6k | ≤4.6%
Nógrádkövesd,lakók,645,9584627,teljes lakosság %-a,4.633565813254913,Nógrádkövesd: 0.6k | ≤4.6%
Balsa,lakók,646,9584627,teljes lakosság %-a,4.640305772984175,Balsa: 0.6k | ≤4.6%
Méhtelek,lakók,647,9584627,teljes lakosság %-a,4.647056166087632,Méhtelek: 0.6k | ≤4.6%
Alsónána,lakók,648,9584627,teljes lakosság %-a,4.6538169925652815,Alsónána: 0.6k | ≤4.7%
Balatonszőlős,lakók,648,9584627,teljes lakosság %-a,4.660577819042932,Balatonszőlős: 0.6k | ≤4.7%
Borsodivánka,lakók,648,9584627,teljes lakosság %-a,4.667338645520582,Borsodivánka: 0.6k | ≤4.7%
Bükkszék,lakók,648,9584627,teljes lakosság %-a,4.6740994719982325,Bükkszék: 0.6k | ≤4.7%
Gersekarát,lakók,648,9584627,teljes lakosság %-a,4.680860298475882,Gersekarát: 0.6k | ≤4.7%
Jásd,lakók,648,9584627,teljes lakosság %-a,4.687621124953532,Jásd: 0.6k | ≤4.7%
Kővágóörs,lakók,648,9584627,teljes lakosság %-a,4.694381951431183,Kővágóörs: 0.6k | ≤4.7%
Mórágy,lakók,649,9584627,teljes lakosság %-a,4.701153211283026,Mórágy: 0.6k | ≤4.7%
Nagyveleg,lakók,649,9584627,teljes lakosság %-a,4.70792447113487,Nagyveleg: 0.6k | ≤4.7%
Alsóberecki,lakók,650,9584627,teljes lakosság %-a,4.7147061643609085,Alsóberecki: 0.7k | ≤4.7%
Gamás,lakók,650,9584627,teljes lakosság %-a,4.721487857586946,Gamás: 0.7k | ≤4.7%
Püski,lakók,650,9584627,teljes lakosság %-a,4.728269550812985,Püski: 0.7k | ≤4.7%
Alsónyék,lakók,652,9584627,teljes lakosság %-a,4.73507211078741,Alsónyék: 0.7k | ≤4.7%
Fácánkert,lakók,652,9584627,teljes lakosság %-a,4.7418746707618356,Fácánkert: 0.7k | ≤4.7%
Geszt,lakók,653,9584627,teljes lakosság %-a,4.748687664110455,Geszt: 0.7k | ≤4.7%
Nemti,lakók,653,9584627,teljes lakosság %-a,4.755500657459074,Nemti: 0.7k | ≤4.8%
Magyaregregy,lakók,656,9584627,teljes lakosság %-a,4.762344950930276,Magyaregregy: 0.7k | ≤4.8%
Túristvándi,lakók,656,9584627,teljes lakosság %-a,4.769189244401478,Túristvándi: 0.7k | ≤4.8%
Egyházasgerge,lakók,659,9584627,teljes lakosság %-a,4.776064837995261,Egyházasgerge: 0.7k | ≤4.8%
Rábakecöl,lakók,659,9584627,teljes lakosság %-a,4.782940431589044,Rábakecöl: 0.7k | ≤4.8%
Mihályháza,lakók,660,9584627,teljes lakosság %-a,4.7898264585570205,Mihályháza: 0.7k | ≤4.8%
Babarc,lakók,661,9584627,teljes lakosság %-a,4.796722918899191,Babarc: 0.7k | ≤4.8%
Kömpöc,lakók,662,9584627,teljes lakosság %-a,4.803629812615556,Kömpöc: 0.7k | ≤4.8%
Nagyút,lakók,662,9584627,teljes lakosság %-a,4.810536706331921,Nagyút: 0.7k | ≤4.8%
Dóc,lakók,664,9584627,teljes lakosság %-a,4.8174644667966735,Dóc: 0.7k | ≤4.8%
Alsónemesapáti,lakók,665,9584627,teljes lakosság %-a,4.82440266063562,Alsónemesapáti: 0.7k | ≤4.8%
Bakonyjákó,lakók,665,9584627,teljes lakosság %-a,4.831340854474567,Bakonyjákó: 0.7k | ≤4.8%
Kunbaracs,lakók,665,9584627,teljes lakosság %-a,4.838279048313513,Kunbaracs: 0.7k | ≤4.8%
Tereske,lakók,665,9584627,teljes lakosság %-a,4.84521724215246,Tereske: 0.7k | ≤4.8%
Miháld,lakók,666,9584627,teljes lakosság %-a,4.852165869365599,Miháld: 0.7k | ≤4.9%
Zsana,lakók,666,9584627,teljes lakosság %-a,4.859114496578741,Zsana: 0.7k | ≤4.9%
Ácsteszér,lakók,667,9584627,teljes lakosság %-a,4.866073557166074,Ácsteszér: 0.7k | ≤4.9%
Hárskút,lakók,667,9584627,teljes lakosság %-a,4.873032617753409,Hárskút: 0.7k | ≤4.9%
Almáskamarás,lakók,668,9584627,teljes lakosság %-a,4.880002111714936,Almáskamarás: 0.7k | ≤4.9%
Egerfarmos,lakók,669,9584627,teljes lakosság %-a,4.886982039050658,Egerfarmos: 0.7k | ≤4.9%
Felsőpáhok,lakók,671,9584627,teljes lakosság %-a,4.8939828331347695,Felsőpáhok: 0.7k | ≤4.9%
Körösszakál,lakók,671,9584627,teljes lakosság %-a,4.900983627218879,Körösszakál: 0.7k | ≤4.9%
Göncruszka,lakók,672,9584627,teljes lakosság %-a,4.907994854677183,Göncruszka: 0.7k | ≤4.9%
Medina,lakók,672,9584627,teljes lakosság %-a,4.915006082135486,Medina: 0.7k | ≤4.9%
Borsfa,lakók,673,9584627,teljes lakosság %-a,4.922027742967984,Borsfa: 0.7k | ≤4.9%
Drávaszabolcs,lakók,673,9584627,teljes lakosság %-a,4.929049403800482,Drávaszabolcs: 0.7k | ≤4.9%
Lónya,lakók,674,9584627,teljes lakosság %-a,4.936081498007174,Lónya: 0.7k | ≤4.9%
Olcsva,lakók,674,9584627,teljes lakosság %-a,4.943113592213865,Olcsva: 0.7k | ≤4.9%
Mikebuda,lakók,675,9584627,teljes lakosság %-a,4.950156119794751,Mikebuda: 0.7k | ≤5%
Tiszagyulaháza,lakók,675,9584627,teljes lakosság %-a,4.957198647375636,Tiszagyulaháza: 0.7k | ≤5%
Karancsberény,lakók,676,9584627,teljes lakosság %-a,4.9642516083307155,Karancsberény: 0.7k | ≤5%
Rudolftelep,lakók,676,9584627,teljes lakosság %-a,4.971304569285795,Rudolftelep: 0.7k | ≤5%
Jéke,lakók,677,9584627,teljes lakosság %-a,4.978367963615068,Jéke: 0.7k | ≤5%
Sáregres,lakók,677,9584627,teljes lakosság %-a,4.985431357944341,Sáregres: 0.7k | ≤5%
Mecsér,lakók,678,9584627,teljes lakosság %-a,4.992505185647809,Mecsér: 0.7k | ≤5%
Tolmács,lakók,678,9584627,teljes lakosság %-a,4.999579013351276,Tolmács: 0.7k | ≤5%
Vilonya,lakók,678,9584627,teljes lakosság %-a,5.006652841054743,Vilonya: 0.7k | ≤5%
Feketeerdő,lakók,679,9584627,teljes lakosság %-a,5.013737102132404,Feketeerdő: 0.7k | ≤5%
Kisnémedi,lakók,679,9584627,teljes lakosság %-a,5.020821363210065,Kisnémedi: 0.7k | ≤5%
Aldebrő,lakók,680,9584627,teljes lakosság %-a,5.027916057661921,Aldebrő: 0.7k | ≤5%
Vése,lakók,680,9584627,teljes lakosság %-a,5.0350107521137755,Vése: 0.7k | ≤5%
Egyházaskozár,lakók,681,9584627,teljes lakosság %-a,5.042115879939824,Egyházaskozár: 0.7k | ≤5%
Ludas,lakók,682,9584627,teljes lakosság %-a,5.049231441140067,Ludas: 0.7k | ≤5%
Bodony,lakók,683,9584627,teljes lakosság %-a,5.056357435714505,Bodony: 0.7k | ≤5.1%
Kolontár,lakók,683,9584627,teljes lakosság %-a,5.063483430288941,Kolontár: 0.7k | ≤5.1%
Ölbő,lakók,683,9584627,teljes lakosság %-a,5.0706094248633775,Ölbő: 0.7k | ≤5.1%
Sajóvelezd,lakók,685,9584627,teljes lakosság %-a,5.077756286186203,Sajóvelezd: 0.7k | ≤5.1%
Som,lakók,685,9584627,teljes lakosság %-a,5.084903147509027,Som: 0.7k | ≤5.1%
Somogysámson,lakók,685,9584627,teljes lakosság %-a,5.092050008831851,Somogysámson: 0.7k | ≤5.1%
Szilsárkány,lakók,685,9584627,teljes lakosság %-a,5.0991968701546755,Szilsárkány: 0.7k | ≤5.1%
Balatonakali,lakók,686,9584627,teljes lakosság %-a,5.106354164851695,Balatonakali: 0.7k | ≤5.1%
Bánd,lakók,686,9584627,teljes lakosság %-a,5.113511459548713,Bánd: 0.7k | ≤5.1%
Jászágó,lakók,686,9584627,teljes lakosság %-a,5.120668754245731,Jászágó: 0.7k | ≤5.1%
Csokvaomány,lakók,687,9584627,teljes lakosság %-a,5.127836482316943,Csokvaomány: 0.7k | ≤5.1%
Kisfalud,lakók,687,9584627,teljes lakosság %-a,5.135004210388156,Kisfalud: 0.7k | ≤5.1%
Tiszaigar,lakók,687,9584627,teljes lakosság %-a,5.142171938459368,Tiszaigar: 0.7k | ≤5.1%
Besenyőd,lakók,688,9584627,teljes lakosság %-a,5.149350099904774,Besenyőd: 0.7k | ≤5.1%
Vámosújfalu,lakók,689,9584627,teljes lakosság %-a,5.156538694724374,Vámosújfalu: 0.7k | ≤5.2%
Várgesztes,lakók,689,9584627,teljes lakosság %-a,5.163727289543975,Várgesztes: 0.7k | ≤5.2%
Sitke,lakók,690,9584627,teljes lakosság %-a,5.170926317737769,Sitke: 0.7k | ≤5.2%
Értény,lakók,691,9584627,teljes lakosság %-a,5.178135779305757,Értény: 0.7k | ≤5.2%
Nyírkércs,lakók,692,9584627,teljes lakosság %-a,5.18535567424794,Nyírkércs: 0.7k | ≤5.2%
Öregcsertő,lakók,692,9584627,teljes lakosság %-a,5.1925755691901205,Öregcsertő: 0.7k | ≤5.2%
Csengerújfalu,lakók,693,9584627,teljes lakosság %-a,5.199805897506496,Csengerújfalu: 0.7k | ≤5.2%
Cserhátsurány,lakók,693,9584627,teljes lakosság %-a,5.207036225822873,Cserhátsurány: 0.7k | ≤5.2%
Csobád,lakók,693,9584627,teljes lakosság %-a,5.2142665541392486,Csobád: 0.7k | ≤5.2%
Penyige,lakók,695,9584627,teljes lakosság %-a,5.221517749204012,Penyige: 0.7k | ≤5.2%
Tótszentmárton,lakók,695,9584627,teljes lakosság %-a,5.228768944268776,Tótszentmárton: 0.7k | ≤5.2%
Bársonyos,lakók,696,9584627,teljes lakosság %-a,5.236030572707733,Bársonyos: 0.7k | ≤5.2%
Gógánfa,lakók,696,9584627,teljes lakosság %-a,5.243292201146691,Gógánfa: 0.7k | ≤5.2%
Mindszentgodisa,lakók,696,9584627,teljes lakosság %-a,5.250553829585648,Mindszentgodisa: 0.7k | ≤5.3%
Somogyvámos,lakók,697,9584627,teljes lakosság %-a,5.2578258913988,Somogyvámos: 0.7k | ≤5.3%
Bő,lakók,698,9584627,teljes lakosság %-a,5.265108386586145,Bő: 0.7k | ≤5.3%
Csernely,lakók,699,9584627,teljes lakosság %-a,5.272401315147683,Csernely: 0.7k | ≤5.3%
Becsvölgye,lakók,700,9584627,teljes lakosság %-a,5.279704677083417,Becsvölgye: 0.7k | ≤5.3%
Mátramindszent,lakók,700,9584627,teljes lakosság %-a,5.287008039019151,Mátramindszent: 0.7k | ≤5.3%
Attala,lakók,702,9584627,teljes lakosság %-a,5.294332267703271,Attala: 0.7k | ≤5.3%
Kóspallag,lakók,704,9584627,teljes lakosság %-a,5.30167736313578,Kóspallag: 0.7k | ≤5.3%
Kőröstetétlen,lakók,704,9584627,teljes lakosság %-a,5.309022458568288,Kőröstetétlen: 0.7k | ≤5.3%
Felsőszentmárton,lakók,705,9584627,teljes lakosság %-a,5.316377987374992,Felsőszentmárton: 0.7k | ≤5.3%
Sajópálfala,lakók,706,9584627,teljes lakosság %-a,5.323743949555888,Sajópálfala: 0.7k | ≤5.3%
Zalabér,lakók,706,9584627,teljes lakosság %-a,5.331109911736784,Zalabér: 0.7k | ≤5.3%
Harkakötöny,lakók,707,9584627,teljes lakosság %-a,5.338486307291874,Harkakötöny: 0.7k | ≤5.3%
Sárhida,lakók,709,9584627,teljes lakosság %-a,5.345883569595353,Sárhida: 0.7k | ≤5.3%
Vassurány,lakók,712,9584627,teljes lakosság %-a,5.353312132021413,Vassurány: 0.7k | ≤5.4%
Nikla,lakók,713,9584627,teljes lakosság %-a,5.360751127821667,Nikla: 0.7k | ≤5.4%
Patvarc,lakók,714,9584627,teljes lakosság %-a,5.368200556996115,Patvarc: 0.7k | ≤5.4%
Szabadszentkirály,lakók,714,9584627,teljes lakosság %-a,5.375649986170562,Szabadszentkirály: 0.7k | ≤5.4%
Bázakerettye,lakók,715,9584627,teljes lakosság %-a,5.383109848719204,Bázakerettye: 0.7k | ≤5.4%
Mátyásdomb,lakók,715,9584627,teljes lakosság %-a,5.390569711267846,Mátyásdomb: 0.7k | ≤5.4%
Jánd,lakók,716,9584627,teljes lakosság %-a,5.398040007190681,Jánd: 0.7k | ≤5.4%
Meggyeskovácsi,lakók,718,9584627,teljes lakosság %-a,5.405531169861905,Meggyeskovácsi: 0.7k | ≤5.4%
Tomajmonostora,lakók,719,9584627,teljes lakosság %-a,5.413032765907323,Tomajmonostora: 0.7k | ≤5.4%
Tiszakóród,lakók,720,9584627,teljes lakosság %-a,5.420544795326934,Tiszakóród: 0.7k | ≤5.4%
Búcsúszentlászló,lakók,721,9584627,teljes lakosság %-a,5.4280672581207385,Búcsúszentlászló: 0.7k | ≤5.4%
Biharugra,lakók,722,9584627,teljes lakosság %-a,5.435600154288737,Biharugra: 0.7k | ≤5.4%
Keszeg,lakók,722,9584627,teljes lakosság %-a,5.443133050456737,Keszeg: 0.7k | ≤5.4%
Marcaltő,lakók,722,9584627,teljes lakosság %-a,5.450665946624736,Marcaltő: 0.7k | ≤5.5%
Tarnabod,lakók,722,9584627,teljes lakosság %-a,5.458198842792735,Tarnabod: 0.7k | ≤5.5%
Újcsanálos,lakók,722,9584627,teljes lakosság %-a,5.465731738960733,Újcsanálos: 0.7k | ≤5.5%
Taliándörögd,lakók,723,9584627,teljes lakosság %-a,5.473275068502927,Taliándörögd: 0.7k | ≤5.5%
Tarhos,lakók,723,9584627,teljes lakosság %-a,5.48081839804512,Tarhos: 0.7k | ≤5.5%
Dunaszentbenedek,lakók,724,9584627,teljes lakosság %-a,5.488372160961506,Dunaszentbenedek: 0.7k | ≤5.5%
Nova,lakók,724,9584627,teljes lakosság %-a,5.495925923877893,Nova: 0.7k | ≤5.5%
Táp,lakók,724,9584627,teljes lakosság %-a,5.50347968679428,Táp: 0.7k | ≤5.5%
Gödre,lakók,725,9584627,teljes lakosság %-a,5.511043883084861,Gödre: 0.7k | ≤5.5%
Ostffyasszonyfa,lakók,726,9584627,teljes lakosság %-a,5.518618512749636,Ostffyasszonyfa: 0.7k | ≤5.5%
Rábagyarmat,lakók,726,9584627,teljes lakosság %-a,5.52619314241441,Rábagyarmat: 0.7k | ≤5.5%
Somogyaszaló,lakók,726,9584627,teljes lakosság %-a,5.533767772079185,Somogyaszaló: 0.7k | ≤5.5%
Csikóstőttős,lakók,728,9584627,teljes lakosság %-a,5.541363268492347,Csikóstőttős: 0.7k | ≤5.5%
Úny,lakók,728,9584627,teljes lakosság %-a,5.548958764905509,Úny: 0.7k | ≤5.5%
Magyaratád,lakók,729,9584627,teljes lakosság %-a,5.556564694692866,Magyaratád: 0.7k | ≤5.6%
Szenna,lakók,729,9584627,teljes lakosság %-a,5.564170624480223,Szenna: 0.7k | ≤5.6%
Boba,lakók,730,9584627,teljes lakosság %-a,5.571786987641772,Boba: 0.7k | ≤5.6%
Nemesbük,lakók,730,9584627,teljes lakosság %-a,5.5794033508033225,Nemesbük: 0.7k | ≤5.6%
Gánt,lakók,731,9584627,teljes lakosság %-a,5.5870301473390676,Gánt: 0.7k | ≤5.6%
Magyarhomorog,lakók,732,9584627,teljes lakosság %-a,5.594667377249006,Magyarhomorog: 0.7k | ≤5.6%
Geresdlak,lakók,734,9584627,teljes lakosság %-a,5.602325473907331,Geresdlak: 0.7k | ≤5.6%
Káptalanfa,lakók,735,9584627,teljes lakosság %-a,5.609994003939851,Káptalanfa: 0.7k | ≤5.6%
Szakcs,lakók,735,9584627,teljes lakosság %-a,5.6176625339723705,Szakcs: 0.7k | ≤5.6%
Kardoskút,lakók,736,9584627,teljes lakosság %-a,5.625341497379084,Kardoskút: 0.7k | ≤5.6%
Mánfa,lakók,736,9584627,teljes lakosság %-a,5.633020460785798,Mánfa: 0.7k | ≤5.6%
Hegyfalu,lakók,737,9584627,teljes lakosság %-a,5.640709857566706,Hegyfalu: 0.7k | ≤5.6%
Bánk,lakók,739,9584627,teljes lakosság %-a,5.6484201210960014,Bánk: 0.7k | ≤5.6%
Dunaszentpál,lakók,739,9584627,teljes lakosság %-a,5.656130384625296,Dunaszentpál: 0.7k | ≤5.7%
Borzavár,lakók,740,9584627,teljes lakosság %-a,5.663851081528786,Borzavár: 0.7k | ≤5.7%
Püspökszilágy,lakók,743,9584627,teljes lakosság %-a,5.671603078554856,Püspökszilágy: 0.7k | ≤5.7%
Magyarlak,lakók,744,9584627,teljes lakosság %-a,5.679365508955122,Magyarlak: 0.7k | ≤5.7%
Osztopán,lakók,744,9584627,teljes lakosság %-a,5.687127939355387,Osztopán: 0.7k | ≤5.7%
Tarnaszentmiklós,lakók,744,9584627,teljes lakosság %-a,5.694890369755652,Tarnaszentmiklós: 0.7k | ≤5.7%
Litke,lakók,746,9584627,teljes lakosság %-a,5.702673666904304,Litke: 0.7k | ≤5.7%
Pecöl,lakók,747,9584627,teljes lakosság %-a,5.71046739742715,Pecöl: 0.7k | ≤5.7%
Pölöske,lakók,747,9584627,teljes lakosság %-a,5.718261127949997,Pölöske: 0.7k | ≤5.7%
Gölle,lakók,748,9584627,teljes lakosság %-a,5.726065291847037,Gölle: 0.7k | ≤5.7%
Ipolyvece,lakók,748,9584627,teljes lakosság %-a,5.733869455744078,Ipolyvece: 0.7k | ≤5.7%
Karmacs,lakók,748,9584627,teljes lakosság %-a,5.741673619641119,Karmacs: 0.7k | ≤5.7%
Nagycsécs,lakók,748,9584627,teljes lakosság %-a,5.749477783538159,Nagycsécs: 0.7k | ≤5.7%
Ordacsehi,lakók,749,9584627,teljes lakosság %-a,5.757292380809393,Ordacsehi: 0.7k | ≤5.8%
Váralja,lakók,749,9584627,teljes lakosság %-a,5.765106978080628,Váralja: 0.7k | ≤5.8%
Igar,lakók,750,9584627,teljes lakosság %-a,5.772932008726057,Igar: 0.8k | ≤5.8%
Makkoshotyka,lakók,751,9584627,teljes lakosság %-a,5.780767472745679,Makkoshotyka: 0.8k | ≤5.8%
Szajk,lakók,751,9584627,teljes lakosság %-a,5.788602936765301,Szajk: 0.8k | ≤5.8%
Újtikos,lakók,754,9584627,teljes lakosság %-a,5.7964697009075055,Újtikos: 0.8k | ≤5.8%
Barbacs,lakók,756,9584627,teljes lakosság %-a,5.804357331798097,Barbacs: 0.8k | ≤5.8%
Sormás,lakók,757,9584627,teljes lakosság %-a,5.812255396062882,Sormás: 0.8k | ≤5.8%
Szorgalmatos,lakók,758,9584627,teljes lakosság %-a,5.820163893701862,Szorgalmatos: 0.8k | ≤5.8%
Adásztevel,lakók,760,9584627,teljes lakosság %-a,5.82809325808923,Adásztevel: 0.8k | ≤5.8%
Harc,lakók,760,9584627,teljes lakosság %-a,5.836022622476597,Harc: 0.8k | ≤5.8%
Szentlászló,lakók,760,9584627,teljes lakosság %-a,5.8439519868639644,Szentlászló: 0.8k | ≤5.8%
Sorokpolány,lakók,762,9584627,teljes lakosság %-a,5.8519022179997195,Sorokpolány: 0.8k | ≤5.9%
Söpte,lakók,762,9584627,teljes lakosság %-a,5.859852449135475,Söpte: 0.8k | ≤5.9%
Zalaszentlászló,lakók,762,9584627,teljes lakosság %-a,5.86780268027123,Zalaszentlászló: 0.8k | ≤5.9%
Csajág,lakók,763,9584627,teljes lakosság %-a,5.875763344781179,Csajág: 0.8k | ≤5.9%
Papos,lakók,764,9584627,teljes lakosság %-a,5.883734442665322,Papos: 0.8k | ≤5.9%
Felsőrajk,lakók,765,9584627,teljes lakosság %-a,5.8917159739236595,Felsőrajk: 0.8k | ≤5.9%
Pécsudvard,lakók,765,9584627,teljes lakosság %-a,5.8996975051819955,Pécsudvard: 0.8k | ≤5.9%
Kunpeszér,lakók,766,9584627,teljes lakosság %-a,5.907689469814527,Kunpeszér: 0.8k | ≤5.9%
Berkesd,lakók,768,9584627,teljes lakosság %-a,5.915702301195445,Berkesd: 0.8k | ≤5.9%
Somogyszentpál,lakók,769,9584627,teljes lakosság %-a,5.9237255659505585,Somogyszentpál: 0.8k | ≤5.9%
Bodrogkisfalud,lakók,770,9584627,teljes lakosság %-a,5.931759264079864,Bodrogkisfalud: 0.8k | ≤5.9%
Csesztreg,lakók,770,9584627,teljes lakosság %-a,5.939792962209171,Csesztreg: 0.8k | ≤5.9%
Sáp,lakók,770,9584627,teljes lakosság %-a,5.947826660338477,Sáp: 0.8k | ≤5.9%
Baté,lakók,771,9584627,teljes lakosság %-a,5.955870791841978,Baté: 0.8k | ≤6%
Hejőszalonta,lakók,771,9584627,teljes lakosság %-a,5.963914923345478,Hejőszalonta: 0.8k | ≤6%
Hollóháza,lakók,771,9584627,teljes lakosság %-a,5.971959054848979,Hollóháza: 0.8k | ≤6%
Bakonyszentkirály,lakók,772,9584627,teljes lakosság %-a,5.980013619726673,Bakonyszentkirály: 0.8k | ≤6%
Tanakajd,lakók,772,9584627,teljes lakosság %-a,5.9880681846043675,Tanakajd: 0.8k | ≤6%
Kenyeri,lakók,773,9584627,teljes lakosság %-a,5.996133182856255,Kenyeri: 0.8k | ≤6%
Külsővat,lakók,773,9584627,teljes lakosság %-a,6.004198181108143,Külsővat: 0.8k | ≤6%
Palotabozsok,lakók,773,9584627,teljes lakosság %-a,6.012263179360032,Palotabozsok: 0.8k | ≤6%
Berkenye,lakók,774,9584627,teljes lakosság %-a,6.020338610986113,Berkenye: 0.8k | ≤6%
Csörötnek,lakók,774,9584627,teljes lakosság %-a,6.028414042612196,Csörötnek: 0.8k | ≤6%
Domaháza,lakók,776,9584627,teljes lakosság %-a,6.036510340986665,Domaháza: 0.8k | ≤6%
Berkesz,lakók,777,9584627,teljes lakosság %-a,6.0446170727353286,Berkesz: 0.8k | ≤6%
Gyód,lakók,777,9584627,teljes lakosság %-a,6.052723804483993,Gyód: 0.8k | ≤6.1%
Bábonymegyer,lakók,779,9584627,teljes lakosság %-a,6.0608514029810445,Bábonymegyer: 0.8k | ≤6.1%
Gyulaj,lakók,779,9584627,teljes lakosság %-a,6.068979001478096,Gyulaj: 0.8k | ≤6.1%
Baksa,lakók,781,9584627,teljes lakosság %-a,6.077127466723535,Baksa: 0.8k | ≤6.1%
Borsodbóta,lakók,782,9584627,teljes lakosság %-a,6.085286365343169,Borsodbóta: 0.8k | ≤6.1%
Nemesszalók,lakók,784,9584627,teljes lakosság %-a,6.09346613071119,Nemesszalók: 0.8k | ≤6.1%
Vajta,lakók,784,9584627,teljes lakosság %-a,6.10164589607921,Vajta: 0.8k | ≤6.1%
Magyargéc,lakók,785,9584627,teljes lakosság %-a,6.109836094821426,Magyargéc: 0.8k | ≤6.1%
Zalaszentbalázs,lakók,785,9584627,teljes lakosság %-a,6.1180262935636405,Zalaszentbalázs: 0.8k | ≤6.1%
Bélmegyer,lakók,786,9584627,teljes lakosság %-a,6.12622692568005,Bélmegyer: 0.8k | ≤6.1%
Barabás,lakók,788,9584627,teljes lakosság %-a,6.134448424544846,Barabás: 0.8k | ≤6.1%
Perkupa,lakók,788,9584627,teljes lakosság %-a,6.142669923409643,Perkupa: 0.8k | ≤6.1%
Szin,lakók,789,9584627,teljes lakosság %-a,6.150901855648634,Szin: 0.8k | ≤6.2%
Baktakék,lakók,790,9584627,teljes lakosság %-a,6.159144221261818,Baktakék: 0.8k | ≤6.2%
Kemenesmagasi,lakók,791,9584627,teljes lakosság %-a,6.167397020249197,Kemenesmagasi: 0.8k | ≤6.2%
Kaposújlak,lakók,792,9584627,teljes lakosság %-a,6.175660252610769,Kaposújlak: 0.8k | ≤6.2%
Pusztakovácsi,lakók,792,9584627,teljes lakosság %-a,6.1839234849723415,Pusztakovácsi: 0.8k | ≤6.2%
Vokány,lakók,794,9584627,teljes lakosság %-a,6.192207584082301,Vokány: 0.8k | ≤6.2%
Laskod,lakók,795,9584627,teljes lakosság %-a,6.200502116566456,Laskod: 0.8k | ≤6.2%
Tés,lakók,795,9584627,teljes lakosság %-a,6.20879664905061,Tés: 0.8k | ≤6.2%
Tornanádaska,lakók,795,9584627,teljes lakosság %-a,6.217091181534764,Tornanádaska: 0.8k | ≤6.2%
Bernecebaráti,lakók,796,9584627,teljes lakosság %-a,6.225396147393112,Bernecebaráti: 0.8k | ≤6.2%
Darány,lakók,796,9584627,teljes lakosság %-a,6.23370111325146,Darány: 0.8k | ≤6.2%
Nadap,lakók,797,9584627,teljes lakosság %-a,6.242016512484002,Nadap: 0.8k | ≤6.2%
Takácsi,lakók,797,9584627,teljes lakosság %-a,6.250331911716543,Takácsi: 0.8k | ≤6.3%
Lipót,lakók,798,9584627,teljes lakosság %-a,6.258657744323279,Lipót: 0.8k | ≤6.3%
Körösszegapáti,lakók,799,9584627,teljes lakosság %-a,6.266994010304209,Körösszegapáti: 0.8k | ≤6.3%
Csécse,lakók,803,9584627,teljes lakosság %-a,6.275372009781914,Csécse: 0.8k | ≤6.3%
Pirtó,lakók,805,9584627,teljes lakosság %-a,6.283770876008007,Pirtó: 0.8k | ≤6.3%
Rakaca,lakók,805,9584627,teljes lakosság %-a,6.292169742234101,Rakaca: 0.8k | ≤6.3%
Győrsövényház,lakók,806,9584627,teljes lakosság %-a,6.300579041834388,Győrsövényház: 0.8k | ≤6.3%
Bodrogolaszi,lakók,807,9584627,teljes lakosság %-a,6.3089987748088685,Bodrogolaszi: 0.8k | ≤6.3%
Kapospula,lakók,807,9584627,teljes lakosság %-a,6.31741850778335,Kapospula: 0.8k | ≤6.3%
Mórichida,lakók,807,9584627,teljes lakosság %-a,6.325838240757831,Mórichida: 0.8k | ≤6.3%
Szabadhídvég,lakók,807,9584627,teljes lakosság %-a,6.334257973732312,Szabadhídvég: 0.8k | ≤6.3%
Dunafalva,lakók,812,9584627,teljes lakosság %-a,6.3427298735777615,Dunafalva: 0.8k | ≤6.3%
Zsira,lakók,813,9584627,teljes lakosság %-a,6.351212206797406,Zsira: 0.8k | ≤6.4%
Ötvöskónyi,lakók,816,9584627,teljes lakosság %-a,6.359725840139633,Ötvöskónyi: 0.8k | ≤6.4%
Nemesdéd,lakók,818,9584627,teljes lakosság %-a,6.368260340230246,Nemesdéd: 0.8k | ≤6.4%
Horvátzsidány,lakók,819,9584627,teljes lakosság %-a,6.376805273695053,Horvátzsidány: 0.8k | ≤6.4%
Nagyvisnyó,lakók,819,9584627,teljes lakosság %-a,6.385350207159861,Nagyvisnyó: 0.8k | ≤6.4%
Nyírjákó,lakók,819,9584627,teljes lakosság %-a,6.39389514062467,Nyírjákó: 0.8k | ≤6.4%
Felsődobsza,lakók,822,9584627,teljes lakosság %-a,6.402471374212058,Felsődobsza: 0.8k | ≤6.4%
Vatta,lakók,822,9584627,teljes lakosság %-a,6.411047607799449,Vatta: 0.8k | ≤6.4%
Pakod,lakók,823,9584627,teljes lakosság %-a,6.419634274761031,Pakod: 0.8k | ≤6.4%
Mezőgyán,lakók,824,9584627,teljes lakosság %-a,6.428231375096809,Mezőgyán: 0.8k | ≤6.4%
Gacsály,lakók,827,9584627,teljes lakosság %-a,6.436859775555168,Gacsály: 0.8k | ≤6.4%
Gemzse,lakók,827,9584627,teljes lakosság %-a,6.4454881760135265,Gemzse: 0.8k | ≤6.4%
Királyegyháza,lakók,827,9584627,teljes lakosság %-a,6.454116576471885,Királyegyháza: 0.8k | ≤6.5%
Medgyesbodzás,lakók,827,9584627,teljes lakosság %-a,6.462744976930244,Medgyesbodzás: 0.8k | ≤6.5%
Szigliget,lakók,827,9584627,teljes lakosság %-a,6.471373377388604,Szigliget: 0.8k | ≤6.5%
Nyírparasznya,lakók,829,9584627,teljes lakosság %-a,6.4800226445953495,Nyírparasznya: 0.8k | ≤6.5%
Gáborján,lakók,830,9584627,teljes lakosság %-a,6.488682345176292,Gáborján: 0.8k | ≤6.5%
Uraiújfalu,lakók,830,9584627,teljes lakosság %-a,6.4973420457572315,Uraiújfalu: 0.8k | ≤6.5%
Bihartorda,lakók,831,9584627,teljes lakosság %-a,6.506012179712367,Bihartorda: 0.8k | ≤6.5%
Vereb,lakók,831,9584627,teljes lakosság %-a,6.514682313667501,Vereb: 0.8k | ≤6.5%
Balatonmáriafürdő,lakók,835,9584627,teljes lakosság %-a,6.523394181119412,Balatonmáriafürdő: 0.8k | ≤6.5%
Zalavár,lakók,835,9584627,teljes lakosság %-a,6.532106048571322,Zalavár: 0.8k | ≤6.5%
Tiszaszalka,lakók,836,9584627,teljes lakosság %-a,6.540828349397426,Tiszaszalka: 0.8k | ≤6.5%
Bodrogkeresztúr,lakók,838,9584627,teljes lakosság %-a,6.549571516971918,Bodrogkeresztúr: 0.8k | ≤6.5%
Kiskorpád,lakók,838,9584627,teljes lakosság %-a,6.55831468454641,Kiskorpád: 0.8k | ≤6.6%
Szerecseny,lakók,838,9584627,teljes lakosság %-a,6.567057852120901,Szerecseny: 0.8k | ≤6.6%
Beregdaróc,lakók,840,9584627,teljes lakosság %-a,6.575821886443781,Beregdaróc: 0.8k | ≤6.6%
Újrónafő,lakók,842,9584627,teljes lakosság %-a,6.584606787515049,Újrónafő: 0.8k | ≤6.6%
Majs,lakók,844,9584627,teljes lakosság %-a,6.593412555334704,Majs: 0.8k | ≤6.6%
Hantos,lakók,846,9584627,teljes lakosság %-a,6.602239189902748,Hantos: 0.8k | ≤6.6%
Uszód,lakók,846,9584627,teljes lakosság %-a,6.611065824470791,Uszód: 0.8k | ≤6.6%
Mezőkomárom,lakók,847,9584627,teljes lakosság %-a,6.619902892413028,Mezőkomárom: 0.8k | ≤6.6%
Magy,lakók,851,9584627,teljes lakosság %-a,6.62878169385204,Magy: 0.9k | ≤6.6%
Tiszakerecseny,lakók,851,9584627,teljes lakosság %-a,6.637660495291053,Tiszakerecseny: 0.9k | ≤6.6%
Füle,lakók,853,9584627,teljes lakosság %-a,6.646560163478453,Füle: 0.9k | ≤6.6%
Fülöpháza,lakók,854,9584627,teljes lakosság %-a,6.655470265040048,Fülöpháza: 0.9k | ≤6.7%
Zichyújfalu,lakók,854,9584627,teljes lakosság %-a,6.664380366601643,Zichyújfalu: 0.9k | ≤6.7%
Mogyorósbánya,lakók,856,9584627,teljes lakosság %-a,6.673311334911625,Mogyorósbánya: 0.9k | ≤6.7%
Borsosberény,lakók,857,9584627,teljes lakosság %-a,6.6822527365958,Borsosberény: 0.9k | ≤6.7%
Cikó,lakók,857,9584627,teljes lakosság %-a,6.691194138279977,Cikó: 0.9k | ≤6.7%
Patak,lakók,858,9584627,teljes lakosság %-a,6.700145973338347,Patak: 0.9k | ≤6.7%
Egyházasfalu,lakók,859,9584627,teljes lakosság %-a,6.709108241770911,Egyházasfalu: 0.9k | ≤6.7%
Géderlak,lakók,859,9584627,teljes lakosság %-a,6.718070510203475,Géderlak: 0.9k | ≤6.7%
Nábrád,lakók,859,9584627,teljes lakosság %-a,6.727032778636039,Nábrád: 0.9k | ≤6.7%
Pókaszepetk,lakók,859,9584627,teljes lakosság %-a,6.735995047068603,Pókaszepetk: 0.9k | ≤6.7%
Gátér,lakók,860,9584627,teljes lakosság %-a,6.744967748875361,Gátér: 0.9k | ≤6.7%
Nagyszokoly,lakók,861,9584627,teljes lakosság %-a,6.753950884056311,Nagyszokoly: 0.9k | ≤6.8%
Mosdós,lakók,862,9584627,teljes lakosság %-a,6.762944452611458,Mosdós: 0.9k | ≤6.8%
Annavölgy,lakók,863,9584627,teljes lakosság %-a,6.771948454540798,Annavölgy: 0.9k | ≤6.8%
Nagybarca,lakók,865,9584627,teljes lakosság %-a,6.780973323218525,Nagybarca: 0.9k | ≤6.8%
Mozsgó,lakók,866,9584627,teljes lakosság %-a,6.790008625270446,Mozsgó: 0.9k | ≤6.8%
Nyárád,lakók,867,9584627,teljes lakosság %-a,6.799054360696561,Nyárád: 0.9k | ≤6.8%
Sóshartyán,lakók,867,9584627,teljes lakosság %-a,6.8081000961226765,Sóshartyán: 0.9k | ≤6.8%
Osli,lakók,870,9584627,teljes lakosság %-a,6.817177131671373,Osli: 0.9k | ≤6.8%
Vácegres,lakók,870,9584627,teljes lakosság %-a,6.826254167220071,Vácegres: 0.9k | ≤6.8%
Tiborszállás,lakók,872,9584627,teljes lakosság %-a,6.835352069517155,Tiborszállás: 0.9k | ≤6.8%
Badacsonytördemic,lakók,873,9584627,teljes lakosság %-a,6.844460405188434,Badacsonytördemic: 0.9k | ≤6.8%
Mátraszele,lakók,873,9584627,teljes lakosság %-a,6.853568740859712,Mátraszele: 0.9k | ≤6.9%
Versend,lakók,874,9584627,teljes lakosság %-a,6.862687509905184,Versend: 0.9k | ≤6.9%
Sopronhorpács,lakók,876,9584627,teljes lakosság %-a,6.8718271456990445,Sopronhorpács: 0.9k | ≤6.9%
Gutorfölde,lakók,878,9584627,teljes lakosság %-a,6.880987648241294,Gutorfölde: 0.9k | ≤6.9%
Rédics,lakók,878,9584627,teljes lakosság %-a,6.890148150783541,Rédics: 0.9k | ≤6.9%
Girincs,lakók,880,9584627,teljes lakosság %-a,6.899329520074176,Girincs: 0.9k | ≤6.9%
Vizsoly,lakók,880,9584627,teljes lakosság %-a,6.9085108893648135,Vizsoly: 0.9k | ≤6.9%
Hobol,lakók,882,9584627,teljes lakosság %-a,6.917713125403837,Hobol: 0.9k | ≤6.9%
Püspökmolnári,lakók,882,9584627,teljes lakosság %-a,6.926915361442861,Püspökmolnári: 0.9k | ≤6.9%
Milota,lakók,883,9584627,teljes lakosság %-a,6.936128030856079,Milota: 0.9k | ≤6.9%
Beszterec,lakók,884,9584627,teljes lakosság %-a,6.9453511336434905,Beszterec: 0.9k | ≤6.9%
Újudvar,lakók,884,9584627,teljes lakosság %-a,6.954574236430901,Újudvar: 0.9k | ≤7%
Felsőnyárád,lakók,886,9584627,teljes lakosság %-a,6.9638182059667,Felsőnyárád: 0.9k | ≤7%
Balinka,lakók,887,9584627,teljes lakosság %-a,6.973072608876694,Balinka: 0.9k | ≤7%
Tiszaug,lakók,888,9584627,teljes lakosság %-a,6.982337445160882,Tiszaug: 0.9k | ≤7%
Kemence,lakók,890,9584627,teljes lakosság %-a,6.991623148193455,Kemence: 0.9k | ≤7%
Serényfalva,lakók,890,9584627,teljes lakosság %-a,7.000908851226032,Serényfalva: 0.9k | ≤7%
Fertőhomok,lakók,892,9584627,teljes lakosság %-a,7.010215421006993,Fertőhomok: 0.9k | ≤7%
Pusztahencse,lakók,892,9584627,teljes lakosság %-a,7.019521990787957,Pusztahencse: 0.9k | ≤7%
Nagytálya,lakók,894,9584627,teljes lakosság %-a,7.028849427317308,Nagytálya: 0.9k | ≤7%
Szászberek,lakók,894,9584627,teljes lakosság %-a,7.038176863846658,Szászberek: 0.9k | ≤7%
Isztimér,lakók,895,9584627,teljes lakosság %-a,7.047514733750202,Isztimér: 0.9k | ≤7%
Hugyag,lakók,896,9584627,teljes lakosság %-a,7.0568630370279415,Hugyag: 0.9k | ≤7.1%
Rátka,lakók,896,9584627,teljes lakosság %-a,7.06621134030568,Rátka: 0.9k | ≤7.1%
Nemesbikk,lakók,897,9584627,teljes lakosság %-a,7.075570076957612,Nemesbikk: 0.9k | ≤7.1%
Nógrádsáp,lakók,898,9584627,teljes lakosság %-a,7.084939246983738,Nógrádsáp: 0.9k | ≤7.1%
Mezőladány,lakók,899,9584627,teljes lakosság %-a,7.094318850384057,Mezőladány: 0.9k | ≤7.1%
Vállaj,lakók,899,9584627,teljes lakosság %-a,7.103698453784378,Vállaj: 0.9k | ≤7.1%
Bükkzsérc,lakók,900,9584627,teljes lakosság %-a,7.113088490558892,Bükkzsérc: 0.9k | ≤7.1%
Óbarok,lakók,900,9584627,teljes lakosság %-a,7.122478527333406,Óbarok: 0.9k | ≤7.1%
Magyarbóly,lakók,901,9584627,teljes lakosság %-a,7.131878997482113,Magyarbóly: 0.9k | ≤7.1%
Tápszentmiklós,lakók,901,9584627,teljes lakosság %-a,7.141279467630822,Tápszentmiklós: 0.9k | ≤7.1%
Kisoroszi,lakók,902,9584627,teljes lakosság %-a,7.150690371153725,Kisoroszi: 0.9k | ≤7.2%
Vértesboglár,lakók,903,9584627,teljes lakosság %-a,7.1601117080508185,Vértesboglár: 0.9k | ≤7.2%
Zalaszántó,lakók,906,9584627,teljes lakosság %-a,7.169564345070496,Zalaszántó: 0.9k | ≤7.2%
Nagykapornak,lakók,907,9584627,teljes lakosság %-a,7.179027415464369,Nagykapornak: 0.9k | ≤7.2%
Csót,lakók,908,9584627,teljes lakosság %-a,7.188500919232434,Csót: 0.9k | ≤7.2%
Aparhant,lakók,910,9584627,teljes lakosság %-a,7.197995289748886,Aparhant: 0.9k | ≤7.2%
Penészlek,lakók,912,9584627,teljes lakosság %-a,7.207510527013728,Penészlek: 0.9k | ≤7.2%
Bódvaszilas,lakók,913,9584627,teljes lakosság %-a,7.217036197652763,Bódvaszilas: 0.9k | ≤7.2%
Dág,lakók,913,9584627,teljes lakosság %-a,7.226561868291796,Dág: 0.9k | ≤7.2%
Galgagyörk,lakók,914,9584627,teljes lakosság %-a,7.236097972305025,Galgagyörk: 0.9k | ≤7.2%
Homrogd,lakók,914,9584627,teljes lakosság %-a,7.245634076318254,Homrogd: 0.9k | ≤7.2%
Bárna,lakók,915,9584627,teljes lakosság %-a,7.255180613705677,Bárna: 0.9k | ≤7.3%
Nagysimonyi,lakók,915,9584627,teljes lakosság %-a,7.2647271510930995,Nagysimonyi: 0.9k | ≤7.3%
Bakonynána,lakók,916,9584627,teljes lakosság %-a,7.274284121854715,Bakonynána: 0.9k | ≤7.3%
Himesháza,lakók,917,9584627,teljes lakosság %-a,7.283851525990526,Himesháza: 0.9k | ≤7.3%
Nyírtét,lakók,917,9584627,teljes lakosság %-a,7.293418930126337,Nyírtét: 0.9k | ≤7.3%
Mezőlak,lakók,921,9584627,teljes lakosság %-a,7.303028067758922,Mezőlak: 0.9k | ≤7.3%
Balaton,lakók,922,9584627,teljes lakosság %-a,7.312647638765703,Balaton: 0.9k | ≤7.3%
Mohora,lakók,923,9584627,teljes lakosság %-a,7.322277643146677,Mohora: 0.9k | ≤7.3%
Örményes,lakók,923,9584627,teljes lakosság %-a,7.331907647527651,Örményes: 0.9k | ≤7.3%
Szelevény,lakók,924,9584627,teljes lakosság %-a,7.341548085282818,Szelevény: 0.9k | ≤7.3%
Dormánd,lakók,925,9584627,teljes lakosság %-a,7.351198956412179,Dormánd: 0.9k | ≤7.4%
Tiszagyenda,lakók,925,9584627,teljes lakosság %-a,7.360849827541541,Tiszagyenda: 0.9k | ≤7.4%
Csököly,lakók,927,9584627,teljes lakosság %-a,7.370521565419291,Csököly: 0.9k | ≤7.4%
Kamut,lakók,927,9584627,teljes lakosság %-a,7.38019330329704,Kamut: 0.9k | ≤7.4%
Mezőnagymihály,lakók,929,9584627,teljes lakosság %-a,7.389885907923177,Mezőnagymihály: 0.9k | ≤7.4%
Somogyudvarhely,lakók,931,9584627,teljes lakosság %-a,7.399599379297703,Somogyudvarhely: 0.9k | ≤7.4%
Kerekharaszt,lakók,932,9584627,teljes lakosság %-a,7.4093232840464225,Kerekharaszt: 0.9k | ≤7.4%
Újkenéz,lakók,932,9584627,teljes lakosság %-a,7.41904718879514,Újkenéz: 0.9k | ≤7.4%
Hahót,lakók,933,9584627,teljes lakosság %-a,7.428781526918053,Hahót: 0.9k | ≤7.4%
Pálháza,lakók,935,9584627,teljes lakosság %-a,7.438536731789354,Pálháza: 0.9k | ≤7.4%
Cserépfalu,lakók,936,9584627,teljes lakosság %-a,7.448302370034848,Cserépfalu: 0.9k | ≤7.4%
Gulács,lakók,936,9584627,teljes lakosság %-a,7.4580680082803426,Gulács: 0.9k | ≤7.5%
Héhalom,lakók,936,9584627,teljes lakosság %-a,7.467833646525837,Héhalom: 0.9k | ≤7.5%
Kisar,lakók,936,9584627,teljes lakosság %-a,7.4775992847713315,Kisar: 0.9k | ≤7.5%
Rábapordány,lakók,936,9584627,teljes lakosság %-a,7.487364923016828,Rábapordány: 0.9k | ≤7.5%
Ságújfalu,lakók,936,9584627,teljes lakosság %-a,7.497130561262322,Ságújfalu: 0.9k | ≤7.5%
Erdőbénye,lakók,937,9584627,teljes lakosság %-a,7.50690663288201,Erdőbénye: 0.9k | ≤7.5%
Kaskantyú,lakók,937,9584627,teljes lakosság %-a,7.516682704501698,Kaskantyú: 0.9k | ≤7.5%
Várvölgy,lakók,937,9584627,teljes lakosság %-a,7.526458776121387,Várvölgy: 0.9k | ≤7.5%
Agyagosszergény,lakók,938,9584627,teljes lakosság %-a,7.53624528111527,Agyagosszergény: 0.9k | ≤7.5%
Márianosztra,lakók,938,9584627,teljes lakosság %-a,7.546031786109151,Márianosztra: 0.9k | ≤7.5%
Nemesgulács,lakók,939,9584627,teljes lakosság %-a,7.5558287244772275,Nemesgulács: 0.9k | ≤7.6%
Lesenceistvánd,lakók,940,9584627,teljes lakosság %-a,7.565636096219499,Lesenceistvánd: 0.9k | ≤7.6%
Rábahídvég,lakók,940,9584627,teljes lakosság %-a,7.575443467961768,Rábahídvég: 0.9k | ≤7.6%
Tolnanémedi,lakók,941,9584627,teljes lakosság %-a,7.585261273078232,Tolnanémedi: 0.9k | ≤7.6%
Kisbajcs,lakók,942,9584627,teljes lakosság %-a,7.595089511568891,Kisbajcs: 0.9k | ≤7.6%
Szuhakálló,lakók,942,9584627,teljes lakosság %-a,7.604917750059549,Szuhakálló: 0.9k | ≤7.6%
Kázsmárk,lakók,945,9584627,teljes lakosság %-a,7.614777288672789,Kázsmárk: 0.9k | ≤7.6%
Páka,lakók,945,9584627,teljes lakosság %-a,7.624636827286029,Páka: 0.9k | ≤7.6%
Egerág,lakók,946,9584627,teljes lakosság %-a,7.634506799273462,Egerág: 0.9k | ≤7.6%
Szentpéterúr,lakók,946,9584627,teljes lakosság %-a,7.644376771260895,Szentpéterúr: 0.9k | ≤7.6%
Zalaszentmihály,lakók,947,9584627,teljes lakosság %-a,7.654257176622522,Zalaszentmihály: 0.9k | ≤7.7%
Andocs,lakók,948,9584627,teljes lakosság %-a,7.664148015358344,Andocs: 0.9k | ≤7.7%
Bakonysárkány,lakók,949,9584627,teljes lakosság %-a,7.6740492874683595,Bakonysárkány: 0.9k | ≤7.7%
Kenézlő,lakók,949,9584627,teljes lakosság %-a,7.683950559578374,Kenézlő: 0.9k | ≤7.7%
Kölked,lakók,949,9584627,teljes lakosság %-a,7.693851831688391,Kölked: 0.9k | ≤7.7%
Homokszentgyörgy,lakók,952,9584627,teljes lakosság %-a,7.703784403920986,Homokszentgyörgy: 1k | ≤7.7%
Nagylózs,lakók,952,9584627,teljes lakosság %-a,7.713716976153584,Nagylózs: 1k | ≤7.7%
Kisnána,lakók,953,9584627,teljes lakosság %-a,7.723659981760375,Kisnána: 1k | ≤7.7%
Nyírpilis,lakók,955,9584627,teljes lakosság %-a,7.733623854115554,Nyírpilis: 1k | ≤7.7%
Dorogháza,lakók,956,9584627,teljes lakosság %-a,7.743598159844926,Dorogháza: 1k | ≤7.7%
Mezőörs,lakók,956,9584627,teljes lakosság %-a,7.753572465574299,Mezőörs: 1k | ≤7.8%
Nagykónyi,lakók,957,9584627,teljes lakosság %-a,7.763557204677866,Nagykónyi: 1k | ≤7.8%
Dad,lakók,960,9584627,teljes lakosság %-a,7.773573243904014,Dad: 1k | ≤7.8%
Felpéc,lakók,960,9584627,teljes lakosság %-a,7.783589283130163,Felpéc: 1k | ≤7.8%
Tardona,lakók,960,9584627,teljes lakosság %-a,7.79360532235631,Tardona: 1k | ≤7.8%
Bükkszenterzsébet,lakók,962,9584627,teljes lakosság %-a,7.803642228330847,Bükkszenterzsébet: 1k | ≤7.8%
Szentpéterfa,lakók,962,9584627,teljes lakosság %-a,7.813679134305383,Szentpéterfa: 1k | ≤7.8%
Regöly,lakók,963,9584627,teljes lakosság %-a,7.823726473654114,Regöly: 1k | ≤7.8%
Csősz,lakók,967,9584627,teljes lakosság %-a,7.833815546499618,Csősz: 1k | ≤7.8%
Sárszentlőrinc,lakók,967,9584627,teljes lakosság %-a,7.843904619345124,Sárszentlőrinc: 1k | ≤7.8%
Sarud,lakók,967,9584627,teljes lakosság %-a,7.853993692190629,Sarud: 1k | ≤7.9%
Szentpéterszeg,lakók,967,9584627,teljes lakosság %-a,7.864082765036136,Szentpéterszeg: 1k | ≤7.9%
Káld,lakók,968,9584627,teljes lakosság %-a,7.874182271255835,Káld: 1k | ≤7.9%
Kisvarsány,lakók,968,9584627,teljes lakosság %-a,7.884281777475534,Kisvarsány: 1k | ≤7.9%
Hejőkeresztúr,lakók,969,9584627,teljes lakosság %-a,7.894391717069428,Hejőkeresztúr: 1k | ≤7.9%
Kaposszerdahely,lakók,971,9584627,teljes lakosság %-a,7.90452252341171,Kaposszerdahely: 1k | ≤7.9%
Sajóecseg,lakók,971,9584627,teljes lakosság %-a,7.91465332975399,Sajóecseg: 1k | ≤7.9%
Szalonna,lakók,971,9584627,teljes lakosság %-a,7.924784136096272,Szalonna: 1k | ≤7.9%
Demjén,lakók,972,9584627,teljes lakosság %-a,7.934925375812747,Demjén: 1k | ≤7.9%
Újpetre,lakók,972,9584627,teljes lakosság %-a,7.945066615529221,Újpetre: 1k | ≤7.9%
Magyarszék,lakók,973,9584627,teljes lakosság %-a,7.95521828861989,Magyarszék: 1k | ≤8%
Györköny,lakók,974,9584627,teljes lakosság %-a,7.965380395084754,Györköny: 1k | ≤8%
Gelse,lakók,975,9584627,teljes lakosság %-a,7.97555293492381,Gelse: 1k | ≤8%
Újkér,lakók,976,9584627,teljes lakosság %-a,7.9857359081370625,Újkér: 1k | ≤8%
Noszlop,lakók,977,9584627,teljes lakosság %-a,7.995929314724506,Noszlop: 1k | ≤8%
Bicsérd,lakók,978,9584627,teljes lakosság %-a,8.006133154686145,Bicsérd: 1k | ≤8%
Tabajd,lakók,978,9584627,teljes lakosság %-a,8.016336994647784,Tabajd: 1k | ≤8%
Beloiannisz,lakók,979,9584627,teljes lakosság %-a,8.026551267983615,Beloiannisz: 1k | ≤8%
Gyékényes,lakók,980,9584627,teljes lakosság %-a,8.036775974693642,Gyékényes: 1k | ≤8%
Cered,lakók,985,9584627,teljes lakosság %-a,8.047052848274639,Cered: 1k | ≤8%
Tiszasas,lakók,985,9584627,teljes lakosság %-a,8.057329721855634,Tiszasas: 1k | ≤8.1%
Nagylók,lakók,987,9584627,teljes lakosság %-a,8.067627462185017,Nagylók: 1k | ≤8.1%
Pusztamérges,lakók,987,9584627,teljes lakosság %-a,8.0779252025144,Pusztamérges: 1k | ≤8.1%
Kurd,lakók,990,9584627,teljes lakosság %-a,8.088254242966366,Kurd: 1k | ≤8.1%
Rábatamási,lakók,990,9584627,teljes lakosság %-a,8.098583283418332,Rábatamási: 1k | ≤8.1%
Felsőlajos,lakók,992,9584627,teljes lakosság %-a,8.108933190618686,Felsőlajos: 1k | ≤8.1%
Veszprémvarsány,lakók,993,9584627,teljes lakosság %-a,8.119293531193232,Veszprémvarsány: 1k | ≤8.1%
Veszkény,lakók,995,9584627,teljes lakosság %-a,8.129674738516169,Veszkény: 1k | ≤8.1%
Tépe,lakók,998,9584627,teljes lakosság %-a,8.140087245961684,Tépe: 1k | ≤8.1%
Hidasnémeti,lakók,1000,9584627,teljes lakosság %-a,8.15052062015559,Hidasnémeti: 1k | ≤8.2%
Olaszfalu,lakók,1000,9584627,teljes lakosság %-a,8.160953994349493,Olaszfalu: 1k | ≤8.2%
Lesencetomaj,lakók,1001,9584627,teljes lakosság %-a,8.171397801917593,Lesencetomaj: 1k | ≤8.2%
Varbó,lakók,1002,9584627,teljes lakosság %-a,8.181852042859884,Varbó: 1k | ≤8.2%
Bükkösd,lakók,1004,9584627,teljes lakosság %-a,8.192327150550565,Bükkösd: 1k | ≤8.2%
Vásárosdombó,lakók,1004,9584627,teljes lakosság %-a,8.202802258241244,Vásárosdombó: 1k | ≤8.2%
Berzék,lakók,1005,9584627,teljes lakosság %-a,8.213287799306118,Berzék: 1k | ≤8.2%
Felsőnyék,lakók,1005,9584627,teljes lakosság %-a,8.223773340370991,Felsőnyék: 1k | ≤8.2%
Szuhogy,lakók,1005,9584627,teljes lakosság %-a,8.234258881435865,Szuhogy: 1k | ≤8.2%
Váncsod,lakók,1005,9584627,teljes lakosság %-a,8.24474442250074,Váncsod: 1k | ≤8.2%
Boldogkőváralja,lakók,1007,9584627,teljes lakosság %-a,8.255250830314003,Boldogkőváralja: 1k | ≤8.3%
Őrhalom,lakók,1007,9584627,teljes lakosság %-a,8.265757238127264,Őrhalom: 1k | ≤8.3%
Egerszólát,lakók,1008,9584627,teljes lakosság %-a,8.27627407931472,Egerszólát: 1k | ≤8.3%
Ecsegfalva,lakók,1009,9584627,teljes lakosság %-a,8.286801353876369,Ecsegfalva: 1k | ≤8.3%
Székely,lakók,1009,9584627,teljes lakosság %-a,8.297328628438018,Székely: 1k | ≤8.3%
Zánka,lakók,1009,9584627,teljes lakosság %-a,8.307855902999668,Zánka: 1k | ≤8.3%
Somlóvásárhely,lakók,1010,9584627,teljes lakosság %-a,8.318393610935512,Somlóvásárhely: 1k | ≤8.3%
Tiszaderzs,lakók,1010,9584627,teljes lakosság %-a,8.328931318871355,Tiszaderzs: 1k | ≤8.3%
Nyírgelse,lakók,1012,9584627,teljes lakosság %-a,8.339489893555587,Nyírgelse: 1k | ≤8.3%
Tabdi,lakók,1013,9584627,teljes lakosság %-a,8.350058901614013,Tabdi: 1k | ≤8.4%
Zalacsány,lakók,1016,9584627,teljes lakosság %-a,8.360659209795019,Zalacsány: 1k | ≤8.4%
Ároktő,lakók,1017,9584627,teljes lakosság %-a,8.37126995135022,Ároktő: 1k | ≤8.4%
Szalaszend,lakók,1017,9584627,teljes lakosság %-a,8.38188069290542,Szalaszend: 1k | ≤8.4%
Nagyiván,lakók,1018,9584627,teljes lakosság %-a,8.392501867834815,Nagyiván: 1k | ≤8.4%
Erk,lakók,1019,9584627,teljes lakosság %-a,8.403133476138404,Erk: 1k | ≤8.4%
Görgeteg,lakók,1019,9584627,teljes lakosság %-a,8.413765084441991,Görgeteg: 1k | ≤8.4%
Berente,lakók,1020,9584627,teljes lakosság %-a,8.424407126119775,Berente: 1k | ≤8.4%
Eperjeske,lakók,1020,9584627,teljes lakosság %-a,8.435049167797558,Eperjeske: 1k | ≤8.4%
Nagybánhegyes,lakók,1021,9584627,teljes lakosság %-a,8.445701642849535,Nagybánhegyes: 1k | ≤8.4%
Zalaszentiván,lakók,1021,9584627,teljes lakosság %-a,8.45635411790151,Zalaszentiván: 1k | ≤8.5%
Őriszentpéter,lakók,1022,9584627,teljes lakosság %-a,8.46701702632768,Őriszentpéter: 1k | ≤8.5%
Hejőpapi,lakók,1026,9584627,teljes lakosság %-a,8.477721668250627,Hejőpapi: 1k | ≤8.5%
Kajdacs,lakók,1026,9584627,teljes lakosság %-a,8.488426310173573,Kajdacs: 1k | ≤8.5%
Sajóhídvég,lakók,1026,9584627,teljes lakosság %-a,8.499130952096518,Sajóhídvég: 1k | ≤8.5%
Bácsborsód,lakók,1028,9584627,teljes lakosság %-a,8.509856460767852,Bácsborsód: 1k | ≤8.5%
Borsodszentgyörgy,lakók,1029,9584627,teljes lakosság %-a,8.52059240281338,Borsodszentgyörgy: 1k | ≤8.5%
Mezőszemere,lakók,1035,9584627,teljes lakosság %-a,8.531390945104071,Mezőszemere: 1k | ≤8.5%
Feldebrő,lakók,1038,9584627,teljes lakosság %-a,8.542220787517344,Feldebrő: 1k | ≤8.5%
Tard,lakók,1039,9584627,teljes lakosság %-a,8.55306106330481,Tard: 1k | ≤8.6%
Balatonederics,lakók,1040,9584627,teljes lakosság %-a,8.563911772466472,Balatonederics: 1k | ≤8.6%
Magyarkeszi,lakók,1040,9584627,teljes lakosság %-a,8.574762481628133,Magyarkeszi: 1k | ≤8.6%
Szárföld,lakók,1042,9584627,teljes lakosság %-a,8.58563405753818,Szárföld: 1k | ≤8.6%
Újléta,lakók,1042,9584627,teljes lakosság %-a,8.59650563344823,Újléta: 1k | ≤8.6%
Letkés,lakók,1043,9584627,teljes lakosság %-a,8.607387642732471,Letkés: 1k | ≤8.6%
Mihályi,lakók,1043,9584627,teljes lakosság %-a,8.618269652016714,Mihályi: 1k | ≤8.6%
Gerendás,lakók,1045,9584627,teljes lakosság %-a,8.629172528049343,Gerendás: 1k | ≤8.6%
Nyírcsászári,lakók,1046,9584627,teljes lakosság %-a,8.64008583745617,Nyírcsászári: 1k | ≤8.6%
Egervár,lakók,1049,9584627,teljes lakosság %-a,8.651030446985573,Egervár: 1k | ≤8.7%
Tataháza,lakók,1050,9584627,teljes lakosság %-a,8.661985489889174,Tataháza: 1k | ≤8.7%
Magyarnándor,lakók,1052,9584627,teljes lakosság %-a,8.672961399541162,Magyarnándor: 1.1k | ≤8.7%
Bogád,lakók,1055,9584627,teljes lakosság %-a,8.68396860931573,Bogád: 1.1k | ≤8.7%
Remeteszőlős,lakók,1059,9584627,teljes lakosság %-a,8.695017552587075,Remeteszőlős: 1.1k | ≤8.7%
Sarród,lakók,1059,9584627,teljes lakosság %-a,8.706066495858419,Sarród: 1.1k | ≤8.7%
Zákány,lakók,1060,9584627,teljes lakosság %-a,8.717125872503958,Zákány: 1.1k | ≤8.7%
Lukácsháza,lakók,1062,9584627,teljes lakosság %-a,8.728206115897885,Lukácsháza: 1.1k | ≤8.7%
Szakmár,lakók,1062,9584627,teljes lakosság %-a,8.739286359291812,Szakmár: 1.1k | ≤8.7%
Petőháza,lakók,1063,9584627,teljes lakosság %-a,8.750377036059932,Petőháza: 1.1k | ≤8.8%
Sáta,lakók,1063,9584627,teljes lakosság %-a,8.761467712828052,Sáta: 1.1k | ≤8.8%
Berekfürdő,lakók,1065,9584627,teljes lakosság %-a,8.77257925634456,Berekfürdő: 1.1k | ≤8.8%
Nyíribrony,lakók,1065,9584627,teljes lakosság %-a,8.783690799861068,Nyíribrony: 1.1k | ≤8.8%
Babót,lakók,1066,9584627,teljes lakosság %-a,8.794812776751773,Babót: 1.1k | ≤8.8%
Balogunyom,lakók,1069,9584627,teljes lakosság %-a,8.805966053765054,Balogunyom: 1.1k | ≤8.8%
Monostorapáti,lakók,1074,9584627,teljes lakosság %-a,8.817171497649309,Monostorapáti: 1.1k | ≤8.8%
Hetes,lakók,1076,9584627,teljes lakosság %-a,8.82839780828195,Hetes: 1.1k | ≤8.8%
Inke,lakók,1076,9584627,teljes lakosság %-a,8.83962411891459,Inke: 1.1k | ≤8.8%
Hernádvécse,lakók,1077,9584627,teljes lakosság %-a,8.850860862921426,Hernádvécse: 1.1k | ≤8.9%
Rétközberencs,lakók,1077,9584627,teljes lakosság %-a,8.86209760692826,Rétközberencs: 1.1k | ≤8.9%
Gérce,lakók,1078,9584627,teljes lakosság %-a,8.87334478430929,Gérce: 1.1k | ≤8.9%
Várdomb,lakók,1078,9584627,teljes lakosság %-a,8.884591961690319,Várdomb: 1.1k | ≤8.9%
Daruszentmiklós,lakók,1080,9584627,teljes lakosság %-a,8.895860005819737,Daruszentmiklós: 1.1k | ≤8.9%
Máza,lakók,1080,9584627,teljes lakosság %-a,8.907128049949154,Máza: 1.1k | ≤8.9%
Tiszaszentmárton,lakók,1080,9584627,teljes lakosság %-a,8.918396094078568,Tiszaszentmárton: 1.1k | ≤8.9%
Bakonszeg,lakók,1082,9584627,teljes lakosság %-a,8.929685004956374,Bakonszeg: 1.1k | ≤8.9%
Héreg,lakók,1082,9584627,teljes lakosság %-a,8.940973915834178,Héreg: 1.1k | ≤8.9%
Felgyő,lakók,1084,9584627,teljes lakosság %-a,8.952283693460371,Felgyő: 1.1k | ≤9%
Parasznya,lakók,1084,9584627,teljes lakosság %-a,8.963593471086565,Parasznya: 1.1k | ≤9%
Tótszerdahely,lakók,1085,9584627,teljes lakosság %-a,8.974913682086951,Tótszerdahely: 1.1k | ≤9%
Szomor,lakók,1087,9584627,teljes lakosság %-a,8.986254759835724,Szomor: 1.1k | ≤9%
Tiszabecs,lakók,1088,9584627,teljes lakosság %-a,8.997606270958693,Tiszabecs: 1.1k | ≤9%
Nagykamarás,lakók,1089,9584627,teljes lakosság %-a,9.008968215455855,Nagykamarás: 1.1k | ≤9%
Igrici,lakók,1090,9584627,teljes lakosság %-a,9.02034059332721,Igrici: 1.1k | ≤9%
Lovászi,lakók,1090,9584627,teljes lakosság %-a,9.031712971198566,Lovászi: 1.1k | ≤9%
Murony,lakók,1094,9584627,teljes lakosság %-a,9.043127082566697,Murony: 1.1k | ≤9%
Szirák,lakók,1094,9584627,teljes lakosság %-a,9.054541193934828,Szirák: 1.1k | ≤9.1%
Végegyháza,lakók,1094,9584627,teljes lakosság %-a,9.06595530530296,Végegyháza: 1.1k | ≤9.1%
Apaj,lakók,1095,9584627,teljes lakosság %-a,9.077379850045286,Apaj: 1.1k | ≤9.1%
Juta,lakók,1096,9584627,teljes lakosság %-a,9.088814828161805,Juta: 1.1k | ≤9.1%
Sokorópátka,lakók,1097,9584627,teljes lakosság %-a,9.100260239652519,Sokorópátka: 1.1k | ≤9.1%
Taktakenéz,lakók,1098,9584627,teljes lakosság %-a,9.111716084517425,Taktakenéz: 1.1k | ≤9.1%
Visznek,lakók,1098,9584627,teljes lakosság %-a,9.123171929382332,Visznek: 1.1k | ≤9.1%
Gyöngyösfalu,lakók,1099,9584627,teljes lakosság %-a,9.134638207621434,Gyöngyösfalu: 1.1k | ≤9.1%
Kismarja,lakók,1099,9584627,teljes lakosság %-a,9.146104485860535,Kismarja: 1.1k | ≤9.1%
Borota,lakók,1102,9584627,teljes lakosság %-a,9.157602064222218,Borota: 1.1k | ≤9.2%
Szabolcsbáka,lakók,1103,9584627,teljes lakosság %-a,9.169110075958093,Szabolcsbáka: 1.1k | ≤9.2%
Nagyesztergár,lakók,1105,9584627,teljes lakosság %-a,9.18063895444236,Nagyesztergár: 1.1k | ≤9.2%
Bakonybél,lakók,1108,9584627,teljes lakosság %-a,9.192199133049204,Bakonybél: 1.1k | ≤9.2%
Kömlőd,lakók,1108,9584627,teljes lakosság %-a,9.203759311656052,Kömlőd: 1.1k | ≤9.2%
Nagykereki,lakók,1108,9584627,teljes lakosság %-a,9.215319490262896,Nagykereki: 1.1k | ≤9.2%
Orfű,lakók,1113,9584627,teljes lakosság %-a,9.226931835740713,Orfű: 1.1k | ≤9.2%
Tarany,lakók,1115,9584627,teljes lakosság %-a,9.238565047966917,Tarany: 1.1k | ≤9.2%
Hencida,lakók,1117,9584627,teljes lakosság %-a,9.250219126941507,Hencida: 1.1k | ≤9.3%
Nagyrécse,lakók,1118,9584627,teljes lakosság %-a,9.261883639290293,Nagyrécse: 1.1k | ≤9.3%
Komoró,lakók,1123,9584627,teljes lakosság %-a,9.273600318510047,Komoró: 1.1k | ≤9.3%
Ilk,lakók,1124,9584627,teljes lakosság %-a,9.285327431103996,Ilk: 1.1k | ≤9.3%
Detk,lakók,1126,9584627,teljes lakosság %-a,9.297075410446332,Detk: 1.1k | ≤9.3%
Tenk,lakók,1126,9584627,teljes lakosság %-a,9.30882338978867,Tenk: 1.1k | ≤9.3%
Balatonakarattya,lakók,1128,9584627,teljes lakosság %-a,9.320592235879394,Balatonakarattya: 1.1k | ≤9.3%
Bánréve,lakók,1128,9584627,teljes lakosság %-a,9.332361081970117,Bánréve: 1.1k | ≤9.3%
Ináncs,lakók,1130,9584627,teljes lakosság %-a,9.344150794809229,Ináncs: 1.1k | ≤9.3%
Vanyarc,lakók,1130,9584627,teljes lakosság %-a,9.355940507648342,Vanyarc: 1.1k | ≤9.4%
Páhi,lakók,1131,9584627,teljes lakosság %-a,9.367740653861647,Páhi: 1.1k | ≤9.4%
Furta,lakók,1133,9584627,teljes lakosság %-a,9.37956166682334,Furta: 1.1k | ≤9.4%
Lovászpatona,lakók,1134,9584627,teljes lakosság %-a,9.391393113159229,Lovászpatona: 1.1k | ≤9.4%
Endrefalva,lakók,1135,9584627,teljes lakosság %-a,9.403234992869312,Endrefalva: 1.1k | ≤9.4%
Bárdudvarnok,lakók,1136,9584627,teljes lakosság %-a,9.415087305953586,Bárdudvarnok: 1.1k | ≤9.4%
Bocfölde,lakók,1140,9584627,teljes lakosság %-a,9.426981352534638,Bocfölde: 1.1k | ≤9.4%
Bükkszentkereszt,lakók,1140,9584627,teljes lakosság %-a,9.43887539911569,Bükkszentkereszt: 1.1k | ≤9.4%
Rohod,lakók,1140,9584627,teljes lakosság %-a,9.45076944569674,Rohod: 1.1k | ≤9.5%
Csákberény,lakók,1142,9584627,teljes lakosság %-a,9.462684359026179,Csákberény: 1.1k | ≤9.5%
Mezőcsokonya,lakók,1143,9584627,teljes lakosság %-a,9.474609705729812,Mezőcsokonya: 1.1k | ≤9.5%
Kocsola,lakók,1147,9584627,teljes lakosság %-a,9.486576785930218,Kocsola: 1.1k | ≤9.5%
Ecseg,lakók,1148,9584627,teljes lakosság %-a,9.498554299504821,Ecseg: 1.1k | ≤9.5%
Jármi,lakók,1149,9584627,teljes lakosság %-a,9.510542246453618,Jármi: 1.1k | ≤9.5%
Gerjen,lakók,1151,9584627,teljes lakosság %-a,9.522551060150802,Gerjen: 1.2k | ≤9.5%
Halimba,lakók,1152,9584627,teljes lakosság %-a,9.53457030722218,Halimba: 1.2k | ≤9.5%
Véménd,lakók,1152,9584627,teljes lakosság %-a,9.546589554293558,Véménd: 1.2k | ≤9.5%
Szalánta,lakók,1153,9584627,teljes lakosság %-a,9.55861923473913,Szalánta: 1.2k | ≤9.6%
Somogysárd,lakók,1154,9584627,teljes lakosság %-a,9.570659348558895,Somogysárd: 1.2k | ≤9.6%
Dalmand,lakók,1155,9584627,teljes lakosság %-a,9.582709895752856,Dalmand: 1.2k | ≤9.6%
Rém,lakók,1155,9584627,teljes lakosság %-a,9.594760442946814,Rém: 1.2k | ≤9.6%
Kislőd,lakók,1156,9584627,teljes lakosság %-a,9.606821423514967,Kislőd: 1.2k | ≤9.6%
Iharosberény,lakók,1157,9584627,teljes lakosság %-a,9.618892837457317,Iharosberény: 1.2k | ≤9.6%
Vizslás,lakók,1157,9584627,teljes lakosság %-a,9.630964251399664,Vizslás: 1.2k | ≤9.6%
Bodroghalom,lakók,1158,9584627,teljes lakosság %-a,9.643046098716205,Bodroghalom: 1.2k | ≤9.6%
Kötegyán,lakók,1158,9584627,teljes lakosság %-a,9.655127946032746,Kötegyán: 1.2k | ≤9.7%
Nőtincs,lakók,1158,9584627,teljes lakosság %-a,9.667209793349288,Nőtincs: 1.2k | ≤9.7%
Dömös,lakók,1160,9584627,teljes lakosság %-a,9.679312507414217,Dömös: 1.2k | ≤9.7%
Pitvaros,lakók,1161,9584627,teljes lakosság %-a,9.691425654853338,Pitvaros: 1.2k | ≤9.7%
Fülöpjakab,lakók,1162,9584627,teljes lakosság %-a,9.703549235666657,Fülöpjakab: 1.2k | ≤9.7%
Pázmándfalu,lakók,1164,9584627,teljes lakosság %-a,9.715693683228361,Pázmándfalu: 1.2k | ≤9.7%
Timár,lakók,1164,9584627,teljes lakosság %-a,9.727838130790065,Timár: 1.2k | ≤9.7%
Homokmégy,lakók,1167,9584627,teljes lakosság %-a,9.740013878474354,Homokmégy: 1.2k | ≤9.7%
Zalahaláp,lakók,1167,9584627,teljes lakosság %-a,9.75218962615864,Zalahaláp: 1.2k | ≤9.8%
Iván,lakók,1171,9584627,teljes lakosság %-a,9.7644071073397,Iván: 1.2k | ≤9.8%
Réde,lakók,1171,9584627,teljes lakosság %-a,9.776624588520763,Réde: 1.2k | ≤9.8%
Tiszaszőlős,lakók,1172,9584627,teljes lakosság %-a,9.788852503076019,Tiszaszőlős: 1.2k | ≤9.8%
Nézsa,lakók,1175,9584627,teljes lakosság %-a,9.801111717753857,Nézsa: 1.2k | ≤9.8%
Vajdácska,lakók,1177,9584627,teljes lakosság %-a,9.813391799180081,Vajdácska: 1.2k | ≤9.8%
Visonta,lakók,1180,9584627,teljes lakosság %-a,9.82570318072889,Visonta: 1.2k | ≤9.8%
Gyüre,lakók,1182,9584627,teljes lakosság %-a,9.838035429026085,Gyüre: 1.2k | ≤9.8%
Kölcse,lakók,1184,9584627,teljes lakosság %-a,9.850388544071668,Kölcse: 1.2k | ≤9.9%
Karancsság,lakók,1185,9584627,teljes lakosság %-a,9.862752092491444,Karancsság: 1.2k | ≤9.9%
Sióagárd,lakók,1186,9584627,teljes lakosság %-a,9.875126074285417,Sióagárd: 1.2k | ≤9.9%
Balatonberény,lakók,1187,9584627,teljes lakosság %-a,9.88751048945358,Balatonberény: 1.2k | ≤9.9%
Paszab,lakók,1190,9584627,teljes lakosság %-a,9.899926204744327,Paszab: 1.2k | ≤9.9%
Bagod,lakók,1197,9584627,teljes lakosság %-a,9.91241495365443,Bagod: 1.2k | ≤9.9%
Alsószentmárton,lakók,1198,9584627,teljes lakosság %-a,9.924914135938728,Alsószentmárton: 1.2k | ≤9.9%
Pápateszér,lakók,1199,9584627,teljes lakosság %-a,9.937423751597219,Pápateszér: 1.2k | ≤9.9%
Tibolddaróc,lakók,1200,9584627,teljes lakosság %-a,9.949943800629905,Tibolddaróc: 1.2k | ≤9.9%
Szőlősgyörök,lakók,1202,9584627,teljes lakosság %-a,9.962484716410978,Szőlősgyörök: 1.2k | ≤10%
Szakály,lakók,1203,9584627,teljes lakosság %-a,9.975036065566245,Szakály: 1.2k | ≤10%
Borsodszirák,lakók,1204,9584627,teljes lakosság %-a,9.987597848095705,Borsodszirák: 1.2k | ≤10%
Rum,lakók,1204,9584627,teljes lakosság %-a,10.000159630625166,Rum: 1.2k | ≤10%
Bénye,lakók,1205,9584627,teljes lakosság %-a,10.012731846528823,Bénye: 1.2k | ≤10%
Kajászó,lakók,1207,9584627,teljes lakosság %-a,10.025324929180865,Kajászó: 1.2k | ≤10%
Kehidakustány,lakók,1207,9584627,teljes lakosság %-a,10.037918011832907,Kehidakustány: 1.2k | ≤10%
Hortobágy,lakók,1208,9584627,teljes lakosság %-a,10.050521527859143,Hortobágy: 1.2k | ≤10%
Jenő,lakók,1216,9584627,teljes lakosság %-a,10.063208510878932,Jenő: 1.2k | ≤10%
Tarnazsadány,lakók,1218,9584627,teljes lakosság %-a,10.075916360647106,Tarnazsadány: 1.2k | ≤10%
Gyömöre,lakók,1222,9584627,teljes lakosság %-a,10.088665943912059,Gyömöre: 1.2k | ≤10%
Városlőd,lakók,1223,9584627,teljes lakosság %-a,10.101425960551204,Városlőd: 1.2k | ≤10%
Boconád,lakók,1225,9584627,teljes lakosság %-a,10.114206843938737,Boconád: 1.2k | ≤10%
Makád,lakók,1227,9584627,teljes lakosság %-a,10.127008594074658,Makád: 1.2k | ≤10%
Csátalja,lakók,1228,9584627,teljes lakosság %-a,10.139820777584772,Csátalja: 1.2k | ≤10%
Nagybajcs,lakók,1228,9584627,teljes lakosság %-a,10.152632961094886,Nagybajcs: 1.2k | ≤10%
Súr,lakók,1230,9584627,teljes lakosság %-a,10.165466011353388,Súr: 1.2k | ≤10%
Ravazd,lakók,1231,9584627,teljes lakosság %-a,10.178309494986086,Ravazd: 1.2k | ≤10%
Mezőszentgyörgy,lakók,1233,9584627,teljes lakosság %-a,10.19117384536717,Mezőszentgyörgy: 1.2k | ≤10%
Tevel,lakók,1234,9584627,teljes lakosság %-a,10.204048629122447,Tevel: 1.2k | ≤10%
Magyarcsanád,lakók,1236,9584627,teljes lakosság %-a,10.216944279626114,Magyarcsanád: 1.2k | ≤10%
Tetétlen,lakók,1236,9584627,teljes lakosság %-a,10.22983993012978,Tetétlen: 1.2k | ≤10%
Biri,lakók,1238,9584627,teljes lakosság %-a,10.242756447381833,Biri: 1.2k | ≤10%
Tiszakürt,lakók,1239,9584627,teljes lakosság %-a,10.255683398008081,Tiszakürt: 1.2k | ≤10%
Tiszatelek,lakók,1239,9584627,teljes lakosság %-a,10.26861034863433,Tiszatelek: 1.2k | ≤10%
Egercsehi,lakók,1241,9584627,teljes lakosság %-a,10.281558166008963,Egercsehi: 1.2k | ≤10%
Kétsoprony,lakók,1241,9584627,teljes lakosság %-a,10.2945059833836,Kétsoprony: 1.2k | ≤10%
Tiszaörs,lakók,1241,9584627,teljes lakosság %-a,10.307453800758234,Tiszaörs: 1.2k | ≤10%
Révfülöp,lakók,1242,9584627,teljes lakosság %-a,10.320412051507065,Révfülöp: 1.2k | ≤10%
Ugod,lakók,1242,9584627,teljes lakosság %-a,10.333370302255894,Ugod: 1.2k | ≤10%
Pusztazámor,lakók,1243,9584627,teljes lakosság %-a,10.346338986378917,Pusztazámor: 1.2k | ≤10%
Galambok,lakók,1246,9584627,teljes lakosság %-a,10.359338970624522,Galambok: 1.2k | ≤10%
Esztár,lakók,1247,9584627,teljes lakosság %-a,10.37234938824432,Esztár: 1.2k | ≤10%
Bánhorváti,lakók,1250,9584627,teljes lakosság %-a,10.3853911059867,Bánhorváti: 1.2k | ≤10%
Teskánd,lakók,1253,9584627,teljes lakosság %-a,10.398464123851664,Teskánd: 1.3k | ≤10%
Kutas,lakók,1254,9584627,teljes lakosság %-a,10.41154757509082,Kutas: 1.3k | ≤10%
Verseg,lakók,1259,9584627,teljes lakosság %-a,10.424683193200945,Verseg: 1.3k | ≤10%
Áporka,lakók,1260,9584627,teljes lakosság %-a,10.437829244685265,Áporka: 1.3k | ≤10%
Szeremle,lakók,1261,9584627,teljes lakosság %-a,10.450985729543778,Szeremle: 1.3k | ≤10%
Istenmezeje,lakók,1262,9584627,teljes lakosság %-a,10.464152647776487,Istenmezeje: 1.3k | ≤10%
Mesztegnyő,lakók,1262,9584627,teljes lakosság %-a,10.477319566009195,Mesztegnyő: 1.3k | ≤10%
Magyarpolány,lakók,1268,9584627,teljes lakosság %-a,10.490549084487064,Magyarpolány: 1.3k | ≤10%
Bágyogszovát,lakók,1272,9584627,teljes lakosság %-a,10.503820336461711,Bágyogszovát: 1.3k | ≤11%
Dédestapolcsány,lakók,1275,9584627,teljes lakosság %-a,10.51712288855894,Dédestapolcsány: 1.3k | ≤11%
Nagyvarsány,lakók,1276,9584627,teljes lakosság %-a,10.530435874030362,Nagyvarsány: 1.3k | ≤11%
Pusztavacs,lakók,1279,9584627,teljes lakosság %-a,10.543780159624365,Pusztavacs: 1.3k | ≤11%
Balatongyörök,lakók,1283,9584627,teljes lakosság %-a,10.557166178715145,Balatongyörök: 1.3k | ≤11%
Soltszentimre,lakók,1283,9584627,teljes lakosság %-a,10.570552197805924,Soltszentimre: 1.3k | ≤11%
Nagyberény,lakók,1284,9584627,teljes lakosság %-a,10.583948650270896,Nagyberény: 1.3k | ≤11%
Etes,lakók,1285,9584627,teljes lakosság %-a,10.597355536110065,Etes: 1.3k | ≤11%
Mártély,lakók,1285,9584627,teljes lakosság %-a,10.610762421949232,Mártély: 1.3k | ≤11%
Dejtár,lakók,1287,9584627,teljes lakosság %-a,10.624190174536787,Dejtár: 1.3k | ≤11%
Zebegény,lakók,1289,9584627,teljes lakosság %-a,10.63763879387273,Zebegény: 1.3k | ≤11%
Acsa,lakók,1291,9584627,teljes lakosság %-a,10.651108279957059,Acsa: 1.3k | ≤11%
Halmajugra,lakók,1291,9584627,teljes lakosság %-a,10.664577766041392,Halmajugra: 1.3k | ≤11%
Bakonyszombathely,lakók,1292,9584627,teljes lakosság %-a,10.678057685499915,Bakonyszombathely: 1.3k | ≤11%
Egyházasrádóc,lakók,1293,9584627,teljes lakosság %-a,10.691548038332634,Egyházasrádóc: 1.3k | ≤11%
Novaj,lakók,1293,9584627,teljes lakosság %-a,10.705038391165353,Novaj: 1.3k | ≤11%
Pilisszentlászló,lakók,1293,9584627,teljes lakosság %-a,10.718528743998071,Pilisszentlászló: 1.3k | ≤11%
Nagykarácsony,lakók,1295,9584627,teljes lakosság %-a,10.732039963579178,Nagykarácsony: 1.3k | ≤11%
Nagyberki,lakók,1299,9584627,teljes lakosság %-a,10.74559291665706,Nagyberki: 1.3k | ≤11%
Pusztaszer,lakók,1299,9584627,teljes lakosság %-a,10.759145869734942,Pusztaszer: 1.3k | ≤11%
Vasszécseny,lakók,1300,9584627,teljes lakosság %-a,10.772709256187017,Vasszécseny: 1.3k | ≤11%
Kölesd,lakók,1306,9584627,teljes lakosság %-a,10.786335242884256,Kölesd: 1.3k | ≤11%
Pély,lakók,1306,9584627,teljes lakosság %-a,10.799961229581495,Pély: 1.3k | ≤11%
Sárszentágota,lakók,1308,9584627,teljes lakosság %-a,10.813608083027122,Sárszentágota: 1.3k | ≤11%
Somberek,lakók,1308,9584627,teljes lakosság %-a,10.82725493647275,Somberek: 1.3k | ≤11%
Hédervár,lakók,1310,9584627,teljes lakosság %-a,10.840922656666764,Hédervár: 1.3k | ≤11%
Mernye,lakók,1310,9584627,teljes lakosság %-a,10.854590376860779,Mernye: 1.3k | ≤11%
Nádasd,lakók,1310,9584627,teljes lakosság %-a,10.868258097054794,Nádasd: 1.3k | ≤11%
Balatonfőkajár,lakók,1312,9584627,teljes lakosság %-a,10.881946683997198,Balatonfőkajár: 1.3k | ≤11%
Kajárpéc,lakók,1312,9584627,teljes lakosság %-a,10.8956352709396,Kajárpéc: 1.3k | ≤11%
Ramocsaháza,lakók,1312,9584627,teljes lakosság %-a,10.909323857882,Ramocsaháza: 1.3k | ≤11%
Sé,lakók,1312,9584627,teljes lakosság %-a,10.923012444824405,Sé: 1.3k | ≤11%
Szil,lakók,1313,9584627,teljes lakosság %-a,10.936711465141,Szil: 1.3k | ≤11%
Novajidrány,lakók,1315,9584627,teljes lakosság %-a,10.950431352205985,Novajidrány: 1.3k | ≤11%
Látrány,lakók,1316,9584627,teljes lakosság %-a,10.964161672645165,Látrány: 1.3k | ≤11%
Balatonendréd,lakók,1318,9584627,teljes lakosság %-a,10.97791285983273,Balatonendréd: 1.3k | ≤11%
Sarkadkeresztúr,lakók,1323,9584627,teljes lakosság %-a,10.991716213891266,Sarkadkeresztúr: 1.3k | ≤11%
Újszentmargita,lakók,1331,9584627,teljes lakosság %-a,11.005603034943352,Újszentmargita: 1.3k | ≤11%
Kővágószőlős,lakók,1332,9584627,teljes lakosság %-a,11.019500289369635,Kővágószőlős: 1.3k | ≤11%
Csabdi,lakók,1333,9584627,teljes lakosság %-a,11.033407977170109,Csabdi: 1.3k | ≤11%
Nagyharsány,lakók,1336,9584627,teljes lakosság %-a,11.047346965093165,Nagyharsány: 1.3k | ≤11%
Tihany,lakók,1338,9584627,teljes lakosság %-a,11.061306819764608,Tihany: 1.3k | ≤11%
Gyarmat,lakók,1340,9584627,teljes lakosság %-a,11.07528754118444,Gyarmat: 1.3k | ≤11%
Köröm,lakók,1341,9584627,teljes lakosság %-a,11.089278695978466,Köröm: 1.3k | ≤11%
Balatonvilágos,lakók,1342,9584627,teljes lakosság %-a,11.103280284146686,Balatonvilágos: 1.3k | ≤11%
Drégelypalánk,lakók,1342,9584627,teljes lakosság %-a,11.117281872314907,Drégelypalánk: 1.3k | ≤11%
Babócsa,lakók,1344,9584627,teljes lakosság %-a,11.131304327231513,Babócsa: 1.3k | ≤11%
Kunadacs,lakók,1345,9584627,teljes lakosság %-a,11.145337215522314,Kunadacs: 1.3k | ≤11%
Buzsák,lakók,1346,9584627,teljes lakosság %-a,11.15938053718731,Buzsák: 1.3k | ≤11%
Gyúró,lakók,1347,9584627,teljes lakosság %-a,11.1734342922265,Gyúró: 1.3k | ≤11%
Püspökhatvan,lakók,1347,9584627,teljes lakosság %-a,11.18748804726569,Püspökhatvan: 1.3k | ≤11%
Bezenye,lakók,1349,9584627,teljes lakosság %-a,11.201562669053267,Bezenye: 1.3k | ≤11%
Kunbaja,lakók,1352,9584627,teljes lakosság %-a,11.215668590963425,Kunbaja: 1.4k | ≤11%
Pusztadobos,lakók,1352,9584627,teljes lakosság %-a,11.229774512873584,Pusztadobos: 1.4k | ≤11%
Rezi,lakók,1352,9584627,teljes lakosság %-a,11.243880434783742,Rezi: 1.4k | ≤11%
Pogány,lakók,1354,9584627,teljes lakosság %-a,11.25800722344229,Pogány: 1.4k | ≤11%
Tiszatarján,lakók,1361,9584627,teljes lakosság %-a,11.272207045720194,Tiszatarján: 1.4k | ≤11%
Tiszasüly,lakók,1366,9584627,teljes lakosság %-a,11.286459034869068,Tiszasüly: 1.4k | ≤11%
Keszü,lakók,1371,9584627,teljes lakosság %-a,11.30076319088891,Keszü: 1.4k | ≤11%
Szilvásvárad,lakók,1376,9584627,teljes lakosság %-a,11.315119513779722,Szilvásvárad: 1.4k | ≤11%
Sényő,lakók,1377,9584627,teljes lakosság %-a,11.329486270044729,Sényő: 1.4k | ≤11%
Szügy,lakók,1377,9584627,teljes lakosság %-a,11.343853026309736,Szügy: 1.4k | ≤11%
Lövő,lakók,1379,9584627,teljes lakosság %-a,11.35824064932313,Lövő: 1.4k | ≤11%
Tótvázsony,lakók,1379,9584627,teljes lakosság %-a,11.372628272336524,Tótvázsony: 1.4k | ≤11%
Derekegyház,lakók,1380,9584627,teljes lakosság %-a,11.387026328724112,Derekegyház: 1.4k | ≤11%
Neszmély,lakók,1380,9584627,teljes lakosság %-a,11.4014243851117,Neszmély: 1.4k | ≤11%
Somogyszob,lakók,1382,9584627,teljes lakosság %-a,11.415843308247677,Somogyszob: 1.4k | ≤11%
Hangony,lakók,1385,9584627,teljes lakosság %-a,11.430293531506235,Hangony: 1.4k | ≤11%
Legyesbénye,lakók,1387,9584627,teljes lakosság %-a,11.444764621513178,Legyesbénye: 1.4k | ≤11%
Foktő,lakók,1388,9584627,teljes lakosság %-a,11.459246144894319,Foktő: 1.4k | ≤11%
Fertőszéplak,lakók,1389,9584627,teljes lakosság %-a,11.473738101649653,Fertőszéplak: 1.4k | ≤11%
Szigetbecse,lakók,1390,9584627,teljes lakosság %-a,11.48824049177918,Szigetbecse: 1.4k | ≤11%
Karancsalja,lakók,1391,9584627,teljes lakosság %-a,11.5027533152829,Karancsalja: 1.4k | ≤12%
Vértessomló,lakók,1393,9584627,teljes lakosság %-a,11.51728700553501,Vértessomló: 1.4k | ≤12%
Bátmonostor,lakók,1395,9584627,teljes lakosság %-a,11.531841562535506,Bátmonostor: 1.4k | ≤12%
Zsáka,lakók,1395,9584627,teljes lakosság %-a,11.546396119536002,Zsáka: 1.4k | ≤12%
Egerbakta,lakók,1396,9584627,teljes lakosság %-a,11.560961109910693,Egerbakta: 1.4k | ≤12%
Igal,lakók,1396,9584627,teljes lakosság %-a,11.575526100285384,Igal: 1.4k | ≤12%
Ászár,lakók,1401,9584627,teljes lakosság %-a,11.590143257531043,Ászár: 1.4k | ≤12%
Báta,lakók,1401,9584627,teljes lakosság %-a,11.604760414776704,Báta: 1.4k | ≤12%
Monok,lakók,1407,9584627,teljes lakosság %-a,11.61944017226753,Monok: 1.4k | ≤12%
Tárkány,lakók,1409,9584627,teljes lakosság %-a,11.63414079650674,Tárkány: 1.4k | ≤12%
Telekgerendás,lakók,1409,9584627,teljes lakosság %-a,11.648841420745951,Telekgerendás: 1.4k | ≤12%
Nagysáp,lakók,1414,9584627,teljes lakosság %-a,11.663594211856132,Nagysáp: 1.4k | ≤12%
Pácin,lakók,1416,9584627,teljes lakosság %-a,11.678367869714702,Pácin: 1.4k | ≤12%
Kápolna,lakók,1417,9584627,teljes lakosság %-a,11.693151960947464,Kápolna: 1.4k | ≤12%
Kékcse,lakók,1422,9584627,teljes lakosság %-a,11.707988219051195,Kékcse: 1.4k | ≤12%
Kőröshegy,lakók,1422,9584627,teljes lakosság %-a,11.722824477154928,Kőröshegy: 1.4k | ≤12%
Börcs,lakók,1425,9584627,teljes lakosság %-a,11.73769203538124,Börcs: 1.4k | ≤12%
Ludányhalászi,lakók,1425,9584627,teljes lakosság %-a,11.752559593607554,Ludányhalászi: 1.4k | ≤12%
Kisapostag,lakók,1426,9584627,teljes lakosság %-a,11.767437585208063,Kisapostag: 1.4k | ≤12%
Szűcsi,lakók,1426,9584627,teljes lakosság %-a,11.782315576808571,Szűcsi: 1.4k | ≤12%
Tiszapalkonya,lakók,1426,9584627,teljes lakosság %-a,11.797193568409078,Tiszapalkonya: 1.4k | ≤12%
Nagylóc,lakók,1429,9584627,teljes lakosság %-a,11.812102860132168,Nagylóc: 1.4k | ≤12%
Lőkösháza,lakók,1430,9584627,teljes lakosság %-a,11.827022585229452,Lőkösháza: 1.4k | ≤12%
Szabolcsveresmart,lakók,1432,9584627,teljes lakosság %-a,11.841963177075122,Szabolcsveresmart: 1.4k | ≤12%
Karád,lakók,1433,9584627,teljes lakosság %-a,11.856914202294988,Karád: 1.4k | ≤12%
Őr,lakók,1433,9584627,teljes lakosság %-a,11.871865227514853,Őr: 1.4k | ≤12%
Vilmány,lakók,1435,9584627,teljes lakosság %-a,11.886837119483106,Vilmány: 1.4k | ≤12%
Pusztaföldvár,lakók,1436,9584627,teljes lakosság %-a,11.901819444825552,Pusztaföldvár: 1.4k | ≤12%
Szepetnek,lakók,1436,9584627,teljes lakosság %-a,11.916801770168,Szepetnek: 1.4k | ≤12%
Szerep,lakók,1438,9584627,teljes lakosság %-a,11.931804962258834,Szerep: 1.4k | ≤12%
Átány,lakók,1440,9584627,teljes lakosság %-a,11.946829021098056,Átány: 1.4k | ≤12%
Söjtör,lakók,1440,9584627,teljes lakosság %-a,11.96185307993728,Söjtör: 1.4k | ≤12%
Balotaszállás,lakók,1441,9584627,teljes lakosság %-a,11.976887572150694,Balotaszállás: 1.4k | ≤12%
Pálfa,lakók,1441,9584627,teljes lakosság %-a,11.991922064364111,Pálfa: 1.4k | ≤12%
Méra,lakók,1442,9584627,teljes lakosság %-a,12.00696698995172,Méra: 1.4k | ≤12%
Alsópáhok,lakók,1443,9584627,teljes lakosság %-a,12.022022348913525,Alsópáhok: 1.4k | ≤12%
Kurityán,lakók,1443,9584627,teljes lakosság %-a,12.03707770787533,Kurityán: 1.4k | ≤12%
Sajópetri,lakók,1443,9584627,teljes lakosság %-a,12.052133066837134,Sajópetri: 1.4k | ≤12%
Tiszajenő,lakók,1445,9584627,teljes lakosság %-a,12.067209292547327,Tiszajenő: 1.4k | ≤12%
Balatonszentgyörgy,lakók,1446,9584627,teljes lakosság %-a,12.082295951631712,Balatonszentgyörgy: 1.4k | ≤12%
Csólyospálos,lakók,1446,9584627,teljes lakosság %-a,12.097382610716098,Csólyospálos: 1.4k | ≤12%
Kincsesbánya,lakók,1446,9584627,teljes lakosság %-a,12.112469269800483,Kincsesbánya: 1.4k | ≤12%
Kunsziget,lakók,1449,9584627,teljes lakosság %-a,12.127587229007451,Kunsziget: 1.4k | ≤12%
Sopronkövesd,lakók,1449,9584627,teljes lakosság %-a,12.142705188214418,Sopronkövesd: 1.4k | ≤12%
Papkeszi,lakók,1451,9584627,teljes lakosság %-a,12.157844014169775,Papkeszi: 1.5k | ≤12%
Somogyjád,lakók,1451,9584627,teljes lakosság %-a,12.17298284012513,Somogyjád: 1.5k | ≤12%
Szákszend,lakók,1453,9584627,teljes lakosság %-a,12.188142532828873,Szákszend: 1.5k | ≤12%
Tolcsva,lakók,1454,9584627,teljes lakosság %-a,12.203312658906809,Tolcsva: 1.5k | ≤12%
Mátraszőlős,lakók,1457,9584627,teljes lakosság %-a,12.21851408510733,Mátraszőlős: 1.5k | ≤12%
Mecseknádasd,lakók,1458,9584627,teljes lakosság %-a,12.233725944682043,Mecseknádasd: 1.5k | ≤12%
Gyöngyösoroszi,lakók,1459,9584627,teljes lakosság %-a,12.248948237630948,Gyöngyösoroszi: 1.5k | ≤12%
Kübekháza,lakók,1460,9584627,teljes lakosság %-a,12.264180963954049,Kübekháza: 1.5k | ≤12%
Vámosmikola,lakók,1461,9584627,teljes lakosság %-a,12.279424123651344,Vámosmikola: 1.5k | ≤12%
Szomolya,lakók,1462,9584627,teljes lakosság %-a,12.29467771672283,Szomolya: 1.5k | ≤12%
Gellénháza,lakók,1466,9584627,teljes lakosság %-a,12.309973043291095,Gellénháza: 1.5k | ≤12%
Pereszteg,lakók,1467,9584627,teljes lakosság %-a,12.325278803233552,Pereszteg: 1.5k | ≤12%
Szatmárcseke,lakók,1468,9584627,teljes lakosság %-a,12.340594996550205,Szatmárcseke: 1.5k | ≤12%
Petőfiszállás,lakók,1469,9584627,teljes lakosság %-a,12.35592162324105,Petőfiszállás: 1.5k | ≤12%
Dunaegyháza,lakók,1474,9584627,teljes lakosság %-a,12.371300416802866,Dunaegyháza: 1.5k | ≤12%
Pócspetri,lakók,1477,9584627,teljes lakosság %-a,12.386710510487262,Pócspetri: 1.5k | ≤12%
Kaposfő,lakók,1482,9584627,teljes lakosság %-a,12.402172771042629,Kaposfő: 1.5k | ≤12%
Ormosbánya,lakók,1483,9584627,teljes lakosság %-a,12.417645464972189,Ormosbánya: 1.5k | ≤12%
Vaszar,lakók,1483,9584627,teljes lakosság %-a,12.43311815890175,Vaszar: 1.5k | ≤12%
Tiszatenyő,lakók,1485,9584627,teljes lakosság %-a,12.448611719579699,Tiszatenyő: 1.5k | ≤12%
Tarnaméra,lakók,1488,9584627,teljes lakosság %-a,12.464136580380227,Tarnaméra: 1.5k | ≤12%
Varsány,lakók,1488,9584627,teljes lakosság %-a,12.479661441180758,Varsány: 1.5k | ≤12%
Sárkeresztes,lakók,1489,9584627,teljes lakosság %-a,12.495196735355481,Sárkeresztes: 1.5k | ≤12%
Ozora,lakók,1492,9584627,teljes lakosság %-a,12.510763329652786,Ozora: 1.5k | ≤13%
Petneháza,lakók,1492,9584627,teljes lakosság %-a,12.526329923950092,Petneháza: 1.5k | ≤13%
Tiszakanyár,lakók,1493,9584627,teljes lakosság %-a,12.541906951621593,Tiszakanyár: 1.5k | ≤13%
Csokonyavisonta,lakók,1494,9584627,teljes lakosság %-a,12.557494412667285,Csokonyavisonta: 1.5k | ≤13%
Zsadány,lakók,1494,9584627,teljes lakosság %-a,12.573081873712976,Zsadány: 1.5k | ≤13%
Kakasd,lakók,1496,9584627,teljes lakosság %-a,12.588690201507058,Kakasd: 1.5k | ≤13%
Mezőtárkány,lakók,1496,9584627,teljes lakosság %-a,12.60429852930114,Mezőtárkány: 1.5k | ≤13%
Öreglak,lakók,1497,9584627,teljes lakosság %-a,12.619917290469415,Öreglak: 1.5k | ≤13%
Sajóörös,lakók,1500,9584627,teljes lakosság %-a,12.63556735176027,Sajóörös: 1.5k | ≤13%
Olaszliszka,lakók,1501,9584627,teljes lakosság %-a,12.651227846425323,Olaszliszka: 1.5k | ≤13%
Bükkaranyos,lakók,1502,9584627,teljes lakosság %-a,12.666898774464567,Bükkaranyos: 1.5k | ≤13%
Katymár,lakók,1502,9584627,teljes lakosság %-a,12.682569702503812,Katymár: 1.5k | ≤13%
Vitnyéd,lakók,1502,9584627,teljes lakosság %-a,12.698240630543056,Vitnyéd: 1.5k | ≤13%
Bana,lakók,1503,9584627,teljes lakosság %-a,12.713921991956495,Bana: 1.5k | ≤13%
Tiszavárkony,lakók,1503,9584627,teljes lakosság %-a,12.729603353369933,Tiszavárkony: 1.5k | ≤13%
Palotás,lakók,1505,9584627,teljes lakosság %-a,12.74530558153176,Palotás: 1.5k | ≤13%
Kőtelek,lakók,1506,9584627,teljes lakosság %-a,12.76101824306778,Kőtelek: 1.5k | ≤13%
Murakeresztúr,lakók,1511,9584627,teljes lakosság %-a,12.776783071474767,Murakeresztúr: 1.5k | ≤13%
Sajókeresztúr,lakók,1512,9584627,teljes lakosság %-a,12.792558333255952,Sajókeresztúr: 1.5k | ≤13%
Németkér,lakók,1513,9584627,teljes lakosság %-a,12.80834402841133,Németkér: 1.5k | ≤13%
Bak,lakók,1515,9584627,teljes lakosság %-a,12.824150590315094,Bak: 1.5k | ≤13%
Gyermely,lakók,1517,9584627,teljes lakosság %-a,12.83997801896725,Gyermely: 1.5k | ≤13%
Sály,lakók,1521,9584627,teljes lakosság %-a,12.855847181116175,Sály: 1.5k | ≤13%
Nógrádmegyer,lakók,1522,9584627,teljes lakosság %-a,12.8717267766393,Nógrádmegyer: 1.5k | ≤13%
Hernádkak,lakók,1523,9584627,teljes lakosság %-a,12.887616805536616,Hernádkak: 1.5k | ≤13%
Tarnalelesz,lakók,1524,9584627,teljes lakosság %-a,12.903517267808127,Tarnalelesz: 1.5k | ≤13%
Mezőnyárád,lakók,1527,9584627,teljes lakosság %-a,12.919449030202218,Mezőnyárád: 1.5k | ≤13%
Nárai,lakók,1527,9584627,teljes lakosság %-a,12.93538079259631,Nárai: 1.5k | ≤13%
Pacsa,lakók,1528,9584627,teljes lakosság %-a,12.951322988364597,Pacsa: 1.5k | ≤13%
Mátranovák,lakók,1529,9584627,teljes lakosság %-a,12.967275617507076,Mátranovák: 1.5k | ≤13%
Nagycserkesz,lakók,1530,9584627,teljes lakosság %-a,12.983238680023751,Nagycserkesz: 1.5k | ≤13%
Alcsútdoboz,lakók,1533,9584627,teljes lakosság %-a,12.999233042663006,Alcsútdoboz: 1.5k | ≤13%
Kaposszekcső,lakók,1534,9584627,teljes lakosság %-a,13.015237838676455,Kaposszekcső: 1.5k | ≤13%
Fajsz,lakók,1536,9584627,teljes lakosság %-a,13.031263501438293,Fajsz: 1.5k | ≤13%
Alsóvadász,lakók,1543,9584627,teljes lakosság %-a,13.047362197819487,Alsóvadász: 1.5k | ≤13%
Tiszaroff,lakók,1544,9584627,teljes lakosság %-a,13.063471327574877,Tiszaroff: 1.5k | ≤13%
Jásztelek,lakók,1545,9584627,teljes lakosság %-a,13.07959089070446,Jásztelek: 1.5k | ≤13%
Kőszárhegy,lakók,1545,9584627,teljes lakosság %-a,13.095710453834041,Kőszárhegy: 1.5k | ≤13%
Rimóc,lakók,1545,9584627,teljes lakosság %-a,13.111830016963625,Rimóc: 1.5k | ≤13%
Görcsöny,lakók,1546,9584627,teljes lakosság %-a,13.1279600134674,Görcsöny: 1.5k | ≤13%
Tök,lakók,1546,9584627,teljes lakosság %-a,13.144090009971176,Tök: 1.5k | ≤13%
Türje,lakók,1547,9584627,teljes lakosság %-a,13.160230439849146,Türje: 1.5k | ≤13%
Miske,lakók,1548,9584627,teljes lakosság %-a,13.176381303101309,Miske: 1.5k | ≤13%
Penc,lakók,1554,9584627,teljes lakosság %-a,13.192594766598637,Penc: 1.6k | ≤13%
Nagykörű,lakók,1559,9584627,teljes lakosság %-a,13.208860396966934,Nagykörű: 1.6k | ≤13%
Fülöp,lakók,1561,9584627,teljes lakosság %-a,13.22514689408362,Fülöp: 1.6k | ≤13%
Csávoly,lakók,1567,9584627,teljes lakosság %-a,13.241495991445468,Csávoly: 1.6k | ≤13%
Dombegyház,lakók,1567,9584627,teljes lakosság %-a,13.257845088807315,Dombegyház: 1.6k | ≤13%
Karcsa,lakók,1567,9584627,teljes lakosság %-a,13.274194186169163,Karcsa: 1.6k | ≤13%
Pusztamonostor,lakók,1567,9584627,teljes lakosság %-a,13.290543283531012,Pusztamonostor: 1.6k | ≤13%
Tállya,lakók,1568,9584627,teljes lakosság %-a,13.306902814267055,Tállya: 1.6k | ≤13%
Kisgyőr,lakók,1571,9584627,teljes lakosság %-a,13.323293645125677,Kisgyőr: 1.6k | ≤13%
Bükkábrány,lakók,1579,9584627,teljes lakosság %-a,13.339767942977854,Bükkábrány: 1.6k | ≤13%
Csépa,lakók,1581,9584627,teljes lakosság %-a,13.356263107578418,Csépa: 1.6k | ≤13%
Bakonyszentlászló,lakók,1583,9584627,teljes lakosság %-a,13.372779138927369,Bakonyszentlászló: 1.6k | ≤13%
Kisléta,lakók,1587,9584627,teljes lakosság %-a,13.389336903773094,Kisléta: 1.6k | ≤13%
Pálmonostora,lakók,1588,9584627,teljes lakosság %-a,13.405905101993016,Pálmonostora: 1.6k | ≤13%
Győrtelek,lakók,1589,9584627,teljes lakosság %-a,13.422483733587129,Győrtelek: 1.6k | ≤13%
Csókakő,lakók,1596,9584627,teljes lakosság %-a,13.4391353988006,Csókakő: 1.6k | ≤13%
Csabacsűd,lakók,1600,9584627,teljes lakosság %-a,13.455828797510847,Csabacsűd: 1.6k | ≤13%
Vajszló,lakók,1601,9584627,teljes lakosság %-a,13.472532629595287,Vajszló: 1.6k | ≤13%
Kazár,lakók,1603,9584627,teljes lakosság %-a,13.489257328428117,Kazár: 1.6k | ≤13%
Tömörkény,lakók,1606,9584627,teljes lakosság %-a,13.50601332738353,Tömörkény: 1.6k | ≤14%
Geszteréd,lakók,1609,9584627,teljes lakosság %-a,13.522800626461521,Geszteréd: 1.6k | ≤14%
Jászboldogháza,lakók,1609,9584627,teljes lakosság %-a,13.539587925539513,Jászboldogháza: 1.6k | ≤14%
Álmosd,lakók,1610,9584627,teljes lakosság %-a,13.556385657991699,Álmosd: 1.6k | ≤14%
Kevermes,lakók,1611,9584627,teljes lakosság %-a,13.573193823818078,Kevermes: 1.6k | ≤14%
Ikervár,lakók,1614,9584627,teljes lakosság %-a,13.590033289767039,Ikervár: 1.6k | ≤14%
Bajót,lakók,1617,9584627,teljes lakosság %-a,13.606904055838584,Bajót: 1.6k | ≤14%
Érpatak,lakók,1618,9584627,teljes lakosság %-a,13.623785255284321,Érpatak: 1.6k | ≤14%
Kaszaper,lakók,1620,9584627,teljes lakosság %-a,13.640687321478447,Kaszaper: 1.6k | ≤14%
Nemesnádudvar,lakók,1621,9584627,teljes lakosság %-a,13.657599821046764,Nemesnádudvar: 1.6k | ≤14%
Tardos,lakók,1621,9584627,teljes lakosság %-a,13.674512320615085,Tardos: 1.6k | ≤14%
Gyönk,lakók,1628,9584627,teljes lakosság %-a,13.691497853802762,Gyönk: 1.6k | ≤14%
Ricse,lakók,1632,9584627,teljes lakosság %-a,13.708525120487213,Ricse: 1.6k | ≤14%
Hercegszántó,lakók,1634,9584627,teljes lakosság %-a,13.725573253920054,Hercegszántó: 1.6k | ≤14%
Nógrád,lakók,1634,9584627,teljes lakosság %-a,13.742621387352894,Nógrád: 1.6k | ≤14%
Darnózseli,lakók,1636,9584627,teljes lakosság %-a,13.759690387534121,Darnózseli: 1.6k | ≤14%
Jánkmajtis,lakók,1638,9584627,teljes lakosság %-a,13.776780254463736,Jánkmajtis: 1.6k | ≤14%
Karancskeszi,lakók,1638,9584627,teljes lakosság %-a,13.793870121393354,Karancskeszi: 1.6k | ≤14%
Szederkény,lakók,1640,9584627,teljes lakosság %-a,13.810980855071357,Szederkény: 1.6k | ≤14%
Magyaralmás,lakók,1642,9584627,teljes lakosság %-a,13.828112455497745,Magyaralmás: 1.6k | ≤14%
Mátraterenye,lakók,1642,9584627,teljes lakosság %-a,13.84524405592414,Mátraterenye: 1.6k | ≤14%
Balatonkeresztúr,lakók,1645,9584627,teljes lakosság %-a,13.86240695647311,Balatonkeresztúr: 1.6k | ≤14%
Szendehely,lakók,1648,9584627,teljes lakosság %-a,13.879601157144666,Szendehely: 1.6k | ≤14%
Dudar,lakók,1649,9584627,teljes lakosság %-a,13.896805791190413,Dudar: 1.6k | ≤14%
Tiszasziget,lakók,1649,9584627,teljes lakosság %-a,13.914010425236162,Tiszasziget: 1.6k | ≤14%
Járdánháza,lakók,1651,9584627,teljes lakosság %-a,13.931235926030297,Járdánháza: 1.7k | ≤14%
Nádasdladány,lakók,1652,9584627,teljes lakosság %-a,13.948471860198627,Nádasdladány: 1.7k | ≤14%
Somogyvár,lakók,1653,9584627,teljes lakosság %-a,13.965718227741153,Somogyvár: 1.7k | ≤14%
Hegykő,lakók,1654,9584627,teljes lakosság %-a,13.98297502865787,Hegykő: 1.7k | ≤14%
Sirok,lakók,1656,9584627,teljes lakosság %-a,14.000252696322976,Sirok: 1.7k | ≤14%
Zalaapáti,lakók,1659,9584627,teljes lakosság %-a,14.017561664110664,Zalaapáti: 1.7k | ≤14%
Tázlár,lakók,1661,9584627,teljes lakosság %-a,14.03489149864674,Tázlár: 1.7k | ≤14%
Szamosszeg,lakók,1662,9584627,teljes lakosság %-a,14.052231766557007,Szamosszeg: 1.7k | ≤14%
Balatonszemes,lakók,1663,9584627,teljes lakosság %-a,14.069582467841471,Balatonszemes: 1.7k | ≤14%
Fábiánháza,lakók,1663,9584627,teljes lakosság %-a,14.086933169125935,Fábiánháza: 1.7k | ≤14%
Kálló,lakók,1665,9584627,teljes lakosság %-a,14.104304737158785,Kálló: 1.7k | ≤14%
Csákánydoroszló,lakók,1669,9584627,teljes lakosság %-a,14.121718038688414,Csákánydoroszló: 1.7k | ≤14%
Izsófalva,lakók,1669,9584627,teljes lakosság %-a,14.13913134021804,Izsófalva: 1.7k | ≤14%
Vasmegyer,lakók,1669,9584627,teljes lakosság %-a,14.156544641747665,Vasmegyer: 1.7k | ≤14%
Győrság,lakók,1674,9584627,teljes lakosság %-a,14.174010110148261,Győrság: 1.7k | ≤14%
Nagyvázsony,lakók,1677,9584627,teljes lakosság %-a,14.19150687867144,Nagyvázsony: 1.7k | ≤14%
Mátraverebély,lakók,1682,9584627,teljes lakosság %-a,14.209055814065586,Mátraverebély: 1.7k | ≤14%
Berekböszörmény,lakók,1686,9584627,teljes lakosság %-a,14.22664648295651,Berekböszörmény: 1.7k | ≤14%
Felsőszentiván,lakók,1687,9584627,teljes lakosság %-a,14.244247585221625,Felsőszentiván: 1.7k | ≤14%
Tác,lakók,1687,9584627,teljes lakosság %-a,14.261848687486742,Tác: 1.7k | ≤14%
Mátraderecske,lakók,1689,9584627,teljes lakosság %-a,14.279470656500248,Mátraderecske: 1.7k | ≤14%
Markaz,lakók,1697,9584627,teljes lakosság %-a,14.297176092507305,Markaz: 1.7k | ≤14%
Ladánybene,lakók,1698,9584627,teljes lakosság %-a,14.314891961888554,Ladánybene: 1.7k | ≤14%
Pap,lakók,1698,9584627,teljes lakosság %-a,14.332607831269803,Pap: 1.7k | ≤14%
Ököritófülpös,lakók,1700,9584627,teljes lakosság %-a,14.35034456739944,Ököritófülpös: 1.7k | ≤14%
Halmaj,lakók,1701,9584627,teljes lakosság %-a,14.36809173690327,Halmaj: 1.7k | ≤14%
Kunszállás,lakók,1702,9584627,teljes lakosság %-a,14.385849339781299,Kunszállás: 1.7k | ≤14%
Csökmő,lakók,1703,9584627,teljes lakosság %-a,14.403617376033518,Csökmő: 1.7k | ≤14%
Majosháza,lakók,1706,9584627,teljes lakosság %-a,14.42141671240832,Majosháza: 1.7k | ≤14%
Szár,lakók,1708,9584627,teljes lakosság %-a,14.439236915531506,Szár: 1.7k | ≤14%
Rábapaty,lakók,1715,9584627,teljes lakosság %-a,14.457130152274052,Rábapaty: 1.7k | ≤14%
Csengele,lakók,1723,9584627,teljes lakosság %-a,14.47510685601015,Csengele: 1.7k | ≤14%
Kálmánháza,lakók,1723,9584627,teljes lakosság %-a,14.493083559746248,Kálmánháza: 1.7k | ≤14%
Taszár,lakók,1723,9584627,teljes lakosság %-a,14.511060263482346,Taszár: 1.7k | ≤15%
Tiszabezdéd,lakók,1725,9584627,teljes lakosság %-a,14.52905783396683,Tiszabezdéd: 1.7k | ≤15%
Dunaszekcső,lakók,1727,9584627,teljes lakosság %-a,14.547076271199705,Dunaszekcső: 1.7k | ≤15%
Tar,lakók,1728,9584627,teljes lakosság %-a,14.56510514180677,Tar: 1.7k | ≤15%
Tiszanagyfalu,lakók,1728,9584627,teljes lakosság %-a,14.583134012413836,Tiszanagyfalu: 1.7k | ≤15%
Váchartyán,lakók,1735,9584627,teljes lakosság %-a,14.601235916640261,Váchartyán: 1.7k | ≤15%
Gégény,lakók,1738,9584627,teljes lakosság %-a,14.619369120989267,Gégény: 1.7k | ≤15%
Tényő,lakók,1741,9584627,teljes lakosság %-a,14.637533625460856,Tényő: 1.7k | ≤15%
Besnyő,lakók,1745,9584627,teljes lakosság %-a,14.655739863429218,Besnyő: 1.7k | ≤15%
Bercel,lakók,1746,9584627,teljes lakosság %-a,14.673956534771776,Bercel: 1.7k | ≤15%
Atkár,lakók,1748,9584627,teljes lakosság %-a,14.692194072862721,Atkár: 1.7k | ≤15%
Gyulaháza,lakók,1749,9584627,teljes lakosság %-a,14.71044204432786,Gyulaháza: 1.7k | ≤15%
Sármellék,lakók,1749,9584627,teljes lakosság %-a,14.728690015792997,Sármellék: 1.7k | ≤15%
Nagyfüged,lakók,1750,9584627,teljes lakosság %-a,14.74694842063233,Nagyfüged: 1.8k | ≤15%
Csetény,lakók,1753,9584627,teljes lakosság %-a,14.765238125594246,Csetény: 1.8k | ≤15%
Taktaszada,lakók,1755,9584627,teljes lakosság %-a,14.78354869730455,Taktaszada: 1.8k | ≤15%
Nyirád,lakók,1756,9584627,teljes lakosság %-a,14.801869702389045,Nyirád: 1.8k | ≤15%
Heréd,lakók,1757,9584627,teljes lakosság %-a,14.820201140847736,Heréd: 1.8k | ≤15%
Tiszabercel,lakók,1759,9584627,teljes lakosság %-a,14.838553446054812,Tiszabercel: 1.8k | ≤15%
Madocsa,lakók,1764,9584627,teljes lakosság %-a,14.85695791813286,Madocsa: 1.8k | ≤15%
Vértesacsa,lakók,1766,9584627,teljes lakosság %-a,14.875383256959296,Vértesacsa: 1.8k | ≤15%
Lábod,lakók,1768,9584627,teljes lakosság %-a,14.89382946253412,Lábod: 1.8k | ≤15%
Bócsa,lakók,1777,9584627,teljes lakosság %-a,14.912369568476686,Bócsa: 1.8k | ≤15%
Leányvár,lakók,1778,9584627,teljes lakosság %-a,14.93092010779345,Leányvár: 1.8k | ≤15%
Dávod,lakók,1779,9584627,teljes lakosság %-a,14.949481080484405,Dávod: 1.8k | ≤15%
Encsencs,lakók,1780,9584627,teljes lakosság %-a,14.968052486549555,Encsencs: 1.8k | ≤15%
Soponya,lakók,1780,9584627,teljes lakosság %-a,14.986623892614706,Soponya: 1.8k | ≤15%
Császár,lakók,1781,9584627,teljes lakosság %-a,15.00520573205405,Császár: 1.8k | ≤15%
Magyarbánhegyes,lakók,1784,9584627,teljes lakosság %-a,15.023818871615974,Magyarbánhegyes: 1.8k | ≤15%
Nyírtass,lakók,1786,9584627,teljes lakosság %-a,15.042452877926287,Nyírtass: 1.8k | ≤15%
Nyírtura,lakók,1786,9584627,teljes lakosság %-a,15.061086884236602,Nyírtura: 1.8k | ≤15%
Dunaalmás,lakók,1792,9584627,teljes lakosság %-a,15.079783490792078,Dunaalmás: 1.8k | ≤15%
Rákócziújfalu,lakók,1793,9584627,teljes lakosság %-a,15.098490530721747,Rákócziújfalu: 1.8k | ≤15%
Visegrád,lakók,1793,9584627,teljes lakosság %-a,15.11719757065142,Visegrád: 1.8k | ≤15%
Parád,lakók,1795,9584627,teljes lakosság %-a,15.13592547732948,Parád: 1.8k | ≤15%
Szurdokpüspöki,lakók,1795,9584627,teljes lakosság %-a,15.154653384007535,Szurdokpüspöki: 1.8k | ≤15%
Márkó,lakók,1797,9584627,teljes lakosság %-a,15.173402157433982,Márkó: 1.8k | ≤15%
Bátya,lakók,1799,9584627,teljes lakosság %-a,15.192171797608816,Bátya: 1.8k | ≤15%
Pátka,lakók,1803,9584627,teljes lakosság %-a,15.210983171280427,Pátka: 1.8k | ≤15%
Újlengyel,lakók,1806,9584627,teljes lakosság %-a,15.229825845074618,Újlengyel: 1.8k | ≤15%
Domoszló,lakók,1809,9584627,teljes lakosság %-a,15.24869981899139,Domoszló: 1.8k | ≤15%
Anarcs,lakók,1811,9584627,teljes lakosság %-a,15.267594659656552,Anarcs: 1.8k | ≤15%
Mád,lakók,1814,9584627,teljes lakosság %-a,15.286520800444295,Mád: 1.8k | ≤15%
Vácduka,lakók,1816,9584627,teljes lakosság %-a,15.305467807980424,Vácduka: 1.8k | ≤15%
Döbrököz,lakók,1817,9584627,teljes lakosság %-a,15.32442524889075,Döbrököz: 1.8k | ≤15%
Zomba,lakók,1817,9584627,teljes lakosság %-a,15.343382689801075,Zomba: 1.8k | ≤15%
Zagyvaszántó,lakók,1820,9584627,teljes lakosság %-a,15.36237143083398,Zagyvaszántó: 1.8k | ≤15%
Máriapócs,lakók,1822,9584627,teljes lakosság %-a,15.381381038615274,Máriapócs: 1.8k | ≤15%
Tyukod,lakók,1824,9584627,teljes lakosság %-a,15.400411513144958,Tyukod: 1.8k | ≤15%
Tiszaszentimre,lakók,1825,9584627,teljes lakosság %-a,15.419452421048833,Tiszaszentimre: 1.8k | ≤15%
Hidas,lakók,1827,9584627,teljes lakosság %-a,15.438514195701094,Hidas: 1.8k | ≤15%
Dunasziget,lakók,1828,9584627,teljes lakosság %-a,15.457586403727552,Dunasziget: 1.8k | ≤15%
Enese,lakók,1828,9584627,teljes lakosság %-a,15.47665861175401,Enese: 1.8k | ≤15%
Kocsér,lakók,1828,9584627,teljes lakosság %-a,15.495730819780468,Kocsér: 1.8k | ≤15%
Tarnaörs,lakók,1828,9584627,teljes lakosság %-a,15.514803027806925,Tarnaörs: 1.8k | ≤16%
Rózsaszentmárton,lakók,1832,9584627,teljes lakosság %-a,15.533916969330159,Rózsaszentmárton: 1.8k | ≤16%
Bajna,lakók,1833,9584627,teljes lakosság %-a,15.553041344227584,Bajna: 1.8k | ≤16%
Galgamácsa,lakók,1833,9584627,teljes lakosság %-a,15.572165719125012,Galgamácsa: 1.8k | ≤16%
Nyírgyulaj,lakók,1833,9584627,teljes lakosság %-a,15.591290094022439,Nyírgyulaj: 1.8k | ≤16%
Fábiánsebestyén,lakók,1834,9584627,teljes lakosság %-a,15.61042490229406,Fábiánsebestyén: 1.8k | ≤16%
Kesznyéten,lakók,1844,9584627,teljes lakosság %-a,15.62966404430762,Kesznyéten: 1.8k | ≤16%
Csomád,lakók,1850,9584627,teljes lakosság %-a,15.648965786566343,Csomád: 1.9k | ≤16%
Tatárszentgyörgy,lakók,1852,9584627,teljes lakosság %-a,15.668288395573454,Tatárszentgyörgy: 1.9k | ≤16%
Kompolt,lakók,1853,9584627,teljes lakosság %-a,15.687621437954757,Kompolt: 1.9k | ≤16%
Nyírmártonfalva,lakók,1855,9584627,teljes lakosság %-a,15.706975347084452,Nyírmártonfalva: 1.9k | ≤16%
Alap,lakók,1860,9584627,teljes lakosság %-a,15.726381423085115,Alap: 1.9k | ≤16%
Nagyrábé,lakók,1861,9584627,teljes lakosság %-a,15.74579793245997,Nagyrábé: 1.9k | ≤16%
Noszvaj,lakók,1867,9584627,teljes lakosság %-a,15.765277042079989,Noszvaj: 1.9k | ≤16%
Vámosgyörk,lakók,1867,9584627,teljes lakosság %-a,15.784756151700009,Vámosgyörk: 1.9k | ≤16%
Becsehely,lakók,1868,9584627,teljes lakosság %-a,15.804245694694222,Becsehely: 1.9k | ≤16%
Aszaló,lakók,1872,9584627,teljes lakosság %-a,15.823776971185211,Aszaló: 1.9k | ≤16%
Ikrény,lakók,1872,9584627,teljes lakosság %-a,15.8433082476762,Ikrény: 1.9k | ≤16%
Mosonszolnok,lakók,1873,9584627,teljes lakosság %-a,15.862849957541384,Mosonszolnok: 1.9k | ≤16%
Szentkirály,lakók,1874,9584627,teljes lakosság %-a,15.88240210078076,Szentkirály: 1.9k | ≤16%
Úrkút,lakók,1874,9584627,teljes lakosság %-a,15.90195424402014,Úrkút: 1.9k | ≤16%
Ágasegyháza,lakók,1875,9584627,teljes lakosság %-a,15.921516820633707,Ágasegyháza: 1.9k | ≤16%
Jobbágyi,lakók,1876,9584627,teljes lakosság %-a,15.941089830621474,Jobbágyi: 1.9k | ≤16%
Hejőbába,lakók,1877,9584627,teljes lakosság %-a,15.960673273983433,Hejőbába: 1.9k | ≤16%
Nyírvasvári,lakók,1877,9584627,teljes lakosság %-a,15.980256717345389,Nyírvasvári: 1.9k | ≤16%
Felcsút,lakók,1879,9584627,teljes lakosság %-a,15.999861027455736,Felcsút: 1.9k | ≤16%
Győrladamér,lakók,1883,9584627,teljes lakosság %-a,16.01950707106286,Győrladamér: 1.9k | ≤16%
Jászfelsőszentgyörgy,lakók,1883,9584627,teljes lakosság %-a,16.039153114669983,Jászfelsőszentgyörgy: 1.9k | ≤16%
Kántorjánosi,lakók,1883,9584627,teljes lakosság %-a,16.058799158277104,Kántorjánosi: 1.9k | ≤16%
Nyírkáta,lakók,1883,9584627,teljes lakosság %-a,16.078445201884225,Nyírkáta: 1.9k | ≤16%
Méhkerék,lakók,1886,9584627,teljes lakosság %-a,16.09812254561393,Méhkerék: 1.9k | ≤16%
Szentlőrinckáta,lakók,1888,9584627,teljes lakosság %-a,16.117820756092023,Szentlőrinckáta: 1.9k | ≤16%
Kék,lakók,1889,9584627,teljes lakosság %-a,16.137529399944306,Kék: 1.9k | ≤16%
Baks,lakók,1893,9584627,teljes lakosság %-a,16.15727977729337,Baks: 1.9k | ≤16%
Nagyoroszi,lakók,1894,9584627,teljes lakosság %-a,16.177040588016624,Nagyoroszi: 1.9k | ≤16%
Székkutas,lakók,1899,9584627,teljes lakosság %-a,16.196853565610848,Székkutas: 1.9k | ≤16%
Lajoskomárom,lakók,1901,9584627,teljes lakosság %-a,16.216687409953458,Lajoskomárom: 1.9k | ≤16%
Alsóörs,lakók,1903,9584627,teljes lakosság %-a,16.236542121044458,Alsóörs: 1.9k | ≤16%
Farád,lakók,1903,9584627,teljes lakosság %-a,16.25639683213546,Farád: 1.9k | ≤16%
Pánd,lakók,1905,9584627,teljes lakosság %-a,16.276272409974847,Pánd: 1.9k | ≤16%
Kömlő,lakók,1909,9584627,teljes lakosság %-a,16.29618972131101,Kömlő: 1.9k | ≤16%
Mérk,lakók,1910,9584627,teljes lakosság %-a,16.316117466021367,Mérk: 1.9k | ≤16%
Csór,lakók,1917,9584627,teljes lakosság %-a,16.336118244351084,Csór: 1.9k | ≤16%
Buják,lakók,1918,9584627,teljes lakosság %-a,16.356129456054994,Buják: 1.9k | ≤16%
Harsány,lakók,1924,9584627,teljes lakosság %-a,16.376203268004065,Harsány: 1.9k | ≤16%
Ságvár,lakók,1924,9584627,teljes lakosság %-a,16.396277079953137,Ságvár: 1.9k | ≤16%
Gönc,lakók,1930,9584627,teljes lakosság %-a,16.41641349214737,Gönc: 1.9k | ≤16%
Piricse,lakók,1933,9584627,teljes lakosság %-a,16.43658120446419,Piricse: 1.9k | ≤16%
Újszentiván,lakók,1935,9584627,teljes lakosság %-a,16.456769783529396,Újszentiván: 1.9k | ≤16%
Hajdúbagos,lakók,1938,9584627,teljes lakosság %-a,16.47698966271718,Hajdúbagos: 1.9k | ≤16%
Szokolya,lakók,1940,9584627,teljes lakosság %-a,16.49723040865336,Szokolya: 1.9k | ≤16%
Bogács,lakók,1941,9584627,teljes lakosság %-a,16.517481587963726,Bogács: 1.9k | ≤17%
Dég,lakók,1946,9584627,teljes lakosság %-a,16.537784934145066,Dég: 1.9k | ≤17%
Szedres,lakók,1948,9584627,teljes lakosság %-a,16.55810914707479,Szedres: 1.9k | ≤17%
Torony,lakók,1950,9584627,teljes lakosság %-a,16.578454226752903,Torony: 2k | ≤17%
Csörög,lakók,1958,9584627,teljes lakosság %-a,16.598882773424567,Csörög: 2k | ≤17%
Farkaslyuk,lakók,1958,9584627,teljes lakosság %-a,16.619311320096234,Farkaslyuk: 2k | ≤17%
Tinnye,lakók,1968,9584627,teljes lakosság %-a,16.639844200509838,Tinnye: 2k | ≤17%
Nagyszentjános,lakók,1970,9584627,teljes lakosság %-a,16.66039794767183,Nagyszentjános: 2k | ≤17%
Bogyiszló,lakók,1973,9584627,teljes lakosság %-a,16.680982994956402,Bogyiszló: 2k | ≤17%
Egerszalók,lakók,1976,9584627,teljes lakosság %-a,16.701599342363558,Egerszalók: 2k | ≤17%
Forráskút,lakók,1977,9584627,teljes lakosság %-a,16.722226123144907,Forráskút: 2k | ≤17%
Ópusztaszer,lakók,1979,9584627,teljes lakosság %-a,16.742873770674642,Ópusztaszer: 2k | ≤17%
Nagybaracska,lakók,1981,9584627,teljes lakosság %-a,16.763542284952766,Nagybaracska: 2k | ≤17%
Iklad,lakók,1984,9584627,teljes lakosság %-a,16.784242099353474,Iklad: 2k | ≤17%
Süttő,lakók,1986,9584627,teljes lakosság %-a,16.80496278050257,Süttő: 2k | ≤17%
Csengőd,lakók,1987,9584627,teljes lakosság %-a,16.825693895025857,Csengőd: 2k | ≤17%
Ősi,lakók,1987,9584627,teljes lakosság %-a,16.846425009549147,Ősi: 2k | ≤17%
Pincehely,lakók,1988,9584627,teljes lakosság %-a,16.867166557446627,Pincehely: 2k | ≤17%
Szihalom,lakók,1992,9584627,teljes lakosság %-a,16.887949838840886,Szihalom: 2k | ≤17%
Vasad,lakók,1993,9584627,teljes lakosság %-a,16.908743553609337,Vasad: 2k | ≤17%
Sajóvámos,lakók,1996,9584627,teljes lakosság %-a,16.92956856850037,Sajóvámos: 2k | ≤17%
Nagykozár,lakók,1998,9584627,teljes lakosság %-a,16.950414450139792,Nagykozár: 2k | ≤17%
Tiszapüspöki,lakók,2000,9584627,teljes lakosság %-a,16.971281198527603,Tiszapüspöki: 2k | ≤17%
Szabadegyháza,lakók,2002,9584627,teljes lakosság %-a,16.992168813663795,Szabadegyháza: 2k | ≤17%
Mezőszilas,lakók,2010,9584627,teljes lakosság %-a,17.013139895793543,Mezőszilas: 2k | ≤17%
Tengelic,lakók,2010,9584627,teljes lakosság %-a,17.03411097792329,Tengelic: 2k | ≤17%
Villány,lakók,2010,9584627,teljes lakosság %-a,17.055082060053042,Villány: 2k | ≤17%
Bucsa,lakók,2011,9584627,teljes lakosság %-a,17.076063575556983,Bucsa: 2k | ≤17%
Tiszadada,lakók,2011,9584627,teljes lakosság %-a,17.097045091060924,Tiszadada: 2k | ≤17%
Somoskőújfalu,lakók,2015,9584627,teljes lakosság %-a,17.118068340061644,Somoskőújfalu: 2k | ≤17%
Szany,lakók,2016,9584627,teljes lakosság %-a,17.139102022436553,Szany: 2k | ≤17%
Balatonfenyves,lakók,2019,9584627,teljes lakosság %-a,17.160167004934046,Balatonfenyves: 2k | ≤17%
Rád,lakók,2020,9584627,teljes lakosság %-a,17.181242420805734,Rád: 2k | ≤17%
Kópháza,lakók,2023,9584627,teljes lakosság %-a,17.202349136800002,Kópháza: 2k | ≤17%
Szentkirályszabadja,lakók,2023,9584627,teljes lakosság %-a,17.223455852794274,Szentkirályszabadja: 2k | ≤17%
Aranyosapáti,lakók,2024,9584627,teljes lakosság %-a,17.24457300216273,Aranyosapáti: 2k | ≤17%
Maroslele,lakók,2024,9584627,teljes lakosság %-a,17.265690151531196,Maroslele: 2k | ≤17%
Konyár,lakók,2026,9584627,teljes lakosság %-a,17.286828167648046,Konyár: 2k | ≤17%
Jászdózsa,lakók,2036,9584627,teljes lakosság %-a,17.308070517506838,Jászdózsa: 2k | ≤17%
Balatonszárszó,lakók,2041,9584627,teljes lakosság %-a,17.329365034236595,Balatonszárszó: 2k | ≤17%
Apostag,lakók,2043,9584627,teljes lakosság %-a,17.35068041771474,Apostag: 2k | ≤17%
Kunfehértó,lakók,2043,9584627,teljes lakosság %-a,17.371995801192888,Kunfehértó: 2k | ≤17%
Döge,lakók,2051,9584627,teljes lakosság %-a,17.393394651664586,Döge: 2.1k | ≤17%
Nagydobos,lakók,2053,9584627,teljes lakosság %-a,17.414814368884674,Nagydobos: 2.1k | ≤17%
Nyársapát,lakók,2056,9584627,teljes lakosság %-a,17.43626538622734,Nyársapát: 2.1k | ≤17%
Császártöltés,lakók,2060,9584627,teljes lakosság %-a,17.457758137066783,Császártöltés: 2.1k | ≤17%
Gara,lakók,2065,9584627,teljes lakosság %-a,17.479303054777194,Gara: 2.1k | ≤17%
Fehérvárcsurgó,lakók,2069,9584627,teljes lakosság %-a,17.500889705984385,Fehérvárcsurgó: 2.1k | ≤18%
Csány,lakók,2072,9584627,teljes lakosság %-a,17.522507657314154,Csány: 2.1k | ≤18%
Kecskéd,lakók,2075,9584627,teljes lakosság %-a,17.544156908766507,Kecskéd: 2.1k | ≤18%
Máriakálnok,lakók,2075,9584627,teljes lakosság %-a,17.56580616021886,Máriakálnok: 2.1k | ≤18%
Pétervására,lakók,2076,9584627,teljes lakosság %-a,17.587465845045404,Pétervására: 2.1k | ≤18%
Sukoró,lakók,2078,9584627,teljes lakosság %-a,17.609146396620336,Sukoró: 2.1k | ≤18%
Felsőörs,lakók,2081,9584627,teljes lakosság %-a,17.630858248317853,Felsőörs: 2.1k | ≤18%
Ádánd,lakók,2083,9584627,teljes lakosság %-a,17.652590966763757,Ádánd: 2.1k | ≤18%
Alattyán,lakók,2096,9584627,teljes lakosság %-a,17.674459319074177,Alattyán: 2.1k | ≤18%
Cserkeszőlő,lakók,2101,9584627,teljes lakosság %-a,17.696379838255574,Cserkeszőlő: 2.1k | ≤18%
Almásfüzitő,lakók,2104,9584627,teljes lakosság %-a,17.71833165755955,Almásfüzitő: 2.1k | ≤18%
Romhány,lakók,2108,9584627,teljes lakosság %-a,17.7403252103603,Romhány: 2.1k | ≤18%
Beremend,lakók,2110,9584627,teljes lakosság %-a,17.762339629909437,Beremend: 2.1k | ≤18%
Monostorpályi,lakók,2114,9584627,teljes lakosság %-a,17.78439578295535,Monostorpályi: 2.1k | ≤18%
Okány,lakók,2115,9584627,teljes lakosság %-a,17.80646236937546,Okány: 2.1k | ≤18%
Sáránd,lakók,2115,9584627,teljes lakosság %-a,17.828528955795566,Sáránd: 2.1k | ≤18%
Nagymányok,lakók,2118,9584627,teljes lakosság %-a,17.850626842338258,Nagymányok: 2.1k | ≤18%
Perbál,lakók,2118,9584627,teljes lakosság %-a,17.872724728880947,Perbál: 2.1k | ≤18%
Mocsa,lakók,2121,9584627,teljes lakosság %-a,17.894853915546218,Mocsa: 2.1k | ≤18%
Csévharaszt,lakók,2122,9584627,teljes lakosság %-a,17.916993535585682,Csévharaszt: 2.1k | ≤18%
Mágocs,lakók,2122,9584627,teljes lakosság %-a,17.939133155625147,Mágocs: 2.1k | ≤18%
Nyírcsaholy,lakók,2122,9584627,teljes lakosság %-a,17.961272775664614,Nyírcsaholy: 2.1k | ≤18%
Dunakiliti,lakók,2125,9584627,teljes lakosság %-a,17.98344369582666,Dunakiliti: 2.1k | ≤18%
Böhönye,lakók,2137,9584627,teljes lakosság %-a,18.005739816479036,Böhönye: 2.1k | ≤18%
Bokod,lakók,2138,9584627,teljes lakosság %-a,18.028046370505603,Bokod: 2.1k | ≤18%
Pilisjászfalu,lakók,2138,9584627,teljes lakosság %-a,18.05035292453217,Pilisjászfalu: 2.1k | ≤18%
Tiszakarád,lakók,2138,9584627,teljes lakosság %-a,18.07265947855874,Tiszakarád: 2.1k | ≤18%
Városföld,lakók,2139,9584627,teljes lakosság %-a,18.0949764659595,Városföld: 2.1k | ≤18%
Csopak,lakók,2143,9584627,teljes lakosság %-a,18.117335186857037,Csopak: 2.1k | ≤18%
Pilisszentkereszt,lakók,2147,9584627,teljes lakosság %-a,18.13973564125135,Pilisszentkereszt: 2.1k | ≤18%
Badacsonytomaj,lakók,2149,9584627,teljes lakosság %-a,18.16215696239405,Badacsonytomaj: 2.1k | ≤18%
Kisszállás,lakók,2149,9584627,teljes lakosság %-a,18.18457828353675,Kisszállás: 2.1k | ≤18%
Öskü,lakók,2150,9584627,teljes lakosság %-a,18.207010038053646,Öskü: 2.1k | ≤18%
Kéthely,lakók,2151,9584627,teljes lakosság %-a,18.229452225944733,Kéthely: 2.2k | ≤18%
Békéssámson,lakók,2155,9584627,teljes lakosság %-a,18.251936147332597,Békéssámson: 2.2k | ≤18%
Szászvár,lakók,2158,9584627,teljes lakosság %-a,18.274451368843046,Szászvár: 2.2k | ≤18%
Gyöngyöstarján,lakók,2163,9584627,teljes lakosság %-a,18.29701875722446,Gyöngyöstarján: 2.2k | ≤18%
Őcsény,lakók,2163,9584627,teljes lakosság %-a,18.319586145605875,Őcsény: 2.2k | ≤18%
Ásványráró,lakók,2165,9584627,teljes lakosság %-a,18.34217440073568,Ásványráró: 2.2k | ≤18%
Pilismarót,lakók,2166,9584627,teljes lakosság %-a,18.364773089239677,Pilismarót: 2.2k | ≤18%
Szigetújfalu,lakók,2167,9584627,teljes lakosság %-a,18.387382211117867,Szigetújfalu: 2.2k | ≤18%
Szank,lakók,2170,9584627,teljes lakosság %-a,18.41002263311864,Szank: 2.2k | ≤18%
Tiszabő,lakók,2174,9584627,teljes lakosság %-a,18.432704788616185,Tiszabő: 2.2k | ≤18%
Köröstarcsa,lakók,2175,9584627,teljes lakosság %-a,18.455397377487927,Köröstarcsa: 2.2k | ≤18%
Segesd,lakók,2176,9584627,teljes lakosság %-a,18.478100399733865,Segesd: 2.2k | ≤18%
Mezőzombor,lakók,2191,9584627,teljes lakosság %-a,18.50095992259271,Mezőzombor: 2.2k | ≤19%
Nyírkarász,lakók,2191,9584627,teljes lakosság %-a,18.523819445451554,Nyírkarász: 2.2k | ≤19%
Apagy,lakók,2192,9584627,teljes lakosság %-a,18.546689401684592,Apagy: 2.2k | ≤19%
Lánycsók,lakók,2194,9584627,teljes lakosság %-a,18.56958022466602,Lánycsók: 2.2k | ≤19%
Bősárkány,lakók,2201,9584627,teljes lakosság %-a,18.592544081266805,Bősárkány: 2.2k | ≤19%
Bekecs,lakók,2206,9584627,teljes lakosság %-a,18.615560104738556,Bekecs: 2.2k | ≤19%
Litér,lakók,2208,9584627,teljes lakosság %-a,18.638596994958696,Litér: 2.2k | ≤19%
Nyírmihálydi,lakók,2210,9584627,teljes lakosság %-a,18.661654751927227,Nyírmihálydi: 2.2k | ≤19%
Domony,lakók,2212,9584627,teljes lakosság %-a,18.684733375644143,Domony: 2.2k | ≤19%
Kerecsend,lakók,2215,9584627,teljes lakosság %-a,18.707843299483642,Kerecsend: 2.2k | ≤19%
Bőny,lakók,2216,9584627,teljes lakosság %-a,18.730963656697334,Bőny: 2.2k | ≤19%
Vácszentlászló,lakók,2216,9584627,teljes lakosság %-a,18.754084013911026,Vácszentlászló: 2.2k | ≤19%
Buj,lakók,2217,9584627,teljes lakosság %-a,18.77721480449891,Buj: 2.2k | ≤19%
Fülöpszállás,lakók,2224,9584627,teljes lakosság %-a,18.800418628706154,Fülöpszállás: 2.2k | ≤19%
Tornyospálca,lakók,2228,9584627,teljes lakosság %-a,18.823664186410173,Tornyospálca: 2.2k | ≤19%
Szendrőlád,lakók,2231,9584627,teljes lakosság %-a,18.846941044236775,Szendrőlád: 2.2k | ≤19%
Káloz,lakók,2233,9584627,teljes lakosság %-a,18.870238768811763,Káloz: 2.2k | ≤19%
Báránd,lakók,2234,9584627,teljes lakosság %-a,18.893546926760948,Báránd: 2.2k | ≤19%
Ónod,lakók,2235,9584627,teljes lakosság %-a,18.916865518084325,Ónod: 2.2k | ≤19%
Arnót,lakók,2244,9584627,teljes lakosság %-a,18.940278009775447,Arnót: 2.2k | ≤19%
Écs,lakók,2249,9584627,teljes lakosság %-a,18.963742668337535,Écs: 2.2k | ≤19%
Görbeháza,lakók,2249,9584627,teljes lakosság %-a,18.98720732689963,Görbeháza: 2.2k | ≤19%
Zámoly,lakók,2249,9584627,teljes lakosság %-a,19.01067198546172,Zámoly: 2.2k | ≤19%
Balatonföldvár,lakók,2251,9584627,teljes lakosság %-a,19.034157510772197,Balatonföldvár: 2.3k | ≤19%
Tiszanána,lakók,2252,9584627,teljes lakosság %-a,19.05765346945687,Tiszanána: 2.3k | ≤19%
Gyöngyöspata,lakók,2253,9584627,teljes lakosság %-a,19.081159861515737,Gyöngyöspata: 2.3k | ≤19%
Bácsbokod,lakók,2258,9584627,teljes lakosság %-a,19.104718420445575,Bácsbokod: 2.3k | ≤19%
Nyárlőrinc,lakók,2258,9584627,teljes lakosság %-a,19.12827697937541,Nyárlőrinc: 2.3k | ≤19%
Berzence,lakók,2262,9584627,teljes lakosság %-a,19.15187727180202,Berzence: 2.3k | ≤19%
Rudabánya,lakók,2273,9584627,teljes lakosság %-a,19.175592331344767,Rudabánya: 2.3k | ≤19%
Kunágota,lakók,2274,9584627,teljes lakosság %-a,19.199317824261705,Kunágota: 2.3k | ≤19%
Jánosháza,lakók,2276,9584627,teljes lakosság %-a,19.223064183927033,Jánosháza: 2.3k | ≤19%
Tunyogmatolcs,lakók,2276,9584627,teljes lakosság %-a,19.246810543592357,Tunyogmatolcs: 2.3k | ≤19%
Iszkaszentgyörgy,lakók,2280,9584627,teljes lakosság %-a,19.27059863675446,Iszkaszentgyörgy: 2.3k | ≤19%
Pázmánd,lakók,2280,9584627,teljes lakosság %-a,19.294386729916564,Pázmánd: 2.3k | ≤19%
Tarpa,lakók,2299,9584627,teljes lakosság %-a,19.31837305718835,Tarpa: 2.3k | ≤19%
Kadarkút,lakók,2303,9584627,teljes lakosság %-a,19.34240111795691,Kadarkút: 2.3k | ≤19%
Dunaszeg,lakók,2309,9584627,teljes lakosság %-a,19.366491778970637,Dunaszeg: 2.3k | ≤19%
Fényeslitke,lakók,2312,9584627,teljes lakosság %-a,19.390613740106943,Fényeslitke: 2.3k | ≤19%
Tordas,lakók,2312,9584627,teljes lakosság %-a,19.414735701243252,Tordas: 2.3k | ≤19%
Kaposmérő,lakók,2317,9584627,teljes lakosság %-a,19.438909829250527,Kaposmérő: 2.3k | ≤19%
Csanádapáca,lakók,2324,9584627,teljes lakosság %-a,19.463156990877163,Csanádapáca: 2.3k | ≤19%
Szomód,lakók,2326,9584627,teljes lakosság %-a,19.487425019252182,Szomód: 2.3k | ≤19%
Pellérd,lakók,2327,9584627,teljes lakosság %-a,19.5117034810014,Pellérd: 2.3k | ≤20%
Ruzsa,lakók,2336,9584627,teljes lakosság %-a,19.53607584311836,Ruzsa: 2.3k | ≤20%
Kelebia,lakók,2339,9584627,teljes lakosság %-a,19.560479505357904,Kelebia: 2.3k | ≤20%
Tiszaeszlár,lakók,2339,9584627,teljes lakosság %-a,19.584883167597443,Tiszaeszlár: 2.3k | ≤20%
Sellye,lakók,2340,9584627,teljes lakosság %-a,19.609297263211182,Sellye: 2.3k | ≤20%
Szabadkígyós,lakók,2345,9584627,teljes lakosság %-a,19.633763525695887,Szabadkígyós: 2.3k | ≤20%
Bagamér,lakók,2350,9584627,teljes lakosság %-a,19.658281955051564,Bagamér: 2.4k | ≤20%
Naszály,lakók,2352,9584627,teljes lakosság %-a,19.682821251155627,Naszály: 2.4k | ≤20%
Zsámbok,lakók,2354,9584627,teljes lakosság %-a,19.707381414008076,Zsámbok: 2.4k | ≤20%
Biharnagybajom,lakók,2355,9584627,teljes lakosság %-a,19.731952010234725,Biharnagybajom: 2.4k | ≤20%
Zalakaros,lakók,2355,9584627,teljes lakosság %-a,19.756522606461367,Zalakaros: 2.4k | ≤20%
Szentistván,lakók,2357,9584627,teljes lakosság %-a,19.781114069436402,Szentistván: 2.4k | ≤20%
Kimle,lakók,2364,9584627,teljes lakosság %-a,19.805778566030792,Kimle: 2.4k | ≤20%
Szárliget,lakók,2366,9584627,teljes lakosság %-a,19.83046392937357,Szárliget: 2.4k | ≤20%
Jászszentlászló,lakók,2378,9584627,teljes lakosság %-a,19.85527449320667,Jászszentlászló: 2.4k | ≤20%
Maklár,lakók,2380,9584627,teljes lakosság %-a,19.880105923788165,Maklár: 2.4k | ≤20%
Apc,lakók,2381,9584627,teljes lakosság %-a,19.904947787743854,Apc: 2.4k | ≤20%
Mány,lakók,2381,9584627,teljes lakosság %-a,19.92978965169954,Mány: 2.4k | ≤20%
Sajószöged,lakók,2384,9584627,teljes lakosság %-a,19.95466281577781,Sajószöged: 2.4k | ≤20%
Ófehértó,lakók,2386,9584627,teljes lakosság %-a,19.979556846604464,Ófehértó: 2.4k | ≤20%
Előszállás,lakók,2394,9584627,teljes lakosság %-a,20.00453434442467,Előszállás: 2.4k | ≤20%
Pusztavám,lakók,2395,9584627,teljes lakosság %-a,20.029522275619073,Pusztavám: 2.4k | ≤20%
Répcelak,lakók,2398,9584627,teljes lakosság %-a,20.054541506936054,Répcelak: 2.4k | ≤20%
Ágfalva,lakók,2404,9584627,teljes lakosság %-a,20.0796233384982,Ágfalva: 2.4k | ≤20%
Boldva,lakók,2407,9584627,teljes lakosság %-a,20.104736470182928,Boldva: 2.4k | ≤20%
Dunaszentgyörgy,lakók,2408,9584627,teljes lakosság %-a,20.12986003524185,Dunaszentgyörgy: 2.4k | ≤20%
Kisláng,lakók,2409,9584627,teljes lakosság %-a,20.154994033674967,Kisláng: 2.4k | ≤20%
Jánoshida,lakók,2414,9584627,teljes lakosság %-a,20.180180198979052,Jánoshida: 2.4k | ≤20%
Beled,lakók,2417,9584627,teljes lakosság %-a,20.20539766440572,Beled: 2.4k | ≤20%
Nyírlugos,lakók,2418,9584627,teljes lakosság %-a,20.23062556320658,Nyírlugos: 2.4k | ≤20%
Karancslapujtő,lakók,2419,9584627,teljes lakosság %-a,20.255863895381633,Karancslapujtő: 2.4k | ≤20%
Petőfibánya,lakók,2419,9584627,teljes lakosság %-a,20.28110222755669,Petőfibánya: 2.4k | ≤20%
Prügy,lakók,2419,9584627,teljes lakosság %-a,20.306340559731744,Prügy: 2.4k | ≤20%
Vonyarcvashegy,lakók,2431,9584627,teljes lakosság %-a,20.331704092397125,Vonyarcvashegy: 2.4k | ≤20%
Kistokaj,lakók,2434,9584627,teljes lakosság %-a,20.357098925185092,Kistokaj: 2.4k | ≤20%
Besenyőtelek,lakók,2435,9584627,teljes lakosság %-a,20.382504191347248,Besenyőtelek: 2.4k | ≤20%
Iregszemcse,lakók,2440,9584627,teljes lakosság %-a,20.407961624380373,Iregszemcse: 2.4k | ≤20%
Recsk,lakók,2441,9584627,teljes lakosság %-a,20.433429490787695,Recsk: 2.4k | ≤20%
Tiszakeszi,lakók,2442,9584627,teljes lakosság %-a,20.45890779056921,Tiszakeszi: 2.4k | ≤20%
Nagydorog,lakók,2445,9584627,teljes lakosság %-a,20.484417390473304,Nagydorog: 2.4k | ≤20%
Fertőrákos,lakók,2455,9584627,teljes lakosság %-a,20.510031324119343,Fertőrákos: 2.5k | ≤21%
Nyírmeggyes,lakók,2463,9584627,teljes lakosság %-a,20.53572872475893,Nyírmeggyes: 2.5k | ≤21%
Madaras,lakók,2468,9584627,teljes lakosság %-a,20.561478292269484,Madaras: 2.5k | ≤21%
Abasár,lakók,2470,9584627,teljes lakosság %-a,20.58724872652843,Abasár: 2.5k | ≤21%
Vácrátót,lakók,2476,9584627,teljes lakosság %-a,20.613081761032536,Vácrátót: 2.5k | ≤21%
Csanádpalota,lakók,2479,9584627,teljes lakosság %-a,20.638946095659225,Csanádpalota: 2.5k | ≤21%
Kosd,lakók,2480,9584627,teljes lakosság %-a,20.664820863660108,Kosd: 2.5k | ≤21%
Szob,lakók,2491,9584627,teljes lakosság %-a,20.690810398777128,Szob: 2.5k | ≤21%
Jászkarajenő,lakók,2492,9584627,teljes lakosság %-a,20.716810367268334,Jászkarajenő: 2.5k | ≤21%
Sárkeresztúr,lakók,2496,9584627,teljes lakosság %-a,20.74285206925632,Sárkeresztúr: 2.5k | ≤21%
Cece,lakók,2505,9584627,teljes lakosság %-a,20.768987671612052,Cece: 2.5k | ≤21%
Galgahévíz,lakók,2507,9584627,teljes lakosság %-a,20.79514414071617,Galgahévíz: 2.5k | ≤21%
Piliscsév,lakók,2508,9584627,teljes lakosság %-a,20.82131104319448,Piliscsév: 2.5k | ≤21%
Pocsaj,lakók,2525,9584627,teljes lakosság %-a,20.847655313034092,Pocsaj: 2.5k | ≤21%
Valkó,lakók,2527,9584627,teljes lakosság %-a,20.874020449622087,Valkó: 2.5k | ≤21%
Győrújfalu,lakók,2530,9584627,teljes lakosság %-a,20.900416886332664,Győrújfalu: 2.5k | ≤21%
Tiszadob,lakók,2532,9584627,teljes lakosság %-a,20.92683418979163,Tiszadob: 2.5k | ≤21%
Sajóbábony,lakók,2533,9584627,teljes lakosság %-a,20.95326192662479,Sajóbábony: 2.5k | ≤21%
Ják,lakók,2535,9584627,teljes lakosság %-a,20.97971053020634,Ják: 2.5k | ≤21%
Szakoly,lakók,2539,9584627,teljes lakosság %-a,21.00620086728466,Szakoly: 2.5k | ≤21%
Úri,lakók,2540,9584627,teljes lakosság %-a,21.03270163773718,Úri: 2.5k | ≤21%
Adács,lakók,2542,9584627,teljes lakosság %-a,21.059223274938084,Adács: 2.5k | ≤21%
Csanytelek,lakók,2542,9584627,teljes lakosság %-a,21.08574491213899,Csanytelek: 2.5k | ≤21%
Megyaszó,lakók,2544,9584627,teljes lakosság %-a,21.112287416088286,Megyaszó: 2.5k | ≤21%
Gyöngyöshalász,lakók,2546,9584627,teljes lakosság %-a,21.138850786785966,Gyöngyöshalász: 2.5k | ≤21%
Balatonkenese,lakók,2559,9584627,teljes lakosság %-a,21.165549791348166,Balatonkenese: 2.6k | ≤21%
Töltéstava,lakók,2568,9584627,teljes lakosság %-a,21.192342696278114,Töltéstava: 2.6k | ≤21%
Dánszentmiklós,lakók,2574,9584627,teljes lakosság %-a,21.219198201453224,Dánszentmiklós: 2.6k | ≤21%
Budajenő,lakók,2576,9584627,teljes lakosság %-a,21.24607457337672,Budajenő: 2.6k | ≤21%
Jászszentandrás,lakók,2576,9584627,teljes lakosság %-a,21.272950945300217,Jászszentandrás: 2.6k | ≤21%
Porcsalma,lakók,2576,9584627,teljes lakosság %-a,21.299827317223716,Porcsalma: 2.6k | ≤21%
Levél,lakók,2583,9584627,teljes lakosság %-a,21.32677672276657,Levél: 2.6k | ≤21%
Bőcs,lakók,2589,9584627,teljes lakosság %-a,21.35378872855459,Bőcs: 2.6k | ≤21%
Kisköre,lakók,2593,9584627,teljes lakosság %-a,21.380842467839383,Kisköre: 2.6k | ≤21%
Bugac,lakók,2596,9584627,teljes lakosság %-a,21.40792750724676,Bugac: 2.6k | ≤21%
Andornaktálya,lakók,2603,9584627,teljes lakosság %-a,21.435085580273494,Andornaktálya: 2.6k | ≤21%
Vál,lakók,2605,9584627,teljes lakosság %-a,21.462264520048617,Vál: 2.6k | ≤21%
Bölcske,lakók,2610,9584627,teljes lakosság %-a,21.48949562669471,Bölcske: 2.6k | ≤21%
Tarcal,lakók,2611,9584627,teljes lakosság %-a,21.516737166714993,Tarcal: 2.6k | ≤22%
Dusnok,lakók,2612,9584627,teljes lakosság %-a,21.543989140109467,Dusnok: 2.6k | ≤22%
Táplánszentkereszt,lakók,2617,9584627,teljes lakosság %-a,21.571293280374917,Táplánszentkereszt: 2.6k | ≤22%
Poroszló,lakók,2618,9584627,teljes lakosság %-a,21.59860785401456,Poroszló: 2.6k | ≤22%
Kismaros,lakók,2619,9584627,teljes lakosság %-a,21.625932861028392,Kismaros: 2.6k | ≤22%
Koroncó,lakók,2620,9584627,teljes lakosság %-a,21.653268301416425,Koroncó: 2.6k | ≤22%
Gesztely,lakók,2628,9584627,teljes lakosság %-a,21.680687208798005,Gesztely: 2.6k | ≤22%
Szigetszentmárton,lakók,2630,9584627,teljes lakosság %-a,21.708126982927975,Szigetszentmárton: 2.6k | ≤22%
Szentgál,lakók,2631,9584627,teljes lakosság %-a,21.73557719043214,Szentgál: 2.6k | ≤22%
Rétság,lakók,2635,9584627,teljes lakosság %-a,21.763069131433074,Rétság: 2.6k | ≤22%
Mosonszentmiklós,lakók,2637,9584627,teljes lakosság %-a,21.790581939182402,Mosonszentmiklós: 2.6k | ≤22%
Úrhida,lakók,2642,9584627,teljes lakosság %-a,21.818146913802696,Úrhida: 2.6k | ≤22%
Hőgyész,lakók,2643,9584627,teljes lakosság %-a,21.845722321797187,Hőgyész: 2.6k | ≤22%
Kesztölc,lakók,2647,9584627,teljes lakosság %-a,21.873339463288453,Kesztölc: 2.6k | ≤22%
Jakabszállás,lakók,2657,9584627,teljes lakosság %-a,21.901060938521656,Jakabszállás: 2.7k | ≤22%
Sárrétudvari,lakók,2659,9584627,teljes lakosság %-a,21.92880328050325,Sárrétudvari: 2.7k | ≤22%
Újszilvás,lakók,2660,9584627,teljes lakosság %-a,21.956556055859032,Újszilvás: 2.7k | ≤22%
Péteri,lakók,2665,9584627,teljes lakosság %-a,21.98436099808579,Péteri: 2.7k | ≤22%
Pilisszántó,lakók,2665,9584627,teljes lakosság %-a,22.012165940312546,Pilisszántó: 2.7k | ≤22%
Zákányszék,lakók,2672,9584627,teljes lakosság %-a,22.04004391615866,Zákányszék: 2.7k | ≤22%
Nagymágocs,lakók,2677,9584627,teljes lakosság %-a,22.067974058875738,Nagymágocs: 2.7k | ≤22%
Gencsapáti,lakók,2684,9584627,teljes lakosság %-a,22.095977235212178,Gencsapáti: 2.7k | ≤22%
Múcsony,lakók,2685,9584627,teljes lakosság %-a,22.12399084492281,Múcsony: 2.7k | ≤22%
Kocs,lakók,2687,9584627,teljes lakosság %-a,22.15202532138183,Kocs: 2.7k | ≤22%
Kocsord,lakók,2688,9584627,teljes lakosság %-a,22.180070231215048,Kocsord: 2.7k | ≤22%
Nyírbéltek,lakók,2690,9584627,teljes lakosság %-a,22.208136007796654,Nyírbéltek: 2.7k | ≤22%
Nagyigmánd,lakók,2696,9584627,teljes lakosság %-a,22.236264384623418,Nagyigmánd: 2.7k | ≤22%
Nyírbogdány,lakók,2696,9584627,teljes lakosság %-a,22.264392761450186,Nyírbogdány: 2.7k | ≤22%
Abaújszántó,lakók,2697,9584627,teljes lakosság %-a,22.292531571651146,Abaújszántó: 2.7k | ≤22%
Kóny,lakók,2697,9584627,teljes lakosság %-a,22.320670381852107,Kóny: 2.7k | ≤22%
Hajós,lakók,2700,9584627,teljes lakosság %-a,22.348840492175647,Hajós: 2.7k | ≤22%
Forró,lakók,2702,9584627,teljes lakosság %-a,22.377031469247576,Forró: 2.7k | ≤22%
Levelek,lakók,2713,9584627,teljes lakosság %-a,22.40533721343564,Levelek: 2.7k | ≤22%
Lovasberény,lakók,2720,9584627,teljes lakosság %-a,22.433715991243062,Lovasberény: 2.7k | ≤22%
Zalalövő,lakók,2727,9584627,teljes lakosság %-a,22.46216780266984,Zalalövő: 2.7k | ≤22%
Tápióság,lakók,2735,9584627,teljes lakosság %-a,22.490703081090167,Tápióság: 2.7k | ≤22%
Zamárdi,lakók,2741,9584627,teljes lakosság %-a,22.519300959755657,Zamárdi: 2.7k | ≤23%
Tarján,lakók,2751,9584627,teljes lakosság %-a,22.54800317216309,Tarján: 2.8k | ≤23%
Gyöngyössolymos,lakók,2757,9584627,teljes lakosság %-a,22.576767984815685,Gyöngyössolymos: 2.8k | ≤23%
Pér,lakók,2758,9584627,teljes lakosság %-a,22.60554323084247,Pér: 2.8k | ≤23%
Bélapátfalva,lakók,2763,9584627,teljes lakosság %-a,22.634370643740233,Bélapátfalva: 2.8k | ≤23%
Nagycenk,lakók,2763,9584627,teljes lakosság %-a,22.663198056637988,Nagycenk: 2.8k | ≤23%
Pátroha,lakók,2766,9584627,teljes lakosság %-a,22.69205676965833,Pátroha: 2.8k | ≤23%
Érsekcsanád,lakók,2772,9584627,teljes lakosság %-a,22.720978082923832,Érsekcsanád: 2.8k | ≤23%
Apátfalva,lakók,2777,9584627,teljes lakosság %-a,22.749951563060307,Apátfalva: 2.8k | ≤23%
Zalakomár,lakók,2778,9584627,teljes lakosság %-a,22.77893547657097,Zalakomár: 2.8k | ≤23%
Sárisáp,lakók,2783,9584627,teljes lakosság %-a,22.80797155695261,Sárisáp: 2.8k | ≤23%
Szigetcsép,lakók,2785,9584627,teljes lakosság %-a,22.83702850408263,Szigetcsép: 2.8k | ≤23%
Jászjákóhalma,lakók,2786,9584627,teljes lakosság %-a,22.866095884586848,Jászjákóhalma: 2.8k | ≤23%
Iváncsa,lakók,2794,9584627,teljes lakosság %-a,22.89524673208462,Iváncsa: 2.8k | ≤23%
Karácsond,lakók,2800,9584627,teljes lakosság %-a,22.924460179827552,Karácsond: 2.8k | ≤23%
Borsodnádasd,lakók,2808,9584627,teljes lakosság %-a,22.953757094564033,Borsodnádasd: 2.8k | ≤23%
Pócsmegyer,lakók,2810,9584627,teljes lakosság %-a,22.983074876048907,Pócsmegyer: 2.8k | ≤23%
Sásd,lakók,2810,9584627,teljes lakosság %-a,23.012392657533777,Sásd: 2.8k | ≤23%
Herceghalom,lakók,2814,9584627,teljes lakosság %-a,23.041752172515427,Herceghalom: 2.8k | ≤23%
Szalkszentmárton,lakók,2814,9584627,teljes lakosság %-a,23.071111687497073,Szalkszentmárton: 2.8k | ≤23%
Tass,lakók,2834,9584627,teljes lakosság %-a,23.100679869962597,Tass: 2.8k | ≤23%
Bököny,lakók,2837,9584627,teljes lakosság %-a,23.130279352550705,Bököny: 2.8k | ≤23%
Cigánd,lakók,2840,9584627,teljes lakosság %-a,23.159910135261395,Cigánd: 2.8k | ≤23%
Újhartyán,lakók,2858,9584627,teljes lakosság %-a,23.189728718707574,Újhartyán: 2.9k | ≤23%
Diósjenő,lakók,2859,9584627,teljes lakosság %-a,23.219557735527946,Diósjenő: 2.9k | ≤23%
Sajólád,lakók,2864,9584627,teljes lakosság %-a,23.249438919219287,Sajólád: 2.9k | ≤23%
Nagyhegyes,lakók,2884,9584627,teljes lakosság %-a,23.27952877039451,Nagyhegyes: 2.9k | ≤23%
Tápiószőlős,lakók,2889,9584627,teljes lakosság %-a,23.309670788440698,Tápiószőlős: 2.9k | ≤23%
Boldog,lakók,2890,9584627,teljes lakosság %-a,23.339823239861083,Boldog: 2.9k | ≤23%
Baj,lakók,2892,9584627,teljes lakosság %-a,23.369996558029854,Baj: 2.9k | ≤23%
Földeák,lakók,2899,9584627,teljes lakosság %-a,23.400242909817983,Földeák: 2.9k | ≤23%
Balatonszabadi,lakók,2900,9584627,teljes lakosság %-a,23.430499694980305,Balatonszabadi: 2.9k | ≤23%
Ostoros,lakók,2901,9584627,teljes lakosság %-a,23.460766913516824,Ostoros: 2.9k | ≤23%
Csabrendek,lakók,2902,9584627,teljes lakosság %-a,23.491044565427533,Csabrendek: 2.9k | ≤23%
Lengyeltóti,lakók,2915,9584627,teljes lakosság %-a,23.521457851202765,Lengyeltóti: 2.9k | ≤24%
Hajmáskér,lakók,2925,9584627,teljes lakosság %-a,23.551975470719935,Hajmáskér: 2.9k | ≤24%
Nyírbogát,lakók,2931,9584627,teljes lakosság %-a,23.58255569048227,Nyírbogát: 2.9k | ≤24%
Öttevény,lakók,2940,9584627,teljes lakosság %-a,23.61322981061235,Öttevény: 2.9k | ≤24%
Rábapatona,lakók,2940,9584627,teljes lakosság %-a,23.643903930742425,Rábapatona: 2.9k | ≤24%
Bakonycsernye,lakók,2946,9584627,teljes lakosság %-a,23.67464065111767,Bakonycsernye: 2.9k | ≤24%
Vámosszabadi,lakók,2961,9584627,teljes lakosság %-a,23.70553387210582,Vámosszabadi: 3k | ≤24%
Ópályi,lakók,2977,9584627,teljes lakosság %-a,23.736594027081075,Ópályi: 3k | ≤24%
Hajdúszovát,lakók,2979,9584627,teljes lakosság %-a,23.767675048804715,Hajdúszovát: 3k | ≤24%
Szigetmonostor,lakók,2984,9584627,teljes lakosság %-a,23.798808237399328,Szigetmonostor: 3k | ≤24%
Sajókaza,lakók,2991,9584627,teljes lakosság %-a,23.830014459613295,Sajókaza: 3k | ≤24%
Nemesvámos,lakók,3000,9584627,teljes lakosság %-a,23.86131458219501,Nemesvámos: 3k | ≤24%
Dunapataj,lakók,3003,9584627,teljes lakosság %-a,23.892646004899305,Dunapataj: 3k | ≤24%
Öcsöd,lakók,3018,9584627,teljes lakosság %-a,23.924133928216506,Öcsöd: 3k | ≤24%
Tokodaltáró,lakók,3026,9584627,teljes lakosság %-a,23.95570531852726,Tokodaltáró: 3k | ≤24%
Sárszentmihály,lakók,3029,9584627,teljes lakosság %-a,23.987308008960596,Sárszentmihály: 3k | ≤24%
Baracska,lakók,3037,9584627,teljes lakosság %-a,24.018994166387486,Baracska: 3k | ≤24%
Lepsény,lakók,3055,9584627,teljes lakosság %-a,24.050868124549865,Lepsény: 3.1k | ≤24%
Sárosd,lakók,3064,9584627,teljes lakosság %-a,24.08283598307999,Sárosd: 3.1k | ≤24%
Ecséd,lakók,3070,9584627,teljes lakosság %-a,24.114866441855277,Ecséd: 3.1k | ≤24%
Csolnok,lakók,3071,9584627,teljes lakosság %-a,24.146907334004755,Csolnok: 3.1k | ≤24%
Üllés,lakók,3071,9584627,teljes lakosság %-a,24.178948226154237,Üllés: 3.1k | ≤24%
Harka,lakók,3076,9584627,teljes lakosság %-a,24.211041285174687,Harka: 3.1k | ≤24%
Nagyréde,lakók,3100,9584627,teljes lakosság %-a,24.243384745175792,Nagyréde: 3.1k | ≤24%
Vaskút,lakók,3102,9584627,teljes lakosság %-a,24.275749071925283,Vaskút: 3.1k | ≤24%
Besenyszög,lakók,3107,9584627,teljes lakosság %-a,24.308165565545742,Besenyszög: 3.1k | ≤24%
Tiszabura,lakók,3120,9584627,teljes lakosság %-a,24.340717693030726,Tiszabura: 3.1k | ≤24%
Jászalsószentgyörgy,lakók,3122,9584627,teljes lakosság %-a,24.373290687264095,Jászalsószentgyörgy: 3.1k | ≤24%
Medgyesegyháza,lakók,3126,9584627,teljes lakosság %-a,24.40590541499424,Medgyesegyháza: 3.1k | ≤24%
Akasztó,lakók,3146,9584627,teljes lakosság %-a,24.438728810208264,Akasztó: 3.1k | ≤24%
Nagybajom,lakók,3176,9584627,teljes lakosság %-a,24.471865206648104,Nagybajom: 3.2k | ≤24%
Hodász,lakók,3178,9584627,teljes lakosság %-a,24.505022469836334,Hodász: 3.2k | ≤25%
Csepreg,lakók,3183,9584627,teljes lakosság %-a,24.53823189989553,Csepreg: 3.2k | ≤25%
Kakucs,lakók,3185,9584627,teljes lakosság %-a,24.571462196703116,Kakucs: 3.2k | ≤25%
Gomba,lakók,3193,9584627,teljes lakosság %-a,24.604775960504252,Gomba: 3.2k | ≤25%
Tuzsér,lakók,3194,9584627,teljes lakosság %-a,24.638100157679585,Tuzsér: 3.2k | ≤25%
Kengyel,lakók,3204,9584627,teljes lakosság %-a,24.671528688596855,Kengyel: 3.2k | ≤25%
Abda,lakók,3217,9584627,teljes lakosság %-a,24.705092853378645,Abda: 3.2k | ≤25%
Bordány,lakók,3223,9584627,teljes lakosság %-a,24.7387196184056,Bordány: 3.2k | ≤25%
Lébény,lakók,3230,9584627,teljes lakosság %-a,24.77241941705191,Lébény: 3.2k | ≤25%
Balástya,lakók,3233,9584627,teljes lakosság %-a,24.806150515820804,Balástya: 3.2k | ≤25%
Ajak,lakók,3237,9584627,teljes lakosság %-a,24.839923348086472,Ajak: 3.2k | ≤25%
Orgovány,lakók,3254,9584627,teljes lakosság %-a,24.873873547713437,Orgovány: 3.3k | ≤25%
Erdőtelek,lakók,3256,9584627,teljes lakosság %-a,24.907844614088788,Erdőtelek: 3.3k | ≤25%
Vép,lakók,3265,9584627,teljes lakosság %-a,24.94190958083189,Vép: 3.3k | ≤25%
Gádoros,lakók,3271,9584627,teljes lakosság %-a,24.976037147820147,Gádoros: 3.3k | ≤25%
Gönyű,lakók,3274,9584627,teljes lakosság %-a,25.01019601493099,Gönyű: 3.3k | ≤25%
Kétegyháza,lakók,3274,9584627,teljes lakosság %-a,25.044354882041837,Kétegyháza: 3.3k | ≤25%
Gávavencsellő,lakók,3278,9584627,teljes lakosság %-a,25.078555482649456,Gávavencsellő: 3.3k | ≤25%
Dunabogdány,lakók,3282,9584627,teljes lakosság %-a,25.11279781675385,Dunabogdány: 3.3k | ≤25%
Halászi,lakók,3294,9584627,teljes lakosság %-a,25.147165351348573,Halászi: 3.3k | ≤25%
Békésszentandrás,lakók,3303,9584627,teljes lakosság %-a,25.18162678631104,Békésszentandrás: 3.3k | ≤25%
Hosszúhetény,lakók,3328,9584627,teljes lakosság %-a,25.21634905562835,Hosszúhetény: 3.3k | ≤25%
Harta,lakók,3332,9584627,teljes lakosság %-a,25.251113058442442,Harta: 3.3k | ≤25%
Táborfalva,lakók,3337,9584627,teljes lakosság %-a,25.2859292281275,Táborfalva: 3.3k | ≤25%
Sükösd,lakók,3359,9584627,teljes lakosság %-a,25.320974932044827,Sükösd: 3.4k | ≤25%
Hévízgyörk,lakók,3360,9584627,teljes lakosság %-a,25.356031069336343,Hévízgyörk: 3.4k | ≤25%
Röszke,lakók,3362,9584627,teljes lakosság %-a,25.39110807337625,Röszke: 3.4k | ≤25%
Vaja,lakók,3368,9584627,teljes lakosság %-a,25.426247677661323,Vaja: 3.4k | ≤25%
Zsombó,lakók,3390,9584627,teljes lakosság %-a,25.461616816178655,Zsombó: 3.4k | ≤25%
Bábolna,lakók,3397,9584627,teljes lakosság %-a,25.497058988315352,Bábolna: 3.4k | ≤25%
Fertőd,lakók,3406,9584627,teljes lakosság %-a,25.53259506081979,Fertőd: 3.4k | ≤26%
Herend,lakók,3409,9584627,teljes lakosság %-a,25.568162433446812,Herend: 3.4k | ≤26%
Farmos,lakók,3413,9584627,teljes lakosság %-a,25.60377153957061,Farmos: 3.4k | ≤26%
Kál,lakók,3423,9584627,teljes lakosság %-a,25.63948497943634,Kál: 3.4k | ≤26%
Kállósemjén,lakók,3424,9584627,teljes lakosság %-a,25.675208852676267,Kállósemjén: 3.4k | ≤26%
Cserszegtomaj,lakók,3439,9584627,teljes lakosság %-a,25.71108922652911,Cserszegtomaj: 3.4k | ≤26%
Felsőtárkány,lakók,3455,9584627,teljes lakosság %-a,25.747136534369048,Felsőtárkány: 3.5k | ≤26%
Baracs,lakók,3458,9584627,teljes lakosság %-a,25.783215142331567,Baracs: 3.5k | ≤26%
Taktaharkány,lakók,3461,9584627,teljes lakosság %-a,25.819325050416676,Taktaharkány: 3.5k | ≤26%
Érsekvadkert,lakók,3467,9584627,teljes lakosság %-a,25.855497558746936,Érsekvadkert: 3.5k | ≤26%
Sződ,lakók,3480,9584627,teljes lakosság %-a,25.891805700941728,Sződ: 3.5k | ≤26%
Hernádnémeti,lakók,3487,9584627,teljes lakosság %-a,25.92818687675587,Hernádnémeti: 3.5k | ≤26%
Arló,lakók,3514,9584627,teljes lakosság %-a,25.964849753673253,Arló: 3.5k | ≤26%
Mezőkeresztes,lakók,3515,9584627,teljes lakosság %-a,26.001523063964825,Mezőkeresztes: 3.5k | ≤26%
Zagyvarékas,lakók,3523,9584627,teljes lakosság %-a,26.03827984124995,Zagyvarékas: 3.5k | ≤26%
Hort,lakók,3531,9584627,teljes lakosság %-a,26.07512008552863,Hort: 3.5k | ≤26%
Baktalórántháza,lakók,3554,9584627,teljes lakosság %-a,26.11220029741376,Baktalórántháza: 3.6k | ≤26%
Napkor,lakók,3554,9584627,teljes lakosság %-a,26.1492805092989,Napkor: 3.6k | ≤26%
Tápiógyörgye,lakók,3556,9584627,teljes lakosság %-a,26.186381587932427,Tápiógyörgye: 3.6k | ≤26%
Dombrád,lakók,3560,9584627,teljes lakosság %-a,26.223524400062725,Dombrád: 3.6k | ≤26%
Cibakháza,lakók,3564,9584627,teljes lakosság %-a,26.260708945689803,Cibakháza: 3.6k | ≤26%
Simontornya,lakók,3566,9584627,teljes lakosság %-a,26.297914358065267,Simontornya: 3.6k | ≤26%
Vértesszőlős,lakók,3575,9584627,teljes lakosság %-a,26.33521367080847,Vértesszőlős: 3.6k | ≤26%
Csobánka,lakók,3580,9584627,teljes lakosság %-a,26.37256515042265,Csobánka: 3.6k | ≤26%
Nyírábrány,lakók,3581,9584627,teljes lakosság %-a,26.409927063411022,Nyírábrány: 3.6k | ≤26%
Ráckeresztúr,lakók,3583,9584627,teljes lakosság %-a,26.44730984314778,Ráckeresztúr: 3.6k | ≤26%
Győrszemere,lakók,3589,9584627,teljes lakosság %-a,26.484755223129707,Győrszemere: 3.6k | ≤26%
Kulcs,lakók,3591,9584627,teljes lakosság %-a,26.522221469860018,Kulcs: 3.6k | ≤27%
Tápióbicske,lakók,3596,9584627,teljes lakosság %-a,26.559739883461297,Tápióbicske: 3.6k | ≤27%
Nyíracsád,lakók,3611,9584627,teljes lakosság %-a,26.597414797675484,Nyíracsád: 3.6k | ≤27%
Földes,lakók,3618,9584627,teljes lakosság %-a,26.635162745509035,Földes: 3.6k | ≤27%
Kiszombor,lakók,3621,9584627,teljes lakosság %-a,26.67294199346516,Kiszombor: 3.6k | ≤27%
Sóskút,lakók,3665,9584627,teljes lakosság %-a,26.71118030988582,Sóskút: 3.7k | ≤27%
Ásotthalom,lakók,3682,9584627,teljes lakosság %-a,26.749595993667775,Ásotthalom: 3.7k | ≤27%
Bag,lakók,3682,9584627,teljes lakosság %-a,26.78801167744973,Bag: 3.7k | ≤27%
Verpelét,lakók,3692,9584627,teljes lakosság %-a,26.826531694973628,Verpelét: 3.7k | ≤27%
Bóly,lakók,3707,9584627,teljes lakosság %-a,26.86520821311043,Bóly: 3.7k | ≤27%
Hegyeshalom,lakók,3709,9584627,teljes lakosság %-a,26.903905597995625,Hegyeshalom: 3.7k | ≤27%
Záhony,lakók,3712,9584627,teljes lakosság %-a,26.942634283003397,Záhony: 3.7k | ≤27%
Nyírpazony,lakók,3719,9584627,teljes lakosság %-a,26.981436001630527,Nyírpazony: 3.7k | ≤27%
Mándok,lakók,3721,9584627,teljes lakosság %-a,27.020258587006047,Mándok: 3.7k | ≤27%
Pákozd,lakók,3722,9584627,teljes lakosság %-a,27.059091605755757,Pákozd: 3.7k | ≤27%
Szajol,lakók,3722,9584627,teljes lakosság %-a,27.09792462450547,Szajol: 3.7k | ≤27%
Tokaj,lakók,3743,9584627,teljes lakosság %-a,27.136976744113255,Tokaj: 3.7k | ≤27%
Letenye,lakók,3745,9584627,teljes lakosság %-a,27.176049730469426,Letenye: 3.7k | ≤27%
Felsőpakony,lakók,3753,9584627,teljes lakosság %-a,27.215206183819152,Felsőpakony: 3.8k | ≤27%
Decs,lakók,3764,9584627,teljes lakosság %-a,27.25447740428501,Decs: 3.8k | ≤27%
Abádszalók,lakók,3799,9584627,teljes lakosság %-a,27.294113792847654,Abádszalók: 3.8k | ≤27%
Pécsvárad,lakók,3799,9584627,teljes lakosság %-a,27.333750181410295,Pécsvárad: 3.8k | ≤27%
Bodajk,lakók,3828,9584627,teljes lakosság %-a,27.37368913782456,Bodajk: 3.8k | ≤27%
Nyáregyháza,lakók,3847,9584627,teljes lakosság %-a,27.413826328348513,Nyáregyháza: 3.8k | ≤27%
Biharkeresztes,lakók,3853,9584627,teljes lakosság %-a,27.454026119117625,Biharkeresztes: 3.9k | ≤27%
Demecser,lakók,3863,9584627,teljes lakosság %-a,27.494330243628678,Demecser: 3.9k | ≤27%
Dunavecse,lakók,3878,9584627,teljes lakosság %-a,27.53479086875264,Dunavecse: 3.9k | ≤28%
Perkáta,lakók,3882,9584627,teljes lakosság %-a,27.575293227373376,Perkáta: 3.9k | ≤28%
Győrzámoly,lakók,3892,9584627,teljes lakosság %-a,27.61589991973605,Győrzámoly: 3.9k | ≤28%
Vasvár,lakók,3896,9584627,teljes lakosság %-a,27.656548345595507,Vasvár: 3.9k | ≤28%
Pannonhalma,lakók,3919,9584627,teljes lakosság %-a,27.697436739061416,Pannonhalma: 3.9k | ≤28%
Fadd,lakók,3925,9584627,teljes lakosság %-a,27.73838773277249,Fadd: 3.9k | ≤28%
Tompa,lakók,3932,9584627,teljes lakosság %-a,27.779411760102924,Tompa: 3.9k | ≤28%
Fertőszentmiklós,lakók,3939,9584627,teljes lakosság %-a,27.820508821052712,Fertőszentmiklós: 3.9k | ≤28%
Gyenesdiás,lakók,3939,9584627,teljes lakosság %-a,27.861605882002504,Gyenesdiás: 3.9k | ≤28%
Doboz,lakók,3944,9584627,teljes lakosság %-a,27.902755109823264,Doboz: 3.9k | ≤28%
Deszk,lakók,3948,9584627,teljes lakosság %-a,27.943946071140797,Deszk: 3.9k | ≤28%
Szendrő,lakók,3961,9584627,teljes lakosság %-a,27.985272666322853,Szendrő: 4k | ≤28%
Szegvár,lakók,3978,9584627,teljes lakosság %-a,28.026776628866205,Szegvár: 4k | ≤28%
Leányfalu,lakók,3990,9584627,teljes lakosság %-a,28.06840579189988,Leányfalu: 4k | ≤28%
Tóalmás,lakók,4002,9584627,teljes lakosság %-a,28.11016015542389,Tóalmás: 4k | ≤28%
Kenderes,lakók,4027,9584627,teljes lakosság %-a,28.152175353302745,Kenderes: 4k | ≤28%
Adony,lakók,4031,9584627,teljes lakosság %-a,28.19423228467837,Adony: 4k | ≤28%
Tab,lakók,4063,9584627,teljes lakosság %-a,28.236623084028206,Tab: 4.1k | ≤28%
Körösladány,lakók,4066,9584627,teljes lakosság %-a,28.279045183500624,Körösladány: 4.1k | ≤28%
Ecser,lakók,4092,9584627,teljes lakosság %-a,28.321738550702076,Ecser: 4.1k | ≤28%
Bük,lakók,4099,9584627,teljes lakosság %-a,28.36450495152289,Bük: 4.1k | ≤28%
Kápolnásnyék,lakók,4099,9584627,teljes lakosság %-a,28.407271352343706,Kápolnásnyék: 4.1k | ≤28%
Bocskaikert,lakók,4118,9584627,teljes lakosság %-a,28.4502359872742,Bocskaikert: 4.1k | ≤28%
Hernád,lakók,4125,9584627,teljes lakosság %-a,28.49327365582406,Hernád: 4.1k | ≤28%
Devecser,lakók,4149,9584627,teljes lakosság %-a,28.53656172535457,Devecser: 4.1k | ≤29%
Verőce,lakók,4159,9584627,teljes lakosság %-a,28.579954128627016,Verőce: 4.2k | ≤29%
Tét,lakók,4160,9584627,teljes lakosság %-a,28.62335696527366,Tét: 4.2k | ≤29%
Mende,lakók,4185,9584627,teljes lakosság %-a,28.667020636275154,Mende: 4.2k | ≤29%
Rakamaz,lakók,4186,9584627,teljes lakosság %-a,28.710694740650837,Rakamaz: 4.2k | ≤29%
Törtel,lakók,4188,9584627,teljes lakosság %-a,28.75438971177491,Törtel: 4.2k | ≤29%
Tószeg,lakók,4223,9584627,teljes lakosság %-a,28.798449850995766,Tószeg: 4.2k | ≤29%
Ceglédbercel,lakók,4232,9584627,teljes lakosság %-a,28.84260389058437,Ceglédbercel: 4.2k | ≤29%
Tiszacsege,lakók,4234,9584627,teljes lakosság %-a,28.886778796921362,Tiszacsege: 4.2k | ≤29%
Tokod,lakók,4269,9584627,teljes lakosság %-a,28.93131887135514,Tokod: 4.3k | ≤29%
Elek,lakók,4274,9584627,teljes lakosság %-a,28.975911112659887,Elek: 4.3k | ≤29%
Nagyvenyim,lakók,4285,9584627,teljes lakosság %-a,29.020618121080766,Nagyvenyim: 4.3k | ≤29%
Pilisszentiván,lakók,4285,9584627,teljes lakosság %-a,29.06532512950165,Pilisszentiván: 4.3k | ≤29%
Mezőhegyes,lakók,4286,9584627,teljes lakosság %-a,29.110042571296724,Mezőhegyes: 4.3k | ≤29%
Seregélyes,lakók,4291,9584627,teljes lakosság %-a,29.154812179962768,Seregélyes: 4.3k | ≤29%
Csurgó,lakók,4295,9584627,teljes lakosság %-a,29.199623522125588,Csurgó: 4.3k | ≤29%
Pétfürdő,lakók,4301,9584627,teljes lakosság %-a,29.24449746453357,Pétfürdő: 4.3k | ≤29%
Ballószög,lakók,4304,9584627,teljes lakosság %-a,29.289402707064134,Ballószög: 4.3k | ≤29%
Mályi,lakók,4307,9584627,teljes lakosság %-a,29.334339249717285,Mályi: 4.3k | ≤29%
Nagyszénás,lakók,4319,9584627,teljes lakosság %-a,29.379400992860756,Nagyszénás: 4.3k | ≤29%
Csorvás,lakók,4369,9584627,teljes lakosság %-a,29.42498440471392,Csorvás: 4.4k | ≤29%
Szirmabesenyő,lakók,4381,9584627,teljes lakosság %-a,29.47069301705742,Szirmabesenyő: 4.4k | ≤29%
Pilisborosjenő,lakók,4391,9584627,teljes lakosság %-a,29.51650596314285,Pilisborosjenő: 4.4k | ≤30%
Csenger,lakók,4394,9584627,teljes lakosság %-a,29.562350209350868,Csenger: 4.4k | ≤30%
Aba,lakók,4396,9584627,teljes lakosság %-a,29.608215322307274,Aba: 4.4k | ≤30%
Kóka,lakók,4407,9584627,teljes lakosság %-a,29.654195202379814,Kóka: 4.4k | ≤30%
Csemő,lakók,4413,9584627,teljes lakosság %-a,29.700237682697512,Csemő: 4.4k | ≤30%
Kótaj,lakók,4464,9584627,teljes lakosság %-a,29.7468122650991,Kótaj: 4.5k | ≤30%
Etyek,lakók,4473,9584627,teljes lakosság %-a,29.793480747868433,Etyek: 4.5k | ≤30%
Mezőfalva,lakók,4474,9584627,teljes lakosság %-a,29.84015966401196,Mezőfalva: 4.5k | ≤30%
Telki,lakók,4518,9584627,teljes lakosság %-a,29.887297648620027,Telki: 4.5k | ≤30%
Kondoros,lakók,4521,9584627,teljes lakosság %-a,29.934466933350667,Kondoros: 4.5k | ≤30%
Hévíz,lakók,4531,9584627,teljes lakosság %-a,29.98174055182325,Hévíz: 4.5k | ≤30%
Balatonfűzfő,lakók,4537,9584627,teljes lakosság %-a,30.029076770540993,Balatonfűzfő: 4.5k | ≤30%
Dány,lakók,4540,9584627,teljes lakosság %-a,30.07644428938132,Dány: 4.5k | ≤30%
Mélykút,lakók,4602,9584627,teljes lakosság %-a,30.124458677421668,Mélykút: 4.6k | ≤30%
Nyírmada,lakók,4630,9584627,teljes lakosság %-a,30.172765199939445,Nyírmada: 4.6k | ≤30%
Ebes,lakók,4636,9584627,teljes lakosság %-a,30.221134322702387,Ebes: 4.6k | ≤30%
Nyúl,lakók,4636,9584627,teljes lakosság %-a,30.26950344546533,Nyúl: 4.6k | ≤30%
Kemecse,lakók,4666,9584627,teljes lakosság %-a,30.318185569454087,Kemecse: 4.7k | ≤30%
Újkígyós,lakók,4675,9584627,teljes lakosság %-a,30.366961593810586,Újkígyós: 4.7k | ≤30%
Tiszalúc,lakók,4679,9584627,teljes lakosság %-a,30.41577935166387,Tiszalúc: 4.7k | ≤30%
Onga,lakók,4703,9584627,teljes lakosság %-a,30.4648475104978,Onga: 4.7k | ≤30%
Domaszék,lakók,4731,9584627,teljes lakosság %-a,30.514207803809164,Domaszék: 4.7k | ≤31%
Emőd,lakók,4739,9584627,teljes lakosság %-a,30.563651564114075,Emőd: 4.7k | ≤31%
Szabadbattyán,lakók,4741,9584627,teljes lakosság %-a,30.61311619116738,Szabadbattyán: 4.7k | ≤31%
Inárcs,lakók,4757,9584627,teljes lakosság %-a,30.662747752207782,Inárcs: 4.8k | ≤31%
Harkány,lakók,4775,9584627,teljes lakosság %-a,30.712567113983674,Harkány: 4.8k | ≤31%
Jászkisér,lakók,4784,9584627,teljes lakosság %-a,30.762480376127314,Jászkisér: 4.8k | ≤31%
Tiszaalpár,lakók,4810,9584627,teljes lakosság %-a,30.81266490599999,Tiszaalpár: 4.8k | ≤31%
Sződliget,lakók,4818,9584627,teljes lakosság %-a,30.862932902866223,Sződliget: 4.8k | ≤31%
Egyek,lakók,4827,9584627,teljes lakosság %-a,30.9132948001002,Egyek: 4.8k | ≤31%
Örkény,lakók,4842,9584627,teljes lakosság %-a,30.963813197947086,Örkény: 4.8k | ≤31%
Környe,lakók,4858,9584627,teljes lakosság %-a,31.014498529781076,Környe: 4.9k | ≤31%
Battonya,lakók,4860,9584627,teljes lakosság %-a,31.065204728363447,Battonya: 4.9k | ≤31%
Lakitelek,lakók,4862,9584627,teljes lakosság %-a,31.115931793694212,Lakitelek: 4.9k | ≤31%
Komádi,lakók,4868,9584627,teljes lakosság %-a,31.166721459270143,Komádi: 4.9k | ≤31%
Szentmártonkáta,lakók,4877,9584627,teljes lakosság %-a,31.217605025213814,Szentmártonkáta: 4.9k | ≤31%
Lábatlan,lakók,4888,9584627,teljes lakosság %-a,31.268603358273616,Lábatlan: 4.9k | ≤31%
Balatonlelle,lakók,4904,9584627,teljes lakosság %-a,31.319768625320528,Balatonlelle: 4.9k | ≤31%
Kunmadaras,lakók,4908,9584627,teljes lakosság %-a,31.37097562586421,Kunmadaras: 4.9k | ≤31%
Füzesgyarmat,lakók,4944,9584627,teljes lakosság %-a,31.422558227878874,Füzesgyarmat: 4.9k | ≤31%
Rácalmás,lakók,4958,9584627,teljes lakosság %-a,31.474286897132252,Rácalmás: 5k | ≤31%
Helvécia,lakók,4971,9584627,teljes lakosság %-a,31.52615120025015,Helvécia: 5k | ≤32%
Nyékládháza,lakók,4978,9584627,teljes lakosság %-a,31.57808853698741,Nyékládháza: 5k | ≤32%
Szatymaz,lakók,4979,9584627,teljes lakosság %-a,31.63003630709886,Szatymaz: 5k | ≤32%
Rákóczifalva,lakók,5020,9584627,teljes lakosság %-a,31.682411845552256,Rákóczifalva: 5k | ≤32%
Nagymaros,lakók,5052,9584627,teljes lakosság %-a,31.735121251979866,Nagymaros: 5.1k | ≤32%
Fonyód,lakók,5065,9584627,teljes lakosság %-a,31.787966292271992,Fonyód: 5.1k | ≤32%
Vámospércs,lakók,5101,9584627,teljes lakosság %-a,31.841186934035097,Vámospércs: 5.1k | ≤32%
Monorierdő,lakók,5137,9584627,teljes lakosság %-a,31.894783177269183,Monorierdő: 5.1k | ≤32%
Tát,lakók,5143,9584627,teljes lakosság %-a,31.948442020748434,Tát: 5.1k | ≤32%
Szécsény,lakók,5155,9584627,teljes lakosság %-a,32.00222606471801,Szécsény: 5.2k | ≤32%
Kaba,lakók,5191,9584627,teljes lakosság %-a,32.05638571015857,Kaba: 5.2k | ≤32%
Tótkomlós,lakók,5238,9584627,teljes lakosság %-a,32.111035724186245,Tótkomlós: 5.2k | ≤32%
Bugyi,lakók,5241,9584627,teljes lakosság %-a,32.165717038336496,Bugyi: 5.2k | ≤32%
Mezőkovácsháza,lakók,5272,9584627,teljes lakosság %-a,32.22072178708676,Mezőkovácsháza: 5.3k | ≤32%
Nagyhalász,lakók,5311,9584627,teljes lakosság %-a,32.27613343743059,Nagyhalász: 5.3k | ≤32%
Tiszalök,lakók,5347,9584627,teljes lakosság %-a,32.33192068924539,Tiszalök: 5.3k | ≤32%
Mikepércs,lakók,5389,9584627,teljes lakosság %-a,32.38814614277634,Mikepércs: 5.4k | ≤32%
Balatonboglár,lakók,5390,9584627,teljes lakosság %-a,32.44438202968149,Balatonboglár: 5.4k | ≤32%
Csákvár,lakók,5410,9584627,teljes lakosság %-a,32.500826584070516,Csákvár: 5.4k | ≤33%
Lőrinci,lakók,5415,9584627,teljes lakosság %-a,32.557323305330506,Lőrinci: 5.4k | ≤33%
Algyő,lakók,5416,9584627,teljes lakosság %-a,32.613830459964696,Algyő: 5.4k | ≤33%
Szikszó,lakók,5455,9584627,teljes lakosság %-a,32.67074451619244,Szikszó: 5.5k | ≤33%
Jászladány,lakók,5480,9584627,teljes lakosság %-a,32.72791940677504,Jászladány: 5.5k | ≤33%
Izsák,lakók,5488,9584627,teljes lakosság %-a,32.78517776435119,Izsák: 5.5k | ≤33%
Alsózsolca,lakók,5502,9584627,teljes lakosság %-a,32.842582189166045,Alsózsolca: 5.5k | ≤33%
Hosszúpályi,lakók,5507,9584627,teljes lakosság %-a,32.90003878085188,Hosszúpályi: 5.5k | ≤33%
Kisbér,lakók,5514,9584627,teljes lakosság %-a,32.957568406157066,Kisbér: 5.5k | ≤33%
Alsónémedi,lakók,5582,9584627,teljes lakosság %-a,33.01580750090744,Alsónémedi: 5.6k | ≤33%
Rajka,lakók,5588,9584627,teljes lakosság %-a,33.07410919590298,Rajka: 5.6k | ≤33%
Martfű,lakók,5599,9584627,teljes lakosság %-a,33.13252565801465,Martfű: 5.6k | ≤33%
Mezőcsát,lakók,5611,9584627,teljes lakosság %-a,33.191067320616654,Mezőcsát: 5.6k | ≤33%
Zalaszentgrót,lakók,5704,9584627,teljes lakosság %-a,33.25057928701868,Zalaszentgrót: 5.7k | ≤33%
Tápiószentmárton,lakók,5733,9584627,teljes lakosság %-a,33.310393821272335,Tápiószentmárton: 5.7k | ≤33%
Pusztaszabolcs,lakók,5746,9584627,teljes lakosság %-a,33.37034398939051,Pusztaszabolcs: 5.7k | ≤33%
Berhida,lakók,5747,9584627,teljes lakosság %-a,33.43030459088288,Berhida: 5.7k | ≤33%
Sümeg,lakók,5791,9584627,teljes lakosság %-a,33.490724260839784,Sümeg: 5.8k | ≤33%
Jászfényszaru,lakók,5807,9584627,teljes lakosság %-a,33.55131086478379,Jászfényszaru: 5.8k | ≤34%
Zsámbék,lakók,5836,9584627,teljes lakosság %-a,33.61220003657941,Zsámbék: 5.8k | ≤34%
Balkány,lakók,5840,9584627,teljes lakosság %-a,33.67313094187181,Balkány: 5.8k | ≤34%
Bátaszék,lakók,5851,9584627,teljes lakosság %-a,33.73417661428035,Bátaszék: 5.9k | ≤34%
Solt,lakók,5874,9584627,teljes lakosság %-a,33.795462254295344,Solt: 5.9k | ≤34%
Újszász,lakók,5887,9584627,teljes lakosság %-a,33.856883528174855,Újszász: 5.9k | ≤34%
Tápiószele,lakók,5891,9584627,teljes lakosság %-a,33.918346535551144,Tápiószele: 5.9k | ≤34%
Délegyháza,lakók,5900,9584627,teljes lakosság %-a,33.979903443295186,Délegyháza: 5.9k | ≤34%
Jánossomorja,lakók,5938,9584627,teljes lakosság %-a,34.04185681925859,Jánossomorja: 5.9k | ≤34%
Nagyecsed,lakók,5953,9584627,teljes lakosság %-a,34.103966695834906,Nagyecsed: 6k | ≤34%
Szabadszállás,lakók,5955,9584627,teljes lakosság %-a,34.16609743915961,Szabadszállás: 6k | ≤34%
Kartal,lakók,5981,9584627,teljes lakosság %-a,34.22849945021335,Kartal: 6k | ≤34%
Martonvásár,lakók,5984,9584627,teljes lakosság %-a,34.29093276138967,Martonvásár: 6k | ≤34%
Szentlőrinc,lakók,5986,9584627,teljes lakosság %-a,34.35338693931438,Szentlőrinc: 6k | ≤34%
Dömsöd,lakók,6020,9584627,teljes lakosság %-a,34.41619585196169,Dömsöd: 6k | ≤34%
Bácsalmás,lakók,6042,9584627,teljes lakosság %-a,34.47923429884126,Bácsalmás: 6k | ≤34%
Vésztő,lakók,6087,9584627,teljes lakosság %-a,34.54274224755955,Vésztő: 6.1k | ≤35%
Aszód,lakók,6129,9584627,teljes lakosság %-a,34.606688397994,Aszód: 6.1k | ≤35%
Tápiószecső,lakók,6132,9584627,teljes lakosság %-a,34.67066584855102,Tápiószecső: 6.1k | ≤35%
Fegyvernek,lakók,6146,9584627,teljes lakosság %-a,34.73478936634676,Fegyvernek: 6.1k | ≤35%
Encs,lakók,6147,9584627,teljes lakosság %-a,34.79892331751668,Encs: 6.1k | ≤35%
Mindszent,lakók,6210,9584627,teljes lakosság %-a,34.863714571260836,Mindszent: 6.2k | ≤35%
Tahitótfalu,lakók,6228,9584627,teljes lakosság %-a,34.92869362574047,Tahitótfalu: 6.2k | ≤35%
Ibrány,lakók,6272,9584627,teljes lakosság %-a,34.99413174868464,Ibrány: 6.3k | ≤35%
Téglás,lakók,6276,9584627,teljes lakosság %-a,35.05961160512558,Téglás: 6.3k | ≤35%
Putnok,lakók,6335,9584627,teljes lakosság %-a,35.125707030643966,Putnok: 6.3k | ≤35%
Mórahalom,lakók,6341,9584627,teljes lakosság %-a,35.191865056407515,Mórahalom: 6.3k | ≤35%
Felsőzsolca,lakók,6401,9584627,teljes lakosság %-a,35.258649084622704,Felsőzsolca: 6.4k | ≤35%
Zirc,lakók,6417,9584627,teljes lakosság %-a,35.32560004682498,Zirc: 6.4k | ≤35%
Enying,lakók,6426,9584627,teljes lakosság %-a,35.39264490939502,Enying: 6.4k | ≤35%
Kerekegyháza,lakók,6451,9584627,teljes lakosság %-a,35.45995060631989,Kerekegyháza: 6.5k | ≤35%
Nyírtelek,lakók,6455,9584627,teljes lakosság %-a,35.52729803674154,Nyírtelek: 6.5k | ≤36%
Szada,lakók,6499,9584627,teljes lakosság %-a,35.59510453562773,Szada: 6.5k | ≤36%
Nagytarcsa,lakók,6569,9584627,teljes lakosság %-a,35.66364137070749,Nagytarcsa: 6.6k | ≤36%
Dévaványa,lakók,6582,9584627,teljes lakosság %-a,35.732313839651766,Dévaványa: 6.6k | ≤36%
Polgárdi,lakók,6633,9584627,teljes lakosság %-a,35.80151841067993,Polgárdi: 6.6k | ≤36%
Kozármisleny,lakók,6750,9584627,teljes lakosság %-a,35.87194368648879,Kozármisleny: 6.8k | ≤36%
Létavértes,lakók,6756,9584627,teljes lakosság %-a,35.94243156254281,Létavértes: 6.8k | ≤36%
Kunhegyes,lakók,6829,9584627,teljes lakosság %-a,36.01368107491298,Kunhegyes: 6.8k | ≤36%
Taksony,lakók,6882,9584627,teljes lakosság %-a,36.085483556115435,Taksony: 6.9k | ≤36%
Soltvadkert,lakók,6913,9584627,teljes lakosság %-a,36.157609471917894,Soltvadkert: 6.9k | ≤36%
Lenti,lakók,6955,9584627,teljes lakosság %-a,36.2301735894365,Lenti: 7k | ≤36%
Ács,lakók,6974,9584627,teljes lakosság %-a,36.30293594106479,Ács: 7k | ≤36%
Fehérgyarmat,lakók,6975,9584627,teljes lakosság %-a,36.37570872606727,Fehérgyarmat: 7k | ≤36%
Kistelek,lakók,7072,9584627,teljes lakosság %-a,36.44949354836657,Kistelek: 7.1k | ≤36%
Füzesabony,lakók,7143,9584627,teljes lakosság %-a,36.52401914023363,Füzesabony: 7.1k | ≤37%
Kunszentmárton,lakók,7159,9584627,teljes lakosság %-a,36.598711666087794,Kunszentmárton: 7.2k | ≤37%
Nyergesújfalu,lakók,7227,9584627,teljes lakosság %-a,36.67411366138714,Nyergesújfalu: 7.2k | ≤37%
Nyíradony,lakók,7235,9584627,teljes lakosság %-a,36.749599123680035,Nyíradony: 7.2k | ≤37%
Tamási,lakók,7486,9584627,teljes lakosság %-a,36.827703362895605,Tamási: 7.5k | ≤37%
Jászárokszállás,lakók,7491,9584627,teljes lakosság %-a,36.90585976898214,Jászárokszállás: 7.5k | ≤37%
Tura,lakók,7711,9584627,teljes lakosság %-a,36.98631151739134,Tura: 7.7k | ≤37%
Túrkeve,lakók,7789,9584627,teljes lakosság %-a,37.06757706898766,Túrkeve: 7.8k | ≤37%
Velence,lakók,7817,9584627,teljes lakosság %-a,37.14913475506141,Velence: 7.8k | ≤37%
Polgár,lakók,7841,9584627,teljes lakosság %-a,37.230942842115816,Polgár: 7.8k | ≤37%
Vásárosnamény,lakók,7895,9584627,teljes lakosság %-a,37.313314331376695,Vásárosnamény: 7.9k | ≤37%
Kecel,lakók,7907,9584627,teljes lakosság %-a,37.3958110211279,Kecel: 7.9k | ≤37%
Szeghalom,lakók,7945,9584627,teljes lakosság %-a,37.478704179098465,Szeghalom: 7.9k | ≤37%
Jánoshalma,lakók,7997,9584627,teljes lakosság %-a,37.562139872527126,Jánoshalma: 8k | ≤38%
Nádudvar,lakók,8066,9584627,teljes lakosság %-a,37.64629546877515,Nádudvar: 8.1k | ≤38%
Ercsi,lakók,8085,9584627,teljes lakosság %-a,37.73064929913287,Ercsi: 8.1k | ≤38%
Kunszentmiklós,lakók,8110,9584627,teljes lakosság %-a,37.81526396384544,Kunszentmiklós: 8.1k | ≤38%
Dunaföldvár,lakók,8134,9584627,teljes lakosság %-a,37.900129029538654,Dunaföldvár: 8.1k | ≤38%
Sándorfalva,lakók,8146,9584627,teljes lakosság %-a,37.9851192957222,Sándorfalva: 8.1k | ≤38%
Mogyoród,lakók,8164,9584627,teljes lakosság %-a,38.070297362641234,Mogyoród: 8.2k | ≤38%
Győrújbarát,lakók,8174,9584627,teljes lakosság %-a,38.155579763302214,Győrújbarát: 8.2k | ≤38%
Őrbottyán,lakók,8186,9584627,teljes lakosság %-a,38.24098736445352,Őrbottyán: 8.2k | ≤38%
Jászapáti,lakók,8210,9584627,teljes lakosság %-a,38.326645366585474,Jászapáti: 8.2k | ≤38%
Üröm,lakók,8272,9584627,teljes lakosság %-a,38.41295023791745,Üröm: 8.3k | ≤38%
Szentgotthárd,lakók,8287,9584627,teljes lakosság %-a,38.499411609862335,Szentgotthárd: 8.3k | ≤38%
Hajdúdorog,lakók,8300,9584627,teljes lakosság %-a,38.586008615671744,Hajdúdorog: 8.3k | ≤39%
Szerencs,lakók,8360,9584627,teljes lakosság %-a,38.673231623932786,Szerencs: 8.4k | ≤39%
Derecske,lakók,8413,9584627,teljes lakosság %-a,38.7610076010261,Derecske: 8.4k | ≤39%
Pásztó,lakók,8455,9584627,teljes lakosság %-a,38.84922177983556,Pásztó: 8.5k | ≤39%
Sülysáp,lakók,8539,9584627,teljes lakosság %-a,38.93831236207731,Sülysáp: 8.5k | ≤39%
Piliscsaba,lakók,8560,9584627,teljes lakosság %-a,39.02762204517713,Piliscsaba: 8.6k | ≤39%
Páty,lakók,8610,9584627,teljes lakosság %-a,39.117453396986654,Páty: 8.6k | ≤39%
Siklós,lakók,8679,9584627,teljes lakosság %-a,39.20800465161555,Siklós: 8.7k | ≤39%
Nagykovácsi,lakók,8809,9584627,teljes lakosság %-a,39.299912244889654,Nagykovácsi: 8.8k | ≤39%
Dunavarsány,lakók,8909,9584627,teljes lakosság %-a,39.392863175583145,Dunavarsány: 8.9k | ≤39%
Nagykálló,lakók,9033,9584627,teljes lakosság %-a,39.487107844676686,Nagykálló: 9k | ≤39%
Sarkad,lakók,9093,9584627,teljes lakosság %-a,39.58197851622186,Sarkad: 9.1k | ≤40%
Edelény,lakók,9198,9584627,teljes lakosság %-a,39.677944692057395,Edelény: 9.2k | ≤40%
Kiskunlacháza,lakók,9272,9584627,teljes lakosság %-a,39.77468293758328,Kiskunlacháza: 9.3k | ≤40%
Nagyatád,lakók,9333,9584627,teljes lakosság %-a,39.87205761893499,Nagyatád: 9.3k | ≤40%
Mezőberény,lakók,9414,9584627,teljes lakosság %-a,39.970277403596405,Mezőberény: 9.4k | ≤40%
Szigetvár,lakók,9496,9584627,teljes lakosság %-a,40.06935272494172,Szigetvár: 9.5k | ≤40%
Csorna,lakók,9621,9584627,teljes lakosság %-a,40.16973221806128,Csorna: 9.6k | ≤40%
Barcs,lakók,9672,9584627,teljes lakosság %-a,40.27064381326472,Barcs: 9.7k | ≤40%
Celldömölk,lakók,9692,9584627,teljes lakosság %-a,40.37176407595204,Celldömölk: 9.7k | ≤40%
Erdőkertes,lakók,9820,9584627,teljes lakosság %-a,40.474219810536184,Erdőkertes: 9.8k | ≤40%
Heves,lakók,9863,9584627,teljes lakosság %-a,40.57712418021067,Heves: 9.9k | ≤41%
Kisújszállás,lakók,9869,9584627,teljes lakosság %-a,40.68009115013031,Kisújszállás: 9.9k | ≤41%
Tiszaföldvár,lakók,9901,9584627,teljes lakosság %-a,40.78339198802416,Tiszaföldvár: 9.9k | ≤41%
Ócsa,lakók,9938,9584627,teljes lakosság %-a,40.887078860763175,Ócsa: 9.9k | ≤41%
Balatonalmádi,lakók,10000,9584627,teljes lakosság %-a,40.99141260270222,Balatonalmádi: 10k | ≤41%
Kapuvár,lakók,10024,9584627,teljes lakosság %-a,41.09599674562192,Kapuvár: 10k | ≤41%
Körmend,lakók,10177,9584627,teljes lakosság %-a,41.202177194793286,Körmend: 10.2k | ≤41%
Csömör,lakók,10180,9584627,teljes lakosság %-a,41.308388944087234,Csömör: 10.2k | ≤41%
Tárnok,lakók,10488,9584627,teljes lakosság %-a,41.4178141726329,Tárnok: 10.5k | ≤41%
Marcali,lakók,10502,9584627,teljes lakosság %-a,41.527385468417286,Marcali: 10.5k | ≤42%
Sárospatak,lakók,10583,9584627,teljes lakosság %-a,41.637801867511385,Sárospatak: 10.6k | ≤42%
Tolna,lakók,10640,9584627,teljes lakosság %-a,41.74881296893452,Tolna: 10.6k | ≤42%
Tiszafüred,lakók,10642,9584627,teljes lakosság %-a,41.859844937106054,Tiszafüred: 10.6k | ≤42%
Solymár,lakók,11009,9584627,teljes lakosság %-a,41.97470595360675,Solymár: 11k | ≤42%
Ráckeve,lakók,11080,9584627,teljes lakosság %-a,42.09030773967521,Ráckeve: 11.1k | ≤42%
Bátonyterenye,lakók,11118,9584627,teljes lakosság %-a,42.20630599396304,Bátonyterenye: 11.1k | ≤42%
Kiskunmajsa,lakók,11127,9584627,teljes lakosság %-a,42.32239814861862,Kiskunmajsa: 11.1k | ≤42%
Kerepes,lakók,11136,9584627,teljes lakosság %-a,42.43858420364194,Kerepes: 11.1k | ≤42%
Nyírbátor,lakók,11237,9584627,teljes lakosság %-a,42.55582402945884,Nyírbátor: 11.2k | ≤43%
Bicske,lakók,11248,9584627,teljes lakosság %-a,42.67317862239188,Bicske: 11.2k | ≤43%
Sajószentpéter,lakók,11251,9584627,teljes lakosság %-a,42.7905645154475,Sajószentpéter: 11.3k | ≤43%
Tököl,lakók,11349,9584627,teljes lakosság %-a,42.908972879174115,Tököl: 11.3k | ≤43%
Dorog,lakók,11423,9584627,teljes lakosság %-a,43.02815331259109,Dorog: 11.4k | ≤43%
Sárbogárd,lakók,11518,9584627,teljes lakosság %-a,43.14832491655648,Sárbogárd: 11.5k | ≤43%
Diósd,lakók,11637,9584627,teljes lakosság %-a,43.26973809205094,Diósd: 11.6k | ≤43%
Isaszeg,lakók,11640,9584627,teljes lakosság %-a,43.391182567668,Isaszeg: 11.6k | ≤43%
Lajosmizse,lakók,11659,9584627,teljes lakosság %-a,43.512825277394725,Lajosmizse: 11.7k | ≤44%
Tiszakécske,lakók,11690,9584627,teljes lakosság %-a,43.63479142172147,Tiszakécske: 11.7k | ≤44%
Kőszeg,lakók,11757,9584627,teljes lakosság %-a,43.757456602119206,Kőszeg: 11.8k | ≤44%
Pilis,lakók,11806,9584627,teljes lakosság %-a,43.880633017852446,Pilis: 11.8k | ≤44%
Nagykáta,lakók,11855,9584627,teljes lakosság %-a,44.00432066892118,Nagykáta: 11.9k | ≤44%
Gyomaendrőd,lakók,12003,9584627,teljes lakosság %-a,44.129552459370615,Gyomaendrőd: 12k | ≤44%
Bonyhád,lakók,12031,9584627,teljes lakosság %-a,44.25507638429748,Bonyhád: 12k | ≤44%
Budakalász,lakók,12061,9584627,teljes lakosság %-a,44.38091331045016,Budakalász: 12.1k | ≤44%
Halásztelek,lakók,12072,9584627,teljes lakosság %-a,44.50686500371898,Halásztelek: 12.1k | ≤45%
Újfehértó,lakók,12183,9584627,teljes lakosság %-a,44.633974801523316,Újfehértó: 12.2k | ≤45%
Tiszavasvári,lakók,12276,9584627,teljes lakosság %-a,44.762054903127684,Tiszavasvári: 12.3k | ≤45%
Maglód,lakók,12431,9584627,teljes lakosság %-a,44.891752177732116,Maglód: 12.4k | ≤45%
Üllő,lakók,12605,9584627,teljes lakosság %-a,45.02326485944628,Üllő: 12.6k | ≤45%
Balatonfüred,lakók,12925,9584627,teljes lakosság %-a,45.15811622090249,Balatonfüred: 12.9k | ≤45%
Sátoraljaújhely,lakók,12973,9584627,teljes lakosság %-a,45.293468384320015,Sátoraljaújhely: 13k | ≤45%
Hajdúhadház,lakók,13073,9584627,teljes lakosság %-a,45.42986388515693,Hajdúhadház: 13.1k | ≤45%
Püspökladány,lakók,13121,9584627,teljes lakosság %-a,45.566760187955154,Püspökladány: 13.1k | ≤46%
Kiskőrös,lakók,13173,9584627,teljes lakosság %-a,45.70419902621145,Kiskőrös: 13.2k | ≤46%
Mór,lakók,13509,9584627,teljes lakosság %-a,45.84514347819691,Mór: 13.5k | ≤46%
Kistarcsa,lakók,13569,9584627,teljes lakosság %-a,45.986713932634,Kistarcsa: 13.6k | ≤46%
Albertirsa,lakók,13724,9584627,teljes lakosság %-a,46.12990156007114,Albertirsa: 13.7k | ≤46%
Gárdony,lakók,13750,9584627,teljes lakosság %-a,46.27336045523733,Gárdony: 13.8k | ≤46%
Balassagyarmat,lakók,13917,9584627,teljes lakosság %-a,46.418561723893895,Balassagyarmat: 13.9k | ≤46%
Berettyóújfalu,lakók,13999,9584627,teljes lakosság %-a,46.564618529234366,Berettyóújfalu: 14k | ≤47%
Tapolca,lakók,14006,9584627,teljes lakosság %-a,46.710748368194196,Tapolca: 14k | ≤47%
Hajdúsámson,lakók,14170,9584627,teljes lakosság %-a,46.85858928052182,Hajdúsámson: 14.2k | ≤47%
Sárvár,lakók,14200,9584627,teljes lakosság %-a,47.00674319407526,Sárvár: 14.2k | ≤47%
Kalocsa,lakók,14433,9584627,teljes lakosság %-a,47.157328083815884,Kalocsa: 14.4k | ≤47%
Szarvas,lakók,14464,9584627,teljes lakosság %-a,47.30823640815652,Szarvas: 14.5k | ≤47%
Pilisvörösvár,lakók,14468,9584627,teljes lakosság %-a,47.45918646599393,Pilisvörösvár: 14.5k | ≤47%
Törökbálint,lakók,14517,9584627,teljes lakosság %-a,47.61064775916684,Törökbálint: 14.5k | ≤48%
Abony,lakók,14624,9584627,teljes lakosság %-a,47.7632254233785,Abony: 14.6k | ≤48%
Tiszaújváros,lakók,14700,9584627,teljes lakosság %-a,47.9165960240289,Tiszaújváros: 14.7k | ≤48%
Kisvárda,lakók,14888,9584627,teljes lakosság %-a,48.071928099027744,Kisvárda: 14.9k | ≤48%
Mátészalka,lakók,15157,9584627,teljes lakosság %-a,48.23006675168475,Mátészalka: 15.2k | ≤48%
Biatorbágy,lakók,15338,9584627,teljes lakosság %-a,48.390093845070865,Biatorbágy: 15.3k | ≤48%
Csongrád,lakók,15409,9584627,teljes lakosság %-a,48.55086170802473,Csongrád: 15.4k | ≤49%
Mezőtúr,lakók,15469,9584627,teljes lakosság %-a,48.71225557343025,Mezőtúr: 15.5k | ≤49%
Mezőkövesd,lakók,15541,9584627,teljes lakosság %-a,48.87440064177772,Mezőkövesd: 15.5k | ≤49%
Budakeszi,lakók,15862,9584627,teljes lakosság %-a,49.039894823241426,Budakeszi: 15.9k | ≤49%
Hajdúnánás,lakók,16087,9584627,teljes lakosság %-a,49.20773651389877,Hajdúnánás: 16.1k | ≤49%
Balmazújváros,lakók,16948,9584627,teljes lakosság %-a,49.38456133973706,Balmazújváros: 16.9k | ≤49%
Dombóvár,lakók,17041,9584627,teljes lakosság %-a,49.56235646937539,Dombóvár: 17k | ≤50%
Mohács,lakók,17200,9584627,teljes lakosság %-a,49.74181050551054,Mohács: 17.2k | ≤50%
Pécel,lakók,17377,9584627,teljes lakosság %-a,49.92311124887802,Pécel: 17.4k | ≤50%
Békés,lakók,17526,9584627,teljes lakosság %-a,50.105966565000394,Békés: 17.5k | ≤50%
Dabas,lakók,17542,9584627,teljes lakosság %-a,50.28898881510986,Dabas: 17.5k | ≤50%
Keszthely,lakók,17849,9584627,teljes lakosság %-a,50.47521411109687,Keszthely: 17.8k | ≤50%
Oroszlány,lakók,17873,9584627,teljes lakosság %-a,50.661689808064516,Oroszlány: 17.9k | ≤51%
Paks,lakók,17917,9584627,teljes lakosság %-a,50.84862457349671,Paks: 17.9k | ≤51%
Százhalombatta,lakók,17971,9584627,teljes lakosság %-a,51.03612274113536,Százhalombatta: 18k | ≤51%
Karcag,lakók,18270,9584627,teljes lakosság %-a,51.226740487658,Karcag: 18.3k | ≤51%
Szigethalom,lakók,18331,9584627,teljes lakosság %-a,51.417994670006465,Szigethalom: 18.3k | ≤51%
Pomáz,lakók,18410,9584627,teljes lakosság %-a,51.610073088916245,Pomáz: 18.4k | ≤52%
Törökszentmiklós,lakók,19196,9584627,teljes lakosság %-a,51.81035213994243,Törökszentmiklós: 19.2k | ≤52%
Várpalota,lakók,19395,9584627,teljes lakosság %-a,52.0127074324332,Várpalota: 19.4k | ≤52%
Monor,lakók,19743,9584627,teljes lakosság %-a,52.218693539143466,Monor: 19.7k | ≤52%
Hatvan,lakók,19943,9584627,teljes lakosság %-a,52.426766320692494,Hatvan: 19.9k | ≤52%
Gyömrő,lakók,20332,9584627,teljes lakosság %-a,52.63889768480296,Gyömrő: 20.3k | ≤53%
Komárom,lakók,20391,9584627,teljes lakosság %-a,52.851644617990864,Komárom: 20.4k | ≤53%
Fót,lakók,20859,9584627,teljes lakosság %-a,53.06927437030152,Fót: 20.9k | ≤53%
Veresegyház,lakók,21039,9584627,teljes lakosság %-a,53.28878212996708,Veresegyház: 21k | ≤53%
Vecsés,lakók,21383,9584627,teljes lakosság %-a,53.51187897035534,Vecsés: 21.4k | ≤54%
Komló,lakók,21695,9584627,teljes lakosság %-a,53.7382310234921,Komló: 21.7k | ≤54%
Makó,lakók,21759,9584627,teljes lakosság %-a,53.96525081257727,Makó: 21.8k | ≤54%
Göd,lakók,21876,9584627,teljes lakosság %-a,54.19349130644312,Göd: 21.9k | ≤54%
Nagykőrös,lakók,23016,9584627,teljes lakosság %-a,54.433625846890024,Nagykőrös: 23k | ≤54%
Tata,lakók,23549,9584627,teljes lakosság %-a,54.67932137578229,Tata: 23.5k | ≤55%
Dunaharaszti,lakók,23604,9584627,teljes lakosság %-a,54.9255907402552,Dunaharaszti: 23.6k | ≤55%
Hajdúszoboszló,lakók,23918,9584627,teljes lakosság %-a,55.175136184225,Hajdúszoboszló: 23.9k | ≤55%
Kazincbarcika,lakók,23990,9584627,teljes lakosság %-a,55.42543283113678,Kazincbarcika: 24k | ≤55%
Siófok,lakók,24021,9584627,teljes lakosság %-a,55.67605291264856,Siófok: 24k | ≤56%
Gyál,lakók,24376,9584627,teljes lakosság %-a,55.93037684199918,Gyál: 24.4k | ≤56%
Szentes,lakók,24905,9584627,teljes lakosság %-a,56.19022002629836,Szentes: 24.9k | ≤56%
Orosháza,lakók,25206,9584627,teljes lakosság %-a,56.453203656229924,Orosháza: 25.2k | ≤56%
Jászberény,lakók,25844,9584627,teljes lakosság %-a,56.72284377889718,Jászberény: 25.8k | ≤57%
Kiskunhalas,lakók,26009,9584627,teljes lakosság %-a,56.99420540830644,Kiskunhalas: 26k | ≤57%
Ajka,lakók,26408,9584627,teljes lakosság %-a,57.26972995401908,Ajka: 26.4k | ≤57%
Gyöngyös,lakók,27645,9584627,teljes lakosság %-a,57.55816058360956,Gyöngyös: 27.6k | ≤58%
Gyula,lakók,27834,9584627,teljes lakosság %-a,57.848563120922705,Gyula: 27.8k | ≤58%
Szentendre,lakók,28444,9584627,teljes lakosság %-a,58.14533001649412,Szentendre: 28.4k | ≤58%
Pápa,lakók,28549,9584627,teljes lakosság %-a,58.443192416355906,Pápa: 28.5k | ≤58%
Kiskunfélegyháza,lakók,28562,9584627,teljes lakosság %-a,58.7411904500822,Kiskunfélegyháza: 28.6k | ≤59%
Esztergom,lakók,28642,9584627,teljes lakosság %-a,59.040023153744016,Esztergom: 28.6k | ≤59%
Hajdúböszörmény,lakók,29310,9584627,teljes lakosság %-a,59.34582535136735,Hajdúböszörmény: 29.3k | ≤59%
Budaörs,lakók,29398,9584627,teljes lakosság %-a,59.652545685919755,Budaörs: 29.4k | ≤60%
Szekszárd,lakók,29707,9584627,teljes lakosság %-a,59.96248993309807,Szekszárd: 29.7k | ≤60%
Ózd,lakók,30550,9584627,teljes lakosság %-a,60.28122951472186,Ózd: 30.6k | ≤60%
Salgótarján,lakók,30910,9584627,teljes lakosság %-a,60.60372511105544,Salgótarján: 30.9k | ≤61%
Gödöllő,lakók,32524,9584627,teljes lakosság %-a,60.94306017333799,Gödöllő: 32.5k | ≤61%
Baja,lakók,32759,9584627,teljes lakosság %-a,61.284847078556105,Baja: 32.8k | ≤61%
Vác,lakók,34001,9584627,teljes lakosság %-a,61.63959223452306,Vác: 34k | ≤62%
Mosonmagyaróvár,lakók,34165,9584627,teljes lakosság %-a,61.996048463857804,Mosonmagyaróvár: 34.2k | ≤62%
Cegléd,lakók,36391,9584627,teljes lakosság %-a,62.37572938414818,Cegléd: 36.4k | ≤62%
Szigetszentmiklós,lakók,40069,9584627,teljes lakosság %-a,62.79378425472374,Szigetszentmiklós: 40.1k | ≤63%
Dunaújváros,lakók,41394,9584627,teljes lakosság %-a,63.22566334610622,Dunaújváros: 41.4k | ≤63%
Hódmezővásárhely,lakók,41781,9584627,teljes lakosság %-a,63.66158015330174,Hódmezővásárhely: 41.8k | ≤64%
Nagykanizsa,lakók,42502,9584627,teljes lakosság %-a,64.10501942329107,Nagykanizsa: 42.5k | ≤64%
Dunakeszi,lakók,42747,9584627,teljes lakosság %-a,64.5510148699579,Dunakeszi: 42.7k | ≤65%
Eger,lakók,49499,9584627,teljes lakosság %-a,65.06745645918198,Eger: 49.5k | ≤65%
Békéscsaba,lakók,54460,9584627,teljes lakosság %-a,65.63565801778202,Békéscsaba: 54.5k | ≤66%
Zalaegerszeg,lakók,55152,9584627,teljes lakosság %-a,66.21107947132424,Zalaegerszeg: 55.2k | ≤66%
Veszprém,lakók,56029,9584627,teljes lakosság %-a,66.7956509940345,Veszprém: 56k | ≤67%
Kaposvár,lakók,58830,9584627,teljes lakosság %-a,67.4094463978619,Kaposvár: 58.8k | ≤67%
Sopron,lakók,61589,9584627,teljes lakosság %-a,68.05202748109029,Sopron: 61.6k | ≤68%
Tatabánya,lakók,65861,9584627,teljes lakosság %-a,68.73917993887504,Tatabánya: 65.9k | ≤69%
Szolnok,lakók,66426,9584627,teljes lakosság %-a,69.43222725307933,Szolnok: 66.4k | ≤69%
Érd,lakók,71338,9584627,teljes lakosság %-a,70.1765233013241,Érd: 71.3k | ≤70%
Szombathely,lakók,77757,9584627,teljes lakosság %-a,70.98779117851952,Szombathely: 77.8k | ≤71%
Székesfehérvár,lakók,96024,9584627,teljes lakosság %-a,71.989645502115,Székesfehérvár: 96k | ≤72%
Kecskemét,lakók,109450,9584627,teljes lakosság %-a,73.13157830763785,Kecskemét: 109.4k | ≤73%
Nyíregyháza,lakók,115359,9584627,teljes lakosság %-a,74.33516192127247,Nyíregyháza: 115.4k | ≤74%
Győr,lakók,130191,9584627,teljes lakosság %-a,75.6934933409511,Győr: 130.2k | ≤76%
Pécs,lakók,140330,9584627,teljes lakosság %-a,77.15760874158171,Pécs: 140.3k | ≤77%
Miskolc,lakók,143502,9584627,teljes lakosság %-a,78.65481880515539,Miskolc: 143.5k | ≤79%
Szeged,lakók,157930,9584627,teljes lakosság %-a,80.3025615915987,Szeged: 157.9k | ≤80%
Debrecen,lakók,201704,9584627,teljes lakosság %-a,82.40701490000602,Debrecen: 201.7k | ≤82%
Zics,választók,0,7465410,teljes lakosság %-a,0,Zics: 0k | ≤0%
Debréte,választók,11,7465410,teljes lakosság %-a,1.4734622746774792e-4,Debréte: 0k | ≤0.00015%
Felsőszenterzsébet,választók,14,7465410,teljes lakosság %-a,3.348777896994271e-4,Felsőszenterzsébet: 0k | ≤0.00033%
Iborfia,választók,16,7465410,teljes lakosság %-a,5.491995751070604e-4,Iborfia: 0k | ≤0.00055%
Tornabarakony,választók,16,7465410,teljes lakosság %-a,7.635213605146938e-4,Tornabarakony: 0k | ≤0.00076%
Perecse,választók,18,7465410,teljes lakosság %-a,0.0010046333690982812,Perecse: 0k | ≤0.001%
Teresztenye,választók,19,7465410,teljes lakosság %-a,0.001259140489269846,Teresztenye: 0k | ≤0.0013%
Tornakápolna,választók,20,7465410,teljes lakosság %-a,0.0015270427210293876,Tornakápolna: 0k | ≤0.0015%
Keresztéte,választók,21,7465410,teljes lakosság %-a,0.0018083400643769062,Keresztéte: 0k | ≤0.0018%
Megyer,választók,21,7465410,teljes lakosság %-a,0.002089637407724425,Megyer: 0k | ≤0.0021%
Pusztaapáti,választók,21,7465410,teljes lakosság %-a,0.002370934751071944,Pusztaapáti: 0k | ≤0.0024%
Szijártóháza,választók,21,7465410,teljes lakosság %-a,0.0026522320944194627,Szijártóháza: 0k | ≤0.0027%
Nemesmedves,választók,22,7465410,teljes lakosság %-a,0.0029469245493549583,Nemesmedves: 0k | ≤0.0029%
Dötk,választók,24,7465410,teljes lakosság %-a,0.0032684072274664086,Dötk: 0k | ≤0.0033%
Lendvadedes,választók,24,7465410,teljes lakosság %-a,0.003589889905577858,Lendvadedes: 0k | ≤0.0036%
Ramocsa,választók,24,7465410,teljes lakosság %-a,0.0039113725836893085,Ramocsa: 0k | ≤0.0039%
Csér,választók,25,7465410,teljes lakosság %-a,0.004246250373388736,Csér: 0k | ≤0.0042%
Kozmadombja,választók,25,7465410,teljes lakosság %-a,0.004581128163088162,Kozmadombja: 0k | ≤0.0046%
Becskeháza,választók,26,7465410,teljes lakosság %-a,0.004929401064375566,Becskeháza: 0k | ≤0.0049%
Zalaköveskút,választók,27,7465410,teljes lakosság %-a,0.005291069077250948,Zalaköveskút: 0k | ≤0.0053%
Gagyapáti,választók,28,7465410,teljes lakosság %-a,0.005666132201714307,Gagyapáti: 0k | ≤0.0057%
Libickozma,választók,28,7465410,teljes lakosság %-a,0.006041195326177665,Libickozma: 0k | ≤0.006%
Rinyaújnép,választók,28,7465410,teljes lakosság %-a,0.006416258450641023,Rinyaújnép: 0k | ≤0.0064%
Baglad,választók,30,7465410,teljes lakosság %-a,0.006818111798280335,Baglad: 0k | ≤0.0068%
Sima,választók,30,7465410,teljes lakosság %-a,0.007219965145919647,Sima: 0k | ≤0.0072%
Garáb,választók,31,7465410,teljes lakosság %-a,0.007635213605146939,Garáb: 0k | ≤0.0076%
Csertalakos,választók,32,7465410,teljes lakosság %-a,0.008063857175962204,Csertalakos: 0k | ≤0.0081%
Nyésta,választók,32,7465410,teljes lakosság %-a,0.008492500746777472,Nyésta: 0k | ≤0.0085%
Lendvajakabfa,választók,33,7465410,teljes lakosság %-a,0.008934539429180715,Lendvajakabfa: 0k | ≤0.0089%
Bödeháza,választók,34,7465410,teljes lakosság %-a,0.009389973223171935,Bödeháza: 0k | ≤0.0094%
Pamlény,választók,34,7465410,teljes lakosság %-a,0.009845407017163157,Pamlény: 0k | ≤0.0098%
Gombosszeg,választók,35,7465410,teljes lakosság %-a,0.010314235922742354,Gombosszeg: 0k | ≤0.01%
Litka,választók,35,7465410,teljes lakosság %-a,0.010783064828321552,Litka: 0k | ≤0.011%
Iklanberény,választók,36,7465410,teljes lakosság %-a,0.011265288845488728,Iklanberény: 0k | ≤0.011%
Somogysimonyi,választók,37,7465410,teljes lakosság %-a,0.01176090797424388,Somogysimonyi: 0k | ≤0.012%
Szárász,választók,37,7465410,teljes lakosság %-a,0.012256527102999033,Szárász: 0k | ≤0.012%
Cakóháza,választók,38,7465410,teljes lakosság %-a,0.01276554134334216,Cakóháza: 0k | ≤0.013%
Husztót,választók,38,7465410,teljes lakosság %-a,0.01327455558368529,Husztót: 0k | ≤0.013%
Magyarföld,választók,39,7465410,teljes lakosság %-a,0.013796964935616397,Magyarföld: 0k | ≤0.014%
Márokföld,választók,39,7465410,teljes lakosság %-a,0.0143193742875475,Márokföld: 0k | ≤0.014%
Hosszúvíz,választók,40,7465410,teljes lakosság %-a,0.014855178751066586,Hosszúvíz: 0k | ≤0.015%
Kány,választók,40,7465410,teljes lakosság %-a,0.01539098321458567,Kány: 0k | ≤0.015%
Pördefölde,választók,40,7465410,teljes lakosság %-a,0.01592678767810475,Pördefölde: 0k | ≤0.016%
Zalaszombatfa,választók,40,7465410,teljes lakosság %-a,0.016462592141623836,Zalaszombatfa: 0k | ≤0.016%
Kára,választók,41,7465410,teljes lakosság %-a,0.017011791716730895,Kára: 0k | ≤0.017%
Kisvásárhely,választók,41,7465410,teljes lakosság %-a,0.017560991291837955,Kisvásárhely: 0k | ≤0.018%
Pányok,választók,41,7465410,teljes lakosság %-a,0.018110190866945017,Pányok: 0k | ≤0.018%
Horváthertelend,választók,42,7465410,teljes lakosság %-a,0.018672785553640055,Horváthertelend: 0k | ≤0.019%
Börzönce,választók,43,7465410,teljes lakosság %-a,0.01924877535192307,Börzönce: 0k | ≤0.019%
Valkonya,választók,43,7465410,teljes lakosság %-a,0.019824765150206085,Valkonya: 0k | ≤0.02%
Égerszög,választók,44,7465410,teljes lakosság %-a,0.020414150060077078,Égerszög: 0k | ≤0.02%
Gosztola,választók,44,7465410,teljes lakosság %-a,0.021003534969948067,Gosztola: 0k | ≤0.021%
Zebecke,választók,44,7465410,teljes lakosság %-a,0.02159291987981906,Zebecke: 0k | ≤0.022%
Alsószenterzsébet,választók,45,7465410,teljes lakosság %-a,0.022195699901278027,Alsószenterzsébet: 0k | ≤0.022%
Markóc,választók,45,7465410,teljes lakosság %-a,0.022798479922736998,Markóc: 0k | ≤0.023%
Gáborjánháza,választók,46,7465410,teljes lakosság %-a,0.023414655055783943,Gáborjánháza: 0k | ≤0.023%
Hosztót,választók,46,7465410,teljes lakosság %-a,0.024030830188830888,Hosztót: 0k | ≤0.024%
Óbudavár,választók,46,7465410,teljes lakosság %-a,0.024647005321877833,Óbudavár: 0k | ≤0.025%
Szaknyér,választók,46,7465410,teljes lakosság %-a,0.02526318045492478,Szaknyér: 0k | ≤0.025%
Lasztonya,választók,47,7465410,teljes lakosság %-a,0.025892750699559704,Lasztonya: 0k | ≤0.026%
Ligetfalva,választók,47,7465410,teljes lakosság %-a,0.026522320944194624,Ligetfalva: 0k | ≤0.027%
Kemse,választók,48,7465410,teljes lakosság %-a,0.027165286300417528,Kemse: 0k | ≤0.027%
Tengeri,választók,48,7465410,teljes lakosság %-a,0.027808251656640425,Tengeri: 0k | ≤0.028%
Bakonyság,választók,49,7465410,teljes lakosság %-a,0.0284646121244513,Bakonyság: 0k | ≤0.028%
Nagyhuta,választók,49,7465410,teljes lakosság %-a,0.02912097259226218,Nagyhuta: 0k | ≤0.029%
Sénye,választók,49,7465410,teljes lakosság %-a,0.029777333060073057,Sénye: 0k | ≤0.03%
Szentkozmadombja,választók,49,7465410,teljes lakosság %-a,0.030433693527883936,Szentkozmadombja: 0k | ≤0.03%
Hegyhátszentmárton,választók,50,7465410,teljes lakosság %-a,0.03110344910728279,Hegyhátszentmárton: 0k | ≤0.031%
Kishódos,választók,50,7465410,teljes lakosság %-a,0.03177320468668164,Kishódos: 0k | ≤0.032%
Kovácsszénája,választók,50,7465410,teljes lakosság %-a,0.0324429602660805,Kovácsszénája: 0k | ≤0.032%
Patca,választók,50,7465410,teljes lakosság %-a,0.033112715845479354,Patca: 0k | ≤0.033%
Zalameggyes,választók,50,7465410,teljes lakosság %-a,0.033782471424878203,Zalameggyes: 0k | ≤0.034%
Arka,választók,51,7465410,teljes lakosság %-a,0.034465622115865034,Arka: 0.1k | ≤0.034%
Kékkút,választók,51,7465410,teljes lakosság %-a,0.035148772806851865,Kékkút: 0.1k | ≤0.035%
Murga,választók,51,7465410,teljes lakosság %-a,0.035831923497838696,Murga: 0.1k | ≤0.036%
Szatta,választók,52,7465410,teljes lakosság %-a,0.03652846930041351,Szatta: 0.1k | ≤0.037%
Varbóc,választók,52,7465410,teljes lakosság %-a,0.03722501510298832,Varbóc: 0.1k | ≤0.037%
Viszló,választók,52,7465410,teljes lakosság %-a,0.037921560905563124,Viszló: 0.1k | ≤0.038%
Gyalóka,választók,53,7465410,teljes lakosság %-a,0.03863150181972591,Gyalóka: 0.1k | ≤0.039%
Kerkáskápolna,választók,53,7465410,teljes lakosság %-a,0.0393414427338887,Kerkáskápolna: 0.1k | ≤0.039%
Zalaszentmárton,választók,53,7465410,teljes lakosság %-a,0.04005138364805148,Zalaszentmárton: 0.1k | ≤0.04%
Erdősmárok,választók,54,7465410,teljes lakosság %-a,0.040774719673802244,Erdősmárok: 0.1k | ≤0.041%
Velemér,választók,54,7465410,teljes lakosság %-a,0.041498055699553005,Velemér: 0.1k | ≤0.041%
Dinnyeberki,választók,56,7465410,teljes lakosság %-a,0.04224818194847972,Dinnyeberki: 0.1k | ≤0.042%
Kisbeszterce,választók,56,7465410,teljes lakosság %-a,0.042998308197406444,Kisbeszterce: 0.1k | ≤0.043%
Gyűrűs,választók,57,7465410,teljes lakosság %-a,0.04376182955792113,Gyűrűs: 0.1k | ≤0.044%
Almáskeresztúr,választók,58,7465410,teljes lakosság %-a,0.0445387460300238,Almáskeresztúr: 0.1k | ≤0.045%
Kispirit,választók,58,7465410,teljes lakosság %-a,0.04531566250212647,Kispirit: 0.1k | ≤0.045%
Külsősárd,választók,58,7465410,teljes lakosság %-a,0.046092578974229144,Külsősárd: 0.1k | ≤0.046%
Salföld,választók,58,7465410,teljes lakosság %-a,0.046869495446331816,Salföld: 0.1k | ≤0.047%
Szörény,választók,58,7465410,teljes lakosság %-a,0.04764641191843449,Szörény: 0.1k | ≤0.048%
Abaújalpár,választók,60,7465410,teljes lakosság %-a,0.048450118613713115,Abaújalpár: 0.1k | ≤0.048%
Almásháza,választók,60,7465410,teljes lakosság %-a,0.049253825308991736,Almásháza: 0.1k | ≤0.049%
Regéc,választók,60,7465410,teljes lakosság %-a,0.050057532004270364,Regéc: 0.1k | ≤0.05%
Orfalu,választók,61,7465410,teljes lakosság %-a,0.050874633811136966,Orfalu: 0.1k | ≤0.051%
Varga,választók,61,7465410,teljes lakosság %-a,0.05169173561800357,Varga: 0.1k | ≤0.052%
Maróc,választók,62,7465410,teljes lakosság %-a,0.052522232536458144,Maróc: 0.1k | ≤0.053%
Bürüs,választók,63,7465410,teljes lakosság %-a,0.05336612456650071,Bürüs: 0.1k | ≤0.053%
Marócsa,választók,63,7465410,teljes lakosság %-a,0.05421001659654326,Marócsa: 0.1k | ≤0.054%
Okorvölgy,választók,63,7465410,teljes lakosság %-a,0.05505390862658581,Okorvölgy: 0.1k | ≤0.055%
Porrogszentpál,választók,63,7465410,teljes lakosság %-a,0.05589780065662837,Porrogszentpál: 0.1k | ≤0.056%
Vindornyalak,választók,63,7465410,teljes lakosság %-a,0.05674169268667093,Vindornyalak: 0.1k | ≤0.057%
Döbröce,választók,64,7465410,teljes lakosság %-a,0.057598979828301464,Döbröce: 0.1k | ≤0.058%
Főnyed,választók,64,7465410,teljes lakosság %-a,0.058456266969931996,Főnyed: 0.1k | ≤0.058%
Gömörszőlős,választók,65,7465410,teljes lakosság %-a,0.0593269492231505,Gömörszőlős: 0.1k | ≤0.059%
Magyarlukafa,választók,65,7465410,teljes lakosság %-a,0.06019763147636901,Magyarlukafa: 0.1k | ≤0.06%
Vadosfa,választók,65,7465410,teljes lakosság %-a,0.06106831372958753,Vadosfa: 0.1k | ≤0.061%
Csöde,választók,66,7465410,teljes lakosság %-a,0.061952391094394016,Csöde: 0.1k | ≤0.062%
Drávapiski,választók,66,7465410,teljes lakosság %-a,0.0628364684592005,Drávapiski: 0.1k | ≤0.063%
Hernyék,választók,66,7465410,teljes lakosság %-a,0.06372054582400699,Hernyék: 0.1k | ≤0.064%
Palé,választók,66,7465410,teljes lakosság %-a,0.06460462318881348,Palé: 0.1k | ≤0.065%
Galvács,választók,67,7465410,teljes lakosság %-a,0.06550209566520794,Galvács: 0.1k | ≤0.066%
Halastó,választók,67,7465410,teljes lakosság %-a,0.0663995681416024,Halastó: 0.1k | ≤0.066%
Gadács,választók,68,7465410,teljes lakosság %-a,0.06731043572958485,Gadács: 0.1k | ≤0.067%
Gétye,választók,68,7465410,teljes lakosság %-a,0.06822130331756729,Gétye: 0.1k | ≤0.068%
Bódvarákó,választók,70,7465410,teljes lakosság %-a,0.06915896112872569,Bódvarákó: 0.1k | ≤0.069%
Mogyoróska,választók,70,7465410,teljes lakosság %-a,0.07009661893988409,Mogyoróska: 0.1k | ≤0.07%
Nemeskisfalud,választók,70,7465410,teljes lakosság %-a,0.07103427675104247,Nemeskisfalud: 0.1k | ≤0.071%
Rábasebes,választók,70,7465410,teljes lakosság %-a,0.07197193456220087,Rábasebes: 0.1k | ≤0.072%
Vöckönd,választók,70,7465410,teljes lakosság %-a,0.07290959237335927,Vöckönd: 0.1k | ≤0.073%
Alsógagy,választók,71,7465410,teljes lakosság %-a,0.07386064529610564,Alsógagy: 0.1k | ≤0.074%
Keléd,választók,71,7465410,teljes lakosság %-a,0.07481169821885202,Keléd: 0.1k | ≤0.075%
Szentmargitfalva,választók,71,7465410,teljes lakosság %-a,0.07576275114159839,Szentmargitfalva: 0.1k | ≤0.076%
Csebény,választók,72,7465410,teljes lakosság %-a,0.07672719917593274,Csebény: 0.1k | ≤0.077%
Debercsény,választók,72,7465410,teljes lakosság %-a,0.07769164721026708,Debercsény: 0.1k | ≤0.078%
Fenyőfő,választók,72,7465410,teljes lakosság %-a,0.07865609524460143,Fenyőfő: 0.1k | ≤0.079%
Irota,választók,72,7465410,teljes lakosság %-a,0.0796205432789358,Irota: 0.1k | ≤0.08%
Somlóvecse,választók,73,7465410,teljes lakosság %-a,0.080598386424858115,Somlóvecse: 0.1k | ≤0.081%
Daraboshegy,választók,74,7465410,teljes lakosság %-a,0.08158962468236843,Daraboshegy: 0.1k | ≤0.082%
Hetyefő,választók,74,7465410,teljes lakosság %-a,0.08258086293987872,Hetyefő: 0.1k | ≤0.083%
Keménfa,választók,74,7465410,teljes lakosság %-a,0.08357210119738903,Keménfa: 0.1k | ≤0.084%
Somogybükkösd,választók,74,7465410,teljes lakosság %-a,0.08456333945489933,Somogybükkösd: 0.1k | ≤0.085%
Bodorfa,választók,75,7465410,teljes lakosság %-a,0.08556797282399761,Bodorfa: 0.1k | ≤0.086%
Szentkatalin,választók,75,7465410,teljes lakosság %-a,0.08657260619309588,Szentkatalin: 0.1k | ≤0.087%
Tarrós,választók,75,7465410,teljes lakosság %-a,0.08757723956219417,Tarrós: 0.1k | ≤0.088%
Filkeháza,választók,76,7465410,teljes lakosság %-a,0.08859526804288043,Filkeháza: 0.1k | ≤0.089%
Kaszó,választók,76,7465410,teljes lakosság %-a,0.08961329652356669,Kaszó: 0.1k | ≤0.09%
Kisberzseny,választók,76,7465410,teljes lakosság %-a,0.09063132500425294,Kisberzseny: 0.1k | ≤0.091%
Szorosad,választók,76,7465410,teljes lakosság %-a,0.0916493534849392,Szorosad: 0.1k | ≤0.092%
Németbánya,választók,77,7465410,teljes lakosság %-a,0.09268077707721345,Németbánya: 0.1k | ≤0.093%
Tésa,választók,77,7465410,teljes lakosság %-a,0.09371220066948767,Tésa: 0.1k | ≤0.094%
Kaposgyarmat,választók,78,7465410,teljes lakosság %-a,0.09475701937334989,Kaposgyarmat: 0.1k | ≤0.095%
Kisbudmér,választók,78,7465410,teljes lakosság %-a,0.0958018380772121,Kisbudmér: 0.1k | ≤0.096%
Mérges,választók,78,7465410,teljes lakosság %-a,0.09684665678107432,Mérges: 0.1k | ≤0.097%
Sárfimizdó,választók,78,7465410,teljes lakosság %-a,0.09789147548493653,Sárfimizdó: 0.1k | ≤0.098%
Tagyon,választók,78,7465410,teljes lakosság %-a,0.09893629418879875,Tagyon: 0.1k | ≤0.099%
Ólmod,választók,79,7465410,teljes lakosság %-a,0.09999450800424893,Ólmod: 0.1k | ≤0.1%
Vöröstó,választók,79,7465410,teljes lakosság %-a,0.10105272181969913,Vöröstó: 0.1k | ≤0.1%
Zalaújlak,választók,79,7465410,teljes lakosság %-a,0.10211093563514931,Zalaújlak: 0.1k | ≤0.1%
Kallósd,választók,80,7465410,teljes lakosság %-a,0.10318254456218748,Kallósd: 0.1k | ≤0.1%
Kiszsidány,választók,80,7465410,teljes lakosság %-a,0.10425415348922565,Kiszsidány: 0.1k | ≤0.1%
Pécsdevecser,választók,80,7465410,teljes lakosság %-a,0.10532576241626382,Pécsdevecser: 0.1k | ≤0.11%
Vágáshuta,választók,80,7465410,teljes lakosság %-a,0.10639737134330196,Vágáshuta: 0.1k | ≤0.11%
Abaújlak,választók,81,7465410,teljes lakosság %-a,0.10748237538192812,Abaújlak: 0.1k | ≤0.11%
Kutasó,választók,81,7465410,teljes lakosság %-a,0.10856737942055426,Kutasó: 0.1k | ≤0.11%
Nemesborzova,választók,81,7465410,teljes lakosság %-a,0.10965238345918042,Nemesborzova: 0.1k | ≤0.11%
Zalaigrice,választók,81,7465410,teljes lakosság %-a,0.11073738749780655,Zalaigrice: 0.1k | ≤0.11%
Belsősárd,választók,82,7465410,teljes lakosság %-a,0.11183578664802067,Belsősárd: 0.1k | ≤0.11%
Monoszló,választók,82,7465410,teljes lakosság %-a,0.1129341857982348,Monoszló: 0.1k | ≤0.11%
Hegymeg,választók,83,7465410,teljes lakosság %-a,0.11404598006003688,Hegymeg: 0.1k | ≤0.11%
Ormándlak,választók,83,7465410,teljes lakosság %-a,0.11515777432183898,Ormándlak: 0.1k | ≤0.12%
Pécsbagota,választók,83,7465410,teljes lakosság %-a,0.1162695685836411,Pécsbagota: 0.1k | ≤0.12%
Szászfa,választók,83,7465410,teljes lakosság %-a,0.11738136284544318,Szászfa: 0.1k | ≤0.12%
Bokor,választók,84,7465410,teljes lakosság %-a,0.11850655221883326,Bokor: 0.1k | ≤0.12%
Füzérkajata,választók,84,7465410,teljes lakosság %-a,0.11963174159222334,Füzérkajata: 0.1k | ≤0.12%
Maglóca,választók,84,7465410,teljes lakosság %-a,0.1207569309656134,Maglóca: 0.1k | ≤0.12%
Babarcszőlős,választók,85,7465410,teljes lakosság %-a,0.12189551545059146,Babarcszőlős: 0.1k | ≤0.12%
Baranyaszentgyörgy,választók,86,7465410,teljes lakosság %-a,0.12304749504715749,Baranyaszentgyörgy: 0.1k | ≤0.12%
Drávakeresztúr,választók,86,7465410,teljes lakosság %-a,0.12419947464372351,Drávakeresztúr: 0.1k | ≤0.12%
Orbányosfa,választók,86,7465410,teljes lakosság %-a,0.12535145424028954,Orbányosfa: 0.1k | ≤0.13%
Szentborbás,választók,86,7465410,teljes lakosság %-a,0.12650343383685558,Szentborbás: 0.1k | ≤0.13%
Besence,választók,87,7465410,teljes lakosság %-a,0.1276688085450096,Besence: 0.1k | ≤0.13%
Padár,választók,87,7465410,teljes lakosság %-a,0.1288341832531636,Padár: 0.1k | ≤0.13%
Potyond,választók,87,7465410,teljes lakosság %-a,0.1299995579613176,Potyond: 0.1k | ≤0.13%
Újszalonta,választók,87,7465410,teljes lakosság %-a,0.1311649326694716,Újszalonta: 0.1k | ≤0.13%
Imola,választók,88,7465410,teljes lakosság %-a,0.1323437024892136,Imola: 0.1k | ≤0.13%
Ivánbattyán,választók,88,7465410,teljes lakosság %-a,0.1335224723089556,Ivánbattyán: 0.1k | ≤0.13%
Kemeneskápolna,választók,89,7465410,teljes lakosság %-a,0.13471463724028554,Kemeneskápolna: 0.1k | ≤0.13%
Kerkakutas,választók,89,7465410,teljes lakosság %-a,0.1359068021716155,Kerkakutas: 0.1k | ≤0.14%
Kisdér,választók,90,7465410,teljes lakosság %-a,0.13711236221453343,Kisdér: 0.1k | ≤0.14%
Lócs,választók,90,7465410,teljes lakosság %-a,0.13831792225745138,Lócs: 0.1k | ≤0.14%
Vindornyafok,választók,90,7465410,teljes lakosság %-a,0.1395234823003693,Vindornyafok: 0.1k | ≤0.14%
Döröske,választók,91,7465410,teljes lakosság %-a,0.14074243745487522,Döröske: 0.1k | ≤0.14%
Kisszőlős,választók,91,7465410,teljes lakosság %-a,0.14196139260938115,Kisszőlős: 0.1k | ≤0.14%
Sárok,választók,91,7465410,teljes lakosság %-a,0.14318034776388705,Sárok: 0.1k | ≤0.14%
Ispánk,választók,92,7465410,teljes lakosság %-a,0.14441269802998094,Ispánk: 0.1k | ≤0.14%
Kiscsősz,választók,92,7465410,teljes lakosság %-a,0.14564504829607483,Kiscsősz: 0.1k | ≤0.15%
Kisjakabfalva,választók,92,7465410,teljes lakosság %-a,0.14687739856216872,Kisjakabfalva: 0.1k | ≤0.15%
Szentjakabfa,választók,92,7465410,teljes lakosság %-a,0.1481097488282626,Szentjakabfa: 0.1k | ≤0.15%
Vázsnok,választók,92,7465410,teljes lakosság %-a,0.1493420990943565,Vázsnok: 0.1k | ≤0.15%
Fiad,választók,93,7465410,teljes lakosság %-a,0.15058784447203838,Fiad: 0.1k | ≤0.15%
Ortaháza,választók,93,7465410,teljes lakosság %-a,0.15183358984972023,Ortaháza: 0.1k | ≤0.15%
Szágy,választók,93,7465410,teljes lakosság %-a,0.1530793352274021,Szágy: 0.1k | ≤0.15%
Barlahida,választók,94,7465410,teljes lakosság %-a,0.15433847571667195,Barlahida: 0.1k | ≤0.15%
Nemesnép,választók,94,7465410,teljes lakosság %-a,0.1555976162059418,Nemesnép: 0.1k | ≤0.16%
Vállus,választók,94,7465410,teljes lakosság %-a,0.15685675669521165,Vállus: 0.1k | ≤0.16%
Zalasárszeg,választók,94,7465410,teljes lakosság %-a,0.1581158971844815,Zalasárszeg: 0.1k | ≤0.16%
Kétvölgy,választók,96,7465410,teljes lakosság %-a,0.1594018278969273,Kétvölgy: 0.1k | ≤0.16%
Répceszentgyörgy,választók,96,7465410,teljes lakosság %-a,0.1606877586093731,Répceszentgyörgy: 0.1k | ≤0.16%
Szőke,választók,96,7465410,teljes lakosság %-a,0.1619736893218189,Szőke: 0.1k | ≤0.16%
Szőlősardó,választók,96,7465410,teljes lakosság %-a,0.1632596200342647,Szőlősardó: 0.1k | ≤0.16%
Vekerd,választók,96,7465410,teljes lakosság %-a,0.16454555074671048,Vekerd: 0.1k | ≤0.16%
Várong,választók,97,7465410,teljes lakosság %-a,0.16584487657074426,Várong: 0.1k | ≤0.17%
Nagymizdó,választók,98,7465410,teljes lakosság %-a,0.16715759750636602,Nagymizdó: 0.1k | ≤0.17%
Tófű,választók,98,7465410,teljes lakosság %-a,0.1684703184419878,Tófű: 0.1k | ≤0.17%
Vid,választók,98,7465410,teljes lakosság %-a,0.16978303937760952,Vid: 0.1k | ≤0.17%
Kerkafalva,választók,99,7465410,teljes lakosság %-a,0.17110915542481925,Kerkafalva: 0.1k | ≤0.17%
Óbánya,választók,99,7465410,teljes lakosság %-a,0.172435271472029,Óbánya: 0.1k | ≤0.17%
Barnag,választók,100,7465410,teljes lakosság %-a,0.1737747826308267,Barnag: 0.1k | ≤0.17%
Edve,választók,100,7465410,teljes lakosság %-a,0.17511429378962443,Edve: 0.1k | ≤0.18%
Hernádbűd,választók,100,7465410,teljes lakosság %-a,0.1764538049484221,Hernádbűd: 0.1k | ≤0.18%
Kalaznó,választók,100,7465410,teljes lakosság %-a,0.17779331610721982,Kalaznó: 0.1k | ≤0.18%
Várad,választók,100,7465410,teljes lakosság %-a,0.17913282726601754,Várad: 0.1k | ≤0.18%
Meződ,választók,101,7465410,teljes lakosság %-a,0.18048573353640324,Meződ: 0.1k | ≤0.18%
Tikos,választók,101,7465410,teljes lakosság %-a,0.1818386398067889,Tikos: 0.1k | ≤0.18%
Apátvarasd,választók,102,7465410,teljes lakosság %-a,0.18320494118876257,Apátvarasd: 0.1k | ≤0.18%
Cserhátszentiván,választók,102,7465410,teljes lakosság %-a,0.18457124257073623,Cserhátszentiván: 0.1k | ≤0.18%
Fűzvölgy,választók,102,7465410,teljes lakosság %-a,0.1859375439527099,Fűzvölgy: 0.1k | ≤0.19%
Győröcske,választók,102,7465410,teljes lakosság %-a,0.18730384533468356,Győröcske: 0.1k | ≤0.19%
Kistamási,választók,102,7465410,teljes lakosság %-a,0.18867014671665724,Kistamási: 0.1k | ≤0.19%
Szentpéterfölde,választók,102,7465410,teljes lakosság %-a,0.19003644809863088,Szentpéterfölde: 0.1k | ≤0.19%
Nagycsány,választók,103,7465410,teljes lakosság %-a,0.19141614459219253,Nagycsány: 0.1k | ≤0.19%
Siklósbodony,választók,103,7465410,teljes lakosság %-a,0.19279584108575415,Siklósbodony: 0.1k | ≤0.19%
Somogyaracs,választók,103,7465410,teljes lakosság %-a,0.1941755375793158,Somogyaracs: 0.1k | ≤0.19%
Szakácsi,választók,103,7465410,teljes lakosság %-a,0.19555523407287745,Szakácsi: 0.1k | ≤0.2%
Szuhafő,választók,103,7465410,teljes lakosság %-a,0.1969349305664391,Szuhafő: 0.1k | ≤0.2%
Balatonhenye,választók,104,7465410,teljes lakosság %-a,0.1983280221715887,Balatonhenye: 0.1k | ≤0.2%
Kányavár,választók,104,7465410,teljes lakosság %-a,0.1997211137767383,Kányavár: 0.1k | ≤0.2%
Rápolt,választók,104,7465410,teljes lakosság %-a,0.20111420538188796,Rápolt: 0.1k | ≤0.2%
Varászló,választók,104,7465410,teljes lakosság %-a,0.20250729698703757,Varászló: 0.1k | ≤0.2%
Csarnóta,választók,105,7465410,teljes lakosság %-a,0.20391378370377516,Csarnóta: 0.1k | ≤0.2%
Gyöngyfa,választók,105,7465410,teljes lakosság %-a,0.20532027042051273,Gyöngyfa: 0.1k | ≤0.21%
Bükkmogyorósd,választók,106,7465410,teljes lakosság %-a,0.20674015224883832,Bükkmogyorósd: 0.1k | ≤0.21%
Pettend,választók,106,7465410,teljes lakosság %-a,0.20816003407716385,Pettend: 0.1k | ≤0.21%
Somogydöröcske,választók,106,7465410,teljes lakosság %-a,0.20957991590548944,Somogydöröcske: 0.1k | ≤0.21%
Velény,választók,106,7465410,teljes lakosság %-a,0.21099979773381503,Velény: 0.1k | ≤0.21%
Szilvás,választók,107,7465410,teljes lakosság %-a,0.21243307467372854,Szilvás: 0.1k | ≤0.21%
Alsótelekes,választók,108,7465410,teljes lakosság %-a,0.2138797467252301,Alsótelekes: 0.1k | ≤0.21%
Felsőegerszeg,választók,108,7465410,teljes lakosság %-a,0.21532641877673162,Felsőegerszeg: 0.1k | ≤0.22%
Nagyvejke,választók,108,7465410,teljes lakosság %-a,0.21677309082823315,Nagyvejke: 0.1k | ≤0.22%
Somogycsicsó,választók,108,7465410,teljes lakosság %-a,0.21821976287973466,Somogycsicsó: 0.1k | ≤0.22%
Bezeréd,választók,109,7465410,teljes lakosság %-a,0.21967983004282415,Bezeréd: 0.1k | ≤0.22%
Oroszi,választók,109,7465410,teljes lakosság %-a,0.22113989720591365,Oroszi: 0.1k | ≤0.22%
Zsennye,választók,109,7465410,teljes lakosság %-a,0.22259996436900317,Zsennye: 0.1k | ≤0.22%
Lápafő,választók,110,7465410,teljes lakosság %-a,0.22407342664368066,Lápafő: 0.1k | ≤0.22%
Somogyacsa,választók,110,7465410,teljes lakosság %-a,0.22554688891835814,Somogyacsa: 0.1k | ≤0.23%
Szellő,választók,110,7465410,teljes lakosság %-a,0.22702035119303562,Szellő: 0.1k | ≤0.23%
Tótszentgyörgy,választók,110,7465410,teljes lakosság %-a,0.22849381346771308,Tótszentgyörgy: 0.1k | ≤0.23%
Drávagárdony,választók,111,7465410,teljes lakosság %-a,0.22998067085397855,Drávagárdony: 0.1k | ≤0.23%
Hegyhátmaróc,választók,111,7465410,teljes lakosság %-a,0.231467528240244,Hegyhátmaróc: 0.1k | ≤0.23%
Sérsekszőlős,választók,111,7465410,teljes lakosság %-a,0.23295438562650947,Sérsekszőlős: 0.1k | ≤0.23%
Garbolc,választók,112,7465410,teljes lakosság %-a,0.2344546381243629,Garbolc: 0.1k | ≤0.23%
Vékény,választók,112,7465410,teljes lakosság %-a,0.23595489062221633,Vékény: 0.1k | ≤0.24%
Bosta,választók,113,7465410,teljes lakosság %-a,0.23746853823165773,Bosta: 0.1k | ≤0.24%
Felsőtold,választók,113,7465410,teljes lakosság %-a,0.23898218584109915,Felsőtold: 0.1k | ≤0.24%
Kálócfa,választók,113,7465410,teljes lakosság %-a,0.24049583345054057,Kálócfa: 0.1k | ≤0.24%
Kisfüzes,választók,113,7465410,teljes lakosság %-a,0.24200948105998196,Kisfüzes: 0.1k | ≤0.24%
Udvar,választók,113,7465410,teljes lakosság %-a,0.24352312866942338,Udvar: 0.1k | ≤0.24%
Darnó,választók,114,7465410,teljes lakosság %-a,0.2450501713904528,Darnó: 0.1k | ≤0.25%
Hegyhátsál,választók,114,7465410,teljes lakosság %-a,0.24657721411148215,Hegyhátsál: 0.1k | ≤0.25%
Hegyhátszentpéter,választók,114,7465410,teljes lakosság %-a,0.24810425683251153,Hegyhátszentpéter: 0.1k | ≤0.25%
Kéked,választók,114,7465410,teljes lakosság %-a,0.24963129955354094,Kéked: 0.1k | ≤0.25%
Okorág,választók,114,7465410,teljes lakosság %-a,0.2511583422745703,Okorág: 0.1k | ≤0.25%
Abaújszolnok,választók,115,7465410,teljes lakosság %-a,0.2526987801071877,Abaújszolnok: 0.1k | ≤0.25%
Háromhuta,választók,115,7465410,teljes lakosság %-a,0.25423921793980503,Háromhuta: 0.1k | ≤0.25%
Hegyháthodász,választók,116,7465410,teljes lakosság %-a,0.2557930508840104,Hegyháthodász: 0.1k | ≤0.26%
Nagyhódos,választók,116,7465410,teljes lakosság %-a,0.25734688382821574,Nagyhódos: 0.1k | ≤0.26%
Nagykölked,választók,116,7465410,teljes lakosság %-a,0.2589007167724211,Nagykölked: 0.1k | ≤0.26%
Nagytilaj,választók,116,7465410,teljes lakosság %-a,0.2604545497166264,Nagytilaj: 0.1k | ≤0.26%
Komlódtótfalu,választók,117,7465410,teljes lakosság %-a,0.26202177777241975,Komlódtótfalu: 0.1k | ≤0.26%
Zalaszegvár,választók,117,7465410,teljes lakosság %-a,0.26358900582821304,Zalaszegvár: 0.1k | ≤0.26%
Katádfa,választók,118,7465410,teljes lakosság %-a,0.2651696289955944,Katádfa: 0.1k | ≤0.27%
Nemesládony,választók,118,7465410,teljes lakosság %-a,0.26675025216297565,Nemesládony: 0.1k | ≤0.27%
Ózdfalu,választók,118,7465410,teljes lakosság %-a,0.26833087533035693,Ózdfalu: 0.1k | ≤0.27%
Csurgónagymarton,választók,119,7465410,teljes lakosság %-a,0.2699248936093262,Csurgónagymarton: 0.1k | ≤0.27%
Rábaszentmiklós,választók,119,7465410,teljes lakosság %-a,0.27151891188829547,Rábaszentmiklós: 0.1k | ≤0.27%
Bácsszentgyörgy,választók,121,7465410,teljes lakosság %-a,0.2731397203904407,Bácsszentgyörgy: 0.1k | ≤0.27%
Csapi,választók,121,7465410,teljes lakosság %-a,0.27476052889258595,Csapi: 0.1k | ≤0.27%
Pusztacsó,választók,121,7465410,teljes lakosság %-a,0.2763813373947312,Pusztacsó: 0.1k | ≤0.28%
Rinyakovácsi,választók,121,7465410,teljes lakosság %-a,0.2780021458968764,Rinyakovácsi: 0.1k | ≤0.28%
Sósvertike,választók,121,7465410,teljes lakosság %-a,0.27962295439902163,Sósvertike: 0.1k | ≤0.28%
Döbörhegy,választók,122,7465410,teljes lakosság %-a,0.2812571580127548,Döbörhegy: 0.1k | ≤0.28%
Bakonykúti,választók,124,7465410,teljes lakosság %-a,0.28291815184966396,Bakonykúti: 0.1k | ≤0.28%
Drávaiványi,választók,124,7465410,teljes lakosság %-a,0.2845791456865731,Drávaiványi: 0.1k | ≤0.28%
Dobronhegy,választók,125,7465410,teljes lakosság %-a,0.28625353463507025,Dobronhegy: 0.1k | ≤0.29%
Hernádszurdok,választók,125,7465410,teljes lakosság %-a,0.2879279235835674,Hernádszurdok: 0.1k | ≤0.29%
Vejti,választók,125,7465410,teljes lakosság %-a,0.28960231253206453,Vejti: 0.1k | ≤0.29%
Drávacsehi,választók,126,7465410,teljes lakosság %-a,0.29129009659214966,Drávacsehi: 0.1k | ≤0.29%
Kisberény,választók,126,7465410,teljes lakosság %-a,0.2929778806522348,Kisberény: 0.1k | ≤0.29%
Kissziget,választók,126,7465410,teljes lakosság %-a,0.2946656647123199,Kissziget: 0.1k | ≤0.29%
Péterhida,választók,126,7465410,teljes lakosság %-a,0.296353448772405,Péterhida: 0.1k | ≤0.3%
Porpác,választók,126,7465410,teljes lakosság %-a,0.2980412328324901,Porpác: 0.1k | ≤0.3%
Abod,választók,127,7465410,teljes lakosság %-a,0.2997424120041632,Abod: 0.1k | ≤0.3%
Csonkamindszent,választók,127,7465410,teljes lakosság %-a,0.3014435911758363,Csonkamindszent: 0.1k | ≤0.3%
Ebergőc,választók,127,7465410,teljes lakosság %-a,0.30314477034750936,Ebergőc: 0.1k | ≤0.3%
Gagybátor,választók,127,7465410,teljes lakosság %-a,0.3048459495191824,Gagybátor: 0.1k | ≤0.3%
Hunyadfalva,választók,127,7465410,teljes lakosság %-a,0.30654712869085554,Hunyadfalva: 0.1k | ≤0.31%
Tornaszentjakab,választók,127,7465410,teljes lakosság %-a,0.30824830786252866,Tornaszentjakab: 0.1k | ≤0.31%
Borgáta,választók,128,7465410,teljes lakosság %-a,0.3099628821457897,Borgáta: 0.1k | ≤0.31%
Iliny,választók,128,7465410,teljes lakosság %-a,0.31167745642905076,Iliny: 0.1k | ≤0.31%
Abaújvár,választók,129,7465410,teljes lakosság %-a,0.3134054258238998,Abaújvár: 0.1k | ≤0.31%
Grábóc,választók,129,7465410,teljes lakosság %-a,0.3151333952187489,Grábóc: 0.1k | ≤0.32%
Kisgörbő,választók,129,7465410,teljes lakosság %-a,0.31686136461359793,Kisgörbő: 0.1k | ≤0.32%
Kupa,választók,129,7465410,teljes lakosság %-a,0.31858933400844697,Kupa: 0.1k | ≤0.32%
Vásárosfalu,választók,129,7465410,teljes lakosság %-a,0.320317303403296,Vásárosfalu: 0.1k | ≤0.32%
Kisbárkány,választók,130,7465410,teljes lakosság %-a,0.32205866790973303,Kisbárkány: 0.1k | ≤0.32%
Pusztaederics,választók,130,7465410,teljes lakosság %-a,0.32380003241617006,Pusztaederics: 0.1k | ≤0.32%
Ág,választók,131,7465410,teljes lakosság %-a,0.325554792034195,Ág: 0.1k | ≤0.33%
Gyanógeregye,választók,131,7465410,teljes lakosság %-a,0.32730955165222003,Gyanógeregye: 0.1k | ≤0.33%
Nagygörbő,választók,131,7465410,teljes lakosság %-a,0.32906431127024505,Nagygörbő: 0.1k | ≤0.33%
Pereked,választók,131,7465410,teljes lakosság %-a,0.33081907088827,Pereked: 0.1k | ≤0.33%
Pinkamindszent,választók,131,7465410,teljes lakosság %-a,0.332573830506295,Pinkamindszent: 0.1k | ≤0.33%
Rábcakapi,választók,131,7465410,teljes lakosság %-a,0.33432859012432004,Rábcakapi: 0.1k | ≤0.33%
Tilaj,választók,131,7465410,teljes lakosság %-a,0.336083349742345,Tilaj: 0.1k | ≤0.34%
Bánfa,választók,132,7465410,teljes lakosság %-a,0.337851504471958,Bánfa: 0.1k | ≤0.34%
Kisasszond,választók,132,7465410,teljes lakosság %-a,0.33961965920157094,Kisasszond: 0.1k | ≤0.34%
Mesterháza,választók,132,7465410,teljes lakosság %-a,0.34138781393118395,Mesterháza: 0.1k | ≤0.34%
Örvényes,választók,132,7465410,teljes lakosság %-a,0.3431559686607969,Örvényes: 0.1k | ≤0.34%
Dobri,választók,133,7465410,teljes lakosság %-a,0.3449375185019979,Dobri: 0.1k | ≤0.34%
Kánó,választók,133,7465410,teljes lakosság %-a,0.3467190683431988,Kánó: 0.1k | ≤0.35%
Kiscsécs,választók,133,7465410,teljes lakosság %-a,0.3485006181843998,Kiscsécs: 0.1k | ≤0.35%
Adorjás,választók,134,7465410,teljes lakosság %-a,0.3502955631371887,Adorjás: 0.1k | ≤0.35%
Apácatorna,választók,134,7465410,teljes lakosság %-a,0.35209050808997766,Apácatorna: 0.1k | ≤0.35%
Bakonygyirót,választók,135,7465410,teljes lakosság %-a,0.3538988481543545,Bakonygyirót: 0.1k | ≤0.35%
Páprád,választók,135,7465410,teljes lakosság %-a,0.3557071882187315,Páprád: 0.1k | ≤0.36%
Hosszúvölgy,választók,136,7465410,teljes lakosság %-a,0.35752892339469633,Hosszúvölgy: 0.1k | ≤0.36%
Lapáncsa,választók,136,7465410,teljes lakosság %-a,0.35935065857066123,Lapáncsa: 0.1k | ≤0.36%
Rinyabesenyő,választók,136,7465410,teljes lakosság %-a,0.36117239374662613,Rinyabesenyő: 0.1k | ≤0.36%
Zalamerenye,választók,136,7465410,teljes lakosság %-a,0.362994128922591,Zalamerenye: 0.1k | ≤0.36%
Büttös,választók,138,7465410,teljes lakosság %-a,0.3648426543217318,Büttös: 0.1k | ≤0.36%
Kerkateskánd,választók,138,7465410,teljes lakosság %-a,0.3666911797208727,Kerkateskánd: 0.1k | ≤0.37%
Kistolmács,választók,138,7465410,teljes lakosság %-a,0.3685397051200135,Kistolmács: 0.1k | ≤0.37%
Edde,választók,139,7465410,teljes lakosság %-a,0.3704016256307423,Edde: 0.1k | ≤0.37%
Pusztaradvány,választók,139,7465410,teljes lakosság %-a,0.3722635461414711,Pusztaradvány: 0.1k | ≤0.37%
Tornaszentandrás,választók,139,7465410,teljes lakosság %-a,0.3741254666521999,Tornaszentandrás: 0.1k | ≤0.37%
Bakháza,választók,140,7465410,teljes lakosság %-a,0.3760007822745167,Bakháza: 0.1k | ≤0.38%
Bózsva,választók,140,7465410,teljes lakosság %-a,0.3778760978968335,Bózsva: 0.1k | ≤0.38%
Drávaszerdahely,választók,140,7465410,teljes lakosság %-a,0.3797514135191503,Drávaszerdahely: 0.1k | ≤0.38%
Kishajmás,választók,140,7465410,teljes lakosság %-a,0.3816267291414671,Kishajmás: 0.1k | ≤0.38%
Komjáti,választók,140,7465410,teljes lakosság %-a,0.3835020447637839,Komjáti: 0.1k | ≤0.38%
Meszes,választók,140,7465410,teljes lakosság %-a,0.38537736038610065,Meszes: 0.1k | ≤0.39%
Monyoród,választók,140,7465410,teljes lakosság %-a,0.38725267600841745,Monyoród: 0.1k | ≤0.39%
Regenye,választók,140,7465410,teljes lakosság %-a,0.38912799163073425,Regenye: 0.1k | ≤0.39%
Visz,választók,140,7465410,teljes lakosság %-a,0.39100330725305105,Visz: 0.1k | ≤0.39%
Hegyesd,választók,141,7465410,teljes lakosság %-a,0.39289201798695583,Hegyesd: 0.1k | ≤0.39%
Kékesd,választók,141,7465410,teljes lakosság %-a,0.3947807287208606,Kékesd: 0.1k | ≤0.39%
Kisnyárád,választók,141,7465410,teljes lakosság %-a,0.3966694394547654,Kisnyárád: 0.1k | ≤0.4%
Kisrécse,választók,141,7465410,teljes lakosság %-a,0.3985581501886702,Kisrécse: 0.1k | ≤0.4%
Pálfiszeg,választók,141,7465410,teljes lakosság %-a,0.4004468609225749,Pálfiszeg: 0.1k | ≤0.4%
Pócsa,választók,141,7465410,teljes lakosság %-a,0.4023355716564797,Pócsa: 0.1k | ≤0.4%
Somogyegres,választók,141,7465410,teljes lakosság %-a,0.40422428239038444,Somogyegres: 0.1k | ≤0.4%
Kiscsehi,választók,142,7465410,teljes lakosság %-a,0.4061263882358772,Kiscsehi: 0.1k | ≤0.41%
Kozárd,választók,142,7465410,teljes lakosság %-a,0.40802849408136993,Kozárd: 0.1k | ≤0.41%
Molvány,választók,142,7465410,teljes lakosság %-a,0.4099305999268627,Molvány: 0.1k | ≤0.41%
Nagybudmér,választók,142,7465410,teljes lakosság %-a,0.4118327057723554,Nagybudmér: 0.1k | ≤0.41%
Tésenfa,választók,142,7465410,teljes lakosság %-a,0.41373481161784814,Tésenfa: 0.1k | ≤0.41%
Várkesző,választók,142,7465410,teljes lakosság %-a,0.4156369174633409,Várkesző: 0.1k | ≤0.42%
Zsebeháza,választók,142,7465410,teljes lakosság %-a,0.4175390233088337,Zsebeháza: 0.1k | ≤0.42%
Kisrákos,választók,143,7465410,teljes lakosság %-a,0.41945452426591434,Kisrákos: 0.1k | ≤0.42%
Áta,választók,144,7465410,teljes lakosság %-a,0.4213834203345831,Áta: 0.1k | ≤0.42%
Balatonrendes,választók,144,7465410,teljes lakosság %-a,0.4233123164032518,Balatonrendes: 0.1k | ≤0.42%
Ozmánbük,választók,144,7465410,teljes lakosság %-a,0.42524121247192054,Ozmánbük: 0.1k | ≤0.43%
Pat,választók,144,7465410,teljes lakosság %-a,0.4271701085405892,Pat: 0.1k | ≤0.43%
Pusztaberki,választók,144,7465410,teljes lakosság %-a,0.42909900460925793,Pusztaberki: 0.1k | ≤0.43%
Baranyahídvég,választók,145,7465410,teljes lakosság %-a,0.43104129578951456,Baranyahídvég: 0.1k | ≤0.43%
Liptód,választók,145,7465410,teljes lakosság %-a,0.4329835869697713,Liptód: 0.1k | ≤0.43%
Újsolt,választók,145,7465410,teljes lakosság %-a,0.4349258781500279,Újsolt: 0.1k | ≤0.43%
Horpács,választók,146,7465410,teljes lakosság %-a,0.4368815644418726,Horpács: 0.1k | ≤0.44%
Komlósd,választók,146,7465410,teljes lakosság %-a,0.4388372507337172,Komlósd: 0.1k | ≤0.44%
Miklósi,választók,146,7465410,teljes lakosság %-a,0.44079293702556194,Miklósi: 0.1k | ≤0.44%
Szilvágy,választók,146,7465410,teljes lakosság %-a,0.44274862331740655,Szilvágy: 0.1k | ≤0.44%
Gagyvendégi,választók,147,7465410,teljes lakosság %-a,0.44471770472083916,Gagyvendégi: 0.1k | ≤0.44%
Bihardancsháza,választók,148,7465410,teljes lakosság %-a,0.4467001812358598,Bihardancsháza: 0.1k | ≤0.45%
Felsőgagy,választók,148,7465410,teljes lakosság %-a,0.4486826577508804,Felsőgagy: 0.1k | ≤0.45%
Kőszegpaty,választók,148,7465410,teljes lakosság %-a,0.450665134265901,Kőszegpaty: 0.1k | ≤0.45%
Potony,választók,148,7465410,teljes lakosság %-a,0.45264761078092164,Potony: 0.1k | ≤0.45%
Pula,választók,148,7465410,teljes lakosság %-a,0.45463008729594223,Pula: 0.1k | ≤0.45%
Rigács,választók,148,7465410,teljes lakosság %-a,0.4566125638109628,Rigács: 0.1k | ≤0.46%
Gerényes,választók,149,7465410,teljes lakosság %-a,0.45860843543757146,Gerényes: 0.1k | ≤0.46%
Márfa,választók,149,7465410,teljes lakosság %-a,0.46060430706418004,Márfa: 0.1k | ≤0.46%
Tárnokréti,választók,149,7465410,teljes lakosság %-a,0.46260017869078857,Tárnokréti: 0.1k | ≤0.46%
Felsőjánosfa,választók,150,7465410,teljes lakosság %-a,0.46460944542898513,Felsőjánosfa: 0.1k | ≤0.46%
Szegerdő,választók,150,7465410,teljes lakosság %-a,0.4666187121671817,Szegerdő: 0.1k | ≤0.47%
Szilvásszentmárton,választók,150,7465410,teljes lakosság %-a,0.46862797890537833,Szilvásszentmárton: 0.1k | ≤0.47%
Vigántpetend,választók,150,7465410,teljes lakosság %-a,0.4706372456435748,Vigántpetend: 0.1k | ≤0.47%
Feked,választók,151,7465410,teljes lakosság %-a,0.4726599074933594,Feked: 0.2k | ≤0.47%
Szentimrefalva,választók,151,7465410,teljes lakosság %-a,0.47468256934314396,Szentimrefalva: 0.2k | ≤0.47%
Teleki,választók,151,7465410,teljes lakosság %-a,0.47670523119292846,Teleki: 0.2k | ≤0.48%
Terpes,választók,151,7465410,teljes lakosság %-a,0.478727893042713,Terpes: 0.2k | ≤0.48%
Basal,választók,152,7465410,teljes lakosság %-a,0.4807639500040855,Basal: 0.2k | ≤0.48%
Chernelházadamonya,választók,152,7465410,teljes lakosság %-a,0.48280000696545805,Chernelházadamonya: 0.2k | ≤0.48%
Fazekasboda,választók,152,7465410,teljes lakosság %-a,0.48483606392683054,Fazekasboda: 0.2k | ≤0.48%
Ibafa,választók,152,7465410,teljes lakosság %-a,0.4868721208882031,Ibafa: 0.2k | ≤0.49%
Lickóvadamos,választók,152,7465410,teljes lakosság %-a,0.4889081778495756,Lickóvadamos: 0.2k | ≤0.49%
Magyartelek,választók,152,7465410,teljes lakosság %-a,0.4909442348109481,Magyartelek: 0.2k | ≤0.49%
Várfölde,választók,152,7465410,teljes lakosság %-a,0.4929802917723206,Várfölde: 0.2k | ≤0.49%
Alsóregmec,választók,153,7465410,teljes lakosság %-a,0.4950297438452811,Alsóregmec: 0.2k | ≤0.5%
Baskó,választók,153,7465410,teljes lakosság %-a,0.4970791959182416,Baskó: 0.2k | ≤0.5%
Maráza,választók,153,7465410,teljes lakosság %-a,0.4991286479912021,Maráza: 0.2k | ≤0.5%
Szalapa,választók,153,7465410,teljes lakosság %-a,0.5011781000641625,Szalapa: 0.2k | ≤0.5%
Ecseny,választók,154,7465410,teljes lakosság %-a,0.503240947248711,Ecseny: 0.2k | ≤0.5%
Harasztifalu,választók,154,7465410,teljes lakosság %-a,0.5053037944332596,Harasztifalu: 0.2k | ≤0.51%
Horvátlövő,választók,154,7465410,teljes lakosság %-a,0.507366641617808,Horvátlövő: 0.2k | ≤0.51%
Kisecset,választók,154,7465410,teljes lakosság %-a,0.5094294888023565,Kisecset: 0.2k | ≤0.51%
Porrog,választók,154,7465410,teljes lakosság %-a,0.5114923359869049,Porrog: 0.2k | ≤0.51%
Hernádcéce,választók,155,7465410,teljes lakosság %-a,0.5135685782830415,Hernádcéce: 0.2k | ≤0.51%
Hernádpetri,választók,155,7465410,teljes lakosság %-a,0.5156448205791778,Hernádpetri: 0.2k | ≤0.52%
Tivadar,választók,155,7465410,teljes lakosság %-a,0.5177210628753143,Tivadar: 0.2k | ≤0.52%
Vásárosbéc,választók,155,7465410,teljes lakosság %-a,0.5197973051714507,Vásárosbéc: 0.2k | ≤0.52%
Kastélyosdombó,választók,156,7465410,teljes lakosság %-a,0.5218869425791752,Kastélyosdombó: 0.2k | ≤0.52%
Kisasszonyfa,választók,156,7465410,teljes lakosság %-a,0.5239765799868996,Kisasszonyfa: 0.2k | ≤0.52%
Kiskutas,választók,156,7465410,teljes lakosság %-a,0.526066217394624,Kiskutas: 0.2k | ≤0.53%
Lúzsok,választók,156,7465410,teljes lakosság %-a,0.5281558548023485,Lúzsok: 0.2k | ≤0.53%
Sámod,választók,156,7465410,teljes lakosság %-a,0.5302454922100729,Sámod: 0.2k | ≤0.53%
Kacorlak,választók,157,7465410,teljes lakosság %-a,0.5323485247293852,Kacorlak: 0.2k | ≤0.53%
Kórós,választók,157,7465410,teljes lakosság %-a,0.5344515572486976,Kórós: 0.2k | ≤0.53%
Gadna,választók,158,7465410,teljes lakosság %-a,0.536567984879598,Gadna: 0.2k | ≤0.54%
Németfalu,választók,158,7465410,teljes lakosság %-a,0.5386844125104985,Németfalu: 0.2k | ≤0.54%
Sajómercse,választók,158,7465410,teljes lakosság %-a,0.5408008401413987,Sajómercse: 0.2k | ≤0.54%
Kákics,választók,160,7465410,teljes lakosság %-a,0.5429440579954752,Kákics: 0.2k | ≤0.54%
Rádfalva,választók,160,7465410,teljes lakosság %-a,0.5450872758495514,Rádfalva: 0.2k | ≤0.55%
Hajmás,választók,161,7465410,teljes lakosság %-a,0.5472438888152157,Hajmás: 0.2k | ≤0.55%
Kistapolca,választók,161,7465410,teljes lakosság %-a,0.5494005017808801,Kistapolca: 0.2k | ≤0.55%
Magyardombegyház,választók,161,7465410,teljes lakosság %-a,0.5515571147465443,Magyardombegyház: 0.2k | ≤0.55%
Szinpetri,választók,161,7465410,teljes lakosság %-a,0.5537137277122086,Szinpetri: 0.2k | ≤0.55%
Kisherend,választók,162,7465410,teljes lakosság %-a,0.555883735789461,Kisherend: 0.2k | ≤0.56%
Öcs,választók,162,7465410,teljes lakosság %-a,0.5580537438667132,Öcs: 0.2k | ≤0.56%
Trizs,választók,162,7465410,teljes lakosság %-a,0.5602237519439656,Trizs: 0.2k | ≤0.56%
Bakonyszentiván,választók,163,7465410,teljes lakosság %-a,0.5624071551328058,Bakonyszentiván: 0.2k | ≤0.56%
Karakó,választók,163,7465410,teljes lakosság %-a,0.5645905583216461,Karakó: 0.2k | ≤0.56%
Vének,választók,163,7465410,teljes lakosság %-a,0.5667739615104863,Vének: 0.2k | ≤0.57%
Keszőhidegkút,választók,164,7465410,teljes lakosság %-a,0.5689707598109146,Keszőhidegkút: 0.2k | ≤0.57%
Sóstófalva,választók,164,7465410,teljes lakosság %-a,0.5711675581113429,Sóstófalva: 0.2k | ≤0.57%
Szakadát,választók,164,7465410,teljes lakosság %-a,0.5733643564117711,Szakadát: 0.2k | ≤0.57%
Újlőrincfalva,választók,164,7465410,teljes lakosság %-a,0.5755611547121994,Újlőrincfalva: 0.2k | ≤0.58%
Bucsuta,választók,165,7465410,teljes lakosság %-a,0.5777713481242156,Bucsuta: 0.2k | ≤0.58%
Cún,választók,165,7465410,teljes lakosság %-a,0.5799815415362317,Cún: 0.2k | ≤0.58%
Kisrozvágy,választók,165,7465410,teljes lakosság %-a,0.5821917349482479,Kisrozvágy: 0.2k | ≤0.58%
Kemenesszentmárton,választók,166,7465410,teljes lakosság %-a,0.5844153234718522,Kemenesszentmárton: 0.2k | ≤0.58%
Somogyviszló,választók,166,7465410,teljes lakosság %-a,0.5866389119954564,Somogyviszló: 0.2k | ≤0.59%
Zajk,választók,166,7465410,teljes lakosság %-a,0.5888625005190605,Zajk: 0.2k | ≤0.59%
Zalkod,választók,166,7465410,teljes lakosság %-a,0.5910860890426648,Zalkod: 0.2k | ≤0.59%
Cserénfa,választók,167,7465410,teljes lakosság %-a,0.5933230726778569,Cserénfa: 0.2k | ≤0.59%
Tiszatardos,választók,167,7465410,teljes lakosság %-a,0.5955600563130491,Tiszatardos: 0.2k | ≤0.6%
Újvárfalva,választók,167,7465410,teljes lakosság %-a,0.5977970399482413,Újvárfalva: 0.2k | ≤0.6%
Köblény,választók,168,7465410,teljes lakosság %-a,0.6000474186950214,Köblény: 0.2k | ≤0.6%
Nóráp,választók,168,7465410,teljes lakosság %-a,0.6022977974418016,Nóráp: 0.2k | ≤0.6%
Visnye,választók,168,7465410,teljes lakosság %-a,0.6045481761885818,Visnye: 0.2k | ≤0.6%
Nemeskér,választók,169,7465410,teljes lakosság %-a,0.6068119500469499,Nemeskér: 0.2k | ≤0.61%
Szécsisziget,választók,169,7465410,teljes lakosság %-a,0.609075723905318,Szécsisziget: 0.2k | ≤0.61%
Csáfordjánosfa,választók,170,7465410,teljes lakosság %-a,0.6113528928752742,Csáfordjánosfa: 0.2k | ≤0.61%
Sárazsadány,választók,170,7465410,teljes lakosság %-a,0.6136300618452303,Sárazsadány: 0.2k | ≤0.61%
Szécsénke,választók,170,7465410,teljes lakosság %-a,0.6159072308151863,Szécsénke: 0.2k | ≤0.62%
Hirics,választók,171,7465410,teljes lakosság %-a,0.6181977948967304,Hirics: 0.2k | ≤0.62%
Meszlen,választók,171,7465410,teljes lakosság %-a,0.6204883589782745,Meszlen: 0.2k | ≤0.62%
Bezedek,választók,172,7465410,teljes lakosság %-a,0.6227923181714066,Bezedek: 0.2k | ≤0.62%
Ellend,választók,172,7465410,teljes lakosság %-a,0.6250962773645387,Ellend: 0.2k | ≤0.63%
Hejce,választók,172,7465410,teljes lakosság %-a,0.6274002365576706,Hejce: 0.2k | ≤0.63%
Lulla,választók,172,7465410,teljes lakosság %-a,0.6297041957508026,Lulla: 0.2k | ≤0.63%
Szárazd,választók,172,7465410,teljes lakosság %-a,0.6320081549439347,Szárazd: 0.2k | ≤0.63%
Békás,választók,173,7465410,teljes lakosság %-a,0.6343255092486548,Békás: 0.2k | ≤0.63%
Bódvalenke,választók,173,7465410,teljes lakosság %-a,0.6366428635533748,Bódvalenke: 0.2k | ≤0.64%
Őrimagyarósd,választók,173,7465410,teljes lakosság %-a,0.6389602178580949,Őrimagyarósd: 0.2k | ≤0.64%
Peterd,választók,173,7465410,teljes lakosság %-a,0.6412775721628149,Peterd: 0.2k | ≤0.64%
Bodolyabér,választók,174,7465410,teljes lakosság %-a,0.643608321579123,Bodolyabér: 0.2k | ≤0.64%
Ipacsfa,választók,174,7465410,teljes lakosság %-a,0.6459390709954309,Ipacsfa: 0.2k | ≤0.65%
Kisgyalán,választók,174,7465410,teljes lakosság %-a,0.6482698204117389,Kisgyalán: 0.2k | ≤0.65%
Mesteri,választók,174,7465410,teljes lakosság %-a,0.6506005698280469,Mesteri: 0.2k | ≤0.65%
Petőmihályfa,választók,174,7465410,teljes lakosság %-a,0.652931319244355,Petőmihályfa: 0.2k | ≤0.65%
Szentbékkálla,választók,174,7465410,teljes lakosság %-a,0.6552620686606629,Szentbékkálla: 0.2k | ≤0.66%
Bakonykoppány,választók,175,7465410,teljes lakosság %-a,0.6576062131885589,Bakonykoppány: 0.2k | ≤0.66%
Drávacsepely,választók,175,7465410,teljes lakosság %-a,0.6599503577164549,Drávacsepely: 0.2k | ≤0.66%
Gálosfa,választók,175,7465410,teljes lakosság %-a,0.6622945022443509,Gálosfa: 0.2k | ≤0.66%
Kávás,választók,175,7465410,teljes lakosság %-a,0.6646386467722469,Kávás: 0.2k | ≤0.66%
Kerecseny,választók,175,7465410,teljes lakosság %-a,0.6669827913001429,Kerecseny: 0.2k | ≤0.67%
Polány,választók,175,7465410,teljes lakosság %-a,0.6693269358280389,Polány: 0.2k | ≤0.67%
Szaporca,választók,175,7465410,teljes lakosság %-a,0.6716710803559349,Szaporca: 0.2k | ≤0.67%
Jágónak,választók,176,7465410,teljes lakosság %-a,0.6740286199954189,Jágónak: 0.2k | ≤0.67%
Kercaszomor,választók,176,7465410,teljes lakosság %-a,0.6763861596349029,Kercaszomor: 0.2k | ≤0.68%
Tótújfalu,választók,176,7465410,teljes lakosság %-a,0.6787436992743868,Tótújfalu: 0.2k | ≤0.68%
Piskó,választók,177,7465410,teljes lakosság %-a,0.6811146340254587,Piskó: 0.2k | ≤0.68%
Ivándárda,választók,178,7465410,teljes lakosság %-a,0.6834989638881186,Ivándárda: 0.2k | ≤0.68%
Nyugotszenterzsébet,választók,178,7465410,teljes lakosság %-a,0.6858832937507786,Nyugotszenterzsébet: 0.2k | ≤0.69%
Drávatamási,választók,179,7465410,teljes lakosság %-a,0.6882810187250266,Drávatamási: 0.2k | ≤0.69%
Egeralja,választók,179,7465410,teljes lakosság %-a,0.6906787436992744,Egeralja: 0.2k | ≤0.69%
Szalafő,választók,179,7465410,teljes lakosság %-a,0.6930764686735224,Szalafő: 0.2k | ≤0.69%
Monaj,választók,180,7465410,teljes lakosság %-a,0.6954875887593581,Monaj: 0.2k | ≤0.7%
Tomor,választók,180,7465410,teljes lakosság %-a,0.697898708845194,Tomor: 0.2k | ≤0.7%
Kemestaródfa,választók,182,7465410,teljes lakosság %-a,0.7003366191542059,Kemestaródfa: 0.2k | ≤0.7%
Kerkaszentkirály,választók,182,7465410,teljes lakosság %-a,0.7027745294632177,Kerkaszentkirály: 0.2k | ≤0.7%
Márkháza,választók,183,7465410,teljes lakosság %-a,0.7052258348838175,Márkháza: 0.2k | ≤0.71%
Damak,választók,184,7465410,teljes lakosság %-a,0.7076905354160052,Damak: 0.2k | ≤0.71%
Kisdobsza,választók,184,7465410,teljes lakosság %-a,0.7101552359481931,Kisdobsza: 0.2k | ≤0.71%
Merenye,választók,184,7465410,teljes lakosság %-a,0.7126199364803808,Merenye: 0.2k | ≤0.71%
Sorkikápolna,választók,184,7465410,teljes lakosság %-a,0.7150846370125686,Sorkikápolna: 0.2k | ≤0.72%
Szőkedencs,választók,184,7465410,teljes lakosság %-a,0.7175493375447565,Szőkedencs: 0.2k | ≤0.72%
Vinár,választók,184,7465410,teljes lakosság %-a,0.7200140380769442,Vinár: 0.2k | ≤0.72%
Csatka,választók,185,7465410,teljes lakosság %-a,0.72249213372072,Csatka: 0.2k | ≤0.72%
Kilimán,választók,185,7465410,teljes lakosság %-a,0.7249702293644957,Kilimán: 0.2k | ≤0.72%
Pusztafalu,választók,185,7465410,teljes lakosság %-a,0.7274483250082715,Pusztafalu: 0.2k | ≤0.73%
Rátót,választók,185,7465410,teljes lakosság %-a,0.7299264206520473,Rátót: 0.2k | ≤0.73%
Alsóbogát,választók,186,7465410,teljes lakosság %-a,0.732417911407411,Alsóbogát: 0.2k | ≤0.73%
Dúzs,választók,186,7465410,teljes lakosság %-a,0.7349094021627747,Dúzs: 0.2k | ≤0.73%
Murarátka,választók,186,7465410,teljes lakosság %-a,0.7374008929181384,Murarátka: 0.2k | ≤0.74%
Pamuk,választók,186,7465410,teljes lakosság %-a,0.7398923836735022,Pamuk: 0.2k | ≤0.74%
Kissomlyó,választók,187,7465410,teljes lakosság %-a,0.7423972695404538,Kissomlyó: 0.2k | ≤0.74%
Szarvaskend,választók,187,7465410,teljes lakosság %-a,0.7449021554074056,Szarvaskend: 0.2k | ≤0.74%
Szegilong,választók,187,7465410,teljes lakosság %-a,0.7474070412743573,Szegilong: 0.2k | ≤0.75%
Szulimán,választók,187,7465410,teljes lakosság %-a,0.749911927141309,Szulimán: 0.2k | ≤0.75%
Torvaj,választók,187,7465410,teljes lakosság %-a,0.7524168130082607,Torvaj: 0.2k | ≤0.75%
Kiskassa,választók,188,7465410,teljes lakosság %-a,0.7549350939868005,Kiskassa: 0.2k | ≤0.75%
Nemeske,választók,188,7465410,teljes lakosság %-a,0.7574533749653402,Nemeske: 0.2k | ≤0.76%
Tiszacsécse,választók,188,7465410,teljes lakosság %-a,0.7599716559438798,Tiszacsécse: 0.2k | ≤0.76%
Hollád,választók,189,7465410,teljes lakosság %-a,0.7625033320340076,Hollád: 0.2k | ≤0.76%
Villánykövesd,választók,189,7465410,teljes lakosság %-a,0.7650350081241352,Villánykövesd: 0.2k | ≤0.77%
Závod,választók,189,7465410,teljes lakosság %-a,0.7675666842142629,Závod: 0.2k | ≤0.77%
Balatoncsicsó,választók,190,7465410,teljes lakosság %-a,0.7701117554159785,Balatoncsicsó: 0.2k | ≤0.77%
Büssü,választók,190,7465410,teljes lakosság %-a,0.7726568266176941,Büssü: 0.2k | ≤0.77%
Oltárc,választók,190,7465410,teljes lakosság %-a,0.7752018978194098,Oltárc: 0.2k | ≤0.78%
Tékes,választók,190,7465410,teljes lakosság %-a,0.7777469690211254,Tékes: 0.2k | ≤0.78%
Zsujta,választók,190,7465410,teljes lakosság %-a,0.780292040222841,Zsujta: 0.2k | ≤0.78%
Martonfa,választók,191,7465410,teljes lakosság %-a,0.7828505065361446,Martonfa: 0.2k | ≤0.78%
Rábatöttös,választók,191,7465410,teljes lakosság %-a,0.7854089728494483,Rábatöttös: 0.2k | ≤0.79%
Andrásfa,választók,192,7465410,teljes lakosság %-a,0.78798083427434,Andrásfa: 0.2k | ≤0.79%
Zala,választók,192,7465410,teljes lakosság %-a,0.7905526956992315,Zala: 0.2k | ≤0.79%
Bisse,választók,193,7465410,teljes lakosság %-a,0.7931379522357112,Bisse: 0.2k | ≤0.79%
Csákány,választók,193,7465410,teljes lakosság %-a,0.7957232087721906,Csákány: 0.2k | ≤0.8%
Mindszentkálla,választók,193,7465410,teljes lakosság %-a,0.7983084653086703,Mindszentkálla: 0.2k | ≤0.8%
Zaláta,választók,193,7465410,teljes lakosság %-a,0.8008937218451498,Zaláta: 0.2k | ≤0.8%
Aka,választók,195,7465410,teljes lakosság %-a,0.8035057686048054,Aka: 0.2k | ≤0.8%
Lothárd,választók,196,7465410,teljes lakosság %-a,0.806131210476049,Lothárd: 0.2k | ≤0.81%
Tarnaszentmária,választók,196,7465410,teljes lakosság %-a,0.8087566523472924,Tarnaszentmária: 0.2k | ≤0.81%
Veszprémfajsz,választók,196,7465410,teljes lakosság %-a,0.8113820942185358,Veszprémfajsz: 0.2k | ≤0.81%
Béb,választók,197,7465410,teljes lakosság %-a,0.8140209312013674,Béb: 0.2k | ≤0.81%
Felsőregmec,választók,197,7465410,teljes lakosság %-a,0.8166597681841988,Felsőregmec: 0.2k | ≤0.82%
Kovácshida,választók,197,7465410,teljes lakosság %-a,0.8192986051670302,Kovácshida: 0.2k | ≤0.82%
Zalaerdőd,választók,197,7465410,teljes lakosság %-a,0.8219374421498619,Zalaerdőd: 0.2k | ≤0.82%
Alsótold,választók,198,7465410,teljes lakosság %-a,0.8245896742442813,Alsótold: 0.2k | ≤0.82%
Detek,választók,198,7465410,teljes lakosság %-a,0.82724190633870065,Detek: 0.2k | ≤0.83%
Illocska,választók,198,7465410,teljes lakosság %-a,0.8298941384331203,Illocska: 0.2k | ≤0.83%
Kisbabot,választók,198,7465410,teljes lakosság %-a,0.8325463705275397,Kisbabot: 0.2k | ≤0.83%
Tormás,választók,199,7465410,teljes lakosság %-a,0.8352119977335472,Tormás: 0.2k | ≤0.84%
Lácacséke,választók,200,7465410,teljes lakosság %-a,0.8378910200511425,Lácacséke: 0.2k | ≤0.84%
Bonnya,választók,201,7465410,teljes lakosság %-a,0.8405834374803258,Bonnya: 0.2k | ≤0.84%
Bogdása,választók,202,7465410,teljes lakosság %-a,0.8432892500210972,Bogdása: 0.2k | ≤0.84%
Homokkomárom,választók,202,7465410,teljes lakosság %-a,0.8459950625618686,Homokkomárom: 0.2k | ≤0.85%
Komlóska,választók,202,7465410,teljes lakosság %-a,0.84870087510264,Komlóska: 0.2k | ≤0.85%
Belecska,választók,203,7465410,teljes lakosság %-a,0.8514200827549994,Belecska: 0.2k | ≤0.85%
Bugacpusztaháza,választók,204,7465410,teljes lakosság %-a,0.8541526855189466,Bugacpusztaháza: 0.2k | ≤0.85%
Karakószörcsök,választók,204,7465410,teljes lakosság %-a,0.856885288282894,Karakószörcsök: 0.2k | ≤0.86%
Patosfa,választók,204,7465410,teljes lakosság %-a,0.8596178910468414,Patosfa: 0.2k | ≤0.86%
Raposka,választók,204,7465410,teljes lakosság %-a,0.8623504938107887,Raposka: 0.2k | ≤0.86%
Bodmér,választók,205,7465410,teljes lakosság %-a,0.8650964916863241,Bodmér: 0.2k | ≤0.87%
Duka,választók,205,7465410,teljes lakosság %-a,0.8678424895618594,Duka: 0.2k | ≤0.87%
Ganna,választók,205,7465410,teljes lakosság %-a,0.8705884874373946,Ganna: 0.2k | ≤0.87%
Gelsesziget,választók,205,7465410,teljes lakosság %-a,0.8733344853129299,Gelsesziget: 0.2k | ≤0.87%
Heresznye,választók,205,7465410,teljes lakosság %-a,0.8760804831884652,Heresznye: 0.2k | ≤0.88%
Ipolytölgyes,választók,205,7465410,teljes lakosság %-a,0.8788264810640005,Ipolytölgyes: 0.2k | ≤0.88%
Kisszentmárton,választók,205,7465410,teljes lakosság %-a,0.8815724789395358,Kisszentmárton: 0.2k | ≤0.88%
Túrony,választók,205,7465410,teljes lakosság %-a,0.8843184768150711,Túrony: 0.2k | ≤0.88%
Árpás,választók,206,7465410,teljes lakosság %-a,0.8870778698021944,Árpás: 0.2k | ≤0.89%
Nagygeresd,választók,206,7465410,teljes lakosság %-a,0.8898372627893176,Nagygeresd: 0.2k | ≤0.89%
Nagyrákos,választók,206,7465410,teljes lakosság %-a,0.892596655776441,Nagyrákos: 0.2k | ≤0.89%
Szűr,választók,206,7465410,teljes lakosság %-a,0.8953560487635643,Szűr: 0.2k | ≤0.9%
Újireg,választók,206,7465410,teljes lakosság %-a,0.8981154417506875,Újireg: 0.2k | ≤0.9%
Csehi,választók,207,7465410,teljes lakosság %-a,0.9008882298493988,Csehi: 0.2k | ≤0.9%
Csömend,választók,207,7465410,teljes lakosság %-a,0.90366101794811,Csömend: 0.2k | ≤0.9%
Dozmat,választók,207,7465410,teljes lakosság %-a,0.9064338060468212,Dozmat: 0.2k | ≤0.91%
Hermánszeg,választók,207,7465410,teljes lakosság %-a,0.9092065941455325,Hermánszeg: 0.2k | ≤0.91%
Kenéz,választók,207,7465410,teljes lakosság %-a,0.9119793822442438,Kenéz: 0.2k | ≤0.91%
Mátyus,választók,207,7465410,teljes lakosság %-a,0.9147521703429551,Mátyus: 0.2k | ≤0.91%
Vilyvitány,választók,207,7465410,teljes lakosság %-a,0.9175249584416663,Vilyvitány: 0.2k | ≤0.92%
Felsőberecki,választók,208,7465410,teljes lakosság %-a,0.9203111416519656,Felsőberecki: 0.2k | ≤0.92%
Ládbesenyő,választók,208,7465410,teljes lakosság %-a,0.9230973248622648,Ládbesenyő: 0.2k | ≤0.92%
Porrogszentkirály,választók,208,7465410,teljes lakosság %-a,0.9258835080725639,Porrogszentkirály: 0.2k | ≤0.93%
Kacsóta,választók,209,7465410,teljes lakosság %-a,0.9286830863944513,Kacsóta: 0.2k | ≤0.93%
Magyarszentmiklós,választók,209,7465410,teljes lakosság %-a,0.9314826647163383,Magyarszentmiklós: 0.2k | ≤0.93%
Magyarszombatfa,választók,209,7465410,teljes lakosság %-a,0.9342822430382256,Magyarszombatfa: 0.2k | ≤0.93%
Nemesszentandrás,választók,209,7465410,teljes lakosság %-a,0.9370818213601128,Nemesszentandrás: 0.2k | ≤0.94%
Palkonya,választók,210,7465410,teljes lakosság %-a,0.9398947947935881,Palkonya: 0.2k | ≤0.94%
Beret,választók,211,7465410,teljes lakosság %-a,0.9427211633386511,Beret: 0.2k | ≤0.94%
Bókaháza,választók,211,7465410,teljes lakosság %-a,0.9455475318837144,Bókaháza: 0.2k | ≤0.95%
Dunaremete,választók,211,7465410,teljes lakosság %-a,0.9483739004287774,Dunaremete: 0.2k | ≤0.95%
Hegymagas,választók,211,7465410,teljes lakosság %-a,0.9512002689738407,Hegymagas: 0.2k | ≤0.95%
Nagykeresztúr,választók,211,7465410,teljes lakosság %-a,0.9540266375189038,Nagykeresztúr: 0.2k | ≤0.95%
Sámsonháza,választók,211,7465410,teljes lakosság %-a,0.9568530060639671,Sámsonháza: 0.2k | ≤0.96%
Szilaspogony,választók,211,7465410,teljes lakosság %-a,0.9596793746090302,Szilaspogony: 0.2k | ≤0.96%
Halogy,választók,212,7465410,teljes lakosság %-a,0.9625191382656813,Halogy: 0.2k | ≤0.96%
Pósfa,választók,212,7465410,teljes lakosság %-a,0.9653589019223325,Pósfa: 0.2k | ≤0.97%
Vászoly,választók,214,7465410,teljes lakosság %-a,0.9682254558021596,Vászoly: 0.2k | ≤0.97%
Zsédeny,választók,214,7465410,teljes lakosság %-a,0.9710920096819866,Zsédeny: 0.2k | ≤0.97%
Csibrák,választók,215,7465410,teljes lakosság %-a,0.9739719586734018,Csibrák: 0.2k | ≤0.97%
Dövény,választók,215,7465410,teljes lakosság %-a,0.9768519076648169,Dövény: 0.2k | ≤0.98%
Drávapalkonya,választók,215,7465410,teljes lakosság %-a,0.9797318566562319,Drávapalkonya: 0.2k | ≤0.98%
Kőszegdoroszló,választók,215,7465410,teljes lakosság %-a,0.9826118056476469,Kőszegdoroszló: 0.2k | ≤0.98%
Lispeszentadorján,választók,215,7465410,teljes lakosság %-a,0.985491754639062,Lispeszentadorján: 0.2k | ≤0.99%
Pórszombat,választók,215,7465410,teljes lakosság %-a,0.988371703630477,Pórszombat: 0.2k | ≤0.99%
Bükkszentmárton,választók,216,7465410,teljes lakosság %-a,0.9912650477334802,Bükkszentmárton: 0.2k | ≤0.99%
Felsőmarác,választók,216,7465410,teljes lakosság %-a,0.9941583918364832,Felsőmarác: 0.2k | ≤0.99%
Kazsok,választók,216,7465410,teljes lakosság %-a,0.9970517359394863,Kazsok: 0.2k | ≤1%
Szenyér,választók,216,7465410,teljes lakosság %-a,0.9999450800424893,Szenyér: 0.2k | ≤1%
Böde,választók,217,7465410,teljes lakosság %-a,1.0028518192570803,Böde: 0.2k | ≤1%
Magyarnádalja,választók,217,7465410,teljes lakosság %-a,1.0057585584716713,Magyarnádalja: 0.2k | ≤1%
Nagykinizs,választók,217,7465410,teljes lakosság %-a,1.0086652976862625,Nagykinizs: 0.2k | ≤1%
Nemespátró,választók,217,7465410,teljes lakosság %-a,1.0115720369008534,Nemespátró: 0.2k | ≤1%
Gyöngyösmellék,választók,218,7465410,teljes lakosság %-a,1.0144921712270323,Gyöngyösmellék: 0.2k | ≤1%
Jósvafő,választók,218,7465410,teljes lakosság %-a,1.0174123055532114,Jósvafő: 0.2k | ≤1%
Köcsk,választók,218,7465410,teljes lakosság %-a,1.0203324398793905,Köcsk: 0.2k | ≤1%
Mikekarácsonyfa,választók,218,7465410,teljes lakosság %-a,1.0232525742055694,Mikekarácsonyfa: 0.2k | ≤1%
Resznek,választók,218,7465410,teljes lakosság %-a,1.0261727085317485,Resznek: 0.2k | ≤1%
Csombárd,választók,219,7465410,teljes lakosság %-a,1.0291062379695153,Csombárd: 0.2k | ≤1%
Dörgicse,választók,219,7465410,teljes lakosság %-a,1.0320397674072823,Dörgicse: 0.2k | ≤1%
Dubicsány,választók,219,7465410,teljes lakosság %-a,1.0349732968450494,Dubicsány: 0.2k | ≤1%
Korlát,választók,220,7465410,teljes lakosság %-a,1.0379202213944043,Korlát: 0.2k | ≤1%
Miszla,választók,220,7465410,teljes lakosság %-a,1.0408671459437593,Miszla: 0.2k | ≤1%
Bakóca,választók,221,7465410,teljes lakosság %-a,1.0438274656047022,Bakóca: 0.2k | ≤1%
Mekényes,választók,221,7465410,teljes lakosság %-a,1.046787785265645,Mekényes: 0.2k | ≤1%
Nemeshetés,választók,221,7465410,teljes lakosság %-a,1.049748104926588,Nemeshetés: 0.2k | ≤1%
Rinyaújlak,választók,221,7465410,teljes lakosság %-a,1.0527084245875311,Rinyaújlak: 0.2k | ≤1.1%
Zalaszentlőrinc,választók,221,7465410,teljes lakosság %-a,1.055668744248474,Zalaszentlőrinc: 0.2k | ≤1.1%
Füzérkomlós,választók,222,7465410,teljes lakosság %-a,1.0586424590210048,Füzérkomlós: 0.2k | ≤1.1%
Nyomár,választók,222,7465410,teljes lakosság %-a,1.0616161737935357,Nyomár: 0.2k | ≤1.1%
Patalom,választók,222,7465410,teljes lakosság %-a,1.0645898885660667,Patalom: 0.2k | ≤1.1%
Pötréte,választók,222,7465410,teljes lakosság %-a,1.0675636033385976,Pötréte: 0.2k | ≤1.1%
Lénárddaróc,választók,223,7465410,teljes lakosság %-a,1.0705507132227166,Lénárddaróc: 0.2k | ≤1.1%
Pápadereske,választók,223,7465410,teljes lakosság %-a,1.0735378231068353,Pápadereske: 0.2k | ≤1.1%
Pápoc,választók,223,7465410,teljes lakosság %-a,1.0765249329909543,Pápoc: 0.2k | ≤1.1%
Szabadi,választók,223,7465410,teljes lakosság %-a,1.079512042875073,Szabadi: 0.2k | ≤1.1%
Viszák,választók,223,7465410,teljes lakosság %-a,1.082499152759192,Viszák: 0.2k | ≤1.1%
Lovászhetény,választók,224,7465410,teljes lakosság %-a,1.085499657754899,Lovászhetény: 0.2k | ≤1.1%
Nagypirit,választók,224,7465410,teljes lakosság %-a,1.0885001627506057,Nagypirit: 0.2k | ≤1.1%
Veszprémgalsa,választók,224,7465410,teljes lakosság %-a,1.0915006677463126,Veszprémgalsa: 0.2k | ≤1.1%
Csabaszabadi,választók,225,7465410,teljes lakosság %-a,1.0945145678536075,Csabaszabadi: 0.2k | ≤1.1%
Gór,választók,225,7465410,teljes lakosság %-a,1.0975284679609023,Gór: 0.2k | ≤1.1%
Kásád,választók,225,7465410,teljes lakosság %-a,1.1005423680681972,Kásád: 0.2k | ≤1.1%
Magosliget,választók,226,7465410,teljes lakosság %-a,1.10356966328708,Magosliget: 0.2k | ≤1.1%
Pusztacsalád,választók,226,7465410,teljes lakosság %-a,1.1065969585059627,Pusztacsalád: 0.2k | ≤1.1%
Rakacaszend,választók,226,7465410,teljes lakosság %-a,1.1096242537248457,Rakacaszend: 0.2k | ≤1.1%
Répceszemere,választók,226,7465410,teljes lakosság %-a,1.1126515489437283,Répceszemere: 0.2k | ≤1.1%
Sáska,választók,226,7465410,teljes lakosság %-a,1.1156788441626113,Sáska: 0.2k | ≤1.1%
Cák,választók,227,7465410,teljes lakosság %-a,1.118719534493082,Cák: 0.2k | ≤1.1%
Gordisa,választók,227,7465410,teljes lakosság %-a,1.121760224823553,Gordisa: 0.2k | ≤1.1%
Gyugy,választók,227,7465410,teljes lakosság %-a,1.1248009151540237,Gyugy: 0.2k | ≤1.1%
Hagyárosbörönd,választók,227,7465410,teljes lakosság %-a,1.1278416054844946,Hagyárosbörönd: 0.2k | ≤1.1%
Misefa,választók,227,7465410,teljes lakosság %-a,1.1308822958149654,Misefa: 0.2k | ≤1.1%
Sobor,választók,227,7465410,teljes lakosság %-a,1.133922986145436,Sobor: 0.2k | ≤1.1%
Garé,választók,228,7465410,teljes lakosság %-a,1.136977071587495,Garé: 0.2k | ≤1.1%
Nemesrempehollós,választók,228,7465410,teljes lakosság %-a,1.1400311570295536,Nemesrempehollós: 0.2k | ≤1.1%
Nemessándorháza,választók,228,7465410,teljes lakosság %-a,1.1430852424716123,Nemessándorháza: 0.2k | ≤1.1%
Pálmajor,választók,228,7465410,teljes lakosság %-a,1.1461393279136711,Pálmajor: 0.2k | ≤1.1%
Szentistvánbaksa,választók,228,7465410,teljes lakosság %-a,1.14919341335573,Szentistvánbaksa: 0.2k | ≤1.1%
Téseny,választók,228,7465410,teljes lakosság %-a,1.1522474987977886,Téseny: 0.2k | ≤1.2%
Alsódobsza,választók,229,7465410,teljes lakosság %-a,1.1553149793514355,Alsódobsza: 0.2k | ≤1.2%
Folyás,választók,229,7465410,teljes lakosság %-a,1.1583824599050823,Folyás: 0.2k | ≤1.2%
Gyügye,választók,229,7465410,teljes lakosság %-a,1.1614499404587288,Gyügye: 0.2k | ≤1.2%
Kaposkeresztúr,választók,229,7465410,teljes lakosság %-a,1.1645174210123759,Kaposkeresztúr: 0.2k | ≤1.2%
Pácsony,választók,229,7465410,teljes lakosság %-a,1.1675849015660225,Pácsony: 0.2k | ≤1.2%
Erzsébet,választók,230,7465410,teljes lakosság %-a,1.1706657772312572,Erzsébet: 0.2k | ≤1.2%
Magyarmecske,választók,230,7465410,teljes lakosság %-a,1.173746652896492,Magyarmecske: 0.2k | ≤1.2%
Nagyhajmás,választók,230,7465410,teljes lakosság %-a,1.1768275285617267,Nagyhajmás: 0.2k | ≤1.2%
Olcsvaapáti,választók,230,7465410,teljes lakosság %-a,1.1799084042269614,Olcsvaapáti: 0.2k | ≤1.2%
Old,választók,230,7465410,teljes lakosság %-a,1.1829892798921962,Old: 0.2k | ≤1.2%
Szentliszló,választók,230,7465410,teljes lakosság %-a,1.186070155557431,Szentliszló: 0.2k | ≤1.2%
Tompaládony,választók,230,7465410,teljes lakosság %-a,1.1891510312226656,Tompaládony: 0.2k | ≤1.2%
Bakonyszücs,választók,231,7465410,teljes lakosság %-a,1.1922453019994883,Bakonyszücs: 0.2k | ≤1.2%
Borsodgeszt,választók,231,7465410,teljes lakosság %-a,1.195339572776311,Borsodgeszt: 0.2k | ≤1.2%
Csehbánya,választók,231,7465410,teljes lakosság %-a,1.1984338435531336,Csehbánya: 0.2k | ≤1.2%
Hejőkürt,választók,231,7465410,teljes lakosság %-a,1.2015281143299563,Hejőkürt: 0.2k | ≤1.2%
Mencshely,választók,231,7465410,teljes lakosság %-a,1.204622385106779,Mencshely: 0.2k | ≤1.2%
Nemeskeresztúr,választók,231,7465410,teljes lakosság %-a,1.2077166558836017,Nemeskeresztúr: 0.2k | ≤1.2%
Somlójenő,választók,231,7465410,teljes lakosság %-a,1.2108109266604246,Somlójenő: 0.2k | ≤1.2%
Zselickisfalud,választók,231,7465410,teljes lakosság %-a,1.2139051974372472,Zselickisfalud: 0.2k | ≤1.2%
Döbrönte,választók,232,7465410,teljes lakosság %-a,1.217012863325658,Döbrönte: 0.2k | ≤1.2%
Tömörd,választók,232,7465410,teljes lakosság %-a,1.2201205292140687,Tömörd: 0.2k | ≤1.2%
Fertőboz,választók,233,7465410,teljes lakosság %-a,1.2232415902140672,Fertőboz: 0.2k | ≤1.2%
Mánd,választók,233,7465410,teljes lakosság %-a,1.226362651214066,Mánd: 0.2k | ≤1.2%
Szilágy,választók,233,7465410,teljes lakosság %-a,1.2294837122140645,Szilágy: 0.2k | ≤1.2%
Zalaszentjakab,választók,233,7465410,teljes lakosság %-a,1.2326047732140633,Zalaszentjakab: 0.2k | ≤1.2%
Bocska,választók,234,7465410,teljes lakosság %-a,1.23573922932565,Bocska: 0.2k | ≤1.2%
Kérsemjén,választók,234,7465410,teljes lakosság %-a,1.2388736854372366,Kérsemjén: 0.2k | ≤1.2%
Kispáli,választók,234,7465410,teljes lakosság %-a,1.242008141548823,Kispáli: 0.2k | ≤1.2%
Négyes,választók,234,7465410,teljes lakosság %-a,1.2451425976604098,Négyes: 0.2k | ≤1.2%
Pere,választók,234,7465410,teljes lakosság %-a,1.2482770537719965,Pere: 0.2k | ≤1.2%
Bakonypéterd,választók,235,7465410,teljes lakosság %-a,1.2514249049951711,Bakonypéterd: 0.2k | ≤1.3%
Csataszög,választók,235,7465410,teljes lakosság %-a,1.2545727562183457,Csataszög: 0.2k | ≤1.3%
Egyházasharaszti,választók,235,7465410,teljes lakosság %-a,1.2577206074415204,Egyházasharaszti: 0.2k | ≤1.3%
Hegyhátszentjakab,választók,235,7465410,teljes lakosság %-a,1.2608684586646948,Hegyhátszentjakab: 0.2k | ≤1.3%
Kisszékely,választók,235,7465410,teljes lakosság %-a,1.2640163098878694,Kisszékely: 0.2k | ≤1.3%
Oroszló,választók,235,7465410,teljes lakosság %-a,1.267164161111044,Oroszló: 0.2k | ≤1.3%
Iklódbördőce,választók,236,7465410,teljes lakosság %-a,1.2703254074458068,Iklódbördőce: 0.2k | ≤1.3%
Kerkabarabás,választók,236,7465410,teljes lakosság %-a,1.2734866537805694,Kerkabarabás: 0.2k | ≤1.3%
Kislippó,választók,236,7465410,teljes lakosság %-a,1.276647900115332,Kislippó: 0.2k | ≤1.3%
Rádóckölked,választók,236,7465410,teljes lakosság %-a,1.2798091464500945,Rádóckölked: 0.2k | ≤1.3%
Bozzai,választók,237,7465410,teljes lakosság %-a,1.282983787896445,Bozzai: 0.2k | ≤1.3%
Egeraracsa,választók,237,7465410,teljes lakosság %-a,1.2861584293427957,Egeraracsa: 0.2k | ≤1.3%
Kisnamény,választók,237,7465410,teljes lakosság %-a,1.2893330707891462,Kisnamény: 0.2k | ≤1.3%
Kisvaszar,választók,237,7465410,teljes lakosság %-a,1.2925077122354969,Kisvaszar: 0.2k | ≤1.3%
Nagyváty,választók,237,7465410,teljes lakosság %-a,1.2956823536818474,Nagyváty: 0.2k | ≤1.3%
Gősfa,választók,238,7465410,teljes lakosság %-a,1.2988703902397858,Gősfa: 0.2k | ≤1.3%
Hetefejércse,választók,239,7465410,teljes lakosság %-a,1.3020718219093124,Hetefejércse: 0.2k | ≤1.3%
Sopronnémeti,választók,239,7465410,teljes lakosság %-a,1.305273253578839,Sopronnémeti: 0.2k | ≤1.3%
Szamostatárfalva,választók,240,7465410,teljes lakosság %-a,1.3084880803599535,Szamostatárfalva: 0.2k | ≤1.3%
Fony,választók,241,7465410,teljes lakosság %-a,1.311716302252656,Fony: 0.2k | ≤1.3%
Füzérradvány,választók,241,7465410,teljes lakosság %-a,1.3149445241453583,Füzérradvány: 0.2k | ≤1.3%
Hernádkércs,választók,241,7465410,teljes lakosság %-a,1.318172746038061,Hernádkércs: 0.2k | ≤1.3%
Szentdénes,választók,241,7465410,teljes lakosság %-a,1.3214009679307632,Szentdénes: 0.2k | ≤1.3%
Uppony,választók,241,7465410,teljes lakosság %-a,1.324629189823466,Uppony: 0.2k | ≤1.3%
Alsómocsolád,választók,242,7465410,teljes lakosság %-a,1.3278708068277563,Alsómocsolád: 0.2k | ≤1.3%
Szegi,választók,242,7465410,teljes lakosság %-a,1.3311124238320469,Szegi: 0.2k | ≤1.3%
Szentbalázs,választók,242,7465410,teljes lakosság %-a,1.3343540408363372,Szentbalázs: 0.2k | ≤1.3%
Fonó,választók,243,7465410,teljes lakosság %-a,1.3376090529522155,Fonó: 0.2k | ≤1.3%
Kátoly,választók,243,7465410,teljes lakosság %-a,1.340864065068094,Kátoly: 0.2k | ≤1.3%
Kissikátor,választók,243,7465410,teljes lakosság %-a,1.3441190771839724,Kissikátor: 0.2k | ≤1.3%
Lesencefalu,választók,243,7465410,teljes lakosság %-a,1.347374089299851,Lesencefalu: 0.2k | ≤1.3%
Magyarsarlós,választók,243,7465410,teljes lakosság %-a,1.3506291014157294,Magyarsarlós: 0.2k | ≤1.4%
Gadány,választók,244,7465410,teljes lakosság %-a,1.3538975086431957,Gadány: 0.2k | ≤1.4%
Szalatnak,választók,244,7465410,teljes lakosság %-a,1.3571659158706622,Szalatnak: 0.2k | ≤1.4%
Zók,választók,244,7465410,teljes lakosság %-a,1.3604343230981286,Zók: 0.2k | ≤1.4%
Lórév,választók,245,7465410,teljes lakosság %-a,1.363716125437183,Lórév: 0.2k | ≤1.4%
Matty,választók,245,7465410,teljes lakosság %-a,1.3669979277762372,Matty: 0.2k | ≤1.4%
Vámoscsalád,választók,245,7465410,teljes lakosság %-a,1.3702797301152918,Vámoscsalád: 0.2k | ≤1.4%
Kishuta,választók,246,7465410,teljes lakosság %-a,1.3735749275659341,Kishuta: 0.2k | ≤1.4%
Pásztori,választók,246,7465410,teljes lakosság %-a,1.3768701250165765,Pásztori: 0.2k | ≤1.4%
Sajtoskál,választók,246,7465410,teljes lakosság %-a,1.3801653224672188,Sajtoskál: 0.2k | ≤1.4%
Somogyhatvan,választók,246,7465410,teljes lakosság %-a,1.3834605199178611,Somogyhatvan: 0.2k | ≤1.4%
Szergény,választók,246,7465410,teljes lakosság %-a,1.3867557173685037,Szergény: 0.2k | ≤1.4%
Tormásliget,választók,246,7465410,teljes lakosság %-a,1.390050914819146,Tormásliget: 0.2k | ≤1.4%
Milejszeg,választók,248,7465410,teljes lakosság %-a,1.3933729024929642,Milejszeg: 0.2k | ≤1.4%
Nemescsó,választók,248,7465410,teljes lakosság %-a,1.3966948901667826,Nemescsó: 0.2k | ≤1.4%
Bögöte,választók,249,7465410,teljes lakosság %-a,1.4000302729521887,Bögöte: 0.2k | ≤1.4%
Dámóc,választók,249,7465410,teljes lakosság %-a,1.403365655737595,Dámóc: 0.2k | ≤1.4%
Fedémes,választók,249,7465410,teljes lakosság %-a,1.4067010385230014,Fedémes: 0.2k | ≤1.4%
Gilvánfa,választók,249,7465410,teljes lakosság %-a,1.4100364213084078,Gilvánfa: 0.2k | ≤1.4%
Botykapeterd,választók,250,7465410,teljes lakosság %-a,1.413385199205402,Botykapeterd: 0.2k | ≤1.4%
Kiskinizs,választók,250,7465410,teljes lakosság %-a,1.4167339771023963,Kiskinizs: 0.2k | ≤1.4%
Koppányszántó,választók,250,7465410,teljes lakosság %-a,1.4200827549993906,Koppányszántó: 0.2k | ≤1.4%
Mikosszéplak,választók,250,7465410,teljes lakosság %-a,1.423431532896385,Mikosszéplak: 0.2k | ≤1.4%
Tiszavalk,választók,250,7465410,teljes lakosság %-a,1.4267803107933792,Tiszavalk: 0.2k | ≤1.4%
Udvari,választók,250,7465410,teljes lakosság %-a,1.4301290886903735,Udvari: 0.2k | ≤1.4%
Kistótfalu,választók,251,7465410,teljes lakosság %-a,1.4334912616989557,Kistótfalu: 0.3k | ≤1.4%
Teklafalu,választók,251,7465410,teljes lakosság %-a,1.4368534347075377,Teklafalu: 0.3k | ≤1.4%
Told,választók,251,7465410,teljes lakosság %-a,1.4402156077161201,Told: 0.3k | ≤1.4%
Zádor,választók,251,7465410,teljes lakosság %-a,1.4435777807247023,Zádor: 0.3k | ≤1.4%
Diósberény,választók,252,7465410,teljes lakosság %-a,1.4469533488448725,Diósberény: 0.3k | ≤1.4%
Tiszabábolna,választók,252,7465410,teljes lakosság %-a,1.4503289169650428,Tiszabábolna: 0.3k | ≤1.5%
Bácsszőlős,választók,253,7465410,teljes lakosság %-a,1.4537178801968011,Bácsszőlős: 0.3k | ≤1.5%
Fancsal,választók,253,7465410,teljes lakosság %-a,1.4571068434285592,Fancsal: 0.3k | ≤1.5%
Hásságy,választók,253,7465410,teljes lakosság %-a,1.4604958066603173,Hásságy: 0.3k | ≤1.5%
Szava,választók,254,7465410,teljes lakosság %-a,1.4638981650036635,Szava: 0.3k | ≤1.5%
Szente,választók,254,7465410,teljes lakosság %-a,1.4673005233470098,Szente: 0.3k | ≤1.5%
Fülpösdaróc,választók,255,7465410,teljes lakosság %-a,1.470716276801944,Fülpösdaróc: 0.3k | ≤1.5%
Nagytótfalu,választók,255,7465410,teljes lakosság %-a,1.4741320302568781,Nagytótfalu: 0.3k | ≤1.5%
Egyházashetye,választók,256,7465410,teljes lakosság %-a,1.4775611788234002,Egyházashetye: 0.3k | ≤1.5%
Kárász,választók,256,7465410,teljes lakosság %-a,1.4809903273899223,Kárász: 0.3k | ≤1.5%
Patapoklosi,választók,256,7465410,teljes lakosság %-a,1.4844194759564444,Patapoklosi: 0.3k | ≤1.5%
Csesztve,választók,257,7465410,teljes lakosság %-a,1.4878620196345547,Csesztve: 0.3k | ≤1.5%
Hencse,választók,257,7465410,teljes lakosság %-a,1.4913045633126647,Hencse: 0.3k | ≤1.5%
Nyőgér,választók,257,7465410,teljes lakosság %-a,1.4947471069907747,Nyőgér: 0.3k | ≤1.5%
Ukk,választók,257,7465410,teljes lakosság %-a,1.4981896506688848,Ukk: 0.3k | ≤1.5%
Rózsafa,választók,258,7465410,teljes lakosság %-a,1.501645589458583,Rózsafa: 0.3k | ≤1.5%
Szemere,választók,258,7465410,teljes lakosság %-a,1.5051015282482811,Szemere: 0.3k | ≤1.5%
Kistormás,választók,259,7465410,teljes lakosság %-a,1.508570862149567,Kistormás: 0.3k | ≤1.5%
Megyehíd,választók,259,7465410,teljes lakosság %-a,1.5120401960508532,Megyehíd: 0.3k | ≤1.5%
Mezőhék,választók,259,7465410,teljes lakosság %-a,1.5155095299521393,Mezőhék: 0.3k | ≤1.5%
Nagydém,választók,259,7465410,teljes lakosság %-a,1.5189788638534252,Nagydém: 0.3k | ≤1.5%
Baktüttös,választók,261,7465410,teljes lakosság %-a,1.5224749879778874,Baktüttös: 0.3k | ≤1.5%
Ősagárd,választók,261,7465410,teljes lakosság %-a,1.5259711121023494,Ősagárd: 0.3k | ≤1.5%
Sikátor,választók,261,7465410,teljes lakosság %-a,1.5294672362268114,Sikátor: 0.3k | ≤1.5%
Uzsa,választók,261,7465410,teljes lakosság %-a,1.5329633603512733,Uzsa: 0.3k | ≤1.5%
Nyim,választók,262,7465410,teljes lakosság %-a,1.5364728795873235,Nyim: 0.3k | ≤1.5%
Und,választók,262,7465410,teljes lakosság %-a,1.5399823988233734,Und: 0.3k | ≤1.5%
Románd,választók,263,7465410,teljes lakosság %-a,1.5435053131710115,Románd: 0.3k | ≤1.5%
Tormafölde,választók,263,7465410,teljes lakosság %-a,1.5470282275186493,Tormafölde: 0.3k | ≤1.5%
Alsórajk,választók,264,7465410,teljes lakosság %-a,1.5505645369778753,Alsórajk: 0.3k | ≤1.6%
Drágszél,választók,264,7465410,teljes lakosság %-a,1.5541008464371013,Drágszél: 0.3k | ≤1.6%
Sajógalgóc,választók,264,7465410,teljes lakosság %-a,1.5576371558963271,Sajógalgóc: 0.3k | ≤1.6%
Szőce,választók,264,7465410,teljes lakosság %-a,1.5611734653555531,Szőce: 0.3k | ≤1.6%
Bodonhely,választók,265,7465410,teljes lakosság %-a,1.5647231699263673,Bodonhely: 0.3k | ≤1.6%
Hövej,választók,265,7465410,teljes lakosság %-a,1.568272874497181,Hövej: 0.3k | ≤1.6%
Kővágótöttös,választók,265,7465410,teljes lakosság %-a,1.5718225790679952,Kővágótöttös: 0.3k | ≤1.6%
Nemesrádó,választók,265,7465410,teljes lakosság %-a,1.5753722836388089,Nemesrádó: 0.3k | ≤1.6%
Pusztaottlaka,választók,265,7465410,teljes lakosság %-a,1.5789219882096226,Pusztaottlaka: 0.3k | ≤1.6%
Fulókércs,választók,266,7465410,teljes lakosság %-a,1.5824850878920247,Fulókércs: 0.3k | ≤1.6%
Szentgyörgyvár,választók,266,7465410,teljes lakosság %-a,1.5860481875744266,Szentgyörgyvár: 0.3k | ≤1.6%
Pápasalamon,választók,267,7465410,teljes lakosság %-a,1.5896246823684166,Pápasalamon: 0.3k | ≤1.6%
Nagycsepely,választók,268,7465410,teljes lakosság %-a,1.5932145722739943,Nagycsepely: 0.3k | ≤1.6%
Szentegát,választók,268,7465410,teljes lakosság %-a,1.5968044621795723,Szentegát: 0.3k | ≤1.6%
Varsád,választók,268,7465410,teljes lakosság %-a,1.60039435208515,Varsád: 0.3k | ≤1.6%
Garadna,választók,269,7465410,teljes lakosság %-a,1.6039976371023157,Garadna: 0.3k | ≤1.6%
Csempeszkopács,választók,270,7465410,teljes lakosság %-a,1.6076143172310697,Csempeszkopács: 0.3k | ≤1.6%
Csenyéte,választók,270,7465410,teljes lakosság %-a,1.6112309973598236,Csenyéte: 0.3k | ≤1.6%
Csonkahegyhát,választók,270,7465410,teljes lakosság %-a,1.6148476774885772,Csonkahegyhát: 0.3k | ≤1.6%
Iszkáz,választók,270,7465410,teljes lakosság %-a,1.6184643576173312,Iszkáz: 0.3k | ≤1.6%
Répcevis,választók,270,7465410,teljes lakosság %-a,1.622081037746085,Répcevis: 0.3k | ≤1.6%
Szebény,választók,270,7465410,teljes lakosság %-a,1.6256977178748386,Szebény: 0.3k | ≤1.6%
Felsőmocsolád,választók,271,7465410,teljes lakosság %-a,1.6293277931151806,Felsőmocsolád: 0.3k | ≤1.6%
Gige,választók,272,7465410,teljes lakosság %-a,1.6329712634671103,Gige: 0.3k | ≤1.6%
Kismányok,választók,272,7465410,teljes lakosság %-a,1.63661473381904,Kismányok: 0.3k | ≤1.6%
Vaskeresztes,választók,272,7465410,teljes lakosság %-a,1.6402582041709697,Vaskeresztes: 0.3k | ≤1.6%
Fáj,választók,273,7465410,teljes lakosság %-a,1.6439150696344877,Fáj: 0.3k | ≤1.6%
Kelevíz,választók,273,7465410,teljes lakosság %-a,1.6475719350980054,Kelevíz: 0.3k | ≤1.6%
Kercseliget,választók,273,7465410,teljes lakosság %-a,1.651228800561523,Kercseliget: 0.3k | ≤1.7%
Terény,választók,273,7465410,teljes lakosság %-a,1.6548856660250406,Terény: 0.3k | ≤1.7%
Hollókő,választók,274,7465410,teljes lakosság %-a,1.6585559266001466,Hollókő: 0.3k | ≤1.7%
Mőcsény,választók,274,7465410,teljes lakosság %-a,1.6622261871752524,Mőcsény: 0.3k | ≤1.7%
Pornóapáti,választók,274,7465410,teljes lakosság %-a,1.665896447750358,Pornóapáti: 0.3k | ≤1.7%
Szemenye,választók,274,7465410,teljes lakosság %-a,1.6695667083254637,Szemenye: 0.3k | ≤1.7%
Vásárosmiske,választók,274,7465410,teljes lakosság %-a,1.6732369689005693,Vásárosmiske: 0.3k | ≤1.7%
Boncodfölde,választók,275,7465410,teljes lakosság %-a,1.676920624587263,Boncodfölde: 0.3k | ≤1.7%
Ófalu,választók,275,7465410,teljes lakosság %-a,1.680604280273957,Ófalu: 0.3k | ≤1.7%
Rinyaszentkirály,választók,275,7465410,teljes lakosság %-a,1.6842879359606506,Rinyaszentkirály: 0.3k | ≤1.7%
Vindornyaszőlős,választók,275,7465410,teljes lakosság %-a,1.6879715916473441,Vindornyaszőlős: 0.3k | ≤1.7%
Alsószölnök,választók,276,7465410,teljes lakosság %-a,1.6916686424456258,Alsószölnök: 0.3k | ≤1.7%
Csehimindszent,választók,276,7465410,teljes lakosság %-a,1.6953656932439074,Csehimindszent: 0.3k | ≤1.7%
Gyepükaján,választók,276,7465410,teljes lakosság %-a,1.699062744042189,Gyepükaján: 0.3k | ≤1.7%
Martonyi,választók,276,7465410,teljes lakosság %-a,1.7027597948404711,Martonyi: 0.3k | ≤1.7%
Perőcsény,választók,276,7465410,teljes lakosság %-a,1.7064568456387528,Perőcsény: 0.3k | ≤1.7%
Vasalja,választók,276,7465410,teljes lakosság %-a,1.7101538964370344,Vasalja: 0.3k | ≤1.7%
Bakonya,választók,277,7465410,teljes lakosság %-a,1.713864342346904,Bakonya: 0.3k | ≤1.7%
Hottó,választók,277,7465410,teljes lakosság %-a,1.7175747882567736,Hottó: 0.3k | ≤1.7%
Bélavár,választók,278,7465410,teljes lakosság %-a,1.7212986292782313,Bélavár: 0.3k | ≤1.7%
Erdősmecske,választók,278,7465410,teljes lakosság %-a,1.7250224702996888,Erdősmecske: 0.3k | ≤1.7%
Kisbajom,választók,278,7465410,teljes lakosság %-a,1.7287463113211463,Kisbajom: 0.3k | ≤1.7%
Nemesvita,választók,278,7465410,teljes lakosság %-a,1.732470152342604,Nemesvita: 0.3k | ≤1.7%
Pinnye,választók,278,7465410,teljes lakosság %-a,1.7361939933640615,Pinnye: 0.3k | ≤1.7%
Zalavég,választók,278,7465410,teljes lakosság %-a,1.7399178343855193,Zalavég: 0.3k | ≤1.7%
Császló,választók,279,7465410,teljes lakosság %-a,1.7436550705185647,Császló: 0.3k | ≤1.7%
Nemeskocs,választók,279,7465410,teljes lakosság %-a,1.7473923066516104,Nemeskocs: 0.3k | ≤1.7%
Örménykút,választók,279,7465410,teljes lakosság %-a,1.7511295427846563,Örménykút: 0.3k | ≤1.8%
Tákos,választók,279,7465410,teljes lakosság %-a,1.754866778917702,Tákos: 0.3k | ≤1.8%
Bodrog,választók,280,7465410,teljes lakosság %-a,1.7586174101623355,Bodrog: 0.3k | ≤1.8%
Hács,választók,280,7465410,teljes lakosság %-a,1.7623680414069691,Hács: 0.3k | ≤1.8%
Katafa,választók,280,7465410,teljes lakosság %-a,1.7661186726516027,Katafa: 0.3k | ≤1.8%
Mónosbél,választók,280,7465410,teljes lakosság %-a,1.7698693038962363,Mónosbél: 0.3k | ≤1.8%
Oszlár,választók,280,7465410,teljes lakosság %-a,1.77361993514087,Oszlár: 0.3k | ≤1.8%
Pénzesgyőr,választók,280,7465410,teljes lakosság %-a,1.7773705663855035,Pénzesgyőr: 0.3k | ≤1.8%
Táska,választók,280,7465410,teljes lakosság %-a,1.781121197630137,Táska: 0.3k | ≤1.8%
Mihályfa,választók,281,7465410,teljes lakosság %-a,1.7848852239863586,Mihályfa: 0.3k | ≤1.8%
Balatonudvari,választók,282,7465410,teljes lakosság %-a,1.788662645454168,Balatonudvari: 0.3k | ≤1.8%
Füzér,választók,282,7465410,teljes lakosság %-a,1.7924400669219773,Füzér: 0.3k | ≤1.8%
Ivád,választók,282,7465410,teljes lakosság %-a,1.7962174883897868,Ivád: 0.3k | ≤1.8%
Kertészsziget,választók,282,7465410,teljes lakosság %-a,1.7999949098575965,Kertészsziget: 0.3k | ≤1.8%
Vasszentmihály,választók,283,7465410,teljes lakosság %-a,1.803785726436994,Vasszentmihály: 0.3k | ≤1.8%
Zalaboldogfa,választók,283,7465410,teljes lakosság %-a,1.8075765430163915,Zalaboldogfa: 0.3k | ≤1.8%
Csép,választók,284,7465410,teljes lakosság %-a,1.811380754707377,Csép: 0.3k | ≤1.8%
Gic,választók,284,7465410,teljes lakosság %-a,1.8151849663983626,Gic: 0.3k | ≤1.8%
Köveskál,választók,284,7465410,teljes lakosság %-a,1.8189891780893481,Köveskál: 0.3k | ≤1.8%
Petrivente,választók,284,7465410,teljes lakosság %-a,1.8227933897803337,Petrivente: 0.3k | ≤1.8%
Szúcs,választók,284,7465410,teljes lakosság %-a,1.8265976014713192,Szúcs: 0.3k | ≤1.8%
Várbalog,választók,284,7465410,teljes lakosság %-a,1.8304018131623043,Várbalog: 0.3k | ≤1.8%
Csipkerek,választók,285,7465410,teljes lakosság %-a,1.834219419964878,Csipkerek: 0.3k | ≤1.8%
Kisvejke,választók,285,7465410,teljes lakosság %-a,1.8380370267674515,Kisvejke: 0.3k | ≤1.8%
Mucsfa,választók,285,7465410,teljes lakosság %-a,1.841854633570025,Mucsfa: 0.3k | ≤1.8%
Bér,választók,286,7465410,teljes lakosság %-a,1.8456856354841864,Bér: 0.3k | ≤1.8%
Kamond,választók,286,7465410,teljes lakosság %-a,1.849516637398348,Kamond: 0.3k | ≤1.8%
Endrőc,választók,287,7465410,teljes lakosság %-a,1.8533610344240972,Endrőc: 0.3k | ≤1.9%
Petrikeresztúr,választók,287,7465410,teljes lakosság %-a,1.8572054314498467,Petrikeresztúr: 0.3k | ≤1.9%
Tokorcs,választók,287,7465410,teljes lakosság %-a,1.861049828475596,Tokorcs: 0.3k | ≤1.9%
Cserdi,választók,288,7465410,teljes lakosság %-a,1.8649076206129336,Cserdi: 0.3k | ≤1.9%
Egervölgy,választók,288,7465410,teljes lakosság %-a,1.8687654127502709,Egervölgy: 0.3k | ≤1.9%
Gibárt,választók,288,7465410,teljes lakosság %-a,1.8726232048876084,Gibárt: 0.3k | ≤1.9%
Bozsok,választók,289,7465410,teljes lakosság %-a,1.8764943921365338,Bozsok: 0.3k | ≤1.9%
Helesfa,választók,289,7465410,teljes lakosság %-a,1.8803655793854592,Helesfa: 0.3k | ≤1.9%
Nagyszakácsi,választók,289,7465410,teljes lakosság %-a,1.8842367666343844,Nagyszakácsi: 0.3k | ≤1.9%
Nemeshany,választók,289,7465410,teljes lakosság %-a,1.8881079538833099,Nemeshany: 0.3k | ≤1.9%
Nyíri,választók,289,7465410,teljes lakosság %-a,1.8919791411322353,Nyíri: 0.3k | ≤1.9%
Simonfa,választók,289,7465410,teljes lakosság %-a,1.8958503283811605,Simonfa: 0.3k | ≤1.9%
Szabolcs,választók,289,7465410,teljes lakosság %-a,1.899721515630086,Szabolcs: 0.3k | ≤1.9%
Vaspör,választók,289,7465410,teljes lakosság %-a,1.9035927028790114,Vaspör: 0.3k | ≤1.9%
Csánig,választók,290,7465410,teljes lakosság %-a,1.9074772852395248,Csánig: 0.3k | ≤1.9%
Kisbodak,választók,290,7465410,teljes lakosság %-a,1.911361867600038,Kisbodak: 0.3k | ≤1.9%
Vasegerszeg,választók,290,7465410,teljes lakosság %-a,1.9152464499605515,Vasegerszeg: 0.3k | ≤1.9%
Zalaháshágy,választók,290,7465410,teljes lakosság %-a,1.9191310323210649,Zalaháshágy: 0.3k | ≤1.9%
Cserháthaláp,választók,291,7465410,teljes lakosság %-a,1.923029009793166,Cserháthaláp: 0.3k | ≤1.9%
Csönge,választók,292,7465410,teljes lakosság %-a,1.9269403823768554,Csönge: 0.3k | ≤1.9%
Tiszainoka,választók,292,7465410,teljes lakosság %-a,1.9308517549605448,Tiszainoka: 0.3k | ≤1.9%
Kisapáti,választók,293,7465410,teljes lakosság %-a,1.934776522655822,Kisapáti: 0.3k | ≤1.9%
Nagypall,választók,293,7465410,teljes lakosság %-a,1.9387012903510994,Nagypall: 0.3k | ≤1.9%
Szamosújlak,választók,293,7465410,teljes lakosság %-a,1.9426260580463766,Szamosújlak: 0.3k | ≤1.9%
Szőkéd,választók,293,7465410,teljes lakosság %-a,1.946550825741654,Szőkéd: 0.3k | ≤1.9%
Jászivány,választók,294,7465410,teljes lakosság %-a,1.950488988548519,Jászivány: 0.3k | ≤2%
Aranyosgadány,választók,295,7465410,teljes lakosság %-a,1.9544405464669723,Aranyosgadány: 0.3k | ≤2%
Borszörcsök,választók,295,7465410,teljes lakosság %-a,1.9583921043854253,Borszörcsök: 0.3k | ≤2%
Bögöt,választók,295,7465410,teljes lakosság %-a,1.9623436623038788,Bögöt: 0.3k | ≤2%
Kövegy,választók,295,7465410,teljes lakosság %-a,1.9662952202223323,Kövegy: 0.3k | ≤2%
Nemeskolta,választók,295,7465410,teljes lakosság %-a,1.9702467781407853,Nemeskolta: 0.3k | ≤2%
Páli,választók,295,7465410,teljes lakosság %-a,1.9741983360592388,Páli: 0.3k | ≤2%
Pölöskefő,választók,295,7465410,teljes lakosság %-a,1.9781498939776918,Pölöskefő: 0.3k | ≤2%
Hedrehely,választók,296,7465410,teljes lakosság %-a,1.9821148470077332,Hedrehely: 0.3k | ≤2%
Kisbárapáti,választók,296,7465410,teljes lakosság %-a,1.9860798000377742,Kisbárapáti: 0.3k | ≤2%
Szakonyfalu,választók,297,7465410,teljes lakosság %-a,1.9900581481794035,Szakonyfalu: 0.3k | ≤2%
Szenta,választók,297,7465410,teljes lakosság %-a,1.9940364963210326,Szenta: 0.3k | ≤2%
Adorjánháza,választók,298,7465410,teljes lakosság %-a,1.9980282395742497,Adorjánháza: 0.3k | ≤2%
Felsőkelecsény,választók,298,7465410,teljes lakosság %-a,2.002019982827467,Felsőkelecsény: 0.3k | ≤2%
Görcsönydoboka,választók,298,7465410,teljes lakosság %-a,2.006011726080684,Görcsönydoboka: 0.3k | ≤2%
Nagyszékely,választók,298,7465410,teljes lakosság %-a,2.0100034693339013,Nagyszékely: 0.3k | ≤2%
Boldogasszonyfa,választók,299,7465410,teljes lakosság %-a,2.0140086076987065,Boldogasszonyfa: 0.3k | ≤2%
Liget,választók,299,7465410,teljes lakosság %-a,2.0180137460635112,Liget: 0.3k | ≤2%
Orosztony,választók,300,7465410,teljes lakosság %-a,2.022032279539905,Orosztony: 0.3k | ≤2%
Sand,választók,300,7465410,teljes lakosság %-a,2.026050813016298,Sand: 0.3k | ≤2%
Zalaistvánd,választók,300,7465410,teljes lakosság %-a,2.030069346492691,Zalaistvánd: 0.3k | ≤2%
Batyk,választók,301,7465410,teljes lakosság %-a,2.034101275080672,Batyk: 0.3k | ≤2%
Gecse,választók,301,7465410,teljes lakosság %-a,2.0381332036686532,Gecse: 0.3k | ≤2%
Bedegkér,választók,302,7465410,teljes lakosság %-a,2.0421785273682223,Bedegkér: 0.3k | ≤2%
Pusztamiske,választók,302,7465410,teljes lakosság %-a,2.0462238510677913,Pusztamiske: 0.3k | ≤2%
Siklósnagyfalu,választók,302,7465410,teljes lakosság %-a,2.0502691747673603,Siklósnagyfalu: 0.3k | ≤2.1%
Somogyhárságy,választók,303,7465410,teljes lakosság %-a,2.054327893578517,Somogyhárságy: 0.3k | ≤2.1%
Bátor,választók,304,7465410,teljes lakosság %-a,2.0584000075012625,Bátor: 0.3k | ≤2.1%
Csörnyeföld,választók,304,7465410,teljes lakosság %-a,2.0624721214240074,Csörnyeföld: 0.3k | ≤2.1%
Drávasztára,választók,306,7465410,teljes lakosság %-a,2.0665710255699286,Drávasztára: 0.3k | ≤2.1%
Hernádszentandrás,választók,306,7465410,teljes lakosság %-a,2.0706699297158493,Hernádszentandrás: 0.3k | ≤2.1%
Sajósenye,választók,306,7465410,teljes lakosság %-a,2.0747688338617705,Sajósenye: 0.3k | ≤2.1%
Bedő,választók,307,7465410,teljes lakosság %-a,2.0788811331192796,Bedő: 0.3k | ≤2.1%
Csitár,választók,307,7465410,teljes lakosság %-a,2.0829934323767887,Csitár: 0.3k | ≤2.1%
Kapolcs,választók,307,7465410,teljes lakosság %-a,2.0871057316342974,Kapolcs: 0.3k | ≤2.1%
Újtelek,választók,307,7465410,teljes lakosság %-a,2.0912180308918065,Újtelek: 0.3k | ≤2.1%
Almamellék,választók,308,7465410,teljes lakosság %-a,2.095343725260903,Almamellék: 0.3k | ≤2.1%
Tiszadorogma,választók,308,7465410,teljes lakosság %-a,2.09946941963,Tiszadorogma: 0.3k | ≤2.1%
Farkasgyepű,választók,309,7465410,teljes lakosság %-a,2.103608509110685,Farkasgyepű: 0.3k | ≤2.1%
Liszó,választók,309,7465410,teljes lakosság %-a,2.10774759859137,Liszó: 0.3k | ≤2.1%
Szarvaskő,választók,310,7465410,teljes lakosság %-a,2.111900083183643,Szarvaskő: 0.3k | ≤2.1%
Szentgyörgyvölgy,választók,310,7465410,teljes lakosság %-a,2.116052567775916,Szentgyörgyvölgy: 0.3k | ≤2.1%
Vasasszonyfa,választók,310,7465410,teljes lakosság %-a,2.120205052368189,Vasasszonyfa: 0.3k | ≤2.1%
Kemenespálfa,választók,311,7465410,teljes lakosság %-a,2.1243709320720496,Kemenespálfa: 0.3k | ≤2.1%
Ócsárd,választók,311,7465410,teljes lakosság %-a,2.1285368117759105,Ócsárd: 0.3k | ≤2.1%
Szamoskér,választók,311,7465410,teljes lakosság %-a,2.1327026914797713,Szamoskér: 0.3k | ≤2.1%
Tornyosnémeti,választók,311,7465410,teljes lakosság %-a,2.136868571183632,Tornyosnémeti: 0.3k | ≤2.1%
Bátaapáti,választók,312,7465410,teljes lakosság %-a,2.141047845999081,Bátaapáti: 0.3k | ≤2.1%
Belvárdgyula,választók,313,7465410,teljes lakosság %-a,2.1452405159261176,Belvárdgyula: 0.3k | ≤2.1%
Vashosszúfalu,választók,313,7465410,teljes lakosság %-a,2.149433185853155,Vashosszúfalu: 0.3k | ≤2.1%
Marcalgergelyi,választók,314,7465410,teljes lakosság %-a,2.1536392508917794,Marcalgergelyi: 0.3k | ≤2.2%
Nagybakónak,választók,315,7465410,teljes lakosság %-a,2.1578587110419924,Nagybakónak: 0.3k | ≤2.2%
Rigyác,választók,315,7465410,teljes lakosság %-a,2.162078171192205,Rigyác: 0.3k | ≤2.2%
Borjád,választók,316,7465410,teljes lakosság %-a,2.166311026454006,Borjád: 0.3k | ≤2.2%
Gyóró,választók,316,7465410,teljes lakosság %-a,2.170543881715807,Gyóró: 0.3k | ≤2.2%
Velem,választók,316,7465410,teljes lakosság %-a,2.1747767369776074,Velem: 0.3k | ≤2.2%
Zádorfalva,választók,316,7465410,teljes lakosság %-a,2.179009592239408,Zádorfalva: 0.3k | ≤2.2%
Csertő,választók,317,7465410,teljes lakosság %-a,2.183255842612797,Csertő: 0.3k | ≤2.2%
Nagytőke,választók,317,7465410,teljes lakosság %-a,2.1875020929861857,Nagytőke: 0.3k | ≤2.2%
Rönök,választók,317,7465410,teljes lakosság %-a,2.1917483433595746,Rönök: 0.3k | ≤2.2%
Szécsényfelfalu,választók,317,7465410,teljes lakosság %-a,2.195994593732963,Szécsényfelfalu: 0.3k | ≤2.2%
Pusztaszemes,választók,318,7465410,teljes lakosság %-a,2.20025423921794,Pusztaszemes: 0.3k | ≤2.2%
Törökkoppány,választók,319,7465410,teljes lakosság %-a,2.2045272798145046,Törökkoppány: 0.3k | ≤2.2%
Somodor,választók,320,7465410,teljes lakosság %-a,2.2088137155226573,Somodor: 0.3k | ≤2.2%
Ziliz,választók,320,7465410,teljes lakosság %-a,2.21310015123081,Ziliz: 0.3k | ≤2.2%
Bolhás,választók,321,7465410,teljes lakosság %-a,2.2173999820505506,Bolhás: 0.3k | ≤2.2%
Cserépváralja,választók,321,7465410,teljes lakosság %-a,2.221699812870291,Cserépváralja: 0.3k | ≤2.2%
Esztergályhorváti,választók,322,7465410,teljes lakosság %-a,2.2260130388016197,Esztergályhorváti: 0.3k | ≤2.2%
Olaszfa,választók,322,7465410,teljes lakosság %-a,2.2303262647329483,Olaszfa: 0.3k | ≤2.2%
Zabar,választók,322,7465410,teljes lakosság %-a,2.234639490664277,Zabar: 0.3k | ≤2.2%
Zajta,választók,322,7465410,teljes lakosság %-a,2.238952716595606,Zajta: 0.3k | ≤2.2%
Dénesfa,választók,323,7465410,teljes lakosság %-a,2.2432793376385223,Dénesfa: 0.3k | ≤2.2%
Selyeb,választók,323,7465410,teljes lakosság %-a,2.2476059586814388,Selyeb: 0.3k | ≤2.2%
Somogygeszti,választók,323,7465410,teljes lakosság %-a,2.2519325797243557,Somogygeszti: 0.3k | ≤2.3%
Ipolydamásd,választók,324,7465410,teljes lakosság %-a,2.25627259587886,Ipolydamásd: 0.3k | ≤2.3%
Mucsi,választók,326,7465410,teljes lakosság %-a,2.260639402256541,Mucsi: 0.3k | ≤2.3%
Bakonybánk,választók,327,7465410,teljes lakosság %-a,2.265019603745809,Bakonybánk: 0.3k | ≤2.3%
Bakonypölöske,választók,327,7465410,teljes lakosság %-a,2.2693998052350777,Bakonypölöske: 0.3k | ≤2.3%
Boda,választók,327,7465410,teljes lakosság %-a,2.273780006724346,Boda: 0.3k | ≤2.3%
Ipolytarnóc,választók,327,7465410,teljes lakosság %-a,2.2781602082136145,Ipolytarnóc: 0.3k | ≤2.3%
Sávoly,választók,327,7465410,teljes lakosság %-a,2.282540409702883,Sávoly: 0.3k | ≤2.3%
Völcsej,választók,327,7465410,teljes lakosság %-a,2.286920611192152,Völcsej: 0.3k | ≤2.3%
Dabrony,választók,328,7465410,teljes lakosság %-a,2.291314207793008,Dabrony: 0.3k | ≤2.3%
Kisbágyon,választók,328,7465410,teljes lakosság %-a,2.2957078043938646,Kisbágyon: 0.3k | ≤2.3%
Szamosbecs,választók,329,7465410,teljes lakosság %-a,2.300114796106309,Szamosbecs: 0.3k | ≤2.3%
Alibánfa,választók,330,7465410,teljes lakosság %-a,2.304535182930341,Alibánfa: 0.3k | ≤2.3%
Bogádmindszent,választók,330,7465410,teljes lakosság %-a,2.308955569754374,Bogádmindszent: 0.3k | ≤2.3%
Léh,választók,330,7465410,teljes lakosság %-a,2.3133759565784064,Léh: 0.3k | ≤2.3%
Sumony,választók,330,7465410,teljes lakosság %-a,2.317796343402439,Sumony: 0.3k | ≤2.3%
Szőc,választók,330,7465410,teljes lakosság %-a,2.3222167302264713,Szőc: 0.3k | ≤2.3%
Csém,választók,331,7465410,teljes lakosság %-a,2.3266505121620913,Csém: 0.3k | ≤2.3%
Sajónémeti,választók,332,7465410,teljes lakosság %-a,2.3310976892093,Sajónémeti: 0.3k | ≤2.3%
Apátistvánfalva,választók,334,7465410,teljes lakosság %-a,2.3355716564796842,Apátistvánfalva: 0.3k | ≤2.3%
Ömböly,választók,334,7465410,teljes lakosság %-a,2.3400456237500684,Ömböly: 0.3k | ≤2.3%
Szarvasgede,választók,334,7465410,teljes lakosság %-a,2.344519591020453,Szarvasgede: 0.3k | ≤2.3%
Vasszilvágy,választók,334,7465410,teljes lakosság %-a,2.3489935582908372,Vasszilvágy: 0.3k | ≤2.3%
Mecsekpölöske,választók,335,7465410,teljes lakosság %-a,2.35348092067281,Mecsekpölöske: 0.3k | ≤2.4%
Molnaszecsőd,választók,335,7465410,teljes lakosság %-a,2.357968283054782,Molnaszecsőd: 0.3k | ≤2.4%
Parádsasvár,választók,335,7465410,teljes lakosság %-a,2.362455645436754,Parádsasvár: 0.3k | ≤2.4%
Sajókápolna,választók,335,7465410,teljes lakosság %-a,2.3669430078187266,Sajókápolna: 0.3k | ≤2.4%
Tengőd,választók,335,7465410,teljes lakosság %-a,2.371430370200699,Tengőd: 0.3k | ≤2.4%
Csárdaszállás,választók,337,7465410,teljes lakosság %-a,2.375944522805847,Csárdaszállás: 0.3k | ≤2.4%
Csoma,választók,337,7465410,teljes lakosság %-a,2.3804586754109955,Csoma: 0.3k | ≤2.4%
Tarjánpuszta,választók,337,7465410,teljes lakosság %-a,2.3849728280161435,Tarjánpuszta: 0.3k | ≤2.4%
Röjtökmuzsaj,választók,338,7465410,teljes lakosság %-a,2.3895003757328803,Röjtökmuzsaj: 0.3k | ≤2.4%
Hegyszentmárton,választók,339,7465410,teljes lakosság %-a,2.394041318561204,Hegyszentmárton: 0.3k | ≤2.4%
Krasznokvajda,választók,339,7465410,teljes lakosság %-a,2.3985822613895285,Krasznokvajda: 0.3k | ≤2.4%
Vörs,választók,339,7465410,teljes lakosság %-a,2.4031232042178527,Vörs: 0.3k | ≤2.4%
Sajólászlófalva,választók,340,7465410,teljes lakosság %-a,2.407677542157765,Sajólászlófalva: 0.3k | ≤2.4%
Zselicszentpál,választók,340,7465410,teljes lakosság %-a,2.412231880097677,Zselicszentpál: 0.3k | ≤2.4%
Pankasz,választók,342,7465410,teljes lakosság %-a,2.4168130082607653,Pankasz: 0.3k | ≤2.4%
Uszka,választók,342,7465410,teljes lakosság %-a,2.4213941364238534,Uszka: 0.3k | ≤2.4%
Zalagyömörő,választók,342,7465410,teljes lakosság %-a,2.4259752645869415,Zalagyömörő: 0.3k | ≤2.4%
Zengővárkony,választók,342,7465410,teljes lakosság %-a,2.4305563927500295,Zengővárkony: 0.3k | ≤2.4%
Kup,választók,343,7465410,teljes lakosság %-a,2.435150916024706,Kup: 0.3k | ≤2.4%
Pethőhenye,választók,343,7465410,teljes lakosság %-a,2.439745439299382,Pethőhenye: 0.3k | ≤2.4%
Dáka,választók,344,7465410,teljes lakosság %-a,2.444353357685646,Dáka: 0.3k | ≤2.4%
Fülesd,választók,345,7465410,teljes lakosság %-a,2.4489746711834983,Fülesd: 0.3k | ≤2.4%
Révleányvár,választók,345,7465410,teljes lakosság %-a,2.4535959846813507,Révleányvár: 0.3k | ≤2.5%
Dabronc,választók,346,7465410,teljes lakosság %-a,2.4582306932907905,Dabronc: 0.3k | ≤2.5%
Kéleshalom,választók,346,7465410,teljes lakosság %-a,2.4628654019002307,Kéleshalom: 0.3k | ≤2.5%
Balajt,választók,347,7465410,teljes lakosság %-a,2.467513505621259,Balajt: 0.3k | ≤2.5%
Dióskál,választók,347,7465410,teljes lakosság %-a,2.4721616093422867,Dióskál: 0.3k | ≤2.5%
Egyházasdengeleg,választók,347,7465410,teljes lakosság %-a,2.4768097130633144,Egyházasdengeleg: 0.3k | ≤2.5%
Magyarszecsőd,választók,347,7465410,teljes lakosság %-a,2.4814578167843426,Magyarszecsőd: 0.3k | ≤2.5%
Alsószuha,választók,348,7465410,teljes lakosság %-a,2.4861193156169588,Alsószuha: 0.3k | ≤2.5%
Csanádalberti,választók,348,7465410,teljes lakosság %-a,2.490780814449575,Csanádalberti: 0.3k | ≤2.5%
Hidegség,választók,349,7465410,teljes lakosság %-a,2.4954557083937785,Hidegség: 0.3k | ≤2.5%
Mosonudvar,választók,349,7465410,teljes lakosság %-a,2.5001306023379826,Mosonudvar: 0.3k | ≤2.5%
Nagylak,választók,349,7465410,teljes lakosság %-a,2.5048054962821866,Nagylak: 0.3k | ≤2.5%
Tiszacsermely,választók,349,7465410,teljes lakosság %-a,2.5094803902263907,Tiszacsermely: 0.3k | ≤2.5%
Zalaszentgyörgy,választók,349,7465410,teljes lakosság %-a,2.5141552841705948,Zalaszentgyörgy: 0.3k | ≤2.5%
Bikács,választók,350,7465410,teljes lakosság %-a,2.5188435732263867,Bikács: 0.3k | ≤2.5%
Gasztony,választók,350,7465410,teljes lakosság %-a,2.5235318622821787,Gasztony: 0.3k | ≤2.5%
Márok,választók,350,7465410,teljes lakosság %-a,2.5282201513379707,Márok: 0.3k | ≤2.5%
Móricgát,választók,350,7465410,teljes lakosság %-a,2.5329084403937627,Móricgát: 0.3k | ≤2.5%
Ordas,választók,350,7465410,teljes lakosság %-a,2.5375967294495547,Ordas: 0.3k | ≤2.5%
Balatonszepezd,választók,351,7465410,teljes lakosság %-a,2.5422984136169346,Balatonszepezd: 0.4k | ≤2.5%
Bazsi,választók,351,7465410,teljes lakosság %-a,2.5470000977843146,Bazsi: 0.4k | ≤2.5%
Mátraszentimre,választók,351,7465410,teljes lakosság %-a,2.5517017819516945,Mátraszentimre: 0.4k | ≤2.6%
Nagykutas,választók,351,7465410,teljes lakosság %-a,2.5564034661190744,Nagykutas: 0.4k | ≤2.6%
Várda,választók,351,7465410,teljes lakosság %-a,2.5611051502864544,Várda: 0.4k | ≤2.6%
Balatonmagyaród,választók,352,7465410,teljes lakosság %-a,2.5658202295654227,Balatonmagyaród: 0.4k | ≤2.6%
Kánya,választók,352,7465410,teljes lakosság %-a,2.57053530884439,Kánya: 0.4k | ≤2.6%
Őrtilos,választók,353,7465410,teljes lakosság %-a,2.5752637832349463,Őrtilos: 0.4k | ≤2.6%
Kelemér,választók,354,7465410,teljes lakosság %-a,2.58000565273709,Kelemér: 0.4k | ≤2.6%
Árpádhalom,választók,355,7465410,teljes lakosság %-a,2.5847609173508217,Árpádhalom: 0.4k | ≤2.6%
Szakáld,választók,355,7465410,teljes lakosság %-a,2.589516181964554,Szakáld: 0.4k | ≤2.6%
Szátok,választók,355,7465410,teljes lakosság %-a,2.594271446578286,Szátok: 0.4k | ≤2.6%
Nógrádmarcal,választók,356,7465410,teljes lakosság %-a,2.5990401063036055,Nógrádmarcal: 0.4k | ≤2.6%
Kisunyom,választók,357,7465410,teljes lakosság %-a,2.6038221611405135,Kisunyom: 0.4k | ≤2.6%
Körösújfalu,választók,357,7465410,teljes lakosság %-a,2.608604215977421,Körösújfalu: 0.4k | ≤2.6%
Magyarkeresztúr,választók,357,7465410,teljes lakosság %-a,2.613386270814329,Magyarkeresztúr: 0.4k | ≤2.6%
Balatonújlak,választók,358,7465410,teljes lakosság %-a,2.618181720762825,Balatonújlak: 0.4k | ≤2.6%
Hidegkút,választók,358,7465410,teljes lakosság %-a,2.6229771707113207,Hidegkút: 0.4k | ≤2.6%
Szakony,választók,358,7465410,teljes lakosság %-a,2.627772620659816,Szakony: 0.4k | ≤2.6%
Szalmatercs,választók,358,7465410,teljes lakosság %-a,2.632568070608312,Szalmatercs: 0.4k | ≤2.6%
Ambrózfalva,választók,359,7465410,teljes lakosság %-a,2.637376915668396,Ambrózfalva: 0.4k | ≤2.6%
Baranyajenő,választók,359,7465410,teljes lakosság %-a,2.6421857607284798,Baranyajenő: 0.4k | ≤2.6%
Bejcgyertyános,választók,359,7465410,teljes lakosság %-a,2.6469946057885636,Bejcgyertyános: 0.4k | ≤2.6%
Hetvehely,választók,359,7465410,teljes lakosság %-a,2.6518034508486474,Hetvehely: 0.4k | ≤2.7%
Ráksi,választók,359,7465410,teljes lakosság %-a,2.6566122959087313,Ráksi: 0.4k | ≤2.7%
Zsarolyán,választók,359,7465410,teljes lakosság %-a,2.6614211409688147,Zsarolyán: 0.4k | ≤2.7%
Fehértó,választók,360,7465410,teljes lakosság %-a,2.6662433811404864,Fehértó: 0.4k | ≤2.7%
Iharos,választók,360,7465410,teljes lakosság %-a,2.671065621312158,Iharos: 0.4k | ≤2.7%
Peresznye,választók,360,7465410,teljes lakosság %-a,2.67588786148383,Peresznye: 0.4k | ≤2.7%
Somogytúr,választók,360,7465410,teljes lakosság %-a,2.6807101016555017,Somogytúr: 0.4k | ≤2.7%
Istvándi,választók,361,7465410,teljes lakosság %-a,2.685545736938762,Istvándi: 0.4k | ≤2.7%
Kaposhomok,választók,361,7465410,teljes lakosság %-a,2.690381372222021,Kaposhomok: 0.4k | ≤2.7%
Zaránk,választók,361,7465410,teljes lakosság %-a,2.695217007505281,Zaránk: 0.4k | ≤2.7%
Izmény,választók,362,7465410,teljes lakosság %-a,2.700066037900129,Izmény: 0.4k | ≤2.7%
Somogyapáti,választók,362,7465410,teljes lakosság %-a,2.7049150682949765,Somogyapáti: 0.4k | ≤2.7%
Benk,választók,363,7465410,teljes lakosság %-a,2.709777493801412,Benk: 0.4k | ≤2.7%
Kisdombegyház,választók,363,7465410,teljes lakosság %-a,2.7146399193078476,Kisdombegyház: 0.4k | ≤2.7%
Lókút,választók,363,7465410,teljes lakosság %-a,2.719502344814283,Lókút: 0.4k | ≤2.7%
Szentantalfa,választók,363,7465410,teljes lakosság %-a,2.724364770320719,Szentantalfa: 0.4k | ≤2.7%
Magyarszerdahely,választók,364,7465410,teljes lakosság %-a,2.7292405909387427,Magyarszerdahely: 0.4k | ≤2.7%
Muraszemenye,választók,364,7465410,teljes lakosság %-a,2.734116411556766,Muraszemenye: 0.4k | ≤2.7%
Óföldeák,választók,364,7465410,teljes lakosság %-a,2.73899223217479,Óföldeák: 0.4k | ≤2.7%
Rábaszentandrás,választók,364,7465410,teljes lakosság %-a,2.7438680527928136,Rábaszentandrás: 0.4k | ≤2.7%
Tekenye,választók,364,7465410,teljes lakosság %-a,2.7487438734108376,Tekenye: 0.4k | ≤2.7%
Felsővadász,választók,365,7465410,teljes lakosság %-a,2.753633089140449,Felsővadász: 0.4k | ≤2.8%
Kemeneshőgyész,választók,366,7465410,teljes lakosság %-a,2.758535699981649,Kemeneshőgyész: 0.4k | ≤2.8%
Semjén,választók,366,7465410,teljes lakosság %-a,2.763438310822848,Semjén: 0.4k | ≤2.8%
Szentdomonkos,választók,366,7465410,teljes lakosság %-a,2.768340921664048,Szentdomonkos: 0.4k | ≤2.8%
Zselickislak,választók,366,7465410,teljes lakosság %-a,2.7732435325052474,Zselickislak: 0.4k | ≤2.8%
Aszófő,választók,367,7465410,teljes lakosság %-a,2.778159538458035,Aszófő: 0.4k | ≤2.8%
Kémes,választók,367,7465410,teljes lakosság %-a,2.783075544410823,Kémes: 0.4k | ≤2.8%
Kisbucsa,választók,367,7465410,teljes lakosság %-a,2.78799155036361,Kisbucsa: 0.4k | ≤2.8%
Bonyhádvarasd,választók,368,7465410,teljes lakosság %-a,2.792920951427986,Bonyhádvarasd: 0.4k | ≤2.8%
Eperjes,választók,368,7465410,teljes lakosság %-a,2.7978503524923615,Eperjes: 0.4k | ≤2.8%
Kám,választók,368,7465410,teljes lakosság %-a,2.8027797535567367,Kám: 0.4k | ≤2.8%
Nagyrada,választók,368,7465410,teljes lakosság %-a,2.807709154621113,Nagyrada: 0.4k | ≤2.8%
Somogymeggyes,választók,371,7465410,teljes lakosság %-a,2.8126787410202523,Somogymeggyes: 0.4k | ≤2.8%
Doba,választók,373,7465410,teljes lakosság %-a,2.8176751176425676,Doba: 0.4k | ≤2.8%
Dunaszentmiklós,választók,373,7465410,teljes lakosság %-a,2.822671494264883,Dunaszentmiklós: 0.4k | ≤2.8%
Répáshuta,választók,374,7465410,teljes lakosság %-a,2.8276812659987867,Répáshuta: 0.4k | ≤2.8%
Somogyfajsz,választók,374,7465410,teljes lakosság %-a,2.83269103773269,Somogyfajsz: 0.4k | ≤2.8%
Bakonyoszlop,választók,375,7465410,teljes lakosság %-a,2.837714204578181,Bakonyoszlop: 0.4k | ≤2.8%
Nagykorpád,választók,375,7465410,teljes lakosság %-a,2.8427373714236728,Nagykorpád: 0.4k | ≤2.8%
Porva,választók,375,7465410,teljes lakosság %-a,2.847760538269164,Porva: 0.4k | ≤2.8%
Legénd,választók,377,7465410,teljes lakosság %-a,2.8528104953378315,Legénd: 0.4k | ≤2.9%
Salköveskút,választók,377,7465410,teljes lakosság %-a,2.8578604524064986,Salköveskút: 0.4k | ≤2.9%
Bérbaltavár,választók,378,7465410,teljes lakosság %-a,2.862923804586754,Bérbaltavár: 0.4k | ≤2.9%
Karos,választók,379,7465410,teljes lakosság %-a,2.8680005518785974,Karos: 0.4k | ≤2.9%
Szentgáloskér,választók,379,7465410,teljes lakosság %-a,2.8730772991704407,Szentgáloskér: 0.4k | ≤2.9%
Újbarok,választók,379,7465410,teljes lakosság %-a,2.878154046462284,Újbarok: 0.4k | ≤2.9%
Mályinka,választók,380,7465410,teljes lakosság %-a,2.8832441888657154,Mályinka: 0.4k | ≤2.9%
Narda,választók,380,7465410,teljes lakosság %-a,2.8883343312691467,Narda: 0.4k | ≤2.9%
Felsőcsatár,választók,381,7465410,teljes lakosság %-a,2.893437868784166,Felsőcsatár: 0.4k | ≤2.9%
Lakhegy,választók,381,7465410,teljes lakosság %-a,2.898541406299185,Lakhegy: 0.4k | ≤2.9%
Nagyér,választók,382,7465410,teljes lakosság %-a,2.9036583389257924,Nagyér: 0.4k | ≤2.9%
Váckisújfalu,választók,382,7465410,teljes lakosság %-a,2.9087752715523996,Váckisújfalu: 0.4k | ≤2.9%
Jákfalva,választók,383,7465410,teljes lakosság %-a,2.9139055992905947,Jákfalva: 0.4k | ≤2.9%
Kemendollár,választók,384,7465410,teljes lakosság %-a,2.919049322140378,Kemendollár: 0.4k | ≤2.9%
Kétbodony,választók,384,7465410,teljes lakosság %-a,2.924193044990161,Kétbodony: 0.4k | ≤2.9%
Kőkút,választók,384,7465410,teljes lakosság %-a,2.9293367678399447,Kőkút: 0.4k | ≤2.9%
Váraszó,választók,385,7465410,teljes lakosság %-a,2.9344938858013156,Váraszó: 0.4k | ≤2.9%
Lövőpetri,választók,386,7465410,teljes lakosság %-a,2.9396643988742746,Lövőpetri: 0.4k | ≤2.9%
Nemesapáti,választók,386,7465410,teljes lakosság %-a,2.944834911947234,Nemesapáti: 0.4k | ≤2.9%
Szápár,választók,386,7465410,teljes lakosság %-a,2.950005425020193,Szápár: 0.4k | ≤3%
Bajánsenye,választók,387,7465410,teljes lakosság %-a,2.95518933320474,Bajánsenye: 0.4k | ≤3%
Drávafok,választók,387,7465410,teljes lakosság %-a,2.9603732413892874,Drávafok: 0.4k | ≤3%
Hét,választók,387,7465410,teljes lakosság %-a,2.9655571495738346,Hét: 0.4k | ≤3%
Ivánc,választók,387,7465410,teljes lakosság %-a,2.970741057758382,Ivánc: 0.4k | ≤3%
Géberjén,választók,388,7465410,teljes lakosság %-a,2.9759383610545167,Géberjén: 0.4k | ≤3%
Kisharsány,választók,388,7465410,teljes lakosság %-a,2.981135664350652,Kisharsány: 0.4k | ≤3%
Muhi,választók,388,7465410,teljes lakosság %-a,2.9863329676467867,Muhi: 0.4k | ≤3%
Somogybabod,választók,388,7465410,teljes lakosság %-a,2.9915302709429223,Somogybabod: 0.4k | ≤3%
Kustánszeg,választók,389,7465410,teljes lakosság %-a,2.996740969350645,Kustánszeg: 0.4k | ≤3%
Bezi,választók,391,7465410,teljes lakosság %-a,3.0019784579815445,Bezi: 0.4k | ≤3%
Káptalantóti,választók,391,7465410,teljes lakosság %-a,3.007215946612443,Káptalantóti: 0.4k | ≤3%
Zalacséb,választók,391,7465410,teljes lakosság %-a,3.0124534352433425,Zalacséb: 0.4k | ≤3%
Bőszénfa,választók,392,7465410,teljes lakosság %-a,3.0177043189858295,Bőszénfa: 0.4k | ≤3%
Szemely,választók,392,7465410,teljes lakosság %-a,3.022955202728316,Szemely: 0.4k | ≤3%
Tiszarád,választók,393,7465410,teljes lakosság %-a,3.0282194815823913,Tiszarád: 0.4k | ≤3%
Tornanádaska,választók,393,7465410,teljes lakosság %-a,3.033483760436466,Tornanádaska: 0.4k | ≤3%
Nyalka,választók,394,7465410,teljes lakosság %-a,3.0387614344021294,Nyalka: 0.4k | ≤3%
Pogányszentpéter,választók,394,7465410,teljes lakosság %-a,3.0440391083677922,Pogányszentpéter: 0.4k | ≤3%
Újiráz,választók,394,7465410,teljes lakosság %-a,3.049316782333455,Újiráz: 0.4k | ≤3%
Egyházaskesző,választók,395,7465410,teljes lakosság %-a,3.0546078514107062,Egyházaskesző: 0.4k | ≤3.1%
Hont,választók,395,7465410,teljes lakosság %-a,3.059898920487957,Hont: 0.4k | ≤3.1%
Kötcse,választók,395,7465410,teljes lakosság %-a,3.065189989565208,Kötcse: 0.4k | ≤3.1%
Lovas,választók,395,7465410,teljes lakosság %-a,3.070481058642459,Lovas: 0.4k | ≤3.1%
Magyargencs,választók,395,7465410,teljes lakosság %-a,3.07577212771971,Magyargencs: 0.4k | ≤3.1%
Rásonysápberencs,választók,395,7465410,teljes lakosság %-a,3.081063196796961,Rásonysápberencs: 0.4k | ≤3.1%
Telekes,választók,395,7465410,teljes lakosság %-a,3.0863542658742116,Telekes: 0.4k | ≤3.1%
Boldogkőújfalu,választók,397,7465410,teljes lakosság %-a,3.091672125174639,Boldogkőújfalu: 0.4k | ≤3.1%
Gerde,választók,397,7465410,teljes lakosság %-a,3.0969899844750657,Gerde: 0.4k | ≤3.1%
Győrasszonyfa,választók,397,7465410,teljes lakosság %-a,3.1023078437754927,Győrasszonyfa: 0.4k | ≤3.1%
Lippó,választók,397,7465410,teljes lakosság %-a,3.1076257030759193,Lippó: 0.4k | ≤3.1%
Mátételke,választók,397,7465410,teljes lakosság %-a,3.1129435623763464,Mátételke: 0.4k | ≤3.1%
Acsalag,választók,398,7465410,teljes lakosság %-a,3.1182748167883614,Acsalag: 0.4k | ≤3.1%
Lengyel,választók,398,7465410,teljes lakosság %-a,3.123606071200376,Lengyel: 0.4k | ≤3.1%
Csikvánd,választók,402,7465410,teljes lakosság %-a,3.1289909060587426,Csikvánd: 0.4k | ≤3.1%
Királyszentistván,választók,402,7465410,teljes lakosság %-a,3.13437574091711,Királyszentistván: 0.4k | ≤3.1%
Nagylengyel,választók,402,7465410,teljes lakosság %-a,3.1397605757754765,Nagylengyel: 0.4k | ≤3.1%
Tiszavid,választók,402,7465410,teljes lakosság %-a,3.1451454106338437,Tiszavid: 0.4k | ≤3.1%
Taktabáj,választók,403,7465410,teljes lakosság %-a,3.150543640603798,Taktabáj: 0.4k | ≤3.2%
Beleg,választók,404,7465410,teljes lakosság %-a,3.155955265685341,Beleg: 0.4k | ≤3.2%
Nagyalásony,választók,404,7465410,teljes lakosság %-a,3.1613668907668835,Nagyalásony: 0.4k | ≤3.2%
Söréd,választók,404,7465410,teljes lakosság %-a,3.1667785158484265,Söréd: 0.4k | ≤3.2%
Somogyzsitfa,választók,405,7465410,teljes lakosság %-a,3.1722035360415566,Somogyzsitfa: 0.4k | ≤3.2%
Jákfa,választók,406,7465410,teljes lakosság %-a,3.177641951346276,Jákfa: 0.4k | ≤3.2%
Babosdöbréte,választók,407,7465410,teljes lakosság %-a,3.1830937617625823,Babosdöbréte: 0.4k | ≤3.2%
Nagyszekeres,választók,407,7465410,teljes lakosság %-a,3.188545572178889,Nagyszekeres: 0.4k | ≤3.2%
Zalaszabar,választók,407,7465410,teljes lakosság %-a,3.1939973825951955,Zalaszabar: 0.4k | ≤3.2%
Máriakéménd,választók,408,7465410,teljes lakosság %-a,3.1994625881230907,Máriakéménd: 0.4k | ≤3.2%
Markotabödöge,választók,408,7465410,teljes lakosság %-a,3.204927793650985,Markotabödöge: 0.4k | ≤3.2%
Nagypáli,választók,408,7465410,teljes lakosság %-a,3.2103929991788793,Nagypáli: 0.4k | ≤3.2%
Vámosoroszi,választók,408,7465410,teljes lakosság %-a,3.2158582047067745,Vámosoroszi: 0.4k | ≤3.2%
Sajópüspöki,választók,409,7465410,teljes lakosság %-a,3.2213368053462568,Sajópüspöki: 0.4k | ≤3.2%
Balatonőszöd,választók,410,7465410,teljes lakosság %-a,3.226828801097328,Balatonőszöd: 0.4k | ≤3.2%
Zákányfalu,választók,410,7465410,teljes lakosság %-a,3.232320796848398,Zákányfalu: 0.4k | ≤3.2%
Lakócsa,választók,412,7465410,teljes lakosság %-a,3.237839582822645,Lakócsa: 0.4k | ≤3.2%
Sántos,választók,412,7465410,teljes lakosság %-a,3.2433583687968914,Sántos: 0.4k | ≤3.2%
Erdőtarcsa,választók,413,7465410,teljes lakosság %-a,3.2488905498827254,Erdőtarcsa: 0.4k | ≤3.2%
Hidvégardó,választók,413,7465410,teljes lakosság %-a,3.2544227309685607,Hidvégardó: 0.4k | ≤3.3%
Kálmáncsa,választók,413,7465410,teljes lakosság %-a,3.2599549120543947,Kálmáncsa: 0.4k | ≤3.3%
Rábaszentmihály,választók,413,7465410,teljes lakosság %-a,3.265487093140229,Rábaszentmihály: 0.4k | ≤3.3%
Szamosangyalos,választók,413,7465410,teljes lakosság %-a,3.271019274226064,Szamosangyalos: 0.4k | ≤3.3%
Kisigmánd,választók,414,7465410,teljes lakosság %-a,3.2765648504234863,Kisigmánd: 0.4k | ≤3.3%
Küngös,választók,414,7465410,teljes lakosság %-a,3.2821104266209087,Küngös: 0.4k | ≤3.3%
Töttös,választók,415,7465410,teljes lakosság %-a,3.2876693979299194,Töttös: 0.4k | ≤3.3%
Borsodivánka,választók,416,7465410,teljes lakosság %-a,3.2932417643505176,Borsodivánka: 0.4k | ≤3.3%
Tornyiszentmiklós,választók,416,7465410,teljes lakosság %-a,3.298814130771116,Tornyiszentmiklós: 0.4k | ≤3.3%
Egyed,választók,417,7465410,teljes lakosság %-a,3.304399892303303,Egyed: 0.4k | ≤3.3%
Kemenesmihályfa,választók,417,7465410,teljes lakosság %-a,3.309985653835489,Kemenesmihályfa: 0.4k | ≤3.3%
Klárafalva,választók,417,7465410,teljes lakosság %-a,3.3155714153676756,Klárafalva: 0.4k | ≤3.3%
Nak,választók,417,7465410,teljes lakosság %-a,3.3211571768998622,Nak: 0.4k | ≤3.3%
Viss,választók,417,7465410,teljes lakosság %-a,3.326742938432049,Viss: 0.4k | ≤3.3%
Vízvár,választók,417,7465410,teljes lakosság %-a,3.332328699964235,Vízvár: 0.4k | ≤3.3%
Csesznek,választók,418,7465410,teljes lakosság %-a,3.33792785660801,Csesznek: 0.4k | ≤3.3%
Pusztamagyaród,választók,418,7465410,teljes lakosság %-a,3.343527013251784,Pusztamagyaród: 0.4k | ≤3.3%
Vág,választók,418,7465410,teljes lakosság %-a,3.349126169895558,Vág: 0.4k | ≤3.3%
Kács,választók,419,7465410,teljes lakosság %-a,3.3547387216509206,Kács: 0.4k | ≤3.4%
Tapsony,választók,419,7465410,teljes lakosság %-a,3.3603512734062835,Tapsony: 0.4k | ≤3.4%
Mikóháza,választók,420,7465410,teljes lakosság %-a,3.3659772202732334,Mikóháza: 0.4k | ≤3.4%
Cirák,választók,421,7465410,teljes lakosság %-a,3.3716165622517718,Cirák: 0.4k | ≤3.4%
Csatár,választók,421,7465410,teljes lakosság %-a,3.37725590423031,Csatár: 0.4k | ≤3.4%
Sóly,választók,421,7465410,teljes lakosság %-a,3.382895246208849,Sóly: 0.4k | ≤3.4%
Szabás,választók,421,7465410,teljes lakosság %-a,3.388534588187387,Szabás: 0.4k | ≤3.4%
Simaság,választók,422,7465410,teljes lakosság %-a,3.394187325277513,Simaság: 0.4k | ≤3.4%
Kondorfa,választók,423,7465410,teljes lakosság %-a,3.399853457479227,Kondorfa: 0.4k | ≤3.4%
Birján,választók,424,7465410,teljes lakosság %-a,3.4055329847925293,Birján: 0.4k | ≤3.4%
Kereki,választók,424,7465410,teljes lakosság %-a,3.4112125121058323,Kereki: 0.4k | ≤3.4%
Malomsok,választók,424,7465410,teljes lakosság %-a,3.4168920394191344,Malomsok: 0.4k | ≤3.4%
Göncruszka,választók,427,7465410,teljes lakosság %-a,3.4226117520672004,Göncruszka: 0.4k | ≤3.4%
Nógrádszakál,választók,427,7465410,teljes lakosság %-a,3.4283314647152667,Nógrádszakál: 0.4k | ≤3.4%
Tarnabod,választók,427,7465410,teljes lakosság %-a,3.4340511773633327,Tarnabod: 0.4k | ≤3.4%
Aggtelek,választók,428,7465410,teljes lakosság %-a,3.439784285122987,Aggtelek: 0.4k | ≤3.4%
Kisszekeres,választók,428,7465410,teljes lakosság %-a,3.4455173928826417,Kisszekeres: 0.4k | ≤3.4%
Györgytarló,választók,429,7465410,teljes lakosság %-a,3.451263895753884,Györgytarló: 0.4k | ≤3.5%
Sárpilis,választók,429,7465410,teljes lakosság %-a,3.4570103986251257,Sárpilis: 0.4k | ≤3.5%
Bojt,választók,430,7465410,teljes lakosság %-a,3.462770296607956,Bojt: 0.4k | ≤3.5%
Károlyháza,választók,430,7465410,teljes lakosság %-a,3.468530194590786,Károlyháza: 0.4k | ≤3.5%
Csaholc,választók,432,7465410,teljes lakosság %-a,3.474316882796792,Csaholc: 0.4k | ≤3.5%
Vanyola,választók,432,7465410,teljes lakosság %-a,3.480103571002798,Vanyola: 0.4k | ≤3.5%
Kemenessömjén,választók,433,7465410,teljes lakosság %-a,3.485903654320392,Kemenessömjén: 0.4k | ≤3.5%
Romonya,választók,433,7465410,teljes lakosság %-a,3.4917037376379865,Romonya: 0.4k | ≤3.5%
Székelyszabar,választók,433,7465410,teljes lakosság %-a,3.4975038209555804,Székelyszabar: 0.4k | ≤3.5%
Egerlövő,választók,434,7465410,teljes lakosság %-a,3.5033172993847623,Egerlövő: 0.4k | ≤3.5%
Feketeerdő,választók,434,7465410,teljes lakosság %-a,3.5091307778139442,Feketeerdő: 0.4k | ≤3.5%
Lázi,választók,434,7465410,teljes lakosság %-a,3.5149442562431266,Lázi: 0.4k | ≤3.5%
Csapod,választók,435,7465410,teljes lakosság %-a,3.5207711297838964,Csapod: 0.4k | ≤3.5%
Kispalád,választók,435,7465410,teljes lakosság %-a,3.5265980033246667,Kispalád: 0.4k | ≤3.5%
Óhíd,választók,435,7465410,teljes lakosság %-a,3.5324248768654365,Óhíd: 0.4k | ≤3.5%
Alsóújlak,választók,436,7465410,teljes lakosság %-a,3.5382651455177947,Alsóújlak: 0.4k | ≤3.5%
Becske,választók,436,7465410,teljes lakosság %-a,3.5441054141701525,Becske: 0.4k | ≤3.5%
Erdőkürt,választók,436,7465410,teljes lakosság %-a,3.5499456828225107,Erdőkürt: 0.4k | ≤3.5%
Moha,választók,436,7465410,teljes lakosság %-a,3.5557859514748684,Moha: 0.4k | ≤3.6%
Nick,választók,437,7465410,teljes lakosság %-a,3.5616396152388146,Nick: 0.4k | ≤3.6%
Rábacsanak,választók,437,7465410,teljes lakosság %-a,3.5674932790027607,Rábacsanak: 0.4k | ≤3.6%
Darvas,választók,438,7465410,teljes lakosság %-a,3.5733603378782943,Darvas: 0.4k | ≤3.6%
Dombiratos,választók,438,7465410,teljes lakosság %-a,3.5792273967538284,Dombiratos: 0.4k | ≤3.6%
Gelej,választók,438,7465410,teljes lakosság %-a,3.5850944556293625,Gelej: 0.4k | ≤3.6%
Kőszegszerdahely,választók,439,7465410,teljes lakosság %-a,3.5909749096164845,Kőszegszerdahely: 0.4k | ≤3.6%
Piliny,választók,439,7465410,teljes lakosság %-a,3.5968553636036065,Piliny: 0.4k | ≤3.6%
Golop,választók,440,7465410,teljes lakosság %-a,3.6027492127023164,Golop: 0.4k | ≤3.6%
Rétalap,választók,440,7465410,teljes lakosság %-a,3.6086430618010263,Rétalap: 0.4k | ≤3.6%
Tófalu,választók,441,7465410,teljes lakosság %-a,3.614550306011324,Tófalu: 0.4k | ≤3.6%
Gelénes,választók,442,7465410,teljes lakosság %-a,3.6204709453332105,Gelénes: 0.4k | ≤3.6%
Nagydobsza,választók,442,7465410,teljes lakosság %-a,3.6263915846550963,Nagydobsza: 0.4k | ≤3.6%
Szuha,választók,443,7465410,teljes lakosság %-a,3.63232561908857,Szuha: 0.4k | ≤3.6%
Tüskevár,választók,443,7465410,teljes lakosság %-a,3.6382596535220433,Tüskevár: 0.4k | ≤3.6%
Kerta,választók,445,7465410,teljes lakosság %-a,3.6442204781786933,Kerta: 0.4k | ≤3.6%
Mihálygerge,választók,445,7465410,teljes lakosság %-a,3.6501813028353434,Mihálygerge: 0.4k | ≤3.7%
Paloznak,választók,445,7465410,teljes lakosság %-a,3.656142127491993,Paloznak: 0.4k | ≤3.7%
Dencsháza,választók,446,7465410,teljes lakosság %-a,3.662116347260231,Dencsháza: 0.4k | ≤3.7%
Kardos,választók,446,7465410,teljes lakosság %-a,3.668090567028469,Kardos: 0.4k | ≤3.7%
Kömörő,választók,446,7465410,teljes lakosság %-a,3.674064786796707,Kömörő: 0.4k | ≤3.7%
Nágocs,választók,446,7465410,teljes lakosság %-a,3.680039006564944,Nágocs: 0.4k | ≤3.7%
Szólád,választók,446,7465410,teljes lakosság %-a,3.686013226333182,Szólád: 0.4k | ≤3.7%
Erdőhorváti,választók,447,7465410,teljes lakosság %-a,3.692000841213008,Erdőhorváti: 0.4k | ≤3.7%
Jobaháza,választók,447,7465410,teljes lakosság %-a,3.6979884560928338,Jobaháza: 0.4k | ≤3.7%
Kishartyán,választók,447,7465410,teljes lakosság %-a,3.7039760709726597,Kishartyán: 0.4k | ≤3.7%
Lak,választók,447,7465410,teljes lakosság %-a,3.7099636858524847,Lak: 0.4k | ≤3.7%
Nagygyimót,választók,447,7465410,teljes lakosság %-a,3.7159513007323106,Nagygyimót: 0.4k | ≤3.7%
Nagytevel,választók,447,7465410,teljes lakosság %-a,3.7219389156121365,Nagytevel: 0.4k | ≤3.7%
Telkibánya,választók,447,7465410,teljes lakosság %-a,3.7279265304919624,Telkibánya: 0.4k | ≤3.7%
Eplény,választók,448,7465410,teljes lakosság %-a,3.7339275404833763,Eplény: 0.4k | ≤3.7%
Herencsény,választók,448,7465410,teljes lakosság %-a,3.73992855047479,Herencsény: 0.4k | ≤3.7%
Körösnagyharsány,választók,448,7465410,teljes lakosság %-a,3.745929560466203,Körösnagyharsány: 0.4k | ≤3.7%
Nyírderzs,választók,448,7465410,teljes lakosság %-a,3.751930570457617,Nyírderzs: 0.4k | ≤3.8%
Orci,választók,448,7465410,teljes lakosság %-a,3.757931580449031,Orci: 0.4k | ≤3.8%
Panyola,választók,448,7465410,teljes lakosság %-a,3.763932590440445,Panyola: 0.4k | ≤3.8%
Vámosatya,választók,449,7465410,teljes lakosság %-a,3.769946995543447,Vámosatya: 0.4k | ≤3.8%
Bár,választók,450,7465410,teljes lakosság %-a,3.775974795758036,Bár: 0.4k | ≤3.8%
Mike,választók,450,7465410,teljes lakosság %-a,3.782002595972626,Mike: 0.4k | ≤3.8%
Nemesvid,választók,452,7465410,teljes lakosság %-a,3.7880571864103914,Nemesvid: 0.5k | ≤3.8%
Pápakovácsi,választók,453,7465410,teljes lakosság %-a,3.7941251719597453,Pápakovácsi: 0.5k | ≤3.8%
Pörböly,választók,453,7465410,teljes lakosság %-a,3.8001931575090984,Pörböly: 0.5k | ≤3.8%
Egerbocs,választók,454,7465410,teljes lakosság %-a,3.8062745381700402,Egerbocs: 0.5k | ≤3.8%
Kovácsvágás,választók,454,7465410,teljes lakosság %-a,3.812355918830982,Kovácsvágás: 0.5k | ≤3.8%
Dunatetétlen,választók,455,7465410,teljes lakosság %-a,3.818450694603511,Dunatetétlen: 0.5k | ≤3.8%
Ábrahámhegy,választók,456,7465410,teljes lakosság %-a,3.824558865487629,Ábrahámhegy: 0.5k | ≤3.8%
Csincse,választók,456,7465410,teljes lakosság %-a,3.8306670363717465,Csincse: 0.5k | ≤3.8%
Semjénháza,választók,456,7465410,teljes lakosság %-a,3.836775207255864,Semjénháza: 0.5k | ≤3.8%
Vértestolna,választók,456,7465410,teljes lakosság %-a,3.8428833781399816,Vértestolna: 0.5k | ≤3.8%
Szajla,választók,457,7465410,teljes lakosság %-a,3.8490049441356873,Szajla: 0.5k | ≤3.8%
Hangács,választók,458,7465410,teljes lakosság %-a,3.8551399052429804,Hangács: 0.5k | ≤3.9%
Hevesaranyos,választók,458,7465410,teljes lakosság %-a,3.861274866350274,Hevesaranyos: 0.5k | ≤3.9%
Homorúd,választók,459,7465410,teljes lakosság %-a,3.867423222569156,Homorúd: 0.5k | ≤3.9%
Egyházashollós,választók,460,7465410,teljes lakosság %-a,3.873584973899625,Egyházashollós: 0.5k | ≤3.9%
Kuncsorba,választók,460,7465410,teljes lakosság %-a,3.8797467252300946,Kuncsorba: 0.5k | ≤3.9%
Felsőpetény,választók,461,7465410,teljes lakosság %-a,3.8859218716721515,Felsőpetény: 0.5k | ≤3.9%
Pusztaszentlászló,választók,461,7465410,teljes lakosság %-a,3.8920970181142094,Pusztaszentlászló: 0.5k | ≤3.9%
Nagykökényes,választók,462,7465410,teljes lakosság %-a,3.898285559667855,Nagykökényes: 0.5k | ≤3.9%
Mersevát,választók,463,7465410,teljes lakosság %-a,3.904487496333088,Mersevát: 0.5k | ≤3.9%
Sümegcsehi,választók,464,7465410,teljes lakosság %-a,3.9107028281099097,Sümegcsehi: 0.5k | ≤3.9%
Vérteskethely,választók,464,7465410,teljes lakosság %-a,3.916918159886731,Vérteskethely: 0.5k | ≤3.9%
Zubogy,választók,464,7465410,teljes lakosság %-a,3.9231334916635525,Zubogy: 0.5k | ≤3.9%
Felsőszölnök,választók,465,7465410,teljes lakosság %-a,3.929362218551961,Felsőszölnök: 0.5k | ≤3.9%
Pécsely,választók,465,7465410,teljes lakosság %-a,3.9355909454403712,Pécsely: 0.5k | ≤3.9%
Csaroda,választók,466,7465410,teljes lakosság %-a,3.941833067440368,Csaroda: 0.5k | ≤3.9%
Csömödér,választók,466,7465410,teljes lakosság %-a,3.948075189440366,Csömödér: 0.5k | ≤3.9%
Lucfalva,választók,467,7465410,teljes lakosság %-a,3.954330706551951,Lucfalva: 0.5k | ≤4%
Alsószentiván,választók,468,7465410,teljes lakosság %-a,3.9605996187751242,Alsószentiván: 0.5k | ≤4%
Szanda,választók,469,7465410,teljes lakosság %-a,3.966881926109885,Szanda: 0.5k | ≤4%
Vasboldogasszony,választók,469,7465410,teljes lakosság %-a,3.973164233444647,Vasboldogasszony: 0.5k | ≤4%
Zimány,választók,469,7465410,teljes lakosság %-a,3.9794465407794077,Zimány: 0.5k | ≤4%
Tiszaladány,választók,470,7465410,teljes lakosság %-a,3.9857422432257574,Tiszaladány: 0.5k | ≤4%
Magyaregres,választók,471,7465410,teljes lakosság %-a,3.992051340783694,Magyaregres: 0.5k | ≤4%
Radostyán,választók,471,7465410,teljes lakosság %-a,3.998360438341632,Radostyán: 0.5k | ≤4%
Somogyszentpál,választók,471,7465410,teljes lakosság %-a,4.004669535899569,Somogyszentpál: 0.5k | ≤4%
Bálványos,választók,472,7465410,teljes lakosság %-a,4.010992028569094,Bálványos: 0.5k | ≤4%
Lad,választók,472,7465410,teljes lakosság %-a,4.017314521238619,Lad: 0.5k | ≤4%
Mezősas,választók,472,7465410,teljes lakosság %-a,4.023637013908144,Mezősas: 0.5k | ≤4%
Pári,választók,472,7465410,teljes lakosság %-a,4.029959506577669,Pári: 0.5k | ≤4%
Szulok,választók,472,7465410,teljes lakosság %-a,4.036281999247195,Szulok: 0.5k | ≤4%
Királyhegyes,választók,473,7465410,teljes lakosság %-a,4.0426178870283085,Királyhegyes: 0.5k | ≤4%
Felsőnána,választók,474,7465410,teljes lakosság %-a,4.048967169921009,Felsőnána: 0.5k | ≤4%
Jákó,választók,474,7465410,teljes lakosság %-a,4.05531645281371,Jákó: 0.5k | ≤4.1%
Abaújkér,választók,475,7465410,teljes lakosság %-a,4.061679130818,Abaújkér: 0.5k | ≤4.1%
Ete,választók,475,7465410,teljes lakosság %-a,4.068041808822288,Ete: 0.5k | ≤4.1%
Ipolyszög,választók,475,7465410,teljes lakosság %-a,4.074404486826577,Ipolyszög: 0.5k | ≤4.1%
Bucsu,választók,477,7465410,teljes lakosság %-a,4.080793955054043,Bucsu: 0.5k | ≤4.1%
Salomvár,választók,477,7465410,teljes lakosság %-a,4.087183423281507,Salomvár: 0.5k | ≤4.1%
Nagybárkány,választók,478,7465410,teljes lakosság %-a,4.09358628662056,Nagybárkány: 0.5k | ≤4.1%
Nógrádkövesd,választók,478,7465410,teljes lakosság %-a,4.0999891499596135,Nógrádkövesd: 0.5k | ≤4.1%
Olasz,választók,478,7465410,teljes lakosság %-a,4.106392013298667,Olasz: 0.5k | ≤4.1%
Alsópetény,választók,479,7465410,teljes lakosság %-a,4.112808271749308,Alsópetény: 0.5k | ≤4.1%
Bánokszentgyörgy,választók,479,7465410,teljes lakosság %-a,4.119224530199949,Bánokszentgyörgy: 0.5k | ≤4.1%
Érsekhalma,választók,479,7465410,teljes lakosság %-a,4.12564078865059,Érsekhalma: 0.5k | ≤4.1%
Nikla,választók,479,7465410,teljes lakosság %-a,4.132057047101231,Nikla: 0.5k | ≤4.1%
Szálka,választók,479,7465410,teljes lakosság %-a,4.138473305551872,Szálka: 0.5k | ≤4.1%
Sárkeszi,választók,480,7465410,teljes lakosság %-a,4.144902959114101,Sárkeszi: 0.5k | ≤4.1%
Kondó,választók,481,7465410,teljes lakosság %-a,4.151346007787918,Kondó: 0.5k | ≤4.2%
Demjén,választók,482,7465410,teljes lakosság %-a,4.157802451573323,Demjén: 0.5k | ≤4.2%
Rábacsécsény,választók,482,7465410,teljes lakosság %-a,4.164258895358728,Rábacsécsény: 0.5k | ≤4.2%
Somogysámson,választók,482,7465410,teljes lakosság %-a,4.170715339144133,Somogysámson: 0.5k | ≤4.2%
Zalatárnok,választók,482,7465410,teljes lakosság %-a,4.177171782929538,Zalatárnok: 0.5k | ≤4.2%
Csögle,választók,483,7465410,teljes lakosság %-a,4.18364162182653,Csögle: 0.5k | ≤4.2%
Nemesdéd,választók,483,7465410,teljes lakosság %-a,4.190111460723524,Nemesdéd: 0.5k | ≤4.2%
Tiszamogyorós,választók,483,7465410,teljes lakosság %-a,4.196581299620517,Tiszamogyorós: 0.5k | ≤4.2%
Surd,választók,484,7465410,teljes lakosság %-a,4.203064533629098,Surd: 0.5k | ≤4.2%
Nagybörzsöny,választók,485,7465410,teljes lakosság %-a,4.209561162749266,Nagybörzsöny: 0.5k | ≤4.2%
Rákóczibánya,választók,485,7465410,teljes lakosság %-a,4.216057791869435,Rákóczibánya: 0.5k | ≤4.2%
Sümegprága,választók,485,7465410,teljes lakosság %-a,4.222554420989604,Sümegprága: 0.5k | ≤4.2%
Vécs,választók,485,7465410,teljes lakosság %-a,4.229051050109773,Vécs: 0.5k | ≤4.2%
Dör,választók,486,7465410,teljes lakosság %-a,4.23556107434153,Dör: 0.5k | ≤4.2%
Márokpapi,választók,488,7465410,teljes lakosság %-a,4.242097888796462,Márokpapi: 0.5k | ≤4.2%
Ura,választók,488,7465410,teljes lakosság %-a,4.248634703251396,Ura: 0.5k | ≤4.2%
Kokad,választók,489,7465410,teljes lakosság %-a,4.255184912817916,Kokad: 0.5k | ≤4.3%
Erdőkövesd,választók,490,7465410,teljes lakosság %-a,4.2617485174960255,Erdőkövesd: 0.5k | ≤4.3%
Bakonytamási,választók,492,7465410,teljes lakosság %-a,4.26833891239731,Bakonytamási: 0.5k | ≤4.3%
Ragály,választók,492,7465410,teljes lakosság %-a,4.274929307298595,Ragály: 0.5k | ≤4.3%
Szögliget,választók,492,7465410,teljes lakosság %-a,4.281519702199879,Szögliget: 0.5k | ≤4.3%
Vadna,választók,493,7465410,teljes lakosság %-a,4.288123492212752,Vadna: 0.5k | ≤4.3%
Galgaguta,választók,494,7465410,teljes lakosság %-a,4.294740677337212,Galgaguta: 0.5k | ≤4.3%
Sajóivánka,választók,494,7465410,teljes lakosság %-a,4.301357862461673,Sajóivánka: 0.5k | ≤4.3%
Zalabaksa,választók,494,7465410,teljes lakosság %-a,4.307975047586134,Zalabaksa: 0.5k | ≤4.3%
Epöl,választók,495,7465410,teljes lakosság %-a,4.314605627822182,Epöl: 0.5k | ≤4.3%
Vezseny,választók,495,7465410,teljes lakosság %-a,4.321236208058231,Vezseny: 0.5k | ≤4.3%
Garabonc,választók,496,7465410,teljes lakosság %-a,4.327880183405868,Garabonc: 0.5k | ≤4.3%
Kapoly,választók,496,7465410,teljes lakosság %-a,4.334524158753505,Kapoly: 0.5k | ≤4.3%
Kétpó,választók,497,7465410,teljes lakosság %-a,4.341181529212729,Kétpó: 0.5k | ≤4.3%
Nagyrozvágy,választók,497,7465410,teljes lakosság %-a,4.347838899671954,Nagyrozvágy: 0.5k | ≤4.3%
Újdombrád,választók,497,7465410,teljes lakosság %-a,4.354496270131179,Újdombrád: 0.5k | ≤4.4%
Imrehegy,választók,498,7465410,teljes lakosság %-a,4.361167035701992,Imrehegy: 0.5k | ≤4.4%
Tiszaadony,választók,498,7465410,teljes lakosság %-a,4.367837801272803,Tiszaadony: 0.5k | ≤4.4%
Tisztaberek,választók,498,7465410,teljes lakosság %-a,4.374508566843616,Tisztaberek: 0.5k | ≤4.4%
Acsád,választók,499,7465410,teljes lakosság %-a,4.381192727526017,Acsád: 0.5k | ≤4.4%
Csányoszró,választók,500,7465410,teljes lakosság %-a,4.387890283320005,Csányoszró: 0.5k | ≤4.4%
Kemenesszentpéter,választók,500,7465410,teljes lakosság %-a,4.394587839113994,Kemenesszentpéter: 0.5k | ≤4.4%
Magyarhertelend,választók,500,7465410,teljes lakosság %-a,4.401285394907982,Magyarhertelend: 0.5k | ≤4.4%
Mecsér,választók,500,7465410,teljes lakosság %-a,4.40798295070197,Mecsér: 0.5k | ≤4.4%
Oszkó,választók,500,7465410,teljes lakosság %-a,4.414680506495959,Oszkó: 0.5k | ≤4.4%
Fürged,választók,501,7465410,teljes lakosság %-a,4.421391457401535,Fürged: 0.5k | ≤4.4%
Gánt,választók,501,7465410,teljes lakosság %-a,4.4281024083071125,Gánt: 0.5k | ≤4.4%
Várgesztes,választók,501,7465410,teljes lakosság %-a,4.434813359212689,Várgesztes: 0.5k | ≤4.4%
Túrricse,választók,503,7465410,teljes lakosság %-a,4.441551100341441,Túrricse: 0.5k | ≤4.4%
Zemplénagárd,választók,503,7465410,teljes lakosság %-a,4.448288841470194,Zemplénagárd: 0.5k | ≤4.4%
Somlószőlős,választók,504,7465410,teljes lakosság %-a,4.455039977710534,Somlószőlős: 0.5k | ≤4.5%
Fertőendréd,választók,505,7465410,teljes lakosság %-a,4.461804509062463,Fertőendréd: 0.5k | ≤4.5%
Értény,választók,508,7465410,teljes lakosság %-a,4.468609225749155,Értény: 0.5k | ≤4.5%
Nemesbőd,választók,508,7465410,teljes lakosság %-a,4.475413942435848,Nemesbőd: 0.5k | ≤4.5%
Felsőtelekes,választók,509,7465410,teljes lakosság %-a,4.482232054234127,Felsőtelekes: 0.5k | ≤4.5%
Györe,választók,509,7465410,teljes lakosság %-a,4.489050166032408,Györe: 0.5k | ≤4.5%
Nagyveleg,választók,509,7465410,teljes lakosság %-a,4.495868277830688,Nagyveleg: 0.5k | ≤4.5%
Abaliget,választók,510,7465410,teljes lakosság %-a,4.502699784740557,Abaliget: 0.5k | ≤4.5%
Bekölce,választók,510,7465410,teljes lakosság %-a,4.5095312916504255,Bekölce: 0.5k | ≤4.5%
Pálosvörösmart,választók,511,7465410,teljes lakosság %-a,4.516376193671881,Pálosvörösmart: 0.5k | ≤4.5%
Csővár,választók,512,7465410,teljes lakosság %-a,4.523234490804925,Csővár: 0.5k | ≤4.5%
Sátorhely,választók,513,7465410,teljes lakosság %-a,4.530106183049558,Sátorhely: 0.5k | ≤4.5%
Bogyoszló,választók,514,7465410,teljes lakosság %-a,4.536991270405778,Bogyoszló: 0.5k | ≤4.5%
Csobád,választók,514,7465410,teljes lakosság %-a,4.543876357761999,Csobád: 0.5k | ≤4.5%
Nagyar,választók,514,7465410,teljes lakosság %-a,4.550761445118218,Nagyar: 0.5k | ≤4.6%
Püski,választók,514,7465410,teljes lakosság %-a,4.557646532474439,Püski: 0.5k | ≤4.6%
Győrvár,választók,516,7465410,teljes lakosság %-a,4.564558410053835,Győrvár: 0.5k | ≤4.6%
Hunya,választók,516,7465410,teljes lakosság %-a,4.571470287633231,Hunya: 0.5k | ≤4.6%
Káva,választók,516,7465410,teljes lakosság %-a,4.578382165212627,Káva: 0.5k | ≤4.6%
Kerékteleki,választók,516,7465410,teljes lakosság %-a,4.5852940427920235,Kerékteleki: 0.5k | ≤4.6%
Nagyacsád,választók,517,7465410,teljes lakosság %-a,4.592219315483008,Nagyacsád: 0.5k | ≤4.6%
Szin,választók,517,7465410,teljes lakosság %-a,4.599144588173991,Szin: 0.5k | ≤4.6%
Somogyszil,választók,518,7465410,teljes lakosság %-a,4.606083255976564,Somogyszil: 0.5k | ≤4.6%
Balatonszőlős,választók,519,7465410,teljes lakosság %-a,4.6130353188907245,Balatonszőlős: 0.5k | ≤4.6%
Hevesvezekény,választók,519,7465410,teljes lakosság %-a,4.619987381804884,Hevesvezekény: 0.5k | ≤4.6%
Siójut,választók,519,7465410,teljes lakosság %-a,4.626939444719044,Siójut: 0.5k | ≤4.6%
Cserkút,választók,520,7465410,teljes lakosság %-a,4.633904902744793,Cserkút: 0.5k | ≤4.6%
Máriahalom,választók,521,7465410,teljes lakosság %-a,4.640883755882128,Máriahalom: 0.5k | ≤4.6%
Nemesbük,választók,521,7465410,teljes lakosság %-a,4.647862609019464,Nemesbük: 0.5k | ≤4.6%
Baktakék,választók,522,7465410,teljes lakosság %-a,4.654854857268388,Baktakék: 0.5k | ≤4.7%
Cégénydányád,választók,522,7465410,teljes lakosság %-a,4.661847105517312,Cégénydányád: 0.5k | ≤4.7%
Csernely,választók,522,7465410,teljes lakosság %-a,4.668839353766237,Csernely: 0.5k | ≤4.7%
Kunbaracs,választók,522,7465410,teljes lakosság %-a,4.67583160201516,Kunbaracs: 0.5k | ≤4.7%
Szeleste,választók,522,7465410,teljes lakosság %-a,4.682823850264085,Szeleste: 0.5k | ≤4.7%
Fityeház,választók,523,7465410,teljes lakosság %-a,4.689829493624597,Fityeház: 0.5k | ≤4.7%
Ferencszállás,választók,525,7465410,teljes lakosság %-a,4.6968619272082845,Ferencszállás: 0.5k | ≤4.7%
Egyházasgerge,választók,526,7465410,teljes lakosság %-a,4.703907755903561,Egyházasgerge: 0.5k | ≤4.7%
Rozsály,választók,526,7465410,teljes lakosság %-a,4.710953584598836,Rozsály: 0.5k | ≤4.7%
Nagypeterd,választók,527,7465410,teljes lakosság %-a,4.7180128084057005,Nagypeterd: 0.5k | ≤4.7%
Sorkifalud,választók,527,7465410,teljes lakosság %-a,4.725072032212564,Sorkifalud: 0.5k | ≤4.7%
Tófej,választók,527,7465410,teljes lakosság %-a,4.732131256019429,Tófej: 0.5k | ≤4.7%
Bátorliget,választók,528,7465410,teljes lakosság %-a,4.73920387493788,Bátorliget: 0.5k | ≤4.7%
Nemesgörzsöny,választók,528,7465410,teljes lakosság %-a,4.746276493856332,Nemesgörzsöny: 0.5k | ≤4.7%
Nyírlövő,választók,528,7465410,teljes lakosság %-a,4.753349112774783,Nyírlövő: 0.5k | ≤4.8%
Olcsva,választók,528,7465410,teljes lakosság %-a,4.760421731693236,Olcsva: 0.5k | ≤4.8%
Taliándörögd,választók,528,7465410,teljes lakosság %-a,4.767494350611687,Taliándörögd: 0.5k | ≤4.8%
Hosszúpereszteg,választók,529,7465410,teljes lakosság %-a,4.774580364641728,Hosszúpereszteg: 0.5k | ≤4.8%
Nadap,választók,529,7465410,teljes lakosság %-a,4.781666378671767,Nadap: 0.5k | ≤4.8%
Sótony,választók,529,7465410,teljes lakosság %-a,4.788752392701808,Sótony: 0.5k | ≤4.8%
Himod,választók,530,7465410,teljes lakosság %-a,4.795851801843435,Himod: 0.5k | ≤4.8%
Kéty,választók,530,7465410,teljes lakosság %-a,4.802951210985063,Kéty: 0.5k | ≤4.8%
Ártánd,választók,531,7465410,teljes lakosság %-a,4.810064015238279,Ártánd: 0.5k | ≤4.8%
Bánd,választók,532,7465410,teljes lakosság %-a,4.817190214603083,Bánd: 0.5k | ≤4.8%
Kétújfalu,választók,532,7465410,teljes lakosság %-a,4.824316413967886,Kétújfalu: 0.5k | ≤4.8%
Pátyod,választók,532,7465410,teljes lakosság %-a,4.83144261333269,Pátyod: 0.5k | ≤4.8%
Perenye,választók,532,7465410,teljes lakosság %-a,4.838568812697494,Perenye: 0.5k | ≤4.8%
Háromfa,választók,533,7465410,teljes lakosság %-a,4.845708407173886,Háromfa: 0.5k | ≤4.8%
Mezőpeterd,választók,533,7465410,teljes lakosság %-a,4.852848001650278,Mezőpeterd: 0.5k | ≤4.9%
Hercegkút,választók,534,7465410,teljes lakosság %-a,4.860000991238257,Hercegkút: 0.5k | ≤4.9%
Méhtelek,választók,534,7465410,teljes lakosság %-a,4.867153980826237,Méhtelek: 0.5k | ≤4.9%
Öttömös,választók,534,7465410,teljes lakosság %-a,4.874306970414217,Öttömös: 0.5k | ≤4.9%
Csobaj,választók,535,7465410,teljes lakosság %-a,4.881473355113785,Csobaj: 0.5k | ≤4.9%
Tereske,választók,536,7465410,teljes lakosság %-a,4.88865313492494,Tereske: 0.5k | ≤4.9%
Nagyrév,választók,537,7465410,teljes lakosság %-a,4.895846309847684,Nagyrév: 0.5k | ≤4.9%
Kökény,választók,538,7465410,teljes lakosság %-a,4.903052879882016,Kökény: 0.5k | ≤4.9%
Szántód,választók,538,7465410,teljes lakosság %-a,4.910259449916348,Szántód: 0.5k | ≤4.9%
Felsőpáhok,választók,539,7465410,teljes lakosság %-a,4.917479415062267,Felsőpáhok: 0.5k | ≤4.9%
Vát,választók,540,7465410,teljes lakosság %-a,4.924712775319775,Vát: 0.5k | ≤4.9%
Drávaszabolcs,választók,541,7465410,teljes lakosság %-a,4.931959530688871,Drávaszabolcs: 0.5k | ≤4.9%
Terem,választók,541,7465410,teljes lakosság %-a,4.939206286057965,Terem: 0.5k | ≤4.9%
Ácsteszér,választók,542,7465410,teljes lakosság %-a,4.94646643653865,Ácsteszér: 0.5k | ≤4.9%
Túristvándi,választók,542,7465410,teljes lakosság %-a,4.953726587019333,Túristvándi: 0.5k | ≤5%
Hárskút,választók,544,7465410,teljes lakosság %-a,4.961013527723193,Hárskút: 0.5k | ≤5%
Nagyút,választók,545,7465410,teljes lakosság %-a,4.968313863538641,Nagyút: 0.5k | ≤5%
Diósviszló,választók,546,7465410,teljes lakosság %-a,4.975627594465676,Diósviszló: 0.5k | ≤5%
Eszteregnye,választók,547,7465410,teljes lakosság %-a,4.982954720504299,Eszteregnye: 0.5k | ≤5%
Gamás,választók,548,7465410,teljes lakosság %-a,4.99029524165451,Gamás: 0.5k | ≤5%
Csegöld,választók,549,7465410,teljes lakosság %-a,4.997649157916309,Csegöld: 0.5k | ≤5%
Egerfarmos,választók,549,7465410,teljes lakosság %-a,5.005003074178109,Egerfarmos: 0.5k | ≤5%
Kömpöc,választók,549,7465410,teljes lakosság %-a,5.012356990439909,Kömpöc: 0.5k | ≤5%
Kővágóörs,választók,549,7465410,teljes lakosság %-a,5.019710906701708,Kővágóörs: 0.5k | ≤5%
Alsónemesapáti,választók,550,7465410,teljes lakosság %-a,5.027078218075095,Alsónemesapáti: 0.6k | ≤5%
Hejőszalonta,választók,550,7465410,teljes lakosság %-a,5.034445529448483,Hejőszalonta: 0.6k | ≤5%
Tiszaigar,választók,550,7465410,teljes lakosság %-a,5.04181284082187,Tiszaigar: 0.6k | ≤5%
Berkenye,választók,551,7465410,teljes lakosság %-a,5.049193547306846,Berkenye: 0.6k | ≤5%
Besenyőd,választók,551,7465410,teljes lakosság %-a,5.056574253791822,Besenyőd: 0.6k | ≤5.1%
Bolhó,választók,551,7465410,teljes lakosság %-a,5.063954960276797,Bolhó: 0.6k | ≤5.1%
Tomajmonostora,választók,551,7465410,teljes lakosság %-a,5.0713356667617715,Tomajmonostora: 0.6k | ≤5.1%
Bázakerettye,választók,553,7465410,teljes lakosság %-a,5.078743163469923,Bázakerettye: 0.6k | ≤5.1%
Borsfa,választók,553,7465410,teljes lakosság %-a,5.086150660178075,Borsfa: 0.6k | ≤5.1%
Csénye,választók,553,7465410,teljes lakosság %-a,5.093558156886226,Csénye: 0.6k | ≤5.1%
Rakaca,választók,553,7465410,teljes lakosság %-a,5.100965653594377,Rakaca: 0.6k | ≤5.1%
Meggyeskovácsi,választók,554,7465410,teljes lakosság %-a,5.108386545414117,Meggyeskovácsi: 0.6k | ≤5.1%
Nagynyárád,választók,554,7465410,teljes lakosság %-a,5.1158074372338564,Nagynyárád: 0.6k | ≤5.1%
Osztopán,választók,554,7465410,teljes lakosság %-a,5.123228329053595,Osztopán: 0.6k | ≤5.1%
Homokbödöge,választók,555,7465410,teljes lakosság %-a,5.130662615984923,Homokbödöge: 0.6k | ≤5.1%
Alsónána,választók,556,7465410,teljes lakosság %-a,5.138110298027838,Alsónána: 0.6k | ≤5.1%
Fácánkert,választók,556,7465410,teljes lakosság %-a,5.145557980070753,Fácánkert: 0.6k | ≤5.1%
Mesterszállás,választók,556,7465410,teljes lakosság %-a,5.153005662113668,Mesterszállás: 0.6k | ≤5.2%
Nekézseny,választók,557,7465410,teljes lakosság %-a,5.160466739268172,Nekézseny: 0.6k | ≤5.2%
Karmacs,választók,558,7465410,teljes lakosság %-a,5.167941211534263,Karmacs: 0.6k | ≤5.2%
Geszt,választók,559,7465410,teljes lakosság %-a,5.175429078911941,Geszt: 0.6k | ≤5.2%
Som,választók,559,7465410,teljes lakosság %-a,5.1829169462896205,Som: 0.6k | ≤5.2%
Alsónyék,választók,560,7465410,teljes lakosság %-a,5.190418208778888,Alsónyék: 0.6k | ≤5.2%
Búcsúszentlászló,választók,560,7465410,teljes lakosság %-a,5.197919471268155,Búcsúszentlászló: 0.6k | ≤5.2%
Szilsárkány,választók,560,7465410,teljes lakosság %-a,5.205420733757422,Szilsárkány: 0.6k | ≤5.2%
Vilonya,választók,560,7465410,teljes lakosság %-a,5.212921996246689,Vilonya: 0.6k | ≤5.2%
Bikal,választók,561,7465410,teljes lakosság %-a,5.220436653847544,Bikal: 0.6k | ≤5.2%
Mikófalva,választók,561,7465410,teljes lakosság %-a,5.2279513114483995,Mikófalva: 0.6k | ≤5.2%
Somogyvámos,választók,561,7465410,teljes lakosság %-a,5.235465969049255,Somogyvámos: 0.6k | ≤5.2%
Kolontár,választók,562,7465410,teljes lakosság %-a,5.242994021761698,Kolontár: 0.6k | ≤5.2%
Balsa,választók,563,7465410,teljes lakosság %-a,5.25053546958573,Balsa: 0.6k | ≤5.3%
Bakonyjákó,választók,564,7465410,teljes lakosság %-a,5.2580903125213485,Bakonyjákó: 0.6k | ≤5.3%
Kaposújlak,választók,564,7465410,teljes lakosság %-a,5.265645155456967,Kaposújlak: 0.6k | ≤5.3%
Rábakecöl,választók,564,7465410,teljes lakosság %-a,5.273199998392586,Rábakecöl: 0.6k | ≤5.3%
Bő,választók,565,7465410,teljes lakosság %-a,5.280768236439794,Bő: 0.6k | ≤5.3%
Gersekarát,választók,565,7465410,teljes lakosság %-a,5.288336474487001,Gersekarát: 0.6k | ≤5.3%
Bodony,választók,566,7465410,teljes lakosság %-a,5.295918107645796,Bodony: 0.6k | ≤5.3%
Kisnémedi,választók,566,7465410,teljes lakosság %-a,5.303499740804591,Kisnémedi: 0.6k | ≤5.3%
Tiszagyulaháza,választók,566,7465410,teljes lakosság %-a,5.311081373963386,Tiszagyulaháza: 0.6k | ≤5.3%
Babarc,választók,567,7465410,teljes lakosság %-a,5.318676402233768,Babarc: 0.6k | ≤5.3%
Gyulakeszi,választók,567,7465410,teljes lakosság %-a,5.326271430504152,Gyulakeszi: 0.6k | ≤5.3%
Zalabér,választók,567,7465410,teljes lakosság %-a,5.333866458774534,Zalabér: 0.6k | ≤5.3%
Külsővat,választók,568,7465410,teljes lakosság %-a,5.341474882156506,Külsővat: 0.6k | ≤5.3%
Magyaregregy,választók,568,7465410,teljes lakosság %-a,5.3490833055384766,Magyaregregy: 0.6k | ≤5.3%
Jászágó,választók,570,7465410,teljes lakosság %-a,5.356718519143624,Jászágó: 0.6k | ≤5.4%
Kisdorog,választók,571,7465410,teljes lakosság %-a,5.364367127860358,Kisdorog: 0.6k | ≤5.4%
Vése,választók,571,7465410,teljes lakosság %-a,5.372015736577094,Vése: 0.6k | ≤5.4%
Belezna,választók,572,7465410,teljes lakosság %-a,5.379677740405416,Belezna: 0.6k | ≤5.4%
Miháld,választók,572,7465410,teljes lakosság %-a,5.387339744233739,Miháld: 0.6k | ≤5.4%
Sitke,választók,572,7465410,teljes lakosság %-a,5.395001748062063,Sitke: 0.6k | ≤5.4%
Szenna,választók,573,7465410,teljes lakosság %-a,5.402677147001973,Szenna: 0.6k | ≤5.4%
Vönöck,választók,573,7465410,teljes lakosság %-a,5.410352545941884,Vönöck: 0.6k | ≤5.4%
Molnári,választók,574,7465410,teljes lakosság %-a,5.4180413399933824,Molnári: 0.6k | ≤5.4%
Mórágy,választók,574,7465410,teljes lakosság %-a,5.425730134044882,Mórágy: 0.6k | ≤5.4%
Püspökszilágy,választók,574,7465410,teljes lakosság %-a,5.433418928096381,Püspökszilágy: 0.6k | ≤5.4%
Kunpeszér,választók,575,7465410,teljes lakosság %-a,5.441121117259468,Kunpeszér: 0.6k | ≤5.4%
Nógrádsipek,választók,575,7465410,teljes lakosság %-a,5.448823306422554,Nógrádsipek: 0.6k | ≤5.4%
Ölbő,választók,575,7465410,teljes lakosság %-a,5.456525495585641,Ölbő: 0.6k | ≤5.5%
Keszeg,választók,577,7465410,teljes lakosság %-a,5.464254474971904,Keszeg: 0.6k | ≤5.5%
Vámosújfalu,választók,577,7465410,teljes lakosság %-a,5.471983454358167,Vámosújfalu: 0.6k | ≤5.5%
Egyházaskozár,választók,578,7465410,teljes lakosság %-a,5.479725828856017,Egyházaskozár: 0.6k | ≤5.5%
Rudolftelep,választók,578,7465410,teljes lakosság %-a,5.487468203353868,Rudolftelep: 0.6k | ≤5.5%
Sáregres,választók,578,7465410,teljes lakosság %-a,5.495210577851719,Sáregres: 0.6k | ≤5.5%
Dóc,választók,580,7465410,teljes lakosság %-a,5.502979742572745,Dóc: 0.6k | ≤5.5%
Nemti,választók,580,7465410,teljes lakosság %-a,5.510748907293772,Nemti: 0.6k | ≤5.5%
Perkupa,választók,580,7465410,teljes lakosság %-a,5.518518072014799,Perkupa: 0.6k | ≤5.5%
Aldebrő,választók,581,7465410,teljes lakosság %-a,5.526300631847414,Aldebrő: 0.6k | ≤5.5%
Mikebuda,választók,581,7465410,teljes lakosság %-a,5.534083191680028,Mikebuda: 0.6k | ≤5.5%
Szamossályi,választók,581,7465410,teljes lakosság %-a,5.541865751512643,Szamossályi: 0.6k | ≤5.5%
Zalaszentlászló,választók,581,7465410,teljes lakosság %-a,5.549648311345258,Zalaszentlászló: 0.6k | ≤5.5%
Balatonakali,választók,582,7465410,teljes lakosság %-a,5.55744426628946,Balatonakali: 0.6k | ≤5.6%
Dunaszentpál,választók,582,7465410,teljes lakosság %-a,5.565240221233663,Dunaszentpál: 0.6k | ≤5.6%
Litke,választók,582,7465410,teljes lakosság %-a,5.573036176177865,Litke: 0.6k | ≤5.6%
Mátyásdomb,választók,582,7465410,teljes lakosság %-a,5.580832131122068,Mátyásdomb: 0.6k | ≤5.6%
Táp,választók,585,7465410,teljes lakosság %-a,5.588668271401035,Táp: 0.6k | ≤5.6%
Alsóberecki,választók,586,7465410,teljes lakosság %-a,5.5965178067915895,Alsóberecki: 0.6k | ≤5.6%
Domaháza,választók,587,7465410,teljes lakosság %-a,5.604380737293732,Domaháza: 0.6k | ≤5.6%
Somogyaszaló,választók,587,7465410,teljes lakosság %-a,5.612243667795874,Somogyaszaló: 0.6k | ≤5.6%
Alacska,választók,588,7465410,teljes lakosság %-a,5.620119993409605,Alacska: 0.6k | ≤5.6%
Bükkszék,választók,588,7465410,teljes lakosság %-a,5.627996319023336,Bükkszék: 0.6k | ≤5.6%
Csokvaomány,választók,588,7465410,teljes lakosság %-a,5.635872644637066,Csokvaomány: 0.6k | ≤5.6%
Felsőrajk,választók,588,7465410,teljes lakosság %-a,5.643748970250797,Felsőrajk: 0.6k | ≤5.6%
Jásd,választók,588,7465410,teljes lakosság %-a,5.651625295864527,Jásd: 0.6k | ≤5.7%
Körösszakál,választók,588,7465410,teljes lakosság %-a,5.659501621478258,Körösszakál: 0.6k | ≤5.7%
Penyige,választók,588,7465410,teljes lakosság %-a,5.667377947091988,Penyige: 0.6k | ≤5.7%
Medina,választók,589,7465410,teljes lakosság %-a,5.675267667817307,Medina: 0.6k | ≤5.7%
Ludas,választók,590,7465410,teljes lakosság %-a,5.683170783654213,Ludas: 0.6k | ≤5.7%
Sajópálfala,választók,591,7465410,teljes lakosság %-a,5.691087294602708,Sajópálfala: 0.6k | ≤5.7%
Gyód,választók,592,7465410,teljes lakosság %-a,5.69901720066279,Gyód: 0.6k | ≤5.7%
Patvarc,választók,592,7465410,teljes lakosság %-a,5.706947106722873,Patvarc: 0.6k | ≤5.7%
Pusztakovácsi,választók,592,7465410,teljes lakosság %-a,5.714877012782955,Pusztakovácsi: 0.6k | ≤5.7%
Kóspallag,választók,593,7465410,teljes lakosság %-a,5.722820313954625,Kóspallag: 0.6k | ≤5.7%
Bánk,választók,594,7465410,teljes lakosság %-a,5.730777010237883,Bánk: 0.6k | ≤5.7%
Erk,választók,594,7465410,teljes lakosság %-a,5.738733706521142,Erk: 0.6k | ≤5.7%
Sajóvelezd,választók,595,7465410,teljes lakosság %-a,5.7467037979159885,Sajóvelezd: 0.6k | ≤5.7%
Berkesz,választók,596,7465410,teljes lakosság %-a,5.754687284422423,Berkesz: 0.6k | ≤5.8%
Borsodbóta,választók,596,7465410,teljes lakosság %-a,5.762670770928857,Borsodbóta: 0.6k | ≤5.8%
Geresdlak,választók,596,7465410,teljes lakosság %-a,5.770654257435292,Geresdlak: 0.6k | ≤5.8%
Úny,választók,597,7465410,teljes lakosság %-a,5.778651139053314,Úny: 0.6k | ≤5.8%
Magyargéc,választók,599,7465410,teljes lakosság %-a,5.786674810894512,Magyargéc: 0.6k | ≤5.8%
Vizsoly,választók,599,7465410,teljes lakosság %-a,5.79469848273571,Vizsoly: 0.6k | ≤5.8%
Kisfalud,választók,601,7465410,teljes lakosság %-a,5.802748944800085,Kisfalud: 0.6k | ≤5.8%
Sárhida,választók,601,7465410,teljes lakosság %-a,5.810799406864459,Sárhida: 0.6k | ≤5.8%
Öregcsertő,választók,602,7465410,teljes lakosság %-a,5.818863264040421,Öregcsertő: 0.6k | ≤5.8%
Borzavár,választók,603,7465410,teljes lakosság %-a,5.826940516327971,Borzavár: 0.6k | ≤5.8%
Királd,választók,603,7465410,teljes lakosság %-a,5.835017768615521,Királd: 0.6k | ≤5.8%
Mátramindszent,választók,603,7465410,teljes lakosság %-a,5.843095020903072,Mátramindszent: 0.6k | ≤5.8%
Mindszentgodisa,választók,604,7465410,teljes lakosság %-a,5.85118566830221,Mindszentgodisa: 0.6k | ≤5.9%
Tarnaszentmiklós,választók,604,7465410,teljes lakosság %-a,5.859276315701348,Tarnaszentmiklós: 0.6k | ≤5.9%
Cserhátsurány,választók,605,7465410,teljes lakosság %-a,5.867380358212074,Cserhátsurány: 0.6k | ≤5.9%
Jánd,választók,606,7465410,teljes lakosság %-a,5.875497795834388,Jánd: 0.6k | ≤5.9%
Szentlászló,választók,606,7465410,teljes lakosság %-a,5.883615233456703,Szentlászló: 0.6k | ≤5.9%
Jéke,választók,607,7465410,teljes lakosság %-a,5.8917460661906045,Jéke: 0.6k | ≤5.9%
Hollóháza,választók,608,7465410,teljes lakosság %-a,5.899890294036095,Hollóháza: 0.6k | ≤5.9%
Nyírpilis,választók,609,7465410,teljes lakosság %-a,5.908047916993173,Nyírpilis: 0.6k | ≤5.9%
Csengerújfalu,választók,610,7465410,teljes lakosság %-a,5.916218935061838,Csengerújfalu: 0.6k | ≤5.9%
Gyulaj,választók,610,7465410,teljes lakosság %-a,5.924389953130504,Gyulaj: 0.6k | ≤5.9%
Balatonmáriafürdő,választók,611,7465410,teljes lakosság %-a,5.932574366310758,Balatonmáriafürdő: 0.6k | ≤5.9%
Nagycsécs,választók,611,7465410,teljes lakosság %-a,5.940758779491013,Nagycsécs: 0.6k | ≤5.9%
Rábagyarmat,választók,611,7465410,teljes lakosság %-a,5.948943192671266,Rábagyarmat: 0.6k | ≤5.9%
Girincs,választók,612,7465410,teljes lakosság %-a,5.957141000963109,Girincs: 0.6k | ≤6%
Tolmács,választók,612,7465410,teljes lakosság %-a,5.96533880925495,Tolmács: 0.6k | ≤6%
Nova,választók,613,7465410,teljes lakosság %-a,5.9735500126583805,Nova: 0.6k | ≤6%
Gemzse,választók,614,7465410,teljes lakosság %-a,5.981774611173398,Gemzse: 0.6k | ≤6%
Bábonymegyer,választók,615,7465410,teljes lakosság %-a,5.990012604800004,Bábonymegyer: 0.6k | ≤6%
Baté,választók,615,7465410,teljes lakosság %-a,5.99825059842661,Baté: 0.6k | ≤6%
Lipót,választók,615,7465410,teljes lakosság %-a,6.006488592053216,Lipót: 0.6k | ≤6%
Marcaltő,választók,615,7465410,teljes lakosság %-a,6.014726585679822,Marcaltő: 0.6k | ≤6%
Gödre,választók,616,7465410,teljes lakosság %-a,6.022977974418016,Gödre: 0.6k | ≤6%
Hegyfalu,választók,616,7465410,teljes lakosság %-a,6.03122936315621,Hegyfalu: 0.6k | ≤6%
Baksa,választók,617,7465410,teljes lakosság %-a,6.039494147005992,Baksa: 0.6k | ≤6%
Mátraballa,választók,617,7465410,teljes lakosság %-a,6.047758930855773,Mátraballa: 0.6k | ≤6%
Mihályháza,választók,618,7465410,teljes lakosság %-a,6.056037109817143,Mihályháza: 0.6k | ≤6.1%
Nyírkércs,választók,618,7465410,teljes lakosság %-a,6.064315288778513,Nyírkércs: 0.6k | ≤6.1%
Barbacs,választók,620,7465410,teljes lakosság %-a,6.072620257963059,Barbacs: 0.6k | ≤6.1%
Dunaszentbenedek,választók,620,7465410,teljes lakosság %-a,6.080925227147604,Dunaszentbenedek: 0.6k | ≤6.1%
Gógánfa,választók,620,7465410,teljes lakosság %-a,6.089230196332151,Gógánfa: 0.6k | ≤6.1%
Tanakajd,választók,621,7465410,teljes lakosság %-a,6.097548560628285,Tanakajd: 0.6k | ≤6.1%
Csikéria,választók,622,7465410,teljes lakosság %-a,6.105880320036007,Csikéria: 0.6k | ≤6.1%
Pecöl,választók,622,7465410,teljes lakosság %-a,6.114212079443728,Pecöl: 0.6k | ≤6.1%
Pécsudvard,választók,622,7465410,teljes lakosság %-a,6.12254383885145,Pécsudvard: 0.6k | ≤6.1%
Szajk,választók,622,7465410,teljes lakosság %-a,6.130875598259172,Szajk: 0.6k | ≤6.1%
Botpalád,választók,623,7465410,teljes lakosság %-a,6.139220752778481,Botpalád: 0.6k | ≤6.1%
Becsvölgye,választók,625,7465410,teljes lakosság %-a,6.147592697520967,Becsvölgye: 0.6k | ≤6.1%
Ötvöskónyi,választók,625,7465410,teljes lakosság %-a,6.155964642263453,Ötvöskónyi: 0.6k | ≤6.2%
Tiszakóród,választók,626,7465410,teljes lakosság %-a,6.164349982117526,Tiszakóród: 0.6k | ≤6.2%
Attala,választók,627,7465410,teljes lakosság %-a,6.172748717083188,Attala: 0.6k | ≤6.2%
Tarhos,választók,628,7465410,teljes lakosság %-a,6.181160847160437,Tarhos: 0.6k | ≤6.2%
Horvátzsidány,választók,629,7465410,teljes lakosság %-a,6.189586372349274,Horvátzsidány: 0.6k | ≤6.2%
Söpte,választók,629,7465410,teljes lakosság %-a,6.198011897538112,Söpte: 0.6k | ≤6.2%
Hugyag,választók,630,7465410,teljes lakosság %-a,6.2064508178385385,Hugyag: 0.6k | ≤6.2%
Márianosztra,választók,631,7465410,teljes lakosság %-a,6.2149031332505515,Márianosztra: 0.6k | ≤6.2%
Kőröstetétlen,választók,632,7465410,teljes lakosság %-a,6.2233688437741534,Kőröstetétlen: 0.6k | ≤6.2%
Ostffyasszonyfa,választók,632,7465410,teljes lakosság %-a,6.231834554297755,Ostffyasszonyfa: 0.6k | ≤6.2%
Bársonyos,választók,634,7465410,teljes lakosság %-a,6.240327055044532,Bársonyos: 0.6k | ≤6.2%
Káptalanfa,választók,634,7465410,teljes lakosság %-a,6.248819555791309,Káptalanfa: 0.6k | ≤6.2%
Makkoshotyka,választók,634,7465410,teljes lakosság %-a,6.257312056538086,Makkoshotyka: 0.6k | ≤6.3%
Vereb,választók,634,7465410,teljes lakosság %-a,6.265804557284864,Vereb: 0.6k | ≤6.3%
Győrsövényház,választók,635,7465410,teljes lakosság %-a,6.274310453143229,Győrsövényház: 0.6k | ≤6.3%
Sóshartyán,választók,635,7465410,teljes lakosság %-a,6.282816349001595,Sóshartyán: 0.6k | ≤6.3%
Újrónafő,választók,635,7465410,teljes lakosság %-a,6.291322244859961,Újrónafő: 0.6k | ≤6.3%
Vassurány,választók,635,7465410,teljes lakosság %-a,6.2998281407183265,Vassurány: 0.6k | ≤6.3%
Berkesd,választók,636,7465410,teljes lakosság %-a,6.30834743168828,Berkesd: 0.6k | ≤6.3%
Mánfa,választók,636,7465410,teljes lakosság %-a,6.316866722658234,Mánfa: 0.6k | ≤6.3%
Ordacsehi,választók,637,7465410,teljes lakosság %-a,6.325399408739775,Ordacsehi: 0.6k | ≤6.3%
Gacsály,választók,638,7465410,teljes lakosság %-a,6.333945489932905,Gacsály: 0.6k | ≤6.3%
Vajta,választók,638,7465410,teljes lakosság %-a,6.342491571126033,Vajta: 0.6k | ≤6.3%
Beregsurány,választók,639,7465410,teljes lakosság %-a,6.35105104743075,Beregsurány: 0.6k | ≤6.4%
Magyarlak,választók,639,7465410,teljes lakosság %-a,6.359610523735467,Magyarlak: 0.6k | ≤6.4%
Bernecebaráti,választók,641,7465410,teljes lakosság %-a,6.368196790263362,Bernecebaráti: 0.6k | ≤6.4%
Csikóstőttős,választók,642,7465410,teljes lakosság %-a,6.376796451902843,Csikóstőttős: 0.6k | ≤6.4%
Gáborján,választók,643,7465410,teljes lakosság %-a,6.385409508653912,Gáborján: 0.6k | ≤6.4%
Váralja,választók,643,7465410,teljes lakosság %-a,6.394022565404982,Váralja: 0.6k | ≤6.4%
Pölöske,választók,644,7465410,teljes lakosság %-a,6.402649017267638,Pölöske: 0.6k | ≤6.4%
Szabadszentkirály,választók,644,7465410,teljes lakosság %-a,6.411275469130295,Szabadszentkirály: 0.6k | ≤6.4%
Csengersima,választók,645,7465410,teljes lakosság %-a,6.419915316104541,Csengersima: 0.6k | ≤6.4%
Szabadhídvég,választók,647,7465410,teljes lakosság %-a,6.428581953301962,Szabadhídvég: 0.6k | ≤6.4%
Boba,választók,648,7465410,teljes lakosság %-a,6.437261985610972,Boba: 0.6k | ≤6.4%
Harkakötöny,választók,649,7465410,teljes lakosság %-a,6.445955413031568,Harkakötöny: 0.6k | ≤6.4%
Sorokpolány,választók,650,7465410,teljes lakosság %-a,6.454662235563753,Sorokpolány: 0.7k | ≤6.5%
Tiszaug,választók,650,7465410,teljes lakosság %-a,6.463369058095939,Tiszaug: 0.7k | ≤6.5%
Ipolyvece,választók,651,7465410,teljes lakosság %-a,6.472089275739712,Ipolyvece: 0.7k | ≤6.5%
Zalaszentbalázs,választók,651,7465410,teljes lakosság %-a,6.480809493383484,Zalaszentbalázs: 0.7k | ≤6.5%
Magyaratád,választók,652,7465410,teljes lakosság %-a,6.4895431061388456,Magyaratád: 0.7k | ≤6.5%
Nagyszokoly,választók,652,7465410,teljes lakosság %-a,6.498276718894207,Nagyszokoly: 0.7k | ≤6.5%
Gölle,választók,654,7465410,teljes lakosság %-a,6.507037121872744,Gölle: 0.7k | ≤6.5%
Kardoskút,választók,654,7465410,teljes lakosság %-a,6.515797524851282,Kardoskút: 0.7k | ≤6.5%
Tótszentmárton,választók,654,7465410,teljes lakosság %-a,6.524557927829817,Tótszentmárton: 0.7k | ≤6.5%
Vokány,választók,654,7465410,teljes lakosság %-a,6.5333183308083544,Vokány: 0.7k | ≤6.5%
Zsurk,választók,654,7465410,teljes lakosság %-a,6.542078733786892,Zsurk: 0.7k | ≤6.5%
Bakonyszentkirály,választók,657,7465410,teljes lakosság %-a,6.550879322100192,Bakonyszentkirály: 0.7k | ≤6.6%
Magy,választók,657,7465410,teljes lakosság %-a,6.559679910413493,Magy: 0.7k | ≤6.6%
Takácsi,választók,658,7465410,teljes lakosság %-a,6.568493893838383,Takácsi: 0.7k | ≤6.6%
Palotabozsok,választók,661,7465410,teljes lakosság %-a,6.577348062598036,Palotabozsok: 0.7k | ≤6.6%
Újcsanálos,választók,662,7465410,teljes lakosság %-a,6.586215626469276,Újcsanálos: 0.7k | ≤6.6%
Adásztevel,választók,663,7465410,teljes lakosság %-a,6.595096585452105,Adásztevel: 0.7k | ≤6.6%
Papos,választók,663,7465410,teljes lakosság %-a,6.603977544434934,Papos: 0.7k | ≤6.6%
Sáp,választók,663,7465410,teljes lakosság %-a,6.612858503417762,Sáp: 0.7k | ≤6.6%
Sonkád,választók,663,7465410,teljes lakosság %-a,6.621739462400591,Sonkád: 0.7k | ≤6.6%
Szakcs,választók,663,7465410,teljes lakosság %-a,6.630620421383421,Szakcs: 0.7k | ≤6.6%
Almáskamarás,választók,665,7465410,teljes lakosság %-a,6.639528170589425,Almáskamarás: 0.7k | ≤6.6%
Csajág,választók,665,7465410,teljes lakosság %-a,6.64843591979543,Csajág: 0.7k | ≤6.6%
Hernádvécse,választók,665,7465410,teljes lakosság %-a,6.657343669001435,Hernádvécse: 0.7k | ≤6.7%
Óbarok,választók,665,7465410,teljes lakosság %-a,6.666251418207439,Óbarok: 0.7k | ≤6.7%
Mórichida,választók,666,7465410,teljes lakosság %-a,6.675172562525032,Mórichida: 0.7k | ≤6.7%
Nyírparasznya,választók,668,7465410,teljes lakosság %-a,6.684120497065801,Nyírparasznya: 0.7k | ≤6.7%
Nyírjákó,választók,669,7465410,teljes lakosság %-a,6.693081826718157,Nyírjákó: 0.7k | ≤6.7%
Szerecseny,választók,669,7465410,teljes lakosság %-a,6.7020431563705145,Szerecseny: 0.7k | ≤6.7%
Felsődobsza,választók,670,7465410,teljes lakosság %-a,6.711017881134458,Felsődobsza: 0.7k | ≤6.7%
Felsőszentmárton,választók,670,7465410,teljes lakosság %-a,6.719992605898403,Felsőszentmárton: 0.7k | ≤6.7%
Sopronhorpács,választók,670,7465410,teljes lakosság %-a,6.728967330662348,Sopronhorpács: 0.7k | ≤6.7%
Harc,választók,673,7465410,teljes lakosság %-a,6.737982240761056,Harc: 0.7k | ≤6.7%
Kapospula,választók,673,7465410,teljes lakosság %-a,6.746997150859765,Kapospula: 0.7k | ≤6.7%
Szentpéterúr,választók,673,7465410,teljes lakosság %-a,6.756012060958475,Szentpéterúr: 0.7k | ≤6.8%
Karancsberény,választók,675,7465410,teljes lakosság %-a,6.765053761280358,Karancsberény: 0.7k | ≤6.8%
Kenyeri,választók,675,7465410,teljes lakosság %-a,6.7740954616022435,Kenyeri: 0.7k | ≤6.8%
Uraiújfalu,választók,675,7465410,teljes lakosság %-a,6.783137161924127,Uraiújfalu: 0.7k | ≤6.8%
Bodrogkisfalud,választók,678,7465410,teljes lakosság %-a,6.792219047580776,Bodrogkisfalud: 0.7k | ≤6.8%
Fertőhomok,választók,678,7465410,teljes lakosság %-a,6.801300933237424,Fertőhomok: 0.7k | ≤6.8%
Pakod,választók,678,7465410,teljes lakosság %-a,6.810382818894073,Pakod: 0.7k | ≤6.8%
Újtikos,választók,678,7465410,teljes lakosság %-a,6.819464704550721,Újtikos: 0.7k | ≤6.8%
Csesztreg,választók,680,7465410,teljes lakosság %-a,6.828573380430545,Csesztreg: 0.7k | ≤6.8%
Magyarhomorog,választók,680,7465410,teljes lakosság %-a,6.837682056310371,Magyarhomorog: 0.7k | ≤6.8%
Milota,választók,680,7465410,teljes lakosság %-a,6.846790732190194,Milota: 0.7k | ≤6.8%
Homrogd,választók,682,7465410,teljes lakosság %-a,6.855926198293195,Homrogd: 0.7k | ≤6.9%
Nagybarca,választók,682,7465410,teljes lakosság %-a,6.865061664396195,Nagybarca: 0.7k | ≤6.9%
Bodrogolaszi,választók,683,7465410,teljes lakosság %-a,6.874210525610784,Bodrogolaszi: 0.7k | ≤6.9%
Versend,választók,685,7465410,teljes lakosság %-a,6.883386177048548,Versend: 0.7k | ≤6.9%
Vatta,választók,686,7465410,teljes lakosság %-a,6.892575223597901,Vatta: 0.7k | ≤6.9%
Lónya,választók,687,7465410,teljes lakosság %-a,6.90177766525884,Lónya: 0.7k | ≤6.9%
Mozsgó,választók,689,7465410,teljes lakosság %-a,6.911006897142958,Mozsgó: 0.7k | ≤6.9%
Sormás,választók,689,7465410,teljes lakosság %-a,6.920236129027073,Sormás: 0.7k | ≤6.9%
Fülöpháza,választók,690,7465410,teljes lakosság %-a,6.929478756022778,Fülöpháza: 0.7k | ≤6.9%
Nemesbikk,választók,690,7465410,teljes lakosság %-a,6.938721383018481,Nemesbikk: 0.7k | ≤6.9%
Darány,választók,691,7465410,teljes lakosság %-a,6.947977405125773,Darány: 0.7k | ≤6.9%
Hidasnémeti,választók,692,7465410,teljes lakosság %-a,6.957246822344654,Hidasnémeti: 0.7k | ≤7%
Püspökmolnári,választók,692,7465410,teljes lakosság %-a,6.966516239563533,Püspökmolnári: 0.7k | ≤7%
Tés,választók,694,7465410,teljes lakosság %-a,6.97581244700559,Tés: 0.7k | ≤7%
Badacsonytördemic,választók,695,7465410,teljes lakosság %-a,6.985122049559234,Badacsonytördemic: 0.7k | ≤7%
Csörötnek,választók,696,7465410,teljes lakosság %-a,6.994445047224467,Csörötnek: 0.7k | ≤7%
Mosdós,választók,696,7465410,teljes lakosság %-a,7.003768044889698,Mosdós: 0.7k | ≤7%
Királyegyháza,választók,697,7465410,teljes lakosság %-a,7.0131044376665175,Királyegyháza: 0.7k | ≤7%
Szalonna,választók,697,7465410,teljes lakosság %-a,7.0224408304433386,Szalonna: 0.7k | ≤7%
Nyárád,választók,699,7465410,teljes lakosság %-a,7.031804013443334,Nyárád: 0.7k | ≤7%
Zalavár,választók,699,7465410,teljes lakosság %-a,7.041167196443331,Zalavár: 0.7k | ≤7%
Osli,választók,700,7465410,teljes lakosság %-a,7.050543774554914,Osli: 0.7k | ≤7.1%
Kemenesmagasi,választók,701,7465410,teljes lakosság %-a,7.059933747778086,Kemenesmagasi: 0.7k | ≤7.1%
Patak,választók,704,7465410,teljes lakosság %-a,7.069363906336022,Patak: 0.7k | ≤7.1%
Nábrád,választók,706,7465410,teljes lakosság %-a,7.078820855117134,Nábrád: 0.7k | ≤7.1%
Nagykapornak,választók,707,7465410,teljes lakosság %-a,7.0882911990098325,Nagykapornak: 0.7k | ≤7.1%
Vértesboglár,választók,708,7465410,teljes lakosság %-a,7.097774938014122,Vértesboglár: 0.7k | ≤7.1%
Csécse,választók,709,7465410,teljes lakosság %-a,7.107272072129997,Csécse: 0.7k | ≤7.1%
Dunafalva,választók,709,7465410,teljes lakosság %-a,7.1167692062458725,Dunafalva: 0.7k | ≤7.1%
Egyházasfalu,választók,709,7465410,teljes lakosság %-a,7.126266340361749,Egyházasfalu: 0.7k | ≤7.1%
Mezőkomárom,választók,709,7465410,teljes lakosság %-a,7.135763474477624,Mezőkomárom: 0.7k | ≤7.1%
Mohora,választók,709,7465410,teljes lakosság %-a,7.1452606085934995,Mohora: 0.7k | ≤7.1%
Dormánd,választók,710,7465410,teljes lakosság %-a,7.154771137820963,Dormánd: 0.7k | ≤7.2%
Mogyorósbánya,választók,710,7465410,teljes lakosság %-a,7.164281667048428,Mogyorósbánya: 0.7k | ≤7.2%
Biharugra,választók,711,7465410,teljes lakosság %-a,7.173805591387479,Biharugra: 0.7k | ≤7.2%
Nemesszalók,választók,711,7465410,teljes lakosság %-a,7.1833295157265304,Nemesszalók: 0.7k | ≤7.2%
Nagytálya,választók,712,7465410,teljes lakosság %-a,7.192866835177171,Nagytálya: 0.7k | ≤7.2%
Igar,választók,714,7465410,teljes lakosság %-a,7.2024309448509864,Igar: 0.7k | ≤7.2%
Kázsmárk,választók,715,7465410,teljes lakosság %-a,7.212008449636389,Kázsmárk: 0.7k | ≤7.2%
Kiskorpád,választók,716,7465410,teljes lakosság %-a,7.221599349533381,Kiskorpád: 0.7k | ≤7.2%
Sajóhídvég,választók,716,7465410,teljes lakosság %-a,7.231190249430373,Sajóhídvég: 0.7k | ≤7.2%
Füle,választók,717,7465410,teljes lakosság %-a,7.240794544438953,Füle: 0.7k | ≤7.2%
Zsana,választók,718,7465410,teljes lakosság %-a,7.2504122345591195,Zsana: 0.7k | ≤7.3%
Boldogkőváralja,választók,719,7465410,teljes lakosság %-a,7.260043319790875,Boldogkőváralja: 0.7k | ≤7.3%
Sarród,választók,719,7465410,teljes lakosság %-a,7.269674405022632,Sarród: 0.7k | ≤7.3%
Beregdaróc,választók,721,7465410,teljes lakosság %-a,7.279332280477563,Beregdaróc: 0.7k | ≤7.3%
Tápszentmiklós,választók,721,7465410,teljes lakosság %-a,7.288990155932494,Tápszentmiklós: 0.7k | ≤7.3%
Zalaszántó,választók,721,7465410,teljes lakosság %-a,7.298648031387425,Zalaszántó: 0.7k | ≤7.3%
Uszód,választók,723,7465410,teljes lakosság %-a,7.3083326970655325,Uszód: 0.7k | ≤7.3%
Hantos,választók,726,7465410,teljes lakosság %-a,7.318057548078405,Hantos: 0.7k | ≤7.3%
Zichyújfalu,választók,726,7465410,teljes lakosság %-a,7.3277823990912765,Zichyújfalu: 0.7k | ≤7.3%
Barabás,választók,727,7465410,teljes lakosság %-a,7.3375206452157355,Barabás: 0.7k | ≤7.3%
Tiszakerecseny,választók,727,7465410,teljes lakosság %-a,7.347258891340195,Tiszakerecseny: 0.7k | ≤7.3%
Újkenéz,választók,727,7465410,teljes lakosság %-a,7.356997137464654,Újkenéz: 0.7k | ≤7.4%
Kisbajcs,választók,728,7465410,teljes lakosság %-a,7.366748778700701,Kisbajcs: 0.7k | ≤7.4%
Lesencetomaj,választók,728,7465410,teljes lakosság %-a,7.376500419936748,Lesencetomaj: 0.7k | ≤7.4%
Szalaszend,választók,730,7465410,teljes lakosság %-a,7.386278851395972,Szalaszend: 0.7k | ≤7.4%
Medgyesbodzás,választók,731,7465410,teljes lakosság %-a,7.396070677966783,Medgyesbodzás: 0.7k | ≤7.4%
Vácegres,választók,731,7465410,teljes lakosság %-a,7.405862504537594,Vácegres: 0.7k | ≤7.4%
Isztimér,választók,732,7465410,teljes lakosság %-a,7.4156677262199935,Isztimér: 0.7k | ≤7.4%
Nagyvisnyó,választók,732,7465410,teljes lakosság %-a,7.425472947902392,Nagyvisnyó: 0.7k | ≤7.4%
Annavölgy,választók,733,7465410,teljes lakosság %-a,7.43529156469638,Annavölgy: 0.7k | ≤7.4%
Csököly,választók,733,7465410,teljes lakosság %-a,7.445110181490366,Csököly: 0.7k | ≤7.4%
Magyarbóly,választók,735,7465410,teljes lakosság %-a,7.45495558850753,Magyarbóly: 0.7k | ≤7.5%
Gátér,választók,736,7465410,teljes lakosság %-a,7.464814390636282,Gátér: 0.7k | ≤7.5%
Penészlek,választók,738,7465410,teljes lakosság %-a,7.474699982988209,Penészlek: 0.7k | ≤7.5%
Pókaszepetk,választók,739,7465410,teljes lakosság %-a,7.4845989704517235,Pókaszepetk: 0.7k | ≤7.5%
Mátraszele,választók,740,7465410,teljes lakosság %-a,7.494511353026827,Mátraszele: 0.7k | ≤7.5%
Ságújfalu,választók,740,7465410,teljes lakosság %-a,7.50442373560193,Ságújfalu: 0.7k | ≤7.5%
Bélmegyer,választók,741,7465410,teljes lakosság %-a,7.514349513288621,Bélmegyer: 0.7k | ≤7.5%
Majs,választók,741,7465410,teljes lakosság %-a,7.524275290975312,Majs: 0.7k | ≤7.5%
Mezőlak,választók,742,7465410,teljes lakosság %-a,7.534214463773591,Mezőlak: 0.7k | ≤7.5%
Székely,választók,742,7465410,teljes lakosság %-a,7.5441536365718695,Székely: 0.7k | ≤7.5%
Tiszaszalka,választók,742,7465410,teljes lakosság %-a,7.5540928093701485,Tiszaszalka: 0.7k | ≤7.6%
Balinka,választók,743,7465410,teljes lakosság %-a,7.564045377280015,Balinka: 0.7k | ≤7.6%
Bihartorda,választók,743,7465410,teljes lakosság %-a,7.573997945189882,Bihartorda: 0.7k | ≤7.6%
Cikó,választók,743,7465410,teljes lakosság %-a,7.583950513099749,Cikó: 0.7k | ≤7.6%
Géderlak,választók,744,7465410,teljes lakosság %-a,7.593916476121204,Géderlak: 0.7k | ≤7.6%
Rábahídvég,választók,744,7465410,teljes lakosság %-a,7.603882439142659,Rábahídvég: 0.7k | ≤7.6%
Felpéc,választók,746,7465410,teljes lakosság %-a,7.61387519238729,Felpéc: 0.7k | ≤7.6%
Remeteszőlős,választók,746,7465410,teljes lakosság %-a,7.623867945631921,Remeteszőlős: 0.7k | ≤7.6%
Szorgalmatos,választók,746,7465410,teljes lakosság %-a,7.633860698876552,Szorgalmatos: 0.7k | ≤7.6%
Tabajd,választók,746,7465410,teljes lakosság %-a,7.643853452121182,Tabajd: 0.7k | ≤7.6%
Kemence,választók,747,7465410,teljes lakosság %-a,7.653859600477402,Kemence: 0.7k | ≤7.7%
Nógrádsáp,választók,748,7465410,teljes lakosság %-a,7.663879143945208,Nógrádsáp: 0.7k | ≤7.7%
Dág,választók,749,7465410,teljes lakosság %-a,7.673912082524604,Dág: 0.7k | ≤7.7%
Szigliget,választók,749,7465410,teljes lakosság %-a,7.683945021103998,Szigliget: 0.7k | ≤7.7%
Laskod,választók,753,7465410,teljes lakosság %-a,7.694031540129745,Laskod: 0.8k | ≤7.7%
Mezőgyán,választók,753,7465410,teljes lakosság %-a,7.704118059155491,Mezőgyán: 0.8k | ≤7.7%
Zánka,választók,754,7465410,teljes lakosság %-a,7.714217973292826,Zánka: 0.8k | ≤7.7%
Galgagyörk,választók,755,7465410,teljes lakosság %-a,7.724331282541749,Galgagyörk: 0.8k | ≤7.7%
Csót,választók,756,7465410,teljes lakosság %-a,7.73445798690226,Csót: 0.8k | ≤7.7%
Bódvaszilas,választók,757,7465410,teljes lakosság %-a,7.744598086374359,Bódvaszilas: 0.8k | ≤7.7%
Felsőlajos,választók,757,7465410,teljes lakosság %-a,7.754738185846458,Felsőlajos: 0.8k | ≤7.8%
Gulács,választók,758,7465410,teljes lakosság %-a,7.764891680430145,Gulács: 0.8k | ≤7.8%
Mezőörs,választók,758,7465410,teljes lakosság %-a,7.775045175013831,Mezőörs: 0.8k | ≤7.8%
Bakonysárkány,választók,759,7465410,teljes lakosság %-a,7.785212064709104,Bakonysárkány: 0.8k | ≤7.8%
Rátka,választók,759,7465410,teljes lakosság %-a,7.795378954404379,Rátka: 0.8k | ≤7.8%
Beszterec,választók,760,7465410,teljes lakosság %-a,7.805559239211242,Beszterec: 0.8k | ≤7.8%
Berzék,választók,763,7465410,teljes lakosság %-a,7.815779709352869,Berzék: 0.8k | ≤7.8%
Egerág,választók,763,7465410,teljes lakosság %-a,7.826000179494495,Egerág: 0.8k | ≤7.8%
Borsosberény,választók,764,7465410,teljes lakosság %-a,7.83623404474771,Borsosberény: 0.8k | ≤7.8%
Rédics,választók,765,7465410,teljes lakosság %-a,7.846481305112513,Rédics: 0.8k | ≤7.8%
Zalacsány,választók,765,7465410,teljes lakosság %-a,7.856728565477315,Zalacsány: 0.8k | ≤7.9%
Ároktő,választók,766,7465410,teljes lakosság %-a,7.8669892209537045,Ároktő: 0.8k | ≤7.9%
Pirtó,választók,766,7465410,teljes lakosság %-a,7.8772498764300956,Pirtó: 0.8k | ≤7.9%
Szuhakálló,választók,766,7465410,teljes lakosság %-a,7.887510531906486,Szuhakálló: 0.8k | ≤7.9%
Agyagosszergény,választók,769,7465410,teljes lakosság %-a,7.897811372717641,Agyagosszergény: 0.8k | ≤7.9%
Feldebrő,választók,770,7465410,teljes lakosság %-a,7.9081256086403835,Feldebrő: 0.8k | ≤7.9%
Körösszegapáti,választók,770,7465410,teljes lakosság %-a,7.918439844563125,Körösszegapáti: 0.8k | ≤7.9%
Noszlop,választók,770,7465410,teljes lakosság %-a,7.9287540804858665,Noszlop: 0.8k | ≤7.9%
Bárna,választók,771,7465410,teljes lakosság %-a,7.939081711520197,Bárna: 0.8k | ≤7.9%
Veszkény,választók,772,7465410,teljes lakosság %-a,7.949422737666116,Veszkény: 0.8k | ≤7.9%
Andocs,választók,773,7465410,teljes lakosság %-a,7.959777158923623,Andocs: 0.8k | ≤8%
Hobol,választók,773,7465410,teljes lakosság %-a,7.970131580181129,Hobol: 0.8k | ≤8%
Gyékényes,választók,775,7465410,teljes lakosság %-a,7.980512791661811,Gyékényes: 0.8k | ≤8%
Kölked,választók,776,7465410,teljes lakosság %-a,7.990907398254081,Kölked: 0.8k | ≤8%
Serényfalva,választók,777,7465410,teljes lakosság %-a,8.001315399957939,Serényfalva: 0.8k | ≤8%
Lesenceistvánd,választók,778,7465410,teljes lakosság %-a,8.011736796773386,Lesenceistvánd: 0.8k | ≤8%
Nagysimonyi,választók,778,7465410,teljes lakosság %-a,8.022158193588831,Nagysimonyi: 0.8k | ≤8%
Szászberek,választók,779,7465410,teljes lakosság %-a,8.032592985515866,Szászberek: 0.8k | ≤8%
Kisvarsány,választók,780,7465410,teljes lakosság %-a,8.043041172554489,Kisvarsány: 0.8k | ≤8%
Kaskantyú,választók,781,7465410,teljes lakosság %-a,8.053502754704699,Kaskantyú: 0.8k | ≤8.1%
Kisar,választók,781,7465410,teljes lakosság %-a,8.063964336854907,Kisar: 0.8k | ≤8.1%
Tolnanémedi,választók,782,7465410,teljes lakosság %-a,8.074439314116706,Tolnanémedi: 0.8k | ≤8.1%
Felsőnyárád,választók,783,7465410,teljes lakosság %-a,8.084927686490092,Felsőnyárád: 0.8k | ≤8.1%
Szirák,választók,783,7465410,teljes lakosság %-a,8.095416058863478,Szirák: 0.8k | ≤8.1%
Újudvar,választók,783,7465410,teljes lakosság %-a,8.105904431236864,Újudvar: 0.8k | ≤8.1%
Csősz,választók,785,7465410,teljes lakosság %-a,8.116419593833427,Csősz: 0.8k | ≤8.1%
Györköny,választók,785,7465410,teljes lakosság %-a,8.12693475642999,Györköny: 0.8k | ≤8.1%
Bakonynána,választók,786,7465410,teljes lakosság %-a,8.137463314138138,Bakonynána: 0.8k | ≤8.1%
Bükkszenterzsébet,választók,787,7465410,teljes lakosság %-a,8.148005266957876,Bükkszenterzsébet: 0.8k | ≤8.1%
Kisoroszi,választók,787,7465410,teljes lakosság %-a,8.158547219777615,Kisoroszi: 0.8k | ≤8.2%
Pusztahencse,választók,787,7465410,teljes lakosság %-a,8.169089172597351,Pusztahencse: 0.8k | ≤8.2%
Nagykónyi,választók,790,7465410,teljes lakosság %-a,8.179671310751853,Nagykónyi: 0.8k | ≤8.2%
Rétközberencs,választók,790,7465410,teljes lakosság %-a,8.190253448906356,Rétközberencs: 0.8k | ≤8.2%
Zalaszentmihály,választók,790,7465410,teljes lakosság %-a,8.200835587060858,Zalaszentmihály: 0.8k | ≤8.2%
Kerekharaszt,választók,791,7465410,teljes lakosság %-a,8.211431120326948,Kerekharaszt: 0.8k | ≤8.2%
Újkér,választók,791,7465410,teljes lakosság %-a,8.222026653593039,Újkér: 0.8k | ≤8.2%
Tépe,választók,793,7465410,teljes lakosság %-a,8.232648977082304,Tépe: 0.8k | ≤8.2%
Újpetre,választók,793,7465410,teljes lakosság %-a,8.24327130057157,Újpetre: 0.8k | ≤8.2%
Hejőpapi,választók,794,7465410,teljes lakosság %-a,8.253907019172422,Hejőpapi: 0.8k | ≤8.3%
Nemesgulács,választók,794,7465410,teljes lakosság %-a,8.264542737773278,Nemesgulács: 0.8k | ≤8.3%
Kaposszerdahely,választók,795,7465410,teljes lakosság %-a,8.275191851485719,Kaposszerdahely: 0.8k | ≤8.3%
Magyarkeszi,választók,795,7465410,teljes lakosság %-a,8.28584096519816,Magyarkeszi: 0.8k | ≤8.3%
Nagylózs,választók,795,7465410,teljes lakosság %-a,8.296490078910603,Nagylózs: 0.8k | ≤8.3%
Örményes,választók,795,7465410,teljes lakosság %-a,8.307139192623044,Örményes: 0.8k | ≤8.3%
Balaton,választók,797,7465410,teljes lakosság %-a,8.317815096558661,Balaton: 0.8k | ≤8.3%
Kisnána,választók,797,7465410,teljes lakosság %-a,8.32849100049428,Kisnána: 0.8k | ≤8.3%
Mezőnagymihály,választók,797,7465410,teljes lakosság %-a,8.339166904429897,Mezőnagymihály: 0.8k | ≤8.3%
Balatonakarattya,választók,798,7465410,teljes lakosság %-a,8.349856203477103,Balatonakarattya: 0.8k | ≤8.3%
Rábatamási,választók,798,7465410,teljes lakosság %-a,8.36054550252431,Rábatamási: 0.8k | ≤8.4%
Veszprémvarsány,választók,799,7465410,teljes lakosság %-a,8.371248196683103,Veszprémvarsány: 0.8k | ≤8.4%
Cserépfalu,választók,800,7465410,teljes lakosság %-a,8.381964285953485,Cserépfalu: 0.8k | ≤8.4%
Szelevény,választók,800,7465410,teljes lakosság %-a,8.392680375223865,Szelevény: 0.8k | ≤8.4%
Bodrogkeresztúr,választók,801,7465410,teljes lakosság %-a,8.403409859605835,Bodrogkeresztúr: 0.8k | ≤8.4%
Szárföld,választók,801,7465410,teljes lakosság %-a,8.414139343987804,Szárföld: 0.8k | ≤8.4%
Tiborszállás,választók,802,7465410,teljes lakosság %-a,8.424882223481363,Tiborszállás: 0.8k | ≤8.4%
Aparhant,választók,803,7465410,teljes lakosság %-a,8.435638498086508,Aparhant: 0.8k | ≤8.4%
Dorogháza,választók,803,7465410,teljes lakosság %-a,8.446394772691654,Dorogháza: 0.8k | ≤8.4%
Mezőladány,választók,805,7465410,teljes lakosság %-a,8.457177837519977,Mezőladány: 0.8k | ≤8.5%
Tiszagyenda,választók,805,7465410,teljes lakosság %-a,8.467960902348297,Tiszagyenda: 0.8k | ≤8.5%
Zalaszentiván,választók,805,7465410,teljes lakosság %-a,8.47874396717662,Zalaszentiván: 0.8k | ≤8.5%
Őrhalom,választók,806,7465410,teljes lakosság %-a,8.489540427116529,Őrhalom: 0.8k | ≤8.5%
Szuhogy,választók,806,7465410,teljes lakosság %-a,8.500336887056438,Szuhogy: 0.8k | ≤8.5%
Sárszentlőrinc,választók,807,7465410,teljes lakosság %-a,8.511146742107934,Sárszentlőrinc: 0.8k | ≤8.5%
Felsőnyék,választók,808,7465410,teljes lakosság %-a,8.521969992271021,Felsőnyék: 0.8k | ≤8.5%
Rábapordány,választók,808,7465410,teljes lakosság %-a,8.532793242434106,Rábapordány: 0.8k | ≤8.5%
Himesháza,választók,809,7465410,teljes lakosság %-a,8.54362988770878,Himesháza: 0.8k | ≤8.5%
Gutorfölde,választók,810,7465410,teljes lakosság %-a,8.554479928095041,Gutorfölde: 0.8k | ≤8.6%
Tardona,választók,810,7465410,teljes lakosság %-a,8.565329968481302,Tardona: 0.8k | ≤8.6%
Bicsérd,választók,812,7465410,teljes lakosság %-a,8.57620679909074,Bicsérd: 0.8k | ≤8.6%
Hejőkeresztúr,választók,812,7465410,teljes lakosság %-a,8.587083629700178,Hejőkeresztúr: 0.8k | ≤8.6%
Homokszentgyörgy,választók,812,7465410,teljes lakosság %-a,8.597960460309615,Homokszentgyörgy: 0.8k | ≤8.6%
Magyarszék,választók,814,7465410,teljes lakosság %-a,8.608864081142228,Magyarszék: 0.8k | ≤8.6%
Nagyiván,választók,814,7465410,teljes lakosság %-a,8.61976770197484,Nagyiván: 0.8k | ≤8.6%
Szentpéterfa,választók,814,7465410,teljes lakosság %-a,8.630671322807455,Szentpéterfa: 0.8k | ≤8.6%
Kamut,választók,816,7465410,teljes lakosság %-a,8.641601733863244,Kamut: 0.8k | ≤8.6%
Balatonederics,választók,817,7465410,teljes lakosság %-a,8.652545540030621,Balatonederics: 0.8k | ≤8.7%
Dad,választók,818,7465410,teljes lakosság %-a,8.663502741309587,Dad: 0.8k | ≤8.7%
Nyírtét,választók,818,7465410,teljes lakosság %-a,8.674459942588552,Nyírtét: 0.8k | ≤8.7%
Regöly,választók,818,7465410,teljes lakosság %-a,8.685417143867518,Regöly: 0.8k | ≤8.7%
Alsószentmárton,választók,821,7465410,teljes lakosság %-a,8.696414530481245,Alsószentmárton: 0.8k | ≤8.7%
Tiszasas,választók,821,7465410,teljes lakosság %-a,8.707411917094976,Tiszasas: 0.8k | ≤8.7%
Héhalom,választók,823,7465410,teljes lakosság %-a,8.718436093931881,Héhalom: 0.8k | ≤8.7%
Nagylók,választók,823,7465410,teljes lakosság %-a,8.729460270768785,Nagylók: 0.8k | ≤8.7%
Várvölgy,választók,823,7465410,teljes lakosság %-a,8.740484447605692,Várvölgy: 0.8k | ≤8.7%
Sarud,választók,825,7465410,teljes lakosság %-a,8.751535414665772,Sarud: 0.8k | ≤8.8%
Somogyudvarhely,választók,826,7465410,teljes lakosság %-a,8.76259977683744,Somogyudvarhely: 0.8k | ≤8.8%
Taktakenéz,választók,826,7465410,teljes lakosság %-a,8.77366413900911,Taktakenéz: 0.8k | ≤8.8%
Újléta,választók,826,7465410,teljes lakosság %-a,8.784728501180778,Újléta: 0.8k | ≤8.8%
Bükkzsérc,választók,827,7465410,teljes lakosság %-a,8.795806258464037,Bükkzsérc: 0.8k | ≤8.8%
Egervár,választók,828,7465410,teljes lakosság %-a,8.80689741085888,Egervár: 0.8k | ≤8.8%
Olaszfalu,választók,828,7465410,teljes lakosság %-a,8.817988563253726,Olaszfalu: 0.8k | ≤8.8%
Zsira,választók,830,7465410,teljes lakosság %-a,8.8291065058717475,Zsira: 0.8k | ≤8.8%
Mezőszemere,választók,831,7465410,teljes lakosság %-a,8.840237843601356,Mezőszemere: 0.8k | ≤8.8%
Cered,választók,832,7465410,teljes lakosság %-a,8.851382576442553,Cered: 0.8k | ≤8.9%
Görgeteg,választók,832,7465410,teljes lakosság %-a,8.86252730928375,Görgeteg: 0.8k | ≤8.9%
Kömlőd,választók,832,7465410,teljes lakosság %-a,8.873672042124948,Kömlőd: 0.8k | ≤8.9%
Pálháza,választók,835,7465410,teljes lakosság %-a,8.884856960300908,Pálháza: 0.8k | ≤8.9%
Nagybajcs,választók,838,7465410,teljes lakosság %-a,8.896082063811631,Nagybajcs: 0.8k | ≤8.9%
Hahót,választók,841,7465410,teljes lakosság %-a,8.907347352657121,Hahót: 0.8k | ≤8.9%
Gelse,választók,842,7465410,teljes lakosság %-a,8.918626036614198,Gelse: 0.8k | ≤8.9%
Sajóecseg,választók,842,7465410,teljes lakosság %-a,8.929904720571274,Sajóecseg: 0.8k | ≤8.9%
Sáta,választók,842,7465410,teljes lakosság %-a,8.941183404528351,Sáta: 0.8k | ≤8.9%
Tarnazsadány,választók,843,7465410,teljes lakosság %-a,8.952475483597016,Tarnazsadány: 0.8k | ≤9%
Hencida,választók,847,7465410,teljes lakosság %-a,8.963821143112034,Hencida: 0.8k | ≤9%
Eperjeske,választók,848,7465410,teljes lakosság %-a,8.975180197738638,Eperjeske: 0.8k | ≤9%
Káld,választók,850,7465410,teljes lakosság %-a,8.986566042588418,Káld: 0.8k | ≤9%
Tiszaderzs,választók,850,7465410,teljes lakosság %-a,8.997951887438198,Tiszaderzs: 0.8k | ≤9%
Héreg,választók,852,7465410,teljes lakosság %-a,9.009364522511156,Héreg: 0.9k | ≤9%
Erdőbénye,választók,856,7465410,teljes lakosság %-a,9.020830738030464,Erdőbénye: 0.9k | ≤9%
Endrefalva,választók,860,7465410,teljes lakosság %-a,9.032350533996123,Endrefalva: 0.9k | ≤9%
Nagyrécse,választók,860,7465410,teljes lakosság %-a,9.043870329961784,Nagyrécse: 0.9k | ≤9%
Orfű,választók,860,7465410,teljes lakosság %-a,9.055390125927444,Orfű: 0.9k | ≤9.1%
Petőháza,választók,860,7465410,teljes lakosság %-a,9.066909921893105,Petőháza: 0.9k | ≤9.1%
Köröm,választók,862,7465410,teljes lakosság %-a,9.07845650808194,Köröm: 0.9k | ≤9.1%
Pusztamérges,választók,863,7465410,teljes lakosság %-a,9.090016489382364,Pusztamérges: 0.9k | ≤9.1%
Somlóvásárhely,választók,863,7465410,teljes lakosság %-a,9.101576470682788,Somlóvásárhely: 0.9k | ≤9.1%
Vásárosdombó,választók,863,7465410,teljes lakosság %-a,9.113136451983213,Vásárosdombó: 0.9k | ≤9.1%
Kajdacs,választók,864,7465410,teljes lakosság %-a,9.124709828395225,Kajdacs: 0.9k | ≤9.1%
Bükkösd,választók,865,7465410,teljes lakosság %-a,9.136296599918825,Bükkösd: 0.9k | ≤9.1%
Tabdi,választók,867,7465410,teljes lakosság %-a,9.147910161665601,Tabdi: 0.9k | ≤9.1%
Kurd,választók,868,7465410,teljes lakosság %-a,9.159537118523966,Kurd: 0.9k | ≤9.2%
Nyíribrony,választók,868,7465410,teljes lakosság %-a,9.17116407538233,Nyíribrony: 0.9k | ≤9.2%
Visznek,választók,868,7465410,teljes lakosság %-a,9.182791032240695,Visznek: 0.9k | ≤9.2%
Beloiannisz,választók,870,7465410,teljes lakosság %-a,9.194444779322234,Beloiannisz: 0.9k | ≤9.2%
Pázmándfalu,választók,870,7465410,teljes lakosság %-a,9.206098526403775,Pázmándfalu: 0.9k | ≤9.2%
Lukácsháza,választók,871,7465410,teljes lakosság %-a,9.217765668596902,Lukácsháza: 0.9k | ≤9.2%
Kehidakustány,választók,873,7465410,teljes lakosság %-a,9.229459601013208,Kehidakustány: 0.9k | ≤9.2%
Berente,választók,874,7465410,teljes lakosság %-a,9.241166928541098,Berente: 0.9k | ≤9.2%
Igrici,választók,876,7465410,teljes lakosság %-a,9.252901046292166,Igrici: 0.9k | ≤9.3%
Letkés,választók,876,7465410,teljes lakosság %-a,9.264635164043234,Letkés: 0.9k | ≤9.3%
Balatonberény,választók,877,7465410,teljes lakosság %-a,9.27638267690589,Balatonberény: 0.9k | ≤9.3%
Bogád,választók,877,7465410,teljes lakosság %-a,9.288130189768545,Bogád: 0.9k | ≤9.3%
Babót,választók,879,7465410,teljes lakosság %-a,9.299904492854377,Babót: 0.9k | ≤9.3%
Zákány,választók,879,7465410,teljes lakosság %-a,9.311678795940209,Zákány: 0.9k | ≤9.3%
Mihályi,választók,883,7465410,teljes lakosság %-a,9.323506679472393,Mihályi: 0.9k | ≤9.3%
Bárdudvarnok,választók,884,7465410,teljes lakosság %-a,9.335347958116165,Bárdudvarnok: 0.9k | ≤9.3%
Tótszerdahely,választók,884,7465410,teljes lakosság %-a,9.347189236759936,Tótszerdahely: 0.9k | ≤9.3%
Őriszentpéter,választók,886,7465410,teljes lakosság %-a,9.359057305626886,Őriszentpéter: 0.9k | ≤9.4%
Gérce,választók,888,7465410,teljes lakosság %-a,9.370952164717009,Gérce: 0.9k | ≤9.4%
Ecseg,választók,889,7465410,teljes lakosság %-a,9.382860418918721,Ecseg: 0.9k | ≤9.4%
Szabolcsbáka,választók,889,7465410,teljes lakosság %-a,9.394768673120431,Szabolcsbáka: 0.9k | ≤9.4%
Szentpéterszeg,választók,889,7465410,teljes lakosság %-a,9.406676927322142,Szentpéterszeg: 0.9k | ≤9.4%
Bácsborsód,választók,890,7465410,teljes lakosság %-a,9.418598576635443,Bácsborsód: 0.9k | ≤9.4%
Egerszólát,választók,892,7465410,teljes lakosság %-a,9.430547016171918,Egerszólát: 0.9k | ≤9.4%
Hetes,választók,892,7465410,teljes lakosság %-a,9.442495455708395,Hetes: 0.9k | ≤9.4%
Szomor,választók,892,7465410,teljes lakosság %-a,9.45444389524487,Szomor: 0.9k | ≤9.5%
Monostorapáti,választók,893,7465410,teljes lakosság %-a,9.466405729892934,Monostorapáti: 0.9k | ≤9.5%
Páka,választók,893,7465410,teljes lakosság %-a,9.478367564540996,Páka: 0.9k | ≤9.5%
Gyöngyösfalu,választók,894,7465410,teljes lakosság %-a,9.490342794300648,Gyöngyösfalu: 0.9k | ≤9.5%
Furta,választók,896,7465410,teljes lakosság %-a,9.502344814283475,Furta: 0.9k | ≤9.5%
Inke,választók,896,7465410,teljes lakosság %-a,9.514346834266304,Inke: 0.9k | ≤9.5%
Magyarnándor,választók,896,7465410,teljes lakosság %-a,9.52634885424913,Magyarnándor: 0.9k | ≤9.5%
Páhi,választók,896,7465410,teljes lakosság %-a,9.538350874231957,Páhi: 0.9k | ≤9.5%
Nyírgelse,választók,899,7465410,teljes lakosság %-a,9.550393079549549,Nyírgelse: 0.9k | ≤9.6%
Paszab,választók,901,7465410,teljes lakosság %-a,9.562462075090316,Paszab: 0.9k | ≤9.6%
Parasznya,választók,904,7465410,teljes lakosság %-a,9.574571255965848,Parasznya: 0.9k | ≤9.6%
Tarany,választók,904,7465410,teljes lakosság %-a,9.586680436841378,Tarany: 0.9k | ≤9.6%
Varbó,választók,904,7465410,teljes lakosság %-a,9.59878961771691,Varbó: 0.9k | ≤9.6%
Borsodszirák,választók,905,7465410,teljes lakosság %-a,9.61091219370403,Borsodszirák: 0.9k | ≤9.6%
Halimba,választók,905,7465410,teljes lakosság %-a,9.623034769691149,Halimba: 0.9k | ≤9.6%
Ináncs,választók,907,7465410,teljes lakosság %-a,9.635184135901444,Ináncs: 0.9k | ≤9.6%
Bezenye,választók,908,7465410,teljes lakosság %-a,9.647346897223327,Bezenye: 0.9k | ≤9.6%
Karancsság,választók,908,7465410,teljes lakosság %-a,9.659509658545211,Karancsság: 0.9k | ≤9.7%
Fülöpjakab,választók,909,7465410,teljes lakosság %-a,9.67168581497868,Fülöpjakab: 0.9k | ≤9.7%
Bükkszentkereszt,választók,910,7465410,teljes lakosság %-a,9.68387536652374,Bükkszentkereszt: 0.9k | ≤9.7%
Borsodszentgyörgy,választók,911,7465410,teljes lakosság %-a,9.696078313180388,Borsodszentgyörgy: 0.9k | ≤9.7%
Apaj,választók,912,7465410,teljes lakosság %-a,9.708294654948622,Apaj: 0.9k | ≤9.7%
Tiszaszentmárton,választók,912,7465410,teljes lakosság %-a,9.720510996716857,Tiszaszentmárton: 0.9k | ≤9.7%
Sokorópátka,választók,913,7465410,teljes lakosság %-a,9.732740733596682,Sokorópátka: 0.9k | ≤9.7%
Balatongyörök,választók,915,7465410,teljes lakosság %-a,9.74499726069968,Balatongyörök: 0.9k | ≤9.7%
Váncsod,választók,915,7465410,teljes lakosság %-a,9.757253787802679,Váncsod: 0.9k | ≤9.8%
Pápateszér,választók,917,7465410,teljes lakosság %-a,9.769537105128855,Pápateszér: 0.9k | ≤9.8%
Kenézlő,választók,918,7465410,teljes lakosság %-a,9.781833817566616,Kenézlő: 0.9k | ≤9.8%
Kocsola,választók,918,7465410,teljes lakosság %-a,9.79413053000438,Kocsola: 0.9k | ≤9.8%
Nagyesztergár,választók,918,7465410,teljes lakosság %-a,9.806427242442144,Nagyesztergár: 0.9k | ≤9.8%
Nyírcsászári,választók,918,7465410,teljes lakosság %-a,9.818723954879905,Nyírcsászári: 0.9k | ≤9.8%
Bocfölde,választók,919,7465410,teljes lakosság %-a,9.831034062429257,Bocfölde: 0.9k | ≤9.8%
Rum,választók,920,7465410,teljes lakosság %-a,9.843357565090196,Rum: 0.9k | ≤9.8%
Dalmand,választók,921,7465410,teljes lakosság %-a,9.855694462862722,Dalmand: 0.9k | ≤9.9%
Mezőcsokonya,választók,922,7465410,teljes lakosság %-a,9.868044755746839,Mezőcsokonya: 0.9k | ≤9.9%
Teskánd,választók,924,7465410,teljes lakosság %-a,9.880421838854128,Teskánd: 0.9k | ≤9.9%
Detk,választók,925,7465410,teljes lakosság %-a,9.892812317073007,Detk: 0.9k | ≤9.9%
Dömös,választók,925,7465410,teljes lakosság %-a,9.905202795291885,Dömös: 0.9k | ≤9.9%
Tard,választók,925,7465410,teljes lakosság %-a,9.917593273510764,Tard: 0.9k | ≤9.9%
Ilk,választók,926,7465410,teljes lakosság %-a,9.929997146841233,Ilk: 0.9k | ≤9.9%
Pilisszentlászló,választók,926,7465410,teljes lakosság %-a,9.942401020171697,Pilisszentlászló: 0.9k | ≤9.9%
Szalánta,választók,926,7465410,teljes lakosság %-a,9.954804893502166,Szalánta: 0.9k | ≤10%
Balogunyom,választók,927,7465410,teljes lakosság %-a,9.96722216194422,Balogunyom: 0.9k | ≤10%
Lovászi,választók,928,7465410,teljes lakosság %-a,9.979652825497864,Lovászi: 0.9k | ≤10%
Csákberény,választók,929,7465410,teljes lakosság %-a,9.992096884163093,Csákberény: 0.9k | ≤10%
Gyüre,választók,929,7465410,teljes lakosság %-a,10.004540942828324,Gyüre: 0.9k | ≤10%
Galambok,választók,934,7465410,teljes lakosság %-a,10.017051977051494,Galambok: 0.9k | ≤10%
Bánréve,választók,935,7465410,teljes lakosság %-a,10.029576406386253,Bánréve: 0.9k | ≤10%
Várdomb,választók,935,7465410,teljes lakosság %-a,10.042100835721012,Várdomb: 0.9k | ≤10%
Szakmár,választók,936,7465410,teljes lakosság %-a,10.05463866016736,Szakmár: 0.9k | ≤10%
Halmajugra,választók,937,7465410,teljes lakosság %-a,10.067189879725293,Halmajugra: 0.9k | ≤10%
Bakonybél,választók,938,7465410,teljes lakosság %-a,10.079754494394816,Bakonybél: 0.9k | ≤10%
Gerendás,választók,939,7465410,teljes lakosság %-a,10.092332504175925,Gerendás: 0.9k | ≤10%
Rohod,választók,941,7465410,teljes lakosság %-a,10.104937304180213,Rohod: 0.9k | ≤10%
Felgyő,választók,942,7465410,teljes lakosság %-a,10.117555499296087,Felgyő: 0.9k | ≤10%
Lovászpatona,választók,942,7465410,teljes lakosság %-a,10.130173694411962,Lovászpatona: 0.9k | ≤10%
Révfülöp,választók,942,7465410,teljes lakosság %-a,10.142791889527835,Révfülöp: 0.9k | ≤10%
Vilmány,választók,943,7465410,teljes lakosság %-a,10.155423479755298,Vilmány: 0.9k | ≤10%
Bakonszeg,választók,945,7465410,teljes lakosság %-a,10.168081860205938,Bakonszeg: 0.9k | ≤10%
Vajdácska,választók,946,7465410,teljes lakosság %-a,10.180753635768163,Vajdácska: 0.9k | ≤10%
Máza,választók,947,7465410,teljes lakosság %-a,10.193438806441977,Máza: 0.9k | ≤10%
Kismarja,választók,948,7465410,teljes lakosság %-a,10.20613737222738,Kismarja: 0.9k | ≤10%
Pusztazámor,választók,948,7465410,teljes lakosság %-a,10.21883593801278,Pusztazámor: 0.9k | ≤10%
Kajászó,választók,949,7465410,teljes lakosság %-a,10.231547898909772,Kajászó: 0.9k | ≤10%
Tataháza,választók,950,7465410,teljes lakosság %-a,10.24427325491835,Tataháza: 0.9k | ≤10%
Ecsegfalva,választók,951,7465410,teljes lakosság %-a,10.257012006038517,Ecsegfalva: 1k | ≤10%
Timár,választók,953,7465410,teljes lakosság %-a,10.269777547381858,Timár: 1k | ≤10%
Tenk,választók,954,7465410,teljes lakosság %-a,10.282556483836789,Tenk: 1k | ≤10%
Gyömöre,választók,957,7465410,teljes lakosság %-a,10.295375605626484,Gyömöre: 1k | ≤10%
Murony,választók,957,7465410,teljes lakosság %-a,10.308194727416177,Murony: 1k | ≤10%
Novajidrány,választók,957,7465410,teljes lakosság %-a,10.32101384920587,Novajidrány: 1k | ≤10%
Nőtincs,választók,958,7465410,teljes lakosság %-a,10.333846366107153,Nőtincs: 1k | ≤10%
Vanyarc,választók,958,7465410,teljes lakosság %-a,10.346678883008435,Vanyarc: 1k | ≤10%
Iván,választók,959,7465410,teljes lakosság %-a,10.359524795021304,Iván: 1k | ≤10%
Juta,választók,961,7465410,teljes lakosság %-a,10.372397497257351,Juta: 1k | ≤10%
Bodroghalom,választók,962,7465410,teljes lakosság %-a,10.385283594604985,Bodroghalom: 1k | ≤10%
Iharosberény,választók,966,7465410,teljes lakosság %-a,10.39822327239897,Iharosberény: 1k | ≤10%
Vállaj,választók,969,7465410,teljes lakosság %-a,10.411203135527721,Vállaj: 1k | ≤10%
Gerjen,választók,970,7465410,teljes lakosság %-a,10.424196393768058,Gerjen: 1k | ≤10%
Nagybánhegyes,választók,970,7465410,teljes lakosság %-a,10.437189652008396,Nagybánhegyes: 1k | ≤10%
Bagod,választók,971,7465410,teljes lakosság %-a,10.450196305360322,Bagod: 1k | ≤10%
Buzsák,választók,974,7465410,teljes lakosság %-a,10.463243144047011,Buzsák: 1k | ≤10%
Nézsa,választók,975,7465410,teljes lakosság %-a,10.476303377845289,Nézsa: 1k | ≤10%
Áporka,választók,977,7465410,teljes lakosság %-a,10.489390401866743,Áporka: 1k | ≤10%
Zebegény,választók,978,7465410,teljes lakosság %-a,10.502490820999784,Zebegény: 1k | ≤11%
Visonta,választók,979,7465410,teljes lakosság %-a,10.515604635244413,Visonta: 1k | ≤11%
Csabdi,választók,980,7465410,teljes lakosság %-a,10.528731844600632,Csabdi: 1k | ≤11%
Hédervár,választók,981,7465410,teljes lakosság %-a,10.541872449068437,Hédervár: 1k | ≤11%
Daruszentmiklós,választók,982,7465410,teljes lakosság %-a,10.55502644864783,Daruszentmiklós: 1k | ≤11%
Zalahaláp,választók,985,7465410,teljes lakosság %-a,10.568220633561989,Zalahaláp: 1k | ≤11%
Nagykamarás,választók,989,7465410,teljes lakosság %-a,10.581468398922498,Nagykamarás: 1k | ≤11%
Szőlősgyörök,választók,991,7465410,teljes lakosság %-a,10.594742954506183,Szőlősgyörök: 1k | ≤11%
Kislőd,választók,993,7465410,teljes lakosság %-a,10.608044300313043,Kislőd: 1k | ≤11%
Borota,választók,995,7465410,teljes lakosság %-a,10.621372436343082,Borota: 1k | ≤11%
Bénye,választók,997,7465410,teljes lakosság %-a,10.634727362596294,Bénye: 1k | ≤11%
Mesztegnyő,választók,997,7465410,teljes lakosság %-a,10.648082288849507,Mesztegnyő: 1k | ≤11%
Somogysárd,választók,997,7465410,teljes lakosság %-a,10.66143721510272,Somogysárd: 1k | ≤11%
Végegyháza,választók,997,7465410,teljes lakosság %-a,10.674792141355933,Végegyháza: 1k | ≤11%
Súr,választók,998,7465410,teljes lakosság %-a,10.688160462720735,Súr: 1k | ≤11%
Szerep,választók,1001,7465410,teljes lakosság %-a,10.7015689694203,Szerep: 1k | ≤11%
Átány,választók,1003,7465410,teljes lakosság %-a,10.71500426634304,Átány: 1k | ≤11%
Ravazd,választók,1006,7465410,teljes lakosság %-a,10.728479748600545,Ravazd: 1k | ≤11%
Rém,választók,1006,7465410,teljes lakosság %-a,10.741955230858052,Rém: 1k | ≤11%
Etes,választók,1007,7465410,teljes lakosság %-a,10.755444108227143,Etes: 1k | ≤11%
Jármi,választók,1009,7465410,teljes lakosság %-a,10.768959775819413,Jármi: 1k | ≤11%
Mártély,választók,1009,7465410,teljes lakosság %-a,10.78247544341168,Mártély: 1k | ≤11%
Ludányhalászi,választók,1011,7465410,teljes lakosság %-a,10.796017901227126,Ludányhalászi: 1k | ≤11%
Fertőszéplak,választók,1013,7465410,teljes lakosság %-a,10.809587149265747,Fertőszéplak: 1k | ≤11%
Komoró,választók,1017,7465410,teljes lakosság %-a,10.82320997775072,Komoró: 1k | ≤11%
Rezi,választók,1017,7465410,teljes lakosság %-a,10.836832806235693,Rezi: 1k | ≤11%
Mezőszentgyörgy,választók,1018,7465410,teljes lakosság %-a,10.850469029832253,Mezőszentgyörgy: 1k | ≤11%
Magyarcsanád,választók,1019,7465410,teljes lakosság %-a,10.864118648540403,Magyarcsanád: 1k | ≤11%
Vizslás,választók,1019,7465410,teljes lakosság %-a,10.87776826724855,Vizslás: 1k | ≤11%
Gyúró,választók,1020,7465410,teljes lakosság %-a,10.891431281068286,Gyúró: 1k | ≤11%
Nagykereki,választók,1021,7465410,teljes lakosság %-a,10.905107689999612,Nagykereki: 1k | ≤11%
Szakály,választók,1022,7465410,teljes lakosság %-a,10.918797494042524,Szakály: 1k | ≤11%
Kajárpéc,választók,1023,7465410,teljes lakosság %-a,10.932500693197026,Kajárpéc: 1k | ≤11%
Réde,választók,1024,7465410,teljes lakosság %-a,10.946217287463114,Réde: 1k | ≤11%
Tiszaörs,választók,1024,7465410,teljes lakosság %-a,10.959933881729201,Tiszaörs: 1k | ≤11%
Sióagárd,választók,1025,7465410,teljes lakosság %-a,10.97366387110688,Sióagárd: 1k | ≤11%
Tiszabecs,választók,1027,7465410,teljes lakosság %-a,10.987420650707731,Tiszabecs: 1k | ≤11%
Ugod,választók,1027,7465410,teljes lakosság %-a,11.001177430308582,Ugod: 1k | ≤11%
Igal,választók,1028,7465410,teljes lakosság %-a,11.014947605021023,Igal: 1k | ≤11%
Makád,választók,1031,7465410,teljes lakosság %-a,11.028757965068229,Makád: 1k | ≤11%
Soltszentimre,választók,1031,7465410,teljes lakosság %-a,11.042568325115433,Soltszentimre: 1k | ≤11%
Tetétlen,választók,1031,7465410,teljes lakosság %-a,11.056378685162636,Tetétlen: 1k | ≤11%
Tiszatarján,választók,1032,7465410,teljes lakosság %-a,11.07020244032143,Tiszatarján: 1k | ≤11%
Kölcse,választók,1033,7465410,teljes lakosság %-a,11.08403959059181,Kölcse: 1k | ≤11%
Kutas,választók,1034,7465410,teljes lakosság %-a,11.097890135973778,Kutas: 1k | ≤11%
Tihany,választók,1036,7465410,teljes lakosság %-a,11.111767471578922,Tihany: 1k | ≤11%
Verseg,választók,1036,7465410,teljes lakosság %-a,11.125644807184067,Verseg: 1k | ≤11%
Pogány,választók,1038,7465410,teljes lakosság %-a,11.139548933012385,Pogány: 1k | ≤11%
Homokmégy,választók,1040,7465410,teljes lakosság %-a,11.153479849063883,Homokmégy: 1k | ≤11%
Tiszakürt,választók,1042,7465410,teljes lakosság %-a,11.167437555338555,Tiszakürt: 1k | ≤11%
Berekfürdő,választók,1045,7465410,teljes lakosság %-a,11.18143544694799,Berekfürdő: 1k | ≤11%
Boconád,választók,1046,7465410,teljes lakosság %-a,11.195446733669016,Boconád: 1k | ≤11%
Kunsziget,választók,1046,7465410,teljes lakosság %-a,11.209458020390038,Kunsziget: 1k | ≤11%
Jenő,választók,1047,7465410,teljes lakosság %-a,11.22348270222265,Jenő: 1k | ≤11%
Kétsoprony,választók,1047,7465410,teljes lakosság %-a,11.237507384055263,Kétsoprony: 1k | ≤11%
Tibolddaróc,választók,1048,7465410,teljes lakosság %-a,11.251545460999463,Tibolddaróc: 1k | ≤11%
Gyöngyösoroszi,választók,1049,7465410,teljes lakosság %-a,11.265596933055251,Gyöngyösoroszi: 1k | ≤11%
Pély,választók,1052,7465410,teljes lakosság %-a,11.279688590445803,Pély: 1.1k | ≤11%
Egercsehi,választók,1053,7465410,teljes lakosság %-a,11.293793642947943,Egercsehi: 1.1k | ≤11%
Szil,választók,1053,7465410,teljes lakosság %-a,11.307898695450081,Szil: 1.1k | ≤11%
Sopronkövesd,választók,1054,7465410,teljes lakosság %-a,11.32201714306381,Sopronkövesd: 1.1k | ≤11%
Pusztavacs,választók,1056,7465410,teljes lakosság %-a,11.336162380900715,Pusztavacs: 1.1k | ≤11%
Balatonendréd,választók,1058,7465410,teljes lakosság %-a,11.350334408960794,Balatonendréd: 1.1k | ≤11%
Börcs,választók,1060,7465410,teljes lakosság %-a,11.364533227244051,Börcs: 1.1k | ≤11%
Pitvaros,választók,1061,7465410,teljes lakosság %-a,11.378745440638893,Pitvaros: 1.1k | ≤11%
Bánhorváti,választók,1063,7465410,teljes lakosság %-a,11.392984444256912,Bánhorváti: 1.1k | ≤11%
Városlőd,választók,1063,7465410,teljes lakosság %-a,11.407223447874932,Városlőd: 1.1k | ≤11%
Neszmély,választók,1065,7465410,teljes lakosság %-a,11.421489241716127,Neszmély: 1.1k | ≤11%
Tiszatelek,választók,1066,7465410,teljes lakosság %-a,11.435768430668912,Tiszatelek: 1.1k | ≤11%
Véménd,választók,1066,7465410,teljes lakosság %-a,11.450047619621696,Véménd: 1.1k | ≤11%
Alsóvadász,választók,1067,7465410,teljes lakosság %-a,11.464340203686067,Alsóvadász: 1.1k | ≤11%
Tevel,választók,1069,7465410,teljes lakosság %-a,11.478659577973614,Tevel: 1.1k | ≤11%
Mernye,választók,1070,7465410,teljes lakosság %-a,11.492992347372748,Mernye: 1.1k | ≤11%
Bágyogszovát,választók,1071,7465410,teljes lakosság %-a,11.507338511883473,Bágyogszovát: 1.1k | ≤12%
Nádasd,választók,1071,7465410,teljes lakosság %-a,11.521684676394196,Nádasd: 1.1k | ≤12%
Kővágószőlős,választók,1075,7465410,teljes lakosság %-a,11.536084421351273,Kővágószőlős: 1.1k | ≤12%
Pácin,választók,1076,7465410,teljes lakosság %-a,11.550497561419935,Pácin: 1.1k | ≤12%
Tök,választók,1076,7465410,teljes lakosság %-a,11.564910701488598,Tök: 1.1k | ≤12%
Püspökhatvan,választók,1077,7465410,teljes lakosság %-a,11.57933723666885,Püspökhatvan: 1.1k | ≤12%
Kálló,választók,1078,7465410,teljes lakosság %-a,11.59377716696069,Kálló: 1.1k | ≤12%
Sé,választók,1078,7465410,teljes lakosság %-a,11.608217097252528,Sé: 1.1k | ≤12%
Esztár,választók,1079,7465410,teljes lakosság %-a,11.622670422655956,Esztár: 1.1k | ≤12%
Balatonfőkajár,választók,1082,7465410,teljes lakosság %-a,11.637163933394147,Balatonfőkajár: 1.1k | ≤12%
Dejtár,választók,1082,7465410,teljes lakosság %-a,11.651657444132338,Dejtár: 1.1k | ≤12%
Drégelypalánk,választók,1086,7465410,teljes lakosság %-a,11.666204535316883,Drégelypalánk: 1.1k | ≤12%
Biri,választók,1087,7465410,teljes lakosság %-a,11.680765021613013,Biri: 1.1k | ≤12%
Tótvázsony,választók,1088,7465410,teljes lakosság %-a,11.695338903020732,Tótvázsony: 1.1k | ≤12%
Nagyberény,választók,1089,7465410,teljes lakosság %-a,11.709926179540037,Nagyberény: 1.1k | ≤12%
Pusztadobos,választók,1089,7465410,teljes lakosság %-a,11.724513456059347,Pusztadobos: 1.1k | ≤12%
Egyházasrádóc,választók,1090,7465410,teljes lakosság %-a,11.739114127690241,Egyházasrádóc: 1.1k | ≤12%
Gyarmat,választók,1090,7465410,teljes lakosság %-a,11.753714799321136,Gyarmat: 1.1k | ≤12%
Balatonvilágos,választók,1093,7465410,teljes lakosság %-a,11.768355656286793,Balatonvilágos: 1.1k | ≤12%
Pálfa,választók,1094,7465410,teljes lakosság %-a,11.783009908364042,Pálfa: 1.1k | ≤12%
Sárszentágota,választók,1095,7465410,teljes lakosság %-a,11.797677555552877,Sárszentágota: 1.1k | ≤12%
Keszü,választók,1096,7465410,teljes lakosság %-a,11.812358597853299,Keszü: 1.1k | ≤12%
Magyarpolány,választók,1096,7465410,teljes lakosság %-a,11.827039640153721,Magyarpolány: 1.1k | ≤12%
Vitnyéd,választók,1097,7465410,teljes lakosság %-a,11.841734077565732,Vitnyéd: 1.1k | ≤12%
Kötegyán,választók,1101,7465410,teljes lakosság %-a,11.856482095424097,Kötegyán: 1.1k | ≤12%
Vasszécseny,választók,1101,7465410,teljes lakosság %-a,11.87123011328246,Vasszécseny: 1.1k | ≤12%
Ramocsaháza,választók,1104,7465410,teljes lakosság %-a,11.886018316475585,Ramocsaháza: 1.1k | ≤12%
Szeremle,választók,1104,7465410,teljes lakosság %-a,11.900806519668713,Szeremle: 1.1k | ≤12%
Nagykarácsony,választók,1105,7465410,teljes lakosság %-a,11.915608117973427,Nagykarácsony: 1.1k | ≤12%
Acsa,választók,1107,7465410,teljes lakosság %-a,11.930436506501318,Acsa: 1.1k | ≤12%
Nagyberki,választók,1108,7465410,teljes lakosság %-a,11.945278290140795,Nagyberki: 1.1k | ≤12%
Sényő,választók,1108,7465410,teljes lakosság %-a,11.960120073780274,Sényő: 1.1k | ≤12%
Nagylóc,választók,1109,7465410,teljes lakosság %-a,11.974975252531342,Nagylóc: 1.1k | ≤12%
Szügy,választók,1110,7465410,teljes lakosság %-a,11.989843826393995,Szügy: 1.1k | ≤12%
Vértessomló,választók,1110,7465410,teljes lakosság %-a,12.00471240025665,Vértessomló: 1.1k | ≤12%
Karád,választók,1113,7465410,teljes lakosság %-a,12.019621159454069,Karád: 1.1k | ≤12%
Kölesd,választók,1113,7465410,teljes lakosság %-a,12.034529918651488,Kölesd: 1.1k | ≤12%
Szigetbecse,választók,1113,7465410,teljes lakosság %-a,12.049438677848906,Szigetbecse: 1.1k | ≤12%
Újszentmargita,választók,1113,7465410,teljes lakosság %-a,12.064347437046324,Újszentmargita: 1.1k | ≤12%
Nagyvarsány,választók,1114,7465410,teljes lakosság %-a,12.079269591355331,Nagyvarsány: 1.1k | ≤12%
Bakonyszombathely,választók,1116,7465410,teljes lakosság %-a,12.094218535887514,Bakonyszombathely: 1.1k | ≤12%
Szabolcsveresmart,választók,1126,7465410,teljes lakosság %-a,12.109301431535576,Szabolcsveresmart: 1.1k | ≤12%
Tiszapalkonya,választók,1127,7465410,teljes lakosság %-a,12.124397722295226,Tiszapalkonya: 1.1k | ≤12%
Látrány,választók,1128,7465410,teljes lakosság %-a,12.139507408166464,Látrány: 1.1k | ≤12%
Nárai,választók,1128,7465410,teljes lakosság %-a,12.154617094037702,Nárai: 1.1k | ≤12%
Alsópáhok,választók,1129,7465410,teljes lakosság %-a,12.169740175020529,Alsópáhok: 1.1k | ≤12%
Nagysáp,választók,1130,7465410,teljes lakosság %-a,12.184876651114942,Nagysáp: 1.1k | ≤12%
Novaj,választók,1130,7465410,teljes lakosság %-a,12.200013127209356,Novaj: 1.1k | ≤12%
Sajópetri,választók,1131,7465410,teljes lakosság %-a,12.215162998415359,Sajópetri: 1.1k | ≤12%
Csátalja,választók,1138,7465410,teljes lakosság %-a,12.230406635402476,Csátalja: 1.1k | ≤12%
Hangony,választók,1138,7465410,teljes lakosság %-a,12.245650272389593,Hangony: 1.1k | ≤12%
Kékcse,választók,1142,7465410,teljes lakosság %-a,12.260947489823064,Kékcse: 1.1k | ≤12%
Legyesbénye,választók,1142,7465410,teljes lakosság %-a,12.276244707256534,Legyesbénye: 1.1k | ≤12%
Dédestapolcsány,választók,1143,7465410,teljes lakosság %-a,12.291555319801592,Dédestapolcsány: 1.1k | ≤12%
Vámosmikola,választók,1143,7465410,teljes lakosság %-a,12.30686593234665,Vámosmikola: 1.1k | ≤12%
Hortobágy,választók,1145,7465410,teljes lakosság %-a,12.322203335114883,Hortobágy: 1.1k | ≤12%
Balotaszállás,választók,1147,7465410,teljes lakosság %-a,12.337567528106293,Balotaszállás: 1.1k | ≤12%
Nagyharsány,választók,1147,7465410,teljes lakosság %-a,12.352931721097702,Nagyharsány: 1.1k | ≤12%
Öreglak,választók,1147,7465410,teljes lakosság %-a,12.368295914089114,Öreglak: 1.1k | ≤12%
Tiszaszőlős,választók,1147,7465410,teljes lakosság %-a,12.383660107080523,Tiszaszőlős: 1.1k | ≤12%
Derekegyház,választók,1149,7465410,teljes lakosság %-a,12.399051090295107,Derekegyház: 1.1k | ≤12%
Pusztaszer,választók,1149,7465410,teljes lakosság %-a,12.414442073509694,Pusztaszer: 1.1k | ≤12%
Alcsútdoboz,választók,1150,7465410,teljes lakosság %-a,12.429846451835868,Alcsútdoboz: 1.1k | ≤12%
Söjtör,választók,1151,7465410,teljes lakosság %-a,12.445264225273629,Söjtör: 1.2k | ≤12%
Kunadacs,választók,1152,7465410,teljes lakosság %-a,12.460695393822977,Kunadacs: 1.2k | ≤12%
Méra,választók,1153,7465410,teljes lakosság %-a,12.476139957483916,Méra: 1.2k | ≤12%
Kápolna,választók,1154,7465410,teljes lakosság %-a,12.491597916256442,Kápolna: 1.2k | ≤12%
Kőröshegy,választók,1154,7465410,teljes lakosság %-a,12.507055875028966,Kőröshegy: 1.2k | ≤13%
Csokonyavisonta,választók,1155,7465410,teljes lakosság %-a,12.52252722891308,Csokonyavisonta: 1.2k | ≤13%
Egerbakta,választók,1157,7465410,teljes lakosság %-a,12.53802537302037,Egerbakta: 1.2k | ≤13%
Szákszend,választók,1158,7465410,teljes lakosság %-a,12.553536912239247,Szákszend: 1.2k | ≤13%
Lövő,választók,1159,7465410,teljes lakosság %-a,12.569061846569712,Lövő: 1.2k | ≤13%
Babócsa,választók,1160,7465410,teljes lakosság %-a,12.584600176011767,Babócsa: 1.2k | ≤13%
Pereszteg,választók,1161,7465410,teljes lakosság %-a,12.600151900565407,Pereszteg: 1.2k | ≤13%
Kurityán,választók,1162,7465410,teljes lakosság %-a,12.615717020230639,Kurityán: 1.2k | ≤13%
Tárkány,választók,1162,7465410,teljes lakosság %-a,12.631282139895866,Tárkány: 1.2k | ≤13%
Gyermely,választók,1163,7465410,teljes lakosság %-a,12.646860654672684,Gyermely: 1.2k | ≤13%
Monok,választók,1163,7465410,teljes lakosság %-a,12.662439169449502,Monok: 1.2k | ≤13%
Jásztelek,választók,1166,7465410,teljes lakosság %-a,12.678057869561082,Jásztelek: 1.2k | ≤13%
Olaszliszka,választók,1166,7465410,teljes lakosság %-a,12.693676569672663,Olaszliszka: 1.2k | ≤13%
Sály,választók,1167,7465410,teljes lakosság %-a,12.709308664895833,Sály: 1.2k | ≤13%
Zalaapáti,választók,1172,7465410,teljes lakosság %-a,12.725007735676941,Zalaapáti: 1.2k | ≤13%
Tiszasüly,választók,1175,7465410,teljes lakosság %-a,12.740746991792815,Tiszasüly: 1.2k | ≤13%
Kunbaja,választók,1177,7465410,teljes lakosság %-a,12.756513038131864,Kunbaja: 1.2k | ≤13%
Mátraszőlős,választók,1178,7465410,teljes lakosság %-a,12.7722924795825,Mátraszőlős: 1.2k | ≤13%
Őr,választók,1178,7465410,teljes lakosság %-a,12.78807192103314,Őr: 1.2k | ≤13%
Penc,választók,1179,7465410,teljes lakosság %-a,12.803864757595363,Penc: 1.2k | ≤13%
Ormosbánya,választók,1182,7465410,teljes lakosság %-a,12.819697779492353,Ormosbánya: 1.2k | ≤13%
Petőfiszállás,választók,1184,7465410,teljes lakosság %-a,12.835557591612517,Petőfiszállás: 1.2k | ≤13%
Győrtelek,választók,1185,7465410,teljes lakosság %-a,12.851430798844271,Győrtelek: 1.2k | ≤13%
Kőtelek,választók,1185,7465410,teljes lakosság %-a,12.867304006076022,Kőtelek: 1.2k | ≤13%
Istenmezeje,választók,1187,7465410,teljes lakosság %-a,12.88320400353095,Istenmezeje: 1.2k | ≤13%
Szatmárcseke,választók,1190,7465410,teljes lakosság %-a,12.899144186320644,Szatmárcseke: 1.2k | ≤13%
Dunaegyháza,választók,1197,7465410,teljes lakosság %-a,12.915178134891454,Dunaegyháza: 1.2k | ≤13%
Farkaslyuk,választók,1198,7465410,teljes lakosság %-a,12.931225478573849,Farkaslyuk: 1.2k | ≤13%
Mezőtárkány,választók,1198,7465410,teljes lakosság %-a,12.947272822256245,Mezőtárkány: 1.2k | ≤13%
Sajóörös,választók,1198,7465410,teljes lakosság %-a,12.96332016593864,Sajóörös: 1.2k | ≤13%
Karancsalja,választók,1199,7465410,teljes lakosság %-a,12.979380904732626,Karancsalja: 1.2k | ≤13%
Tarnalelesz,választók,1199,7465410,teljes lakosság %-a,12.995441643526611,Tarnalelesz: 1.2k | ≤13%
Somberek,választók,1202,7465410,teljes lakosság %-a,13.01154256765536,Somberek: 1.2k | ≤13%
Somogyjád,választók,1204,7465410,teljes lakosság %-a,13.027670282007284,Somogyjád: 1.2k | ≤13%
Szomolya,választók,1204,7465410,teljes lakosság %-a,13.043797996359208,Szomolya: 1.2k | ≤13%
Ricse,választók,1205,7465410,teljes lakosság %-a,13.059939105822721,Ricse: 1.2k | ≤13%
Győrság,választók,1206,7465410,teljes lakosság %-a,13.076093610397821,Győrság: 1.2k | ≤13%
Somogyszob,választók,1206,7465410,teljes lakosság %-a,13.092248114972922,Somogyszob: 1.2k | ≤13%
Tiszakanyár,választók,1206,7465410,teljes lakosság %-a,13.10840261954802,Tiszakanyár: 1.2k | ≤13%
Dunasziget,választók,1207,7465410,teljes lakosság %-a,13.12457051923471,Dunasziget: 1.2k | ≤13%
Bátmonostor,választók,1208,7465410,teljes lakosság %-a,13.140751814032987,Bátmonostor: 1.2k | ≤13%
Nagycserkesz,választók,1209,7465410,teljes lakosság %-a,13.156946503942851,Nagycserkesz: 1.2k | ≤13%
Hernádkak,választók,1212,7465410,teljes lakosság %-a,13.17318137918748,Hernádkak: 1.2k | ≤13%
Bükkaranyos,választók,1214,7465410,teljes lakosság %-a,13.189443044655283,Bükkaranyos: 1.2k | ≤13%
Csákánydoroszló,választók,1216,7465410,teljes lakosság %-a,13.205731500346262,Csákánydoroszló: 1.2k | ≤13%
Kübekháza,választók,1217,7465410,teljes lakosság %-a,13.222033351148832,Kübekháza: 1.2k | ≤13%
Sajókeresztúr,választók,1218,7465410,teljes lakosság %-a,13.238348597062988,Sajókeresztúr: 1.2k | ≤13%
Csókakő,választók,1219,7465410,teljes lakosság %-a,13.254677238088734,Csókakő: 1.2k | ≤13%
Gellénháza,választók,1219,7465410,teljes lakosság %-a,13.271005879114476,Gellénháza: 1.2k | ≤13%
Ozora,választók,1221,7465410,teljes lakosság %-a,13.287361310363396,Ozora: 1.2k | ≤13%
Szűcsi,választók,1221,7465410,teljes lakosság %-a,13.303716741612314,Szűcsi: 1.2k | ≤13%
Rimóc,választók,1222,7465410,teljes lakosság %-a,13.320085567972825,Rimóc: 1.2k | ≤13%
Kincsesbánya,választók,1228,7465410,teljes lakosság %-a,13.336534765002861,Kincsesbánya: 1.2k | ≤13%
Vaszar,választók,1228,7465410,teljes lakosság %-a,13.352983962032896,Vaszar: 1.2k | ≤13%
Hegykő,választók,1229,7465410,teljes lakosság %-a,13.36944655417452,Hegykő: 1.2k | ≤13%
Kisapostag,választók,1229,7465410,teljes lakosság %-a,13.385909146316145,Kisapostag: 1.2k | ≤13%
Foktő,választók,1230,7465410,teljes lakosság %-a,13.402385133569355,Foktő: 1.2k | ≤13%
Nógrádmegyer,választók,1230,7465410,teljes lakosság %-a,13.418861120822568,Nógrádmegyer: 1.2k | ≤13%
Szepetnek,választók,1231,7465410,teljes lakosság %-a,13.435350503187365,Szepetnek: 1.2k | ≤13%
Tiszajenő,választók,1231,7465410,teljes lakosság %-a,13.451839885552166,Tiszajenő: 1.2k | ≤13%
Telekgerendás,választók,1232,7465410,teljes lakosság %-a,13.468342663028555,Telekgerendás: 1.2k | ≤13%
Báta,választók,1233,7465410,teljes lakosság %-a,13.484858835616532,Báta: 1.2k | ≤13%
Papkeszi,választók,1233,7465410,teljes lakosság %-a,13.501375008204505,Papkeszi: 1.2k | ≤14%
Tiszavárkony,választók,1234,7465410,teljes lakosság %-a,13.517904575904069,Tiszavárkony: 1.2k | ≤14%
Kisléta,választók,1235,7465410,teljes lakosság %-a,13.534447538715222,Kisléta: 1.2k | ≤14%
Szilvásvárad,választók,1235,7465410,teljes lakosság %-a,13.550990501526371,Szilvásvárad: 1.2k | ≤14%
Varsány,választók,1235,7465410,teljes lakosság %-a,13.567533464337526,Varsány: 1.2k | ≤14%
Sarkadkeresztúr,választók,1238,7465410,teljes lakosság %-a,13.58411661248344,Sarkadkeresztúr: 1.2k | ≤14%
Hejőbába,választók,1239,7465410,teljes lakosság %-a,13.600713155740943,Hejőbába: 1.2k | ≤14%
Balatonszentgyörgy,választók,1241,7465410,teljes lakosság %-a,13.617336489221623,Balatonszentgyörgy: 1.2k | ≤14%
Pusztaföldvár,választók,1241,7465410,teljes lakosság %-a,13.633959822702302,Pusztaföldvár: 1.2k | ≤14%
Bajót,választók,1242,7465410,teljes lakosság %-a,13.65059655129457,Bajót: 1.2k | ≤14%
Csépa,választók,1242,7465410,teljes lakosság %-a,13.667233279886837,Csépa: 1.2k | ≤14%
Csólyospálos,választók,1244,7465410,teljes lakosság %-a,13.68389679870228,Csólyospálos: 1.2k | ≤14%
Nagyfüged,választók,1245,7465410,teljes lakosság %-a,13.700573712629312,Nagyfüged: 1.2k | ≤14%
Türje,választók,1247,7465410,teljes lakosság %-a,13.717277416779519,Türje: 1.2k | ≤14%
Kisgyőr,választók,1249,7465410,teljes lakosság %-a,13.734007911152904,Kisgyőr: 1.2k | ≤14%
Tarnaörs,választók,1250,7465410,teljes lakosság %-a,13.750751800637875,Tarnaörs: 1.2k | ≤14%
Kaposszekcső,választók,1251,7465410,teljes lakosság %-a,13.767509085234433,Kaposszekcső: 1.3k | ≤14%
Vácduka,választók,1252,7465410,teljes lakosság %-a,13.78427976494258,Vácduka: 1.3k | ≤14%
Nógrád,választók,1254,7465410,teljes lakosság %-a,13.801077234873905,Nógrád: 1.3k | ≤14%
Sárkeresztes,választók,1256,7465410,teljes lakosság %-a,13.817901495028403,Sárkeresztes: 1.3k | ≤14%
Nagykörű,választók,1258,7465410,teljes lakosság %-a,13.83475254540608,Nagykörű: 1.3k | ≤14%
Kaposfő,választók,1262,7465410,teljes lakosság %-a,13.851657176230106,Kaposfő: 1.3k | ≤14%
Pacsa,választók,1262,7465410,teljes lakosság %-a,13.868561807054133,Pacsa: 1.3k | ≤14%
Pusztamonostor,választók,1262,7465410,teljes lakosság %-a,13.885466437878161,Pusztamonostor: 1.3k | ≤14%
Görcsöny,választók,1264,7465410,teljes lakosság %-a,13.902397858925363,Görcsöny: 1.3k | ≤14%
Izsófalva,választók,1268,7465410,teljes lakosság %-a,13.919382860418919,Izsófalva: 1.3k | ≤14%
Bana,választók,1269,7465410,teljes lakosság %-a,13.936381257024061,Bana: 1.3k | ≤14%
Magyaralmás,választók,1273,7465410,teljes lakosság %-a,13.953433234075558,Magyaralmás: 1.3k | ≤14%
Somogyvár,választók,1273,7465410,teljes lakosság %-a,13.970485211127052,Somogyvár: 1.3k | ≤14%
Piricse,választók,1275,7465410,teljes lakosság %-a,13.98756397840172,Piricse: 1.3k | ≤14%
Darnózseli,választók,1277,7465410,teljes lakosság %-a,14.00466953589957,Darnózseli: 1.3k | ≤14%
Kesznyéten,választók,1277,7465410,teljes lakosság %-a,14.021775093397416,Kesznyéten: 1.3k | ≤14%
Pócspetri,választók,1277,7465410,teljes lakosság %-a,14.038880650895264,Pócspetri: 1.3k | ≤14%
Érpatak,választók,1280,7465410,teljes lakosság %-a,14.056026393727873,Érpatak: 1.3k | ≤14%
Mecseknádasd,választók,1282,7465410,teljes lakosság %-a,14.07319892678366,Mecseknádasd: 1.3k | ≤14%
Bak,választók,1283,7465410,teljes lakosság %-a,14.090384854951035,Bak: 1.3k | ≤14%
Tiszatenyő,választók,1284,7465410,teljes lakosság %-a,14.107584178229995,Tiszatenyő: 1.3k | ≤14%
Halmaj,választók,1290,7465410,teljes lakosság %-a,14.124863872178487,Halmaj: 1.3k | ≤14%
Fajsz,választók,1291,7465410,teljes lakosság %-a,14.142156961238566,Fajsz: 1.3k | ≤14%
Palotás,választók,1292,7465410,teljes lakosság %-a,14.15946344541023,Palotás: 1.3k | ≤14%
Szendehely,választók,1293,7465410,teljes lakosság %-a,14.176783324693487,Szendehely: 1.3k | ≤14%
Vasmegyer,választók,1298,7465410,teljes lakosság %-a,14.194170179534682,Vasmegyer: 1.3k | ≤14%
Tiszabő,választók,1301,7465410,teljes lakosság %-a,14.21159721971064,Tiszabő: 1.3k | ≤14%
Tiszaroff,választók,1303,7465410,teljes lakosság %-a,14.229051050109772,Tiszaroff: 1.3k | ≤14%
Kőszárhegy,választók,1306,7465410,teljes lakosság %-a,14.246545065843671,Kőszárhegy: 1.3k | ≤14%
Járdánháza,választók,1307,7465410,teljes lakosság %-a,14.264052476689157,Járdánháza: 1.3k | ≤14%
Mezőnyárád,választók,1310,7465410,teljes lakosság %-a,14.281600072869407,Mezőnyárád: 1.3k | ≤14%
Dunaalmás,választók,1313,7465410,teljes lakosság %-a,14.29918785438442,Dunaalmás: 1.3k | ≤14%
Lőkösháza,választók,1313,7465410,teljes lakosság %-a,14.316775635899434,Lőkösháza: 1.3k | ≤14%
Tolcsva,választók,1313,7465410,teljes lakosság %-a,14.334363417414448,Tolcsva: 1.3k | ≤14%
Tarnaméra,választók,1315,7465410,teljes lakosság %-a,14.351977989152639,Tarnaméra: 1.3k | ≤14%
Németkér,választók,1317,7465410,teljes lakosság %-a,14.369619351114004,Németkér: 1.3k | ≤14%
Márkó,választók,1318,7465410,teljes lakosság %-a,14.38727410818696,Márkó: 1.3k | ≤14%
Bükkábrány,választók,1321,7465410,teljes lakosság %-a,14.404969050594676,Bükkábrány: 1.3k | ≤14%
Ököritófülpös,választók,1321,7465410,teljes lakosság %-a,14.422663993002393,Ököritófülpös: 1.3k | ≤14%
Petneháza,választók,1321,7465410,teljes lakosság %-a,14.44035893541011,Petneháza: 1.3k | ≤14%
Fülöp,választók,1323,7465410,teljes lakosság %-a,14.458080668041005,Fülöp: 1.3k | ≤14%
Szár,választók,1323,7465410,teljes lakosság %-a,14.475802400671899,Szár: 1.3k | ≤14%
Bercel,választók,1324,7465410,teljes lakosság %-a,14.493537528414379,Bercel: 1.3k | ≤14%
Mátranovák,választók,1324,7465410,teljes lakosság %-a,14.511272656156862,Mátranovák: 1.3k | ≤15%
Miske,választók,1325,7465410,teljes lakosság %-a,14.52902117901093,Miske: 1.3k | ≤15%
Karcsa,választók,1327,7465410,teljes lakosság %-a,14.546796492088177,Karcsa: 1.3k | ≤15%
Fábiánháza,választók,1329,7465410,teljes lakosság %-a,14.564598595388597,Fábiánháza: 1.3k | ≤15%
Csomád,választók,1333,7465410,teljes lakosság %-a,14.582454279135373,Csomád: 1.3k | ≤15%
Kakasd,választók,1335,7465410,teljes lakosság %-a,14.600336753105323,Kakasd: 1.3k | ≤15%
Tényő,választók,1337,7465410,teljes lakosság %-a,14.618246017298448,Tényő: 1.3k | ≤15%
Balatonkeresztúr,választók,1338,7465410,teljes lakosság %-a,14.636168676603162,Balatonkeresztúr: 1.3k | ≤15%
Kömlő,választók,1339,7465410,teljes lakosság %-a,14.654104731019462,Kömlő: 1.3k | ≤15%
Tiszabercel,választók,1339,7465410,teljes lakosság %-a,14.672040785435764,Tiszabercel: 1.3k | ≤15%
Murakeresztúr,választók,1342,7465410,teljes lakosság %-a,14.690017025186828,Murakeresztúr: 1.3k | ≤15%
Tác,választók,1344,7465410,teljes lakosság %-a,14.70802005516107,Tác: 1.3k | ≤15%
Tázlár,választók,1344,7465410,teljes lakosság %-a,14.726023085135312,Tázlár: 1.3k | ≤15%
Szendrőlád,választók,1347,7465410,teljes lakosság %-a,14.744066300444317,Szendrőlád: 1.3k | ≤15%
Kevermes,választók,1350,7465410,teljes lakosság %-a,14.762149701088084,Kevermes: 1.4k | ≤15%
Ikervár,választók,1352,7465410,teljes lakosság %-a,14.78025989195503,Ikervár: 1.4k | ≤15%
Aszaló,választók,1356,7465410,teljes lakosság %-a,14.798423663268325,Aszaló: 1.4k | ≤15%
Jánkmajtis,választók,1356,7465410,teljes lakosság %-a,14.816587434581624,Jánkmajtis: 1.4k | ≤15%
Majosháza,választók,1356,7465410,teljes lakosság %-a,14.83475120589492,Majosháza: 1.4k | ≤15%
Karancskeszi,választók,1358,7465410,teljes lakosság %-a,14.852941767431393,Karancskeszi: 1.4k | ≤15%
Taktaszada,választók,1362,7465410,teljes lakosság %-a,14.87118590941422,Taktaszada: 1.4k | ≤15%
Rajka,választók,1365,7465410,teljes lakosság %-a,14.889470236731809,Rajka: 1.4k | ≤15%
Dudar,választók,1366,7465410,teljes lakosság %-a,14.907767959160983,Dudar: 1.4k | ≤15%
Kunszállás,választók,1367,7465410,teljes lakosság %-a,14.926079076701749,Kunszállás: 1.4k | ≤15%
Mosonszolnok,választók,1367,7465410,teljes lakosság %-a,14.944390194242512,Mosonszolnok: 1.4k | ≤15%
Visegrád,választók,1367,7465410,teljes lakosság %-a,14.962701311783277,Visegrád: 1.4k | ≤15%
Tardos,választók,1368,7465410,teljes lakosság %-a,14.981025824435632,Tardos: 1.4k | ≤15%
Tállya,választók,1370,7465410,teljes lakosság %-a,14.999377127311158,Tállya: 1.4k | ≤15%
Ladánybene,választók,1371,7465410,teljes lakosság %-a,15.017741825298275,Ladánybene: 1.4k | ≤15%
Rábapaty,választók,1371,7465410,teljes lakosság %-a,15.036106523285392,Rábapaty: 1.4k | ≤15%
Tömörkény,választók,1371,7465410,teljes lakosság %-a,15.05447122127251,Tömörkény: 1.4k | ≤15%
Geszteréd,választók,1373,7465410,teljes lakosság %-a,15.0728627094828,Geszteréd: 1.4k | ≤15%
Győrladamér,választók,1373,7465410,teljes lakosság %-a,15.091254197693093,Győrladamér: 1.4k | ≤15%
Álmosd,választók,1374,7465410,teljes lakosság %-a,15.109659081014975,Álmosd: 1.4k | ≤15%
Mátraterenye,választók,1377,7465410,teljes lakosság %-a,15.12810414967162,Mátraterenye: 1.4k | ≤15%
Ászár,választók,1378,7465410,teljes lakosság %-a,15.146562613439851,Ászár: 1.4k | ≤15%
Vajszló,választók,1379,7465410,teljes lakosság %-a,15.165034472319672,Vajszló: 1.4k | ≤15%
Encsencs,választók,1381,7465410,teljes lakosság %-a,15.183533121422668,Encsencs: 1.4k | ≤15%
Balatonszemes,választók,1383,7465410,teljes lakosság %-a,15.20205856074884,Balatonszemes: 1.4k | ≤15%
Csávoly,választók,1383,7465410,teljes lakosság %-a,15.220584000075013,Csávoly: 1.4k | ≤15%
Vértesacsa,választók,1385,7465410,teljes lakosság %-a,15.23913622962436,Vértesacsa: 1.4k | ≤15%
Kazár,választók,1386,7465410,teljes lakosság %-a,15.257701854285296,Kazár: 1.4k | ≤15%
Nyírmihálydi,választók,1389,7465410,teljes lakosság %-a,15.276307664280997,Nyírmihálydi: 1.4k | ≤15%
Csabacsűd,választók,1390,7465410,teljes lakosság %-a,15.294926869388286,Csabacsűd: 1.4k | ≤15%
Bakonyszentlászló,választók,1393,7465410,teljes lakosság %-a,15.313586259830336,Bakonyszentlászló: 1.4k | ≤15%
Katymár,választók,1394,7465410,teljes lakosság %-a,15.332259045383978,Katymár: 1.4k | ≤15%
Pálmonostora,választók,1397,7465410,teljes lakosság %-a,15.350972016272383,Pálmonostora: 1.4k | ≤15%
Jászfelsőszentgyörgy,választók,1399,7465410,teljes lakosság %-a,15.369711777383962,Jászfelsőszentgyörgy: 1.4k | ≤15%
Jászboldogháza,választók,1401,7465410,teljes lakosság %-a,15.388478328718715,Jászboldogháza: 1.4k | ≤15%
Pilisjászfalu,választók,1401,7465410,teljes lakosság %-a,15.407244880053472,Pilisjászfalu: 1.4k | ≤15%
Szamosszeg,választók,1402,7465410,teljes lakosság %-a,15.426024826499818,Szamosszeg: 1.4k | ≤15%
Nyírkáta,választók,1404,7465410,teljes lakosság %-a,15.444831563169338,Nyírkáta: 1.4k | ≤15%
Nagyvázsony,választók,1408,7465410,teljes lakosság %-a,15.463691880285207,Nagyvázsony: 1.4k | ≤15%
Tinnye,választók,1409,7465410,teljes lakosság %-a,15.482565592512668,Tinnye: 1.4k | ≤15%
Dunakiliti,választók,1410,7465410,teljes lakosság %-a,15.501452699851717,Dunakiliti: 1.4k | ≤16%
Enese,választók,1413,7465410,teljes lakosság %-a,15.520379992525527,Enese: 1.4k | ≤16%
Pátka,választók,1413,7465410,teljes lakosság %-a,15.539307285199339,Pátka: 1.4k | ≤16%
Nádasdladány,választók,1415,7465410,teljes lakosság %-a,15.558261368096327,Nádasdladány: 1.4k | ≤16%
Bócsa,választók,1417,7465410,teljes lakosság %-a,15.57724224121649,Bócsa: 1.4k | ≤16%
Gönc,választók,1417,7465410,teljes lakosság %-a,15.596223114336654,Gönc: 1.4k | ≤16%
Gyönk,választók,1420,7465410,teljes lakosság %-a,15.61524417279158,Gyönk: 1.4k | ≤16%
Nemesnádudvar,választók,1421,7465410,teljes lakosság %-a,15.634278626358098,Nemesnádudvar: 1.4k | ≤16%
Markaz,választók,1422,7465410,teljes lakosság %-a,15.6533264750362,Markaz: 1.4k | ≤16%
Leányvár,választók,1429,7465410,teljes lakosság %-a,15.67246808949542,Leányvár: 1.4k | ≤16%
Szederkény,választók,1429,7465410,teljes lakosság %-a,15.69160970395464,Szederkény: 1.4k | ≤16%
Mátraverebély,választók,1430,7465410,teljes lakosság %-a,15.710764713525446,Mátraverebély: 1.4k | ≤16%
Kaszaper,választók,1431,7465410,teljes lakosság %-a,15.729933118207843,Kaszaper: 1.4k | ≤16%
Sirok,választók,1431,7465410,teljes lakosság %-a,15.749101522890236,Sirok: 1.4k | ≤16%
Kocsér,választók,1434,7465410,teljes lakosság %-a,15.768310112907397,Kocsér: 1.4k | ≤16%
Sukoró,választók,1434,7465410,teljes lakosság %-a,15.787518702924555,Sukoró: 1.4k | ≤16%
Újlengyel,választók,1435,7465410,teljes lakosság %-a,15.806740688053303,Újlengyel: 1.4k | ≤16%
Csökmő,választók,1439,7465410,teljes lakosság %-a,15.8260162536284,Csökmő: 1.4k | ≤16%
Tiszanagyfalu,választók,1439,7465410,teljes lakosság %-a,15.8452918192035,Tiszanagyfalu: 1.4k | ≤16%
Felcsút,választók,1440,7465410,teljes lakosság %-a,15.864580779890186,Felcsút: 1.4k | ≤16%
Lábod,választók,1440,7465410,teljes lakosság %-a,15.883869740576873,Lábod: 1.4k | ≤16%
Zsáka,választók,1445,7465410,teljes lakosság %-a,15.903225676821501,Zsáka: 1.4k | ≤16%
Atkár,választók,1447,7465410,teljes lakosság %-a,15.922608403289304,Atkár: 1.4k | ≤16%
Tatárszentgyörgy,választók,1458,7465410,teljes lakosság %-a,15.942138475984574,Tatárszentgyörgy: 1.5k | ≤16%
Besnyő,választók,1462,7465410,teljes lakosság %-a,15.961722129126196,Besnyő: 1.5k | ≤16%
Szentkirály,választók,1462,7465410,teljes lakosság %-a,15.981305782267818,Szentkirály: 1.5k | ≤16%
Sármellék,választók,1465,7465410,teljes lakosság %-a,16.000929620744206,Sármellék: 1.5k | ≤16%
Tiszasziget,választók,1466,7465410,teljes lakosság %-a,16.02056685433218,Tiszasziget: 1.5k | ≤16%
Kompolt,választók,1467,7465410,teljes lakosság %-a,16.040217483031743,Kompolt: 1.5k | ≤16%
Tiszabezdéd,választók,1468,7465410,teljes lakosság %-a,16.059881506842892,Tiszabezdéd: 1.5k | ≤16%
Csetény,választók,1469,7465410,teljes lakosság %-a,16.07955892576563,Csetény: 1.5k | ≤16%
Császár,választók,1472,7465410,teljes lakosság %-a,16.099276530023133,Császár: 1.5k | ≤16%
Csengele,választók,1472,7465410,teljes lakosság %-a,16.118994134280637,Csengele: 1.5k | ≤16%
Pap,választók,1472,7465410,teljes lakosság %-a,16.138711738538138,Pap: 1.5k | ≤16%
Alap,választók,1477,7465410,teljes lakosság %-a,16.15849631835358,Alap: 1.5k | ≤16%
Aranyosapáti,választók,1477,7465410,teljes lakosság %-a,16.178280898169024,Aranyosapáti: 1.5k | ≤16%
Döbrököz,választók,1477,7465410,teljes lakosság %-a,16.198065477984464,Döbrököz: 1.5k | ≤16%
Kálmánháza,választók,1478,7465410,teljes lakosság %-a,16.217863452911494,Kálmánháza: 1.5k | ≤16%
Soponya,választók,1478,7465410,teljes lakosság %-a,16.237661427838525,Soponya: 1.5k | ≤16%
Berekböszörmény,választók,1481,7465410,teljes lakosság %-a,16.25749958810032,Berekböszörmény: 1.5k | ≤16%
Ikrény,választók,1482,7465410,teljes lakosság %-a,16.2773511434737,Ikrény: 1.5k | ≤16%
Szurdokpüspöki,választók,1483,7465410,teljes lakosság %-a,16.29721609395867,Szurdokpüspöki: 1.5k | ≤16%
Nyírvasvári,választók,1485,7465410,teljes lakosság %-a,16.317107834666817,Nyírvasvári: 1.5k | ≤16%
Taszár,választók,1485,7465410,teljes lakosság %-a,16.336999575374964,Taszár: 1.5k | ≤16%
Szokolya,választók,1487,7465410,teljes lakosság %-a,16.356918106306285,Szokolya: 1.5k | ≤16%
Váchartyán,választók,1488,7465410,teljes lakosság %-a,16.376850032349193,Váchartyán: 1.5k | ≤16%
Zagyvaszántó,választók,1489,7465410,teljes lakosság %-a,16.396795353503695,Zagyvaszántó: 1.5k | ≤16%
Ágasegyháza,választók,1492,7465410,teljes lakosság %-a,16.416780859992954,Ágasegyháza: 1.5k | ≤16%
Dunaszekcső,választók,1494,7465410,teljes lakosság %-a,16.43679315670539,Dunaszekcső: 1.5k | ≤16%
Mátraderecske,választók,1494,7465410,teljes lakosság %-a,16.45680545341783,Mátraderecske: 1.5k | ≤16%
Nyirád,választók,1494,7465410,teljes lakosság %-a,16.47681775013027,Nyirád: 1.5k | ≤16%
Tar,választók,1494,7465410,teljes lakosság %-a,16.496830046842707,Tar: 1.5k | ≤16%
Felsőörs,választók,1496,7465410,teljes lakosság %-a,16.516869133778318,Felsőörs: 1.5k | ≤17%
Gégény,választók,1498,7465410,teljes lakosság %-a,16.53693501093711,Gégény: 1.5k | ≤17%
Pánd,választók,1499,7465410,teljes lakosság %-a,16.557014283207486,Pánd: 1.5k | ≤17%
Nagyszentjános,választók,1501,7465410,teljes lakosság %-a,16.57712034570104,Nagyszentjános: 1.5k | ≤17%
Tiszaszentimre,választók,1502,7465410,teljes lakosság %-a,16.59723980330618,Tiszaszentimre: 1.5k | ≤17%
Dombegyház,választók,1503,7465410,teljes lakosság %-a,16.617372656022912,Dombegyház: 1.5k | ≤17%
Galgamácsa,választók,1503,7465410,teljes lakosság %-a,16.637505508739643,Galgamácsa: 1.5k | ≤17%
Noszvaj,választók,1508,7465410,teljes lakosság %-a,16.65770533701431,Noszvaj: 1.5k | ≤17%
Felsőszentiván,választók,1509,7465410,teljes lakosság %-a,16.677918560400567,Felsőszentiván: 1.5k | ≤17%
Madocsa,választók,1510,7465410,teljes lakosság %-a,16.698145178898415,Madocsa: 1.5k | ≤17%
Csór,választók,1512,7465410,teljes lakosság %-a,16.718398587619436,Csór: 1.5k | ≤17%
Heréd,választók,1514,7465410,teljes lakosság %-a,16.738678786563632,Heréd: 1.5k | ≤17%
Tordas,választók,1514,7465410,teljes lakosság %-a,16.758958985507828,Tordas: 1.5k | ≤17%
Rád,választók,1515,7465410,teljes lakosság %-a,16.779252579563614,Rád: 1.5k | ≤17%
Baks,választók,1517,7465410,teljes lakosság %-a,16.799572963842575,Baks: 1.5k | ≤17%
Egerszalók,választók,1520,7465410,teljes lakosság %-a,16.8199335334563,Egerszalók: 1.5k | ≤17%
Nagyoroszi,választók,1523,7465410,teljes lakosság %-a,16.84033428840479,Nagyoroszi: 1.5k | ≤17%
Alsóörs,választók,1524,7465410,teljes lakosság %-a,16.860748438464867,Alsóörs: 1.5k | ≤17%
Bajna,választók,1525,7465410,teljes lakosság %-a,16.88117598363653,Bajna: 1.5k | ≤17%
Parád,választók,1528,7465410,teljes lakosság %-a,16.90164371414296,Parád: 1.5k | ≤17%
Vasad,választók,1530,7465410,teljes lakosság %-a,16.922138234872566,Vasad: 1.5k | ≤17%
Nyírtass,választók,1531,7465410,teljes lakosság %-a,16.94264615071376,Nyírtass: 1.5k | ≤17%
Farád,választók,1532,7465410,teljes lakosság %-a,16.96316746166654,Farád: 1.5k | ≤17%
Gyulaháza,választók,1532,7465410,teljes lakosság %-a,16.98368877261932,Gyulaháza: 1.5k | ≤17%
Tyukod,választók,1532,7465410,teljes lakosság %-a,17.0042100835721,Tyukod: 1.5k | ≤17%
Kék,választók,1533,7465410,teljes lakosság %-a,17.024744789636472,Kék: 1.5k | ≤17%
Anarcs,választók,1534,7465410,teljes lakosság %-a,17.045292890812426,Anarcs: 1.5k | ≤17%
Ópusztaszer,választók,1534,7465410,teljes lakosság %-a,17.065840991988384,Ópusztaszer: 1.5k | ≤17%
Újszentiván,választók,1534,7465410,teljes lakosság %-a,17.086389093164343,Újszentiván: 1.5k | ≤17%
Szentlőrinckáta,választók,1535,7465410,teljes lakosság %-a,17.106950589451884,Szentlőrinckáta: 1.5k | ≤17%
Jobbágyi,választók,1536,7465410,teljes lakosság %-a,17.12752548085102,Jobbágyi: 1.5k | ≤17%
Nyírtura,választók,1539,7465410,teljes lakosság %-a,17.148140557584917,Nyírtura: 1.5k | ≤17%
Rózsaszentmárton,választók,1543,7465410,teljes lakosság %-a,17.16880921476516,Rózsaszentmárton: 1.5k | ≤17%
Nyársapát,választók,1545,7465410,teljes lakosság %-a,17.189504662168588,Nyársapát: 1.5k | ≤17%
Nyírgyulaj,választók,1546,7465410,teljes lakosság %-a,17.2102135046836,Nyírgyulaj: 1.5k | ≤17%
Torony,választók,1546,7465410,teljes lakosság %-a,17.230922347198614,Torony: 1.5k | ≤17%
Nagykozár,választók,1547,7465410,teljes lakosság %-a,17.25164458482521,Nagykozár: 1.5k | ≤17%
Rákócziújfalu,választók,1547,7465410,teljes lakosság %-a,17.272366822451815,Rákócziújfalu: 1.5k | ≤17%
Fábiánsebestyén,választók,1548,7465410,teljes lakosság %-a,17.293102455190006,Fábiánsebestyén: 1.5k | ≤17%
Levél,választók,1549,7465410,teljes lakosság %-a,17.31385148303978,Levél: 1.5k | ≤17%
Süttő,választók,1553,7465410,teljes lakosság %-a,17.334654091335906,Süttő: 1.6k | ≤17%
Gara,választók,1555,7465410,teljes lakosság %-a,17.35548348985521,Gara: 1.6k | ≤17%
Harsány,választók,1555,7465410,teljes lakosság %-a,17.376312888374517,Harsány: 1.6k | ≤17%
Alattyán,választók,1557,7465410,teljes lakosság %-a,17.397169077117,Alattyán: 1.6k | ≤17%
Magyarbánhegyes,választók,1558,7465410,teljes lakosság %-a,17.418038660971067,Magyarbánhegyes: 1.6k | ≤17%
Ságvár,választók,1558,7465410,teljes lakosság %-a,17.438908244825132,Ságvár: 1.6k | ≤17%
Zsadány,választók,1560,7465410,teljes lakosság %-a,17.45980461890238,Zsadány: 1.6k | ≤17%
Máriakálnok,választók,1561,7465410,teljes lakosság %-a,17.480714388091208,Máriakálnok: 1.6k | ≤17%
Nyírmártonfalva,választók,1564,7465410,teljes lakosság %-a,17.501664342614806,Nyírmártonfalva: 1.6k | ≤18%
Hercegszántó,választók,1566,7465410,teljes lakosság %-a,17.522641087361578,Hercegszántó: 1.6k | ≤18%
Bogács,választók,1570,7465410,teljes lakosság %-a,17.5436714125547,Bogács: 1.6k | ≤18%
Tiszapüspöki,választók,1574,7465410,teljes lakosság %-a,17.564755318194177,Tiszapüspöki: 1.6k | ≤18%
Vácrátót,választók,1574,7465410,teljes lakosság %-a,17.585839223833656,Vácrátót: 1.6k | ≤18%
Máriapócs,választók,1577,7465410,teljes lakosság %-a,17.606963314807896,Máriapócs: 1.6k | ≤18%
Domoszló,választók,1579,7465410,teljes lakosság %-a,17.62811419600531,Domoszló: 1.6k | ≤18%
Dávod,választók,1583,7465410,teljes lakosság %-a,17.649318657649076,Dávod: 1.6k | ≤18%
Kántorjánosi,választók,1591,7465410,teljes lakosság %-a,17.67063028018555,Kántorjánosi: 1.6k | ≤18%
Csopak,választók,1592,7465410,teljes lakosság %-a,17.69195529783361,Csopak: 1.6k | ≤18%
Nagydobos,választók,1594,7465410,teljes lakosság %-a,17.713307105704846,Nagydobos: 1.6k | ≤18%
Konyár,választók,1597,7465410,teljes lakosság %-a,17.734699098910845,Konyár: 1.6k | ≤18%
Úrkút,választók,1600,7465410,teljes lakosság %-a,17.756131277451605,Úrkút: 1.6k | ≤18%
Vámosgyörk,választók,1601,7465410,teljes lakosság %-a,17.77757685110396,Vámosgyörk: 1.6k | ≤18%
Kópháza,választók,1602,7465410,teljes lakosság %-a,17.799035819867896,Kópháza: 1.6k | ≤18%
Ősi,választók,1602,7465410,teljes lakosság %-a,17.820494788631834,Ősi: 1.6k | ≤18%
Zomba,választók,1602,7465410,teljes lakosság %-a,17.841953757395775,Zomba: 1.6k | ≤18%
Iklad,választók,1610,7465410,teljes lakosság %-a,17.86351988705242,Iklad: 1.6k | ≤18%
Kecskéd,választók,1610,7465410,teljes lakosság %-a,17.88508601670906,Kecskéd: 1.6k | ≤18%
Tiszadada,választók,1611,7465410,teljes lakosság %-a,17.90666554147729,Tiszadada: 1.6k | ≤18%
Budajenő,választók,1619,7465410,teljes lakosság %-a,17.928352227138227,Budajenő: 1.6k | ≤18%
Perbál,választók,1619,7465410,teljes lakosság %-a,17.95003891279916,Perbál: 1.6k | ≤18%
Becsehely,választók,1621,7465410,teljes lakosság %-a,17.971752388683274,Becsehely: 1.6k | ≤18%
Forráskút,választók,1625,7465410,teljes lakosság %-a,17.993519445013735,Forráskút: 1.6k | ≤18%
Bátya,választók,1626,7465410,teljes lakosság %-a,18.01529989645579,Bátya: 1.6k | ≤18%
Kerecsend,választók,1626,7465410,teljes lakosság %-a,18.037080347897838,Kerecsend: 1.6k | ≤18%
Szentkirályszabadja,választók,1626,7465410,teljes lakosság %-a,18.058860799339886,Szentkirályszabadja: 1.6k | ≤18%
Mérk,választók,1627,7465410,teljes lakosság %-a,18.080654645893528,Mérk: 1.6k | ≤18%
Buják,választók,1628,7465410,teljes lakosság %-a,18.102461887558754,Buják: 1.6k | ≤18%
Kéthely,választók,1629,7465410,teljes lakosság %-a,18.12428252433557,Kéthely: 1.6k | ≤18%
Csévharaszt,választók,1635,7465410,teljes lakosság %-a,18.14618353178191,Csévharaszt: 1.6k | ≤18%
Hajdúbagos,választók,1636,7465410,teljes lakosság %-a,18.16809793433984,Hajdúbagos: 1.6k | ≤18%
Mád,választók,1638,7465410,teljes lakosság %-a,18.19003912712095,Mád: 1.6k | ≤18%
Nagyrábé,választók,1645,7465410,teljes lakosság %-a,18.21207408568317,Nagyrábé: 1.6k | ≤18%
Mezőszilas,választók,1649,7465410,teljes lakosság %-a,18.234162624691745,Mezőszilas: 1.6k | ≤18%
Sajóvámos,választók,1650,7465410,teljes lakosság %-a,18.256264558811907,Sajóvámos: 1.6k | ≤18%
Hidas,választók,1655,7465410,teljes lakosság %-a,18.27843346849001,Hidas: 1.7k | ≤18%
Szihalom,választók,1655,7465410,teljes lakosság %-a,18.30060237816811,Szihalom: 1.7k | ≤18%
Méhkerék,választók,1657,7465410,teljes lakosság %-a,18.32279807806939,Méhkerék: 1.7k | ≤18%
Apostag,választók,1659,7465410,teljes lakosság %-a,18.345020568193842,Apostag: 1.7k | ≤18%
Maroslele,választók,1660,7465410,teljes lakosság %-a,18.367256453429885,Maroslele: 1.7k | ≤18%
Ásványráró,választók,1661,7465410,teljes lakosság %-a,18.389505733777515,Ásványráró: 1.7k | ≤18%
Pilismarót,választók,1662,7465410,teljes lakosság %-a,18.411768409236736,Pilismarót: 1.7k | ≤18%
Csengőd,választók,1665,7465410,teljes lakosság %-a,18.434071270030717,Csengőd: 1.7k | ≤18%
Csörög,választók,1669,7465410,teljes lakosság %-a,18.456427711271047,Csörög: 1.7k | ≤18%
Pétervására,választók,1674,7465410,teljes lakosság %-a,18.478851128069323,Pétervására: 1.7k | ≤18%
Écs,választók,1675,7465410,teljes lakosság %-a,18.501287939979182,Écs: 1.7k | ≤19%
Szabadegyháza,választók,1675,7465410,teljes lakosság %-a,18.523724751889045,Szabadegyháza: 1.7k | ≤19%
Dég,választók,1678,7465410,teljes lakosság %-a,18.54620174913367,Dég: 1.7k | ≤19%
Döge,választók,1682,7465410,teljes lakosság %-a,18.568732326824648,Döge: 1.7k | ≤19%
Almásfüzitő,választók,1685,7465410,teljes lakosság %-a,18.59130308985039,Almásfüzitő: 1.7k | ≤19%
Csány,választók,1691,7465410,teljes lakosság %-a,18.613954223545658,Csány: 1.7k | ≤19%
Székkutas,választók,1691,7465410,teljes lakosság %-a,18.636605357240928,Székkutas: 1.7k | ≤19%
Bősárkány,választók,1692,7465410,teljes lakosság %-a,18.659269886047785,Bősárkány: 1.7k | ≤19%
Balatonfenyves,választók,1693,7465410,teljes lakosság %-a,18.681947809966232,Balatonfenyves: 1.7k | ≤19%
Bogyiszló,választók,1698,7465410,teljes lakosság %-a,18.704692709442618,Bogyiszló: 1.7k | ≤19%
Fehérvárcsurgó,választók,1698,7465410,teljes lakosság %-a,18.727437608919,Fehérvárcsurgó: 1.7k | ≤19%
Nyírcsaholy,választók,1699,7465410,teljes lakosság %-a,18.750195903506974,Nyírcsaholy: 1.7k | ≤19%
Pilisszentkereszt,választók,1701,7465410,teljes lakosság %-a,18.77298098831812,Pilisszentkereszt: 1.7k | ≤19%
Badacsonytomaj,választók,1702,7465410,teljes lakosság %-a,18.795779468240863,Badacsonytomaj: 1.7k | ≤19%
Bucsa,választók,1708,7465410,teljes lakosság %-a,18.818658318833126,Bucsa: 1.7k | ≤19%
Jászdózsa,választók,1709,7465410,teljes lakosság %-a,18.841550564536977,Jászdózsa: 1.7k | ≤19%
Töltéstava,választók,1710,7465410,teljes lakosság %-a,18.86445620535242,Töltéstava: 1.7k | ≤19%
Szedres,választók,1711,7465410,teljes lakosság %-a,18.887375241279447,Szedres: 1.7k | ≤19%
Tengelic,választók,1712,7465410,teljes lakosság %-a,18.910307672318062,Tengelic: 1.7k | ≤19%
Győrújfalu,választók,1714,7465410,teljes lakosság %-a,18.933266893579855,Győrújfalu: 1.7k | ≤19%
Mezőzombor,választók,1719,7465410,teljes lakosság %-a,18.95629309039959,Mezőzombor: 1.7k | ≤19%
Tiszakarád,választók,1720,7465410,teljes lakosság %-a,18.97933268233091,Tiszakarád: 1.7k | ≤19%
Ádánd,választók,1721,7465410,teljes lakosság %-a,19.00238566937382,Ádánd: 1.7k | ≤19%
Domony,választók,1721,7465410,teljes lakosság %-a,19.025438656416725,Domony: 1.7k | ≤19%
Szany,választók,1722,7465410,teljes lakosság %-a,19.04850503857122,Szany: 1.7k | ≤19%
Ágfalva,választók,1723,7465410,teljes lakosság %-a,19.07158481583731,Ágfalva: 1.7k | ≤19%
Vácszentlászló,választók,1723,7465410,teljes lakosság %-a,19.094664593103392,Vácszentlászló: 1.7k | ≤19%
Litér,választók,1724,7465410,teljes lakosság %-a,19.117757765481066,Litér: 1.7k | ≤19%
Bokod,választók,1725,7465410,teljes lakosság %-a,19.140864332970324,Bokod: 1.7k | ≤19%
Sárkeresztúr,választók,1725,7465410,teljes lakosság %-a,19.16397090045959,Sárkeresztúr: 1.7k | ≤19%
Pincehely,választók,1726,7465410,teljes lakosság %-a,19.187090863060437,Pincehely: 1.7k | ≤19%
Iszkaszentgyörgy,választók,1730,7465410,teljes lakosság %-a,19.210264406107637,Iszkaszentgyörgy: 1.7k | ≤19%
Balatonszárszó,választók,1733,7465410,teljes lakosság %-a,19.233478134489598,Balatonszárszó: 1.7k | ≤19%
Mocsa,választók,1734,7465410,teljes lakosság %-a,19.25670525798315,Mocsa: 1.7k | ≤19%
Böhönye,választók,1738,7465410,teljes lakosság %-a,19.279985961923053,Böhönye: 1.7k | ≤19%
Monostorpályi,választók,1746,7465410,teljes lakosság %-a,19.303373826755664,Monostorpályi: 1.7k | ≤19%
Ónod,választók,1754,7465410,teljes lakosság %-a,19.326868852480974,Ónod: 1.8k | ≤19%
Bőny,választók,1755,7465410,teljes lakosság %-a,19.350377273317875,Bőny: 1.8k | ≤19%
Nyírkarász,választók,1759,7465410,teljes lakosság %-a,19.373939274601128,Nyírkarász: 1.8k | ≤19%
Lajoskomárom,választók,1760,7465410,teljes lakosság %-a,19.397514670995967,Lajoskomárom: 1.8k | ≤19%
Városföld,választók,1760,7465410,teljes lakosság %-a,19.421090067390807,Városföld: 1.8k | ≤19%
Tiszanána,választók,1762,7465410,teljes lakosság %-a,19.44469225400882,Tiszanána: 1.8k | ≤19%
Kistokaj,választók,1767,7465410,teljes lakosság %-a,19.468361416184777,Kistokaj: 1.8k | ≤19%
Buj,választók,1768,7465410,teljes lakosság %-a,19.49204397347232,Buj: 1.8k | ≤19%
Pázmánd,választók,1775,7465410,teljes lakosság %-a,19.51582029654098,Pázmánd: 1.8k | ≤20%
Okány,választók,1781,7465410,teljes lakosság %-a,19.53967699027917,Okány: 1.8k | ≤20%
Dunaszeg,választók,1782,7465410,teljes lakosság %-a,19.56354707912894,Dunaszeg: 1.8k | ≤20%
Romhány,választók,1782,7465410,teljes lakosság %-a,19.587417167978717,Romhány: 1.8k | ≤20%
Somoskőújfalu,választók,1782,7465410,teljes lakosság %-a,19.611287256828493,Somoskőújfalu: 1.8k | ≤20%
Kimle,választók,1783,7465410,teljes lakosság %-a,19.635170740789857,Kimle: 1.8k | ≤20%
Nagymányok,választók,1783,7465410,teljes lakosság %-a,19.65905422475122,Nagymányok: 1.8k | ≤20%
Szomód,választók,1788,7465410,teljes lakosság %-a,19.68300468427052,Szomód: 1.8k | ≤20%
Boldva,választók,1792,7465410,teljes lakosság %-a,19.70700872423618,Boldva: 1.8k | ≤20%
Fertőrákos,választók,1800,7465410,teljes lakosság %-a,19.731119925094536,Fertőrákos: 1.8k | ≤20%
Villány,választók,1806,7465410,teljes lakosság %-a,19.755311496622422,Villány: 1.8k | ≤20%
Bagamér,választók,1811,7465410,teljes lakosság %-a,19.77957004370825,Bagamér: 1.8k | ≤20%
Prügy,választók,1811,7465410,teljes lakosság %-a,19.803828590794076,Prügy: 1.8k | ≤20%
Nagybaracska,választók,1815,7465410,teljes lakosság %-a,19.828140718326253,Nagybaracska: 1.8k | ≤20%
Mágocs,választók,1816,7465410,teljes lakosság %-a,19.85246624097002,Mágocs: 1.8k | ≤20%
Apagy,választók,1817,7465410,teljes lakosság %-a,19.876805158725375,Apagy: 1.8k | ≤20%
Vonyarcvashegy,választók,1820,7465410,teljes lakosság %-a,19.901184261815494,Vonyarcvashegy: 1.8k | ≤20%
Fülöpszállás,választók,1821,7465410,teljes lakosság %-a,19.9255767600172,Fülöpszállás: 1.8k | ≤20%
Kunfehértó,választók,1822,7465410,teljes lakosság %-a,19.949982653330494,Kunfehértó: 1.8k | ≤20%
Segesd,választók,1823,7465410,teljes lakosság %-a,19.974401941755378,Segesd: 1.8k | ≤20%
Nyárlőrinc,választók,1824,7465410,teljes lakosság %-a,19.998834625291845,Nyárlőrinc: 1.8k | ≤20%
Sáránd,választók,1825,7465410,teljes lakosság %-a,20.023280703939903,Sáránd: 1.8k | ≤20%
Szigetújfalu,választók,1829,7465410,teljes lakosság %-a,20.047780363034313,Szigetújfalu: 1.8k | ≤20%
Zámoly,választók,1831,7465410,teljes lakosság %-a,20.0723068123519,Zámoly: 1.8k | ≤20%
Császártöltés,választók,1834,7465410,teljes lakosság %-a,20.096873447004253,Császártöltés: 1.8k | ≤20%
Tarpa,választók,1839,7465410,teljes lakosság %-a,20.12150705721454,Tarpa: 1.8k | ≤20%
Előszállás,választók,1841,7465410,teljes lakosság %-a,20.146167457648005,Előszállás: 1.8k | ≤20%
Berzence,választók,1842,7465410,teljes lakosság %-a,20.170841253193057,Berzence: 1.8k | ≤20%
Sajószöged,választók,1846,7465410,teljes lakosság %-a,20.195568629184464,Sajószöged: 1.8k | ≤20%
Békéssámson,választók,1850,7465410,teljes lakosság %-a,20.220349585622223,Békéssámson: 1.9k | ≤20%
Tiszaeszlár,választók,1850,7465410,teljes lakosság %-a,20.24513054205998,Tiszaeszlár: 1.9k | ≤20%
Öskü,választók,1853,7465410,teljes lakosság %-a,20.269951683832502,Öskü: 1.9k | ≤20%
Rudabánya,választók,1854,7465410,teljes lakosság %-a,20.294786220716613,Rudabánya: 1.9k | ≤20%
Szank,választók,1854,7465410,teljes lakosság %-a,20.31962075760072,Szank: 1.9k | ≤20%
Gyöngyöstarján,választók,1858,7465410,teljes lakosság %-a,20.344508874931183,Gyöngyöstarján: 1.9k | ≤20%
Káloz,választók,1864,7465410,teljes lakosság %-a,20.36947736293117,Káloz: 1.9k | ≤20%
Zalakaros,választók,1870,7465410,teljes lakosság %-a,20.39452622160069,Zalakaros: 1.9k | ≤20%
Balatonföldvár,választók,1871,7465410,teljes lakosság %-a,20.419588475381794,Balatonföldvár: 1.9k | ≤20%
Pellérd,választók,1871,7465410,teljes lakosság %-a,20.4446507291629,Pellérd: 1.9k | ≤20%
Görbeháza,választók,1878,7465410,teljes lakosság %-a,20.46980674872512,Görbeháza: 1.9k | ≤20%
Tunyogmatolcs,választók,1879,7465410,teljes lakosság %-a,20.494976163398928,Tunyogmatolcs: 1.9k | ≤20%
Arnót,választók,1881,7465410,teljes lakosság %-a,20.520172368295913,Arnót: 1.9k | ≤21%
Pocsaj,választók,1883,7465410,teljes lakosság %-a,20.545395363416073,Pocsaj: 1.9k | ≤21%
Cserkeszőlő,választók,1884,7465410,teljes lakosság %-a,20.570631753647824,Cserkeszőlő: 1.9k | ≤21%
Szászvár,választók,1885,7465410,teljes lakosság %-a,20.595881538991158,Szászvár: 1.9k | ≤21%
Koroncó,választók,1894,7465410,teljes lakosság %-a,20.62125188033879,Koroncó: 1.9k | ≤21%
Megyaszó,választók,1895,7465410,teljes lakosság %-a,20.646635616798008,Megyaszó: 1.9k | ≤21%
Szentistván,választók,1900,7465410,teljes lakosság %-a,20.672086328815162,Szentistván: 1.9k | ≤21%
Mány,választók,1904,7465410,teljes lakosság %-a,20.697590621278668,Mány: 1.9k | ≤21%
Kaposmérő,választók,1907,7465410,teljes lakosság %-a,20.72313509907694,Kaposmérő: 1.9k | ≤21%
Őcsény,választók,1910,7465410,teljes lakosság %-a,20.74871976220998,Őcsény: 1.9k | ≤21%
Beremend,választók,1912,7465410,teljes lakosság %-a,20.774331215566193,Beremend: 1.9k | ≤21%
Kisszállás,választók,1912,7465410,teljes lakosság %-a,20.7999426689224,Kisszállás: 1.9k | ≤21%
Tiszabura,választók,1915,7465410,teljes lakosság %-a,20.82559430761338,Tiszabura: 1.9k | ≤21%
Forró,választók,1922,7465410,teljes lakosság %-a,20.85133971208547,Forró: 1.9k | ≤21%
Báránd,választók,1923,7465410,teljes lakosság %-a,20.87709851166915,Báránd: 1.9k | ≤21%
Szárliget,választók,1925,7465410,teljes lakosság %-a,20.90288410147601,Szárliget: 1.9k | ≤21%
Tiszakeszi,választók,1925,7465410,teljes lakosság %-a,20.928669691282863,Tiszakeszi: 1.9k | ≤21%
Tornyospálca,választók,1927,7465410,teljes lakosság %-a,20.954482071312892,Tornyospálca: 1.9k | ≤21%
Gyöngyöspata,választók,1934,7465410,teljes lakosság %-a,20.980388217124045,Gyöngyöspata: 1.9k | ≤21%
Köröstarcsa,választók,1934,7465410,teljes lakosság %-a,21.00629436293519,Köröstarcsa: 1.9k | ≤21%
Kadarkút,választók,1935,7465410,teljes lakosság %-a,21.032213903857926,Kadarkút: 1.9k | ≤21%
Herceghalom,választók,1936,7465410,teljes lakosság %-a,21.05814683989225,Herceghalom: 1.9k | ≤21%
Naszály,választók,1936,7465410,teljes lakosság %-a,21.084079775926572,Naszály: 1.9k | ≤21%
Jánoshida,választók,1937,7465410,teljes lakosság %-a,21.110026107072486,Jánoshida: 1.9k | ≤21%
Biharnagybajom,választók,1938,7465410,teljes lakosság %-a,21.135985833329983,Biharnagybajom: 1.9k | ≤21%
Porcsalma,választók,1939,7465410,teljes lakosság %-a,21.161958954699074,Porcsalma: 1.9k | ≤21%
Apc,választók,1942,7465410,teljes lakosság %-a,21.187972261402923,Apc: 1.9k | ≤21%
Nagycenk,választók,1942,7465410,teljes lakosság %-a,21.213985568106775,Nagycenk: 1.9k | ≤21%
Fényeslitke,választók,1944,7465410,teljes lakosság %-a,21.2400256650338,Fényeslitke: 1.9k | ≤21%
Kismaros,választók,1955,7465410,teljes lakosság %-a,21.266213108188296,Kismaros: 2k | ≤21%
Valkó,választók,1955,7465410,teljes lakosság %-a,21.292400551342794,Valkó: 2k | ≤21%
Vámosszabadi,választók,1955,7465410,teljes lakosság %-a,21.31858799449729,Vámosszabadi: 2k | ≤21%
Kisláng,választók,1962,7465410,teljes lakosság %-a,21.344869203432896,Kisláng: 2k | ≤21%
Jánosháza,választók,1965,7465410,teljes lakosság %-a,21.371190597703276,Jánosháza: 2k | ≤21%
Bekecs,választók,1969,7465410,teljes lakosság %-a,21.397565572420003,Bekecs: 2k | ≤21%
Maklár,választók,1971,7465410,teljes lakosság %-a,21.423967337359905,Maklár: 2k | ≤21%
Úrhida,választók,1971,7465410,teljes lakosság %-a,21.450369102299806,Úrhida: 2k | ≤21%
Pusztavám,választók,1972,7465410,teljes lakosság %-a,21.4767842623513,Pusztavám: 2k | ≤21%
Ruzsa,választók,1972,7465410,teljes lakosság %-a,21.503199422402787,Ruzsa: 2k | ≤22%
Dunaszentgyörgy,választók,1973,7465410,teljes lakosság %-a,21.52962797756587,Dunaszentgyörgy: 2k | ≤22%
Szigetszentmárton,választók,1977,7465410,teljes lakosság %-a,21.556110113175297,Szigetszentmárton: 2k | ≤22%
Iregszemcse,választók,1984,7465410,teljes lakosság %-a,21.582686014565844,Iregszemcse: 2k | ≤22%
Lánycsók,választók,1988,7465410,teljes lakosság %-a,21.609315496402743,Lánycsók: 2k | ≤22%
Jászszentlászló,választók,1989,7465410,teljes lakosság %-a,21.63595837335123,Jászszentlászló: 2k | ≤22%
Kosd,választók,1989,7465410,teljes lakosság %-a,21.662601250299716,Kosd: 2k | ≤22%
Csanádapáca,választók,1994,7465410,teljes lakosság %-a,21.68931110280614,Csanádapáca: 2k | ≤22%
Karancslapujtő,választók,1994,7465410,teljes lakosság %-a,21.71602095531257,Karancslapujtő: 2k | ≤22%
Kelebia,választók,1994,7465410,teljes lakosság %-a,21.742730807818994,Kelebia: 2k | ≤22%
Zalakomár,választók,1996,7465410,teljes lakosság %-a,21.769467450548596,Zalakomár: 2k | ≤22%
Jászszentandrás,választók,2001,7465410,teljes lakosság %-a,21.79627106883614,Jászszentandrás: 2k | ≤22%
Tiszadob,választók,2005,7465410,teljes lakosság %-a,21.823128267570034,Tiszadob: 2k | ≤22%
Táplánszentkereszt,választók,2006,7465410,teljes lakosság %-a,21.849998861415514,Táplánszentkereszt: 2k | ≤22%
Gesztely,választók,2010,7465410,teljes lakosság %-a,21.87692303570735,Gesztely: 2k | ≤22%
Ófehértó,választók,2020,7465410,teljes lakosság %-a,21.903981161115063,Ófehértó: 2k | ≤22%
Mosonszentmiklós,választók,2021,7465410,teljes lakosság %-a,21.931052681634363,Mosonszentmiklós: 2k | ≤22%
Nyírbéltek,választók,2021,7465410,teljes lakosság %-a,21.958124202153666,Nyírbéltek: 2k | ≤22%
Nagydorog,választók,2022,7465410,teljes lakosság %-a,21.985209117784553,Nagydorog: 2k | ≤22%
Cece,választók,2025,7465410,teljes lakosság %-a,22.01233421875021,Cece: 2k | ≤22%
Bőcs,választók,2028,7465410,teljes lakosság %-a,22.039499505050628,Bőcs: 2k | ≤22%
Pér,választók,2031,7465410,teljes lakosság %-a,22.06670497668581,Pér: 2k | ≤22%
Ják,választók,2033,7465410,teljes lakosság %-a,22.093937238544164,Ják: 2k | ≤22%
Piliscsév,választók,2034,7465410,teljes lakosság %-a,22.12118289551411,Piliscsév: 2k | ≤22%
Kunágota,választók,2037,7465410,teljes lakosság %-a,22.14846873781882,Kunágota: 2k | ≤22%
Jászkarajenő,választók,2042,7465410,teljes lakosság %-a,22.17582155568147,Jászkarajenő: 2k | ≤22%
Zamárdi,választók,2046,7465410,teljes lakosság %-a,22.20322795399047,Zamárdi: 2k | ≤22%
Péteri,választók,2047,7465410,teljes lakosság %-a,22.23064774741106,Péteri: 2k | ≤22%
Abasár,választók,2051,7465410,teljes lakosság %-a,22.258121121278002,Abasár: 2.1k | ≤22%
Vál,választók,2051,7465410,teljes lakosság %-a,22.28559449514494,Vál: 2.1k | ≤22%
Sajóbábony,választók,2052,7465410,teljes lakosság %-a,22.313081264123472,Sajóbábony: 2.1k | ≤22%
Szabadkígyós,választók,2053,7465410,teljes lakosság %-a,22.34058142821359,Szabadkígyós: 2.1k | ≤22%
Répcelak,választók,2065,7465410,teljes lakosság %-a,22.36824233364276,Répcelak: 2.1k | ≤22%
Besenyőtelek,választók,2066,7465410,teljes lakosság %-a,22.39591663418352,Besenyőtelek: 2.1k | ≤22%
Úri,választók,2068,7465410,teljes lakosság %-a,22.42361772494746,Úri: 2.1k | ≤22%
Nyírlugos,választók,2070,7465410,teljes lakosság %-a,22.45134560593457,Nyírlugos: 2.1k | ≤22%
Beled,választók,2072,7465410,teljes lakosság %-a,22.47910027714486,Beled: 2.1k | ≤22%
Petőfibánya,választók,2073,7465410,teljes lakosság %-a,22.506868343466735,Petőfibánya: 2.1k | ≤23%
Szakoly,választók,2076,7465410,teljes lakosság %-a,22.534676595123376,Szakoly: 2.1k | ≤23%
Gyöngyöshalász,választók,2080,7465410,teljes lakosság %-a,22.562538427226368,Gyöngyöshalász: 2.1k | ≤23%
Gencsapáti,választók,2084,7465410,teljes lakosság %-a,22.590453839775712,Gencsapáti: 2.1k | ≤23%
Szob,választók,2086,7465410,teljes lakosság %-a,22.618396042548234,Szob: 2.1k | ≤23%
Zsámbok,választók,2088,7465410,teljes lakosság %-a,22.646365035543926,Zsámbok: 2.1k | ≤23%
Kisköre,választók,2089,7465410,teljes lakosság %-a,22.674347423651213,Kisköre: 2.1k | ≤23%
Bácsbokod,választók,2091,7465410,teljes lakosság %-a,22.702356601981673,Bácsbokod: 2.1k | ≤23%
Csanytelek,választók,2094,7465410,teljes lakosság %-a,22.730405965646895,Csanytelek: 2.1k | ≤23%
Nyírmeggyes,választók,2095,7465410,teljes lakosság %-a,22.758468724423707,Nyírmeggyes: 2.1k | ≤23%
Kocs,választók,2100,7465410,teljes lakosság %-a,22.786598458758462,Kocs: 2.1k | ≤23%
Galgahévíz,választók,2108,7465410,teljes lakosság %-a,22.814835353985917,Galgahévíz: 2.1k | ≤23%
Bölcske,választók,2119,7465410,teljes lakosság %-a,22.84321959544084,Bölcske: 2.1k | ≤23%
Rábapatona,választók,2121,7465410,teljes lakosság %-a,22.87163062711894,Rábapatona: 2.1k | ≤23%
Tarján,választók,2123,7465410,teljes lakosság %-a,22.900068449020214,Tarján: 2.1k | ≤23%
Újszilvás,választók,2127,7465410,teljes lakosság %-a,22.92855985136784,Újszilvás: 2.1k | ≤23%
Jakabszállás,választók,2128,7465410,teljes lakosság %-a,22.957064648827057,Jakabszállás: 2.1k | ≤23%
Rétság,választók,2128,7465410,teljes lakosság %-a,22.985569446286274,Rétság: 2.1k | ≤23%
Sajókaza,választók,2132,7465410,teljes lakosság %-a,23.014127824191842,Sajókaza: 2.1k | ≤23%
Adács,választók,2134,7465410,teljes lakosság %-a,23.04271299232058,Adács: 2.1k | ≤23%
Balatonkenese,választók,2136,7465410,teljes lakosság %-a,23.0713249506725,Balatonkenese: 2.1k | ≤23%
Bugac,választók,2138,7465410,teljes lakosság %-a,23.099963699247596,Bugac: 2.1k | ≤23%
Hőgyész,választók,2142,7465410,teljes lakosság %-a,23.12865602826904,Hőgyész: 2.1k | ≤23%
Sellye,választók,2143,7465410,teljes lakosság %-a,23.15736175240208,Sellye: 2.1k | ≤23%
Lovasberény,választók,2145,7465410,teljes lakosság %-a,23.18609426675829,Lovasberény: 2.1k | ≤23%
Pilisszántó,választók,2146,7465410,teljes lakosság %-a,23.214840176226087,Pilisszántó: 2.1k | ≤23%
Kóny,választók,2148,7465410,teljes lakosság %-a,23.243612875917062,Kóny: 2.1k | ≤23%
Poroszló,választók,2148,7465410,teljes lakosság %-a,23.272385575608038,Poroszló: 2.1k | ≤23%
Harka,választók,2149,7465410,teljes lakosság %-a,23.3011716704106,Harka: 2.1k | ≤23%
Andornaktálya,választók,2151,7465410,teljes lakosság %-a,23.32998455543634,Andornaktálya: 2.2k | ≤23%
Szigetcsép,választók,2153,7465410,teljes lakosság %-a,23.358824230685254,Szigetcsép: 2.2k | ≤23%
Kesztölc,választók,2155,7465410,teljes lakosság %-a,23.387690696157346,Kesztölc: 2.2k | ≤23%
Pócsmegyer,választók,2157,7465410,teljes lakosság %-a,23.41658395185261,Pócsmegyer: 2.2k | ≤23%
Recsk,választók,2159,7465410,teljes lakosság %-a,23.445503997771052,Recsk: 2.2k | ≤23%
Ópályi,választók,2160,7465410,teljes lakosság %-a,23.474437438801086,Ópályi: 2.2k | ≤23%
Szentgál,választók,2162,7465410,teljes lakosság %-a,23.50339767005429,Szentgál: 2.2k | ≤24%
Tarcal,választók,2162,7465410,teljes lakosság %-a,23.532357901307495,Tarcal: 2.2k | ≤24%
Bélapátfalva,választók,2197,7465410,teljes lakosság %-a,23.561786961466282,Bélapátfalva: 2.2k | ≤24%
Dánszentmiklós,választók,2203,7465410,teljes lakosság %-a,23.5912963922946,Dánszentmiklós: 2.2k | ≤24%
Csanádpalota,választók,2220,7465410,teljes lakosság %-a,23.621033540019905,Csanádpalota: 2.2k | ≤24%
Újhartyán,választók,2220,7465410,teljes lakosság %-a,23.650770687745215,Újhartyán: 2.2k | ≤24%
Tápióság,választók,2222,7465410,teljes lakosság %-a,23.6805346256937,Tápióság: 2.2k | ≤24%
Sárisáp,választók,2229,7465410,teljes lakosság %-a,23.7103923294233,Sárisáp: 2.2k | ≤24%
Iváncsa,választók,2232,7465410,teljes lakosság %-a,23.740290218487665,Iváncsa: 2.2k | ≤24%
Tass,választók,2233,7465410,teljes lakosság %-a,23.770201502663618,Tass: 2.2k | ≤24%
Madaras,választók,2238,7465410,teljes lakosság %-a,23.800179762397512,Madaras: 2.2k | ≤24%
Nyírbogdány,választók,2239,7465410,teljes lakosság %-a,23.83017141724299,Nyírbogdány: 2.2k | ≤24%
Múcsony,választók,2242,7465410,teljes lakosság %-a,23.860203257423233,Múcsony: 2.2k | ≤24%
Cigánd,választók,2244,7465410,teljes lakosság %-a,23.890261887826654,Cigánd: 2.2k | ≤24%
Pátroha,választók,2244,7465410,teljes lakosság %-a,23.920320518230078,Pátroha: 2.2k | ≤24%
Kocsord,választók,2247,7465410,teljes lakosság %-a,23.950419333968263,Kocsord: 2.2k | ≤24%
Baj,választók,2252,7465410,teljes lakosság %-a,23.980585125264387,Baj: 2.3k | ≤24%
Sajólád,választók,2252,7465410,teljes lakosság %-a,24.01075091656051,Sajólád: 2.3k | ≤24%
Zákányszék,választók,2252,7465410,teljes lakosság %-a,24.040916707856635,Zákányszék: 2.3k | ≤24%
Nagymágocs,választók,2253,7465410,teljes lakosság %-a,24.071095894264346,Nagymágocs: 2.3k | ≤24%
Ostoros,választók,2256,7465410,teljes lakosság %-a,24.10131526600682,Ostoros: 2.3k | ≤24%
Tokodaltáró,választók,2256,7465410,teljes lakosság %-a,24.1315346377493,Tokodaltáró: 2.3k | ≤24%
Zalalövő,választók,2257,7465410,teljes lakosság %-a,24.161767404603367,Zalalövő: 2.3k | ≤24%
Abaújszántó,választók,2258,7465410,teljes lakosság %-a,24.192013566569017,Abaújszántó: 2.3k | ≤24%
Baracska,választók,2258,7465410,teljes lakosság %-a,24.222259728534667,Baracska: 2.3k | ≤24%
Érsekcsanád,választók,2266,7465410,teljes lakosság %-a,24.252613051393023,Érsekcsanád: 2.3k | ≤24%
Sárrétudvari,választók,2272,7465410,teljes lakosság %-a,24.28304674492091,Sárrétudvari: 2.3k | ≤24%
Diósjenő,választók,2274,7465410,teljes lakosság %-a,24.31350722867197,Diósjenő: 2.3k | ≤24%
Lengyeltóti,választók,2278,7465410,teljes lakosság %-a,24.34402129286938,Lengyeltóti: 2.3k | ≤24%
Szigetmonostor,választók,2279,7465410,teljes lakosság %-a,24.37454875217838,Szigetmonostor: 2.3k | ≤24%
Jászjákóhalma,választók,2282,7465410,teljes lakosság %-a,24.405116396822145,Jászjákóhalma: 2.3k | ≤24%
Hajdúszovát,választók,2283,7465410,teljes lakosság %-a,24.435697436577495,Hajdúszovát: 2.3k | ≤24%
Borsodnádasd,választók,2289,7465410,teljes lakosság %-a,24.466358847002375,Borsodnádasd: 2.3k | ≤24%
Nagyhegyes,választók,2299,7465410,teljes lakosság %-a,24.497154208543133,Nagyhegyes: 2.3k | ≤24%
Levelek,választók,2302,7465410,teljes lakosság %-a,24.52798975541866,Levelek: 2.3k | ≤25%
Csabrendek,választók,2306,7465410,teljes lakosság %-a,24.55887888274053,Csabrendek: 2.3k | ≤25%
Szalkszentmárton,választók,2306,7465410,teljes lakosság %-a,24.589768010062407,Szalkszentmárton: 2.3k | ≤25%
Nagyigmánd,választók,2314,7465410,teljes lakosság %-a,24.62076429827699,Nagyigmánd: 2.3k | ≤25%
Hajós,választók,2316,7465410,teljes lakosság %-a,24.651787376714744,Hajós: 2.3k | ≤25%
Karácsond,választók,2325,7465410,teljes lakosság %-a,24.68293101115679,Karácsond: 2.3k | ≤25%
Balatonszabadi,választók,2327,7465410,teljes lakosság %-a,24.714101435822013,Balatonszabadi: 2.3k | ≤25%
Apátfalva,választók,2328,7465410,teljes lakosság %-a,24.745285255598823,Apátfalva: 2.3k | ≤25%
Nemesvámos,választók,2335,7465410,teljes lakosság %-a,24.77656284115675,Nemesvámos: 2.3k | ≤25%
Kakucs,választók,2342,7465410,teljes lakosság %-a,24.80793419249579,Kakucs: 2.3k | ≤25%
Hodász,választók,2343,7465410,teljes lakosság %-a,24.83931893894642,Hodász: 2.3k | ≤25%
Boldog,választók,2353,7465410,teljes lakosság %-a,24.87083763651293,Boldog: 2.4k | ≤25%
Cserszegtomaj,választók,2358,7465410,teljes lakosság %-a,24.90242330963738,Cserszegtomaj: 2.4k | ≤25%
Zsombó,választók,2359,7465410,teljes lakosság %-a,24.93402237787342,Zsombó: 2.4k | ≤25%
Tápiószőlős,választók,2369,7465410,teljes lakosság %-a,24.965755397225337,Tápiószőlős: 2.4k | ≤25%
Bököny,választók,2373,7465410,teljes lakosság %-a,24.997541997023607,Bököny: 2.4k | ≤25%
Dusnok,választók,2380,7465410,teljes lakosság %-a,25.029422362602993,Dusnok: 2.4k | ≤25%
Hajmáskér,választók,2399,7465410,teljes lakosság %-a,25.06155723530255,Hajmáskér: 2.4k | ≤25%
Tuzsér,választók,2399,7465410,teljes lakosság %-a,25.09369210800211,Tuzsér: 2.4k | ≤25%
Öttevény,választók,2400,7465410,teljes lakosság %-a,25.12584037581325,Öttevény: 2.4k | ≤25%
Gyöngyössolymos,választók,2404,7465410,teljes lakosság %-a,25.158042224070748,Gyöngyössolymos: 2.4k | ≤25%
Öcsöd,választók,2406,7465410,teljes lakosság %-a,25.190270862551422,Öcsöd: 2.4k | ≤25%
Nyírbogát,választók,2409,7465410,teljes lakosság %-a,25.222539686366858,Nyírbogát: 2.4k | ≤25%
Sásd,választók,2432,7465410,teljes lakosság %-a,25.255116597748817,Sásd: 2.4k | ≤25%
Nagybajom,választók,2436,7465410,teljes lakosság %-a,25.287747089577127,Nagybajom: 2.4k | ≤25%
Földeák,választók,2452,7465410,teljes lakosság %-a,25.32059190319085,Földeák: 2.5k | ≤25%
Bakonycsernye,választók,2462,7465410,teljes lakosság %-a,25.35357066792045,Bakonycsernye: 2.5k | ≤25%
Sződ,választók,2464,7465410,teljes lakosság %-a,25.386576222873224,Sződ: 2.5k | ≤25%
Sárszentmihály,választók,2467,7465410,teljes lakosság %-a,25.419621963160765,Sárszentmihály: 2.5k | ≤25%
Lepsény,választók,2468,7465410,teljes lakosság %-a,25.452681098559893,Lepsény: 2.5k | ≤25%
Erdőtelek,választók,2483,7465410,teljes lakosság %-a,25.48594116063284,Erdőtelek: 2.5k | ≤25%
Gomba,választók,2501,7465410,teljes lakosság %-a,25.51944233471437,Gomba: 2.5k | ≤26%
Lébény,választók,2513,7465410,teljes lakosság %-a,25.553104250134957,Lébény: 2.5k | ≤26%
Csepreg,választók,2530,7465410,teljes lakosság %-a,25.586993882452536,Csepreg: 2.5k | ≤26%
Halászi,választók,2536,7465410,teljes lakosság %-a,25.620963885439647,Halászi: 2.5k | ≤26%
Arló,választók,2537,7465410,teljes lakosság %-a,25.65494728353834,Arló: 2.5k | ≤26%
Üllés,választók,2544,7465410,teljes lakosság %-a,25.689024447418156,Üllés: 2.5k | ≤26%
Dunabogdány,választók,2553,7465410,teljes lakosság %-a,25.72322216730226,Dunabogdány: 2.6k | ≤26%
Gávavencsellő,választók,2555,7465410,teljes lakosság %-a,25.757446677409547,Gávavencsellő: 2.6k | ≤26%
Gönyű,választók,2561,7465410,teljes lakosság %-a,25.791751558186355,Gönyű: 2.6k | ≤26%
Sárosd,választók,2566,7465410,teljes lakosság %-a,25.826123414521106,Sárosd: 2.6k | ≤26%
Csolnok,választók,2579,7465410,teljes lakosság %-a,25.860669407306496,Csolnok: 2.6k | ≤26%
Fertőd,választók,2588,7465410,teljes lakosság %-a,25.895335956096183,Fertőd: 2.6k | ≤26%
Abda,választók,2594,7465410,teljes lakosság %-a,25.930082875555392,Abda: 2.6k | ≤26%
Ecséd,választók,2596,7465410,teljes lakosság %-a,25.964856585237783,Ecséd: 2.6k | ≤26%
Dunapataj,választók,2599,7465410,teljes lakosság %-a,25.999670480254938,Dunapataj: 2.6k | ≤26%
Bordány,választók,2602,7465410,teljes lakosság %-a,26.034524560606854,Bordány: 2.6k | ≤26%
Orgovány,választók,2615,7465410,teljes lakosság %-a,26.06955277740941,Orgovány: 2.6k | ≤26%
Besenyszög,választók,2618,7465410,teljes lakosság %-a,26.10462117954674,Besenyszög: 2.6k | ≤26%
Hévízgyörk,választók,2621,7465410,teljes lakosság %-a,26.139729767018828,Hévízgyörk: 2.6k | ≤26%
Nagyréde,választók,2623,7465410,teljes lakosság %-a,26.174865144714087,Nagyréde: 2.6k | ≤26%
Akasztó,választók,2627,7465410,teljes lakosság %-a,26.210054102855707,Akasztó: 2.6k | ≤26%
Győrzámoly,választók,2645,7465410,teljes lakosság %-a,26.245484173005902,Győrzámoly: 2.6k | ≤26%
Vép,választók,2657,7465410,teljes lakosság %-a,26.281074984495156,Vép: 2.7k | ≤26%
Balástya,választók,2662,7465410,teljes lakosság %-a,26.316732771542355,Balástya: 2.7k | ≤26%
Vaskút,választók,2664,7465410,teljes lakosság %-a,26.352417348812722,Vaskút: 2.7k | ≤26%
Baktalórántháza,választók,2667,7465410,teljes lakosság %-a,26.38814211141786,Baktalórántháza: 2.7k | ≤26%
Kál,választók,2669,7465410,teljes lakosság %-a,26.42389366424617,Kál: 2.7k | ≤26%
Bük,választók,2672,7465410,teljes lakosság %-a,26.459685402409246,Bük: 2.7k | ≤26%
Hegyeshalom,választók,2681,7465410,teljes lakosság %-a,26.49559769657661,Hegyeshalom: 2.7k | ≤26%
Taktaharkány,választók,2689,7465410,teljes lakosság %-a,26.531617151636684,Taktaharkány: 2.7k | ≤27%
Hernádnémeti,választók,2694,7465410,teljes lakosság %-a,26.567703582254694,Hernádnémeti: 2.7k | ≤27%
Hosszúhetény,választók,2694,7465410,teljes lakosság %-a,26.603790012872704,Hosszúhetény: 2.7k | ≤27%
Pannonhalma,választók,2701,7465410,teljes lakosság %-a,26.63997020927183,Pannonhalma: 2.7k | ≤27%
Bábolna,választók,2709,7465410,teljes lakosság %-a,26.67625756656366,Bábolna: 2.7k | ≤27%
Harta,választók,2709,7465410,teljes lakosság %-a,26.712544923855486,Harta: 2.7k | ≤27%
Tápiógyörgye,választók,2712,7465410,teljes lakosság %-a,26.748872466482084,Tápiógyörgye: 2.7k | ≤27%
Csobánka,választók,2722,7465410,teljes lakosság %-a,26.785333960224555,Csobánka: 2.7k | ≤27%
Bóly,választók,2728,7465410,teljes lakosság %-a,26.82187582463656,Bóly: 2.7k | ≤27%
Győrszemere,választók,2728,7465410,teljes lakosság %-a,26.858417689048558,Győrszemere: 2.7k | ≤27%
Medgyesegyháza,választók,2734,7465410,teljes lakosság %-a,26.89503992413009,Medgyesegyháza: 2.7k | ≤27%
Vaja,választók,2739,7465410,teljes lakosság %-a,26.931729134769554,Vaja: 2.7k | ≤27%
Kengyel,választók,2740,7465410,teljes lakosság %-a,26.968431740520614,Kengyel: 2.7k | ≤27%
Vértesszőlős,választók,2744,7465410,teljes lakosság %-a,27.005187926718023,Vértesszőlős: 2.7k | ≤27%
Jászalsószentgyörgy,választók,2745,7465410,teljes lakosság %-a,27.04195750802702,Jászalsószentgyörgy: 2.7k | ≤27%
Kulcs,választók,2749,7465410,teljes lakosság %-a,27.078780669782372,Kulcs: 2.7k | ≤27%
Táborfalva,választók,2752,7465410,teljes lakosság %-a,27.11564401687248,Táborfalva: 2.8k | ≤27%
Felsőtárkány,választók,2766,7465410,teljes lakosság %-a,27.152694895524824,Felsőtárkány: 2.8k | ≤27%
Herend,választók,2770,7465410,teljes lakosság %-a,27.189799354623524,Herend: 2.8k | ≤27%
Pákozd,választók,2782,7465410,teljes lakosság %-a,27.227064555061276,Pákozd: 2.8k | ≤27%
Tápióbicske,választók,2782,7465410,teljes lakosság %-a,27.264329755499027,Tápióbicske: 2.8k | ≤27%
Ráckeresztúr,választók,2788,7465410,teljes lakosság %-a,27.301675326606308,Ráckeresztúr: 2.8k | ≤27%
Érsekvadkert,választók,2801,7465410,teljes lakosság %-a,27.33919503416423,Érsekvadkert: 2.8k | ≤27%
Zagyvarékas,választók,2810,7465410,teljes lakosság %-a,27.376835297726448,Zagyvarékas: 2.8k | ≤27%
Kétegyháza,választók,2812,7465410,teljes lakosság %-a,27.41450235151184,Kétegyháza: 2.8k | ≤27%
Sóskút,választók,2820,7465410,teljes lakosság %-a,27.452276566189937,Sóskút: 2.8k | ≤27%
Farmos,választók,2824,7465410,teljes lakosság %-a,27.490104361314383,Farmos: 2.8k | ≤27%
Gádoros,választók,2826,7465410,teljes lakosság %-a,27.527958946662007,Gádoros: 2.8k | ≤28%
Szendrő,választók,2844,7465410,teljes lakosság %-a,27.566054644018212,Szendrő: 2.8k | ≤28%
Mezőkeresztes,választók,2863,7465410,teljes lakosság %-a,27.60440484849459,Mezőkeresztes: 2.9k | ≤28%
Sükösd,választók,2878,7465410,teljes lakosság %-a,27.64295597964479,Sükösd: 2.9k | ≤28%
Ajak,választók,2883,7465410,teljes lakosság %-a,27.681574086352928,Ajak: 2.9k | ≤28%
Dombrád,választók,2889,7465410,teljes lakosság %-a,27.720272563730592,Dombrád: 2.9k | ≤28%
Kállósemjén,választók,2905,7465410,teljes lakosság %-a,27.759185362893668,Kállósemjén: 2.9k | ≤28%
Röszke,választók,2906,7465410,teljes lakosság %-a,27.798111557168326,Röszke: 2.9k | ≤28%
Verpelét,választók,2906,7465410,teljes lakosság %-a,27.83703775144299,Verpelét: 2.9k | ≤28%
Baracs,választók,2909,7465410,teljes lakosság %-a,27.87600413105241,Baracs: 2.9k | ≤28%
Békésszentandrás,választók,2909,7465410,teljes lakosság %-a,27.914970510661842,Békésszentandrás: 2.9k | ≤28%
Felsőpakony,választók,2925,7465410,teljes lakosság %-a,27.954151212056672,Felsőpakony: 2.9k | ≤28%
Tokaj,választók,2939,7465410,teljes lakosság %-a,27.99351944501374,Tokaj: 2.9k | ≤28%
Gyenesdiás,választók,2977,7465410,teljes lakosság %-a,28.03339669221114,Gyenesdiás: 3k | ≤28%
Nyírpazony,választók,2977,7465410,teljes lakosság %-a,28.07327393940855,Nyírpazony: 3k | ≤28%
Nyíracsád,választók,2978,7465410,teljes lakosság %-a,28.113164581717548,Nyíracsád: 3k | ≤28%
Nyírábrány,választók,2986,7465410,teljes lakosság %-a,28.15316238491925,Nyírábrány: 3k | ≤28%
Verőce,választók,2992,7465410,teljes lakosság %-a,28.193240558790478,Verőce: 3k | ≤28%
Bocskaikert,választók,2995,7465410,teljes lakosság %-a,28.233358917996465,Bocskaikert: 3k | ≤28%
Bag,választók,2997,7465410,teljes lakosság %-a,28.27350406742563,Bag: 3k | ≤28%
Cibakháza,választók,2999,7465410,teljes lakosság %-a,28.313676007077976,Cibakháza: 3k | ≤28%
Hort,választók,3002,7465410,teljes lakosság %-a,28.353888132065087,Hort: 3k | ≤28%
Leányfalu,választók,3037,7465410,teljes lakosság %-a,28.394569085957773,Leányfalu: 3k | ≤28%
Napkor,választók,3039,7465410,teljes lakosság %-a,28.43527683007363,Napkor: 3k | ≤28%
Dunavecse,választók,3044,7465410,teljes lakosság %-a,28.47605154974743,Dunavecse: 3k | ≤28%
Ballószög,választók,3047,7465410,teljes lakosság %-a,28.516866454756002,Ballószög: 3k | ≤29%
Nyáregyháza,választók,3051,7465410,teljes lakosság %-a,28.55773494021092,Nyáregyháza: 3.1k | ≤29%
Telki,választók,3053,7465410,teljes lakosság %-a,28.598630215889013,Telki: 3.1k | ≤29%
Fertőszentmiklós,választók,3056,7465410,teljes lakosság %-a,28.639565676901874,Fertőszentmiklós: 3.1k | ≤29%
Deszk,választók,3063,7465410,teljes lakosság %-a,28.680594903695845,Deszk: 3.1k | ≤29%
Kiszombor,választók,3071,7465410,teljes lakosság %-a,28.721731291382525,Kiszombor: 3.1k | ≤29%
Mándok,választók,3079,7465410,teljes lakosság %-a,28.762974839961903,Mándok: 3.1k | ≤29%
Simontornya,választók,3085,7465410,teljes lakosság %-a,28.804298759210813,Simontornya: 3.1k | ≤29%
Tóalmás,választók,3087,7465410,teljes lakosság %-a,28.8456494686829,Tóalmás: 3.1k | ≤29%
Szajol,választók,3098,7465410,teljes lakosság %-a,28.88714752438245,Szajol: 3.1k | ≤29%
Pilisborosjenő,választók,3105,7465410,teljes lakosság %-a,28.928739345863118,Pilisborosjenő: 3.1k | ≤29%
Ásotthalom,választók,3109,7465410,teljes lakosság %-a,28.97038474779014,Ásotthalom: 3.1k | ≤29%
Bodajk,választók,3129,7465410,teljes lakosság %-a,29.01229805194892,Bodajk: 3.1k | ≤29%
Decs,választók,3131,7465410,teljes lakosság %-a,29.05423814633088,Decs: 3.1k | ≤29%
Perkáta,választók,3142,7465410,teljes lakosság %-a,29.096325586940303,Perkáta: 3.1k | ≤29%
Kápolnásnyék,választók,3149,7465410,teljes lakosság %-a,29.138506793330844,Kápolnásnyék: 3.1k | ≤29%
Pécsvárad,választók,3183,7465410,teljes lakosság %-a,29.181143433515373,Pécsvárad: 3.2k | ≤29%
Tét,választók,3186,7465410,teljes lakosság %-a,29.223820259034667,Tét: 3.2k | ≤29%
Ecser,választók,3198,7465410,teljes lakosság %-a,29.266657825893017,Ecser: 3.2k | ≤29%
Földes,választók,3198,7465410,teljes lakosság %-a,29.309495392751366,Földes: 3.2k | ≤29%
Letenye,választók,3223,7465410,teljes lakosság %-a,29.35266783739942,Letenye: 3.2k | ≤29%
Fadd,választók,3234,7465410,teljes lakosság %-a,29.395987628274938,Fadd: 3.2k | ≤29%
Adony,választók,3242,7465410,teljes lakosság %-a,29.43941458004316,Adony: 3.2k | ≤29%
Abádszalók,választók,3254,7465410,teljes lakosság %-a,29.48300227315044,Abádszalók: 3.3k | ≤29%
Demecser,választók,3256,7465410,teljes lakosság %-a,29.526616756480887,Demecser: 3.3k | ≤30%
Vasvár,választók,3264,7465410,teljes lakosság %-a,29.57033840070405,Vasvár: 3.3k | ≤30%
Hernád,választók,3296,7465410,teljes lakosság %-a,29.61448868849802,Hernád: 3.3k | ≤30%
Nagyvenyim,választók,3311,7465410,teljes lakosság %-a,29.658839902965813,Nagyvenyim: 3.3k | ≤30%
Tab,választók,3326,7465410,teljes lakosság %-a,29.703392044107424,Tab: 3.3k | ≤30%
Mende,választók,3332,7465410,teljes lakosság %-a,29.748024555918562,Mende: 3.3k | ≤30%
Doboz,választók,3333,7465410,teljes lakosság %-a,29.792670462841293,Doboz: 3.3k | ≤30%
Tokod,választók,3350,7465410,teljes lakosság %-a,29.837544086661016,Tokod: 3.4k | ≤30%
Kenderes,választók,3352,7465410,teljes lakosság %-a,29.882444500703915,Kenderes: 3.4k | ≤30%
Törtel,választók,3358,7465410,teljes lakosság %-a,29.92742528541634,Törtel: 3.4k | ≤30%
Körösladány,választók,3363,7465410,teljes lakosság %-a,29.97247304568671,Körösladány: 3.4k | ≤30%
Záhony,választók,3368,7465410,teljes lakosság %-a,30.017587781515015,Záhony: 3.4k | ≤30%
Mályi,választók,3379,7465410,teljes lakosság %-a,30.06284986357079,Mályi: 3.4k | ≤30%
Csemő,választók,3394,7465410,teljes lakosság %-a,30.10831287230038,Csemő: 3.4k | ≤30%
Etyek,választók,3415,7465410,teljes lakosság %-a,30.15405717837332,Etyek: 3.4k | ≤30%
Pilisszentiván,választók,3418,7465410,teljes lakosság %-a,30.19984166978103,Pilisszentiván: 3.4k | ≤30%
Szirmabesenyő,választók,3445,7465410,teljes lakosság %-a,30.24598782920161,Szirmabesenyő: 3.4k | ≤30%
Szegvár,választók,3448,7465410,teljes lakosság %-a,30.292174173956955,Szegvár: 3.4k | ≤30%
Devecser,választók,3452,7465410,teljes lakosság %-a,30.33841409915865,Devecser: 3.5k | ≤30%
Ceglédbercel,választók,3538,7465410,teljes lakosság %-a,30.385806003956915,Ceglédbercel: 3.5k | ≤30%
Dány,választók,3541,7465410,teljes lakosság %-a,30.433238094089944,Dány: 3.5k | ≤30%
Elek,választók,3545,7465410,teljes lakosság %-a,30.48072376466932,Elek: 3.5k | ≤30%
Nyúl,választók,3545,7465410,teljes lakosság %-a,30.528209435248698,Nyúl: 3.5k | ≤31%
Kóka,választók,3563,7465410,teljes lakosság %-a,30.575936217836663,Kóka: 3.6k | ≤31%
Rakamaz,választók,3565,7465410,teljes lakosság %-a,30.623689790647802,Rakamaz: 3.6k | ≤31%
Hévíz,választók,3567,7465410,teljes lakosság %-a,30.67147015368212,Hévíz: 3.6k | ≤31%
Seregélyes,választók,3574,7465410,teljes lakosság %-a,30.719344282497545,Seregélyes: 3.6k | ≤31%
Nyírmada,választók,3585,7465410,teljes lakosság %-a,30.767365757540443,Nyírmada: 3.6k | ≤31%
Onga,választók,3589,7465410,teljes lakosság %-a,30.815440813029692,Onga: 3.6k | ≤31%
Kótaj,választók,3596,7465410,teljes lakosság %-a,30.86360963430006,Kótaj: 3.6k | ≤31%
Balatonfűzfő,választók,3598,7465410,teljes lakosság %-a,30.9118052457936,Balatonfűzfő: 3.6k | ≤31%
Aba,választók,3607,7465410,teljes lakosság %-a,30.960121413291436,Aba: 3.6k | ≤31%
Tószeg,választók,3612,7465410,teljes lakosság %-a,31.008504556347205,Tószeg: 3.6k | ≤31%
Zsámbék,választók,3612,7465410,teljes lakosság %-a,31.056887699402978,Zsámbék: 3.6k | ≤31%
Biharkeresztes,választók,3613,7465410,teljes lakosság %-a,31.10528423757034,Biharkeresztes: 3.6k | ≤31%
Tompa,választók,3613,7465410,teljes lakosság %-a,31.1536807757377,Tompa: 3.6k | ≤31%
Tiszacsege,választók,3645,7465410,teljes lakosság %-a,31.20250595747588,Tiszacsege: 3.6k | ≤31%
Inárcs,választók,3652,7465410,teljes lakosság %-a,31.251424904995172,Inárcs: 3.7k | ≤31%
Pétfürdő,választók,3668,7465410,teljes lakosság %-a,31.30055817429987,Pétfürdő: 3.7k | ≤31%
Sződliget,választók,3681,7465410,teljes lakosság %-a,31.349865580055216,Sződliget: 3.7k | ≤31%
Mezőfalva,választók,3713,7465410,teljes lakosság %-a,31.399601629381372,Mezőfalva: 3.7k | ≤31%
Ebes,választók,3714,7465410,teljes lakosság %-a,31.44935107381912,Ebes: 3.7k | ≤31%
Örkény,választók,3721,7465410,teljes lakosság %-a,31.499194284037983,Örkény: 3.7k | ≤31%
Környe,választók,3752,7465410,teljes lakosság %-a,31.54945274271607,Környe: 3.8k | ≤32%
Kemecse,választók,3758,7465410,teljes lakosság %-a,31.59979157206369,Kemecse: 3.8k | ≤32%
Helvécia,választók,3801,7465410,teljes lakosság %-a,31.650706391209592,Helvécia: 3.8k | ≤32%
Szabadbattyán,választók,3822,7465410,teljes lakosság %-a,31.701902507698843,Szabadbattyán: 3.8k | ≤32%
Tiszalúc,választók,3828,7465410,teljes lakosság %-a,31.753178994857617,Tiszalúc: 3.8k | ≤32%
Balatonlelle,választók,3831,7465410,teljes lakosság %-a,31.80449566735116,Balatonlelle: 3.8k | ≤32%
Lakitelek,választók,3832,7465410,teljes lakosság %-a,31.855825734956284,Lakitelek: 3.8k | ≤32%
Csorvás,választók,3835,7465410,teljes lakosság %-a,31.907195987896174,Csorvás: 3.8k | ≤32%
Rácalmás,választók,3838,7465410,teljes lakosság %-a,31.95860642617083,Rácalmás: 3.8k | ≤32%
Kunmadaras,választók,3862,7465410,teljes lakosság %-a,32.0103383471236,Kunmadaras: 3.9k | ≤32%
Mikepércs,választók,3862,7465410,teljes lakosság %-a,32.06207026807637,Mikepércs: 3.9k | ≤32%
Tiszaalpár,választók,3862,7465410,teljes lakosság %-a,32.11380218902914,Tiszaalpár: 3.9k | ≤32%
Csenger,választók,3864,7465410,teljes lakosság %-a,32.16556090020508,Csenger: 3.9k | ≤32%
Csurgó,választók,3872,7465410,teljes lakosság %-a,32.217426772273726,Csurgó: 3.9k | ≤32%
Jászkisér,választók,3888,7465410,teljes lakosság %-a,32.26950696612778,Jászkisér: 3.9k | ≤32%
Nagyszénás,választók,3888,7465410,teljes lakosság %-a,32.32158715998183,Nagyszénás: 3.9k | ≤32%
Egyek,választók,3908,7465410,teljes lakosság %-a,32.37393525606765,Egyek: 3.9k | ≤32%
Nagymaros,választók,3923,7465410,teljes lakosság %-a,32.42648427882728,Nagymaros: 3.9k | ≤32%
Kondoros,választók,3939,7465410,teljes lakosság %-a,32.47924762337232,Kondoros: 3.9k | ≤32%
Domaszék,választók,3948,7465410,teljes lakosság %-a,32.532131523921656,Domaszék: 3.9k | ≤33%
Harkány,választók,3952,7465410,teljes lakosság %-a,32.585069004917344,Harkány: 4k | ≤33%
Monorierdő,választók,3953,7465410,teljes lakosság %-a,32.63801988102462,Monorierdő: 4k | ≤33%
Lábatlan,választók,3961,7465410,teljes lakosság %-a,32.6910779180246,Lábatlan: 4k | ≤33%
Emőd,választók,3968,7465410,teljes lakosság %-a,32.74422972080569,Emőd: 4k | ≤33%
Mélykút,választók,3980,7465410,teljes lakosság %-a,32.79754226492584,Mélykút: 4k | ≤33%
Jászladány,választók,3982,7465410,teljes lakosság %-a,32.85088159926916,Jászladány: 4k | ≤33%
Szentmártonkáta,választók,3984,7465410,teljes lakosság %-a,32.90424772383566,Szentmártonkáta: 4k | ≤33%
Mezőhegyes,választók,4000,7465410,teljes lakosság %-a,32.95782817018757,Mezőhegyes: 4k | ≤33%
Komádi,választók,4026,7465410,teljes lakosság %-a,33.01175688944077,Komádi: 4k | ≤33%
Újkígyós,választók,4054,7465410,teljes lakosság %-a,33.06606067181843,Újkígyós: 4.1k | ≤33%
Fonyód,választók,4059,7465410,teljes lakosság %-a,33.12043142975403,Fonyód: 4.1k | ≤33%
Tiszalök,választók,4071,7465410,teljes lakosság %-a,33.17496292902868,Tiszalök: 4.1k | ≤33%
Nyékládháza,választók,4073,7465410,teljes lakosság %-a,33.22952121852651,Nyékládháza: 4.1k | ≤33%
Alsónémedi,választók,4103,7465410,teljes lakosság %-a,33.28448136137198,Alsónémedi: 4.1k | ≤33%
Szatymaz,választók,4103,7465410,teljes lakosság %-a,33.33944150421745,Szatymaz: 4.1k | ≤33%
Bugyi,választók,4153,7465410,teljes lakosság %-a,33.395071402642316,Bugyi: 4.2k | ≤33%
Nagytarcsa,választók,4247,7465410,teljes lakosság %-a,33.45196044155646,Nagytarcsa: 4.2k | ≤33%
Alsózsolca,választók,4253,7465410,teljes lakosság %-a,33.508929851140124,Alsózsolca: 4.3k | ≤34%
Délegyháza,választók,4294,7465410,teljes lakosság %-a,33.5664484602989,Délegyháza: 4.3k | ≤34%
Battonya,választók,4299,7465410,teljes lakosság %-a,33.62403404501561,Battonya: 4.3k | ≤34%
Csákvár,választók,4300,7465410,teljes lakosság %-a,33.68163302484392,Csákvár: 4.3k | ≤34%
Algyő,választók,4302,7465410,teljes lakosság %-a,33.73925879489539,Algyő: 4.3k | ≤34%
Vámospércs,választók,4302,7465410,teljes lakosság %-a,33.796884564946865,Vámospércs: 4.3k | ≤34%
Szikszó,választók,4333,7465410,teljes lakosság %-a,33.85492558345757,Szikszó: 4.3k | ≤34%
Zirc,választók,4334,7465410,teljes lakosság %-a,33.912979997079866,Zirc: 4.3k | ≤34%
Martonvásár,választók,4345,7465410,teljes lakosság %-a,33.971181756929624,Martonvásár: 4.3k | ≤34%
Rákóczifalva,választók,4346,7465410,teljes lakosság %-a,34.02939691189098,Rákóczifalva: 4.3k | ≤34%
Lőrinci,választók,4359,7465410,teljes lakosság %-a,34.08778620330297,Lőrinci: 4.4k | ≤34%
Hosszúpályi,választók,4363,7465410,teljes lakosság %-a,34.14622907516131,Hosszúpályi: 4.4k | ≤34%
Kisbér,választók,4375,7465410,teljes lakosság %-a,34.204832688358714,Kisbér: 4.4k | ≤34%
Nagyhalász,választók,4375,7465410,teljes lakosság %-a,34.26343630155611,Nagyhalász: 4.4k | ≤34%
Füzesgyarmat,választók,4388,7465410,teljes lakosság %-a,34.322214051204156,Füzesgyarmat: 4.4k | ≤34%
Tát,választók,4401,7465410,teljes lakosság %-a,34.381165937302846,Tát: 4.4k | ≤34%
Szada,választók,4440,7465410,teljes lakosság %-a,34.44064023275346,Szada: 4.4k | ≤34%
Szécsény,választók,4444,7465410,teljes lakosság %-a,34.50016810865043,Szécsény: 4.4k | ≤35%
Balatonboglár,választók,4474,7465410,teljes lakosság %-a,34.560097837895036,Balatonboglár: 4.5k | ≤35%
Berhida,választók,4499,7465410,teljes lakosság %-a,34.62036244492935,Berhida: 4.5k | ≤35%
Mezőkovácsháza,választók,4506,7465410,teljes lakosság %-a,34.68072081774477,Mezőkovácsháza: 4.5k | ≤35%
Tótkomlós,választók,4555,7465410,teljes lakosság %-a,34.74173555102801,Tótkomlós: 4.6k | ≤35%
Tápiószentmárton,választók,4585,7465410,teljes lakosság %-a,34.803152137658884,Tápiószentmárton: 4.6k | ≤35%
Mezőcsát,választók,4586,7465410,teljes lakosság %-a,34.86458211940134,Mezőcsát: 4.6k | ≤35%
Kaba,választók,4610,7465410,teljes lakosság %-a,34.92633358382192,Kaba: 4.6k | ≤35%
Izsák,választók,4614,7465410,teljes lakosság %-a,34.988138628688844,Izsák: 4.6k | ≤35%
Jászfényszaru,választók,4625,7465410,teljes lakosság %-a,35.05009101978324,Jászfényszaru: 4.6k | ≤35%
Jánossomorja,választók,4699,7465410,teljes lakosság %-a,35.113034649135145,Jánossomorja: 4.7k | ≤35%
Encs,választók,4712,7465410,teljes lakosság %-a,35.1761524149377,Encs: 4.7k | ≤35%
Balkány,választók,4714,7465410,teljes lakosság %-a,35.239296970963416,Balkány: 4.7k | ≤35%
Nagyecsed,választók,4719,7465410,teljes lakosság %-a,35.302508502547084,Nagyecsed: 4.7k | ≤35%
Kartal,választók,4728,7465410,teljes lakosság %-a,35.365840590135036,Kartal: 4.7k | ≤35%
Sümeg,választók,4747,7465410,teljes lakosság %-a,35.42942718484316,Sümeg: 4.7k | ≤35%
Pusztaszabolcs,választók,4754,7465410,teljes lakosság %-a,35.49310754533241,Pusztaszabolcs: 4.8k | ≤35%
Tápiószele,választók,4787,7465410,teljes lakosság %-a,35.55722994450405,Tápiószele: 4.8k | ≤36%
Putnok,választók,4798,7465410,teljes lakosság %-a,35.62149968990317,Putnok: 4.8k | ≤36%
Újszász,választók,4809,7465410,teljes lakosság %-a,35.68591678152975,Újszász: 4.8k | ≤36%
Aszód,választók,4811,7465410,teljes lakosság %-a,35.7503606633795,Aszód: 4.8k | ≤36%
Dömsöd,választók,4824,7465410,teljes lakosság %-a,35.81497868167991,Dömsöd: 4.8k | ≤36%
Tahitótfalu,választók,4857,7465410,teljes lakosság %-a,35.88003873866271,Tahitótfalu: 4.9k | ≤36%
Szabadszállás,választók,4874,7465410,teljes lakosság %-a,35.945326512542515,Szabadszállás: 4.9k | ≤36%
Kozármisleny,választók,4950,7465410,teljes lakosság %-a,36.011632314903,Kozármisleny: 5k | ≤36%
Zalaszentgrót,választók,4956,7465410,teljes lakosság %-a,36.07801848793301,Zalaszentgrót: 5k | ≤36%
Tápiószecső,választók,4962,7465410,teljes lakosság %-a,36.144485031632556,Tápiószecső: 5k | ≤36%
Martfű,választók,5009,7465410,teljes lakosság %-a,36.21158114557673,Martfű: 5k | ≤36%
Kerekegyháza,választók,5020,7465410,teljes lakosság %-a,36.278824605748376,Kerekegyháza: 5k | ≤36%
Téglás,választók,5026,7465410,teljes lakosság %-a,36.34614843658955,Téglás: 5k | ≤36%
Solt,választók,5028,7465410,teljes lakosság %-a,36.413499057653894,Solt: 5k | ≤36%
Bátaszék,választók,5031,7465410,teljes lakosság %-a,36.48088986405301,Bátaszék: 5k | ≤36%
Mórahalom,választók,5034,7465410,teljes lakosság %-a,36.54832085578688,Mórahalom: 5k | ≤37%
Fegyvernek,választók,5037,7465410,teljes lakosság %-a,36.61579203285553,Fegyvernek: 5k | ≤37%
Szentlőrinc,választók,5063,7465410,teljes lakosság %-a,36.683611482825455,Szentlőrinc: 5.1k | ≤37%
Bácsalmás,választók,5120,7465410,teljes lakosság %-a,36.7521944541559,Bácsalmás: 5.1k | ≤37%
Ibrány,választók,5136,7465410,teljes lakosság %-a,36.820991747271755,Ibrány: 5.1k | ≤37%
Felsőzsolca,választók,5140,7465410,teljes lakosság %-a,36.88984262083395,Felsőzsolca: 5.1k | ≤37%
Vésztő,választók,5141,7465410,teljes lakosság %-a,36.958706889507745,Vésztő: 5.1k | ≤37%
Enying,választók,5204,7465410,teljes lakosság %-a,37.02841505021158,Enying: 5.2k | ≤37%
Polgárdi,választók,5218,7465410,teljes lakosság %-a,37.09831074247764,Polgárdi: 5.2k | ≤37%
Taksony,választók,5279,7465410,teljes lakosság %-a,37.16902353655057,Taksony: 5.3k | ≤37%
Mindszent,választók,5315,7465410,teljes lakosság %-a,37.24021855464067,Mindszent: 5.3k | ≤37%
Velence,választók,5360,7465410,teljes lakosság %-a,37.312016352752224,Velence: 5.4k | ≤37%
Ács,választók,5545,7465410,teljes lakosság %-a,37.38629224650756,Ács: 5.5k | ≤37%
Nyírtelek,választók,5555,7465410,teljes lakosság %-a,37.46070209137877,Nyírtelek: 5.6k | ≤37%
Vásárosnamény,választók,5640,7465410,teljes lakosság %-a,37.53625052073497,Vásárosnamény: 5.6k | ≤38%
Létavértes,választók,5652,7465410,teljes lakosság %-a,37.61195969143021,Létavértes: 5.7k | ≤38%
Soltvadkert,választók,5672,7465410,teljes lakosság %-a,37.68793676435722,Soltvadkert: 5.7k | ≤38%
Dévaványa,választók,5750,7465410,teljes lakosság %-a,37.76495865598808,Dévaványa: 5.8k | ≤38%
Nyergesújfalu,választók,5796,7465410,teljes lakosság %-a,37.842596722752,Nyergesújfalu: 5.8k | ≤38%
Mogyoród,választók,5831,7465410,teljes lakosság %-a,37.92070361842149,Mogyoród: 5.8k | ≤38%
Nyíradony,választók,5835,7465410,teljes lakosság %-a,37.99886409453734,Nyíradony: 5.8k | ≤38%
Győrújbarát,választók,5842,7465410,teljes lakosság %-a,38.0771183364343,Győrújbarát: 5.8k | ≤38%
Füzesabony,választók,5856,7465410,teljes lakosság %-a,38.15556010989349,Füzesabony: 5.9k | ≤38%
Kistelek,választók,5861,7465410,teljes lakosság %-a,38.23406885891063,Kistelek: 5.9k | ≤38%
Kunhegyes,választók,5929,7465410,teljes lakosság %-a,38.31348847551575,Kunhegyes: 5.9k | ≤38%
Nagykovácsi,választók,5994,7465410,teljes lakosság %-a,38.393778774374084,Nagykovácsi: 6k | ≤38%
Jászárokszállás,választók,6001,7465410,teljes lakosság %-a,38.47416283901353,Jászárokszállás: 6k | ≤38%
Lenti,választók,6055,7465410,teljes lakosság %-a,38.55527023967873,Lenti: 6.1k | ≤39%
Üröm,választók,6061,7465410,teljes lakosság %-a,38.63645801101346,Üröm: 6.1k | ≤39%
Páty,választók,6070,7465410,teljes lakosság %-a,38.71776633835248,Páty: 6.1k | ≤39%
Őrbottyán,választók,6120,7465410,teljes lakosság %-a,38.7997444212709,Őrbottyán: 6.1k | ≤39%
Tura,választók,6133,7465410,teljes lakosság %-a,38.881896640639965,Tura: 6.1k | ≤39%
Fehérgyarmat,választók,6161,7465410,teljes lakosság %-a,38.96442392313349,Fehérgyarmat: 6.2k | ≤39%
Piliscsaba,választók,6232,7465410,teljes lakosság %-a,39.04790225854977,Piliscsaba: 6.2k | ≤39%
Polgár,választók,6281,7465410,teljes lakosság %-a,39.13203695443384,Polgár: 6.3k | ≤39%
Tamási,választók,6291,7465410,teljes lakosság %-a,39.21630560143382,Tamási: 6.3k | ≤39%
Kunszentmárton,választók,6330,7465410,teljes lakosság %-a,39.301096657785706,Kunszentmárton: 6.3k | ≤39%
Szentgotthárd,választók,6390,7465410,teljes lakosság %-a,39.38669142083288,Szentgotthárd: 6.4k | ≤39%
Jászapáti,választók,6406,7465410,teljes lakosság %-a,39.472500505665465,Jászapáti: 6.4k | ≤39%
Ercsi,választók,6455,7465410,teljes lakosság %-a,39.55896595096585,Ercsi: 6.5k | ≤40%
Kunszentmiklós,választók,6522,7465410,teljes lakosság %-a,39.64632886874264,Kunszentmiklós: 6.5k | ≤40%
Kecel,választók,6573,7465410,teljes lakosság %-a,39.73437493721042,Kecel: 6.6k | ≤40%
Sülysáp,választók,6639,7465410,teljes lakosság %-a,39.823305083042996,Sülysáp: 6.6k | ≤40%
Dunavarsány,választók,6650,7465410,teljes lakosság %-a,39.91238257510304,Dunavarsány: 6.7k | ≤40%
Dunaföldvár,választók,6651,7465410,teljes lakosság %-a,40.00147346227468,Dunaföldvár: 6.7k | ≤40%
Jánoshalma,választók,6659,7465410,teljes lakosság %-a,40.090671510339014,Jánoshalma: 6.7k | ≤40%
Derecske,választók,6670,7465410,teljes lakosság %-a,40.18001690463082,Derecske: 6.7k | ≤40%
Túrkeve,választók,6677,7465410,teljes lakosság %-a,40.269456064703746,Túrkeve: 6.7k | ≤40%
Sándorfalva,választók,6678,7465410,teljes lakosság %-a,40.358908619888254,Sándorfalva: 6.7k | ≤40%
Hajdúdorog,választók,6727,7465410,teljes lakosság %-a,40.449017535540584,Hajdúdorog: 6.7k | ≤40%
Nádudvar,választók,6771,7465410,teljes lakosság %-a,40.53971583610277,Nádudvar: 6.8k | ≤41%
Csorna,választók,6812,7465410,teljes lakosság %-a,40.63096333624007,Csorna: 6.8k | ≤41%
Szeghalom,választók,6878,7465410,teljes lakosság %-a,40.72309491374218,Szeghalom: 6.9k | ≤41%
Erdőkertes,választók,7082,7465410,teljes lakosság %-a,40.81795909400823,Erdőkertes: 7.1k | ≤41%
Szerencs,választók,7138,7465410,teljes lakosság %-a,40.91357340052321,Szerencs: 7.1k | ≤41%
Pásztó,választók,7214,7465410,teljes lakosság %-a,41.01020573551888,Pásztó: 7.2k | ≤41%
Kiskunlacháza,választók,7242,7465410,teljes lakosság %-a,41.10721313363901,Kiskunlacháza: 7.2k | ≤41%
Edelény,választók,7406,7465410,teljes lakosság %-a,41.20641733005957,Edelény: 7.4k | ≤41%
Nagykálló,választók,7491,7465410,teljes lakosság %-a,41.3067601109651,Nagykálló: 7.5k | ≤41%
Siklós,választók,7499,7465410,teljes lakosság %-a,41.40721005276335,Siklós: 7.5k | ≤41%
Csömör,választók,7533,7465410,teljes lakosság %-a,41.50811542835557,Csömör: 7.5k | ≤42%
Szigetvár,választók,7537,7465410,teljes lakosság %-a,41.609074384394155,Szigetvár: 7.5k | ≤42%
Ócsa,választók,7603,7465410,teljes lakosság %-a,41.710917417797546,Ócsa: 7.6k | ≤42%
Sarkad,választók,7632,7465410,teljes lakosság %-a,41.81314890943699,Sarkad: 7.6k | ≤42%
Balatonalmádi,választók,7682,7465410,teljes lakosság %-a,41.916050156655835,Balatonalmádi: 7.7k | ≤42%
Bicske,választók,7745,7465410,teljes lakosság %-a,42.01979529590471,Bicske: 7.7k | ≤42%
Mezőberény,választók,7824,7465410,teljes lakosság %-a,42.12459864896905,Mezőberény: 7.8k | ≤42%
Barcs,választók,7896,7465410,teljes lakosság %-a,42.23036645006771,Barcs: 7.9k | ≤42%
Tárnok,választók,7954,7465410,teljes lakosság %-a,42.33691116763848,Tárnok: 8k | ≤42%
Heves,választók,7981,7465410,teljes lakosság %-a,42.44381755322213,Heves: 8k | ≤42%
Nyírbátor,választók,7987,7465410,teljes lakosság %-a,42.550804309475296,Nyírbátor: 8k | ≤43%
Diósd,választók,8032,7465410,teljes lakosság %-a,42.658393845749934,Diósd: 8k | ≤43%
Kapuvár,választók,8035,7465410,teljes lakosság %-a,42.766023567359326,Kapuvár: 8k | ≤43%
Nagyatád,választók,8272,7465410,teljes lakosság %-a,42.876827930415075,Nagyatád: 8.3k | ≤43%
Celldömölk,választók,8274,7465410,teljes lakosság %-a,42.987659083694,Celldömölk: 8.3k | ≤43%
Tiszaföldvár,választók,8373,7465410,teljes lakosság %-a,43.099816353020124,Tiszaföldvár: 8.4k | ≤43%
Tököl,választók,8399,7465410,teljes lakosság %-a,43.21232189524755,Tököl: 8.4k | ≤43%
Ráckeve,választók,8411,7465410,teljes lakosság %-a,43.324988178814024,Ráckeve: 8.4k | ≤43%
Kisújszállás,választók,8440,7465410,teljes lakosság %-a,43.438042920616546,Kisújszállás: 8.4k | ≤43%
Solymár,választók,8460,7465410,teljes lakosság %-a,43.55136556465084,Solymár: 8.5k | ≤44%
Kerepes,választók,8473,7465410,teljes lakosság %-a,43.66486234513577,Kerepes: 8.5k | ≤44%
Körmend,választók,8531,7465410,teljes lakosság %-a,43.779136042092794,Körmend: 8.5k | ≤44%
Nagykáta,választók,8679,7465410,teljes lakosság %-a,43.89539221556485,Nagykáta: 8.7k | ≤44%
Tiszafüred,választók,8728,7465410,teljes lakosság %-a,44.012304749504715,Tiszafüred: 8.7k | ≤44%
Kiskunmajsa,választók,8786,7465410,teljes lakosság %-a,44.12999419991668,Kiskunmajsa: 8.8k | ≤44%
Budakalász,választók,8847,7465410,teljes lakosság %-a,44.24850075213552,Budakalász: 8.8k | ≤44%
Marcali,választók,8851,7465410,teljes lakosság %-a,44.3670608848007,Marcali: 8.9k | ≤44%
Tolna,választók,8888,7465410,teljes lakosság %-a,44.486116636594645,Tolna: 8.9k | ≤44%
Halásztelek,választók,8946,7465410,teljes lakosság %-a,44.60594930486068,Halásztelek: 8.9k | ≤45%
Kőszeg,választók,8982,7465410,teljes lakosság %-a,44.72626419714389,Kőszeg: 9k | ≤45%
Lajosmizse,választók,9046,7465410,teljes lakosság %-a,44.84743637656873,Lajosmizse: 9k | ≤45%
Tiszakécske,választók,9094,7465410,teljes lakosság %-a,44.969251521349804,Tiszakécske: 9.1k | ≤45%
Dorog,választók,9144,7465410,teljes lakosság %-a,45.09173642171026,Dorog: 9.1k | ≤45%
Isaszeg,választók,9150,7465410,teljes lakosság %-a,45.21430169274025,Isaszeg: 9.2k | ≤45%
Sárospatak,választók,9197,7465410,teljes lakosság %-a,45.337496534014875,Sárospatak: 9.2k | ≤45%
Balatonfüred,választók,9214,7465410,teljes lakosság %-a,45.460919092186494,Balatonfüred: 9.2k | ≤45%
Bátonyterenye,választók,9273,7465410,teljes lakosság %-a,45.58513196194181,Bátonyterenye: 9.3k | ≤46%
Tiszavasvári,választók,9281,7465410,teljes lakosság %-a,45.70945199258982,Tiszavasvári: 9.3k | ≤46%
Sajószentpéter,választók,9318,7465410,teljes lakosság %-a,45.83426764236659,Sajószentpéter: 9.3k | ≤46%
Sárbogárd,választók,9364,7465410,teljes lakosság %-a,45.95969946727641,Sárbogárd: 9.4k | ≤46%
Pilis,választók,9389,7465410,teljes lakosság %-a,46.08546616997593,Pilis: 9.4k | ≤46%
Hajdúhadház,választók,9512,7465410,teljes lakosság %-a,46.212880471400766,Hajdúhadház: 9.5k | ≤46%
Gárdony,választók,9517,7465410,teljes lakosság %-a,46.34036174838354,Gárdony: 9.5k | ≤46%
Üllő,választók,9670,7465410,teljes lakosság %-a,46.46989247743928,Üllő: 9.7k | ≤46%
Maglód,választók,9777,7465410,teljes lakosság %-a,46.60085648343493,Maglód: 9.8k | ≤47%
Újfehértó,választók,9796,7465410,teljes lakosság %-a,46.73207499655076,Újfehértó: 9.8k | ≤47%
Bonyhád,választók,10054,7465410,teljes lakosság %-a,46.86674944845628,Bonyhád: 10.1k | ≤47%
Kistarcsa,választók,10213,7465410,teljes lakosság %-a,47.00355372310429,Kistarcsa: 10.2k | ≤47%
Sátoraljaújhely,választók,10347,7465410,teljes lakosság %-a,47.14215294270509,Sátoraljaújhely: 10.3k | ≤47%
Albertirsa,választók,10509,7465410,teljes lakosság %-a,47.28292217038314,Albertirsa: 10.5k | ≤47%
Biatorbágy,választók,10563,7465410,teljes lakosság %-a,47.424414734086945,Biatorbágy: 10.6k | ≤47%
Gyomaendrőd,választók,10615,7465410,teljes lakosság %-a,47.56660384359332,Gyomaendrőd: 10.6k | ≤48%
Sárvár,választók,10704,7465410,teljes lakosság %-a,47.70998511803102,Sárvár: 10.7k | ≤48%
Budakeszi,választók,10705,7465410,teljes lakosság %-a,47.853379787580316,Budakeszi: 10.7k | ≤48%
Törökbálint,választók,10719,7465410,teljes lakosság %-a,47.996961988691844,Törökbálint: 10.7k | ≤48%
Mór,választók,10759,7465410,teljes lakosság %-a,48.141079994266896,Mór: 10.8k | ≤48%
Balassagyarmat,választók,10797,7465410,teljes lakosság %-a,48.28570701408228,Balassagyarmat: 10.8k | ≤48%
Berettyóújfalu,választók,10886,7465410,teljes lakosság %-a,48.431526198829,Berettyóújfalu: 10.9k | ≤48%
Kiskőrös,választók,11003,7465410,teljes lakosság %-a,48.57891261163151,Kiskőrös: 11k | ≤49%
Hajdúsámson,választók,11049,7465410,teljes lakosság %-a,48.726915199567074,Hajdúsámson: 11k | ≤49%
Püspökladány,választók,11161,7465410,teljes lakosság %-a,48.87641804000048,Püspökladány: 11.2k | ≤49%
Pilisvörösvár,választók,11271,7465410,teljes lakosság %-a,49.027394342708575,Pilisvörösvár: 11.3k | ≤49%
Tapolca,választók,11284,7465410,teljes lakosság %-a,49.17854478186731,Tapolca: 11.3k | ≤49%
Tiszaújváros,választók,11295,7465410,teljes lakosság %-a,49.32984256725351,Tiszaújváros: 11.3k | ≤49%
Abony,választók,11415,7465410,teljes lakosság %-a,49.482747766030265,Abony: 11.4k | ≤49%
Kisvárda,választók,11693,7465410,teljes lakosság %-a,49.63937680582848,Kisvárda: 11.7k | ≤50%
Mátészalka,választók,12055,7465410,teljes lakosság %-a,49.800854876021546,Mátészalka: 12.1k | ≤50%
Szarvas,választók,12161,7465410,teljes lakosság %-a,49.963752828042935,Szarvas: 12.2k | ≤50%
Mezőkövesd,választók,12172,7465410,teljes lakosság %-a,50.126798126291796,Mezőkövesd: 12.2k | ≤50%
Kalocsa,választók,12215,7465410,teljes lakosság %-a,50.29041941433893,Kalocsa: 12.2k | ≤50%
Dabas,választók,12539,7465410,teljes lakosság %-a,50.458380718540575,Dabas: 12.5k | ≤50%
Csongrád,választók,12792,7465410,teljes lakosság %-a,50.62973098597398,Csongrád: 12.8k | ≤51%
Pécel,választók,12802,7465410,teljes lakosság %-a,50.80121520452327,Pécel: 12.8k | ≤51%
Mezőtúr,választók,12946,7465410,teljes lakosság %-a,50.97462831914121,Mezőtúr: 12.9k | ≤51%
Hajdúnánás,választók,13175,7465410,teljes lakosság %-a,51.151108914312815,Hajdúnánás: 13.2k | ≤51%
Komárom,választók,13597,7465410,teljes lakosság %-a,51.33324224657454,Komárom: 13.6k | ≤51%
Monor,választók,13687,7465410,teljes lakosság %-a,51.51658113887918,Monor: 13.7k | ≤52%
Balmazújváros,választók,13733,7465410,teljes lakosság %-a,51.70053620631687,Balmazújváros: 13.7k | ≤52%
Paks,választók,13864,7465410,teljes lakosság %-a,51.886246033372586,Paks: 13.9k | ≤52%
Keszthely,választók,13870,7465410,teljes lakosság %-a,52.07203623109782,Keszthely: 13.9k | ≤52%
Dombóvár,választók,13895,7465410,teljes lakosság %-a,52.25816130661276,Dombóvár: 13.9k | ≤52%
Pomáz,választók,13978,7465410,teljes lakosság %-a,52.44539817638951,Pomáz: 14k | ≤52%
Mohács,választók,14001,7465410,teljes lakosság %-a,52.63294313373278,Mohács: 14k | ≤53%
Oroszlány,választók,14123,7465410,teljes lakosság %-a,52.82212229468978,Oroszlány: 14.1k | ≤53%
Békés,választók,14132,7465410,teljes lakosság %-a,53.011422011651064,Békés: 14.1k | ≤53%
Karcag,választók,14207,7465410,teljes lakosság %-a,53.20172636198146,Karcag: 14.2k | ≤53%
Százhalombatta,választók,14323,7465410,teljes lakosság %-a,53.393584545256054,Százhalombatta: 14.3k | ≤53%
Szigethalom,választók,14378,7465410,teljes lakosság %-a,53.586179459667996,Szigethalom: 14.4k | ≤54%
Veresegyház,választók,14795,7465410,teljes lakosság %-a,53.78436013561211,Veresegyház: 14.8k | ≤54%
Gyömrő,választók,14881,7465410,teljes lakosság %-a,53.98369279115279,Gyömrő: 14.9k | ≤54%
Törökszentmiklós,választók,15250,7465410,teljes lakosság %-a,54.187968242869445,Törökszentmiklós: 15.2k | ≤54%
Hatvan,választók,15563,7465410,teljes lakosság %-a,54.396436364513136,Hatvan: 15.6k | ≤54%
Várpalota,választók,15751,7465410,teljes lakosság %-a,54.60742276713536,Várpalota: 15.8k | ≤55%
Vecsés,választók,15905,7465410,teljes lakosság %-a,54.820472016942134,Vecsés: 15.9k | ≤55%
Fót,választók,15998,7465410,teljes lakosság %-a,55.03476701212659,Fót: 16k | ≤55%
Göd,választók,16147,7465410,teljes lakosság %-a,55.25105787893766,Göd: 16.1k | ≤55%
Dunaharaszti,választók,17655,7465410,teljes lakosság %-a,55.48754857402339,Dunaharaszti: 17.7k | ≤55%
Tata,választók,17835,7465410,teljes lakosság %-a,55.72645038919497,Tata: 17.8k | ≤56%
Hajdúszoboszló,választók,18056,7465410,teljes lakosság %-a,55.96831252402749,Hajdúszoboszló: 18.1k | ≤56%
Makó,választók,18157,7465410,teljes lakosság %-a,56.21152756513038,Makó: 18.2k | ≤56%
Nagykőrös,választók,18474,7465410,teljes lakosság %-a,56.45898885660667,Nagykőrös: 18.5k | ≤56%
Siófok,választók,18917,7465410,teljes lakosság %-a,56.71238418251643,Siófok: 18.9k | ≤57%
Gyál,választók,19094,7465410,teljes lakosság %-a,56.968150443177265,Gyál: 19.1k | ≤57%
Jászberény,választók,19260,7465410,teljes lakosság %-a,57.226140292361706,Jászberény: 19.3k | ≤57%
Komló,választók,19439,7465410,teljes lakosság %-a,57.48652786652039,Komló: 19.4k | ≤57%
Szentendre,választók,19965,7465410,teljes lakosság %-a,57.75396126937436,Szentendre: 20k | ≤58%
Kazincbarcika,választók,20198,7465410,teljes lakosság %-a,58.02451573322831,Kazincbarcika: 20.2k | ≤58%
Kiskunhalas,választók,20683,7465410,teljes lakosság %-a,58.301566826202446,Kiskunhalas: 20.7k | ≤58%
Szentes,választók,20840,7465410,teljes lakosság %-a,58.58072095169589,Szentes: 20.8k | ≤59%
Esztergom,választók,21149,7465410,teljes lakosság %-a,58.86401416667002,Esztergom: 21.1k | ≤59%
Gyöngyös,választók,21535,7465410,teljes lakosság %-a,59.1524778947171,Gyöngyös: 21.5k | ≤59%
Budaörs,választók,21800,7465410,teljes lakosság %-a,59.444491327335,Budaörs: 21.8k | ≤59%
Orosháza,választók,22046,7465410,teljes lakosság %-a,59.73979995740355,Orosháza: 22k | ≤60%
Pápa,választók,22122,7465410,teljes lakosság %-a,60.03612661595278,Pápa: 22.1k | ≤60%
Ajka,választók,22368,7465410,teljes lakosság %-a,60.33574847195264,Ajka: 22.4k | ≤60%
Kiskunfélegyháza,választók,23022,7465410,teljes lakosság %-a,60.64413073093105,Kiskunfélegyháza: 23k | ≤61%
Hajdúböszörmény,választók,23144,7465410,teljes lakosság %-a,60.9541471935232,Hajdúböszörmény: 23.1k | ≤61%
Gyula,választók,23392,7465410,teljes lakosság %-a,61.26748564378916,Gyula: 23.4k | ≤61%
Gödöllő,választók,23417,7465410,teljes lakosság %-a,61.581158971844815,Gödöllő: 23.4k | ≤62%
Mosonmagyaróvár,választók,23843,7465410,teljes lakosság %-a,61.90053861743695,Mosonmagyaróvár: 23.8k | ≤62%
Szekszárd,választók,24404,7465410,teljes lakosság %-a,62.227432920629944,Szekszárd: 24.4k | ≤62%
Ózd,választók,25002,7465410,teljes lakosság %-a,62.562337500552545,Ózd: 25k | ≤63%
Vác,választók,25377,7465410,teljes lakosság %-a,62.90226524732064,Vác: 25.4k | ≤63%
Salgótarján,választók,26640,7465410,teljes lakosság %-a,63.25911102002435,Salgótarján: 26.6k | ≤63%
Baja,választók,27562,7465410,teljes lakosság %-a,63.62830708561218,Baja: 27.6k | ≤64%
Cegléd,választók,27828,7465410,teljes lakosság %-a,64.0010662508824,Cegléd: 27.8k | ≤64%
Szigetszentmiklós,választók,28934,7465410,teljes lakosság %-a,64.38864040956894,Szigetszentmiklós: 28.9k | ≤64%
Dunakeszi,választók,30999,7465410,teljes lakosság %-a,64.80387547368464,Dunakeszi: 31k | ≤65%
Hódmezővásárhely,választók,33899,7465410,teljes lakosság %-a,65.25795636140546,Hódmezővásárhely: 33.9k | ≤65%
Dunaújváros,választók,34134,7465410,teljes lakosság %-a,65.71518510034949,Dunaújváros: 34.1k | ≤66%
Nagykanizsa,választók,35943,7465410,teljes lakosság %-a,66.19664559615613,Nagykanizsa: 35.9k | ≤66%
Eger,választók,39512,7465410,teljes lakosság %-a,66.7259132452203,Eger: 39.5k | ≤67%
Veszprém,választók,41468,7465410,teljes lakosság %-a,67.28138173255053,Veszprém: 41.5k | ≤67%
Zalaegerszeg,választók,43708,7465410,teljes lakosság %-a,67.86685526983783,Zalaegerszeg: 43.7k | ≤68%
Sopron,választók,44013,7465410,teljes lakosság %-a,68.45641431615947,Sopron: 44k | ≤68%
Békéscsaba,választók,45717,7465410,teljes lakosság %-a,69.06879863262701,Békéscsaba: 45.7k | ≤69%
Kaposvár,választók,47460,7465410,teljes lakosság %-a,69.7045306285924,Kaposvár: 47.5k | ≤70%
Tatabánya,választók,51471,7465410,teljes lakosság %-a,70.39399041713716,Tatabánya: 51.5k | ≤70%
Szolnok,választók,53074,7465410,teljes lakosság %-a,71.10492256955746,Szolnok: 53.1k | ≤71%
Érd,választók,53215,7465410,teljes lakosság %-a,71.81774343271167,Érd: 53.2k | ≤72%
Szombathely,választók,59291,7465410,teljes lakosság %-a,72.61195299387441,Szombathely: 59.3k | ≤73%
Székesfehérvár,választók,73421,7465410,teljes lakosság %-a,73.59543548177528,Székesfehérvár: 73.4k | ≤74%
Kecskemét,választók,82351,7465410,teljes lakosság %-a,74.69853631615678,Kecskemét: 82.4k | ≤75%
Nyíregyháza,választók,88815,7465410,teljes lakosság %-a,75.88822315184296,Nyíregyháza: 88.8k | ≤76%
Győr,választók,93631,7465410,teljes lakosság %-a,77.14242084493685,Győr: 93.6k | ≤77%
Pécs,választók,108295,7465410,teljes lakosság %-a,78.59304445435683,Pécs: 108.3k | ≤79%
Miskolc,választók,118056,7465410,teljes lakosság %-a,80.17441774798705,Miskolc: 118.1k | ≤80%
Szeged,választók,121385,7465410,teljes lakosság %-a,81.80038336809365,Szeged: 121.4k | ≤82%
Debrecen,választók,151386,7465410,teljes lakosság %-a,83.82821573095114,Debrecen: 151.4k | ≤84%
