country,region,start_yr,end_yr_gni,start_gni,end_gni,change_gni,end_yr_gdp,start_gdp,end_gdp,change_gdp,color_cntr,pop,text_str_lin,text_str_log,text_str,type_scale,sel_var
South Korea,Asia,1990,2023,16012.908,49726.453,33.713544999999996,2023,13839.9889843663,50414.2083391764,36.574219354810104,5,51748695,"South Korea, ΔGNI/cap: 34k, ΔGDP/cap: 37k","South Korea, logratio(GNI/cap): 33.7, logratio(GDP/cap): 36.6","South Korea, ΔGNI/cap: 34k, ΔGDP/cap: 37k",lin,value
Poland,CEE,1990,2023,12757.185,42217.637,29.460452000000004,2024,12821.4636316574,45112.5993993196,32.291135767662205,7,36554707,"Poland, ΔGNI/cap: 29k, ΔGDP/cap: 32k","Poland, logratio(GNI/cap): 29.5, logratio(GDP/cap): 32.3","Poland, ΔGNI/cap: 29k, ΔGDP/cap: 32k",lin,value
Israel,Asia,1990,2023,22847.686,48050.113,25.202426999999997,2024,25335.2722247493,47338.8424624205,22.0035702376712,3,9974400,"Israel, ΔGNI/cap: 25k, ΔGDP/cap: 22k","Israel, logratio(GNI/cap): 25.2, logratio(GDP/cap): 22","Israel, ΔGNI/cap: 25k, ΔGDP/cap: 22k",lin,value
Estonia,CEE,1990,2023,15782.829,40880.93,25.098101000000003,2024,19360.0271219273,41546.1201868122,22.1860930648849,3,1371986,"Estonia, ΔGNI/cap: 25k, ΔGDP/cap: 22k","Estonia, logratio(GNI/cap): 25.1, logratio(GDP/cap): 22.2","Estonia, ΔGNI/cap: 25k, ΔGDP/cap: 22k",lin,value
Panama,Latin America,1990,2023,10356.562,34384.566,24.028004000000003,2024,11335.9353672029,36426.007943645,25.090072576442104,10,4515577,"Panama, ΔGNI/cap: 24k, ΔGDP/cap: 25k","Panama, logratio(GNI/cap): 24, logratio(GDP/cap): 25.1","Panama, ΔGNI/cap: 24k, ΔGDP/cap: 25k",lin,value
Romania,CEE,1990,2023,16418.197,39374.254,22.956057,2024,16316.0306942767,40610.7541380693,24.294723443792602,8,19069340,"Romania, ΔGNI/cap: 23k, ΔGDP/cap: 24k","Romania, logratio(GNI/cap): 23, logratio(GDP/cap): 24.3","Romania, ΔGNI/cap: 23k, ΔGDP/cap: 24k",lin,value
Lithuania,CEE,1990,2023,18981.588,41916.465,22.934876999999997,2024,20586.227753241,47169.0084190287,26.582780665787702,6,2888055,"Lithuania, ΔGNI/cap: 23k, ΔGDP/cap: 27k","Lithuania, logratio(GNI/cap): 22.9, logratio(GDP/cap): 26.6","Lithuania, ΔGNI/cap: 23k, ΔGDP/cap: 27k",lin,value
Malaysia,Asia,1990,2023,11522.781,32553.092,21.030311,2024,12013.6969483112,34071.9449554711,22.058248007159904,4,35557673,"Malaysia, ΔGNI/cap: 21k, ΔGDP/cap: 22k","Malaysia, logratio(GNI/cap): 21, logratio(GDP/cap): 22.1","Malaysia, ΔGNI/cap: 21k, ΔGDP/cap: 22k",lin,value
Slovenia,CEE,1990,2023,25958.826,46360.81,20.401984,2024,25351.411330939,48495.889687081,23.144478356142,10,2126324,"Slovenia, ΔGNI/cap: 20k, ΔGDP/cap: 23k","Slovenia, logratio(GNI/cap): 20.4, logratio(GDP/cap): 23.1","Slovenia, ΔGNI/cap: 20k, ΔGDP/cap: 23k",lin,value
China,Asia,1990,2023,1647.2273,22029.223,20.381995700000004,2024,1666.92774090575,23845.6197217259,22.17869198082015,1,1408975000,"China, ΔGNI/cap: 20k, ΔGDP/cap: 22k","China, logratio(GNI/cap): 20.4, logratio(GDP/cap): 22.2","China, ΔGNI/cap: 20k, ΔGDP/cap: 22k",lin,value
Czechia,CEE,1990,2023,26566.367,45889.016,19.322649000000006,2024,27918.1375190566,47961.8095131483,20.0436719940917,2,10882164,"Czechia, ΔGNI/cap: 19k, ΔGDP/cap: 20k","Czechia, logratio(GNI/cap): 19.3, logratio(GDP/cap): 20","Czechia, ΔGNI/cap: 19k, ΔGDP/cap: 20k",lin,value
Latvia,CEE,1990,2023,19785.074,37997.824,18.21275,2024,17508.7863191492,38936.0453870454,21.427259067896202,5,1862441,"Latvia, ΔGNI/cap: 18k, ΔGDP/cap: 21k","Latvia, logratio(GNI/cap): 18.2, logratio(GDP/cap): 21.4","Latvia, ΔGNI/cap: 18k, ΔGDP/cap: 21k",lin,value
Chile,Latin America,1990,2023,10717.591,28047.17,17.329579,2024,10952.6557541746,30182.7871224714,19.2301313682968,3,19764771,"Chile, ΔGNI/cap: 17k, ΔGDP/cap: 19k","Chile, logratio(GNI/cap): 17.3, logratio(GDP/cap): 19.2","Chile, ΔGNI/cap: 17k, ΔGDP/cap: 19k",lin,value
Slovakia,CEE,1990,2023,19518.736,36792.99,17.274254,2024,17520.9907344944,40346.5748138478,22.8255840793534,9,5422069,"Slovakia, ΔGNI/cap: 17k, ΔGDP/cap: 23k","Slovakia, logratio(GNI/cap): 17.3, logratio(GDP/cap): 22.8","Slovakia, ΔGNI/cap: 17k, ΔGDP/cap: 23k",lin,value
Hungary,CEE,1990,2023,21433.262,37236.074,15.802812000000001,2024,21297.0006409015,40702.1535135968,19.4051528726953,4,9562314,"Hungary, ΔGNI/cap: 16k, ΔGDP/cap: 19k","Hungary, logratio(GNI/cap): 15.8, logratio(GDP/cap): 19.4","Hungary, ΔGNI/cap: 16k, ΔGDP/cap: 19k",lin,value
Spain,Southern Europe,1990,2023,30217.459,46008.44,15.790981000000004,2024,31773.2267420042,48373.0455699185,16.599818827914298,4,48807137,"Spain, ΔGNI/cap: 16k, ΔGDP/cap: 17k","Spain, logratio(GNI/cap): 15.8, logratio(GDP/cap): 16.6","Spain, ΔGNI/cap: 16k, ΔGDP/cap: 17k",lin,value
Portugal,Southern Europe,1990,2023,25878.822,41063.926,15.185103999999999,2024,27190.5717704405,41883.8514202164,14.693279649775901,3,10701636,"Portugal, ΔGNI/cap: 15k, ΔGDP/cap: 15k","Portugal, logratio(GNI/cap): 15.2, logratio(GDP/cap): 14.7","Portugal, ΔGNI/cap: 15k, ΔGDP/cap: 15k",lin,value
Dominican Republic,Latin America,1990,2023,6962.5503,22023.51,15.0609597,2024,7327.72670133751,24229.4681222745,16.90174142093699,6,11427557,"Dominican Republic, ΔGNI/cap: 15k, ΔGDP/cap: 17k","Dominican Republic, logratio(GNI/cap): 15.1, logratio(GDP/cap): 16.9","Dominican Republic, ΔGNI/cap: 15k, ΔGDP/cap: 17k",lin,value
Uruguay,Latin America,1990,2023,13637.145,28649.822,15.012677,2024,14060.8454762218,32038.7727288227,17.9779272526009,12,3386588,"Uruguay, ΔGNI/cap: 15k, ΔGDP/cap: 18k","Uruguay, logratio(GNI/cap): 15, logratio(GDP/cap): 18","Uruguay, ΔGNI/cap: 15k, ΔGDP/cap: 18k",lin,value
Bulgaria,CEE,1990,2023,17729.385,32174.93,14.445545000000003,2024,14955.0762626823,34085.1952950467,19.130119032364405,1,6444366,"Bulgaria, ΔGNI/cap: 14k, ΔGDP/cap: 19k","Bulgaria, logratio(GNI/cap): 14.4, logratio(GDP/cap): 19.1","Bulgaria, ΔGNI/cap: 14k, ΔGDP/cap: 19k",lin,value
Belarus,ex-USSR/Balkans,1990,2023,12383.924,26724.871,14.340946999999998,2024,12351.6357106896,29037.5291400434,16.6858934293538,2,9133712,"Belarus, ΔGNI/cap: 14k, ΔGDP/cap: 17k","Belarus, logratio(GNI/cap): 14.3, logratio(GDP/cap): 16.7","Belarus, ΔGNI/cap: 14k, ΔGDP/cap: 17k",lin,value
Kazakhstan,ex-USSR/Balkans,1990,2023,18539.242,30988.53,12.449288000000001,2024,16837.690749004,35905.4414938905,19.067750744886503,4,20592571,"Kazakhstan, ΔGNI/cap: 12k, ΔGDP/cap: 19k","Kazakhstan, logratio(GNI/cap): 12.4, logratio(GDP/cap): 19.1","Kazakhstan, ΔGNI/cap: 12k, ΔGDP/cap: 19k",lin,value
Thailand,Asia,1990,2023,8478.667,20569.902,12.091235,2024,8701.95436053257,21737.1779720129,13.035223611480331,6,71668011,"Thailand, ΔGNI/cap: 12k, ΔGDP/cap: 13k","Thailand, logratio(GNI/cap): 12.1, logratio(GDP/cap): 13","Thailand, ΔGNI/cap: 12k, ΔGDP/cap: 13k",lin,value
Costa Rica,Latin America,1990,2023,11946.281,23417.213,11.470932,2024,10953.4262046456,26973.4361581028,16.020009953457198,5,5129910,"Costa Rica, ΔGNI/cap: 11k, ΔGDP/cap: 16k","Costa Rica, logratio(GNI/cap): 11.5, logratio(GDP/cap): 16","Costa Rica, ΔGNI/cap: 11k, ΔGDP/cap: 16k",lin,value
Azerbaijan,ex-USSR/Balkans,1990,2023,10332.301,20667.957,10.335655999999998,2024,10776.0677000765,22072.1058327346,11.296038132658099,1,10202850,"Azerbaijan, ΔGNI/cap: 10k, ΔGDP/cap: 11k","Azerbaijan, logratio(GNI/cap): 10.3, logratio(GDP/cap): 11.3","Azerbaijan, ΔGNI/cap: 10k, ΔGDP/cap: 11k",lin,value
North Macedonia,ex-USSR/Balkans,1990,2023,12007.635,22128.395,10.12076,2024,12904.5181514137,24465.3919306751,11.560873779261401,6,1792179,"North Macedonia, ΔGNI/cap: 10k, ΔGDP/cap: 12k","North Macedonia, logratio(GNI/cap): 10.1, logratio(GDP/cap): 11.6","North Macedonia, ΔGNI/cap: 10k, ΔGDP/cap: 12k",lin,value
Italy,Southern Europe,1990,2023,42767.633,52388.883,9.62125,2024,42656.7445101659,53115.1350996573,10.4583905894914,2,58986023,"Italy, ΔGNI/cap: 10k, ΔGDP/cap: 10k","Italy, logratio(GNI/cap): 9.6, logratio(GDP/cap): 10.5","Italy, ΔGNI/cap: 10k, ΔGDP/cap: 10k",lin,value
Argentina,Latin America,1990,2023,16405.537,25876.053,9.470516,2024,17007.2844317191,26547.0503429365,9.539765911217401,1,45696159,"Argentina, ΔGNI/cap: 9k, ΔGDP/cap: 10k","Argentina, logratio(GNI/cap): 9.5, logratio(GDP/cap): 9.5","Argentina, ΔGNI/cap: 9k, ΔGDP/cap: 10k",lin,value
Georgia,ex-USSR/Balkans,1990,2023,11650.671,20752.57,9.101899,2024,12917.0944269361,25000.6326416981,12.083538214762,3,3673850,"Georgia, ΔGNI/cap: 9k, ΔGDP/cap: 12k","Georgia, logratio(GNI/cap): 9.1, logratio(GDP/cap): 12.1","Georgia, ΔGNI/cap: 9k, ΔGDP/cap: 12k",lin,value
Colombia,Latin America,1990,2023,9675.699,18665.95,8.990251,2024,9998.81069684463,18503.6706011465,8.50485990430187,4,52886363,"Colombia, ΔGNI/cap: 9k, ΔGDP/cap: 9k","Colombia, logratio(GNI/cap): 9, logratio(GDP/cap): 8.5","Colombia, ΔGNI/cap: 9k, ΔGDP/cap: 9k",lin,value
Greece,Southern Europe,1990,2023,27322.46,35760.75,8.43829,2024,26916.3125225704,37752.6321172664,10.836319594696004,1,10388805,"Greece, ΔGNI/cap: 8k, ΔGDP/cap: 11k","Greece, logratio(GNI/cap): 8.4, logratio(GDP/cap): 10.8","Greece, ΔGNI/cap: 8k, ΔGDP/cap: 11k",lin,value
Russia,ex-USSR/Balkans,1990,2023,30906.912,39221.684,8.314772000000001,2024,29643.595703125,41704.7109375,12.061115234375,7,143533851,"Russia, ΔGNI/cap: 8k, ΔGDP/cap: 12k","Russia, logratio(GNI/cap): 8.3, logratio(GDP/cap): 12.1","Russia, ΔGNI/cap: 8k, ΔGDP/cap: 12k",lin,value
Egypt,Africa,1990,2023,7964.0776,16218.135,8.254057400000002,2024,8006.62143741369,16798.151577864,8.791530140450309,2,116538258,"Egypt, ΔGNI/cap: 8k, ΔGDP/cap: 9k","Egypt, logratio(GNI/cap): 8.3, logratio(GDP/cap): 8.8","Egypt, ΔGNI/cap: 8k, ΔGDP/cap: 9k",lin,value
Brazil,Latin America,1990,2023,12177.599,18011.285,5.833686,2024,12633.2884560597,19647.9096329925,7.014621176932802,2,211998573,"Brazil, ΔGNI/cap: 6k, ΔGDP/cap: 7k","Brazil, logratio(GNI/cap): 5.8, logratio(GDP/cap): 7","Brazil, ΔGNI/cap: 6k, ΔGDP/cap: 7k",lin,value
Ecuador,Latin America,1990,2023,8236.324,13986.397,5.750073,2024,9104.81599790272,13935.5391125402,4.83072311463748,7,18135478,"Ecuador, ΔGNI/cap: 6k, ΔGDP/cap: 5k","Ecuador, logratio(GNI/cap): 5.8, logratio(GDP/cap): 4.8","Ecuador, ΔGNI/cap: 6k, ΔGDP/cap: 5k",lin,value
Paraguay,Latin America,1990,2023,9612.724,15252.22,5.639495999999999,2024,9962.48027842986,16296.2836189267,6.333803340496839,11,6929153,"Paraguay, ΔGNI/cap: 6k, ΔGDP/cap: 6k","Paraguay, logratio(GNI/cap): 5.6, logratio(GDP/cap): 6.3","Paraguay, ΔGNI/cap: 6k, ΔGDP/cap: 6k",lin,value
Tunisia,Africa,1990,2023,6425.749,12011.388,5.585639000000001,2024,6742.57685903794,12713.5498473821,5.970972988344161,5,12277109,"Tunisia, ΔGNI/cap: 6k, ΔGDP/cap: 6k","Tunisia, logratio(GNI/cap): 5.6, logratio(GDP/cap): 6","Tunisia, ΔGNI/cap: 6k, ΔGDP/cap: 6k",lin,value
Mexico,Latin America,1990,2023,17073.438,21812.656,4.739218000000001,2024,17169.5925839593,22033.2744496619,4.863681865702602,9,130861007,"Mexico, ΔGNI/cap: 5k, ΔGDP/cap: 5k","Mexico, logratio(GNI/cap): 4.7, logratio(GDP/cap): 4.9","Mexico, ΔGNI/cap: 5k, ΔGDP/cap: 5k",lin,value
Morocco,Africa,1990,2023,4255.4136,8652.881,4.3974674,2024,4418.66015625,9065.9140625,4.6472539062500005,3,38081173,"Morocco, ΔGNI/cap: 4k, ΔGDP/cap: 5k","Morocco, logratio(GNI/cap): 4.4, logratio(GDP/cap): 4.6","Morocco, ΔGNI/cap: 4k, ΔGDP/cap: 5k",lin,value
South Africa,Africa,1990,2023,9628.174,13693.988,4.065813999999999,2024,10824.3847590107,13598.7888656984,2.7744041066877,4,64007187,"South Africa, ΔGNI/cap: 4k, ΔGDP/cap: 3k","South Africa, logratio(GNI/cap): 4.1, logratio(GDP/cap): 2.8","South Africa, ΔGNI/cap: 4k, ΔGDP/cap: 3k",lin,value
Algeria,Africa,1990,2023,11297.324,15114.172,3.8168480000000002,2024,11728.5457286791,15442.1244460542,3.7135787173751,1,46814308,"Algeria, ΔGNI/cap: 4k, ΔGDP/cap: 4k","Algeria, logratio(GNI/cap): 3.8, logratio(GDP/cap): 3.7","Algeria, ΔGNI/cap: 4k, ΔGDP/cap: 4k",lin,value
Iran,Asia,1990,2023,13115.075,16095.771,2.980696,2024,9046.58484470857,16224.0353445835,7.177450499874931,2,91567738,"Iran, ΔGNI/cap: 3k, ΔGDP/cap: 7k","Iran, logratio(GNI/cap): 3, logratio(GDP/cap): 7.2","Iran, ΔGNI/cap: 3k, ΔGDP/cap: 7k",lin,value
Jamaica,Latin America,1990,2023,9117.886,10056.985,0.9390990000000001,2024,8742.16514946537,10259.9951095504,1.5178299600850296,8,2839175,"Jamaica, ΔGNI/cap: 1k, ΔGDP/cap: 2k","Jamaica, logratio(GNI/cap): 0.9, logratio(GDP/cap): 1.5","Jamaica, ΔGNI/cap: 1k, ΔGDP/cap: 2k",lin,value
Moldova,ex-USSR/Balkans,1990,2023,16041.989,15866.542,-0.17544700000000013,2024,15902.8943232278,16465.9286876097,0.5630343643818997,5,2389275,"Moldova, ΔGNI/cap: 0k, ΔGDP/cap: 1k","Moldova, logratio(GNI/cap): -0.2, logratio(GDP/cap): 0.6","Moldova, ΔGNI/cap: 0k, ΔGDP/cap: 1k",lin,value
Ukraine,ex-USSR/Balkans,1990,2023,23600.672,16933.145,-6.667526999999998,2024,22815.798828125,16319.8447265625,-6.4959541015625,8,37860221,"Ukraine, ΔGNI/cap: -7k, ΔGDP/cap: -6k","Ukraine, logratio(GNI/cap): -6.7, logratio(GDP/cap): -6.5","Ukraine, ΔGNI/cap: -7k, ΔGDP/cap: -6k",lin,value
South Korea,Asia,1990,2023,37.48147742426126,77.63302246321001,40.151545038948754,2023,32.66187441598503,80.42269944378843,47.7608250278034,5,51748695,"South Korea, ΔGNI/cap: 40%, ΔGDP/cap: 48%","South Korea, logratio(GNI/cap): 40.2, logratio(GDP/cap): 47.8","South Korea, ΔGNI/cap: 40%, ΔGDP/cap: 48%",lin,% of DE
Poland,CEE,1990,2023,29.860793653134355,65.9102462338234,36.04945258068905,2024,30.25819134967237,71.80128262246758,41.54309127279521,7,36554707,"Poland, ΔGNI/cap: 36%, ΔGDP/cap: 42%","Poland, logratio(GNI/cap): 36, logratio(GDP/cap): 41.5","Poland, ΔGNI/cap: 36%, ΔGDP/cap: 42%",lin,% of DE
China,Asia,1990,2023,3.855671490623491,34.39206017783056,30.53638868720707,2024,3.933889296840227,37.952725042338194,34.01883574549797,1,1408975000,"China, ΔGNI/cap: 31%, ΔGDP/cap: 34%","China, logratio(GNI/cap): 30.5, logratio(GDP/cap): 34","China, ΔGNI/cap: 31%, ΔGDP/cap: 34%",lin,% of DE
Panama,Latin America,1990,2023,24.241645851956555,53.68124255043342,29.439596698476862,2024,26.75239826921417,57.975690294834806,31.223292025620637,10,4515577,"Panama, ΔGNI/cap: 29%, ΔGDP/cap: 31%","Panama, logratio(GNI/cap): 29.4, logratio(GDP/cap): 31.2","Panama, ΔGNI/cap: 29%, ΔGDP/cap: 31%",lin,% of DE
Estonia,CEE,1990,2023,36.94293059414791,63.823377006337374,26.880446412189464,2024,45.68896516180332,66.12486881980247,20.435903657999155,3,1371986,"Estonia, ΔGNI/cap: 27%, ΔGDP/cap: 20%","Estonia, logratio(GNI/cap): 26.9, logratio(GDP/cap): 20.4","Estonia, ΔGNI/cap: 27%, ΔGDP/cap: 20%",lin,% of DE
Malaysia,Asia,1990,2023,26.971419302240825,50.82194224637221,23.850522944131384,2024,28.351891135223298,54.228960020464626,25.87706888524133,4,35557673,"Malaysia, ΔGNI/cap: 24%, ΔGDP/cap: 26%","Malaysia, logratio(GNI/cap): 23.9, logratio(GDP/cap): 25.9","Malaysia, ΔGNI/cap: 24%, ΔGDP/cap: 26%",lin,% of DE
Romania,CEE,1990,2023,38.43013899802421,61.47115188879723,23.04101289077302,2024,38.50524347279481,64.6361387772977,26.130895304502893,8,19069340,"Romania, ΔGNI/cap: 23%, ΔGDP/cap: 26%","Romania, logratio(GNI/cap): 23, logratio(GDP/cap): 26.1","Romania, ΔGNI/cap: 23%, ΔGDP/cap: 26%",lin,% of DE
Israel,Asia,1990,2023,53.47966946451013,75.01591762213121,21.53624815762108,2024,59.79032791386606,75.34457450740442,15.554246593538359,3,9974400,"Israel, ΔGNI/cap: 22%, ΔGDP/cap: 16%","Israel, logratio(GNI/cap): 21.5, logratio(GDP/cap): 15.6","Israel, ΔGNI/cap: 22%, ΔGDP/cap: 16%",lin,% of DE
Lithuania,CEE,1990,2023,44.430278503981185,65.44005599843118,21.00977749444999,2024,48.58275438909318,75.07426638260425,26.491511993511068,6,2888055,"Lithuania, ΔGNI/cap: 21%, ΔGDP/cap: 26%","Lithuania, logratio(GNI/cap): 21, logratio(GDP/cap): 26.5","Lithuania, ΔGNI/cap: 21%, ΔGDP/cap: 26%",lin,% of DE
Chile,Latin America,1990,2023,25.086707867738056,43.78728920479146,18.700581337053407,2024,25.84787221785107,48.038970428891524,22.191098211040455,3,19764771,"Chile, ΔGNI/cap: 19%, ΔGDP/cap: 22%","Chile, logratio(GNI/cap): 18.7, logratio(GDP/cap): 22.2","Chile, ΔGNI/cap: 19%, ΔGDP/cap: 22%",lin,% of DE
Dominican Republic,Latin America,1990,2023,16.29726917089222,34.38314103257537,18.085871861683145,2024,17.293170503538853,38.56365874731082,21.270488243771965,6,11427557,"Dominican Republic, ΔGNI/cap: 18%, ΔGDP/cap: 21%","Dominican Republic, logratio(GNI/cap): 18.1, logratio(GDP/cap): 21.3","Dominican Republic, ΔGNI/cap: 18%, ΔGDP/cap: 21%",lin,% of DE
Latvia,CEE,1990,2023,46.31100137890871,59.322267046577814,13.0112656676691,2024,41.32010369216002,61.97066975215436,20.65056605999434,5,1862441,"Latvia, ΔGNI/cap: 13%, ΔGDP/cap: 21%","Latvia, logratio(GNI/cap): 13, logratio(GDP/cap): 20.7","Latvia, ΔGNI/cap: 13%, ΔGDP/cap: 21%",lin,% of DE
Uruguay,Latin America,1990,2023,31.9205195239289,44.72815052569642,12.807631001767522,2024,33.183087764426844,50.992959975919746,17.809872211492902,12,3386588,"Uruguay, ΔGNI/cap: 13%, ΔGDP/cap: 18%","Uruguay, logratio(GNI/cap): 12.8, logratio(GDP/cap): 17.8","Uruguay, ΔGNI/cap: 13%, ΔGDP/cap: 18%",lin,% of DE
Belarus,ex-USSR/Balkans,1990,2023,28.987100146317406,41.72291377125551,12.735813624938107,2024,29.149414415737823,46.21617606175536,17.06676164601754,2,9133712,"Belarus, ΔGNI/cap: 13%, ΔGDP/cap: 17%","Belarus, logratio(GNI/cap): 12.7, logratio(GDP/cap): 17.1","Belarus, ΔGNI/cap: 13%, ΔGDP/cap: 17%",lin,% of DE
Thailand,Asia,1990,2023,19.846049558789,32.11376576632217,12.267716207533166,2024,20.53629817324323,34.596925909060225,14.060627735816993,6,71668011,"Thailand, ΔGNI/cap: 12%, ΔGDP/cap: 14%","Thailand, logratio(GNI/cap): 12.3, logratio(GDP/cap): 14.1","Thailand, ΔGNI/cap: 12%, ΔGDP/cap: 14%",lin,% of DE
Slovakia,CEE,1990,2023,45.687582963326555,57.44127816956221,11.753695206235655,2024,41.34890567182747,64.21567055835206,22.866764886524592,9,5422069,"Slovakia, ΔGNI/cap: 12%, ΔGDP/cap: 23%","Slovakia, logratio(GNI/cap): 11.8, logratio(GDP/cap): 22.9","Slovakia, ΔGNI/cap: 12%, ΔGDP/cap: 23%",lin,% of DE
Slovenia,CEE,1990,2023,60.761927232662934,72.37857492354445,11.616647690881514,2024,59.828415621894564,77.1861326506189,17.357717028724338,10,2126324,"Slovenia, ΔGNI/cap: 12%, ΔGDP/cap: 17%","Slovenia, logratio(GNI/cap): 11.6, logratio(GDP/cap): 17.4","Slovenia, ΔGNI/cap: 12%, ΔGDP/cap: 17%",lin,% of DE
Czechia,CEE,1990,2023,62.18400086699674,71.64200933339453,9.458008466397786,2024,65.88579677380272,76.33608982395403,10.450293050151302,2,10882164,"Czechia, ΔGNI/cap: 9%, ΔGDP/cap: 10%","Czechia, logratio(GNI/cap): 9.5, logratio(GDP/cap): 10.5","Czechia, ΔGNI/cap: 9%, ΔGDP/cap: 10%",lin,% of DE
Bulgaria,CEE,1990,2023,41.49924196301734,50.23155509286395,8.73231312984661,2024,35.29344014109946,54.25004928132255,18.956609140223094,1,6444366,"Bulgaria, ΔGNI/cap: 9%, ΔGDP/cap: 19%","Bulgaria, logratio(GNI/cap): 8.7, logratio(GDP/cap): 19","Bulgaria, ΔGNI/cap: 9%, ΔGDP/cap: 19%",lin,% of DE
Costa Rica,Latin America,1990,2023,27.96270743611224,36.55899251158681,8.596285075474569,2024,25.849690453151403,42.93096249550708,17.08127204235568,5,5129910,"Costa Rica, ΔGNI/cap: 9%, ΔGDP/cap: 17%","Costa Rica, logratio(GNI/cap): 8.6, logratio(GDP/cap): 17.1","Costa Rica, ΔGNI/cap: 9%, ΔGDP/cap: 17%",lin,% of DE
Azerbaijan,ex-USSR/Balkans,1990,2023,24.184858032792793,32.26684939803888,8.081991365246086,2024,25.431130784542816,35.12999760756625,9.698866823023437,1,10202850,"Azerbaijan, ΔGNI/cap: 8%, ΔGDP/cap: 10%","Azerbaijan, logratio(GNI/cap): 8.1, logratio(GDP/cap): 9.7","Azerbaijan, ΔGNI/cap: 8%, ΔGDP/cap: 10%",lin,% of DE
Hungary,CEE,1990,2023,50.16892158384202,58.13302165919114,7.964100075349116,2024,50.26015274694435,64.7816101640311,14.521457417086744,4,9562314,"Hungary, ΔGNI/cap: 8%, ΔGDP/cap: 15%","Hungary, logratio(GNI/cap): 8, logratio(GDP/cap): 14.5","Hungary, ΔGNI/cap: 8%, ΔGDP/cap: 15%",lin,% of DE
Egypt,Africa,1990,2023,18.641548104158517,25.31977977126928,6.6782316671107615,2024,18.895337574368266,26.73596390004194,7.840626325673675,2,116538258,"Egypt, ΔGNI/cap: 7%, ΔGDP/cap: 8%","Egypt, logratio(GNI/cap): 6.7, logratio(GDP/cap): 7.8","Egypt, ΔGNI/cap: 7%, ΔGDP/cap: 8%",lin,% of DE
Colombia,Latin America,1990,2023,22.647947120688336,29.141312686170377,6.493365565482041,2024,23.59683231384453,29.450470601922408,5.853638288077878,4,52886363,"Colombia, ΔGNI/cap: 6%, ΔGDP/cap: 6%","Colombia, logratio(GNI/cap): 6.5, logratio(GDP/cap): 5.9","Colombia, ΔGNI/cap: 6%, ΔGDP/cap: 6%",lin,% of DE
North Macedonia,ex-USSR/Balkans,1990,2023,28.106318987860874,34.54688767183503,6.440568683974156,2024,30.454197018248014,38.939155443796814,8.4849584255488,6,1792179,"North Macedonia, ΔGNI/cap: 6%, ΔGDP/cap: 8%","North Macedonia, logratio(GNI/cap): 6.4, logratio(GDP/cap): 8.5","North Macedonia, ΔGNI/cap: 6%, ΔGDP/cap: 8%",lin,% of DE
Georgia,ex-USSR/Balkans,1990,2023,27.27077193374216,32.39894735663809,5.128175422895929,2024,30.483876574510482,39.79104538308044,9.307168808569955,3,3673850,"Georgia, ΔGNI/cap: 5%, ΔGDP/cap: 9%","Georgia, logratio(GNI/cap): 5.1, logratio(GDP/cap): 9.3","Georgia, ΔGNI/cap: 5%, ΔGDP/cap: 9%",lin,% of DE
Kazakhstan,ex-USSR/Balkans,1990,2023,43.39487746297649,48.37934540780251,4.984467944826022,2024,39.73634237139838,57.14715593236664,17.410813560968258,4,20592571,"Kazakhstan, ΔGNI/cap: 5%, ΔGDP/cap: 17%","Kazakhstan, logratio(GNI/cap): 5, logratio(GDP/cap): 17.4","Kazakhstan, ΔGNI/cap: 5%, ΔGDP/cap: 17%",lin,% of DE
Tunisia,Africa,1990,2023,15.040776233615365,18.752199245305736,3.7114230116903713,2024,15.912237998078693,20.23490550049039,4.322667502411699,5,12277109,"Tunisia, ΔGNI/cap: 4%, ΔGDP/cap: 4%","Tunisia, logratio(GNI/cap): 3.7, logratio(GDP/cap): 4.3","Tunisia, ΔGNI/cap: 4%, ΔGDP/cap: 4%",lin,% of DE
Morocco,Africa,1990,2023,9.960663533400323,13.508892440900281,3.548228907499958,2024,10.427878466766165,14.429322772351341,4.001444305585176,3,38081173,"Morocco, ΔGNI/cap: 4%, ΔGDP/cap: 4%","Morocco, logratio(GNI/cap): 3.5, logratio(GDP/cap): 4","Morocco, ΔGNI/cap: 4%, ΔGDP/cap: 4%",lin,% of DE
Portugal,Southern Europe,1990,2023,60.574661551760336,64.10907067080763,3.5344091190472895,2024,64.16876787027435,66.66240237058375,2.4936345003093976,3,10701636,"Portugal, ΔGNI/cap: 4%, ΔGDP/cap: 2%","Portugal, logratio(GNI/cap): 3.5, logratio(GDP/cap): 2.5","Portugal, ΔGNI/cap: 4%, ΔGDP/cap: 2%",lin,% of DE
Ecuador,Latin America,1990,2023,19.27879633511297,21.83558663394659,2.556790298833622,2024,21.487037095193642,22.179825495292587,0.6927884000989444,7,18135478,"Ecuador, ΔGNI/cap: 3%, ΔGDP/cap: 1%","Ecuador, logratio(GNI/cap): 2.6, logratio(GDP/cap): 0.7","Ecuador, ΔGNI/cap: 3%, ΔGDP/cap: 1%",lin,% of DE
Argentina,Latin America,1990,2023,38.40050568568699,40.397737675120574,1.9972319894335868,2024,40.13657734072113,42.252326175973074,2.1157488352519422,1,45696159,"Argentina, ΔGNI/cap: 2%, ΔGDP/cap: 2%","Argentina, logratio(GNI/cap): 2, logratio(GDP/cap): 2.1","Argentina, ΔGNI/cap: 2%, ΔGDP/cap: 2%",lin,% of DE
Paraguay,Latin America,1990,2023,22.50054128779447,23.811791640835935,1.3112503530414656,2024,23.51109383781801,25.93719008433135,2.426096246513339,11,6929153,"Paraguay, ΔGNI/cap: 1%, ΔGDP/cap: 2%","Paraguay, logratio(GNI/cap): 1.3, logratio(GDP/cap): 2.4","Paraguay, ΔGNI/cap: 1%, ΔGDP/cap: 2%",lin,% of DE
Spain,Southern Europe,1990,2023,70.73012642844385,71.82845428402565,1.0983278555818003,2024,74.98366818140033,76.9906137647126,2.006945583312273,4,48807137,"Spain, ΔGNI/cap: 1%, ΔGDP/cap: 2%","Spain, logratio(GNI/cap): 1.1, logratio(GDP/cap): 2","Spain, ΔGNI/cap: 1%, ΔGDP/cap: 2%",lin,% of DE
Brazil,Latin America,1990,2023,28.50415439845195,28.119248581761454,-0.3849058166904946,2024,29.814104727889596,31.271643205744315,1.457538477854719,2,211998573,"Brazil, ΔGNI/cap: 0%, ΔGDP/cap: 1%","Brazil, logratio(GNI/cap): -0.4, logratio(GDP/cap): 1.5","Brazil, ΔGNI/cap: 0%, ΔGDP/cap: 1%",lin,% of DE
South Africa,Africa,1990,2023,22.536705164224962,21.379077208964176,-1.1576279552607858,2024,25.545157299509064,21.64385328423355,-3.901304015275514,4,64007187,"South Africa, ΔGNI/cap: -1%, ΔGDP/cap: -4%","South Africa, logratio(GNI/cap): -1.2, logratio(GDP/cap): -3.9","South Africa, ΔGNI/cap: -1%, ΔGDP/cap: -4%",lin,% of DE
Algeria,Africa,1990,2023,26.443691205904944,23.596270869929526,-2.8474203359754178,2024,27.6789445500989,24.577709030421687,-3.101235519677214,1,46814308,"Algeria, ΔGNI/cap: -3%, ΔGDP/cap: -3%","Algeria, logratio(GNI/cap): -2.8, logratio(GDP/cap): -3.1","Algeria, ΔGNI/cap: -3%, ΔGDP/cap: -3%",lin,% of DE
Iran,Asia,1990,2023,30.69850819913492,25.128744887669434,-5.569763311465486,2024,21.349613675646573,25.822199619712283,4.47258594406571,2,91567738,"Iran, ΔGNI/cap: -6%, ΔGDP/cap: 4%","Iran, logratio(GNI/cap): -5.6, logratio(GDP/cap): 4.5","Iran, ΔGNI/cap: -6%, ΔGDP/cap: 4%",lin,% of DE
Jamaica,Latin America,1990,2023,21.342272013677203,15.700981978689816,-5.641290034987387,2024,20.631194183621158,16.329824004268623,-4.301370179352535,8,2839175,"Jamaica, ΔGNI/cap: -6%, ΔGDP/cap: -4%","Jamaica, logratio(GNI/cap): -5.6, logratio(GDP/cap): -4.3","Jamaica, ΔGNI/cap: -6%, ΔGDP/cap: -4%",lin,% of DE
Mexico,Latin America,1990,2023,39.963864212017214,34.05395541142403,-5.909908800593186,2024,40.51961872111156,35.06819351851466,-5.4514252025969014,9,130861007,"Mexico, ΔGNI/cap: -6%, ΔGDP/cap: -5%","Mexico, logratio(GNI/cap): -5.9, logratio(GDP/cap): -5.5","Mexico, ΔGNI/cap: -6%, ΔGDP/cap: -5%",lin,% of DE
Greece,Southern Europe,1990,2023,63.95379075838574,55.82974333703708,-8.124047421348664,2024,63.521525945336805,60.08714737095763,-3.434378574379174,1,10388805,"Greece, ΔGNI/cap: -8%, ΔGDP/cap: -3%","Greece, logratio(GNI/cap): -8.1, logratio(GDP/cap): -3.4","Greece, ΔGNI/cap: -8%, ΔGDP/cap: -3%",lin,% of DE
Russia,ex-USSR/Balkans,1990,2023,72.34393180686665,61.232959346948086,-11.110972459918564,2024,69.9578158037121,66.37728210263396,-3.5805337010781386,7,143533851,"Russia, ΔGNI/cap: -11%, ΔGDP/cap: -4%","Russia, logratio(GNI/cap): -11.1, logratio(GDP/cap): -3.6","Russia, ΔGNI/cap: -11%, ΔGDP/cap: -4%",lin,% of DE
Moldova,ex-USSR/Balkans,1990,2023,37.54954743658974,24.77087218546364,-12.7786752511261,2024,37.53025655025335,26.207197436694194,-11.323059113559154,5,2389275,"Moldova, ΔGNI/cap: -13%, ΔGDP/cap: -11%","Moldova, logratio(GNI/cap): -12.8, logratio(GDP/cap): -11.3","Moldova, ΔGNI/cap: -13%, ΔGDP/cap: -11%",lin,% of DE
Italy,Southern Europe,1990,2023,100.10636861078515,81.78961267881867,-18.316755931966483,2024,100.66837724796,84.53813075729263,-16.13024649066736,2,58986023,"Italy, ΔGNI/cap: -18%, ΔGDP/cap: -16%","Italy, logratio(GNI/cap): -18.3, logratio(GDP/cap): -16.1","Italy, ΔGNI/cap: -18%, ΔGDP/cap: -16%",lin,% of DE
Ukraine,ex-USSR/Balkans,1990,2023,55.24218678864542,26.436054591663563,-28.806132196981856,2024,53.844461644180875,25.974689979499924,-27.86977166468095,8,37860221,"Ukraine, ΔGNI/cap: -29%, ΔGDP/cap: -28%","Ukraine, logratio(GNI/cap): -28.8, logratio(GDP/cap): -27.9","Ukraine, ΔGNI/cap: -29%, ΔGDP/cap: -28%",lin,% of DE
South Korea,Asia,1990,2023,37.981430400484484,85.85755310187201,47.87612270138753,2023,33.45961033651213,88.23753508228859,54.77792474577646,5,51748695,"South Korea, ΔGNI/cap: 48%, ΔGDP/cap: 55%","South Korea, logratio(GNI/cap): 47.9, logratio(GDP/cap): 54.8","South Korea, ΔGNI/cap: 48%, ΔGDP/cap: 55%",lin,% of W_EUR3
Poland,CEE,1990,2023,30.25909686008342,72.89285263445308,42.63375577436966,2024,30.99721954573948,78.59595802135784,47.59873847561836,7,36554707,"Poland, ΔGNI/cap: 43%, ΔGDP/cap: 48%","Poland, logratio(GNI/cap): 42.6, logratio(GDP/cap): 47.6","Poland, ΔGNI/cap: 43%, ΔGDP/cap: 48%",lin,% of W_EUR3
Panama,Latin America,1990,2023,24.564997113035457,59.36829440116759,34.80329728813213,2024,27.405800728233924,63.46202678065032,36.05622605241639,10,4515577,"Panama, ΔGNI/cap: 35%, ΔGDP/cap: 36%","Panama, logratio(GNI/cap): 34.8, logratio(GDP/cap): 36.1","Panama, ΔGNI/cap: 35%, ΔGDP/cap: 36%",lin,% of W_EUR3
China,Asia,1990,2023,3.907101011804226,38.035594123624314,34.12849311182009,2024,4.029970886019648,41.544254855558115,37.51428396953847,1,1408975000,"China, ΔGNI/cap: 34%, ΔGDP/cap: 38%","China, logratio(GNI/cap): 34.1, logratio(GDP/cap): 37.5","China, ΔGNI/cap: 34%, ΔGDP/cap: 38%",lin,% of W_EUR3
Estonia,CEE,1990,2023,37.43570007310653,70.58489810903893,33.1491980359324,2024,46.80487566397106,72.38237569175028,25.577500027779223,3,1371986,"Estonia, ΔGNI/cap: 33%, ΔGDP/cap: 26%","Estonia, logratio(GNI/cap): 33.1, logratio(GDP/cap): 25.6","Estonia, ΔGNI/cap: 33%, ΔGDP/cap: 26%",lin,% of W_EUR3
Romania,CEE,1990,2023,38.942745855839746,67.98347558897066,29.040729733130917,2024,39.4456982506093,70.75276463673515,31.307066386125854,8,19069340,"Romania, ΔGNI/cap: 29%, ΔGDP/cap: 31%","Romania, logratio(GNI/cap): 29, logratio(GDP/cap): 31.3","Romania, ΔGNI/cap: 29%, ΔGDP/cap: 31%",lin,% of W_EUR3
Malaysia,Asia,1990,2023,27.331182104557463,56.20607657296863,28.874894468411163,2024,29.044359720626108,59.36073715731421,30.316377436688104,4,35557673,"Malaysia, ΔGNI/cap: 29%, ΔGDP/cap: 30%","Malaysia, logratio(GNI/cap): 28.9, logratio(GDP/cap): 30.3","Malaysia, ΔGNI/cap: 29%, ΔGDP/cap: 30%",lin,% of W_EUR3
Israel,Asia,1990,2023,54.193017009847544,82.96318919928697,28.770172189439428,2024,61.25065109279671,82.47455754039723,21.22390644760052,3,9974400,"Israel, ΔGNI/cap: 29%, ΔGDP/cap: 21%","Israel, logratio(GNI/cap): 28.8, logratio(GDP/cap): 21.2","Israel, ΔGNI/cap: 29%, ΔGDP/cap: 21%",lin,% of W_EUR3
Lithuania,CEE,1990,2023,45.022919229453606,72.37284991109782,27.34993068164421,2024,49.76934300310602,82.17866970589526,32.40932670278924,6,2888055,"Lithuania, ΔGNI/cap: 27%, ΔGDP/cap: 32%","Lithuania, logratio(GNI/cap): 27.3, logratio(GDP/cap): 32.4","Lithuania, ΔGNI/cap: 27%, ΔGDP/cap: 32%",lin,% of W_EUR3
Chile,Latin America,1990,2023,25.42133113032055,48.42616439246596,23.004833262145407,2024,26.479182468902756,52.58497850339169,26.105796034488932,3,19764771,"Chile, ΔGNI/cap: 23%, ΔGDP/cap: 26%","Chile, logratio(GNI/cap): 23, logratio(GDP/cap): 26.1","Chile, ΔGNI/cap: 23%, ΔGDP/cap: 26%",lin,% of W_EUR3
Dominican Republic,Latin America,1990,2023,16.514653030500295,38.02573007398315,21.511077043482853,2024,17.71554011756569,42.21300223828016,24.49746212071447,6,11427557,"Dominican Republic, ΔGNI/cap: 22%, ΔGDP/cap: 24%","Dominican Republic, logratio(GNI/cap): 21.5, logratio(GDP/cap): 24.5","Dominican Republic, ΔGNI/cap: 22%, ΔGDP/cap: 24%",lin,% of W_EUR3
Latvia,CEE,1990,2023,46.92872844204408,65.60693544411035,18.678207002066266,2024,42.32930881417249,67.83505782209612,25.505749007923626,5,1862441,"Latvia, ΔGNI/cap: 19%, ΔGDP/cap: 26%","Latvia, logratio(GNI/cap): 18.7, logratio(GDP/cap): 25.5","Latvia, ΔGNI/cap: 19%, ΔGDP/cap: 26%",lin,% of W_EUR3
Slovenia,CEE,1990,2023,61.572410395244084,80.04644341756689,18.474033022322807,2024,61.28966905768794,84.49038540908609,23.20071635139815,10,2126324,"Slovenia, ΔGNI/cap: 18%, ΔGDP/cap: 23%","Slovenia, logratio(GNI/cap): 18.5, logratio(GDP/cap): 23.2","Slovenia, ΔGNI/cap: 18%, ΔGDP/cap: 23%",lin,% of W_EUR3
Slovakia,CEE,1990,2023,46.296994455312614,63.52667246750229,17.229678012189673,2024,42.35881425541935,70.29250680736837,27.933692551949022,9,5422069,"Slovakia, ΔGNI/cap: 17%, ΔGDP/cap: 28%","Slovakia, logratio(GNI/cap): 17.2, logratio(GDP/cap): 27.9","Slovakia, ΔGNI/cap: 17%, ΔGDP/cap: 28%",lin,% of W_EUR3
Uruguay,Latin America,1990,2023,32.34629673003898,49.46670163110531,17.12040490106633,2024,33.993553836476,55.81850901919769,21.824955182721688,12,3386588,"Uruguay, ΔGNI/cap: 17%, ΔGDP/cap: 22%","Uruguay, logratio(GNI/cap): 17.1, logratio(GDP/cap): 21.8","Uruguay, ΔGNI/cap: 17%, ΔGDP/cap: 22%",lin,% of W_EUR3
Belarus,ex-USSR/Balkans,1990,2023,29.373749445815182,46.14308667909975,16.76933723328457,2024,29.861361765899204,50.58969005827731,20.72832829237811,2,9133712,"Belarus, ΔGNI/cap: 17%, ΔGDP/cap: 21%","Belarus, logratio(GNI/cap): 16.8, logratio(GDP/cap): 20.7","Belarus, ΔGNI/cap: 17%, ΔGDP/cap: 21%",lin,% of W_EUR3
Czechia,CEE,1990,2023,63.013452597381296,79.23184523160451,16.218392634223214,2024,67.49499611336321,83.5599016087869,16.064905495423687,2,10882164,"Czechia, ΔGNI/cap: 16%, ΔGDP/cap: 16%","Czechia, logratio(GNI/cap): 16.2, logratio(GDP/cap): 16.1","Czechia, ΔGNI/cap: 16%, ΔGDP/cap: 16%",lin,% of W_EUR3
Thailand,Asia,1990,2023,20.11076942110606,35.51593461261561,15.40516519150955,2024,21.03787816583035,37.870890840683366,16.833012674853016,6,71668011,"Thailand, ΔGNI/cap: 15%, ΔGDP/cap: 17%","Thailand, logratio(GNI/cap): 15.4, logratio(GDP/cap): 16.8","Thailand, ΔGNI/cap: 15%, ΔGDP/cap: 17%",lin,% of W_EUR3
Bulgaria,CEE,1990,2023,42.05278656574393,55.553143133374405,13.500356567630476,2024,36.155449608190814,59.38382213018031,23.2283725219895,1,6444366,"Bulgaria, ΔGNI/cap: 14%, ΔGDP/cap: 23%","Bulgaria, logratio(GNI/cap): 13.5, logratio(GDP/cap): 23.2","Bulgaria, ΔGNI/cap: 14%, ΔGDP/cap: 23%",lin,% of W_EUR3
Hungary,CEE,1990,2023,50.83810816301129,64.29170004866899,13.453591885657694,2024,51.48771025655848,70.91200222396773,19.424291967409253,4,9562314,"Hungary, ΔGNI/cap: 13%, ΔGDP/cap: 19%","Hungary, logratio(GNI/cap): 13.5, logratio(GDP/cap): 19.4","Hungary, ΔGNI/cap: 13%, ΔGDP/cap: 19%",lin,% of W_EUR3
Costa Rica,Latin America,1990,2023,28.33569270154617,40.432093731787944,12.096401030241775,2024,26.481045112910092,46.993591240632384,20.512546127722292,5,5129910,"Costa Rica, ΔGNI/cap: 12%, ΔGDP/cap: 21%","Costa Rica, logratio(GNI/cap): 12.1, logratio(GDP/cap): 20.5","Costa Rica, ΔGNI/cap: 12%, ΔGDP/cap: 21%",lin,% of W_EUR3
Azerbaijan,ex-USSR/Balkans,1990,2023,24.507451820016467,35.68523609827364,11.177784278257175,2024,26.052262513483743,38.45440800511133,12.40214549162759,1,10202850,"Azerbaijan, ΔGNI/cap: 11%, ΔGDP/cap: 12%","Azerbaijan, logratio(GNI/cap): 11.2, logratio(GDP/cap): 12.4","Azerbaijan, ΔGNI/cap: 11%, ΔGDP/cap: 12%",lin,% of W_EUR3
North Macedonia,ex-USSR/Balkans,1990,2023,28.481219840076612,38.20682421832298,9.725604378246366,2024,31.198012470565587,42.62403281484171,11.426020344276125,6,1792179,"North Macedonia, ΔGNI/cap: 10%, ΔGDP/cap: 11%","North Macedonia, logratio(GNI/cap): 9.7, logratio(GDP/cap): 11.4","North Macedonia, ΔGNI/cap: 10%, ΔGDP/cap: 11%",lin,% of W_EUR3
Kazakhstan,ex-USSR/Balkans,1990,2023,43.97370731791744,53.50470824902702,9.531000931109581,2024,40.70686559539662,62.55508682646872,21.848221231072095,4,20592571,"Kazakhstan, ΔGNI/cap: 10%, ΔGDP/cap: 22%","Kazakhstan, logratio(GNI/cap): 9.5, logratio(GDP/cap): 21.8","Kazakhstan, ΔGNI/cap: 10%, ΔGDP/cap: 22%",lin,% of W_EUR3
Portugal,Southern Europe,1990,2023,61.38264683963255,70.90085848504705,9.518211645414503,2024,65.73603037499545,72.97077694099282,7.234746565997369,2,10701636,"Portugal, ΔGNI/cap: 10%, ΔGDP/cap: 7%","Portugal, logratio(GNI/cap): 9.5, logratio(GDP/cap): 7.2","Portugal, ΔGNI/cap: 10%, ΔGDP/cap: 7%",lin,% of W_EUR3
Colombia,Latin America,1990,2023,22.95004056380873,32.2285764746158,9.278535910807069,2024,24.173163007780317,32.237417864923074,8.064254857142757,4,52886363,"Colombia, ΔGNI/cap: 9%, ΔGDP/cap: 8%","Colombia, logratio(GNI/cap): 9.3, logratio(GDP/cap): 8.1","Colombia, ΔGNI/cap: 9%, ΔGDP/cap: 8%",lin,% of W_EUR3
Egypt,Africa,1990,2023,18.890201521700963,28.002186019095898,9.111984497394936,2024,19.356838629744985,29.266032856225028,9.909194226480043,2,116538258,"Egypt, ΔGNI/cap: 9%, ΔGDP/cap: 10%","Egypt, logratio(GNI/cap): 9.1, logratio(GDP/cap): 9.9","Egypt, ΔGNI/cap: 9%, ΔGDP/cap: 10%",lin,% of W_EUR3
Georgia,ex-USSR/Balkans,1990,2023,27.634527701367112,35.83132866475146,8.196800963384348,2024,31.228416922400008,43.55653852311441,12.328121600714404,3,3673850,"Georgia, ΔGNI/cap: 8%, ΔGDP/cap: 12%","Georgia, logratio(GNI/cap): 8.2, logratio(GDP/cap): 12.3","Georgia, ΔGNI/cap: 8%, ΔGDP/cap: 12%",lin,% of W_EUR3
Spain,Southern Europe,1990,2023,71.67357208871702,79.43804237222174,7.764470283504721,2024,76.81507457282018,84.27636424417356,7.461289671353384,3,48807137,"Spain, ΔGNI/cap: 8%, ΔGDP/cap: 7%","Spain, logratio(GNI/cap): 7.8, logratio(GDP/cap): 7.5","Spain, ΔGNI/cap: 8%, ΔGDP/cap: 7%",lin,% of W_EUR3
Argentina,Latin America,1990,2023,38.912717274593284,44.67751992112437,5.764802646531088,2024,41.11687593179149,46.25073443176009,5.133858499968596,1,45696159,"Argentina, ΔGNI/cap: 6%, ΔGDP/cap: 5%","Argentina, logratio(GNI/cap): 5.8, logratio(GDP/cap): 5.1","Argentina, ΔGNI/cap: 6%, ΔGDP/cap: 5%",lin,% of W_EUR3
Tunisia,Africa,1990,2023,15.241400151333087,20.738828547396864,5.497428396063777,2024,16.300879619357815,22.149768433036794,5.848888813678979,5,12277109,"Tunisia, ΔGNI/cap: 5%, ΔGDP/cap: 6%","Tunisia, logratio(GNI/cap): 5.5, logratio(GDP/cap): 5.8","Tunisia, ΔGNI/cap: 5%, ΔGDP/cap: 6%",lin,% of W_EUR3
Morocco,Africa,1990,2023,10.09352551539515,14.940039860508037,4.846514345112887,2024,10.682569704687255,15.794793706616572,5.112224001929317,3,38081173,"Morocco, ΔGNI/cap: 5%, ΔGDP/cap: 5%","Morocco, logratio(GNI/cap): 4.8, logratio(GDP/cap): 5.1","Morocco, ΔGNI/cap: 5%, ΔGDP/cap: 5%",lin,% of W_EUR3
Ecuador,Latin America,1990,2023,19.535949795117787,24.148873500616737,4.61292370549895,2024,22.011838002153997,24.278739458110657,2.26690145595666,7,18135478,"Ecuador, ΔGNI/cap: 5%, ΔGDP/cap: 2%","Ecuador, logratio(GNI/cap): 4.6, logratio(GDP/cap): 2.3","Ecuador, ΔGNI/cap: 5%, ΔGDP/cap: 2%",lin,% of W_EUR3
Paraguay,Latin America,1990,2023,22.800668533477296,26.334439912121514,3.533771378644218,2024,24.0853304491783,28.391669739088943,4.3063392899106425,11,6929153,"Paraguay, ΔGNI/cap: 4%, ΔGDP/cap: 4%","Paraguay, logratio(GNI/cap): 3.5, logratio(GDP/cap): 4.3","Paraguay, ΔGNI/cap: 4%, ΔGDP/cap: 4%",lin,% of W_EUR3
Brazil,Latin America,1990,2023,28.884361845050844,31.09823373729172,2.2138718922408778,2024,30.542286521037216,34.2309310765498,3.6886445555125853,2,211998573,"Brazil, ΔGNI/cap: 2%, ΔGDP/cap: 4%","Brazil, logratio(GNI/cap): 2.2, logratio(GDP/cap): 3.7","Brazil, ΔGNI/cap: 2%, ΔGDP/cap: 4%",lin,% of W_EUR3
South Africa,Africa,1990,2023,22.837314787842057,23.644000948275927,0.8066861604338698,2024,26.169074020080373,23.692047300778235,-2.4770267193021382,4,64007187,"South Africa, ΔGNI/cap: 1%, ΔGDP/cap: -2%","South Africa, logratio(GNI/cap): 0.8, logratio(GDP/cap): -2.5","South Africa, ΔGNI/cap: 1%, ΔGDP/cap: -2%",lin,% of W_EUR3
Algeria,Africa,1990,2023,26.796414818452902,26.096086625780995,-0.7003281926719076,2024,28.35497704072305,26.903538720514625,-1.4514383202084247,1,46814308,"Algeria, ΔGNI/cap: -1%, ΔGDP/cap: -1%","Algeria, logratio(GNI/cap): -0.7, logratio(GDP/cap): -1.5","Algeria, ΔGNI/cap: -1%, ΔGDP/cap: -1%",lin,% of W_EUR3
Mexico,Latin America,1990,2023,40.49692892096719,37.66167015396951,-2.8352587669976828,2024,41.509272741827324,38.38675529179995,-3.122517450027374,9,130861007,"Mexico, ΔGNI/cap: -3%, ΔGDP/cap: -3%","Mexico, logratio(GNI/cap): -2.8, logratio(GDP/cap): -3.1","Mexico, ΔGNI/cap: -3%, ΔGDP/cap: -3%",lin,% of W_EUR3
Greece,Southern Europe,1990,2023,64.80684912821714,61.7444098031237,-3.062439325093436,2024,65.07298016770957,65.77329456943659,0.7003144017270131,1,10388805,"Greece, ΔGNI/cap: -3%, ΔGDP/cap: 1%","Greece, logratio(GNI/cap): -3.1, logratio(GDP/cap): 0.7","Greece, ΔGNI/cap: -3%, ΔGDP/cap: 1%",lin,% of W_EUR3
Iran,Asia,1990,2023,31.10798540212896,27.790912682794243,-3.3170727193347176,2024,21.87105814333164,28.26579753458283,6.394739391251189,2,91567738,"Iran, ΔGNI/cap: -3%, ΔGDP/cap: 6%","Iran, logratio(GNI/cap): -3.3, logratio(GDP/cap): 6.4","Iran, ΔGNI/cap: -3%, ΔGDP/cap: 6%",lin,% of W_EUR3
Jamaica,Latin America,1990,2023,21.62694949028321,17.364361855494305,-4.262587634788904,2024,21.135091923047572,17.875142547022513,-3.259949376025059,8,2839175,"Jamaica, ΔGNI/cap: -4%, ΔGDP/cap: -3%","Jamaica, logratio(GNI/cap): -4.3, logratio(GDP/cap): -3.3","Jamaica, ΔGNI/cap: -4%, ΔGDP/cap: -3%",lin,% of W_EUR3
Russia,ex-USSR/Balkans,1990,2023,73.30890348098539,67.72004865850464,-5.588854822480755,2024,71.66647042277849,72.65867526547473,0.9922048426962391,7,143533851,"Russia, ΔGNI/cap: -6%, ΔGDP/cap: 1%","Russia, logratio(GNI/cap): -5.6, logratio(GDP/cap): 1","Russia, ΔGNI/cap: -6%, ΔGDP/cap: 1%",lin,% of W_EUR3
Moldova,ex-USSR/Balkans,1990,2023,38.05040837609494,27.39512653975305,-10.655281836341892,2024,38.44689817882081,28.687228338555073,-9.759669840265737,5,2389275,"Moldova, ΔGNI/cap: -11%, ΔGDP/cap: -10%","Moldova, logratio(GNI/cap): -10.7, logratio(GDP/cap): -9.8","Moldova, ΔGNI/cap: -11%, ΔGDP/cap: -10%",lin,% of W_EUR3
Ukraine,ex-USSR/Balkans,1990,2023,55.97904396707099,29.2367202627382,-26.742323704332794,2024,55.15956256667982,28.43271831202283,-26.72684425465699,8,37860221,"Ukraine, ΔGNI/cap: -27%, ΔGDP/cap: -27%","Ukraine, logratio(GNI/cap): -26.7, logratio(GDP/cap): -26.7","Ukraine, ΔGNI/cap: -27%, ΔGDP/cap: -27%",lin,% of W_EUR3
South Korea,Asia,1990,2023,44.80292591637013,104.13873283265131,59.335806916281186,2023,38.14163457185109,103.87406505330853,65.73243048145744,5,51748695,"South Korea, ΔGNI/cap: 59%, ΔGDP/cap: 66%","South Korea, logratio(GNI/cap): 59.3, logratio(GDP/cap): 65.7","South Korea, ΔGNI/cap: 59%, ΔGDP/cap: 66%",lin,% of S_EUR4
Poland,CEE,1990,2023,35.693655047317336,88.41352952258339,52.71987447526605,2024,35.33467989514783,91.78842338284596,56.453743487698134,7,36554707,"Poland, ΔGNI/cap: 53%, ΔGDP/cap: 56%","Poland, logratio(GNI/cap): 52.7, logratio(GDP/cap): 56.5","Poland, ΔGNI/cap: 53%, ΔGDP/cap: 56%",lin,% of S_EUR4
Panama,Latin America,1990,2023,28.97689039581655,72.0092609911402,43.03237059532364,2024,31.240711592645305,74.11423601825581,42.873524425610505,10,4515577,"Panama, ΔGNI/cap: 43%, ΔGDP/cap: 43%","Panama, logratio(GNI/cap): 43, logratio(GDP/cap): 42.9","Panama, ΔGNI/cap: 43%, ΔGDP/cap: 43%",lin,% of S_EUR4
China,Asia,1990,2023,4.608819502948646,46.134305386871205,41.525485883922556,2024,4.59388723669707,48.51752876109218,43.92364152439511,1,1408975000,"China, ΔGNI/cap: 42%, ΔGDP/cap: 44%","China, logratio(GNI/cap): 41.5, logratio(GDP/cap): 43.9","China, ΔGNI/cap: 42%, ΔGDP/cap: 44%",lin,% of S_EUR4
Estonia,CEE,1990,2023,44.159181982294406,85.61415484873454,41.45497286644014,2024,53.35431123679379,84.53188068074918,31.17756944395539,3,1371986,"Estonia, ΔGNI/cap: 41%, ΔGDP/cap: 31%","Estonia, logratio(GNI/cap): 41.5, logratio(GDP/cap): 31.2","Estonia, ΔGNI/cap: 41%, ΔGDP/cap: 31%",lin,% of S_EUR4
Israel,Asia,1990,2023,63.92612654856238,100.6280878365828,36.701961288020414,2024,69.82149307100785,96.31805243437233,26.496559363364483,3,9974400,"Israel, ΔGNI/cap: 37%, ΔGDP/cap: 26%","Israel, logratio(GNI/cap): 36.7, logratio(GDP/cap): 26.5","Israel, ΔGNI/cap: 37%, ΔGDP/cap: 26%",lin,% of S_EUR4
Romania,CEE,1990,2023,45.9368944024015,82.45882564338447,36.52193124098297,2024,44.96535951778449,82.62873663577872,37.66337711799423,8,19069340,"Romania, ΔGNI/cap: 37%, ΔGDP/cap: 38%","Romania, logratio(GNI/cap): 36.5, logratio(GDP/cap): 37.7","Romania, ΔGNI/cap: 37%, ΔGDP/cap: 38%",lin,% of S_EUR4
Malaysia,Asia,1990,2023,32.23988444157409,68.17372939639831,35.933844954824224,2024,33.10855517132692,69.32453794930231,36.21598277797539,4,35557673,"Malaysia, ΔGNI/cap: 36%, ΔGDP/cap: 36%","Malaysia, logratio(GNI/cap): 35.9, logratio(GDP/cap): 36.2","Malaysia, ΔGNI/cap: 36%, ΔGDP/cap: 36%",lin,% of S_EUR4
Lithuania,CEE,1990,2023,53.109071815004505,87.78280546018794,34.67373364518344,2024,56.73359834780024,95.97249932310775,39.238900975307516,6,2888055,"Lithuania, ΔGNI/cap: 35%, ΔGDP/cap: 39%","Lithuania, logratio(GNI/cap): 34.7, logratio(GDP/cap): 39.2","Lithuania, ΔGNI/cap: 35%, ΔGDP/cap: 39%",lin,% of S_EUR4
Chile,Latin America,1990,2023,29.987022692877222,58.737283017993526,28.750260325116304,2024,30.18443105980099,61.411456669763524,31.227025609962535,3,19764771,"Chile, ΔGNI/cap: 29%, ΔGDP/cap: 31%","Chile, logratio(GNI/cap): 28.8, logratio(GDP/cap): 31.2","Chile, ΔGNI/cap: 29%, ΔGDP/cap: 31%",lin,% of S_EUR4
Dominican Republic,Latin America,1990,2023,19.480698026860615,46.122341039028555,26.64164301216794,2024,20.194486744210973,49.29852653052939,29.104039786318413,6,11427557,"Dominican Republic, ΔGNI/cap: 27%, ΔGDP/cap: 29%","Dominican Republic, logratio(GNI/cap): 26.6, logratio(GDP/cap): 29.1","Dominican Republic, ΔGNI/cap: 27%, ΔGDP/cap: 29%",lin,% of S_EUR4
Slovenia,CEE,1990,2023,72.63086493433563,97.0902953101302,24.459430375794568,2024,69.86597084416933,98.67224044271589,28.806269598546564,10,2126324,"Slovenia, ΔGNI/cap: 24%, ΔGDP/cap: 29%","Slovenia, logratio(GNI/cap): 24.5, logratio(GDP/cap): 28.8","Slovenia, ΔGNI/cap: 24%, ΔGDP/cap: 29%",lin,% of S_EUR4
Latvia,CEE,1990,2023,55.357165898405256,79.57626178883312,24.219095890427866,2024,48.252475513960256,79.22128776498151,30.968812251021255,5,1862441,"Latvia, ΔGNI/cap: 24%, ΔGDP/cap: 31%","Latvia, logratio(GNI/cap): 24.2, logratio(GDP/cap): 31","Latvia, ΔGNI/cap: 24%, ΔGDP/cap: 31%",lin,% of S_EUR4
Slovakia,CEE,1990,2023,54.61197197843056,77.05305978136852,22.441087802937957,2024,48.28610967008463,82.09122374617559,33.80511407609096,9,5422069,"Slovakia, ΔGNI/cap: 22%, ΔGDP/cap: 34%","Slovakia, logratio(GNI/cap): 22.4, logratio(GDP/cap): 33.8","Slovakia, ΔGNI/cap: 22%, ΔGDP/cap: 34%",lin,% of S_EUR4
Uruguay,Latin America,1990,2023,38.15571769636079,59.99937616626338,21.843658469902593,2024,38.750293120256664,65.18774078765036,26.43744766739369,12,3386588,"Uruguay, ΔGNI/cap: 22%, ΔGDP/cap: 26%","Uruguay, logratio(GNI/cap): 21.8, logratio(GDP/cap): 26.4","Uruguay, ΔGNI/cap: 22%, ΔGDP/cap: 26%",lin,% of S_EUR4
Czechia,CEE,1990,2023,74.33071947756771,96.10224918268878,21.77152970512107,2024,76.93961320210538,97.58557335241167,20.645960150306294,2,10882164,"Czechia, ΔGNI/cap: 22%, ΔGDP/cap: 21%","Czechia, logratio(GNI/cap): 21.8, logratio(GDP/cap): 20.6","Czechia, ΔGNI/cap: 22%, ΔGDP/cap: 21%",lin,% of S_EUR4
Belarus,ex-USSR/Balkans,1990,2023,34.64929852378831,55.96808203987666,21.318783516088352,2024,34.03988082461036,59.08125566220929,25.04137483759893,2,9133712,"Belarus, ΔGNI/cap: 21%, ΔGDP/cap: 25%","Belarus, logratio(GNI/cap): 21.3, logratio(GDP/cap): 25","Belarus, ΔGNI/cap: 21%, ΔGDP/cap: 25%",lin,% of S_EUR4
Thailand,Asia,1990,2023,23.722679819966,43.078148541417576,19.355468721451576,2024,23.981721636865643,44.22758434251266,20.245862705647014,6,71668011,"Thailand, ΔGNI/cap: 19%, ΔGDP/cap: 20%","Thailand, logratio(GNI/cap): 19.4, logratio(GDP/cap): 20.2","Thailand, ΔGNI/cap: 19%, ΔGDP/cap: 20%",lin,% of S_EUR4
Hungary,CEE,1990,2023,59.968673368519376,77.98098050594588,18.012307137426504,2024,58.6924178075086,82.81470252312621,24.122284715617617,4,9562314,"Hungary, ΔGNI/cap: 18%, ΔGDP/cap: 24%","Hungary, logratio(GNI/cap): 18, logratio(GDP/cap): 24.1","Hungary, ΔGNI/cap: 18%, ΔGDP/cap: 24%",lin,% of S_EUR4
Bulgaria,CEE,1990,2023,49.60550093073685,67.3817704065733,17.776269475836443,2024,41.214704321638635,69.35149777416557,28.13679345252693,1,6444366,"Bulgaria, ΔGNI/cap: 18%, ΔGDP/cap: 28%","Bulgaria, logratio(GNI/cap): 17.8, logratio(GDP/cap): 28.1","Bulgaria, ΔGNI/cap: 18%, ΔGDP/cap: 28%",lin,% of S_EUR4
Costa Rica,Latin America,1990,2023,33.42480595149488,49.04107856420584,15.616272612710958,2024,30.186554344751134,54.88154553575662,24.69499119100549,5,5129910,"Costa Rica, ΔGNI/cap: 16%, ΔGDP/cap: 25%","Costa Rica, logratio(GNI/cap): 15.6, logratio(GDP/cap): 24.7","Costa Rica, ΔGNI/cap: 16%, ΔGDP/cap: 25%",lin,% of S_EUR4
Azerbaijan,ex-USSR/Balkans,1990,2023,28.909009921785408,43.2834984675003,14.374488545714893,2024,29.697771927573918,44.90904585641287,15.21127392883895,1,10202850,"Azerbaijan, ΔGNI/cap: 14%, ΔGDP/cap: 15%","Azerbaijan, logratio(GNI/cap): 14.4, logratio(GDP/cap): 15.2","Azerbaijan, ΔGNI/cap: 14%, ΔGDP/cap: 15%",lin,% of S_EUR4
Kazakhstan,ex-USSR/Balkans,1990,2023,51.871420598410815,64.89717347317332,13.02575287476251,2024,46.40300279919289,73.0550646487228,26.652061849529915,4,20592571,"Kazakhstan, ΔGNI/cap: 13%, ΔGDP/cap: 27%","Kazakhstan, logratio(GNI/cap): 13, logratio(GDP/cap): 26.7","Kazakhstan, ΔGNI/cap: 13%, ΔGDP/cap: 27%",lin,% of S_EUR4
North Macedonia,ex-USSR/Balkans,1990,2023,33.59646988141148,46.341994570181335,12.745524688769855,2024,35.56356989973265,49.77854928913582,14.214979389403169,6,1792179,"North Macedonia, ΔGNI/cap: 13%, ΔGDP/cap: 14%","North Macedonia, logratio(GNI/cap): 12.7, logratio(GDP/cap): 14.2","North Macedonia, ΔGNI/cap: 13%, ΔGDP/cap: 14%",lin,% of S_EUR4
Colombia,Latin America,1990,2023,27.071886348569322,39.09083119436707,12.018944845797748,2024,27.555728850865535,37.64852333692771,10.092794486062175,4,52886363,"Colombia, ΔGNI/cap: 12%, ΔGDP/cap: 10%","Colombia, logratio(GNI/cap): 12, logratio(GDP/cap): 10.1","Colombia, ΔGNI/cap: 12%, ΔGDP/cap: 10%",lin,% of S_EUR4
Egypt,Africa,1990,2023,22.282896941956,33.96453850848504,11.681641566529041,2024,22.065453185399697,34.178386295812906,12.11293311041321,2,116538258,"Egypt, ΔGNI/cap: 12%, ΔGDP/cap: 12%","Egypt, logratio(GNI/cap): 11.7, logratio(GDP/cap): 12.1","Egypt, ΔGNI/cap: 12%, ΔGDP/cap: 12%",lin,% of S_EUR4
Georgia,ex-USSR/Balkans,1990,2023,32.59771115209067,43.46069772603517,10.862986573944504,2024,35.59822886555929,50.86757766810915,15.269348802549857,3,3673850,"Georgia, ΔGNI/cap: 11%, ΔGDP/cap: 15%","Georgia, logratio(GNI/cap): 10.9, logratio(GDP/cap): 15.3","Georgia, ΔGNI/cap: 11%, ΔGDP/cap: 15%",lin,% of S_EUR4
Argentina,Latin America,1990,2023,45.90147266375782,54.19046015871121,8.288987494953389,2024,46.870386138812655,54.01399894682045,7.143612808007795,1,45696159,"Argentina, ΔGNI/cap: 8%, ΔGDP/cap: 7%","Argentina, logratio(GNI/cap): 8.3, logratio(GDP/cap): 7.1","Argentina, ΔGNI/cap: 8%, ΔGDP/cap: 7%",lin,% of S_EUR4
Tunisia,Africa,1990,2023,17.97876790425508,25.154634011022544,7.175866106767465,2024,18.58187191626728,25.867644773934824,7.285772857667546,5,12277109,"Tunisia, ΔGNI/cap: 7%, ΔGDP/cap: 7%","Tunisia, logratio(GNI/cap): 7.2, logratio(GDP/cap): 7.3","Tunisia, ΔGNI/cap: 7%, ΔGDP/cap: 7%",lin,% of S_EUR4
Ecuador,Latin America,1990,2023,23.04462212580134,29.290761206603577,6.246139080802237,2024,25.091968283228375,28.353967210085912,3.2619989268575367,7,18135478,"Ecuador, ΔGNI/cap: 6%, ΔGDP/cap: 3%","Ecuador, logratio(GNI/cap): 6.2, logratio(GDP/cap): 3.3","Ecuador, ΔGNI/cap: 6%, ΔGDP/cap: 3%",lin,% of S_EUR4
Morocco,Africa,1990,2023,11.906330834119192,18.121140928586335,6.214810094467143,2024,12.177388375616742,18.445976720503445,6.2685883448867035,3,38081173,"Morocco, ΔGNI/cap: 6%, ΔGDP/cap: 6%","Morocco, logratio(GNI/cap): 6.2, logratio(GDP/cap): 6.3","Morocco, ΔGNI/cap: 6%, ΔGDP/cap: 6%",lin,% of S_EUR4
Paraguay,Latin America,1990,2023,26.895686981184998,31.94168833407082,5.046001352885824,2024,27.455605827315164,33.15725984088475,5.701654013569584,11,6929153,"Paraguay, ΔGNI/cap: 5%, ΔGDP/cap: 6%","Paraguay, logratio(GNI/cap): 5, logratio(GDP/cap): 5.7","Paraguay, ΔGNI/cap: 5%, ΔGDP/cap: 6%",lin,% of S_EUR4
Brazil,Latin America,1990,2023,34.0720165154426,37.719810753196896,3.6477942377542973,2024,34.81608780730376,39.976651135031105,5.1605633277273455,2,211998573,"Brazil, ΔGNI/cap: 4%, ΔGDP/cap: 5%","Brazil, logratio(GNI/cap): 3.6, logratio(GDP/cap): 5.2","Brazil, ΔGNI/cap: 4%, ΔGDP/cap: 5%",lin,% of S_EUR4
South Africa,Africa,1990,2023,26.938914932373375,28.678388899878566,1.739473967505191,2024,29.830928941465803,27.668797775316893,-2.16213116614891,4,64007187,"South Africa, ΔGNI/cap: 2%, ΔGDP/cap: -2%","South Africa, logratio(GNI/cap): 1.7, logratio(GDP/cap): -2.2","South Africa, ΔGNI/cap: 2%, ΔGDP/cap: -2%",lin,% of S_EUR4
Algeria,Africa,1990,2023,31.609072519821524,31.652583784625442,0.04351126480391798,2024,32.32270674115758,31.419343497337827,-0.9033632438197543,1,46814308,"Algeria, ΔGNI/cap: 0%, ΔGDP/cap: -1%","Algeria, logratio(GNI/cap): 0, logratio(GDP/cap): -0.9","Algeria, ΔGNI/cap: 0%, ΔGDP/cap: -1%",lin,% of S_EUR4
Mexico,Latin America,1990,2023,47.7702099988171,45.68076382915405,-2.0894461696630486,2024,47.31769128029587,44.830037519995166,-2.4876537603007023,9,130861007,"Mexico, ΔGNI/cap: -2%, ΔGDP/cap: -2%","Mexico, logratio(GNI/cap): -2.1, logratio(GDP/cap): -2.5","Mexico, ΔGNI/cap: -2%, ΔGDP/cap: -2%",lin,% of S_EUR4
Iran,Asia,1990,2023,36.69500465578381,33.708279894898936,-2.9867247608848757,2024,24.93148901056872,33.01025977255808,8.078770761989361,2,91567738,"Iran, ΔGNI/cap: -3%, ΔGDP/cap: 8%","Iran, logratio(GNI/cap): -3, logratio(GDP/cap): 8.1","Iran, ΔGNI/cap: -3%, ΔGDP/cap: 8%",lin,% of S_EUR4
Russia,ex-USSR/Balkans,1990,2023,86.47524163879358,82.13930865575058,-4.335932983042994,2024,81.69480452487939,84.85455760831623,3.15975308343684,7,143533851,"Russia, ΔGNI/cap: -4%, ΔGDP/cap: 3%","Russia, logratio(GNI/cap): -4.3, logratio(GDP/cap): 3.2","Russia, ΔGNI/cap: -4%, ΔGDP/cap: 3%",lin,% of S_EUR4
Jamaica,Latin America,1990,2023,25.511167051725295,21.061660561572364,-4.449506490152931,2024,24.092538576030346,20.87551565551208,-3.217022920518268,8,2839175,"Jamaica, ΔGNI/cap: -4%, ΔGDP/cap: -3%","Jamaica, logratio(GNI/cap): -4.4, logratio(GDP/cap): -3.2","Jamaica, ΔGNI/cap: -4%, ΔGDP/cap: -3%",lin,% of S_EUR4
Moldova,ex-USSR/Balkans,1990,2023,44.884292392001775,33.22822117065219,-11.656071221349585,2024,43.826796726247025,33.5024284544522,-10.324368271794825,5,2389275,"Moldova, ΔGNI/cap: -12%, ΔGDP/cap: -10%","Moldova, logratio(GNI/cap): -11.7, logratio(GDP/cap): -10.3","Moldova, ΔGNI/cap: -12%, ΔGDP/cap: -10%",lin,% of S_EUR4
Ukraine,ex-USSR/Balkans,1990,2023,66.03292538697846,35.46193538420175,-30.57099000277671,2024,62.87807471163663,33.20519848666973,-29.6728762249669,8,37860221,"Ukraine, ΔGNI/cap: -31%, ΔGDP/cap: -30%","Ukraine, logratio(GNI/cap): -30.6, logratio(GDP/cap): -29.7","Ukraine, ΔGNI/cap: -31%, ΔGDP/cap: -30%",lin,% of S_EUR4
South Korea,Asia,1990,2023,39.036272799705834,79.29042717150138,40.25415437179554,2023,33.98218809298647,80.78925695333858,46.80706886035211,5,51748695,"South Korea, ΔGNI/cap: 40%, ΔGDP/cap: 47%","South Korea, logratio(GNI/cap): 40.3, logratio(GDP/cap): 46.8","South Korea, ΔGNI/cap: 40%, ΔGDP/cap: 47%",lin,% of G7
Poland,CEE,1990,2023,31.099470116003616,67.3173787782809,36.21790866227728,2024,31.48133927350209,71.62918786735422,40.14784859385213,7,36554707,"Poland, ΔGNI/cap: 36%, ΔGDP/cap: 40%","Poland, logratio(GNI/cap): 36.2, logratio(GDP/cap): 40.1","Poland, ΔGNI/cap: 36%, ΔGDP/cap: 40%",lin,% of G7
China,Asia,1990,2023,4.015611295957166,35.12630393980169,31.110692643844523,2024,4.092911641249394,37.86175918931314,33.768847548063746,1,1408975000,"China, ΔGNI/cap: 31%, ΔGDP/cap: 34%","China, logratio(GNI/cap): 31.1, logratio(GDP/cap): 33.8","China, ΔGNI/cap: 31%, ΔGDP/cap: 34%",lin,% of G7
Panama,Latin America,1990,2023,25.24723051547333,54.827295368255655,29.580064852782325,2024,27.8338290798766,57.836732996867326,30.002903916990725,10,4515577,"Panama, ΔGNI/cap: 30%, ΔGDP/cap: 30%","Panama, logratio(GNI/cap): 29.6, logratio(GDP/cap): 30","Panama, ΔGNI/cap: 30%, ΔGDP/cap: 30%",lin,% of G7
Estonia,CEE,1990,2023,38.47538613193233,65.18595651429725,26.710570382364914,2024,47.5358819928119,65.96637940720686,18.430497414394956,3,1371986,"Estonia, ΔGNI/cap: 27%, ΔGDP/cap: 18%","Estonia, logratio(GNI/cap): 26.7, logratio(GDP/cap): 18.4","Estonia, ΔGNI/cap: 27%, ΔGDP/cap: 18%",lin,% of G7
Malaysia,Asia,1990,2023,28.09023960715113,51.90695122439528,23.81671161724415,2024,29.497979359001754,54.09898296080896,24.601003601807207,4,35557673,"Malaysia, ΔGNI/cap: 24%, ΔGDP/cap: 25%","Malaysia, logratio(GNI/cap): 23.8, logratio(GDP/cap): 24.6","Malaysia, ΔGNI/cap: 24%, ΔGDP/cap: 25%",lin,% of G7
Romania,CEE,1990,2023,40.024286467599254,62.78351321818986,22.759226750590607,2024,40.06176772323772,64.48121758274412,24.4194498595064,8,19069340,"Romania, ΔGNI/cap: 23%, ΔGDP/cap: 24%","Romania, logratio(GNI/cap): 22.8, logratio(GDP/cap): 24.4","Romania, ΔGNI/cap: 23%, ΔGDP/cap: 24%",lin,% of G7
Israel,Asia,1990,2023,55.698097031346194,76.61744917557083,20.919352144224632,2024,62.207273943713126,75.16398711919369,12.956713175480566,3,9974400,"Israel, ΔGNI/cap: 21%, ΔGDP/cap: 13%","Israel, logratio(GNI/cap): 20.9, logratio(GDP/cap): 13","Israel, ΔGNI/cap: 21%, ΔGDP/cap: 13%",lin,% of G7
Lithuania,CEE,1990,2023,46.27332195623822,66.83715034670352,20.563828390465304,2024,50.54664887565482,74.89432687433164,24.347677998676822,6,2888055,"Lithuania, ΔGNI/cap: 21%, ΔGDP/cap: 24%","Lithuania, logratio(GNI/cap): 20.6, logratio(GDP/cap): 24.3","Lithuania, ΔGNI/cap: 21%, ΔGDP/cap: 24%",lin,% of G7
Chile,Latin America,1990,2023,26.12734713967457,44.72211380634204,18.594766666667468,2024,26.892738742532586,47.923829660511004,21.031090917978418,3,19764771,"Chile, ΔGNI/cap: 19%, ΔGDP/cap: 21%","Chile, logratio(GNI/cap): 18.6, logratio(GDP/cap): 21","Chile, ΔGNI/cap: 19%, ΔGDP/cap: 21%",lin,% of G7
Dominican Republic,Latin America,1990,2023,16.97330758988147,35.117194377725525,18.143886787844057,2024,17.9922243681072,38.471228596121335,20.479004228014137,6,11427557,"Dominican Republic, ΔGNI/cap: 18%, ΔGDP/cap: 20%","Dominican Republic, logratio(GNI/cap): 18.1, logratio(GDP/cap): 20.5","Dominican Republic, ΔGNI/cap: 18%, ΔGDP/cap: 20%",lin,% of G7
Uruguay,Latin America,1990,2023,33.244636915989545,45.68306178539375,12.438424869404201,2024,34.524470811294165,50.8707390261116,16.346268214817435,12,3386588,"Uruguay, ΔGNI/cap: 12%, ΔGDP/cap: 16%","Uruguay, logratio(GNI/cap): 12.4, logratio(GDP/cap): 16.3","Uruguay, ΔGNI/cap: 12%, ΔGDP/cap: 16%",lin,% of G7
Belarus,ex-USSR/Balkans,1990,2023,30.18953431786558,42.6136655613315,12.424131243465922,2024,30.327741478034223,46.10540420349423,15.777662725460008,2,9133712,"Belarus, ΔGNI/cap: 12%, ΔGDP/cap: 16%","Belarus, logratio(GNI/cap): 12.4, logratio(GDP/cap): 15.8","Belarus, ΔGNI/cap: 12%, ΔGDP/cap: 16%",lin,% of G7
Latvia,CEE,1990,2023,48.23206041191064,60.58875135428475,12.356690942374115,2024,42.990414995946566,61.82213720725145,18.831722211304886,5,1862441,"Latvia, ΔGNI/cap: 12%, ΔGDP/cap: 19%","Latvia, logratio(GNI/cap): 12.4, logratio(GDP/cap): 18.8","Latvia, ΔGNI/cap: 12%, ΔGDP/cap: 19%",lin,% of G7
Thailand,Asia,1990,2023,20.66929741867395,32.79936971285526,12.13007229418131,2024,21.3664512443065,34.51400330274272,13.147552058436222,6,71668011,"Thailand, ΔGNI/cap: 12%, ΔGDP/cap: 13%","Thailand, logratio(GNI/cap): 12.1, logratio(GDP/cap): 13.1","Thailand, ΔGNI/cap: 12%, ΔGDP/cap: 13%",lin,% of G7
Slovakia,CEE,1990,2023,47.58278154108167,58.667604826283885,11.084823285202212,2024,43.02038125807973,64.06175715046369,21.04137589238396,9,5422069,"Slovakia, ΔGNI/cap: 11%, ΔGDP/cap: 21%","Slovakia, logratio(GNI/cap): 11.1, logratio(GDP/cap): 21","Slovakia, ΔGNI/cap: 11%, ΔGDP/cap: 21%",lin,% of G7
Slovenia,CEE,1990,2023,63.28243522638714,73.92380125959946,10.641366033212314,2024,62.24690129766627,77.00113137889373,14.754230081227462,10,2126324,"Slovenia, ΔGNI/cap: 11%, ΔGDP/cap: 15%","Slovenia, logratio(GNI/cap): 10.6, logratio(GDP/cap): 14.8","Slovenia, ΔGNI/cap: 11%, ΔGDP/cap: 15%",lin,% of G7
Czechia,CEE,1990,2023,64.76349889158811,73.17151056641546,8.40801167482735,2024,68.54914418285453,76.15312595193464,7.603981769080107,2,10882164,"Czechia, ΔGNI/cap: 8%, ΔGDP/cap: 8%","Czechia, logratio(GNI/cap): 8.4, logratio(GDP/cap): 7.6","Czechia, ΔGNI/cap: 8%, ΔGDP/cap: 8%",lin,% of G7
Costa Rica,Latin America,1990,2023,29.122648057301184,37.33949859516494,8.216850537863756,2024,26.894630477623668,42.82806470304991,15.933434225426243,5,5129910,"Costa Rica, ΔGNI/cap: 8%, ΔGDP/cap: 16%","Costa Rica, logratio(GNI/cap): 8.2, logratio(GDP/cap): 15.9","Costa Rica, ΔGNI/cap: 8%, ΔGDP/cap: 16%",lin,% of G7
Bulgaria,CEE,1990,2023,43.22070103887517,51.30395976389378,8.08325872501861,2024,36.720131430559555,54.120021674503235,17.39989024394368,1,6444366,"Bulgaria, ΔGNI/cap: 8%, ΔGDP/cap: 17%","Bulgaria, logratio(GNI/cap): 8.1, logratio(GDP/cap): 17.4","Bulgaria, ΔGNI/cap: 8%, ΔGDP/cap: 17%",lin,% of G7
Azerbaijan,ex-USSR/Balkans,1990,2023,25.1880870410717,32.95572156116227,7.767634520090571,2024,26.459151080279774,35.04579732430397,8.586646244024195,1,10202850,"Azerbaijan, ΔGNI/cap: 8%, ΔGDP/cap: 9%","Azerbaijan, logratio(GNI/cap): 7.8, logratio(GDP/cap): 8.6","Azerbaijan, ΔGNI/cap: 8%, ΔGDP/cap: 9%",lin,% of G7
Hungary,CEE,1990,2023,52.250013702668404,59.37411650192778,7.124102799259376,2024,52.291853874528606,64.62634030073845,12.334486426209843,4,9562314,"Hungary, ΔGNI/cap: 7%, ΔGDP/cap: 12%","Hungary, logratio(GNI/cap): 7.1, logratio(GDP/cap): 12.3","Hungary, ΔGNI/cap: 7%, ΔGDP/cap: 12%",lin,% of G7
Egypt,Africa,1990,2023,19.41483119690855,25.860337395773584,6.445506198865033,2024,19.65915695329491,26.671882605223157,7.012725651928246,2,116538258,"Egypt, ΔGNI/cap: 6%, ΔGDP/cap: 7%","Egypt, logratio(GNI/cap): 6.4, logratio(GDP/cap): 7","Egypt, ΔGNI/cap: 6%, ΔGDP/cap: 7%",lin,% of G7
Colombia,Latin America,1990,2023,23.58742245267636,29.7634570690551,6.17603461637874,2024,24.55070348611965,29.379883122965243,4.829179636845591,4,52886363,"Colombia, ΔGNI/cap: 6%, ΔGDP/cap: 5%","Colombia, logratio(GNI/cap): 6.2, logratio(GDP/cap): 4.8","Colombia, ΔGNI/cap: 6%, ΔGDP/cap: 5%",lin,% of G7
North Macedonia,ex-USSR/Balkans,1990,2023,29.272216860253973,35.28443688050132,6.012220020247344,2024,31.685268215607426,38.845825294589645,7.160557078982219,6,1792179,"North Macedonia, ΔGNI/cap: 6%, ΔGDP/cap: 7%","North Macedonia, logratio(GNI/cap): 6, logratio(GDP/cap): 7.2","North Macedonia, ΔGNI/cap: 6%, ΔGDP/cap: 7%",lin,% of G7
Georgia,ex-USSR/Balkans,1990,2023,28.402009894493965,33.09063970853671,4.6886298140427485,2024,31.716147529224955,39.695673406970876,7.979525877745921,3,3673850,"Georgia, ΔGNI/cap: 5%, ΔGDP/cap: 8%","Georgia, logratio(GNI/cap): 4.7, logratio(GDP/cap): 8","Georgia, ΔGNI/cap: 5%, ΔGDP/cap: 8%",lin,% of G7
Kazakhstan,ex-USSR/Balkans,1990,2023,45.19497072060639,49.4122068412337,4.217236120627305,2024,41.34263218926911,57.010184482186325,15.667552292917215,4,20592571,"Kazakhstan, ΔGNI/cap: 4%, ΔGDP/cap: 16%","Kazakhstan, logratio(GNI/cap): 4.2, logratio(GDP/cap): 15.7","Kazakhstan, ΔGNI/cap: 4%, ΔGDP/cap: 16%",lin,% of G7
Tunisia,Africa,1990,2023,15.664693190420937,19.15254412862799,3.4878509382070533,2024,16.55546946706883,20.186406072908312,3.6309366058394836,5,12277109,"Tunisia, ΔGNI/cap: 3%, ΔGDP/cap: 4%","Tunisia, logratio(GNI/cap): 3.5, logratio(GDP/cap): 3.6","Tunisia, ΔGNI/cap: 3%, ΔGDP/cap: 4%",lin,% of G7
Morocco,Africa,1990,2023,10.373848782818103,13.797296798027562,3.423448015209459,2024,10.849411854177697,14.394738281959766,3.5453264277820686,3,38081173,"Morocco, ΔGNI/cap: 3%, ΔGDP/cap: 4%","Morocco, logratio(GNI/cap): 3.4, logratio(GDP/cap): 3.5","Morocco, ΔGNI/cap: 3%, ΔGDP/cap: 4%",lin,% of G7
Portugal,Southern Europe,1990,2023,63.087401446822085,65.47774951651834,2.390348069696259,2024,66.76270662517905,66.50262458678628,-0.2600820383927669,2,10701636,"Portugal, ΔGNI/cap: 2%, ΔGDP/cap: 0%","Portugal, logratio(GNI/cap): 2.4, logratio(GDP/cap): -0.3","Portugal, ΔGNI/cap: 2%, ΔGDP/cap: 0%",lin,% of G7
Ecuador,Latin America,1990,2023,20.07851356735231,22.30175944220686,2.2232458748545483,2024,22.355622547262403,22.126664444435885,-0.22895810282651752,7,18135478,"Ecuador, ΔGNI/cap: 2%, ΔGDP/cap: 0%","Ecuador, logratio(GNI/cap): 2.2, logratio(GDP/cap): -0.2","Ecuador, ΔGNI/cap: 2%, ΔGDP/cap: 0%",lin,% of G7
Argentina,Latin America,1990,2023,39.99342391511071,41.260197985213416,1.2667740701027057,2024,41.75904613525685,42.15105495266559,0.39200881740873683,1,45696159,"Argentina, ΔGNI/cap: 1%, ΔGDP/cap: 0%","Argentina, logratio(GNI/cap): 1.3, logratio(GDP/cap): 0.4","Argentina, ΔGNI/cap: 1%, ΔGDP/cap: 0%",lin,% of G7
Paraguay,Latin America,1990,2023,23.433901975348853,24.32015489047081,0.8862529151219576,2024,24.461499144016333,25.875023306624026,1.4135241626076933,11,6929153,"Paraguay, ΔGNI/cap: 1%, ΔGDP/cap: 1%","Paraguay, logratio(GNI/cap): 0.9, logratio(GDP/cap): 1.4","Paraguay, ΔGNI/cap: 1%, ΔGDP/cap: 1%",lin,% of G7
Spain,Southern Europe,1990,2023,73.66413226366667,73.36193597187379,-0.30219629179288177,2024,78.01478517703693,76.80608111657689,-1.208704060460036,3,48807137,"Spain, ΔGNI/cap: 0%, ΔGDP/cap: -1%","Spain, logratio(GNI/cap): -0.3, logratio(GDP/cap): -1.2","Spain, ΔGNI/cap: 0%, ΔGDP/cap: -1%",lin,% of G7
Brazil,Latin America,1990,2023,29.686555159713958,28.719572690166647,-0.966982469547311,2024,31.01930102919314,31.196690703742618,0.1773896745494774,2,211998573,"Brazil, ΔGNI/cap: -1%, ΔGDP/cap: 0%","Brazil, logratio(GNI/cap): -1, logratio(GDP/cap): 0.2","Brazil, ΔGNI/cap: -1%, ΔGDP/cap: 0%",lin,% of G7
South Africa,Africa,1990,2023,23.471565990826583,21.835503895711483,-1.6360620951151006,2024,26.577786968404872,21.591976862328323,-4.985810106076549,4,64007187,"South Africa, ΔGNI/cap: -2%, ΔGDP/cap: -5%","South Africa, logratio(GNI/cap): -1.6, logratio(GDP/cap): -5","South Africa, ΔGNI/cap: -2%, ΔGDP/cap: -5%",lin,% of G7
Algeria,Africa,1990,2023,27.54062045261635,24.10003291856641,-3.4405875340499392,2024,28.797829785802783,24.518800684186736,-4.279029101616047,1,46814308,"Algeria, ΔGNI/cap: -3%, ΔGDP/cap: -4%","Algeria, logratio(GNI/cap): -3.4, logratio(GDP/cap): -4.3","Algeria, ΔGNI/cap: -3%, ΔGDP/cap: -4%",lin,% of G7
Jamaica,Latin America,1990,2023,22.227585723506227,16.036185744182916,-6.191399979323311,2024,21.465183302144506,16.290684354384716,-5.1744989477597905,8,2839175,"Jamaica, ΔGNI/cap: -6%, ΔGDP/cap: -5%","Jamaica, logratio(GNI/cap): -6.2, logratio(GDP/cap): -5.2","Jamaica, ΔGNI/cap: -6%, ΔGDP/cap: -5%",lin,% of G7
Iran,Asia,1990,2023,31.971934484891936,25.665224065844072,-6.306710419047864,2024,22.212643965202084,25.76030845345821,3.547664488256128,2,91567738,"Iran, ΔGNI/cap: -6%, ΔGDP/cap: 4%","Iran, logratio(GNI/cap): -6.3, logratio(GDP/cap): 3.5","Iran, ΔGNI/cap: -6%, ΔGDP/cap: 4%",lin,% of G7
Mexico,Latin America,1990,2023,41.62163320971206,34.7809808993417,-6.840652310370359,2024,42.15757146390285,34.984141368533315,-7.1734300953695325,9,130861007,"Mexico, ΔGNI/cap: -7%, ΔGDP/cap: -7%","Mexico, logratio(GNI/cap): -6.8, logratio(GDP/cap): -7.2","Mexico, ΔGNI/cap: -7%, ΔGDP/cap: -7%",lin,% of G7
Greece,Southern Europe,1990,2023,66.60670267505756,57.02166497725603,-9.585037697801532,2024,66.08930078953203,59.943129290296916,-6.146171499235116,1,10388805,"Greece, ΔGNI/cap: -10%, ΔGDP/cap: -6%","Greece, logratio(GNI/cap): -9.6, logratio(GDP/cap): -6.1","Greece, ΔGNI/cap: -10%, ΔGDP/cap: -6%",lin,% of G7
Russia,ex-USSR/Balkans,1990,2023,75.34488103150919,62.54023545064919,-12.804645580859997,2024,72.78576927148931,66.21818770081656,-6.567581570672758,7,143533851,"Russia, ΔGNI/cap: -13%, ΔGDP/cap: -7%","Russia, logratio(GNI/cap): -12.8, logratio(GDP/cap): -6.6","Russia, ΔGNI/cap: -13%, ΔGDP/cap: -7%",lin,% of G7
Moldova,ex-USSR/Balkans,1990,2023,39.10716647181637,25.299711059515303,-13.807455412301067,2024,39.04736822589011,26.144383499946162,-12.902984725943949,5,2389275,"Moldova, ΔGNI/cap: -14%, ΔGDP/cap: -13%","Moldova, logratio(GNI/cap): -13.8, logratio(GDP/cap): -12.9","Moldova, ΔGNI/cap: -14%, ΔGDP/cap: -13%",lin,% of G7
Ukraine,ex-USSR/Balkans,1990,2023,57.53372656911405,27.000443816231428,-30.533282752882624,2024,56.02105378442861,25.912433321291306,-30.108620463137303,8,37860221,"Ukraine, ΔGNI/cap: -31%, ΔGDP/cap: -30%","Ukraine, logratio(GNI/cap): -30.5, logratio(GDP/cap): -30.1","Ukraine, ΔGNI/cap: -31%, ΔGDP/cap: -30%",lin,% of G7
South Korea,Asia,1990,2023,142.029431562362,244.62880453088994,102.59937296852794,2023,123.3652874401266,242.54763231818094,119.18234487805435,5,51748695,"South Korea, ΔGNI/cap: 103%, ΔGDP/cap: 119%","South Korea, logratio(GNI/cap): 102.6, logratio(GDP/cap): 119.2","South Korea, ΔGNI/cap: 103%, ΔGDP/cap: 119%",lin,% of World
Poland,CEE,1990,2023,113.152197832267,207.68925685146027,94.53705901919326,2024,114.286474368532,212.11805424213065,97.83157987359866,7,36554707,"Poland, ΔGNI/cap: 95%, ΔGDP/cap: 98%","Poland, logratio(GNI/cap): 94.5, logratio(GDP/cap): 97.8","Poland, ΔGNI/cap: 95%, ΔGDP/cap: 98%",lin,% of World
China,Asia,1990,2023,14.610385388650478,108.37254946043277,93.76216407178228,2024,14.858467021256413,112.12137019190614,97.26290317064972,1,1408975000,"China, ΔGNI/cap: 94%, ΔGDP/cap: 97%","China, logratio(GNI/cap): 93.8, logratio(GDP/cap): 97.3","China, ΔGNI/cap: 94%, ΔGDP/cap: 97%",lin,% of World
Panama,Latin America,1990,2023,91.85943076675134,169.15453983604027,77.29510906928893,2024,101.0449449459381,171.27396850758524,70.22902356164714,10,4515577,"Panama, ΔGNI/cap: 77%, ΔGDP/cap: 70%","Panama, logratio(GNI/cap): 77.3, logratio(GDP/cap): 70.2","Panama, ΔGNI/cap: 77%, ΔGDP/cap: 70%",lin,% of World
Estonia,CEE,1990,2023,139.988703570642,201.11333969489024,61.12463612424824,2024,172.56916269536796,195.34857872697148,22.779416031603517,3,1371986,"Estonia, ΔGNI/cap: 61%, ΔGDP/cap: 23%","Estonia, logratio(GNI/cap): 61.1, logratio(GDP/cap): 22.8","Estonia, ΔGNI/cap: 61%, ΔGDP/cap: 23%",lin,% of World
Malaysia,Asia,1990,2023,102.20342460267587,160.14462120883783,57.94119660616197,2024,107.08629746173483,160.20523677269,53.11893931095517,4,35557673,"Malaysia, ΔGNI/cap: 58%, ΔGDP/cap: 53%","Malaysia, logratio(GNI/cap): 57.9, logratio(GDP/cap): 53.1","Malaysia, ΔGNI/cap: 58%, ΔGDP/cap: 53%",lin,% of World
Romania,CEE,1990,2023,145.6242168623511,193.70126168692568,48.077044824574585,2024,145.4359406467068,190.9505163473852,45.51457570067839,8,19069340,"Romania, ΔGNI/cap: 48%, ΔGDP/cap: 46%","Romania, logratio(GNI/cap): 48.1, logratio(GDP/cap): 45.5","Romania, ΔGNI/cap: 48%, ΔGDP/cap: 46%",lin,% of World
Dominican Republic,Latin America,1990,2023,61.75561998691012,108.34444441219445,46.58882442528433,2024,65.31703976168909,113.92621356011051,48.60917379842142,6,11427557,"Dominican Republic, ΔGNI/cap: 47%, ΔGDP/cap: 49%","Dominican Republic, logratio(GNI/cap): 46.6, logratio(GDP/cap): 48.6","Dominican Republic, ΔGNI/cap: 47%, ΔGDP/cap: 49%",lin,% of World
Chile,Latin America,1990,2023,95.06164385930944,137.97778151549718,42.91613765618774,2024,97.62851161751651,141.9185363129315,44.290024695415,3,19764771,"Chile, ΔGNI/cap: 43%, ΔGDP/cap: 44%","Chile, logratio(GNI/cap): 42.9, logratio(GDP/cap): 44.3","Chile, ΔGNI/cap: 43%, ΔGDP/cap: 44%",lin,% of World
Lithuania,CEE,1990,2023,168.36068462960955,206.2076441106887,37.84695948107915,2024,183.49912756110265,221.78722617624095,38.288098615138296,6,2888055,"Lithuania, ΔGNI/cap: 38%, ΔGDP/cap: 38%","Lithuania, logratio(GNI/cap): 37.8, logratio(GDP/cap): 38.3","Lithuania, ΔGNI/cap: 38%, ΔGDP/cap: 38%",lin,% of World
Israel,Asia,1990,2023,202.65175164282067,236.38206611608058,33.73031447325991,2024,225.83060896295657,222.58578062240497,-3.2448283405516065,3,9974400,"Israel, ΔGNI/cap: 34%, ΔGDP/cap: -3%","Israel, logratio(GNI/cap): 33.7, logratio(GDP/cap): -3.2","Israel, ΔGNI/cap: 34%, ΔGDP/cap: -3%",lin,% of World
Thailand,Asia,1990,2023,75.20309580349534,101.19343391690458,25.990338113409237,2024,77.56647076747059,102.2075419623863,24.64107119491571,6,71668011,"Thailand, ΔGNI/cap: 26%, ΔGDP/cap: 25%","Thailand, logratio(GNI/cap): 26, logratio(GDP/cap): 24.6","Thailand, ΔGNI/cap: 26%, ΔGDP/cap: 25%",lin,% of World
Belarus,ex-USSR/Balkans,1990,2023,109.84149076679216,131.47274437555902,21.631253608766855,2024,110.09857677821874,136.5335685196201,26.43499174140136,2,9133712,"Belarus, ΔGNI/cap: 22%, ΔGDP/cap: 26%","Belarus, logratio(GNI/cap): 21.6, logratio(GDP/cap): 26.4","Belarus, ΔGNI/cap: 22%, ΔGDP/cap: 26%",lin,% of World
Uruguay,Latin America,1990,2023,120.95716483748654,140.942522200061,19.98535736257446,2024,125.33393240303435,150.64532352454535,25.311391121510994,12,3386588,"Uruguay, ΔGNI/cap: 20%, ΔGDP/cap: 25%","Uruguay, logratio(GNI/cap): 20, logratio(GDP/cap): 25.3","Uruguay, ΔGNI/cap: 20%, ΔGDP/cap: 25%",lin,% of World
Latvia,CEE,1990,2023,175.48735143168673,186.92992761609517,11.442576184408438,2024,156.06778729589408,183.0760873315565,27.008300035662415,5,1862441,"Latvia, ΔGNI/cap: 11%, ΔGDP/cap: 27%","Latvia, logratio(GNI/cap): 11.4, logratio(GDP/cap): 27","Latvia, ΔGNI/cap: 11%, ΔGDP/cap: 27%",lin,% of World
Azerbaijan,ex-USSR/Balkans,1990,2023,91.6442433667404,101.67581454092127,10.031571174180868,2024,96.05446151697721,103.78236245762997,7.727900940652759,1,10202850,"Azerbaijan, ΔGNI/cap: 10%, ΔGDP/cap: 8%","Azerbaijan, logratio(GNI/cap): 10, logratio(GDP/cap): 7.7","Azerbaijan, ΔGNI/cap: 10%, ΔGDP/cap: 8%",lin,% of World
Costa Rica,Latin America,1990,2023,105.95973571535198,115.20075283944371,9.241017124091726,2024,97.6353791695009,126.82826683153603,29.192887662035133,5,5129910,"Costa Rica, ΔGNI/cap: 9%, ΔGDP/cap: 29%","Costa Rica, logratio(GNI/cap): 9.2, logratio(GDP/cap): 29.2","Costa Rica, ΔGNI/cap: 9%, ΔGDP/cap: 29%",lin,% of World
Egypt,Africa,1990,2023,70.6388505102596,79.7849582549269,9.146107744667304,2024,71.36849286271637,78.98439183299709,7.615898970280725,2,116538258,"Egypt, ΔGNI/cap: 9%, ΔGDP/cap: 8%","Egypt, logratio(GNI/cap): 9.1, logratio(GDP/cap): 7.6","Egypt, ΔGNI/cap: 9%, ΔGDP/cap: 8%",lin,% of World
Slovakia,CEE,1990,2023,173.12501757306114,181.00275840742125,7.877740834360111,2024,156.17657359686586,189.70835329380353,33.53177969693766,9,5422069,"Slovakia, ΔGNI/cap: 8%, ΔGDP/cap: 34%","Slovakia, logratio(GNI/cap): 7.9, logratio(GDP/cap): 33.5","Slovakia, ΔGNI/cap: 8%, ΔGDP/cap: 34%",lin,% of World
Colombia,Latin America,1990,2023,85.82039120805005,91.82696046977983,6.00656926172978,2024,89.1262382556101,87.00368980094083,-2.1225484546692712,4,52886363,"Colombia, ΔGNI/cap: 6%, ΔGDP/cap: -2%","Colombia, logratio(GNI/cap): 6, logratio(GDP/cap): -2.1","Colombia, ΔGNI/cap: 6%, ΔGDP/cap: -2%",lin,% of World
Morocco,Africa,1990,2023,37.74417330510763,42.56776438042044,4.823591075312812,2024,39.38654003928567,42.62764895992391,3.24110892063824,3,38081173,"Morocco, ΔGNI/cap: 5%, ΔGDP/cap: 3%","Morocco, logratio(GNI/cap): 4.8, logratio(GDP/cap): 3.2","Morocco, ΔGNI/cap: 5%, ΔGDP/cap: 3%",lin,% of World
North Macedonia,ex-USSR/Balkans,1990,2023,106.50392629860376,108.86042515514472,2.3564988565409664,2024,115.02679610683047,115.03552004773631,0.00872394090583839,6,1792179,"North Macedonia, ΔGNI/cap: 2%, ΔGDP/cap: 0%","North Macedonia, logratio(GNI/cap): 2.4, logratio(GDP/cap): 0","North Macedonia, ΔGNI/cap: 2%, ΔGDP/cap: 0%",lin,% of World
Tunisia,Africa,1990,2023,56.99436216285112,59.089907080174754,2.095544917323636,2024,60.101199014100764,59.77872018116744,-0.3224788329333279,5,12277109,"Tunisia, ΔGNI/cap: 2%, ΔGDP/cap: 0%","Tunisia, logratio(GNI/cap): 2.1, logratio(GDP/cap): -0.3","Tunisia, ΔGNI/cap: 2%, ΔGDP/cap: 0%",lin,% of World
Bulgaria,CEE,1990,2023,157.2540398970797,158.28425690778843,1.030217010708725,2024,133.30482299652576,160.267539461656,26.962716465130256,1,6444366,"Bulgaria, ΔGNI/cap: 1%, ΔGDP/cap: 27%","Bulgaria, logratio(GNI/cap): 1, logratio(GDP/cap): 27","Bulgaria, ΔGNI/cap: 1%, ΔGDP/cap: 27%",lin,% of World
Georgia,ex-USSR/Balkans,1990,2023,103.33776847091707,102.09206737596206,-1.2457010949550096,2024,115.13889705188899,117.55220540138689,2.413308349497896,3,3673850,"Georgia, ΔGNI/cap: -1%, ΔGDP/cap: 2%","Georgia, logratio(GNI/cap): -1.2, logratio(GDP/cap): 2.4","Georgia, ΔGNI/cap: -1%, ΔGDP/cap: 2%",lin,% of World
Slovenia,CEE,1990,2023,230.24657987207965,228.07155634816195,-2.1750235239177016,2024,225.97446785448955,228.02618106993367,2.051713215444124,10,2126324,"Slovenia, ΔGNI/cap: -2%, ΔGDP/cap: 2%","Slovenia, logratio(GNI/cap): -2.2, logratio(GDP/cap): 2.1","Slovenia, ΔGNI/cap: -2%, ΔGDP/cap: 2%",lin,% of World
Ecuador,Latin America,1990,2023,73.05359000897523,68.80594475146711,-4.247645257508125,2024,81.1574520716399,65.52447610482224,-15.632975966817654,7,18135478,"Ecuador, ΔGNI/cap: -4%, ΔGDP/cap: -16%","Ecuador, logratio(GNI/cap): -4.2, logratio(GDP/cap): -15.6","Ecuador, ΔGNI/cap: -4%, ΔGDP/cap: -16%",lin,% of World
Hungary,CEE,1990,2023,190.10625792561686,183.18250585948192,-6.923752066134938,2024,189.83473242971456,191.38027339871866,1.5455409690040938,4,9562314,"Hungary, ΔGNI/cap: -7%, ΔGDP/cap: 2%","Hungary, logratio(GNI/cap): -6.9, logratio(GDP/cap): 1.5","Hungary, ΔGNI/cap: -7%, ΔGDP/cap: 2%",lin,% of World
Czechia,CEE,1990,2023,235.63527647115012,225.75057032881236,-9.884706142337762,2024,248.85345383741998,225.51495252597152,-23.338501311448454,2,10882164,"Czechia, ΔGNI/cap: -10%, ΔGDP/cap: -23%","Czechia, logratio(GNI/cap): -9.9, logratio(GDP/cap): -23.3","Czechia, ΔGNI/cap: -10%, ΔGDP/cap: -23%",lin,% of World
Paraguay,Latin America,1990,2023,85.26182286726899,75.03314875569609,-10.2286741115729,2024,88.80240038871433,76.62462413276,-12.177776255954328,11,6929153,"Paraguay, ΔGNI/cap: -10%, ΔGDP/cap: -12%","Paraguay, logratio(GNI/cap): -10.2, logratio(GDP/cap): -12.2","Paraguay, ΔGNI/cap: -10%, ΔGDP/cap: -12%",lin,% of World
Kazakhstan,ex-USSR/Balkans,1990,2023,164.43721545499835,152.44777358380296,-11.989441871195396,2024,150.08585349491506,168.826281078886,18.740427583970956,4,20592571,"Kazakhstan, ΔGNI/cap: -12%, ΔGDP/cap: 19%","Kazakhstan, logratio(GNI/cap): -12, logratio(GDP/cap): 18.7","Kazakhstan, ΔGNI/cap: -12%, ΔGDP/cap: 19%",lin,% of World
South Africa,Africa,1990,2023,85.39885948283181,67.3674415044313,-18.031417978400512,2024,96.48514450887932,63.94108680611743,-32.54405770276188,4,64007187,"South Africa, ΔGNI/cap: -18%, ΔGDP/cap: -33%","South Africa, logratio(GNI/cap): -18, logratio(GDP/cap): -32.5","South Africa, ΔGNI/cap: -18%, ΔGDP/cap: -33%",lin,% of World
Argentina,Latin America,1990,2023,145.5119266647443,127.29699243515212,-18.214934229592174,2024,151.59755797963766,124.82341384869319,-26.774144130944464,1,45696159,"Argentina, ΔGNI/cap: -18%, ΔGDP/cap: -27%","Argentina, logratio(GNI/cap): -18.2, logratio(GDP/cap): -26.8","Argentina, ΔGNI/cap: -18%, ΔGDP/cap: -27%",lin,% of World
Brazil,Latin America,1990,2023,108.01145324536853,88.60634233483634,-19.405110910532187,2024,112.60914032925426,92.38386651996922,-20.225273809285042,2,211998573,"Brazil, ΔGNI/cap: -19%, ΔGDP/cap: -20%","Brazil, logratio(GNI/cap): -19.4, logratio(GDP/cap): -20.2","Brazil, ΔGNI/cap: -19%, ΔGDP/cap: -20%",lin,% of World
Algeria,Africa,1990,2023,100.20369228973462,74.35402295503059,-25.849669334704032,2024,104.54454961688079,72.60839398474697,-31.93615563213382,1,46814308,"Algeria, ΔGNI/cap: -26%, ΔGDP/cap: -32%","Algeria, logratio(GNI/cap): -25.8, logratio(GDP/cap): -31.9","Algeria, ΔGNI/cap: -26%, ΔGDP/cap: -32%",lin,% of World
Portugal,Southern Europe,1990,2023,229.53696968492844,202.013586746775,-27.523382938153446,2024,242.3681627139223,196.93658059430732,-45.43158211961497,3,10701636,"Portugal, ΔGNI/cap: -28%, ΔGDP/cap: -45%","Portugal, logratio(GNI/cap): -27.5, logratio(GDP/cap): -45.4","Portugal, ΔGNI/cap: -28%, ΔGDP/cap: -45%",lin,% of World
Jamaica,Latin America,1990,2023,80.87276624773081,49.47524042656113,-31.39752582116968,2024,77.92489703070625,48.24218130078381,-29.682715729922435,8,2839175,"Jamaica, ΔGNI/cap: -31%, ΔGDP/cap: -30%","Jamaica, logratio(GNI/cap): -31.4, logratio(GDP/cap): -29.7","Jamaica, ΔGNI/cap: -31%, ΔGDP/cap: -30%",lin,% of World
Iran,Asia,1990,2023,116.32656898720361,79.18298974055051,-37.143579246653104,2024,80.63839797702455,76.28491496990777,-4.353483007116779,2,91567738,"Iran, ΔGNI/cap: -37%, ΔGDP/cap: -4%","Iran, logratio(GNI/cap): -37.1, logratio(GDP/cap): -4.4","Iran, ΔGNI/cap: -37%, ΔGDP/cap: -4%",lin,% of World
Spain,Southern Europe,1990,2023,268.0193082373907,226.33807554162726,-41.68123269576344,2024,283.21650070353286,227.44857181100025,-55.76792889253261,4,48807137,"Spain, ΔGNI/cap: -42%, ΔGDP/cap: -56%","Spain, logratio(GNI/cap): -41.7, logratio(GDP/cap): -55.8","Spain, ΔGNI/cap: -42%, ΔGDP/cap: -56%",lin,% of World
Mexico,Latin America,1990,2023,151.4359973813145,107.30715019877938,-44.128847182535125,2024,153.0443215484242,103.59977848927996,-49.44454305914424,9,130861007,"Mexico, ΔGNI/cap: -44%, ΔGDP/cap: -49%","Mexico, logratio(GNI/cap): -44.1, logratio(GDP/cap): -49.4","Mexico, ΔGNI/cap: -44%, ΔGDP/cap: -49%",lin,% of World
Moldova,ex-USSR/Balkans,1990,2023,142.28737083855498,78.0552998923763,-64.23207094617868,2024,141.75337361403137,77.42229002565806,-64.33108358837332,5,2389275,"Moldova, ΔGNI/cap: -64%, ΔGDP/cap: -64%","Moldova, logratio(GNI/cap): -64.2, logratio(GDP/cap): -64.3","Moldova, ΔGNI/cap: -64%, ΔGDP/cap: -64%",lin,% of World
Greece,Southern Europe,1990,2023,242.34158234627796,175.92466371225035,-66.41691863402761,2024,239.92350246275976,177.51171455117478,-62.41178791158498,1,10388805,"Greece, ΔGNI/cap: -66%, ΔGDP/cap: -62%","Greece, logratio(GNI/cap): -66.4, logratio(GDP/cap): -62.4","Greece, ΔGNI/cap: -66%, ΔGDP/cap: -62%",lin,% of World
Russia,ex-USSR/Balkans,1990,2023,274.1345383804082,192.9506950477311,-81.18384333267707,2024,264.23364272947515,196.09426755680207,-68.13937517267308,7,143533851,"Russia, ΔGNI/cap: -81%, ΔGDP/cap: -68%","Russia, logratio(GNI/cap): -81.2, logratio(GDP/cap): -68.1","Russia, ΔGNI/cap: -81%, ΔGDP/cap: -68%",lin,% of World
Italy,Southern Europe,1990,2023,379.3353839451094,257.72660316227785,-121.60878078283156,2024,380.22873816597973,249.74573086376247,-130.48300730221726,2,58986023,"Italy, ΔGNI/cap: -122%, ΔGDP/cap: -130%","Italy, logratio(GNI/cap): -121.6, logratio(GDP/cap): -130.5","Italy, ΔGNI/cap: -122%, ΔGDP/cap: -130%",lin,% of World
Ukraine,ex-USSR/Balkans,1990,2023,209.33049941021034,83.30244303365487,-126.02805637655547,2024,203.3728194283401,76.73540773587845,-126.63741169246165,8,37860221,"Ukraine, ΔGNI/cap: -126%, ΔGDP/cap: -127%","Ukraine, logratio(GNI/cap): -126, logratio(GDP/cap): -126.6","Ukraine, ΔGNI/cap: -126%, ΔGDP/cap: -127%",lin,% of World
South Korea,Asia,1990,2023,121.43567325270192,245.357694778493,123.92202152579108,2023,102.20014204132066,240.34373035143057,138.14358831010992,5,51748695,"South Korea, ΔGNI/cap: 124%, ΔGDP/cap: 138%","South Korea, logratio(GNI/cap): 123.9, logratio(GDP/cap): 138.1","South Korea, ΔGNI/cap: 124%, ΔGDP/cap: 138%",lin,% of LAT_AM
Poland,CEE,1990,2023,96.7455348700105,208.3080828893067,111.56254801929619,2024,94.67893405212932,212.1678168656436,117.48888281351428,7,36554707,"Poland, ΔGNI/cap: 112%, ΔGDP/cap: 117%","Poland, logratio(GNI/cap): 111.6, logratio(GDP/cap): 117.5","Poland, ΔGNI/cap: 112%, ΔGDP/cap: 117%",lin,% of LAT_AM
China,Asia,1990,2023,12.491931894926918,108.69545376665734,96.20352187173042,2024,12.309276552577096,112.14767372157291,99.83839716899581,1,1408975000,"China, ΔGNI/cap: 96%, ΔGDP/cap: 100%","China, logratio(GNI/cap): 96.2, logratio(GDP/cap): 99.8","China, ΔGNI/cap: 96%, ΔGDP/cap: 100%",lin,% of LAT_AM
Estonia,CEE,1990,2023,119.69084350245863,201.71257228423147,82.02172878177284,2024,142.96236247151796,195.3944072530331,52.432044781515145,3,1371986,"Estonia, ΔGNI/cap: 82%, ΔGDP/cap: 52%","Estonia, logratio(GNI/cap): 82, logratio(GDP/cap): 52.4","Estonia, ΔGNI/cap: 82%, ΔGDP/cap: 52%",lin,% of LAT_AM
Malaysia,Asia,1990,2023,87.3842945003145,160.6217843656012,73.2374898652867,2024,88.71405432083176,160.2428207157957,71.52876639496392,4,35557673,"Malaysia, ΔGNI/cap: 73%, ΔGDP/cap: 72%","Malaysia, logratio(GNI/cap): 73.2, logratio(GDP/cap): 71.5","Malaysia, ΔGNI/cap: 73%, ΔGDP/cap: 72%",lin,% of LAT_AM
Romania,CEE,1990,2023,124.50922757381049,194.2784094225031,69.76918184869261,2024,120.48424723381217,190.9953130936525,70.51106585984033,8,19069340,"Romania, ΔGNI/cap: 70%, ΔGDP/cap: 71%","Romania, logratio(GNI/cap): 69.8, logratio(GDP/cap): 70.5","Romania, ΔGNI/cap: 70%, ΔGDP/cap: 71%",lin,% of LAT_AM
Israel,Asia,1990,2023,173.26797429151108,237.08638457535065,63.81841028383957,2024,187.08601740577618,222.6379989611033,35.55198155532713,3,9974400,"Israel, ΔGNI/cap: 64%, ΔGDP/cap: 36%","Israel, logratio(GNI/cap): 63.8, logratio(GDP/cap): 35.6","Israel, ΔGNI/cap: 64%, ΔGDP/cap: 36%",lin,% of LAT_AM
Lithuania,CEE,1990,2023,143.9489890396802,206.82205556996763,62.87306653028742,2024,152.01712969951046,221.83925717509027,69.8221274755798,6,2888055,"Lithuania, ΔGNI/cap: 63%, ΔGDP/cap: 70%","Lithuania, logratio(GNI/cap): 62.9, logratio(GDP/cap): 69.8","Lithuania, ΔGNI/cap: 63%, ΔGDP/cap: 70%",lin,% of LAT_AM
Belarus,ex-USSR/Balkans,1990,2023,93.91486845801484,131.86447748068014,37.9496090226653,2024,91.20953242817376,136.56559911970928,45.35606669153552,2,9133712,"Belarus, ΔGNI/cap: 38%, ΔGDP/cap: 45%","Belarus, logratio(GNI/cap): 37.9, logratio(GDP/cap): 45.4","Belarus, ΔGNI/cap: 38%, ΔGDP/cap: 45%",lin,% of LAT_AM
Latvia,CEE,1990,2023,150.0423147091414,187.48689964351362,37.444584934372216,2024,129.29204284840782,183.11903674687454,53.826993898466725,5,1862441,"Latvia, ΔGNI/cap: 37%, ΔGDP/cap: 54%","Latvia, logratio(GNI/cap): 37.4, logratio(GDP/cap): 53.8","Latvia, ΔGNI/cap: 37%, ΔGDP/cap: 54%",lin,% of LAT_AM
Thailand,Asia,1990,2023,64.29891656346656,101.49494749885966,37.1960309353931,2024,64.25879187390402,102.23151972066354,37.972727846759526,6,71668011,"Thailand, ΔGNI/cap: 37%, ΔGDP/cap: 38%","Thailand, logratio(GNI/cap): 37.2, logratio(GDP/cap): 38","Thailand, ΔGNI/cap: 37%, ΔGDP/cap: 38%",lin,% of LAT_AM
Slovakia,CEE,1990,2023,148.02251078952992,181.54206998050205,33.51955919097213,2024,129.38216524541406,189.75285863021136,60.370693384797306,9,5422069,"Slovakia, ΔGNI/cap: 34%, ΔGDP/cap: 60%","Slovakia, logratio(GNI/cap): 33.5, logratio(GDP/cap): 60.4","Slovakia, ΔGNI/cap: 34%, ΔGDP/cap: 60%",lin,% of LAT_AM
Slovenia,CEE,1990,2023,196.86165137273898,228.75111300747122,31.889461634732243,2024,187.20519517006997,228.07967571960046,40.87448054953049,10,2126324,"Slovenia, ΔGNI/cap: 32%, ΔGDP/cap: 41%","Slovenia, logratio(GNI/cap): 31.9, logratio(GDP/cap): 40.9","Slovenia, ΔGNI/cap: 32%, ΔGDP/cap: 41%",lin,% of LAT_AM
Czechia,CEE,1990,2023,201.4690062868882,226.42321143262288,24.954205145734676,2024,206.15895165810718,225.56785804464218,19.408906386534994,2,10882164,"Czechia, ΔGNI/cap: 25%, ΔGDP/cap: 19%","Czechia, logratio(GNI/cap): 25, logratio(GDP/cap): 19.4","Czechia, ΔGNI/cap: 25%, ΔGDP/cap: 19%",lin,% of LAT_AM
Bulgaria,CEE,1990,2023,134.45276796890073,158.75587696671988,24.30310899781915,2024,110.43440280273431,160.30513802089263,49.870735218158316,1,6444366,"Bulgaria, ΔGNI/cap: 24%, ΔGDP/cap: 50%","Bulgaria, logratio(GNI/cap): 24.3, logratio(GDP/cap): 49.9","Bulgaria, ΔGNI/cap: 24%, ΔGDP/cap: 50%",lin,% of LAT_AM
Azerbaijan,ex-USSR/Balkans,1990,2023,78.35615668213201,101.97876541286824,23.622608730736232,2024,79.57489350885727,103.80670966677592,24.231816157918644,1,10202850,"Azerbaijan, ΔGNI/cap: 24%, ΔGDP/cap: 24%","Azerbaijan, logratio(GNI/cap): 23.6, logratio(GDP/cap): 24.2","Azerbaijan, ΔGNI/cap: 24%, ΔGDP/cap: 24%",lin,% of LAT_AM
Hungary,CEE,1990,2023,162.54153217963608,183.72831215693947,21.186779977303388,2024,157.26576755320224,191.4251709654391,34.159403412236856,4,9562314,"Hungary, ΔGNI/cap: 21%, ΔGDP/cap: 34%","Hungary, logratio(GNI/cap): 21.2, logratio(GDP/cap): 34.2","Hungary, ΔGNI/cap: 21%, ΔGDP/cap: 34%",lin,% of LAT_AM
Egypt,Africa,1990,2023,60.39647047199437,80.0226836449886,19.626213172994234,2024,59.1241690364849,79.00292147003448,19.87875243354958,2,116538258,"Egypt, ΔGNI/cap: 20%, ΔGDP/cap: 20%","Egypt, logratio(GNI/cap): 19.6, logratio(GDP/cap): 19.9","Egypt, ΔGNI/cap: 20%, ΔGDP/cap: 20%",lin,% of LAT_AM
North Macedonia,ex-USSR/Balkans,1990,2023,91.06123887039801,109.18478312434492,18.123544253946903,2024,95.292242612263,115.06250723322228,19.77026462095928,6,1792179,"North Macedonia, ΔGNI/cap: 18%, ΔGDP/cap: 20%","North Macedonia, logratio(GNI/cap): 18.1, logratio(GDP/cap): 19.8","North Macedonia, ΔGNI/cap: 18%, ΔGDP/cap: 20%",lin,% of LAT_AM
Georgia,ex-USSR/Balkans,1990,2023,88.35416257501323,102.39625850509206,14.04209593007883,2024,95.38511097698438,117.5797829980295,22.194672021045122,3,3673850,"Georgia, ΔGNI/cap: 14%, ΔGDP/cap: 22%","Georgia, logratio(GNI/cap): 14, logratio(GDP/cap): 22.2","Georgia, ΔGNI/cap: 14%, ΔGDP/cap: 22%",lin,% of LAT_AM
Kazakhstan,ex-USSR/Balkans,1990,2023,140.5944088272266,152.90200339393147,12.307594566704864,2024,124.33639854337149,168.8658875079306,44.52948896455912,4,20592571,"Kazakhstan, ΔGNI/cap: 12%, ΔGDP/cap: 45%","Kazakhstan, logratio(GNI/cap): 12.3, logratio(GDP/cap): 44.5","Kazakhstan, ΔGNI/cap: 12%, ΔGDP/cap: 45%",lin,% of LAT_AM
Tunisia,Africa,1990,2023,48.73038401069163,59.26596998121008,10.535585970518447,2024,49.78994661748649,59.79274419226394,10.002797574777446,5,12277109,"Tunisia, ΔGNI/cap: 11%, ΔGDP/cap: 10%","Tunisia, logratio(GNI/cap): 10.5, logratio(GDP/cap): 10","Tunisia, ΔGNI/cap: 11%, ΔGDP/cap: 10%",lin,% of LAT_AM
Morocco,Africa,1990,2023,32.27140351300987,42.69459829263554,10.423194779625668,2024,32.629194727769594,42.63764935170581,10.008454623936217,3,38081173,"Morocco, ΔGNI/cap: 10%, ΔGDP/cap: 10%","Morocco, logratio(GNI/cap): 10.4, logratio(GDP/cap): 10","Morocco, ΔGNI/cap: 10%, ΔGDP/cap: 10%",lin,% of LAT_AM
Portugal,Southern Europe,1990,2023,196.25493211831568,202.61550169111447,6.360569572798795,2024,200.78630844741102,196.98278166357065,-3.8035267838403684,3,10701636,"Portugal, ΔGNI/cap: 6%, ΔGDP/cap: -4%","Portugal, logratio(GNI/cap): 6.4, logratio(GDP/cap): -3.8","Portugal, ΔGNI/cap: 6%, ΔGDP/cap: -4%",lin,% of LAT_AM
Spain,Southern Europe,1990,2023,229.15746956461103,227.0124671621885,-2.1450024024225343,2024,234.626507998814,227.5019309542756,-7.124577044538398,4,48807137,"Spain, ΔGNI/cap: -2%, ΔGDP/cap: -7%","Spain, logratio(GNI/cap): -2.1, logratio(GDP/cap): -7.1","Spain, ΔGNI/cap: -2%, ΔGDP/cap: -7%",lin,% of LAT_AM
South Africa,Africa,1990,2023,73.01633106767116,67.56816795286699,-5.448163114804174,2024,79.93168644356784,63.95608730308649,-15.97559914048135,4,64007187,"South Africa, ΔGNI/cap: -5%, ΔGDP/cap: -16%","South Africa, logratio(GNI/cap): -5.4, logratio(GDP/cap): -16","South Africa, ΔGNI/cap: -5%, ΔGDP/cap: -16%",lin,% of LAT_AM
Algeria,Africa,1990,2023,85.67451620242292,74.57556645766883,-11.098949744754094,2024,86.60838103000937,72.62542782086551,-13.982953209143858,1,46814308,"Algeria, ΔGNI/cap: -11%, ΔGDP/cap: -14%","Algeria, logratio(GNI/cap): -11.1, logratio(GDP/cap): -14","Algeria, ΔGNI/cap: -11%, ΔGDP/cap: -14%",lin,% of LAT_AM
Iran,Asia,1990,2023,99.45963358964403,79.41892151934745,-20.04071207029658,2024,66.80368439327974,76.3028113131348,9.499126919855058,2,91567738,"Iran, ΔGNI/cap: -20%, ΔGDP/cap: 9%","Iran, logratio(GNI/cap): -20, logratio(GDP/cap): 9.5","Iran, ΔGNI/cap: -20%, ΔGDP/cap: 9%",lin,% of LAT_AM
Greece,Southern Europe,1990,2023,207.20292185654336,176.44884471349673,-30.75407714304663,2024,198.7610659331191,177.5533585717741,-21.207707361345,1,10388805,"Greece, ΔGNI/cap: -31%, ΔGDP/cap: -21%","Greece, logratio(GNI/cap): -30.8, logratio(GDP/cap): -21.2","Greece, ΔGNI/cap: -31%, ΔGDP/cap: -21%",lin,% of LAT_AM
Russia,ex-USSR/Balkans,1990,2023,234.38601326392507,193.52560641255678,-40.86040685136828,2024,218.9004409538968,196.14027102050693,-22.760169933389875,7,143533851,"Russia, ΔGNI/cap: -41%, ΔGDP/cap: -23%","Russia, logratio(GNI/cap): -40.9, logratio(GDP/cap): -22.8","Russia, ΔGNI/cap: -41%, ΔGDP/cap: -23%",lin,% of LAT_AM
Moldova,ex-USSR/Balkans,1990,2023,121.65621225872516,78.28787163295439,-43.36834062577077,2024,117.43347921287457,77.44045319561464,-39.993026017259936,5,2389275,"Moldova, ΔGNI/cap: -43%, ΔGDP/cap: -40%","Moldova, logratio(GNI/cap): -43.4, logratio(GDP/cap): -40","Moldova, ΔGNI/cap: -43%, ΔGDP/cap: -40%",lin,% of LAT_AM
Italy,Southern Europe,1990,2023,324.3331134344537,258.49451930344156,-65.83859413101214,2024,314.9948567794248,249.80432089195855,-65.19053588746627,2,58986023,"Italy, ΔGNI/cap: -66%, ΔGDP/cap: -65%","Italy, logratio(GNI/cap): -65.8, logratio(GDP/cap): -65.2","Italy, ΔGNI/cap: -66%, ΔGDP/cap: -65%",lin,% of LAT_AM
Ukraine,ex-USSR/Balkans,1990,2023,178.97832758023657,83.55064903885192,-95.42767854138465,2024,168.48119486616332,76.75340976413067,-91.72778510203266,8,37860221,"Ukraine, ΔGNI/cap: -95%, ΔGDP/cap: -92%","Ukraine, logratio(GNI/cap): -95.4, logratio(GDP/cap): -91.7","Ukraine, ΔGNI/cap: -95%, ΔGDP/cap: -92%",lin,% of LAT_AM
China,Asia,1990,2023,1647.2273,22029.223,2.593276439932491,2024,1666.92774090575,23845.6197217259,2.6606182849585,1,1408975000,"China, ΔGNI/cap: 3k, ΔGDP/cap: 3k","China, logratio(GNI/cap): 2.6, logratio(GDP/cap): 2.7","China, logratio(GNI/cap): 2.6, logratio(GDP/cap): 2.7",log,value
Panama,Latin America,1990,2023,10356.562,34384.566,1.1999874724353905,2024,11335.9353672029,36426.007943645,1.1673052226327592,10,4515577,"Panama, ΔGNI/cap: 1k, ΔGDP/cap: 1k","Panama, logratio(GNI/cap): 1.2, logratio(GDP/cap): 1.2","Panama, logratio(GNI/cap): 1.2, logratio(GDP/cap): 1.2",log,value
Poland,CEE,1990,2023,12757.185,42217.637,1.196743429825542,2024,12821.4636316574,45112.5993993196,1.2580409605199723,7,36554707,"Poland, ΔGNI/cap: 1k, ΔGDP/cap: 1k","Poland, logratio(GNI/cap): 1.2, logratio(GDP/cap): 1.3","Poland, logratio(GNI/cap): 1.2, logratio(GDP/cap): 1.3",log,value
Dominican Republic,Latin America,1990,2023,6962.5503,22023.51,1.1515646894927514,2024,7327.72670133751,24229.4681222745,1.1959042518281393,6,11427557,"Dominican Republic, ΔGNI/cap: 1k, ΔGDP/cap: 1k","Dominican Republic, logratio(GNI/cap): 1.2, logratio(GDP/cap): 1.2","Dominican Republic, logratio(GNI/cap): 1.2, logratio(GDP/cap): 1.2",log,value
South Korea,Asia,1990,2023,16012.908,49726.453,1.1331418980351273,2023,13839.9889843663,50414.2083391764,1.2927108925774249,5,51748695,"South Korea, ΔGNI/cap: 1k, ΔGDP/cap: 1k","South Korea, logratio(GNI/cap): 1.1, logratio(GDP/cap): 1.3","South Korea, logratio(GNI/cap): 1.1, logratio(GDP/cap): 1.3",log,value
Malaysia,Asia,1990,2023,11522.781,32553.092,1.0385463240786574,2024,12013.6969483112,34071.9449554711,1.042426905852567,4,35557673,"Malaysia, ΔGNI/cap: 1k, ΔGDP/cap: 1k","Malaysia, logratio(GNI/cap): 1, logratio(GDP/cap): 1","Malaysia, logratio(GNI/cap): 1, logratio(GDP/cap): 1",log,value
Chile,Latin America,1990,2023,10717.591,28047.17,0.9620013253731958,2024,10952.6557541746,30182.7871224714,1.013689837574633,3,19764771,"Chile, ΔGNI/cap: 1k, ΔGDP/cap: 1k","Chile, logratio(GNI/cap): 1, logratio(GDP/cap): 1","Chile, logratio(GNI/cap): 1, logratio(GDP/cap): 1",log,value
Estonia,CEE,1990,2023,15782.829,40880.93,0.9517411182314799,2024,19360.0271219273,41546.1201868122,0.7635936571960809,3,1371986,"Estonia, ΔGNI/cap: 1k, ΔGDP/cap: 1k","Estonia, logratio(GNI/cap): 1, logratio(GDP/cap): 0.8","Estonia, logratio(GNI/cap): 1, logratio(GDP/cap): 0.8",log,value
Thailand,Asia,1990,2023,8478.667,20569.902,0.8862756953823698,2024,8701.95436053257,21737.1779720129,0.9154764255975625,6,71668011,"Thailand, ΔGNI/cap: 1k, ΔGDP/cap: 1k","Thailand, logratio(GNI/cap): 0.9, logratio(GDP/cap): 0.9","Thailand, logratio(GNI/cap): 0.9, logratio(GDP/cap): 0.9",log,value
Romania,CEE,1990,2023,16418.197,39374.254,0.8747218580550253,2024,16316.0306942767,40610.7541380693,0.9118848090897309,8,19069340,"Romania, ΔGNI/cap: 1k, ΔGDP/cap: 1k","Romania, logratio(GNI/cap): 0.9, logratio(GDP/cap): 0.9","Romania, logratio(GNI/cap): 0.9, logratio(GDP/cap): 0.9",log,value
Lithuania,CEE,1990,2023,18981.588,41916.465,0.7922092524671598,2024,20586.227753241,47169.0084190287,0.8291147790980862,6,2888055,"Lithuania, ΔGNI/cap: 1k, ΔGDP/cap: 1k","Lithuania, logratio(GNI/cap): 0.8, logratio(GDP/cap): 0.8","Lithuania, logratio(GNI/cap): 0.8, logratio(GDP/cap): 0.8",log,value
Belarus,ex-USSR/Balkans,1990,2023,12383.924,26724.871,0.7691954500807565,2024,12351.6357106896,29037.5291400434,0.8548006011139915,2,9133712,"Belarus, ΔGNI/cap: 1k, ΔGDP/cap: 1k","Belarus, logratio(GNI/cap): 0.8, logratio(GDP/cap): 0.9","Belarus, logratio(GNI/cap): 0.8, logratio(GDP/cap): 0.9",log,value
Israel,Asia,1990,2023,22847.686,48050.113,0.7433946440649581,2024,25335.2722247493,47338.8424624205,0.6251335683344657,3,9974400,"Israel, ΔGNI/cap: 1k, ΔGDP/cap: 1k","Israel, logratio(GNI/cap): 0.7, logratio(GDP/cap): 0.6","Israel, logratio(GNI/cap): 0.7, logratio(GDP/cap): 0.6",log,value
Uruguay,Latin America,1990,2023,13637.145,28649.822,0.7423499105706597,2024,14060.8454762218,32038.7727288227,0.8235527991041511,12,3386588,"Uruguay, ΔGNI/cap: 1k, ΔGDP/cap: 1k","Uruguay, logratio(GNI/cap): 0.7, logratio(GDP/cap): 0.8","Uruguay, logratio(GNI/cap): 0.7, logratio(GDP/cap): 0.8",log,value
Egypt,Africa,1990,2023,7964.0776,16218.135,0.7111889305702803,2024,8006.62143741369,16798.151577864,0.7409999762102544,2,116538258,"Egypt, ΔGNI/cap: 1k, ΔGDP/cap: 1k","Egypt, logratio(GNI/cap): 0.7, logratio(GDP/cap): 0.7","Egypt, logratio(GNI/cap): 0.7, logratio(GDP/cap): 0.7",log,value
Morocco,Africa,1990,2023,4255.4136,8652.881,0.70970036848259,2024,4418.66015625,9065.9140625,0.7186851553103448,3,38081173,"Morocco, ΔGNI/cap: 1k, ΔGDP/cap: 1k","Morocco, logratio(GNI/cap): 0.7, logratio(GDP/cap): 0.7","Morocco, logratio(GNI/cap): 0.7, logratio(GDP/cap): 0.7",log,value
Azerbaijan,ex-USSR/Balkans,1990,2023,10332.301,20667.957,0.6933095223112691,2024,10776.0677000765,22072.1058327346,0.7169869102149669,1,10202850,"Azerbaijan, ΔGNI/cap: 1k, ΔGDP/cap: 1k","Azerbaijan, logratio(GNI/cap): 0.7, logratio(GDP/cap): 0.7","Azerbaijan, logratio(GNI/cap): 0.7, logratio(GDP/cap): 0.7",log,value
Costa Rica,Latin America,1990,2023,11946.281,23417.213,0.6730513336829738,2024,10953.4262046456,26973.4361581028,0.9012002329916129,5,5129910,"Costa Rica, ΔGNI/cap: 1k, ΔGDP/cap: 1k","Costa Rica, logratio(GNI/cap): 0.7, logratio(GDP/cap): 0.9","Costa Rica, logratio(GNI/cap): 0.7, logratio(GDP/cap): 0.9",log,value
Colombia,Latin America,1990,2023,9675.699,18665.95,0.6570835241047757,2024,9998.81069684463,18503.6706011465,0.6155029676704906,4,52886363,"Colombia, ΔGNI/cap: 1k, ΔGDP/cap: 1k","Colombia, logratio(GNI/cap): 0.7, logratio(GDP/cap): 0.6","Colombia, logratio(GNI/cap): 0.7, logratio(GDP/cap): 0.6",log,value
Latvia,CEE,1990,2023,19785.074,37997.824,0.6526010798912729,2024,17508.7863191492,38936.0453870454,0.799217607902035,5,1862441,"Latvia, ΔGNI/cap: 1k, ΔGDP/cap: 1k","Latvia, logratio(GNI/cap): 0.7, logratio(GDP/cap): 0.8","Latvia, logratio(GNI/cap): 0.7, logratio(GDP/cap): 0.8",log,value
Slovakia,CEE,1990,2023,19518.736,36792.99,0.6339325131091424,2024,17520.9907344944,40346.5748138478,0.8341068715374398,9,5422069,"Slovakia, ΔGNI/cap: 1k, ΔGDP/cap: 1k","Slovakia, logratio(GNI/cap): 0.6, logratio(GDP/cap): 0.8","Slovakia, logratio(GNI/cap): 0.6, logratio(GDP/cap): 0.8",log,value
Tunisia,Africa,1990,2023,6425.749,12011.388,0.6255419999098581,2024,6742.57685903794,12713.5498473821,0.6342261666729989,5,12277109,"Tunisia, ΔGNI/cap: 1k, ΔGDP/cap: 1k","Tunisia, logratio(GNI/cap): 0.6, logratio(GDP/cap): 0.6","Tunisia, logratio(GNI/cap): 0.6, logratio(GDP/cap): 0.6",log,value
North Macedonia,ex-USSR/Balkans,1990,2023,12007.635,22128.395,0.611318927983211,2024,12904.5181514137,24465.3919306751,0.6396820503269272,6,1792179,"North Macedonia, ΔGNI/cap: 1k, ΔGDP/cap: 1k","North Macedonia, logratio(GNI/cap): 0.6, logratio(GDP/cap): 0.6","North Macedonia, logratio(GNI/cap): 0.6, logratio(GDP/cap): 0.6",log,value
Bulgaria,CEE,1990,2023,17729.385,32174.93,0.5959641453643734,2024,14955.0762626823,34085.1952950467,0.8238123429000144,1,6444366,"Bulgaria, ΔGNI/cap: 1k, ΔGDP/cap: 1k","Bulgaria, logratio(GNI/cap): 0.6, logratio(GDP/cap): 0.8","Bulgaria, logratio(GNI/cap): 0.6, logratio(GDP/cap): 0.8",log,value
Slovenia,CEE,1990,2023,25958.826,46360.81,0.5799428228848704,2024,25351.411330939,48495.889687081,0.6486446433403188,10,2126324,"Slovenia, ΔGNI/cap: 1k, ΔGDP/cap: 1k","Slovenia, logratio(GNI/cap): 0.6, logratio(GDP/cap): 0.6","Slovenia, logratio(GNI/cap): 0.6, logratio(GDP/cap): 0.6",log,value
Georgia,ex-USSR/Balkans,1990,2023,11650.671,20752.57,0.5773063195093293,2024,12917.0944269361,25000.6326416981,0.6603495467089626,3,3673850,"Georgia, ΔGNI/cap: 1k, ΔGDP/cap: 1k","Georgia, logratio(GNI/cap): 0.6, logratio(GDP/cap): 0.7","Georgia, logratio(GNI/cap): 0.6, logratio(GDP/cap): 0.7",log,value
Hungary,CEE,1990,2023,21433.262,37236.074,0.5523340081557393,2024,21297.0006409015,40702.1535135968,0.6477147551118829,4,9562314,"Hungary, ΔGNI/cap: 1k, ΔGDP/cap: 1k","Hungary, logratio(GNI/cap): 0.6, logratio(GDP/cap): 0.6","Hungary, logratio(GNI/cap): 0.6, logratio(GDP/cap): 0.6",log,value
Czechia,CEE,1990,2023,26566.367,45889.016,0.5465797683315685,2024,27918.1375190566,47961.8095131483,0.5411284911805883,2,10882164,"Czechia, ΔGNI/cap: 1k, ΔGDP/cap: 1k","Czechia, logratio(GNI/cap): 0.5, logratio(GDP/cap): 0.5","Czechia, logratio(GNI/cap): 0.5, logratio(GDP/cap): 0.5",log,value
Ecuador,Latin America,1990,2023,8236.324,13986.397,0.5295310865302465,2024,9104.81599790272,13935.5391125402,0.4256388437769534,7,18135478,"Ecuador, ΔGNI/cap: 1k, ΔGDP/cap: 0k","Ecuador, logratio(GNI/cap): 0.5, logratio(GDP/cap): 0.4","Ecuador, logratio(GNI/cap): 0.5, logratio(GDP/cap): 0.4",log,value
Kazakhstan,ex-USSR/Balkans,1990,2023,18539.242,30988.53,0.5137274612902392,2024,16837.690749004,35905.4414938905,0.757268987161936,4,20592571,"Kazakhstan, ΔGNI/cap: 1k, ΔGDP/cap: 1k","Kazakhstan, logratio(GNI/cap): 0.5, logratio(GDP/cap): 0.8","Kazakhstan, logratio(GNI/cap): 0.5, logratio(GDP/cap): 0.8",log,value
Portugal,Southern Europe,1990,2023,25878.822,41063.926,0.46170507236891645,2024,27190.5717704405,41883.8514202164,0.43203005788091886,3,10701636,"Portugal, ΔGNI/cap: 0k, ΔGDP/cap: 0k","Portugal, logratio(GNI/cap): 0.5, logratio(GDP/cap): 0.4","Portugal, logratio(GNI/cap): 0.5, logratio(GDP/cap): 0.4",log,value
Paraguay,Latin America,1990,2023,9612.724,15252.22,0.4616374286779301,2024,9962.48027842986,16296.2836189267,0.492111018444243,11,6929153,"Paraguay, ΔGNI/cap: 0k, ΔGDP/cap: 0k","Paraguay, logratio(GNI/cap): 0.5, logratio(GDP/cap): 0.5","Paraguay, logratio(GNI/cap): 0.5, logratio(GDP/cap): 0.5",log,value
Argentina,Latin America,1990,2023,16405.537,25876.053,0.45569904660975347,2024,17007.2844317191,26547.0503429365,0.4452768950600987,1,45696159,"Argentina, ΔGNI/cap: 0k, ΔGDP/cap: 0k","Argentina, logratio(GNI/cap): 0.5, logratio(GDP/cap): 0.4","Argentina, logratio(GNI/cap): 0.5, logratio(GDP/cap): 0.4",log,value
Spain,Southern Europe,1990,2023,30217.459,46008.44,0.4204049879989835,2024,31773.2267420042,48373.0455699185,0.4203187400633315,4,48807137,"Spain, ΔGNI/cap: 0k, ΔGDP/cap: 0k","Spain, logratio(GNI/cap): 0.4, logratio(GDP/cap): 0.4","Spain, logratio(GNI/cap): 0.4, logratio(GDP/cap): 0.4",log,value
Brazil,Latin America,1990,2023,12177.599,18011.285,0.3914003894800455,2024,12633.2884560597,19647.9096329925,0.4416356815329614,2,211998573,"Brazil, ΔGNI/cap: 0k, ΔGDP/cap: 0k","Brazil, logratio(GNI/cap): 0.4, logratio(GDP/cap): 0.4","Brazil, logratio(GNI/cap): 0.4, logratio(GDP/cap): 0.4",log,value
South Africa,Africa,1990,2023,9628.174,13693.988,0.3522633123556176,2024,10824.3847590107,13598.7888656984,0.22817929770564227,4,64007187,"South Africa, ΔGNI/cap: 0k, ΔGDP/cap: 0k","South Africa, logratio(GNI/cap): 0.4, logratio(GDP/cap): 0.2","South Africa, logratio(GNI/cap): 0.4, logratio(GDP/cap): 0.2",log,value
Algeria,Africa,1990,2023,11297.324,15114.172,0.2910669631969913,2024,11728.5457286791,15442.1244460542,0.2750734526082095,1,46814308,"Algeria, ΔGNI/cap: 0k, ΔGDP/cap: 0k","Algeria, logratio(GNI/cap): 0.3, logratio(GDP/cap): 0.3","Algeria, logratio(GNI/cap): 0.3, logratio(GDP/cap): 0.3",log,value
Greece,Southern Europe,1990,2023,27322.46,35760.75,0.2691418486669992,2024,26916.3125225704,37752.6321172664,0.3383226819331675,1,10388805,"Greece, ΔGNI/cap: 0k, ΔGDP/cap: 0k","Greece, logratio(GNI/cap): 0.3, logratio(GDP/cap): 0.3","Greece, logratio(GNI/cap): 0.3, logratio(GDP/cap): 0.3",log,value
Mexico,Latin America,1990,2023,17073.438,21812.656,0.24496642929725176,2024,17169.5925839593,22033.2744496619,0.2494138394425871,9,130861007,"Mexico, ΔGNI/cap: 0k, ΔGDP/cap: 0k","Mexico, logratio(GNI/cap): 0.2, logratio(GDP/cap): 0.2","Mexico, logratio(GNI/cap): 0.2, logratio(GDP/cap): 0.2",log,value
Russia,ex-USSR/Balkans,1990,2023,30906.912,39221.684,0.23824990891395892,2024,29643.595703125,41704.7109375,0.34136798895498544,7,143533851,"Russia, ΔGNI/cap: 0k, ΔGDP/cap: 0k","Russia, logratio(GNI/cap): 0.2, logratio(GDP/cap): 0.3","Russia, logratio(GNI/cap): 0.2, logratio(GDP/cap): 0.3",log,value
Iran,Asia,1990,2023,13115.075,16095.771,0.20479423473368463,2024,9046.58484470857,16224.0353445835,0.5841064846772639,2,91567738,"Iran, ΔGNI/cap: 0k, ΔGDP/cap: 1k","Iran, logratio(GNI/cap): 0.2, logratio(GDP/cap): 0.6","Iran, logratio(GNI/cap): 0.2, logratio(GDP/cap): 0.6",log,value
Italy,Southern Europe,1990,2023,42767.633,52388.883,0.2029128341525226,2024,42656.7445101659,53115.1350996573,0.21927652009544651,2,58986023,"Italy, ΔGNI/cap: 0k, ΔGDP/cap: 0k","Italy, logratio(GNI/cap): 0.2, logratio(GDP/cap): 0.2","Italy, logratio(GNI/cap): 0.2, logratio(GDP/cap): 0.2",log,value
Jamaica,Latin America,1990,2023,9117.886,10056.985,0.09802943899151195,2024,8742.16514946537,10259.9951095504,0.16009447533098253,8,2839175,"Jamaica, ΔGNI/cap: 0k, ΔGDP/cap: 0k","Jamaica, logratio(GNI/cap): 0.1, logratio(GDP/cap): 0.2","Jamaica, logratio(GNI/cap): 0.1, logratio(GDP/cap): 0.2",log,value
Moldova,ex-USSR/Balkans,1990,2023,16041.989,15866.542,-0.01099698184892084,2024,15902.8943232278,16465.9286876097,0.03479219241194009,5,2389275,"Moldova, ΔGNI/cap: 0k, ΔGDP/cap: 0k","Moldova, logratio(GNI/cap): 0, logratio(GDP/cap): 0","Moldova, logratio(GNI/cap): 0, logratio(GDP/cap): 0",log,value
Ukraine,ex-USSR/Balkans,1990,2023,23600.672,16933.145,-0.3320022423952107,2024,22815.798828125,16319.8447265625,-0.33507139186569823,8,37860221,"Ukraine, ΔGNI/cap: 0k, ΔGDP/cap: 0k","Ukraine, logratio(GNI/cap): -0.3, logratio(GDP/cap): -0.3","Ukraine, logratio(GNI/cap): -0.3, logratio(GDP/cap): -0.3",log,value
China,Asia,1990,2023,3.855671490623491,34.39206017783056,2.188280550176236,2024,3.933889296840227,37.952725042338194,2.266712727916614,1,1408975000,"China, ΔGNI/cap: 2%, ΔGDP/cap: 2%","China, logratio(GNI/cap): 2.2, logratio(GDP/cap): 2.3","China, logratio(GNI/cap): 2.2, logratio(GDP/cap): 2.3",log,% of DE
Panama,Latin America,1990,2023,24.241645851956555,53.68124255043342,0.794991582679136,2024,26.75239826921417,57.975690294834806,0.7733996655908739,10,4515577,"Panama, ΔGNI/cap: 1%, ΔGDP/cap: 1%","Panama, logratio(GNI/cap): 0.8, logratio(GDP/cap): 0.8","Panama, logratio(GNI/cap): 0.8, logratio(GDP/cap): 0.8",log,% of DE
Poland,CEE,1990,2023,29.860793653134355,65.9102462338234,0.7917475400692862,2024,30.25819134967237,71.80128262246758,0.8641354034780853,7,36554707,"Poland, ΔGNI/cap: 1%, ΔGDP/cap: 1%","Poland, logratio(GNI/cap): 0.8, logratio(GDP/cap): 0.9","Poland, logratio(GNI/cap): 0.8, logratio(GDP/cap): 0.9",log,% of DE
Dominican Republic,Latin America,1990,2023,16.29726917089222,34.38314103257537,0.7465687997364969,2024,17.293170503538853,38.56365874731082,0.8019986947862541,6,11427557,"Dominican Republic, ΔGNI/cap: 1%, ΔGDP/cap: 1%","Dominican Republic, logratio(GNI/cap): 0.7, logratio(GDP/cap): 0.8","Dominican Republic, logratio(GNI/cap): 0.7, logratio(GDP/cap): 0.8",log,% of DE
South Korea,Asia,1990,2023,37.48147742426126,77.63302246321001,0.7281460082788729,2023,32.66187441598503,80.42269944378843,0.9010879900380591,5,51748695,"South Korea, ΔGNI/cap: 1%, ΔGDP/cap: 1%","South Korea, logratio(GNI/cap): 0.7, logratio(GDP/cap): 0.9","South Korea, logratio(GNI/cap): 0.7, logratio(GDP/cap): 0.9",log,% of DE
Malaysia,Asia,1990,2023,26.971419302240825,50.82194224637221,0.6335504343224017,2024,28.351891135223298,54.228960020464626,0.6485213488106809,4,35557673,"Malaysia, ΔGNI/cap: 1%, ΔGDP/cap: 1%","Malaysia, logratio(GNI/cap): 0.6, logratio(GDP/cap): 0.6","Malaysia, logratio(GNI/cap): 0.6, logratio(GDP/cap): 0.6",log,% of DE
Chile,Latin America,1990,2023,25.086707867738056,43.78728920479146,0.5570054356169405,2024,25.84787221785107,48.038970428891524,0.6197842805327456,3,19764771,"Chile, ΔGNI/cap: 1%, ΔGDP/cap: 1%","Chile, logratio(GNI/cap): 0.6, logratio(GDP/cap): 0.6","Chile, logratio(GNI/cap): 0.6, logratio(GDP/cap): 0.6",log,% of DE
Estonia,CEE,1990,2023,36.94293059414791,63.823377006337374,0.546745228475225,2024,45.68896516180332,66.12486881980247,0.36968810015419384,3,1371986,"Estonia, ΔGNI/cap: 1%, ΔGDP/cap: 0%","Estonia, logratio(GNI/cap): 0.5, logratio(GDP/cap): 0.4","Estonia, logratio(GNI/cap): 0.5, logratio(GDP/cap): 0.4",log,% of DE
Thailand,Asia,1990,2023,19.846049558789,32.11376576632217,0.4812798056261154,2024,20.53629817324323,34.596925909060225,0.5215708685556755,6,71668011,"Thailand, ΔGNI/cap: 0%, ΔGDP/cap: 1%","Thailand, logratio(GNI/cap): 0.5, logratio(GDP/cap): 0.5","Thailand, logratio(GNI/cap): 0.5, logratio(GDP/cap): 0.5",log,% of DE
Romania,CEE,1990,2023,38.43013899802421,61.47115188879723,0.46972596829877045,2024,38.50524347279481,64.6361387772977,0.5179792520478443,8,19069340,"Romania, ΔGNI/cap: 0%, ΔGDP/cap: 1%","Romania, logratio(GNI/cap): 0.5, logratio(GDP/cap): 0.5","Romania, logratio(GNI/cap): 0.5, logratio(GDP/cap): 0.5",log,% of DE
Lithuania,CEE,1990,2023,44.430278503981185,65.44005599843118,0.38721336271090356,2024,48.58275438909318,75.07426638260425,0.43520922205620005,6,2888055,"Lithuania, ΔGNI/cap: 0%, ΔGDP/cap: 0%","Lithuania, logratio(GNI/cap): 0.4, logratio(GDP/cap): 0.4","Lithuania, logratio(GNI/cap): 0.4, logratio(GDP/cap): 0.4",log,% of DE
Belarus,ex-USSR/Balkans,1990,2023,28.987100146317406,41.72291377125551,0.3641995603245016,2024,29.149414415737823,46.21617606175536,0.46089504407210447,2,9133712,"Belarus, ΔGNI/cap: 0%, ΔGDP/cap: 0%","Belarus, logratio(GNI/cap): 0.4, logratio(GDP/cap): 0.5","Belarus, logratio(GNI/cap): 0.4, logratio(GDP/cap): 0.5",log,% of DE
Israel,Asia,1990,2023,53.47966946451013,75.01591762213121,0.3383987543087028,2024,59.79032791386606,75.34457450740442,0.23122801129257908,3,9974400,"Israel, ΔGNI/cap: 0%, ΔGDP/cap: 0%","Israel, logratio(GNI/cap): 0.3, logratio(GDP/cap): 0.2","Israel, logratio(GNI/cap): 0.3, logratio(GDP/cap): 0.2",log,% of DE
Uruguay,Latin America,1990,2023,31.9205195239289,44.72815052569642,0.3373540208144048,2024,33.183087764426844,50.992959975919746,0.42964724206226457,12,3386588,"Uruguay, ΔGNI/cap: 0%, ΔGDP/cap: 0%","Uruguay, logratio(GNI/cap): 0.3, logratio(GDP/cap): 0.4","Uruguay, logratio(GNI/cap): 0.3, logratio(GDP/cap): 0.4",log,% of DE
Egypt,Africa,1990,2023,18.641548104158517,25.31977977126928,0.3061930408140241,2024,18.895337574368266,26.73596390004194,0.34709441916836736,2,116538258,"Egypt, ΔGNI/cap: 0%, ΔGDP/cap: 0%","Egypt, logratio(GNI/cap): 0.3, logratio(GDP/cap): 0.3","Egypt, logratio(GNI/cap): 0.3, logratio(GDP/cap): 0.3",log,% of DE
Morocco,Africa,1990,2023,9.960663533400323,13.508892440900281,0.3047044787263342,2024,10.427878466766165,14.429322772351341,0.32477959826845826,3,38081173,"Morocco, ΔGNI/cap: 0%, ΔGDP/cap: 0%","Morocco, logratio(GNI/cap): 0.3, logratio(GDP/cap): 0.3","Morocco, logratio(GNI/cap): 0.3, logratio(GDP/cap): 0.3",log,% of DE
Azerbaijan,ex-USSR/Balkans,1990,2023,24.184858032792793,32.26684939803888,0.28831363255501286,2024,25.431130784542816,35.12999760756625,0.3230813531730812,1,10202850,"Azerbaijan, ΔGNI/cap: 0%, ΔGDP/cap: 0%","Azerbaijan, logratio(GNI/cap): 0.3, logratio(GDP/cap): 0.3","Azerbaijan, logratio(GNI/cap): 0.3, logratio(GDP/cap): 0.3",log,% of DE
Costa Rica,Latin America,1990,2023,27.96270743611224,36.55899251158681,0.2680554439267193,2024,25.849690453151403,42.93096249550708,0.5072946759497272,5,5129910,"Costa Rica, ΔGNI/cap: 0%, ΔGDP/cap: 1%","Costa Rica, logratio(GNI/cap): 0.3, logratio(GDP/cap): 0.5","Costa Rica, logratio(GNI/cap): 0.3, logratio(GDP/cap): 0.5",log,% of DE
Colombia,Latin America,1990,2023,22.647947120688336,29.141312686170377,0.2520876343485212,2024,23.59683231384453,29.450470601922408,0.2215974106286045,4,52886363,"Colombia, ΔGNI/cap: 0%, ΔGDP/cap: 0%","Colombia, logratio(GNI/cap): 0.3, logratio(GDP/cap): 0.2","Colombia, logratio(GNI/cap): 0.3, logratio(GDP/cap): 0.2",log,% of DE
Latvia,CEE,1990,2023,46.31100137890871,59.322267046577814,0.24760519013501758,2024,41.32010369216002,61.97066975215436,0.4053120508601471,5,1862441,"Latvia, ΔGNI/cap: 0%, ΔGDP/cap: 0%","Latvia, logratio(GNI/cap): 0.2, logratio(GDP/cap): 0.4","Latvia, logratio(GNI/cap): 0.2, logratio(GDP/cap): 0.4",log,% of DE
Slovakia,CEE,1990,2023,45.687582963326555,57.44127816956221,0.22893662335288711,2024,41.34890567182747,64.21567055835206,0.4402013144955528,9,5422069,"Slovakia, ΔGNI/cap: 0%, ΔGDP/cap: 0%","Slovakia, logratio(GNI/cap): 0.2, logratio(GDP/cap): 0.4","Slovakia, logratio(GNI/cap): 0.2, logratio(GDP/cap): 0.4",log,% of DE
Tunisia,Africa,1990,2023,15.040776233615365,18.752199245305736,0.22054611015360148,2024,15.912237998078693,20.23490550049039,0.24032060963111412,5,12277109,"Tunisia, ΔGNI/cap: 0%, ΔGDP/cap: 0%","Tunisia, logratio(GNI/cap): 0.2, logratio(GDP/cap): 0.2","Tunisia, logratio(GNI/cap): 0.2, logratio(GDP/cap): 0.2",log,% of DE
North Macedonia,ex-USSR/Balkans,1990,2023,28.106318987860874,34.54688767183503,0.2063230382269552,2024,30.454197018248014,38.939155443796814,0.24577649328504103,6,1792179,"North Macedonia, ΔGNI/cap: 0%, ΔGDP/cap: 0%","North Macedonia, logratio(GNI/cap): 0.2, logratio(GDP/cap): 0.2","North Macedonia, logratio(GNI/cap): 0.2, logratio(GDP/cap): 0.2",log,% of DE
Bulgaria,CEE,1990,2023,41.49924196301734,50.23155509286395,0.19096825560811803,2024,35.29344014109946,54.25004928132255,0.42990678585812914,1,6444366,"Bulgaria, ΔGNI/cap: 0%, ΔGDP/cap: 0%","Bulgaria, logratio(GNI/cap): 0.2, logratio(GDP/cap): 0.4","Bulgaria, logratio(GNI/cap): 0.2, logratio(GDP/cap): 0.4",log,% of DE
Slovenia,CEE,1990,2023,60.761927232662934,72.37857492354445,0.17494693312861553,2024,59.828415621894564,77.1861326506189,0.2547390862984331,10,2126324,"Slovenia, ΔGNI/cap: 0%, ΔGDP/cap: 0%","Slovenia, logratio(GNI/cap): 0.2, logratio(GDP/cap): 0.3","Slovenia, logratio(GNI/cap): 0.2, logratio(GDP/cap): 0.3",log,% of DE
Georgia,ex-USSR/Balkans,1990,2023,27.27077193374216,32.39894735663809,0.17231042975307442,2024,30.483876574510482,39.79104538308044,0.26644398966707694,3,3673850,"Georgia, ΔGNI/cap: 0%, ΔGDP/cap: 0%","Georgia, logratio(GNI/cap): 0.2, logratio(GDP/cap): 0.3","Georgia, logratio(GNI/cap): 0.2, logratio(GDP/cap): 0.3",log,% of DE
Hungary,CEE,1990,2023,50.16892158384202,58.13302165919114,0.1473381183994822,2024,50.26015274694435,64.7816101640311,0.253809198069995,4,9562314,"Hungary, ΔGNI/cap: 0%, ΔGDP/cap: 0%","Hungary, logratio(GNI/cap): 0.1, logratio(GDP/cap): 0.3","Hungary, logratio(GNI/cap): 0.1, logratio(GDP/cap): 0.3",log,% of DE
Czechia,CEE,1990,2023,62.18400086699674,71.64200933339453,0.14158387857531363,2024,65.88579677380272,76.33608982395403,0.1472229341387008,2,10882164,"Czechia, ΔGNI/cap: 0%, ΔGDP/cap: 0%","Czechia, logratio(GNI/cap): 0.1, logratio(GDP/cap): 0.1","Czechia, logratio(GNI/cap): 0.1, logratio(GDP/cap): 0.1",log,% of DE
Ecuador,Latin America,1990,2023,19.27879633511297,21.83558663394659,0.12453519677399116,2024,21.487037095193642,22.179825495292587,0.03173328673506681,7,18135478,"Ecuador, ΔGNI/cap: 0%, ΔGDP/cap: 0%","Ecuador, logratio(GNI/cap): 0.1, logratio(GDP/cap): 0","Ecuador, logratio(GNI/cap): 0.1, logratio(GDP/cap): 0",log,% of DE
Kazakhstan,ex-USSR/Balkans,1990,2023,43.39487746297649,48.37934540780251,0.10873157153398383,2024,39.73634237139838,57.14715593236664,0.36336343012004857,4,20592571,"Kazakhstan, ΔGNI/cap: 0%, ΔGDP/cap: 0%","Kazakhstan, logratio(GNI/cap): 0.1, logratio(GDP/cap): 0.4","Kazakhstan, logratio(GNI/cap): 0.1, logratio(GDP/cap): 0.4",log,% of DE
Portugal,Southern Europe,1990,2023,60.574661551760336,64.10907067080763,0.056709182612662445,2024,64.16876787027435,66.66240237058375,0.038124500839031406,3,10701636,"Portugal, ΔGNI/cap: 0%, ΔGDP/cap: 0%","Portugal, logratio(GNI/cap): 0.1, logratio(GDP/cap): 0","Portugal, logratio(GNI/cap): 0.1, logratio(GDP/cap): 0",log,% of DE
Paraguay,Latin America,1990,2023,22.50054128779447,23.811791640835935,0.05664153892167478,2024,23.51109383781801,25.93719008433135,0.09820546140235731,11,6929153,"Paraguay, ΔGNI/cap: 0%, ΔGDP/cap: 0%","Paraguay, logratio(GNI/cap): 0.1, logratio(GDP/cap): 0.1","Paraguay, logratio(GNI/cap): 0.1, logratio(GDP/cap): 0.1",log,% of DE
Argentina,Latin America,1990,2023,38.40050568568699,40.397737675120574,0.050703156853499465,2024,40.13657734072113,42.252326175973074,0.05137133801821259,1,45696159,"Argentina, ΔGNI/cap: 0%, ΔGDP/cap: 0%","Argentina, logratio(GNI/cap): 0.1, logratio(GDP/cap): 0.1","Argentina, logratio(GNI/cap): 0.1, logratio(GDP/cap): 0.1",log,% of DE
Spain,Southern Europe,1990,2023,70.73012642844385,71.82845428402565,0.015409098242728625,2024,74.98366818140033,76.9906137647126,0.02641318302144402,4,48807137,"Spain, ΔGNI/cap: 0%, ΔGDP/cap: 0%","Spain, logratio(GNI/cap): 0, logratio(GDP/cap): 0","Spain, logratio(GNI/cap): 0, logratio(GDP/cap): 0",log,% of DE
Brazil,Latin America,1990,2023,28.50415439845195,28.119248581761454,-0.01359550027621026,2024,29.814104727889596,31.271643205744315,0.04773012449107572,2,211998573,"Brazil, ΔGNI/cap: 0%, ΔGDP/cap: 0%","Brazil, logratio(GNI/cap): 0, logratio(GDP/cap): 0","Brazil, logratio(GNI/cap): 0, logratio(GDP/cap): 0",log,% of DE
South Africa,Africa,1990,2023,22.536705164224962,21.379077208964176,-0.05273257740063686,2024,25.545157299509064,21.64385328423355,-0.1657262593362434,4,64007187,"South Africa, ΔGNI/cap: 0%, ΔGDP/cap: 0%","South Africa, logratio(GNI/cap): -0.1, logratio(GDP/cap): -0.2","South Africa, logratio(GNI/cap): -0.1, logratio(GDP/cap): -0.2",log,% of DE
Algeria,Africa,1990,2023,26.443691205904944,23.596270869929526,-0.11392892655926445,2024,27.6789445500989,24.577709030421687,-0.11883210443367709,1,46814308,"Algeria, ΔGNI/cap: 0%, ΔGDP/cap: 0%","Algeria, logratio(GNI/cap): -0.1, logratio(GDP/cap): -0.1","Algeria, logratio(GNI/cap): -0.1, logratio(GDP/cap): -0.1",log,% of DE
Greece,Southern Europe,1990,2023,63.95379075838574,55.82974333703708,-0.13585404108925658,2024,63.521525945336805,60.08714737095763,-0.055582875108719065,1,10388805,"Greece, ΔGNI/cap: 0%, ΔGDP/cap: 0%","Greece, logratio(GNI/cap): -0.1, logratio(GDP/cap): -0.1","Greece, logratio(GNI/cap): -0.1, logratio(GDP/cap): -0.1",log,% of DE
Mexico,Latin America,1990,2023,39.963864212017214,34.05395541142403,-0.16002946045900357,2024,40.51961872111156,35.06819351851466,-0.14449171759929946,9,130861007,"Mexico, ΔGNI/cap: 0%, ΔGDP/cap: 0%","Mexico, logratio(GNI/cap): -0.2, logratio(GDP/cap): -0.1","Mexico, logratio(GNI/cap): -0.2, logratio(GDP/cap): -0.1",log,% of DE
Russia,ex-USSR/Balkans,1990,2023,72.34393180686665,61.232959346948086,-0.16674598084229686,2024,69.9578158037121,66.37728210263396,-0.05253756808690202,7,143533851,"Russia, ΔGNI/cap: 0%, ΔGDP/cap: 0%","Russia, logratio(GNI/cap): -0.2, logratio(GDP/cap): -0.1","Russia, logratio(GNI/cap): -0.2, logratio(GDP/cap): -0.1",log,% of DE
Iran,Asia,1990,2023,30.69850819913492,25.128744887669434,-0.20020165502257115,2024,21.349613675646573,25.822199619712283,0.19020092763537688,2,91567738,"Iran, ΔGNI/cap: 0%, ΔGDP/cap: 0%","Iran, logratio(GNI/cap): -0.2, logratio(GDP/cap): 0.2","Iran, logratio(GNI/cap): -0.2, logratio(GDP/cap): 0.2",log,% of DE
Italy,Southern Europe,1990,2023,100.10636861078515,81.78961267881867,-0.20208305560373319,2024,100.66837724796,84.53813075729263,-0.17462903694643916,2,58986023,"Italy, ΔGNI/cap: 0%, ΔGDP/cap: 0%","Italy, logratio(GNI/cap): -0.2, logratio(GDP/cap): -0.2","Italy, logratio(GNI/cap): -0.2, logratio(GDP/cap): -0.2",log,% of DE
Jamaica,Latin America,1990,2023,21.342272013677203,15.700981978689816,-0.3069664507647438,2024,20.631194183621158,16.329824004268623,-0.23381108171090448,8,2839175,"Jamaica, ΔGNI/cap: 0%, ΔGDP/cap: 0%","Jamaica, logratio(GNI/cap): -0.3, logratio(GDP/cap): -0.2","Jamaica, logratio(GNI/cap): -0.3, logratio(GDP/cap): -0.2",log,% of DE
Moldova,ex-USSR/Balkans,1990,2023,37.54954743658974,24.77087218546364,-0.41599287160517573,2024,37.53025655025335,26.207197436694194,-0.3591133646299469,5,2389275,"Moldova, ΔGNI/cap: 0%, ΔGDP/cap: 0%","Moldova, logratio(GNI/cap): -0.4, logratio(GDP/cap): -0.4","Moldova, logratio(GNI/cap): -0.4, logratio(GDP/cap): -0.4",log,% of DE
Ukraine,ex-USSR/Balkans,1990,2023,55.24218678864542,26.436054591663563,-0.736998132151466,2024,53.844461644180875,25.974689979499924,-0.7289769489075852,8,37860221,"Ukraine, ΔGNI/cap: -1%, ΔGDP/cap: -1%","Ukraine, logratio(GNI/cap): -0.7, logratio(GDP/cap): -0.7","Ukraine, logratio(GNI/cap): -0.7, logratio(GDP/cap): -0.7",log,% of DE
China,Asia,1990,2023,3.907101011804226,38.035594123624314,2.2757267389756075,2024,4.029970886019648,41.544254855558115,2.333000089497086,1,1408975000,"China, ΔGNI/cap: 2%, ΔGDP/cap: 2%","China, logratio(GNI/cap): 2.3, logratio(GDP/cap): 2.3","China, logratio(GNI/cap): 2.3, logratio(GDP/cap): 2.3",log,% of W_EUR3
Panama,Latin America,1990,2023,24.564997113035457,59.36829440116759,0.8824377714785077,2024,27.405800728233924,63.46202678065032,0.8396870271713452,10,4515577,"Panama, ΔGNI/cap: 1%, ΔGDP/cap: 1%","Panama, logratio(GNI/cap): 0.9, logratio(GDP/cap): 0.8","Panama, logratio(GNI/cap): 0.9, logratio(GDP/cap): 0.8",log,% of W_EUR3
Poland,CEE,1990,2023,30.25909686008342,72.89285263445308,0.8791937288686578,2024,30.99721954573948,78.59595802135784,0.9304227650585575,7,36554707,"Poland, ΔGNI/cap: 1%, ΔGDP/cap: 1%","Poland, logratio(GNI/cap): 0.9, logratio(GDP/cap): 0.9","Poland, logratio(GNI/cap): 0.9, logratio(GDP/cap): 0.9",log,% of W_EUR3
Dominican Republic,Latin America,1990,2023,16.514653030500295,38.02573007398315,0.8340149885358681,2024,17.71554011756569,42.21300223828016,0.8682860563667263,6,11427557,"Dominican Republic, ΔGNI/cap: 1%, ΔGDP/cap: 1%","Dominican Republic, logratio(GNI/cap): 0.8, logratio(GDP/cap): 0.9","Dominican Republic, logratio(GNI/cap): 0.8, logratio(GDP/cap): 0.9",log,% of W_EUR3
South Korea,Asia,1990,2023,37.981430400484484,85.85755310187201,0.815592197078244,2023,33.45961033651213,88.23753508228859,0.9696933904711376,5,51748695,"South Korea, ΔGNI/cap: 1%, ΔGDP/cap: 1%","South Korea, logratio(GNI/cap): 0.8, logratio(GDP/cap): 1","South Korea, logratio(GNI/cap): 0.8, logratio(GDP/cap): 1",log,% of W_EUR3
Malaysia,Asia,1990,2023,27.331182104557463,56.20607657296863,0.7209966231217728,2024,29.044359720626108,59.36073715731421,0.7148087103911527,4,35557673,"Malaysia, ΔGNI/cap: 1%, ΔGDP/cap: 1%","Malaysia, logratio(GNI/cap): 0.7, logratio(GDP/cap): 0.7","Malaysia, logratio(GNI/cap): 0.7, logratio(GDP/cap): 0.7",log,% of W_EUR3
Chile,Latin America,1990,2023,25.42133113032055,48.42616439246596,0.6444516244163121,2024,26.479182468902756,52.58497850339169,0.6860716421132174,3,19764771,"Chile, ΔGNI/cap: 1%, ΔGDP/cap: 1%","Chile, logratio(GNI/cap): 0.6, logratio(GDP/cap): 0.7","Chile, logratio(GNI/cap): 0.6, logratio(GDP/cap): 0.7",log,% of W_EUR3
Estonia,CEE,1990,2023,37.43570007310653,70.58489810903893,0.6341914172745962,2024,46.80487566397106,72.38237569175028,0.43597546173466606,3,1371986,"Estonia, ΔGNI/cap: 1%, ΔGDP/cap: 0%","Estonia, logratio(GNI/cap): 0.6, logratio(GDP/cap): 0.4","Estonia, logratio(GNI/cap): 0.6, logratio(GDP/cap): 0.4",log,% of W_EUR3
Thailand,Asia,1990,2023,20.11076942110606,35.51593461261561,0.5687259944254865,2024,21.03787816583035,37.870890840683366,0.5878582301361472,6,71668011,"Thailand, ΔGNI/cap: 1%, ΔGDP/cap: 1%","Thailand, logratio(GNI/cap): 0.6, logratio(GDP/cap): 0.6","Thailand, logratio(GNI/cap): 0.6, logratio(GDP/cap): 0.6",log,% of W_EUR3
Romania,CEE,1990,2023,38.942745855839746,67.98347558897066,0.5571721570981425,2024,39.4456982506093,70.75276463673515,0.5842666136283166,8,19069340,"Romania, ΔGNI/cap: 1%, ΔGDP/cap: 1%","Romania, logratio(GNI/cap): 0.6, logratio(GDP/cap): 0.6","Romania, logratio(GNI/cap): 0.6, logratio(GDP/cap): 0.6",log,% of W_EUR3
Lithuania,CEE,1990,2023,45.022919229453606,72.37284991109782,0.4746595515102747,2024,49.76934300310602,82.17866970589526,0.5014965836366714,6,2888055,"Lithuania, ΔGNI/cap: 0%, ΔGDP/cap: 1%","Lithuania, logratio(GNI/cap): 0.5, logratio(GDP/cap): 0.5","Lithuania, logratio(GNI/cap): 0.5, logratio(GDP/cap): 0.5",log,% of W_EUR3
Belarus,ex-USSR/Balkans,1990,2023,29.373749445815182,46.14308667909975,0.4516457491238728,2024,29.861361765899204,50.58969005827731,0.5271824056525762,2,9133712,"Belarus, ΔGNI/cap: 0%, ΔGDP/cap: 1%","Belarus, logratio(GNI/cap): 0.5, logratio(GDP/cap): 0.5","Belarus, logratio(GNI/cap): 0.5, logratio(GDP/cap): 0.5",log,% of W_EUR3
Israel,Asia,1990,2023,54.193017009847544,82.96318919928697,0.42584494310807486,2024,61.25065109279671,82.47455754039723,0.2975153728730513,3,9974400,"Israel, ΔGNI/cap: 0%, ΔGDP/cap: 0%","Israel, logratio(GNI/cap): 0.4, logratio(GDP/cap): 0.3","Israel, logratio(GNI/cap): 0.4, logratio(GDP/cap): 0.3",log,% of W_EUR3
Uruguay,Latin America,1990,2023,32.34629673003898,49.46670163110531,0.42480020961377596,2024,33.993553836476,55.81850901919769,0.4959346036427368,12,3386588,"Uruguay, ΔGNI/cap: 0%, ΔGDP/cap: 0%","Uruguay, logratio(GNI/cap): 0.4, logratio(GDP/cap): 0.5","Uruguay, logratio(GNI/cap): 0.4, logratio(GDP/cap): 0.5",log,% of W_EUR3
Egypt,Africa,1990,2023,18.890201521700963,28.002186019095898,0.3936392296133957,2024,19.356838629744985,29.266032856225028,0.4133817807488396,2,116538258,"Egypt, ΔGNI/cap: 0%, ΔGDP/cap: 0%","Egypt, logratio(GNI/cap): 0.4, logratio(GDP/cap): 0.4","Egypt, logratio(GNI/cap): 0.4, logratio(GDP/cap): 0.4",log,% of W_EUR3
Morocco,Africa,1990,2023,10.09352551539515,14.940039860508037,0.3921506675257058,2024,10.682569704687255,15.794793706616572,0.3910669598489305,3,38081173,"Morocco, ΔGNI/cap: 0%, ΔGDP/cap: 0%","Morocco, logratio(GNI/cap): 0.4, logratio(GDP/cap): 0.4","Morocco, logratio(GNI/cap): 0.4, logratio(GDP/cap): 0.4",log,% of W_EUR3
Azerbaijan,ex-USSR/Balkans,1990,2023,24.507451820016467,35.68523609827364,0.37575982135438446,2024,26.052262513483743,38.45440800511133,0.38936871475355295,1,10202850,"Azerbaijan, ΔGNI/cap: 0%, ΔGDP/cap: 0%","Azerbaijan, logratio(GNI/cap): 0.4, logratio(GDP/cap): 0.4","Azerbaijan, logratio(GNI/cap): 0.4, logratio(GDP/cap): 0.4",log,% of W_EUR3
Costa Rica,Latin America,1990,2023,28.33569270154617,40.432093731787944,0.3555016327260909,2024,26.481045112910092,46.993591240632384,0.573582037530199,5,5129910,"Costa Rica, ΔGNI/cap: 0%, ΔGDP/cap: 1%","Costa Rica, logratio(GNI/cap): 0.4, logratio(GDP/cap): 0.6","Costa Rica, logratio(GNI/cap): 0.4, logratio(GDP/cap): 0.6",log,% of W_EUR3
Colombia,Latin America,1990,2023,22.95004056380873,32.2285764746158,0.3395338231478928,2024,24.173163007780317,32.237417864923074,0.28788477220907627,4,52886363,"Colombia, ΔGNI/cap: 0%, ΔGDP/cap: 0%","Colombia, logratio(GNI/cap): 0.3, logratio(GDP/cap): 0.3","Colombia, logratio(GNI/cap): 0.3, logratio(GDP/cap): 0.3",log,% of W_EUR3
Latvia,CEE,1990,2023,46.92872844204408,65.60693544411035,0.33505137893438874,2024,42.32930881417249,67.83505782209612,0.4715994124406193,5,1862441,"Latvia, ΔGNI/cap: 0%, ΔGDP/cap: 0%","Latvia, logratio(GNI/cap): 0.3, logratio(GDP/cap): 0.5","Latvia, logratio(GNI/cap): 0.3, logratio(GDP/cap): 0.5",log,% of W_EUR3
Slovakia,CEE,1990,2023,46.296994455312614,63.52667246750229,0.31638281215225916,2024,42.35881425541935,70.29250680736837,0.506488676076025,9,5422069,"Slovakia, ΔGNI/cap: 0%, ΔGDP/cap: 1%","Slovakia, logratio(GNI/cap): 0.3, logratio(GDP/cap): 0.5","Slovakia, logratio(GNI/cap): 0.3, logratio(GDP/cap): 0.5",log,% of W_EUR3
Tunisia,Africa,1990,2023,15.241400151333087,20.738828547396864,0.3079922989529731,2024,16.300879619357815,22.149768433036794,0.3066079712115859,5,12277109,"Tunisia, ΔGNI/cap: 0%, ΔGDP/cap: 0%","Tunisia, logratio(GNI/cap): 0.3, logratio(GDP/cap): 0.3","Tunisia, logratio(GNI/cap): 0.3, logratio(GDP/cap): 0.3",log,% of W_EUR3
North Macedonia,ex-USSR/Balkans,1990,2023,28.481219840076612,38.20682421832298,0.2937692270263268,2024,31.198012470565587,42.62403281484171,0.3120638548655128,6,1792179,"North Macedonia, ΔGNI/cap: 0%, ΔGDP/cap: 0%","North Macedonia, logratio(GNI/cap): 0.3, logratio(GDP/cap): 0.3","North Macedonia, logratio(GNI/cap): 0.3, logratio(GDP/cap): 0.3",log,% of W_EUR3
Bulgaria,CEE,1990,2023,42.05278656574393,55.553143133374405,0.2784144444074892,2024,36.155449608190814,59.38382213018031,0.49619414743860135,1,6444366,"Bulgaria, ΔGNI/cap: 0%, ΔGDP/cap: 0%","Bulgaria, logratio(GNI/cap): 0.3, logratio(GDP/cap): 0.5","Bulgaria, logratio(GNI/cap): 0.3, logratio(GDP/cap): 0.5",log,% of W_EUR3
Slovenia,CEE,1990,2023,61.572410395244084,80.04644341756689,0.26239312192798625,2024,61.28966905768794,84.49038540908609,0.32102644787890444,10,2126324,"Slovenia, ΔGNI/cap: 0%, ΔGDP/cap: 0%","Slovenia, logratio(GNI/cap): 0.3, logratio(GDP/cap): 0.3","Slovenia, logratio(GNI/cap): 0.3, logratio(GDP/cap): 0.3",log,% of W_EUR3
Georgia,ex-USSR/Balkans,1990,2023,27.634527701367112,35.83132866475146,0.2597566185524456,2024,31.228416922400008,43.55653852311441,0.3327313512475487,3,3673850,"Georgia, ΔGNI/cap: 0%, ΔGDP/cap: 0%","Georgia, logratio(GNI/cap): 0.3, logratio(GDP/cap): 0.3","Georgia, logratio(GNI/cap): 0.3, logratio(GDP/cap): 0.3",log,% of W_EUR3
Hungary,CEE,1990,2023,50.83810816301129,64.29170004866899,0.23478430719885424,2024,51.48771025655848,70.91200222396773,0.32009655965046724,4,9562314,"Hungary, ΔGNI/cap: 0%, ΔGDP/cap: 0%","Hungary, logratio(GNI/cap): 0.2, logratio(GDP/cap): 0.3","Hungary, logratio(GNI/cap): 0.2, logratio(GDP/cap): 0.3",log,% of W_EUR3
Czechia,CEE,1990,2023,63.013452597381296,79.23184523160451,0.22903006737468434,2024,67.49499611336321,83.5599016087869,0.21351029571917302,2,10882164,"Czechia, ΔGNI/cap: 0%, ΔGDP/cap: 0%","Czechia, logratio(GNI/cap): 0.2, logratio(GDP/cap): 0.2","Czechia, logratio(GNI/cap): 0.2, logratio(GDP/cap): 0.2",log,% of W_EUR3
Ecuador,Latin America,1990,2023,19.535949795117787,24.148873500616737,0.21198138557336232,2024,22.011838002153997,24.278739458110657,0.09802064831553858,7,18135478,"Ecuador, ΔGNI/cap: 0%, ΔGDP/cap: 0%","Ecuador, logratio(GNI/cap): 0.2, logratio(GDP/cap): 0.1","Ecuador, logratio(GNI/cap): 0.2, logratio(GDP/cap): 0.1",log,% of W_EUR3
Kazakhstan,ex-USSR/Balkans,1990,2023,43.97370731791744,53.50470824902702,0.19617776033335543,2024,40.70686559539662,62.55508682646872,0.4296507917005208,4,20592571,"Kazakhstan, ΔGNI/cap: 0%, ΔGDP/cap: 0%","Kazakhstan, logratio(GNI/cap): 0.2, logratio(GDP/cap): 0.4","Kazakhstan, logratio(GNI/cap): 0.2, logratio(GDP/cap): 0.4",log,% of W_EUR3
Portugal,Southern Europe,1990,2023,61.38264683963255,70.90085848504705,0.14415537141203316,2024,65.73603037499545,72.97077694099282,0.10441186241950362,2,10701636,"Portugal, ΔGNI/cap: 0%, ΔGDP/cap: 0%","Portugal, logratio(GNI/cap): 0.1, logratio(GDP/cap): 0.1","Portugal, logratio(GNI/cap): 0.1, logratio(GDP/cap): 0.1",log,% of W_EUR3
Paraguay,Latin America,1990,2023,22.800668533477296,26.334439912121514,0.1440877277210464,2024,24.0853304491783,28.391669739088943,0.16449282298282908,11,6929153,"Paraguay, ΔGNI/cap: 0%, ΔGDP/cap: 0%","Paraguay, logratio(GNI/cap): 0.1, logratio(GDP/cap): 0.2","Paraguay, logratio(GNI/cap): 0.1, logratio(GDP/cap): 0.2",log,% of W_EUR3
Argentina,Latin America,1990,2023,38.912717274593284,44.67751992112437,0.13814934565287107,2024,41.11687593179149,46.25073443176009,0.11765869959868436,1,45696159,"Argentina, ΔGNI/cap: 0%, ΔGDP/cap: 0%","Argentina, logratio(GNI/cap): 0.1, logratio(GDP/cap): 0.1","Argentina, logratio(GNI/cap): 0.1, logratio(GDP/cap): 0.1",log,% of W_EUR3
Spain,Southern Europe,1990,2023,71.67357208871702,79.43804237222174,0.10285528704210023,2024,76.81507457282018,84.27636424417356,0.09270054460191623,3,48807137,"Spain, ΔGNI/cap: 0%, ΔGDP/cap: 0%","Spain, logratio(GNI/cap): 0.1, logratio(GDP/cap): 0.1","Spain, logratio(GNI/cap): 0.1, logratio(GDP/cap): 0.1",log,% of W_EUR3
Brazil,Latin America,1990,2023,28.884361845050844,31.09823373729172,0.0738506885231609,2024,30.542286521037216,34.2309310765498,0.11401748607154794,2,211998573,"Brazil, ΔGNI/cap: 0%, ΔGDP/cap: 0%","Brazil, logratio(GNI/cap): 0.1, logratio(GDP/cap): 0.1","Brazil, logratio(GNI/cap): 0.1, logratio(GDP/cap): 0.1",log,% of W_EUR3
South Africa,Africa,1990,2023,22.837314787842057,23.644000948275927,0.0347136113987343,2024,26.169074020080373,23.692047300778235,-0.09943889775577164,4,64007187,"South Africa, ΔGNI/cap: 0%, ΔGDP/cap: 0%","South Africa, logratio(GNI/cap): 0, logratio(GDP/cap): -0.1","South Africa, logratio(GNI/cap): 0, logratio(GDP/cap): -0.1",log,% of W_EUR3
Algeria,Africa,1990,2023,26.796414818452902,26.096086625780995,-0.026482737759893293,2024,28.35497704072305,26.903538720514625,-0.05254474285320487,1,46814308,"Algeria, ΔGNI/cap: 0%, ΔGDP/cap: 0%","Algeria, logratio(GNI/cap): 0, logratio(GDP/cap): -0.1","Algeria, logratio(GNI/cap): 0, logratio(GDP/cap): -0.1",log,% of W_EUR3
Greece,Southern Europe,1990,2023,64.80684912821714,61.7444098031237,-0.048407852289885867,2024,65.07298016770957,65.77329456943659,0.010704486471752261,1,10388805,"Greece, ΔGNI/cap: 0%, ΔGDP/cap: 0%","Greece, logratio(GNI/cap): 0, logratio(GDP/cap): 0","Greece, logratio(GNI/cap): 0, logratio(GDP/cap): 0",log,% of W_EUR3
Mexico,Latin America,1990,2023,40.49692892096719,37.66167015396951,-0.07258327165963241,2024,41.509272741827324,38.38675529179995,-0.07820435601882769,9,130861007,"Mexico, ΔGNI/cap: 0%, ΔGDP/cap: 0%","Mexico, logratio(GNI/cap): -0.1, logratio(GDP/cap): -0.1","Mexico, logratio(GNI/cap): -0.1, logratio(GDP/cap): -0.1",log,% of W_EUR3
Russia,ex-USSR/Balkans,1990,2023,73.30890348098539,67.72004865850464,-0.07929979204292525,2024,71.66647042277849,72.65867526547473,0.013749793493570195,7,143533851,"Russia, ΔGNI/cap: 0%, ΔGDP/cap: 0%","Russia, logratio(GNI/cap): -0.1, logratio(GDP/cap): 0","Russia, logratio(GNI/cap): -0.1, logratio(GDP/cap): 0",log,% of W_EUR3
Iran,Asia,1990,2023,31.10798540212896,27.790912682794243,-0.11275546622319998,2024,21.87105814333164,28.26579753458283,0.25648828921584865,2,91567738,"Iran, ΔGNI/cap: 0%, ΔGDP/cap: 0%","Iran, logratio(GNI/cap): -0.1, logratio(GDP/cap): 0.3","Iran, logratio(GNI/cap): -0.1, logratio(GDP/cap): 0.3",log,% of W_EUR3
Jamaica,Latin America,1990,2023,21.62694949028321,17.364361855494305,-0.21952026196537222,2024,21.135091923047572,17.875142547022513,-0.1675237201304327,8,2839175,"Jamaica, ΔGNI/cap: 0%, ΔGDP/cap: 0%","Jamaica, logratio(GNI/cap): -0.2, logratio(GDP/cap): -0.2","Jamaica, logratio(GNI/cap): -0.2, logratio(GDP/cap): -0.2",log,% of W_EUR3
Moldova,ex-USSR/Balkans,1990,2023,38.05040837609494,27.39512653975305,-0.3285466828058041,2024,38.44689817882081,28.687228338555073,-0.29282600304947515,5,2389275,"Moldova, ΔGNI/cap: 0%, ΔGDP/cap: 0%","Moldova, logratio(GNI/cap): -0.3, logratio(GDP/cap): -0.3","Moldova, logratio(GNI/cap): -0.3, logratio(GDP/cap): -0.3",log,% of W_EUR3
Ukraine,ex-USSR/Balkans,1990,2023,55.97904396707099,29.2367202627382,-0.649551943352094,2024,55.15956256667982,28.43271831202283,-0.6626895873271135,8,37860221,"Ukraine, ΔGNI/cap: -1%, ΔGDP/cap: -1%","Ukraine, logratio(GNI/cap): -0.6, logratio(GDP/cap): -0.7","Ukraine, logratio(GNI/cap): -0.6, logratio(GDP/cap): -0.7",log,% of W_EUR3
China,Asia,1990,2023,4.608819502948646,46.134305386871205,2.3035850737149968,2024,4.59388723669707,48.51752876109218,2.3571985922143353,1,1408975000,"China, ΔGNI/cap: 2%, ΔGDP/cap: 2%","China, logratio(GNI/cap): 2.3, logratio(GDP/cap): 2.4","China, logratio(GNI/cap): 2.3, logratio(GDP/cap): 2.4",log,% of S_EUR4
Panama,Latin America,1990,2023,28.97689039581655,72.0092609911402,0.9102961062178969,2024,31.240711592645305,74.11423601825581,0.8638855298885946,10,4515577,"Panama, ΔGNI/cap: 1%, ΔGDP/cap: 1%","Panama, logratio(GNI/cap): 0.9, logratio(GDP/cap): 0.9","Panama, logratio(GNI/cap): 0.9, logratio(GDP/cap): 0.9",log,% of S_EUR4
Poland,CEE,1990,2023,35.693655047317336,88.41352952258339,0.907052063608047,2024,35.33467989514783,91.78842338284596,0.9546212677758064,7,36554707,"Poland, ΔGNI/cap: 1%, ΔGDP/cap: 1%","Poland, logratio(GNI/cap): 0.9, logratio(GDP/cap): 1","Poland, logratio(GNI/cap): 0.9, logratio(GDP/cap): 1",log,% of S_EUR4
Dominican Republic,Latin America,1990,2023,19.480698026860615,46.122341039028555,0.8618733232752578,2024,20.194486744210973,49.29852653052939,0.8924845590839756,6,11427557,"Dominican Republic, ΔGNI/cap: 1%, ΔGDP/cap: 1%","Dominican Republic, logratio(GNI/cap): 0.9, logratio(GDP/cap): 0.9","Dominican Republic, logratio(GNI/cap): 0.9, logratio(GDP/cap): 0.9",log,% of S_EUR4
South Korea,Asia,1990,2023,44.80292591637013,104.13873283265131,0.8434505318176333,2023,38.14163457185109,103.87406505330853,1.0018727960370684,5,51748695,"South Korea, ΔGNI/cap: 1%, ΔGDP/cap: 1%","South Korea, logratio(GNI/cap): 0.8, logratio(GDP/cap): 1","South Korea, logratio(GNI/cap): 0.8, logratio(GDP/cap): 1",log,% of S_EUR4
Malaysia,Asia,1990,2023,32.23988444157409,68.17372939639831,0.7488549578611621,2024,33.10855517132692,69.32453794930231,0.7390072131084024,4,35557673,"Malaysia, ΔGNI/cap: 1%, ΔGDP/cap: 1%","Malaysia, logratio(GNI/cap): 0.7, logratio(GDP/cap): 0.7","Malaysia, logratio(GNI/cap): 0.7, logratio(GDP/cap): 0.7",log,% of S_EUR4
Chile,Latin America,1990,2023,29.987022692877222,58.737283017993526,0.6723099591557014,2024,30.18443105980099,61.411456669763524,0.7102701448304667,3,19764771,"Chile, ΔGNI/cap: 1%, ΔGDP/cap: 1%","Chile, logratio(GNI/cap): 0.7, logratio(GDP/cap): 0.7","Chile, logratio(GNI/cap): 0.7, logratio(GDP/cap): 0.7",log,% of S_EUR4
Estonia,CEE,1990,2023,44.159181982294406,85.61415484873454,0.6620497520139854,2024,53.35431123679379,84.53188068074918,0.46017396445191583,3,1371986,"Estonia, ΔGNI/cap: 1%, ΔGDP/cap: 0%","Estonia, logratio(GNI/cap): 0.7, logratio(GDP/cap): 0.5","Estonia, logratio(GNI/cap): 0.7, logratio(GDP/cap): 0.5",log,% of S_EUR4
Thailand,Asia,1990,2023,23.722679819966,43.078148541417576,0.5965843291648758,2024,23.981721636865643,44.22758434251266,0.6120567328533966,6,71668011,"Thailand, ΔGNI/cap: 1%, ΔGDP/cap: 1%","Thailand, logratio(GNI/cap): 0.6, logratio(GDP/cap): 0.6","Thailand, logratio(GNI/cap): 0.6, logratio(GDP/cap): 0.6",log,% of S_EUR4
Romania,CEE,1990,2023,45.9368944024015,82.45882564338447,0.5850304918375318,2024,44.96535951778449,82.62873663577872,0.6084651163455654,8,19069340,"Romania, ΔGNI/cap: 1%, ΔGDP/cap: 1%","Romania, logratio(GNI/cap): 0.6, logratio(GDP/cap): 0.6","Romania, logratio(GNI/cap): 0.6, logratio(GDP/cap): 0.6",log,% of S_EUR4
Lithuania,CEE,1990,2023,53.109071815004505,87.78280546018794,0.502517886249664,2024,56.73359834780024,95.97249932310775,0.5256950863539211,6,2888055,"Lithuania, ΔGNI/cap: 1%, ΔGDP/cap: 1%","Lithuania, logratio(GNI/cap): 0.5, logratio(GDP/cap): 0.5","Lithuania, logratio(GNI/cap): 0.5, logratio(GDP/cap): 0.5",log,% of S_EUR4
Belarus,ex-USSR/Balkans,1990,2023,34.64929852378831,55.96808203987666,0.47950408386326204,2024,34.03988082461036,59.08125566220929,0.551380908369826,2,9133712,"Belarus, ΔGNI/cap: 0%, ΔGDP/cap: 1%","Belarus, logratio(GNI/cap): 0.5, logratio(GDP/cap): 0.6","Belarus, logratio(GNI/cap): 0.5, logratio(GDP/cap): 0.6",log,% of S_EUR4
Israel,Asia,1990,2023,63.92612654856238,100.6280878365828,0.4537032778474632,2024,69.82149307100785,96.31805243437233,0.3217138755903006,3,9974400,"Israel, ΔGNI/cap: 0%, ΔGDP/cap: 0%","Israel, logratio(GNI/cap): 0.5, logratio(GDP/cap): 0.3","Israel, logratio(GNI/cap): 0.5, logratio(GDP/cap): 0.3",log,% of S_EUR4
Uruguay,Latin America,1990,2023,38.15571769636079,59.99937616626338,0.45265854435316566,2024,38.750293120256664,65.18774078765036,0.5201331063599861,12,3386588,"Uruguay, ΔGNI/cap: 0%, ΔGDP/cap: 1%","Uruguay, logratio(GNI/cap): 0.5, logratio(GDP/cap): 0.5","Uruguay, logratio(GNI/cap): 0.5, logratio(GDP/cap): 0.5",log,% of S_EUR4
Egypt,Africa,1990,2023,22.282896941956,33.96453850848504,0.4214975643527845,2024,22.065453185399697,34.178386295812906,0.4375802834660889,2,116538258,"Egypt, ΔGNI/cap: 0%, ΔGDP/cap: 0%","Egypt, logratio(GNI/cap): 0.4, logratio(GDP/cap): 0.4","Egypt, logratio(GNI/cap): 0.4, logratio(GDP/cap): 0.4",log,% of S_EUR4
Morocco,Africa,1990,2023,11.906330834119192,18.121140928586335,0.42000900226509463,2024,12.177388375616742,18.445976720503445,0.4152654625661798,3,38081173,"Morocco, ΔGNI/cap: 0%, ΔGDP/cap: 0%","Morocco, logratio(GNI/cap): 0.4, logratio(GDP/cap): 0.4","Morocco, logratio(GNI/cap): 0.4, logratio(GDP/cap): 0.4",log,% of S_EUR4
Azerbaijan,ex-USSR/Balkans,1990,2023,28.909009921785408,43.2834984675003,0.4036181560937737,2024,29.697771927573918,44.90904585641287,0.4135672174708023,1,10202850,"Azerbaijan, ΔGNI/cap: 0%, ΔGDP/cap: 0%","Azerbaijan, logratio(GNI/cap): 0.4, logratio(GDP/cap): 0.4","Azerbaijan, logratio(GNI/cap): 0.4, logratio(GDP/cap): 0.4",log,% of S_EUR4
Costa Rica,Latin America,1990,2023,33.42480595149488,49.04107856420584,0.3833599674654802,2024,30.186554344751134,54.88154553575662,0.5977805402474483,5,5129910,"Costa Rica, ΔGNI/cap: 0%, ΔGDP/cap: 1%","Costa Rica, logratio(GNI/cap): 0.4, logratio(GDP/cap): 0.6","Costa Rica, logratio(GNI/cap): 0.4, logratio(GDP/cap): 0.6",log,% of S_EUR4
Colombia,Latin America,1990,2023,27.071886348569322,39.09083119436707,0.36739215788728163,2024,27.555728850865535,37.64852333692771,0.3120832749263256,4,52886363,"Colombia, ΔGNI/cap: 0%, ΔGDP/cap: 0%","Colombia, logratio(GNI/cap): 0.4, logratio(GDP/cap): 0.3","Colombia, logratio(GNI/cap): 0.4, logratio(GDP/cap): 0.3",log,% of S_EUR4
Latvia,CEE,1990,2023,55.357165898405256,79.57626178883312,0.362909713673778,2024,48.252475513960256,79.22128776498151,0.4957979151578691,5,1862441,"Latvia, ΔGNI/cap: 0%, ΔGDP/cap: 0%","Latvia, logratio(GNI/cap): 0.4, logratio(GDP/cap): 0.5","Latvia, logratio(GNI/cap): 0.4, logratio(GDP/cap): 0.5",log,% of S_EUR4
Slovakia,CEE,1990,2023,54.61197197843056,77.05305978136852,0.3442411468916484,2024,48.28610967008463,82.09122374617559,0.5306871787932739,9,5422069,"Slovakia, ΔGNI/cap: 0%, ΔGDP/cap: 1%","Slovakia, logratio(GNI/cap): 0.3, logratio(GDP/cap): 0.5","Slovakia, logratio(GNI/cap): 0.3, logratio(GDP/cap): 0.5",log,% of S_EUR4
Tunisia,Africa,1990,2023,17.97876790425508,25.154634011022544,0.33585063369236234,2024,18.58187191626728,25.867644773934824,0.3308064739288352,5,12277109,"Tunisia, ΔGNI/cap: 0%, ΔGDP/cap: 0%","Tunisia, logratio(GNI/cap): 0.3, logratio(GDP/cap): 0.3","Tunisia, logratio(GNI/cap): 0.3, logratio(GDP/cap): 0.3",log,% of S_EUR4
North Macedonia,ex-USSR/Balkans,1990,2023,33.59646988141148,46.341994570181335,0.32162756176571605,2024,35.56356989973265,49.77854928913582,0.33626235758276213,6,1792179,"North Macedonia, ΔGNI/cap: 0%, ΔGDP/cap: 0%","North Macedonia, logratio(GNI/cap): 0.3, logratio(GDP/cap): 0.3","North Macedonia, logratio(GNI/cap): 0.3, logratio(GDP/cap): 0.3",log,% of S_EUR4
Bulgaria,CEE,1990,2023,49.60550093073685,67.3817704065733,0.30627277914687845,2024,41.214704321638635,69.35149777416557,0.5203926501558502,1,6444366,"Bulgaria, ΔGNI/cap: 0%, ΔGDP/cap: 1%","Bulgaria, logratio(GNI/cap): 0.3, logratio(GDP/cap): 0.5","Bulgaria, logratio(GNI/cap): 0.3, logratio(GDP/cap): 0.5",log,% of S_EUR4
Slovenia,CEE,1990,2023,72.63086493433563,97.0902953101302,0.2902514566673755,2024,69.86597084416933,98.67224044271589,0.34522495059615377,10,2126324,"Slovenia, ΔGNI/cap: 0%, ΔGDP/cap: 0%","Slovenia, logratio(GNI/cap): 0.3, logratio(GDP/cap): 0.3","Slovenia, logratio(GNI/cap): 0.3, logratio(GDP/cap): 0.3",log,% of S_EUR4
Georgia,ex-USSR/Balkans,1990,2023,32.59771115209067,43.46069772603517,0.28761495329183484,2024,35.59822886555929,50.86757766810915,0.35692985396479804,3,3673850,"Georgia, ΔGNI/cap: 0%, ΔGDP/cap: 0%","Georgia, logratio(GNI/cap): 0.3, logratio(GDP/cap): 0.4","Georgia, logratio(GNI/cap): 0.3, logratio(GDP/cap): 0.4",log,% of S_EUR4
Hungary,CEE,1990,2023,59.968673368519376,77.98098050594588,0.2626426419382435,2024,58.6924178075086,82.81470252312621,0.3442950623677161,4,9562314,"Hungary, ΔGNI/cap: 0%, ΔGDP/cap: 0%","Hungary, logratio(GNI/cap): 0.3, logratio(GDP/cap): 0.3","Hungary, logratio(GNI/cap): 0.3, logratio(GDP/cap): 0.3",log,% of S_EUR4
Czechia,CEE,1990,2023,74.33071947756771,96.10224918268878,0.2568884021140736,2024,76.93961320210538,97.58557335241167,0.23770879843642323,2,10882164,"Czechia, ΔGNI/cap: 0%, ΔGDP/cap: 0%","Czechia, logratio(GNI/cap): 0.3, logratio(GDP/cap): 0.2","Czechia, logratio(GNI/cap): 0.3, logratio(GDP/cap): 0.2",log,% of S_EUR4
Ecuador,Latin America,1990,2023,23.04462212580134,29.290761206603577,0.23983972031275114,2024,25.091968283228375,28.353967210085912,0.12221915103278835,7,18135478,"Ecuador, ΔGNI/cap: 0%, ΔGDP/cap: 0%","Ecuador, logratio(GNI/cap): 0.2, logratio(GDP/cap): 0.1","Ecuador, logratio(GNI/cap): 0.2, logratio(GDP/cap): 0.1",log,% of S_EUR4
Kazakhstan,ex-USSR/Balkans,1990,2023,51.871420598410815,64.89717347317332,0.2240360950727447,2024,46.40300279919289,73.0550646487228,0.45384929441776967,4,20592571,"Kazakhstan, ΔGNI/cap: 0%, ΔGDP/cap: 0%","Kazakhstan, logratio(GNI/cap): 0.2, logratio(GDP/cap): 0.5","Kazakhstan, logratio(GNI/cap): 0.2, logratio(GDP/cap): 0.5",log,% of S_EUR4
Paraguay,Latin America,1990,2023,26.895686981184998,31.94168833407082,0.1719460624604352,2024,27.455605827315164,33.15725984088475,0.1886913257000784,11,6929153,"Paraguay, ΔGNI/cap: 0%, ΔGDP/cap: 0%","Paraguay, logratio(GNI/cap): 0.2, logratio(GDP/cap): 0.2","Paraguay, logratio(GNI/cap): 0.2, logratio(GDP/cap): 0.2",log,% of S_EUR4
Argentina,Latin America,1990,2023,45.90147266375782,54.19046015871121,0.16600768039226033,2024,46.870386138812655,54.01399894682045,0.14185720231593368,1,45696159,"Argentina, ΔGNI/cap: 0%, ΔGDP/cap: 0%","Argentina, logratio(GNI/cap): 0.2, logratio(GDP/cap): 0.1","Argentina, logratio(GNI/cap): 0.2, logratio(GDP/cap): 0.1",log,% of S_EUR4
Brazil,Latin America,1990,2023,34.0720165154426,37.719810753196896,0.10170902326254971,2024,34.81608780730376,39.976651135031105,0.13821598878879726,2,211998573,"Brazil, ΔGNI/cap: 0%, ΔGDP/cap: 0%","Brazil, logratio(GNI/cap): 0.1, logratio(GDP/cap): 0.1","Brazil, logratio(GNI/cap): 0.1, logratio(GDP/cap): 0.1",log,% of S_EUR4
South Africa,Africa,1990,2023,26.938914932373375,28.678388899878566,0.06257194613812356,2024,29.830928941465803,27.668797775316893,-0.07524039503852231,4,64007187,"South Africa, ΔGNI/cap: 0%, ΔGDP/cap: 0%","South Africa, logratio(GNI/cap): 0.1, logratio(GDP/cap): -0.1","South Africa, logratio(GNI/cap): 0.1, logratio(GDP/cap): -0.1",log,% of S_EUR4
Algeria,Africa,1990,2023,31.609072519821524,31.652583784625442,0.0013755969794959633,2024,32.32270674115758,31.419343497337827,-0.028346240135955547,1,46814308,"Algeria, ΔGNI/cap: 0%, ΔGDP/cap: 0%","Algeria, logratio(GNI/cap): 0, logratio(GDP/cap): 0","Algeria, logratio(GNI/cap): 0, logratio(GDP/cap): 0",log,% of S_EUR4
Mexico,Latin America,1990,2023,47.7702099988171,45.68076382915405,-0.04472493692024315,2024,47.31769128029587,44.830037519995166,-0.05400585330157792,9,130861007,"Mexico, ΔGNI/cap: 0%, ΔGDP/cap: 0%","Mexico, logratio(GNI/cap): 0, logratio(GDP/cap): -0.1","Mexico, logratio(GNI/cap): 0, logratio(GDP/cap): -0.1",log,% of S_EUR4
Russia,ex-USSR/Balkans,1990,2023,86.47524163879358,82.13930865575058,-0.051441457303536,2024,81.69480452487939,84.85455760831623,0.03794829621081952,7,143533851,"Russia, ΔGNI/cap: 0%, ΔGDP/cap: 0%","Russia, logratio(GNI/cap): -0.1, logratio(GDP/cap): 0","Russia, logratio(GNI/cap): -0.1, logratio(GDP/cap): 0",log,% of S_EUR4
Iran,Asia,1990,2023,36.69500465578381,33.708279894898936,-0.08489713148381117,2024,24.93148901056872,33.01025977255808,0.280686791933098,2,91567738,"Iran, ΔGNI/cap: 0%, ΔGDP/cap: 0%","Iran, logratio(GNI/cap): -0.1, logratio(GDP/cap): 0.3","Iran, logratio(GNI/cap): -0.1, logratio(GDP/cap): 0.3",log,% of S_EUR4
Jamaica,Latin America,1990,2023,25.511167051725295,21.061660561572364,-0.1916619272259834,2024,24.092538576030346,20.87551565551208,-0.14332521741318338,8,2839175,"Jamaica, ΔGNI/cap: 0%, ΔGDP/cap: 0%","Jamaica, logratio(GNI/cap): -0.2, logratio(GDP/cap): -0.1","Jamaica, logratio(GNI/cap): -0.2, logratio(GDP/cap): -0.1",log,% of S_EUR4
Moldova,ex-USSR/Balkans,1990,2023,44.884292392001775,33.22822117065219,-0.30068834806641487,2024,43.826796726247025,33.5024284544522,-0.2686275003322258,5,2389275,"Moldova, ΔGNI/cap: 0%, ΔGDP/cap: 0%","Moldova, logratio(GNI/cap): -0.3, logratio(GDP/cap): -0.3","Moldova, logratio(GNI/cap): -0.3, logratio(GDP/cap): -0.3",log,% of S_EUR4
Ukraine,ex-USSR/Balkans,1990,2023,66.03292538697846,35.46193538420175,-0.6216936086127052,2024,62.87807471163663,33.20519848666973,-0.6384910846098646,8,37860221,"Ukraine, ΔGNI/cap: -1%, ΔGDP/cap: -1%","Ukraine, logratio(GNI/cap): -0.6, logratio(GDP/cap): -0.6","Ukraine, logratio(GNI/cap): -0.6, logratio(GDP/cap): -0.6",log,% of S_EUR4
China,Asia,1990,2023,4.015611295957166,35.12630393980169,2.1687606609564063,2024,4.092911641249394,37.86175918931314,2.224685000841216,1,1408975000,"China, ΔGNI/cap: 2%, ΔGDP/cap: 2%","China, logratio(GNI/cap): 2.2, logratio(GDP/cap): 2.2","China, logratio(GNI/cap): 2.2, logratio(GDP/cap): 2.2",log,% of G7
Panama,Latin America,1990,2023,25.24723051547333,54.827295368255655,0.7754716934593056,2024,27.8338290798766,57.836732996867326,0.7313719385154753,10,4515577,"Panama, ΔGNI/cap: 1%, ΔGDP/cap: 1%","Panama, logratio(GNI/cap): 0.8, logratio(GDP/cap): 0.7","Panama, logratio(GNI/cap): 0.8, logratio(GDP/cap): 0.7",log,% of G7
Poland,CEE,1990,2023,31.099470116003616,67.3173787782809,0.7722276508494561,2024,31.48133927350209,71.62918786735422,0.8221076764026871,7,36554707,"Poland, ΔGNI/cap: 1%, ΔGDP/cap: 1%","Poland, logratio(GNI/cap): 0.8, logratio(GDP/cap): 0.8","Poland, logratio(GNI/cap): 0.8, logratio(GDP/cap): 0.8",log,% of G7
Dominican Republic,Latin America,1990,2023,16.97330758988147,35.117194377725525,0.7270489105166669,2024,17.9922243681072,38.471228596121335,0.7599709677108555,6,11427557,"Dominican Republic, ΔGNI/cap: 1%, ΔGDP/cap: 1%","Dominican Republic, logratio(GNI/cap): 0.7, logratio(GDP/cap): 0.8","Dominican Republic, logratio(GNI/cap): 0.7, logratio(GDP/cap): 0.8",log,% of G7
South Korea,Asia,1990,2023,39.036272799705834,79.29042717150138,0.7086261190590419,2023,33.98218809298647,80.78925695333858,0.8660074904637565,5,51748695,"South Korea, ΔGNI/cap: 1%, ΔGDP/cap: 1%","South Korea, logratio(GNI/cap): 0.7, logratio(GDP/cap): 0.9","South Korea, logratio(GNI/cap): 0.7, logratio(GDP/cap): 0.9",log,% of G7
Malaysia,Asia,1990,2023,28.09023960715113,51.90695122439528,0.6140305451025712,2024,29.497979359001754,54.09898296080896,0.6064936217352828,4,35557673,"Malaysia, ΔGNI/cap: 1%, ΔGDP/cap: 1%","Malaysia, logratio(GNI/cap): 0.6, logratio(GDP/cap): 0.6","Malaysia, logratio(GNI/cap): 0.6, logratio(GDP/cap): 0.6",log,% of G7
Chile,Latin America,1990,2023,26.12734713967457,44.72211380634204,0.5374855463971104,2024,26.892738742532586,47.923829660511004,0.577756553457347,3,19764771,"Chile, ΔGNI/cap: 1%, ΔGDP/cap: 1%","Chile, logratio(GNI/cap): 0.5, logratio(GDP/cap): 0.6","Chile, logratio(GNI/cap): 0.5, logratio(GDP/cap): 0.6",log,% of G7
Estonia,CEE,1990,2023,38.47538613193233,65.18595651429725,0.5272253392553945,2024,47.5358819928119,65.96637940720686,0.3276603730787966,3,1371986,"Estonia, ΔGNI/cap: 1%, ΔGDP/cap: 0%","Estonia, logratio(GNI/cap): 0.5, logratio(GDP/cap): 0.3","Estonia, logratio(GNI/cap): 0.5, logratio(GDP/cap): 0.3",log,% of G7
Thailand,Asia,1990,2023,20.66929741867395,32.79936971285526,0.4617599164062849,2024,21.3664512443065,34.51400330274272,0.4795431414802773,6,71668011,"Thailand, ΔGNI/cap: 0%, ΔGDP/cap: 0%","Thailand, logratio(GNI/cap): 0.5, logratio(GDP/cap): 0.5","Thailand, logratio(GNI/cap): 0.5, logratio(GDP/cap): 0.5",log,% of G7
Romania,CEE,1990,2023,40.024286467599254,62.78351321818986,0.45020607907894084,2024,40.06176772323772,64.48121758274412,0.4759515249724462,8,19069340,"Romania, ΔGNI/cap: 0%, ΔGDP/cap: 0%","Romania, logratio(GNI/cap): 0.5, logratio(GDP/cap): 0.5","Romania, logratio(GNI/cap): 0.5, logratio(GDP/cap): 0.5",log,% of G7
Lithuania,CEE,1990,2023,46.27332195623822,66.83715034670352,0.3676934734910726,2024,50.54664887565482,74.89432687433164,0.39318149498080146,6,2888055,"Lithuania, ΔGNI/cap: 0%, ΔGDP/cap: 0%","Lithuania, logratio(GNI/cap): 0.4, logratio(GDP/cap): 0.4","Lithuania, logratio(GNI/cap): 0.4, logratio(GDP/cap): 0.4",log,% of G7
Belarus,ex-USSR/Balkans,1990,2023,30.18953431786558,42.6136655613315,0.34467967110467157,2024,30.327741478034223,46.10540420349423,0.4188673169967063,2,9133712,"Belarus, ΔGNI/cap: 0%, ΔGDP/cap: 0%","Belarus, logratio(GNI/cap): 0.3, logratio(GDP/cap): 0.4","Belarus, logratio(GNI/cap): 0.3, logratio(GDP/cap): 0.4",log,% of G7
Israel,Asia,1990,2023,55.698097031346194,76.61744917557083,0.3188788650888732,2024,62.207273943713126,75.16398711919369,0.18920028421718094,3,9974400,"Israel, ΔGNI/cap: 0%, ΔGDP/cap: 0%","Israel, logratio(GNI/cap): 0.3, logratio(GDP/cap): 0.2","Israel, logratio(GNI/cap): 0.3, logratio(GDP/cap): 0.2",log,% of G7
Uruguay,Latin America,1990,2023,33.244636915989545,45.68306178539375,0.31783413159457474,2024,34.524470811294165,50.8707390261116,0.38761951498686686,12,3386588,"Uruguay, ΔGNI/cap: 0%, ΔGDP/cap: 0%","Uruguay, logratio(GNI/cap): 0.3, logratio(GDP/cap): 0.4","Uruguay, logratio(GNI/cap): 0.3, logratio(GDP/cap): 0.4",log,% of G7
Egypt,Africa,1990,2023,19.41483119690855,25.860337395773584,0.2866731515941936,2024,19.65915695329491,26.671882605223157,0.30506669209296877,2,116538258,"Egypt, ΔGNI/cap: 0%, ΔGDP/cap: 0%","Egypt, logratio(GNI/cap): 0.3, logratio(GDP/cap): 0.3","Egypt, logratio(GNI/cap): 0.3, logratio(GDP/cap): 0.3",log,% of G7
Morocco,Africa,1990,2023,10.373848782818103,13.797296798027562,0.28518458950650416,2024,10.849411854177697,14.394738281959766,0.28275187119305967,3,38081173,"Morocco, ΔGNI/cap: 0%, ΔGDP/cap: 0%","Morocco, logratio(GNI/cap): 0.3, logratio(GDP/cap): 0.3","Morocco, logratio(GNI/cap): 0.3, logratio(GDP/cap): 0.3",log,% of G7
Azerbaijan,ex-USSR/Balkans,1990,2023,25.1880870410717,32.95572156116227,0.2687937433351828,2024,26.459151080279774,35.04579732430397,0.2810536260976826,1,10202850,"Azerbaijan, ΔGNI/cap: 0%, ΔGDP/cap: 0%","Azerbaijan, logratio(GNI/cap): 0.3, logratio(GDP/cap): 0.3","Azerbaijan, logratio(GNI/cap): 0.3, logratio(GDP/cap): 0.3",log,% of G7
Costa Rica,Latin America,1990,2023,29.122648057301184,37.33949859516494,0.2485355547068897,2024,26.894630477623668,42.82806470304991,0.46526694887432907,5,5129910,"Costa Rica, ΔGNI/cap: 0%, ΔGDP/cap: 0%","Costa Rica, logratio(GNI/cap): 0.2, logratio(GDP/cap): 0.5","Costa Rica, logratio(GNI/cap): 0.2, logratio(GDP/cap): 0.5",log,% of G7
Colombia,Latin America,1990,2023,23.58742245267636,29.7634570690551,0.23256774512869072,2024,24.55070348611965,29.379883122965243,0.17956968355320635,4,52886363,"Colombia, ΔGNI/cap: 0%, ΔGDP/cap: 0%","Colombia, logratio(GNI/cap): 0.2, logratio(GDP/cap): 0.2","Colombia, logratio(GNI/cap): 0.2, logratio(GDP/cap): 0.2",log,% of G7
Latvia,CEE,1990,2023,48.23206041191064,60.58875135428475,0.22808530091518753,2024,42.990414995946566,61.82213720725145,0.36328432378474895,5,1862441,"Latvia, ΔGNI/cap: 0%, ΔGDP/cap: 0%","Latvia, logratio(GNI/cap): 0.2, logratio(GDP/cap): 0.4","Latvia, logratio(GNI/cap): 0.2, logratio(GDP/cap): 0.4",log,% of G7
Slovakia,CEE,1990,2023,47.58278154108167,58.667604826283885,0.20941673413305706,2024,43.02038125807973,64.06175715046369,0.3981735874201542,9,5422069,"Slovakia, ΔGNI/cap: 0%, ΔGDP/cap: 0%","Slovakia, logratio(GNI/cap): 0.2, logratio(GDP/cap): 0.4","Slovakia, logratio(GNI/cap): 0.2, logratio(GDP/cap): 0.4",log,% of G7
Tunisia,Africa,1990,2023,15.664693190420937,19.15254412862799,0.20102622093377187,2024,16.55546946706883,20.186406072908312,0.19829288255571553,5,12277109,"Tunisia, ΔGNI/cap: 0%, ΔGDP/cap: 0%","Tunisia, logratio(GNI/cap): 0.2, logratio(GDP/cap): 0.2","Tunisia, logratio(GNI/cap): 0.2, logratio(GDP/cap): 0.2",log,% of G7
North Macedonia,ex-USSR/Balkans,1990,2023,29.272216860253973,35.28443688050132,0.18680314900712514,2024,31.685268215607426,38.845825294589645,0.20374876620964244,6,1792179,"North Macedonia, ΔGNI/cap: 0%, ΔGDP/cap: 0%","North Macedonia, logratio(GNI/cap): 0.2, logratio(GDP/cap): 0.2","North Macedonia, logratio(GNI/cap): 0.2, logratio(GDP/cap): 0.2",log,% of G7
Bulgaria,CEE,1990,2023,43.22070103887517,51.30395976389378,0.17144836638828842,2024,36.720131430559555,54.120021674503235,0.38787905878273055,1,6444366,"Bulgaria, ΔGNI/cap: 0%, ΔGDP/cap: 0%","Bulgaria, logratio(GNI/cap): 0.2, logratio(GDP/cap): 0.4","Bulgaria, logratio(GNI/cap): 0.2, logratio(GDP/cap): 0.4",log,% of G7
Slovenia,CEE,1990,2023,63.28243522638714,73.92380125959946,0.1554270439087846,2024,62.24690129766627,77.00113137889373,0.21271135922303497,10,2126324,"Slovenia, ΔGNI/cap: 0%, ΔGDP/cap: 0%","Slovenia, logratio(GNI/cap): 0.2, logratio(GDP/cap): 0.2","Slovenia, logratio(GNI/cap): 0.2, logratio(GDP/cap): 0.2",log,% of G7
Georgia,ex-USSR/Balkans,1990,2023,28.402009894493965,33.09063970853671,0.15279054053324392,2024,31.716147529224955,39.695673406970876,0.2244162625916788,3,3673850,"Georgia, ΔGNI/cap: 0%, ΔGDP/cap: 0%","Georgia, logratio(GNI/cap): 0.2, logratio(GDP/cap): 0.2","Georgia, logratio(GNI/cap): 0.2, logratio(GDP/cap): 0.2",log,% of G7
Hungary,CEE,1990,2023,52.250013702668404,59.37411650192778,0.12781822917965258,2024,52.291853874528606,64.62634030073845,0.21178147099459688,4,9562314,"Hungary, ΔGNI/cap: 0%, ΔGDP/cap: 0%","Hungary, logratio(GNI/cap): 0.1, logratio(GDP/cap): 0.2","Hungary, logratio(GNI/cap): 0.1, logratio(GDP/cap): 0.2",log,% of G7
Czechia,CEE,1990,2023,64.76349889158811,73.17151056641546,0.12206398935548268,2024,68.54914418285453,76.15312595193464,0.10519520706330265,2,10882164,"Czechia, ΔGNI/cap: 0%, ΔGDP/cap: 0%","Czechia, logratio(GNI/cap): 0.1, logratio(GDP/cap): 0.1","Czechia, logratio(GNI/cap): 0.1, logratio(GDP/cap): 0.1",log,% of G7
Ecuador,Latin America,1990,2023,20.07851356735231,22.30175944220686,0.10501530755416066,2024,22.355622547262403,22.126664444435885,-0.010294440340331334,7,18135478,"Ecuador, ΔGNI/cap: 0%, ΔGDP/cap: 0%","Ecuador, logratio(GNI/cap): 0.1, logratio(GDP/cap): 0","Ecuador, logratio(GNI/cap): 0.1, logratio(GDP/cap): 0",log,% of G7
Kazakhstan,ex-USSR/Balkans,1990,2023,45.19497072060639,49.4122068412337,0.08921168231415377,2024,41.34263218926911,57.010184482186325,0.3213357030446504,4,20592571,"Kazakhstan, ΔGNI/cap: 0%, ΔGDP/cap: 0%","Kazakhstan, logratio(GNI/cap): 0.1, logratio(GDP/cap): 0.3","Kazakhstan, logratio(GNI/cap): 0.1, logratio(GDP/cap): 0.3",log,% of G7
Portugal,Southern Europe,1990,2023,63.087401446822085,65.47774951651834,0.03718929339283239,2024,66.76270662517905,66.50262458678628,-0.003903226236365853,2,10701636,"Portugal, ΔGNI/cap: 0%, ΔGDP/cap: 0%","Portugal, logratio(GNI/cap): 0, logratio(GDP/cap): 0","Portugal, logratio(GNI/cap): 0, logratio(GDP/cap): 0",log,% of G7
Paraguay,Latin America,1990,2023,23.433901975348853,24.32015489047081,0.037121649701844284,2024,24.461499144016333,25.875023306624026,0.05617773432695872,11,6929153,"Paraguay, ΔGNI/cap: 0%, ΔGDP/cap: 0%","Paraguay, logratio(GNI/cap): 0, logratio(GDP/cap): 0.1","Paraguay, logratio(GNI/cap): 0, logratio(GDP/cap): 0.1",log,% of G7
Argentina,Latin America,1990,2023,39.99342391511071,41.260197985213416,0.031183267633668965,2024,41.75904613525685,42.15105495266559,0.009343610942813996,1,45696159,"Argentina, ΔGNI/cap: 0%, ΔGDP/cap: 0%","Argentina, logratio(GNI/cap): 0, logratio(GDP/cap): 0","Argentina, logratio(GNI/cap): 0, logratio(GDP/cap): 0",log,% of G7
Spain,Southern Europe,1990,2023,73.66413226366667,73.36193597187379,-0.004110790977101431,2024,78.01478517703693,76.80608111657689,-0.015614544053954127,3,48807137,"Spain, ΔGNI/cap: 0%, ΔGDP/cap: 0%","Spain, logratio(GNI/cap): 0, logratio(GDP/cap): 0","Spain, logratio(GNI/cap): 0, logratio(GDP/cap): 0",log,% of G7
Brazil,Latin America,1990,2023,29.686555159713958,28.719572690166647,-0.03311538949604076,2024,31.01930102919314,31.196690703742618,0.005702397415678018,2,211998573,"Brazil, ΔGNI/cap: 0%, ΔGDP/cap: 0%","Brazil, logratio(GNI/cap): 0, logratio(GDP/cap): 0","Brazil, logratio(GNI/cap): 0, logratio(GDP/cap): 0",log,% of G7
South Africa,Africa,1990,2023,23.471565990826583,21.835503895711483,-0.07225246662046692,2024,26.577786968404872,21.591976862328323,-0.20775398641164156,4,64007187,"South Africa, ΔGNI/cap: 0%, ΔGDP/cap: 0%","South Africa, logratio(GNI/cap): -0.1, logratio(GDP/cap): -0.2","South Africa, logratio(GNI/cap): -0.1, logratio(GDP/cap): -0.2",log,% of G7
Algeria,Africa,1990,2023,27.54062045261635,24.10003291856641,-0.1334488157790945,2024,28.797829785802783,24.518800684186736,-0.16085983150907524,1,46814308,"Algeria, ΔGNI/cap: 0%, ΔGDP/cap: 0%","Algeria, logratio(GNI/cap): -0.1, logratio(GDP/cap): -0.2","Algeria, logratio(GNI/cap): -0.1, logratio(GDP/cap): -0.2",log,% of G7
Greece,Southern Europe,1990,2023,66.60670267505756,57.02166497725603,-0.15537393030908664,2024,66.08930078953203,59.943129290296916,-0.09761060218411721,1,10388805,"Greece, ΔGNI/cap: 0%, ΔGDP/cap: 0%","Greece, logratio(GNI/cap): -0.2, logratio(GDP/cap): -0.1","Greece, logratio(GNI/cap): -0.2, logratio(GDP/cap): -0.1",log,% of G7
Mexico,Latin America,1990,2023,41.62163320971206,34.7809808993417,-0.17954934967883407,2024,42.15757146390285,34.984141368533315,-0.1865194446746976,9,130861007,"Mexico, ΔGNI/cap: 0%, ΔGDP/cap: 0%","Mexico, logratio(GNI/cap): -0.2, logratio(GDP/cap): -0.2","Mexico, logratio(GNI/cap): -0.2, logratio(GDP/cap): -0.2",log,% of G7
Russia,ex-USSR/Balkans,1990,2023,75.34488103150919,62.54023545064919,-0.18626587006212691,2024,72.78576927148931,66.21818770081656,-0.09456529516230106,7,143533851,"Russia, ΔGNI/cap: 0%, ΔGDP/cap: 0%","Russia, logratio(GNI/cap): -0.2, logratio(GDP/cap): -0.1","Russia, logratio(GNI/cap): -0.2, logratio(GDP/cap): -0.1",log,% of G7
Iran,Asia,1990,2023,31.971934484891936,25.665224065844072,-0.21972154424240165,2024,22.212643965202084,25.76030845345821,0.14817320055997873,2,91567738,"Iran, ΔGNI/cap: 0%, ΔGDP/cap: 0%","Iran, logratio(GNI/cap): -0.2, logratio(GDP/cap): 0.1","Iran, logratio(GNI/cap): -0.2, logratio(GDP/cap): 0.1",log,% of G7
Jamaica,Latin America,1990,2023,22.227585723506227,16.036185744182916,-0.3264863399845739,2024,21.465183302144506,16.290684354384716,-0.27583880878630307,8,2839175,"Jamaica, ΔGNI/cap: 0%, ΔGDP/cap: 0%","Jamaica, logratio(GNI/cap): -0.3, logratio(GDP/cap): -0.3","Jamaica, logratio(GNI/cap): -0.3, logratio(GDP/cap): -0.3",log,% of G7
Moldova,ex-USSR/Balkans,1990,2023,39.10716647181637,25.299711059515303,-0.43551276082500623,2024,39.04736822589011,26.144383499946162,-0.40114109170534507,5,2389275,"Moldova, ΔGNI/cap: 0%, ΔGDP/cap: 0%","Moldova, logratio(GNI/cap): -0.4, logratio(GDP/cap): -0.4","Moldova, logratio(GNI/cap): -0.4, logratio(GDP/cap): -0.4",log,% of G7
Ukraine,ex-USSR/Balkans,1990,2023,57.53372656911405,27.000443816231428,-0.7565180213712965,2024,56.02105378442861,25.912433321291306,-0.7710046759829834,8,37860221,"Ukraine, ΔGNI/cap: -1%, ΔGDP/cap: -1%","Ukraine, logratio(GNI/cap): -0.8, logratio(GDP/cap): -0.8","Ukraine, logratio(GNI/cap): -0.8, logratio(GDP/cap): -0.8",log,% of G7
China,Asia,1990,2023,14.610385388650478,108.37254946043277,2.003842219346412,2024,14.858467021256413,112.12137019190614,2.0210120744392897,1,1408975000,"China, ΔGNI/cap: 2%, ΔGDP/cap: 2%","China, logratio(GNI/cap): 2, logratio(GDP/cap): 2","China, logratio(GNI/cap): 2, logratio(GDP/cap): 2",log,% of World
Panama,Latin America,1990,2023,91.85943076675134,169.15453983604027,0.6105532518493124,2024,101.0449449459381,171.27396850758524,0.5276990121135494,10,4515577,"Panama, ΔGNI/cap: 1%, ΔGDP/cap: 1%","Panama, logratio(GNI/cap): 0.6, logratio(GDP/cap): 0.5","Panama, logratio(GNI/cap): 0.6, logratio(GDP/cap): 0.5",log,% of World
Poland,CEE,1990,2023,113.152197832267,207.68925685146027,0.607309209239463,2024,114.286474368532,212.11805424213065,0.6184347500007616,7,36554707,"Poland, ΔGNI/cap: 1%, ΔGDP/cap: 1%","Poland, logratio(GNI/cap): 0.6, logratio(GDP/cap): 0.6","Poland, logratio(GNI/cap): 0.6, logratio(GDP/cap): 0.6",log,% of World
Dominican Republic,Latin America,1990,2023,61.75561998691012,108.34444441219445,0.5621304689066733,2024,65.31703976168909,113.92621356011051,0.5562980413089305,6,11427557,"Dominican Republic, ΔGNI/cap: 1%, ΔGDP/cap: 1%","Dominican Republic, logratio(GNI/cap): 0.6, logratio(GDP/cap): 0.6","Dominican Republic, logratio(GNI/cap): 0.6, logratio(GDP/cap): 0.6",log,% of World
South Korea,Asia,1990,2023,142.029431562362,244.62880453088994,0.5437076774490492,2023,123.3652874401266,242.54763231818094,0.6760483422547132,5,51748695,"South Korea, ΔGNI/cap: 1%, ΔGDP/cap: 1%","South Korea, logratio(GNI/cap): 0.5, logratio(GDP/cap): 0.7","South Korea, logratio(GNI/cap): 0.5, logratio(GDP/cap): 0.7",log,% of World
Malaysia,Asia,1990,2023,102.20342460267587,160.14462120883783,0.4491121034925776,2024,107.08629746173483,160.20523677269,0.4028206953333564,4,35557673,"Malaysia, ΔGNI/cap: 0%, ΔGDP/cap: 0%","Malaysia, logratio(GNI/cap): 0.4, logratio(GDP/cap): 0.4","Malaysia, logratio(GNI/cap): 0.4, logratio(GDP/cap): 0.4",log,% of World
Chile,Latin America,1990,2023,95.06164385930944,137.97778151549718,0.37256710478711685,2024,97.62851161751651,141.9185363129315,0.37408362705542153,3,19764771,"Chile, ΔGNI/cap: 0%, ΔGDP/cap: 0%","Chile, logratio(GNI/cap): 0.4, logratio(GDP/cap): 0.4","Chile, logratio(GNI/cap): 0.4, logratio(GDP/cap): 0.4",log,% of World
Estonia,CEE,1990,2023,139.988703570642,201.11333969489024,0.3623068976454009,2024,172.56916269536796,195.34857872697148,0.12398744667687023,3,1371986,"Estonia, ΔGNI/cap: 0%, ΔGDP/cap: 0%","Estonia, logratio(GNI/cap): 0.4, logratio(GDP/cap): 0.1","Estonia, logratio(GNI/cap): 0.4, logratio(GDP/cap): 0.1",log,% of World
Thailand,Asia,1990,2023,75.20309580349534,101.19343391690458,0.29684147479629086,2024,77.56647076747059,102.2075419623863,0.27587021507835185,6,71668011,"Thailand, ΔGNI/cap: 0%, ΔGDP/cap: 0%","Thailand, logratio(GNI/cap): 0.3, logratio(GDP/cap): 0.3","Thailand, logratio(GNI/cap): 0.3, logratio(GDP/cap): 0.3",log,% of World
Romania,CEE,1990,2023,145.6242168623511,193.70126168692568,0.28528763746894636,2024,145.4359406467068,190.9505163473852,0.2722785985705203,8,19069340,"Romania, ΔGNI/cap: 0%, ΔGDP/cap: 0%","Romania, logratio(GNI/cap): 0.3, logratio(GDP/cap): 0.3","Romania, logratio(GNI/cap): 0.3, logratio(GDP/cap): 0.3",log,% of World
Lithuania,CEE,1990,2023,168.36068462960955,206.2076441106887,0.20277503188107993,2024,183.49912756110265,221.78722617624095,0.18950856857887555,6,2888055,"Lithuania, ΔGNI/cap: 0%, ΔGDP/cap: 0%","Lithuania, logratio(GNI/cap): 0.2, logratio(GDP/cap): 0.2","Lithuania, logratio(GNI/cap): 0.2, logratio(GDP/cap): 0.2",log,% of World
Belarus,ex-USSR/Balkans,1990,2023,109.84149076679216,131.47274437555902,0.17976122949467754,2024,110.09857677821874,136.5335685196201,0.21519439059478085,2,9133712,"Belarus, ΔGNI/cap: 0%, ΔGDP/cap: 0%","Belarus, logratio(GNI/cap): 0.2, logratio(GDP/cap): 0.2","Belarus, logratio(GNI/cap): 0.2, logratio(GDP/cap): 0.2",log,% of World
Israel,Asia,1990,2023,202.65175164282067,236.38206611608058,0.15396042347887917,2024,225.83060896295657,222.58578062240497,-0.014472642184744089,3,9974400,"Israel, ΔGNI/cap: 0%, ΔGDP/cap: 0%","Israel, logratio(GNI/cap): 0.2, logratio(GDP/cap): 0","Israel, logratio(GNI/cap): 0.2, logratio(GDP/cap): 0",log,% of World
Uruguay,Latin America,1990,2023,120.95716483748654,140.942522200061,0.15291568998458072,2024,125.33393240303435,150.64532352454535,0.1839465885849405,12,3386588,"Uruguay, ΔGNI/cap: 0%, ΔGDP/cap: 0%","Uruguay, logratio(GNI/cap): 0.2, logratio(GDP/cap): 0.2","Uruguay, logratio(GNI/cap): 0.2, logratio(GDP/cap): 0.2",log,% of World
Egypt,Africa,1990,2023,70.6388505102596,79.7849582549269,0.12175470998420046,2024,71.36849286271637,78.98439183299709,0.10139376569104286,2,116538258,"Egypt, ΔGNI/cap: 0%, ΔGDP/cap: 0%","Egypt, logratio(GNI/cap): 0.1, logratio(GDP/cap): 0.1","Egypt, logratio(GNI/cap): 0.1, logratio(GDP/cap): 0.1",log,% of World
Morocco,Africa,1990,2023,37.74417330510763,42.56776438042044,0.12026614789651013,2024,39.38654003928567,42.62764895992391,0.0790789447911342,3,38081173,"Morocco, ΔGNI/cap: 0%, ΔGDP/cap: 0%","Morocco, logratio(GNI/cap): 0.1, logratio(GDP/cap): 0.1","Morocco, logratio(GNI/cap): 0.1, logratio(GDP/cap): 0.1",log,% of World
Azerbaijan,ex-USSR/Balkans,1990,2023,91.6442433667404,101.67581454092127,0.10387530172518922,2024,96.05446151697721,103.78236245762997,0.07738069969575712,1,10202850,"Azerbaijan, ΔGNI/cap: 0%, ΔGDP/cap: 0%","Azerbaijan, logratio(GNI/cap): 0.1, logratio(GDP/cap): 0.1","Azerbaijan, logratio(GNI/cap): 0.1, logratio(GDP/cap): 0.1",log,% of World
Costa Rica,Latin America,1990,2023,105.95973571535198,115.20075283944371,0.08361711309689568,2024,97.6353791695009,126.82826683153603,0.26159402247240315,5,5129910,"Costa Rica, ΔGNI/cap: 0%, ΔGDP/cap: 0%","Costa Rica, logratio(GNI/cap): 0.1, logratio(GDP/cap): 0.3","Costa Rica, logratio(GNI/cap): 0.1, logratio(GDP/cap): 0.3",log,% of World
Colombia,Latin America,1990,2023,85.82039120805005,91.82696046977983,0.06764930351869758,2024,89.1262382556101,87.00368980094083,-0.024103242848720008,4,52886363,"Colombia, ΔGNI/cap: 0%, ΔGDP/cap: 0%","Colombia, logratio(GNI/cap): 0.1, logratio(GDP/cap): 0","Colombia, logratio(GNI/cap): 0.1, logratio(GDP/cap): 0",log,% of World
Latvia,CEE,1990,2023,175.48735143168673,186.92992761609517,0.06316685930519306,2024,156.06778729589408,183.0760873315565,0.15961139738282348,5,1862441,"Latvia, ΔGNI/cap: 0%, ΔGDP/cap: 0%","Latvia, logratio(GNI/cap): 0.1, logratio(GDP/cap): 0.2","Latvia, logratio(GNI/cap): 0.1, logratio(GDP/cap): 0.2",log,% of World
Slovakia,CEE,1990,2023,173.12501757306114,181.00275840742125,0.044498292523063476,2024,156.17657359686586,189.70835329380353,0.19450066101822827,9,5422069,"Slovakia, ΔGNI/cap: 0%, ΔGDP/cap: 0%","Slovakia, logratio(GNI/cap): 0, logratio(GDP/cap): 0.2","Slovakia, logratio(GNI/cap): 0, logratio(GDP/cap): 0.2",log,% of World
Tunisia,Africa,1990,2023,56.99436216285112,59.089907080174754,0.0361077793237774,2024,60.101199014100764,59.77872018116744,-0.0053800438462099365,5,12277109,"Tunisia, ΔGNI/cap: 0%, ΔGDP/cap: 0%","Tunisia, logratio(GNI/cap): 0, logratio(GDP/cap): 0","Tunisia, logratio(GNI/cap): 0, logratio(GDP/cap): 0",log,% of World
North Macedonia,ex-USSR/Balkans,1990,2023,106.50392629860376,108.86042515514472,0.02188470739713111,2024,115.02679610683047,115.03552004773631,7.583980771652676e-5,6,1792179,"North Macedonia, ΔGNI/cap: 0%, ΔGDP/cap: 0%","North Macedonia, logratio(GNI/cap): 0, logratio(GDP/cap): 0","North Macedonia, logratio(GNI/cap): 0, logratio(GDP/cap): 0",log,% of World
Bulgaria,CEE,1990,2023,157.2540398970797,158.28425690778843,0.006529924778294394,2024,133.30482299652576,160.267539461656,0.18420613238080463,1,6444366,"Bulgaria, ΔGNI/cap: 0%, ΔGDP/cap: 0%","Bulgaria, logratio(GNI/cap): 0, logratio(GDP/cap): 0.2","Bulgaria, logratio(GNI/cap): 0, logratio(GDP/cap): 0.2",log,% of World
Slovenia,CEE,1990,2023,230.24657987207965,228.07155634816195,-0.009491397701208548,2024,225.97446785448955,228.02618106993367,0.009038432821109055,10,2126324,"Slovenia, ΔGNI/cap: 0%, ΔGDP/cap: 0%","Slovenia, logratio(GNI/cap): 0, logratio(GDP/cap): 0","Slovenia, logratio(GNI/cap): 0, logratio(GDP/cap): 0",log,% of World
Georgia,ex-USSR/Balkans,1990,2023,103.33776847091707,102.09206737596206,-0.012127901076749659,2024,115.13889705188899,117.55220540138689,0.02074333618975288,3,3673850,"Georgia, ΔGNI/cap: 0%, ΔGDP/cap: 0%","Georgia, logratio(GNI/cap): 0, logratio(GDP/cap): 0","Georgia, logratio(GNI/cap): 0, logratio(GDP/cap): 0",log,% of World
Hungary,CEE,1990,2023,190.10625792561686,183.18250585948192,-0.03710021243034056,2024,189.83473242971456,191.38027339871866,0.008108544592671407,4,9562314,"Hungary, ΔGNI/cap: 0%, ΔGDP/cap: 0%","Hungary, logratio(GNI/cap): 0, logratio(GDP/cap): 0","Hungary, logratio(GNI/cap): 0, logratio(GDP/cap): 0",log,% of World
Czechia,CEE,1990,2023,235.63527647115012,225.75057032881236,-0.042854452254510456,2024,248.85345383741998,225.51495252597152,-0.09847771933862237,2,10882164,"Czechia, ΔGNI/cap: 0%, ΔGDP/cap: 0%","Czechia, logratio(GNI/cap): 0, logratio(GDP/cap): -0.1","Czechia, logratio(GNI/cap): 0, logratio(GDP/cap): -0.1",log,% of World
Ecuador,Latin America,1990,2023,73.05359000897523,68.80594475146711,-0.05990313405583336,2024,81.1574520716399,65.52447610482224,-0.21396736674225725,7,18135478,"Ecuador, ΔGNI/cap: 0%, ΔGDP/cap: 0%","Ecuador, logratio(GNI/cap): -0.1, logratio(GDP/cap): -0.2","Ecuador, logratio(GNI/cap): -0.1, logratio(GDP/cap): -0.2",log,% of World
Kazakhstan,ex-USSR/Balkans,1990,2023,164.43721545499835,152.44777358380296,-0.07570675929583981,2024,150.08585349491506,168.826281078886,0.11766277664272451,4,20592571,"Kazakhstan, ΔGNI/cap: 0%, ΔGDP/cap: 0%","Kazakhstan, logratio(GNI/cap): -0.1, logratio(GDP/cap): 0.1","Kazakhstan, logratio(GNI/cap): -0.1, logratio(GDP/cap): 0.1",log,% of World
Portugal,Southern Europe,1990,2023,229.53696968492844,202.013586746775,-0.12772914821716164,2024,242.3681627139223,196.93658059430732,-0.20757615263829265,3,10701636,"Portugal, ΔGNI/cap: 0%, ΔGDP/cap: 0%","Portugal, logratio(GNI/cap): -0.1, logratio(GDP/cap): -0.2","Portugal, logratio(GNI/cap): -0.1, logratio(GDP/cap): -0.2",log,% of World
Paraguay,Latin America,1990,2023,85.26182286726899,75.03314875569609,-0.12779679190814885,2024,88.80240038871433,76.62462413276,-0.14749519207496675,11,6929153,"Paraguay, ΔGNI/cap: 0%, ΔGDP/cap: 0%","Paraguay, logratio(GNI/cap): -0.1, logratio(GDP/cap): -0.1","Paraguay, logratio(GNI/cap): -0.1, logratio(GDP/cap): -0.1",log,% of World
Argentina,Latin America,1990,2023,145.5119266647443,127.29699243515212,-0.13373517397632462,2024,151.59755797963766,124.82341384869319,-0.19432931545911192,1,45696159,"Argentina, ΔGNI/cap: 0%, ΔGDP/cap: 0%","Argentina, logratio(GNI/cap): -0.1, logratio(GDP/cap): -0.2","Argentina, logratio(GNI/cap): -0.1, logratio(GDP/cap): -0.2",log,% of World
Spain,Southern Europe,1990,2023,268.0193082373907,226.33807554162726,-0.16902923258709457,2024,283.21650070353286,227.44857181100025,-0.21928747045588004,4,48807137,"Spain, ΔGNI/cap: 0%, ΔGDP/cap: 0%","Spain, logratio(GNI/cap): -0.2, logratio(GDP/cap): -0.2","Spain, logratio(GNI/cap): -0.2, logratio(GDP/cap): -0.2",log,% of World
Brazil,Latin America,1990,2023,108.01145324536853,88.60634233483634,-0.19803383110603434,2024,112.60914032925426,92.38386651996922,-0.19797052898624745,2,211998573,"Brazil, ΔGNI/cap: 0%, ΔGDP/cap: 0%","Brazil, logratio(GNI/cap): -0.2, logratio(GDP/cap): -0.2","Brazil, logratio(GNI/cap): -0.2, logratio(GDP/cap): -0.2",log,% of World
South Africa,Africa,1990,2023,85.39885948283181,67.3674415044313,-0.2371709082304605,2024,96.48514450887932,63.94108680611743,-0.41142691281356747,4,64007187,"South Africa, ΔGNI/cap: 0%, ΔGDP/cap: 0%","South Africa, logratio(GNI/cap): -0.2, logratio(GDP/cap): -0.4","South Africa, logratio(GNI/cap): -0.2, logratio(GDP/cap): -0.4",log,% of World
Algeria,Africa,1990,2023,100.20369228973462,74.35402295503059,-0.29836725738908765,2024,104.54454961688079,72.60839398474697,-0.36453275791100115,1,46814308,"Algeria, ΔGNI/cap: 0%, ΔGDP/cap: 0%","Algeria, logratio(GNI/cap): -0.3, logratio(GDP/cap): -0.4","Algeria, logratio(GNI/cap): -0.3, logratio(GDP/cap): -0.4",log,% of World
Greece,Southern Europe,1990,2023,242.34158234627796,175.92466371225035,-0.32029237191908067,2024,239.92350246275976,177.51171455117478,-0.30128352858604224,1,10388805,"Greece, ΔGNI/cap: 0%, ΔGDP/cap: 0%","Greece, logratio(GNI/cap): -0.3, logratio(GDP/cap): -0.3","Greece, logratio(GNI/cap): -0.3, logratio(GDP/cap): -0.3",log,% of World
Mexico,Latin America,1990,2023,151.4359973813145,107.30715019877938,-0.3444677912888281,2024,153.0443215484242,103.59977848927996,-0.3901923710766235,9,130861007,"Mexico, ΔGNI/cap: 0%, ΔGDP/cap: 0%","Mexico, logratio(GNI/cap): -0.3, logratio(GDP/cap): -0.4","Mexico, logratio(GNI/cap): -0.3, logratio(GDP/cap): -0.4",log,% of World
Russia,ex-USSR/Balkans,1990,2023,274.1345383804082,192.9506950477311,-0.35118431167212094,2024,264.23364272947515,196.09426755680207,-0.2982382215642252,7,143533851,"Russia, ΔGNI/cap: 0%, ΔGDP/cap: 0%","Russia, logratio(GNI/cap): -0.4, logratio(GDP/cap): -0.3","Russia, logratio(GNI/cap): -0.4, logratio(GDP/cap): -0.3",log,% of World
Iran,Asia,1990,2023,116.32656898720361,79.18298974055051,-0.3846399858523952,2024,80.63839797702455,76.28491496990777,-0.055499725841946734,2,91567738,"Iran, ΔGNI/cap: 0%, ΔGDP/cap: 0%","Iran, logratio(GNI/cap): -0.4, logratio(GDP/cap): -0.1","Iran, logratio(GNI/cap): -0.4, logratio(GDP/cap): -0.1",log,% of World
Italy,Southern Europe,1990,2023,379.3353839451094,257.72660316227785,-0.3865213864335564,2024,380.22873816597973,249.74573086376247,-0.4203296904237632,2,58986023,"Italy, ΔGNI/cap: 0%, ΔGDP/cap: 0%","Italy, logratio(GNI/cap): -0.4, logratio(GDP/cap): -0.4","Italy, logratio(GNI/cap): -0.4, logratio(GDP/cap): -0.4",log,% of World
Jamaica,Latin America,1990,2023,80.87276624773081,49.47524042656113,-0.4914047815945679,2024,77.92489703070625,48.24218130078381,-0.47951173518822854,8,2839175,"Jamaica, ΔGNI/cap: 0%, ΔGDP/cap: 0%","Jamaica, logratio(GNI/cap): -0.5, logratio(GDP/cap): -0.5","Jamaica, logratio(GNI/cap): -0.5, logratio(GDP/cap): -0.5",log,% of World
Moldova,ex-USSR/Balkans,1990,2023,142.28737083855498,78.0552998923763,-0.6004312024349998,2024,141.75337361403137,77.42229002565806,-0.6048140181072705,5,2389275,"Moldova, ΔGNI/cap: -1%, ΔGDP/cap: -1%","Moldova, logratio(GNI/cap): -0.6, logratio(GDP/cap): -0.6","Moldova, logratio(GNI/cap): -0.6, logratio(GDP/cap): -0.6",log,% of World
Ukraine,ex-USSR/Balkans,1990,2023,209.33049941021034,83.30244303365487,-0.9214364629812897,2024,203.3728194283401,76.73540773587845,-0.9746776023849089,8,37860221,"Ukraine, ΔGNI/cap: -1%, ΔGDP/cap: -1%","Ukraine, logratio(GNI/cap): -0.9, logratio(GDP/cap): -1","Ukraine, logratio(GNI/cap): -0.9, logratio(GDP/cap): -1",log,% of World
China,Asia,1990,2023,12.491931894926918,108.69545376665734,2.163466982067813,2024,12.309276552577096,112.14767372157291,2.2094633488027227,1,1408975000,"China, ΔGNI/cap: 2%, ΔGDP/cap: 2%","China, logratio(GNI/cap): 2.2, logratio(GDP/cap): 2.2","China, logratio(GNI/cap): 2.2, logratio(GDP/cap): 2.2",log,% of LAT_AM
Poland,CEE,1990,2023,96.7455348700105,208.3080828893067,0.7669339719608628,2024,94.67893405212932,212.1678168656436,0.8068860243641929,7,36554707,"Poland, ΔGNI/cap: 1%, ΔGDP/cap: 1%","Poland, logratio(GNI/cap): 0.8, logratio(GDP/cap): 0.8","Poland, logratio(GNI/cap): 0.8, logratio(GDP/cap): 0.8",log,% of LAT_AM
South Korea,Asia,1990,2023,121.43567325270192,245.357694778493,0.703332440170449,2023,102.20014204132066,240.34373035143057,0.8551370408999421,5,51748695,"South Korea, ΔGNI/cap: 1%, ΔGDP/cap: 1%","South Korea, logratio(GNI/cap): 0.7, logratio(GDP/cap): 0.9","South Korea, logratio(GNI/cap): 0.7, logratio(GDP/cap): 0.9",log,% of LAT_AM
Malaysia,Asia,1990,2023,87.3842945003145,160.6217843656012,0.6087368662139783,2024,88.71405432083176,160.2428207157957,0.5912719696967894,4,35557673,"Malaysia, ΔGNI/cap: 1%, ΔGDP/cap: 1%","Malaysia, logratio(GNI/cap): 0.6, logratio(GDP/cap): 0.6","Malaysia, logratio(GNI/cap): 0.6, logratio(GDP/cap): 0.6",log,% of LAT_AM
Estonia,CEE,1990,2023,119.69084350245863,201.71257228423147,0.5219316603668016,2024,142.96236247151796,195.3944072530331,0.31243872104030235,3,1371986,"Estonia, ΔGNI/cap: 1%, ΔGDP/cap: 0%","Estonia, logratio(GNI/cap): 0.5, logratio(GDP/cap): 0.3","Estonia, logratio(GNI/cap): 0.5, logratio(GDP/cap): 0.3",log,% of LAT_AM
Thailand,Asia,1990,2023,64.29891656346656,101.49494749885966,0.45646623751769244,2024,64.25879187390402,102.23151972066354,0.464321489441784,6,71668011,"Thailand, ΔGNI/cap: 0%, ΔGDP/cap: 0%","Thailand, logratio(GNI/cap): 0.5, logratio(GDP/cap): 0.5","Thailand, logratio(GNI/cap): 0.5, logratio(GDP/cap): 0.5",log,% of LAT_AM
Romania,CEE,1990,2023,124.50922757381049,194.2784094225031,0.44491240019034706,2024,120.48424723381217,190.9953130936525,0.4607298729339533,8,19069340,"Romania, ΔGNI/cap: 0%, ΔGDP/cap: 0%","Romania, logratio(GNI/cap): 0.4, logratio(GDP/cap): 0.5","Romania, logratio(GNI/cap): 0.4, logratio(GDP/cap): 0.5",log,% of LAT_AM
Lithuania,CEE,1990,2023,143.9489890396802,206.82205556996763,0.36239979460247973,2024,152.01712969951046,221.83925717509027,0.37795984294230767,6,2888055,"Lithuania, ΔGNI/cap: 0%, ΔGDP/cap: 0%","Lithuania, logratio(GNI/cap): 0.4, logratio(GDP/cap): 0.4","Lithuania, logratio(GNI/cap): 0.4, logratio(GDP/cap): 0.4",log,% of LAT_AM
Belarus,ex-USSR/Balkans,1990,2023,93.91486845801484,131.86447748068014,0.33938599221607735,2024,91.20953242817376,136.56559911970928,0.40364566495821297,2,9133712,"Belarus, ΔGNI/cap: 0%, ΔGDP/cap: 0%","Belarus, logratio(GNI/cap): 0.3, logratio(GDP/cap): 0.4","Belarus, logratio(GNI/cap): 0.3, logratio(GDP/cap): 0.4",log,% of LAT_AM
Israel,Asia,1990,2023,173.26797429151108,237.08638457535065,0.31358518620027986,2024,187.08601740577618,222.6379989611033,0.17397863217868803,3,9974400,"Israel, ΔGNI/cap: 0%, ΔGDP/cap: 0%","Israel, logratio(GNI/cap): 0.3, logratio(GDP/cap): 0.2","Israel, logratio(GNI/cap): 0.3, logratio(GDP/cap): 0.2",log,% of LAT_AM
Egypt,Africa,1990,2023,60.39647047199437,80.0226836449886,0.28137947270560026,2024,59.1241690364849,79.00292147003448,0.289845040054475,2,116538258,"Egypt, ΔGNI/cap: 0%, ΔGDP/cap: 0%","Egypt, logratio(GNI/cap): 0.3, logratio(GDP/cap): 0.3","Egypt, logratio(GNI/cap): 0.3, logratio(GDP/cap): 0.3",log,% of LAT_AM
Morocco,Africa,1990,2023,32.27140351300987,42.69459829263554,0.2798909106179108,2024,32.629194727769594,42.63764935170581,0.2675302191545663,3,38081173,"Morocco, ΔGNI/cap: 0%, ΔGDP/cap: 0%","Morocco, logratio(GNI/cap): 0.3, logratio(GDP/cap): 0.3","Morocco, logratio(GNI/cap): 0.3, logratio(GDP/cap): 0.3",log,% of LAT_AM
Azerbaijan,ex-USSR/Balkans,1990,2023,78.35615668213201,101.97876541286824,0.2635000644465899,2024,79.57489350885727,103.80670966677592,0.26583197405918924,1,10202850,"Azerbaijan, ΔGNI/cap: 0%, ΔGDP/cap: 0%","Azerbaijan, logratio(GNI/cap): 0.3, logratio(GDP/cap): 0.3","Azerbaijan, logratio(GNI/cap): 0.3, logratio(GDP/cap): 0.3",log,% of LAT_AM
Latvia,CEE,1990,2023,150.0423147091414,187.48689964351362,0.22279162202659464,2024,129.29204284840782,183.11903674687454,0.3480626717462556,5,1862441,"Latvia, ΔGNI/cap: 0%, ΔGDP/cap: 0%","Latvia, logratio(GNI/cap): 0.2, logratio(GDP/cap): 0.3","Latvia, logratio(GNI/cap): 0.2, logratio(GDP/cap): 0.3",log,% of LAT_AM
Slovakia,CEE,1990,2023,148.02251078952992,181.54206998050205,0.20412305524446417,2024,129.38216524541406,189.75285863021136,0.3829519353816613,9,5422069,"Slovakia, ΔGNI/cap: 0%, ΔGDP/cap: 0%","Slovakia, logratio(GNI/cap): 0.2, logratio(GDP/cap): 0.4","Slovakia, logratio(GNI/cap): 0.2, logratio(GDP/cap): 0.4",log,% of LAT_AM
Tunisia,Africa,1990,2023,48.73038401069163,59.26596998121008,0.19573254204517854,2024,49.78994661748649,59.79274419226394,0.18307123051722218,5,12277109,"Tunisia, ΔGNI/cap: 0%, ΔGDP/cap: 0%","Tunisia, logratio(GNI/cap): 0.2, logratio(GDP/cap): 0.2","Tunisia, logratio(GNI/cap): 0.2, logratio(GDP/cap): 0.2",log,% of LAT_AM
North Macedonia,ex-USSR/Balkans,1990,2023,91.06123887039801,109.18478312434492,0.1815094701185318,2024,95.292242612263,115.06250723322228,0.18852711417114953,6,1792179,"North Macedonia, ΔGNI/cap: 0%, ΔGDP/cap: 0%","North Macedonia, logratio(GNI/cap): 0.2, logratio(GDP/cap): 0.2","North Macedonia, logratio(GNI/cap): 0.2, logratio(GDP/cap): 0.2",log,% of LAT_AM
Bulgaria,CEE,1990,2023,134.45276796890073,158.75587696671988,0.1661546874996951,2024,110.43440280273431,160.30513802089263,0.37265740674423675,1,6444366,"Bulgaria, ΔGNI/cap: 0%, ΔGDP/cap: 0%","Bulgaria, logratio(GNI/cap): 0.2, logratio(GDP/cap): 0.4","Bulgaria, logratio(GNI/cap): 0.2, logratio(GDP/cap): 0.4",log,% of LAT_AM
Slovenia,CEE,1990,2023,196.86165137273898,228.75111300747122,0.15013336502019126,2024,187.20519517006997,228.07967571960046,0.19748970718454117,10,2126324,"Slovenia, ΔGNI/cap: 0%, ΔGDP/cap: 0%","Slovenia, logratio(GNI/cap): 0.2, logratio(GDP/cap): 0.2","Slovenia, logratio(GNI/cap): 0.2, logratio(GDP/cap): 0.2",log,% of LAT_AM
Georgia,ex-USSR/Balkans,1990,2023,88.35416257501323,102.39625850509206,0.14749686164465103,2024,95.38511097698438,117.5797829980295,0.209194610553185,3,3673850,"Georgia, ΔGNI/cap: 0%, ΔGDP/cap: 0%","Georgia, logratio(GNI/cap): 0.1, logratio(GDP/cap): 0.2","Georgia, logratio(GNI/cap): 0.1, logratio(GDP/cap): 0.2",log,% of LAT_AM
Hungary,CEE,1990,2023,162.54153217963608,183.72831215693947,0.12252455029105924,2024,157.26576755320224,191.4251709654391,0.19655981895610353,4,9562314,"Hungary, ΔGNI/cap: 0%, ΔGDP/cap: 0%","Hungary, logratio(GNI/cap): 0.1, logratio(GDP/cap): 0.2","Hungary, logratio(GNI/cap): 0.1, logratio(GDP/cap): 0.2",log,% of LAT_AM
Czechia,CEE,1990,2023,201.4690062868882,226.42321143262288,0.11677031046689024,2024,206.15895165810718,225.56785804464218,0.08997355502480975,2,10882164,"Czechia, ΔGNI/cap: 0%, ΔGDP/cap: 0%","Czechia, logratio(GNI/cap): 0.1, logratio(GDP/cap): 0.1","Czechia, logratio(GNI/cap): 0.1, logratio(GDP/cap): 0.1",log,% of LAT_AM
Kazakhstan,ex-USSR/Balkans,1990,2023,140.5944088272266,152.90200339393147,0.08391800342556,2024,124.33639854337149,168.8658875079306,0.30611405100615663,4,20592571,"Kazakhstan, ΔGNI/cap: 0%, ΔGDP/cap: 0%","Kazakhstan, logratio(GNI/cap): 0.1, logratio(GDP/cap): 0.3","Kazakhstan, logratio(GNI/cap): 0.1, logratio(GDP/cap): 0.3",log,% of LAT_AM
Portugal,Southern Europe,1990,2023,196.25493211831568,202.61550169111447,0.031895614504239056,2024,200.78630844741102,196.98278166357065,-0.019124878274859647,3,10701636,"Portugal, ΔGNI/cap: 0%, ΔGDP/cap: 0%","Portugal, logratio(GNI/cap): 0, logratio(GDP/cap): 0","Portugal, logratio(GNI/cap): 0, logratio(GDP/cap): 0",log,% of LAT_AM
Spain,Southern Europe,1990,2023,229.15746956461103,227.0124671621885,-0.009404469865694765,2024,234.626507998814,227.5019309542756,-0.03083619609244792,4,48807137,"Spain, ΔGNI/cap: 0%, ΔGDP/cap: 0%","Spain, logratio(GNI/cap): 0, logratio(GDP/cap): 0","Spain, logratio(GNI/cap): 0, logratio(GDP/cap): 0",log,% of LAT_AM
South Africa,Africa,1990,2023,73.01633106767116,67.56816795286699,-0.0775461455090598,2024,79.93168644356784,63.95608730308649,-0.22297563845013535,4,64007187,"South Africa, ΔGNI/cap: 0%, ΔGDP/cap: 0%","South Africa, logratio(GNI/cap): -0.1, logratio(GDP/cap): -0.2","South Africa, logratio(GNI/cap): -0.1, logratio(GDP/cap): -0.2",log,% of LAT_AM
Algeria,Africa,1990,2023,85.67451620242292,74.57556645766883,-0.13874249466768784,2024,86.60838103000937,72.62542782086551,-0.17608148354756814,1,46814308,"Algeria, ΔGNI/cap: 0%, ΔGDP/cap: 0%","Algeria, logratio(GNI/cap): -0.1, logratio(GDP/cap): -0.2","Algeria, logratio(GNI/cap): -0.1, logratio(GDP/cap): -0.2",log,% of LAT_AM
Greece,Southern Europe,1990,2023,207.20292185654336,176.44884471349673,-0.16066760919767997,2024,198.7610659331191,177.5533585717741,-0.112832254222611,1,10388805,"Greece, ΔGNI/cap: 0%, ΔGDP/cap: 0%","Greece, logratio(GNI/cap): -0.2, logratio(GDP/cap): -0.1","Greece, logratio(GNI/cap): -0.2, logratio(GDP/cap): -0.1",log,% of LAT_AM
Russia,ex-USSR/Balkans,1990,2023,234.38601326392507,193.52560641255678,-0.19155954895072025,2024,218.9004409538968,196.14027102050693,-0.10978694720079307,7,143533851,"Russia, ΔGNI/cap: 0%, ΔGDP/cap: 0%","Russia, logratio(GNI/cap): -0.2, logratio(GDP/cap): -0.1","Russia, logratio(GNI/cap): -0.2, logratio(GDP/cap): -0.1",log,% of LAT_AM
Iran,Asia,1990,2023,99.45963358964403,79.41892151934745,-0.22501522313099453,2024,66.80368439327974,76.3028113131348,0.13295154852148539,2,91567738,"Iran, ΔGNI/cap: 0%, ΔGDP/cap: 0%","Iran, logratio(GNI/cap): -0.2, logratio(GDP/cap): 0.1","Iran, logratio(GNI/cap): -0.2, logratio(GDP/cap): 0.1",log,% of LAT_AM
Italy,Southern Europe,1990,2023,324.3331134344537,258.49451930344156,-0.2268966237121557,2024,314.9948567794248,249.80432089195855,-0.2318784160603311,2,58986023,"Italy, ΔGNI/cap: 0%, ΔGDP/cap: 0%","Italy, logratio(GNI/cap): -0.2, logratio(GDP/cap): -0.2","Italy, logratio(GNI/cap): -0.2, logratio(GDP/cap): -0.2",log,% of LAT_AM
Moldova,ex-USSR/Balkans,1990,2023,121.65621225872516,78.28787163295439,-0.4408064397135991,2024,117.43347921287457,77.44045319561464,-0.4163627437438384,5,2389275,"Moldova, ΔGNI/cap: 0%, ΔGDP/cap: 0%","Moldova, logratio(GNI/cap): -0.4, logratio(GDP/cap): -0.4","Moldova, logratio(GNI/cap): -0.4, logratio(GDP/cap): -0.4",log,% of LAT_AM
Ukraine,ex-USSR/Balkans,1990,2023,178.97832758023657,83.55064903885192,-0.7618117002598899,2024,168.48119486616332,76.75340976413067,-0.7862263280214767,8,37860221,"Ukraine, ΔGNI/cap: -1%, ΔGDP/cap: -1%","Ukraine, logratio(GNI/cap): -0.8, logratio(GDP/cap): -0.8","Ukraine, logratio(GNI/cap): -0.8, logratio(GDP/cap): -0.8",log,% of LAT_AM
