cntr_group,country,Code,era_yrs,varname,cntr_region,era_col,value,value_end,change_val,pop,synth,cntr_rank,trans_rec_end_yr,label_perc_end,era_num,era_low,era_high,scaling,change_val_lab,change_lab,change_sign
USSR,Belarus,BLR,1973-1989,intusd2011ppp,USSR: Belarus,"late socialism
(1973/75-1989)",8.341,11.893,3.5520000000000014,9205662,NA,1,1995,8341,2,1.5,2.5,0.001,4,BLR: +4,increase
USSR,Belarus,BLR,1989-1995,intusd2011ppp,USSR: Belarus,"transition
(1989-1991/92)",11.893,6.993622,-4.8993780000000005,10158729,NA,1,1995,11893,3,2.5,3.5,0.001,-5,BLR: -5,decrease
USSR,Belarus,BLR,1995-2022,intusd2011ppp,USSR: Belarus,"capitalism
(1992-2022)",6.993622,18.699799,11.706176999999999,10197421,NA,1,1995,6994,4,3.5,4.5,0.001,12,BLR: +12,increase
CEE,Bulgaria,BGR,1950-1975,intusd2011ppp,CEE: Bulgaria,"early socialism
(1950-1973/75)",2.632,9.295,6.663,7248464,NA,1,1999,2632,1,0.5,1.5,0.001,7,BGR: +7,increase
CEE,Bulgaria,BGR,1975-1989,intusd2011ppp,CEE: Bulgaria,"late socialism
(1973/75-1989)",9.295,9.908,0.6129999999999995,8723102,NA,1,1999,9295,2,1.5,2.5,0.001,1,BGR: +1,increase
CEE,Bulgaria,BGR,1989-1999,intusd2011ppp,CEE: Bulgaria,"transition
(1989-1991/92)",9.908,7.921765000000001,-1.9862349999999989,8936335,NA,1,1999,9908,3,2.5,3.5,0.001,-2,BGR: -2,decrease
CEE,Bulgaria,BGR,1999-2022,intusd2011ppp,CEE: Bulgaria,"capitalism
(1992-2022)",7.921765000000001,20.592455,12.67069,8067415,NA,1,1999,7922,4,3.5,4.5,0.001,13,BGR: +13,increase
Yugosl.,Croatia,HRV,1952-1979,intusd2011ppp,Yugosl.: Croatia,"early socialism
(1950-1973/75)",2.738,13.994,11.256,3957359,NA,1,1993,2738,1,0.5,1.5,0.001,11,HRV: +11,increase
Yugosl.,Croatia,HRV,1979-1989,intusd2011ppp,Yugosl.: Croatia,"late socialism
(1973/75-1989)",13.994,13.959,-0.03500000000000014,4626900,NA,1,1993,13994,2,1.5,2.5,0.001,-0,HRV: +0,no change
Yugosl.,Croatia,HRV,1989-1993,intusd2011ppp,Yugosl.: Croatia,"transition
(1989-1991/92)",13.959,8.739540000000002,-5.219459999999998,4820680,NA,1,1993,13959,3,2.5,3.5,0.001,-5,HRV: -5,decrease
Yugosl.,Croatia,HRV,1993-2022,intusd2011ppp,Yugosl.: Croatia,"capitalism
(1992-2022)",8.739540000000002,26.986752000000003,18.247212,4729691,NA,1,1993,8740,4,3.5,4.5,0.001,18,HRV: +18,increase
CEE,Czechia,CZE,1950-1975,intusd2011ppp,CEE: Czechia,"early socialism
(1950-1973/75)",4.736837877170855,10.954,6.217162122829146,8916664,TRUE,2,1992,4737,1,0.5,1.5,0.001,6,CZE: +6,increase
CEE,Czechia,CZE,1975-1989,intusd2011ppp,CEE: Czechia,"late socialism
(1973/75-1989)",10.954,14.027000000000001,3.0730000000000004,10030738,NA,2,1992,10954,2,1.5,2.5,0.001,3,CZE: +3,increase
CEE,Czechia,CZE,1989-1992,intusd2011ppp,CEE: Czechia,"transition
(1989-1991/92)",14.027000000000001,12.810432,-1.2165680000000005,10305562,NA,2,1992,14027,3,2.5,3.5,0.001,-1,CZE: -1,decrease
CEE,Czechia,CZE,1992-2022,intusd2011ppp,CEE: Czechia,"capitalism
(1992-2022)",12.810432,32.247395000000004,19.436963000000006,10312408,NA,2,1992,12810,4,3.5,4.5,0.001,19,CZE: +19,increase
Baltics,Estonia,EST,1973-1989,intusd2011ppp,Baltics: Estonia,"late socialism
(1973/75-1989)",13.799,18.779,4.98,1399299,NA,1,1994,13799,2,1.5,2.5,0.001,5,EST: +5,increase
Baltics,Estonia,EST,1989-1994,intusd2011ppp,Baltics: Estonia,"transition
(1989-1991/92)",18.779,12.070061,-6.708938999999999,1567538,NA,1,1994,18779,3,2.5,3.5,0.001,-7,EST: -7,decrease
Baltics,Estonia,EST,1994-2022,intusd2011ppp,Baltics: Estonia,"capitalism
(1992-2022)",12.070061,30.067395,17.997334000000002,1475669,NA,1,1994,12070,4,3.5,4.5,0.001,18,EST: +18,increase
CEE,Hungary,HUN,1950-1975,intusd2011ppp,CEE: Hungary,"early socialism
(1950-1973/75)",3.9530000000000003,9.253,5.3,9337826,NA,3,1992,3953,1,0.5,1.5,0.001,5,HUN: +5,increase
CEE,Hungary,HUN,1975-1989,intusd2011ppp,CEE: Hungary,"late socialism
(1973/75-1989)",9.253,11.003,1.75,10515605,NA,3,1992,9253,2,1.5,2.5,0.001,2,HUN: +2,increase
CEE,Hungary,HUN,1989-1992,intusd2011ppp,CEE: Hungary,"transition
(1989-1991/92)",11.003,9.153921,-1.8490789999999997,10403359,NA,3,1992,11003,3,2.5,3.5,0.001,-2,HUN: -2,decrease
CEE,Hungary,HUN,1992-2022,intusd2011ppp,CEE: Hungary,"capitalism
(1992-2022)",9.153921,29.451855000000002,20.297934,10371431,NA,3,1992,9154,4,3.5,4.5,0.001,20,HUN: +20,increase
Baltics,Latvia,LVA,1973-1989,intusd2011ppp,Baltics: Latvia,"late socialism
(1973/75-1989)",12.506,15.661,3.1549999999999994,2415721,NA,2,1994,12506,2,1.5,2.5,0.001,3,LVA: +3,increase
Baltics,Latvia,LVA,1989-1994,intusd2011ppp,Baltics: Latvia,"transition
(1989-1991/92)",15.661,8.704267,-6.956733,2664789,NA,2,1994,15661,3,2.5,3.5,0.001,-7,LVA: -7,decrease
Baltics,Latvia,LVA,1994-2022,intusd2011ppp,Baltics: Latvia,"capitalism
(1992-2022)",8.704267,27.220303,18.516036,2521185,NA,2,1994,8704,4,3.5,4.5,0.001,19,LVA: +19,increase
Baltics,Lithuania,LTU,1973-1989,intusd2011ppp,Baltics: Lithuania,"late socialism
(1973/75-1989)",12.103,14.693,2.59,3236175,NA,3,1994,12103,2,1.5,2.5,0.001,3,LTU: +3,increase
Baltics,Lithuania,LTU,1989-1994,intusd2011ppp,Baltics: Lithuania,"transition
(1989-1991/92)",14.693,7.8300054,-6.8629945999999995,3696048,NA,3,1994,14693,3,2.5,3.5,0.001,-7,LTU: -7,decrease
Baltics,Lithuania,LTU,1994-2022,intusd2011ppp,Baltics: Lithuania,"capitalism
(1992-2022)",7.8300054,30.86332,23.0333146,3654839,NA,3,1994,7830,4,3.5,4.5,0.001,23,LTU: +23,increase
CEE,Poland,POL,1950-1975,intusd2011ppp,CEE: Poland,"early socialism
(1950-1973/75)",3.9,9.258000000000001,5.3580000000000005,24780120,NA,4,1991,3900,1,0.5,1.5,0.001,5,POL: +5,increase
CEE,Poland,POL,1975-1989,intusd2011ppp,CEE: Poland,"late socialism
(1973/75-1989)",9.258000000000001,9.06,-0.1980000000000004,33964338,NA,4,1991,9258,2,1.5,2.5,0.001,-0,POL: +0,no change
CEE,Poland,POL,1989-1991,intusd2011ppp,CEE: Poland,"transition
(1989-1991/92)",9.06,7.625843,-1.4341570000000008,37938044,NA,4,1991,9060,3,2.5,3.5,0.001,-1,POL: -1,decrease
CEE,Poland,POL,1991-2022,intusd2011ppp,CEE: Poland,"capitalism
(1992-2022)",7.625843,32.468402,24.842558999999998,38152898,NA,4,1991,7626,4,3.5,4.5,0.001,25,POL: +25,increase
CEE,Romania,ROU,1950-1975,intusd2011ppp,CEE: Romania,"early socialism
(1950-1973/75)",1.8839768,5.9954507,4.1114739,16397220,NA,5,1992,1884,1,0.5,1.5,0.001,4,ROU: +4,increase
CEE,Romania,ROU,1975-1989,intusd2011ppp,CEE: Romania,"late socialism
(1973/75-1989)",5.9954507,6.2811543,0.2857035999999997,21268014,NA,5,1992,5995,2,1.5,2.5,0.001,0,ROU: +0,no change
CEE,Romania,ROU,1989-1992,intusd2011ppp,CEE: Romania,"transition
(1989-1991/92)",6.2811543,4.818304,-1.4628502999999995,22887592,NA,5,1992,6281,3,2.5,3.5,0.001,-1,ROU: -1,decrease
CEE,Romania,ROU,1992-2022,intusd2011ppp,CEE: Romania,"capitalism
(1992-2022)",4.818304,26.197903999999998,21.379599999999996,22912341,NA,5,1992,4818,4,3.5,4.5,0.001,21,ROU: +21,increase
USSR,Russia,RUS,1950-1975,intusd2011ppp,USSR: Russia,"early socialism
(1950-1973/75)",3.3108347,11.164,7.8531653,103392314,NA,2,1998,3311,1,0.5,1.5,0.001,8,RUS: +8,increase
USSR,Russia,RUS,1975-1989,intusd2011ppp,USSR: Russia,"late socialism
(1973/75-1989)",11.164,12.766,1.6020000000000003,134136049,NA,2,1998,11164,2,1.5,2.5,0.001,2,RUS: +2,increase
USSR,Russia,RUS,1989-1998,intusd2011ppp,USSR: Russia,"transition
(1989-1991/92)",12.766,8.557495000000001,-4.208504999999999,148281823,NA,2,1998,12766,3,2.5,3.5,0.001,-4,RUS: -4,decrease
USSR,Russia,RUS,1998-2022,intusd2011ppp,USSR: Russia,"capitalism
(1992-2022)",8.557495000000001,25.437107,16.879612,147635488,NA,2,1998,8557,4,3.5,4.5,0.001,17,RUS: +17,increase
Yugosl.,Serbia,SRB,1952-1979,intusd2011ppp,Yugosl.: Serbia,"early socialism
(1950-1973/75)",2.032,10.772,8.74,6127217,NA,2,1993,2032,1,0.5,1.5,0.001,9,SRB: +9,increase
Yugosl.,Serbia,SRB,1979-1989,intusd2011ppp,Yugosl.: Serbia,"late socialism
(1973/75-1989)",10.772,10.963000000000001,0.19100000000000072,7758172,NA,2,1993,10772,2,1.5,2.5,0.001,0,SRB: +0,no change
Yugosl.,Serbia,SRB,1989-1993,intusd2011ppp,Yugosl.: Serbia,"transition
(1989-1991/92)",10.963000000000001,4.6736416,-6.289358400000001,7881211,NA,2,1993,10963,3,2.5,3.5,0.001,-6,SRB: -6,decrease
Yugosl.,Serbia,SRB,1993-2022,intusd2011ppp,Yugosl.: Serbia,"capitalism
(1992-2022)",4.6736416,17.097686000000003,12.424044400000003,7849677,NA,2,1993,4674,4,3.5,4.5,0.001,12,SRB: +12,increase
CEE,Slovakia,SVK,1950-1975,intusd2011ppp,CEE: Slovakia,"early socialism
(1950-1973/75)",4.944103996400989,10.448085026617681,5.503981030216692,3465707,TRUE,6,1992,4944,1,0.5,1.5,0.001,6,SVK: +6,increase
CEE,Slovakia,SVK,1975-1989,intusd2011ppp,CEE: Slovakia,"late socialism
(1973/75-1989)",10.448085026617681,12.734,2.2859149733823187,4739131,TRUE,6,1992,10448,2,1.5,2.5,0.001,2,SVK: +2,increase
CEE,Slovakia,SVK,1989-1992,intusd2011ppp,CEE: Slovakia,"transition
(1989-1991/92)",12.734,9.838615,-2.895384999999999,5249882,NA,6,1992,12734,3,2.5,3.5,0.001,-3,SVK: -3,decrease
CEE,Slovakia,SVK,1992-2022,intusd2011ppp,CEE: Slovakia,"capitalism
(1992-2022)",9.838615,27.519287000000002,17.680672,5306409,NA,6,1992,9839,4,3.5,4.5,0.001,18,SVK: +18,increase
Yugosl.,Slovenia,SVN,1952-1979,intusd2011ppp,Yugosl.: Slovenia,"early socialism
(1950-1973/75)",3.934,21.367,17.433,1479622,NA,3,1992,3934,1,0.5,1.5,0.001,17,SVN: +17,increase
Yugosl.,Slovenia,SVN,1979-1989,intusd2011ppp,Yugosl.: Slovenia,"late socialism
(1973/75-1989)",21.367,19.837,-1.5300000000000011,1885870,NA,3,1992,21367,2,1.5,2.5,0.001,-2,SVN: -2,decrease
Yugosl.,Slovenia,SVN,1989-1992,intusd2011ppp,Yugosl.: Slovenia,"transition
(1989-1991/92)",19.837,15.46271,-4.37429,1995417,NA,3,1992,19837,3,2.5,3.5,0.001,-4,SVN: -4,decrease
Yugosl.,Slovenia,SVN,1992-2022,intusd2011ppp,Yugosl.: Slovenia,"capitalism
(1992-2022)",15.46271,32.673761999999996,17.211051999999995,1995805,NA,3,1992,15463,4,3.5,4.5,0.001,17,SVN: +17,increase
USSR,Ukraine,UKR,1973-1989,intusd2011ppp,USSR: Ukraine,"late socialism
(1973/75-1989)",7.849,10.082,2.2330000000000005,48277070,NA,3,1998,7849,2,1.5,2.5,0.001,2,UKR: +2,increase
USSR,Ukraine,UKR,1989-1998,intusd2011ppp,USSR: Ukraine,"transition
(1989-1991/92)",10.082,4.640199,-5.441801000000001,51917779,NA,3,1998,10082,3,2.5,3.5,0.001,-5,UKR: -5,decrease
USSR,Ukraine,UKR,1998-2022,intusd2011ppp,USSR: Ukraine,"capitalism
(1992-2022)",4.640199,7.7490996,3.1089006,50379676,NA,3,1998,4640,4,3.5,4.5,0.001,3,UKR: +3,increase
USSR,Belarus,BLR,1973-1989,% of DE,USSR: Belarus,"late socialism
(1973/75-1989)",43.72968438712383,45.061190467169325,1.331506080045493,9205662,NA,1,1995,44,2,1.5,2.5,1,1,BLR: +1,convergence
USSR,Belarus,BLR,1989-1995,% of DE,USSR: Belarus,"transition
(1989-1991/92)",45.061190467169325,24.225415927045482,-20.835774540123843,10158729,NA,1,1995,45,3,2.5,3.5,1,-21,BLR: -21,divergence
USSR,Belarus,BLR,1995-2022,% of DE,USSR: Belarus,"capitalism
(1992-2022)",24.225415927045482,40.08721055677811,15.861794629732628,10197421,NA,1,1995,24,4,3.5,4.5,1,16,BLR: +16,convergence
CEE,Bulgaria,BGR,1950-1975,% of DE,CEE: Bulgaria,"early socialism
(1950-1973/75)",42.54768832848367,48.42911478143073,5.8814264529470535,7248464,NA,1,1999,43,1,0.5,1.5,1,6,BGR: +6,convergence
CEE,Bulgaria,BGR,1975-1989,% of DE,CEE: Bulgaria,"late socialism
(1973/75-1989)",48.42911478143073,37.54025688629561,-10.888857895135118,8723102,NA,1,1999,48,2,1.5,2.5,1,-11,BGR: -11,divergence
CEE,Bulgaria,BGR,1989-1999,% of DE,CEE: Bulgaria,"transition
(1989-1991/92)",37.54025688629561,24.68792933246122,-12.852327553834389,8936335,NA,1,1999,38,3,2.5,3.5,1,-13,BGR: -13,divergence
CEE,Bulgaria,BGR,1999-2022,% of DE,CEE: Bulgaria,"capitalism
(1992-2022)",24.68792933246122,44.14454291546012,19.4566135829989,8067415,NA,1,1999,25,4,3.5,4.5,1,19,BGR: +19,convergence
Yugosl.,Croatia,HRV,1952-1979,% of DE,Yugosl.: Croatia,"early socialism
(1950-1973/75)",37.72908915529833,62.73929612194575,25.010206966647416,3957359,NA,1,1993,38,1,0.5,1.5,1,25,HRV: +25,convergence
Yugosl.,Croatia,HRV,1979-1989,% of DE,Yugosl.: Croatia,"late socialism
(1973/75-1989)",62.73929612194575,52.889023604743684,-9.850272517202065,4626900,NA,1,1993,63,2,1.5,2.5,1,-10,HRV: -10,divergence
Yugosl.,Croatia,HRV,1989-1993,% of DE,Yugosl.: Croatia,"transition
(1989-1991/92)",52.889023604743684,32.07088140594989,-20.818142198793794,4820680,NA,1,1993,53,3,2.5,3.5,1,-21,HRV: -21,divergence
Yugosl.,Croatia,HRV,1993-2022,% of DE,Yugosl.: Croatia,"capitalism
(1992-2022)",32.07088140594989,57.852151762035135,25.781270356085244,4729691,NA,1,1993,32,4,3.5,4.5,1,26,HRV: +26,convergence
CEE,Czechia,CZE,1950-1975,% of DE,CEE: Czechia,"early socialism
(1950-1973/75)",76.5735188679414,57.072891158234775,-19.500627709706627,8916664,TRUE,2,1992,77,1,0.5,1.5,1,-20,CZE: -20,divergence
CEE,Czechia,CZE,1975-1989,% of DE,CEE: Czechia,"late socialism
(1973/75-1989)",57.072891158234775,53.14666767703558,-3.9262234811991945,10030738,NA,2,1992,57,2,1.5,2.5,1,-4,CZE: -4,divergence
CEE,Czechia,CZE,1989-1992,% of DE,CEE: Czechia,"transition
(1989-1991/92)",53.14666767703558,46.778916456439475,-6.367751220596105,10305562,NA,2,1992,53,3,2.5,3.5,1,-6,CZE: -6,divergence
CEE,Czechia,CZE,1992-2022,% of DE,CEE: Czechia,"capitalism
(1992-2022)",46.778916456439475,69.12951916074572,22.35060270430624,10312408,NA,2,1992,47,4,3.5,4.5,1,22,CZE: +22,convergence
Baltics,Estonia,EST,1973-1989,% of DE,Baltics: Estonia,"late socialism
(1973/75-1989)",72.34455279437978,71.1514416701398,-1.1931111242399766,1399299,NA,1,1994,72,2,1.5,2.5,1,-1,EST: -1,divergence
Baltics,Estonia,EST,1989-1994,% of DE,Baltics: Estonia,"transition
(1989-1991/92)",71.1514416701398,42.89280935003081,-28.258632320108994,1567538,NA,1,1994,71,3,2.5,3.5,1,-28,EST: -28,divergence
Baltics,Estonia,EST,1994-2022,% of DE,Baltics: Estonia,"capitalism
(1992-2022)",42.89280935003081,64.45620053235959,21.56339118232878,1475669,NA,1,1994,43,4,3.5,4.5,1,22,EST: +22,convergence
CEE,Hungary,HUN,1950-1975,% of DE,CEE: Hungary,"early socialism
(1950-1973/75)",63.90236016812157,48.210284999739486,-15.692075168382082,9337826,NA,3,1992,64,1,0.5,1.5,1,-16,HUN: -16,divergence
CEE,Hungary,HUN,1975-1989,% of DE,CEE: Hungary,"late socialism
(1973/75-1989)",48.210284999739486,41.689084226878336,-6.52120077286115,10515605,NA,3,1992,48,2,1.5,2.5,1,-7,HUN: -7,divergence
CEE,Hungary,HUN,1989-1992,% of DE,CEE: Hungary,"transition
(1989-1991/92)",41.689084226878336,33.42670299548421,-8.262381231394123,10403359,NA,3,1992,42,3,2.5,3.5,1,-8,HUN: -8,divergence
CEE,Hungary,HUN,1992-2022,% of DE,CEE: Hungary,"capitalism
(1992-2022)",33.42670299548421,63.136652574324366,29.709949578840153,10371431,NA,3,1992,33,4,3.5,4.5,1,30,HUN: +30,convergence
Baltics,Latvia,LVA,1973-1989,% of DE,Baltics: Latvia,"late socialism
(1973/75-1989)",65.56569151724861,59.337703178873184,-6.227988338375425,2415721,NA,2,1994,66,2,1.5,2.5,1,-6,LVA: -6,divergence
Baltics,Latvia,LVA,1989-1994,% of DE,Baltics: Latvia,"transition
(1989-1991/92)",59.337703178873184,30.93194516272657,-28.405758016146613,2664789,NA,2,1994,59,3,2.5,3.5,1,-28,LVA: -28,divergence
Baltics,Latvia,LVA,1994-2022,% of DE,Baltics: Latvia,"capitalism
(1992-2022)",30.93194516272657,58.35282067899761,27.42087551627104,2521185,NA,2,1994,31,4,3.5,4.5,1,27,LVA: +27,convergence
Baltics,Lithuania,LTU,1973-1989,% of DE,Baltics: Lithuania,"late socialism
(1973/75-1989)",63.45286777812729,55.67006403212973,-7.782803745997562,3236175,NA,3,1994,63,2,1.5,2.5,1,-8,LTU: -8,divergence
Baltics,Lithuania,LTU,1989-1994,% of DE,Baltics: Lithuania,"transition
(1989-1991/92)",55.67006403212973,27.825122742288688,-27.844941289841042,3696048,NA,3,1994,56,3,2.5,3.5,1,-28,LTU: -28,divergence
Baltics,Lithuania,LTU,1994-2022,% of DE,Baltics: Lithuania,"capitalism
(1992-2022)",27.825122742288688,66.16244416965236,38.337321427363676,3654839,NA,3,1994,28,4,3.5,4.5,1,38,LTU: +38,convergence
CEE,Poland,POL,1950-1975,% of DE,CEE: Poland,"early socialism
(1950-1973/75)",63.045586808923375,48.23633616422654,-14.809250644696832,24780120,NA,4,1991,63,1,0.5,1.5,1,-15,POL: -15,divergence
CEE,Poland,POL,1975-1989,% of DE,CEE: Poland,"late socialism
(1973/75-1989)",48.23633616422654,34.32728374947903,-13.909052414747514,33964338,NA,4,1991,48,2,1.5,2.5,1,-14,POL: -14,divergence
CEE,Poland,POL,1989-1991,% of DE,CEE: Poland,"transition
(1989-1991/92)",34.32728374947903,28.486568526811393,-5.840715222667637,37938044,NA,4,1991,34,3,2.5,3.5,1,-6,POL: -6,divergence
CEE,Poland,POL,1991-2022,% of DE,CEE: Poland,"capitalism
(1992-2022)",28.486568526811393,69.6032972020777,41.1167286752663,38152898,NA,4,1991,28,4,3.5,4.5,1,41,POL: +41,convergence
CEE,Romania,ROU,1950-1975,% of DE,CEE: Romania,"early socialism
(1950-1973/75)",30.455493048819914,31.2376944719429,0.7822014231229844,16397220,NA,5,1992,30,1,0.5,1.5,1,1,ROU: +1,convergence
CEE,Romania,ROU,1975-1989,% of DE,CEE: Romania,"late socialism
(1973/75-1989)",31.2376944719429,23.798561360966925,-7.439133110975973,21268014,NA,5,1992,31,2,1.5,2.5,1,-7,ROU: -7,divergence
CEE,Romania,ROU,1989-1992,% of DE,CEE: Romania,"transition
(1989-1991/92)",23.798561360966925,17.594647883672316,-6.203913477294609,22887592,NA,5,1992,24,3,2.5,3.5,1,-6,ROU: -6,divergence
CEE,Romania,ROU,1992-2022,% of DE,CEE: Romania,"capitalism
(1992-2022)",17.594647883672316,56.16107926049149,38.566431376819175,22912341,NA,5,1992,18,4,3.5,4.5,1,39,ROU: +39,convergence
USSR,Russia,RUS,1950-1975,% of DE,USSR: Russia,"early socialism
(1950-1973/75)",53.52141448431943,58.16704006669098,4.645625582371551,103392314,NA,2,1998,54,1,0.5,1.5,1,5,RUS: +5,convergence
USSR,Russia,RUS,1975-1989,% of DE,USSR: Russia,"late socialism
(1973/75-1989)",58.16704006669098,48.36888568938734,-9.79815437730364,134136049,NA,2,1998,58,2,1.5,2.5,1,-10,RUS: -10,divergence
USSR,Russia,RUS,1989-1998,% of DE,USSR: Russia,"transition
(1989-1991/92)",48.36888568938734,27.489911204724102,-20.87897448466324,148281823,NA,2,1998,48,3,2.5,3.5,1,-21,RUS: -21,divergence
USSR,Russia,RUS,1998-2022,% of DE,USSR: Russia,"capitalism
(1992-2022)",27.489911204724102,54.53014036483999,27.040229160115885,147635488,NA,2,1998,27,4,3.5,4.5,1,27,RUS: +27,convergence
Yugosl.,Serbia,SRB,1952-1979,% of DE,Yugosl.: Serbia,"early socialism
(1950-1973/75)",28.000551191952596,48.29410446088321,20.293553268930616,6127217,NA,2,1993,28,1,0.5,1.5,1,20,SRB: +20,convergence
Yugosl.,Serbia,SRB,1979-1989,% of DE,Yugosl.: Serbia,"late socialism
(1973/75-1989)",48.29410446088321,41.53752889023605,-6.756575570647165,7758172,NA,2,1993,48,2,1.5,2.5,1,-7,SRB: -7,divergence
Yugosl.,Serbia,SRB,1989-1993,% of DE,Yugosl.: Serbia,"transition
(1989-1991/92)",41.53752889023605,17.15053715498915,-24.386991735246898,7881211,NA,2,1993,42,3,2.5,3.5,1,-24,SRB: -24,divergence
Yugosl.,Serbia,SRB,1993-2022,% of DE,Yugosl.: Serbia,"capitalism
(1992-2022)",17.15053715498915,36.65272224132876,19.502185086339612,7849677,NA,2,1993,17,4,3.5,4.5,1,20,SRB: +20,convergence
CEE,Slovakia,SVK,1950-1975,% of DE,CEE: Slovakia,"early socialism
(1950-1973/75)",79.92408658908809,54.43695632062565,-25.487130268462444,3465707,TRUE,6,1992,80,1,0.5,1.5,1,-25,SVK: -25,divergence
CEE,Slovakia,SVK,1975-1989,% of DE,CEE: Slovakia,"late socialism
(1973/75-1989)",54.43695632062565,48.247641420073506,-6.189314900552141,4739131,TRUE,6,1992,54,2,1.5,2.5,1,-6,SVK: -6,divergence
CEE,Slovakia,SVK,1989-1992,% of DE,CEE: Slovakia,"transition
(1989-1991/92)",48.247641420073506,35.9269499367447,-12.320691483328808,5249882,NA,6,1992,48,3,2.5,3.5,1,-12,SVK: -12,divergence
CEE,Slovakia,SVK,1992-2022,% of DE,CEE: Slovakia,"capitalism
(1992-2022)",35.9269499367447,58.99375989770835,23.066809960963653,5306409,NA,6,1992,36,4,3.5,4.5,1,23,SVK: +23,convergence
Yugosl.,Slovenia,SVN,1952-1979,% of DE,Yugosl.: Slovenia,"early socialism
(1950-1973/75)",54.20972853796334,95.79466487334679,41.584936335383446,1479622,NA,3,1992,54,1,0.5,1.5,1,42,SVN: +42,convergence
Yugosl.,Slovenia,SVN,1979-1989,% of DE,Yugosl.: Slovenia,"late socialism
(1973/75-1989)",95.79466487334679,75.16008032432842,-20.63458454901837,1885870,NA,3,1992,96,2,1.5,2.5,1,-21,SVN: -21,divergence
Yugosl.,Slovenia,SVN,1989-1992,% of DE,Yugosl.: Slovenia,"transition
(1989-1991/92)",75.16008032432842,56.46404580892753,-18.69603451540089,1995417,NA,3,1992,75,3,2.5,3.5,1,-19,SVN: -19,divergence
Yugosl.,Slovenia,SVN,1992-2022,% of DE,Yugosl.: Slovenia,"capitalism
(1992-2022)",56.46404580892753,70.04353239176824,13.579486582840708,1995805,NA,3,1992,56,4,3.5,4.5,1,14,SVN: +14,convergence
USSR,Ukraine,UKR,1973-1989,% of DE,USSR: Ukraine,"late socialism
(1973/75-1989)",41.15025689420153,38.199522600689576,-2.9507342935119567,48277070,NA,3,1998,41,2,1.5,2.5,1,-3,UKR: -3,divergence
USSR,Ukraine,UKR,1989-1998,% of DE,USSR: Ukraine,"transition
(1989-1991/92)",38.199522600689576,14.906074555959373,-23.293448044730205,51917779,NA,3,1998,38,3,2.5,3.5,1,-23,UKR: -23,divergence
USSR,Ukraine,UKR,1998-2022,% of DE,USSR: Ukraine,"capitalism
(1992-2022)",14.906074555959373,16.611931887109858,1.7058573311504848,50379676,NA,3,1998,15,4,3.5,4.5,1,2,UKR: +2,convergence
USSR,Belarus,BLR,1973-1989,% of W_EUR3,USSR: Belarus,"late socialism
(1973/75-1989)",44.2844967807992,44.941373409133085,0.6568766283338832,9205662,NA,1,1995,44,2,1.5,2.5,1,1,BLR: +1,convergence
USSR,Belarus,BLR,1989-1995,% of W_EUR3,USSR: Belarus,"transition
(1989-1991/92)",44.941373409133085,24.139218809864193,-20.802154599268892,10158729,NA,1,1995,45,3,2.5,3.5,1,-21,BLR: -21,divergence
USSR,Belarus,BLR,1995-2022,% of W_EUR3,USSR: Belarus,"capitalism
(1992-2022)",24.139218809864193,45.28327019607981,21.14405138621562,10197421,NA,1,1995,24,4,3.5,4.5,1,21,BLR: +21,convergence
CEE,Bulgaria,BGR,1950-1975,% of W_EUR3,CEE: Bulgaria,"early socialism
(1950-1973/75)",40.123558030364514,48.93716688582743,8.813608855462917,7248464,NA,1,1999,40,1,0.5,1.5,1,9,BGR: +9,convergence
CEE,Bulgaria,BGR,1975-1989,% of W_EUR3,CEE: Bulgaria,"late socialism
(1973/75-1989)",48.93716688582743,37.44043788259401,-11.496729003233419,8723102,NA,1,1999,49,2,1.5,2.5,1,-11,BGR: -11,divergence
CEE,Bulgaria,BGR,1989-1999,% of W_EUR3,CEE: Bulgaria,"transition
(1989-1991/92)",37.44043788259401,24.809472537433788,-12.630965345160224,8936335,NA,1,1999,37,3,2.5,3.5,1,-13,BGR: -13,divergence
CEE,Bulgaria,BGR,1999-2022,% of W_EUR3,CEE: Bulgaria,"capitalism
(1992-2022)",24.809472537433788,49.86650946171213,25.05703692427834,8067415,NA,1,1999,25,4,3.5,4.5,1,25,BGR: +25,convergence
Yugosl.,Croatia,HRV,1952-1979,% of W_EUR3,Yugosl.: Croatia,"early socialism
(1950-1973/75)",36.86028682763255,63.63739319054264,26.77710636291009,3957359,NA,1,1993,37,1,0.5,1.5,1,27,HRV: +27,convergence
Yugosl.,Croatia,HRV,1979-1989,% of W_EUR3,Yugosl.: Croatia,"late socialism
(1973/75-1989)",63.63739319054264,52.748392450860905,-10.889000739681734,4626900,NA,1,1993,64,2,1.5,2.5,1,-11,HRV: -11,divergence
Yugosl.,Croatia,HRV,1989-1993,% of W_EUR3,Yugosl.: Croatia,"transition
(1989-1991/92)",52.748392450860905,31.81635635296494,-20.932036097895963,4820680,NA,1,1993,53,3,2.5,3.5,1,-21,HRV: -21,divergence
Yugosl.,Croatia,HRV,1993-2022,% of W_EUR3,Yugosl.: Croatia,"capitalism
(1992-2022)",31.81635635296494,65.35088331861735,33.534526965652404,4729691,NA,1,1993,32,4,3.5,4.5,1,34,HRV: +34,convergence
CEE,Czechia,CZE,1950-1975,% of W_EUR3,CEE: Czechia,"early socialism
(1950-1973/75)",72.21078626333339,57.67162195452971,-14.539164308803677,8916664,TRUE,2,1992,72,1,0.5,1.5,1,-15,CZE: -15,divergence
CEE,Czechia,CZE,1975-1989,% of W_EUR3,CEE: Czechia,"late socialism
(1973/75-1989)",57.67162195452971,53.00535145126627,-4.666270503263441,10030738,NA,2,1992,58,2,1.5,2.5,1,-5,CZE: -5,divergence
CEE,Czechia,CZE,1989-1992,% of W_EUR3,CEE: Czechia,"transition
(1989-1991/92)",53.00535145126627,46.37361105048224,-6.631740400784032,10305562,NA,2,1992,53,3,2.5,3.5,1,-7,CZE: -7,divergence
CEE,Czechia,CZE,1992-2022,% of W_EUR3,CEE: Czechia,"capitalism
(1992-2022)",46.37361105048224,78.09001053458988,31.71639948410764,10312408,NA,2,1992,46,4,3.5,4.5,1,32,CZE: +32,convergence
Baltics,Estonia,EST,1973-1989,% of W_EUR3,Baltics: Estonia,"late socialism
(1973/75-1989)",73.26241111116751,70.96225100900615,-2.3001601021613567,1399299,NA,1,1994,73,2,1.5,2.5,1,-2,EST: -2,divergence
Baltics,Estonia,EST,1989-1994,% of W_EUR3,Baltics: Estonia,"transition
(1989-1991/92)",70.96225100900615,42.75835928632289,-28.20389172268326,1567538,NA,1,1994,71,3,2.5,3.5,1,-28,EST: -28,divergence
Baltics,Estonia,EST,1994-2022,% of W_EUR3,Baltics: Estonia,"capitalism
(1992-2022)",42.75835928632289,72.81094154419839,30.052582257875493,1475669,NA,1,1994,43,4,3.5,4.5,1,30,EST: +30,convergence
CEE,Hungary,HUN,1950-1975,% of W_EUR3,CEE: Hungary,"early socialism
(1950-1973/75)",60.26155961019412,48.71604144105016,-11.54551816914396,9337826,NA,3,1992,60,1,0.5,1.5,1,-12,HUN: -12,divergence
CEE,Hungary,HUN,1975-1989,% of W_EUR3,CEE: Hungary,"late socialism
(1973/75-1989)",48.71604144105016,41.578233550886345,-7.137807890163813,10515605,NA,3,1992,49,2,1.5,2.5,1,-7,HUN: -7,divergence
CEE,Hungary,HUN,1989-1992,% of W_EUR3,CEE: Hungary,"transition
(1989-1991/92)",41.578233550886345,33.13708484154487,-8.441148709341476,10403359,NA,3,1992,42,3,2.5,3.5,1,-8,HUN: -8,divergence
CEE,Hungary,HUN,1992-2022,% of W_EUR3,CEE: Hungary,"capitalism
(1992-2022)",33.13708484154487,71.32035524770959,38.183270406164716,10371431,NA,3,1992,33,4,3.5,4.5,1,38,HUN: +38,convergence
Baltics,Latvia,LVA,1973-1989,% of W_EUR3,Baltics: Latvia,"late socialism
(1973/75-1989)",66.39754426815428,59.1799250786541,-7.2176191895001764,2415721,NA,2,1994,66,2,1.5,2.5,1,-7,LVA: -7,divergence
Baltics,Latvia,LVA,1989-1994,% of W_EUR3,Baltics: Latvia,"transition
(1989-1991/92)",59.1799250786541,30.83498713967427,-28.344937938979832,2664789,NA,2,1994,59,3,2.5,3.5,1,-28,LVA: -28,divergence
Baltics,Latvia,LVA,1994-2022,% of W_EUR3,Baltics: Latvia,"capitalism
(1992-2022)",30.83498713967427,65.91644838365171,35.081461243977444,2521185,NA,2,1994,31,4,3.5,4.5,1,35,LVA: +35,convergence
Baltics,Lithuania,LTU,1973-1989,% of W_EUR3,Baltics: Lithuania,"late socialism
(1973/75-1989)",64.25791446325533,55.52203813170709,-8.73587633154824,3236175,NA,3,1994,64,2,1.5,2.5,1,-9,LTU: -9,divergence
Baltics,Lithuania,LTU,1989-1994,% of W_EUR3,Baltics: Lithuania,"transition
(1989-1991/92)",55.52203813170709,27.7379032390183,-27.78413489268879,3696048,NA,3,1994,56,3,2.5,3.5,1,-28,LTU: -28,divergence
Baltics,Lithuania,LTU,1994-2022,% of W_EUR3,Baltics: Lithuania,"capitalism
(1992-2022)",27.7379032390183,74.73834658372928,47.00044334471098,3654839,NA,3,1994,28,4,3.5,4.5,1,47,LTU: +47,convergence
CEE,Poland,POL,1950-1975,% of W_EUR3,CEE: Poland,"early socialism
(1950-1973/75)",59.453600424932226,48.74236589876174,-10.711234526170486,24780120,NA,4,1991,59,1,0.5,1.5,1,-11,POL: -11,divergence
CEE,Poland,POL,1975-1989,% of W_EUR3,CEE: Poland,"late socialism
(1973/75-1989)",48.74236589876174,34.236007995185886,-14.506357903575854,33964338,NA,4,1991,49,2,1.5,2.5,1,-15,POL: -15,divergence
CEE,Poland,POL,1989-1991,% of W_EUR3,CEE: Poland,"transition
(1989-1991/92)",34.236007995185886,28.07755309710012,-6.158454898085765,37938044,NA,4,1991,34,3,2.5,3.5,1,-6,POL: -6,divergence
CEE,Poland,POL,1991-2022,% of W_EUR3,CEE: Poland,"capitalism
(1992-2022)",28.07755309710012,78.62519915860797,50.54764606150785,38152898,NA,4,1991,28,4,3.5,4.5,1,51,POL: +51,convergence
CEE,Romania,ROU,1950-1975,% of W_EUR3,CEE: Romania,"early socialism
(1950-1973/75)",28.72030868642114,31.565397682802683,2.8450889963815413,16397220,NA,5,1992,29,1,0.5,1.5,1,3,ROU: +3,convergence
CEE,Romania,ROU,1975-1989,% of W_EUR3,CEE: Romania,"late socialism
(1973/75-1989)",31.565397682802683,23.73528132823358,-7.830116354569103,21268014,NA,5,1992,32,2,1.5,2.5,1,-8,ROU: -8,divergence
CEE,Romania,ROU,1989-1992,% of W_EUR3,CEE: Romania,"transition
(1989-1991/92)",23.73528132823358,17.44220301227802,-6.293078315955558,22887592,NA,5,1992,24,3,2.5,3.5,1,-6,ROU: -6,divergence
CEE,Romania,ROU,1992-2022,% of W_EUR3,CEE: Romania,"capitalism
(1992-2022)",17.44220301227802,63.44061588057498,45.99841286829696,22912341,NA,5,1992,17,4,3.5,4.5,1,46,ROU: +46,convergence
USSR,Russia,RUS,1950-1975,% of W_EUR3,USSR: Russia,"early socialism
(1950-1973/75)",50.47206239148726,58.77724917841608,8.305186786928815,103392314,NA,2,1998,50,1,0.5,1.5,1,8,RUS: +8,convergence
USSR,Russia,RUS,1975-1989,% of W_EUR3,USSR: Russia,"late socialism
(1973/75-1989)",58.77724917841608,48.24027351727848,-10.536975661137596,134136049,NA,2,1998,59,2,1.5,2.5,1,-11,RUS: -11,divergence
USSR,Russia,RUS,1989-1998,% of W_EUR3,USSR: Russia,"transition
(1989-1991/92)",48.24027351727848,27.56184645445957,-20.678427062818912,148281823,NA,2,1998,48,3,2.5,3.5,1,-21,RUS: -21,divergence
USSR,Russia,RUS,1998-2022,% of W_EUR3,USSR: Russia,"capitalism
(1992-2022)",27.56184645445957,61.5982764995278,34.03643004506823,147635488,NA,2,1998,28,4,3.5,4.5,1,34,RUS: +34,convergence
Yugosl.,Serbia,SRB,1952-1979,% of W_EUR3,Yugosl.: Serbia,"early socialism
(1950-1973/75)",27.355771670470908,48.98542228444514,21.629650613974235,6127217,NA,2,1993,27,1,0.5,1.5,1,22,SRB: +22,convergence
Yugosl.,Serbia,SRB,1979-1989,% of W_EUR3,Yugosl.: Serbia,"late socialism
(1973/75-1989)",48.98542228444514,41.42708119770672,-7.558341086738423,7758172,NA,2,1993,49,2,1.5,2.5,1,-8,SRB: -8,divergence
Yugosl.,Serbia,SRB,1989-1993,% of W_EUR3,Yugosl.: Serbia,"transition
(1989-1991/92)",41.42708119770672,17.014424856644766,-24.412656341061954,7881211,NA,2,1993,41,3,2.5,3.5,1,-24,SRB: -24,divergence
Yugosl.,Serbia,SRB,1993-2022,% of W_EUR3,Yugosl.: Serbia,"capitalism
(1992-2022)",17.014424856644766,41.40360732571143,24.38918246906666,7849677,NA,2,1993,17,4,3.5,4.5,1,24,SRB: +24,convergence
CEE,Slovakia,SVK,1950-1975,% of W_EUR3,CEE: Slovakia,"early socialism
(1950-1973/75)",75.3704572977782,55.0080344900381,-20.362422807740103,3465707,TRUE,6,1992,75,1,0.5,1.5,1,-20,SVK: -20,divergence
CEE,Slovakia,SVK,1975-1989,% of W_EUR3,CEE: Slovakia,"late socialism
(1973/75-1989)",55.0080344900381,48.11935163473478,-6.888682855303323,4739131,TRUE,6,1992,55,2,1.5,2.5,1,-7,SVK: -7,divergence
CEE,Slovakia,SVK,1989-1992,% of W_EUR3,CEE: Slovakia,"transition
(1989-1991/92)",48.11935163473478,35.61566895522651,-12.503682679508266,5249882,NA,6,1992,48,3,2.5,3.5,1,-13,SVK: -13,divergence
CEE,Slovakia,SVK,1992-2022,% of W_EUR3,CEE: Slovakia,"capitalism
(1992-2022)",35.61566895522651,66.64046543091008,31.024796475683573,5306409,NA,6,1992,36,4,3.5,4.5,1,31,SVK: +31,convergence
Yugosl.,Slovenia,SVN,1952-1979,% of W_EUR3,Yugosl.: Slovenia,"early socialism
(1950-1973/75)",52.961420153362475,97.16594113922571,44.20452098586323,1479622,NA,3,1992,53,1,0.5,1.5,1,44,SVN: +44,convergence
Yugosl.,Slovenia,SVN,1979-1989,% of W_EUR3,Yugosl.: Slovenia,"late socialism
(1973/75-1989)",97.16594113922571,74.96023075060734,-22.20571038861837,1885870,NA,3,1992,97,2,1.5,2.5,1,-22,SVN: -22,divergence
Yugosl.,Slovenia,SVN,1989-1992,% of W_EUR3,Yugosl.: Slovenia,"transition
(1989-1991/92)",74.96023075060734,55.97482577686702,-18.985404973740316,1995417,NA,3,1992,75,3,2.5,3.5,1,-19,SVN: -19,divergence
Yugosl.,Slovenia,SVN,1992-2022,% of W_EUR3,Yugosl.: Slovenia,"capitalism
(1992-2022)",55.97482577686702,79.12249714386797,23.147671367000953,1995805,NA,3,1992,56,4,3.5,4.5,1,23,SVN: +23,convergence
USSR,Ukraine,UKR,1973-1989,% of W_EUR3,USSR: Ukraine,"late socialism
(1973/75-1989)",41.67234327208883,38.097950618925395,-3.574392653163436,48277070,NA,3,1998,42,2,1.5,2.5,1,-4,UKR: -4,divergence
USSR,Ukraine,UKR,1989-1998,% of W_EUR3,USSR: Ukraine,"transition
(1989-1991/92)",38.097950618925395,14.94508058212559,-23.152870036799804,51917779,NA,3,1998,38,3,2.5,3.5,1,-23,UKR: -23,divergence
USSR,Ukraine,UKR,1998-2022,% of W_EUR3,USSR: Ukraine,"capitalism
(1992-2022)",14.94508058212559,18.765152019181276,3.8200714370556863,50379676,NA,3,1998,15,4,3.5,4.5,1,4,UKR: +4,convergence
USSR,Belarus,BLR,1973-1989,% of LAT_AM,USSR: Belarus,"late socialism
(1973/75-1989)",117.80604252677347,138.77348790401396,20.967445377240495,9205662,NA,1,1995,118,2,1.5,2.5,1,21,BLR: +21,convergence
USSR,Belarus,BLR,1989-1995,% of LAT_AM,USSR: Belarus,"transition
(1989-1991/92)",138.77348790401396,73.1554582758333,-65.61802962818066,10158729,NA,1,1995,139,3,2.5,3.5,1,-66,BLR: -66,divergence
USSR,Belarus,BLR,1995-2022,% of LAT_AM,USSR: Belarus,"capitalism
(1992-2022)",73.1554582758333,120.0207075237076,46.8652492478743,10197421,NA,1,1995,73,4,3.5,4.5,1,47,BLR: +47,convergence
CEE,Bulgaria,BGR,1950-1975,% of LAT_AM,CEE: Bulgaria,"early socialism
(1950-1973/75)",71.97668635718426,125.68317956208826,53.70649320490399,7248464,NA,1,1999,72,1,0.5,1.5,1,54,BGR: +54,convergence
CEE,Bulgaria,BGR,1975-1989,% of LAT_AM,CEE: Bulgaria,"late socialism
(1973/75-1989)",125.68317956208826,115.61151249919872,-10.071667062889532,8723102,NA,1,1999,126,2,1.5,2.5,1,-10,BGR: -10,divergence
CEE,Bulgaria,BGR,1989-1999,% of LAT_AM,CEE: Bulgaria,"transition
(1989-1991/92)",115.61151249919872,75.91210680002983,-39.69940569916889,8936335,NA,1,1999,116,3,2.5,3.5,1,-40,BGR: -40,divergence
CEE,Bulgaria,BGR,1999-2022,% of LAT_AM,CEE: Bulgaria,"capitalism
(1992-2022)",75.91210680002983,132.16832003114635,56.25621323111652,8067415,NA,1,1999,76,4,3.5,4.5,1,56,BGR: +56,convergence
Yugosl.,Croatia,HRV,1952-1979,% of LAT_AM,Yugosl.: Croatia,"early socialism
(1950-1973/75)",73.33746803163393,166.09989964531798,92.76243161368404,3957359,NA,1,1993,73,1,0.5,1.5,1,93,HRV: +93,convergence
Yugosl.,Croatia,HRV,1979-1989,% of LAT_AM,Yugosl.: Croatia,"late socialism
(1973/75-1989)",166.09989964531798,162.88061192736325,-3.219287717954728,4626900,NA,1,1993,166,2,1.5,2.5,1,-3,HRV: -3,divergence
Yugosl.,Croatia,HRV,1989-1993,% of LAT_AM,Yugosl.: Croatia,"transition
(1989-1991/92)",162.88061192736325,95.24805999337,-67.63255193399324,4820680,NA,1,1993,163,3,2.5,3.5,1,-68,HRV: -68,divergence
Yugosl.,Croatia,HRV,1993-2022,% of LAT_AM,Yugosl.: Croatia,"capitalism
(1992-2022)",95.24805999337,173.20876383788035,77.96070384451035,4729691,NA,1,1993,95,4,3.5,4.5,1,78,HRV: +78,convergence
CEE,Czechia,CZE,1950-1975,% of LAT_AM,CEE: Czechia,"early socialism
(1950-1973/75)",129.5371938487679,148.11549746348732,18.578303614719403,8916664,TRUE,2,1992,130,1,0.5,1.5,1,19,CZE: +19,convergence
CEE,Czechia,CZE,1975-1989,% of LAT_AM,CEE: Czechia,"late socialism
(1973/75-1989)",148.11549746348732,163.6740700268733,15.55857256338598,10030738,NA,2,1992,148,2,1.5,2.5,1,16,CZE: +16,convergence
CEE,Czechia,CZE,1989-1992,% of LAT_AM,CEE: Czechia,"transition
(1989-1991/92)",163.6740700268733,144.37095351099867,-19.30311651587462,10305562,NA,2,1992,164,3,2.5,3.5,1,-19,CZE: -19,divergence
CEE,Czechia,CZE,1992-2022,% of LAT_AM,CEE: Czechia,"capitalism
(1992-2022)",144.37095351099867,206.97308905280056,62.602135541801886,10312408,NA,2,1992,144,4,3.5,4.5,1,63,CZE: +63,convergence
Baltics,Estonia,EST,1973-1989,% of LAT_AM,Baltics: Estonia,"late socialism
(1973/75-1989)",194.89336780085688,219.12278898086927,24.229421180012395,1399299,NA,1,1994,195,2,1.5,2.5,1,24,EST: +24,convergence
Baltics,Estonia,EST,1989-1994,% of LAT_AM,Baltics: Estonia,"transition
(1989-1991/92)",219.12278898086927,126.05876304690341,-93.06402593396587,1567538,NA,1,1994,219,3,2.5,3.5,1,-93,EST: -93,divergence
Baltics,Estonia,EST,1994-2022,% of LAT_AM,Baltics: Estonia,"capitalism
(1992-2022)",126.05876304690341,192.9812198139022,66.92245676699878,1475669,NA,1,1994,126,4,3.5,4.5,1,67,EST: +67,convergence
CEE,Hungary,HUN,1950-1975,% of LAT_AM,CEE: Hungary,"early socialism
(1950-1973/75)",108.10176336244278,125.11527277977434,17.013509417331562,9337826,NA,3,1992,108,1,0.5,1.5,1,17,HUN: +17,convergence
CEE,Hungary,HUN,1975-1989,% of LAT_AM,CEE: Hungary,"late socialism
(1973/75-1989)",125.11527277977434,128.38852160160312,3.2732488218287727,10515605,NA,3,1992,125,2,1.5,2.5,1,3,HUN: +3,convergence
CEE,Hungary,HUN,1989-1992,% of LAT_AM,CEE: Hungary,"transition
(1989-1991/92)",128.38852160160312,103.16282098327005,-25.225700618333065,10403359,NA,3,1992,128,3,2.5,3.5,1,-25,HUN: -25,divergence
CEE,Hungary,HUN,1992-2022,% of LAT_AM,CEE: Hungary,"capitalism
(1992-2022)",103.16282098327005,189.03050642339232,85.86768544012227,10371431,NA,3,1992,103,4,3.5,4.5,1,86,HUN: +86,convergence
Baltics,Latvia,LVA,1973-1989,% of LAT_AM,Baltics: Latvia,"late socialism
(1973/75-1989)",176.63138326817275,182.7404014180411,6.109018149868348,2415721,NA,2,1994,177,2,1.5,2.5,1,6,LVA: +6,convergence
Baltics,Latvia,LVA,1989-1994,% of LAT_AM,Baltics: Latvia,"transition
(1989-1991/92)",182.7404014180411,90.90667654869192,-91.83372486934918,2664789,NA,2,1994,183,3,2.5,3.5,1,-92,LVA: -92,divergence
Baltics,Latvia,LVA,1994-2022,% of LAT_AM,Baltics: Latvia,"capitalism
(1992-2022)",90.90667654869192,174.7077615684372,83.80108501974529,2521185,NA,2,1994,91,4,3.5,4.5,1,84,LVA: +84,convergence
Baltics,Lithuania,LTU,1973-1989,% of LAT_AM,Baltics: Lithuania,"late socialism
(1973/75-1989)",170.93951956618383,171.44529200148637,0.5057724353025321,3236175,NA,3,1994,171,2,1.5,2.5,1,1,LTU: +1,convergence
Baltics,Lithuania,LTU,1989-1994,% of LAT_AM,Baltics: Lithuania,"transition
(1989-1991/92)",171.44529200148637,81.77595750133942,-89.66933450014695,3696048,NA,3,1994,171,3,2.5,3.5,1,-90,LTU: -90,divergence
Baltics,Lithuania,LTU,1994-2022,% of LAT_AM,Baltics: Lithuania,"capitalism
(1992-2022)",81.77595750133942,198.0896962010445,116.31373869970507,3654839,NA,3,1994,82,4,3.5,4.5,1,116,LTU: +116,convergence
CEE,Poland,POL,1950-1975,% of LAT_AM,CEE: Poland,"early socialism
(1950-1973/75)",106.65238479977913,125.18288073004982,18.53049593027069,24780120,NA,4,1991,107,1,0.5,1.5,1,19,POL: +19,convergence
CEE,Poland,POL,1975-1989,% of LAT_AM,CEE: Poland,"late socialism
(1973/75-1989)",125.18288073004982,105.71662325824994,-19.466257471799878,33964338,NA,4,1991,125,2,1.5,2.5,1,-19,POL: -19,divergence
CEE,Poland,POL,1989-1991,% of LAT_AM,CEE: Poland,"transition
(1989-1991/92)",105.71662325824994,88.01461235032743,-17.702010907922514,37938044,NA,4,1991,106,3,2.5,3.5,1,-18,POL: -18,divergence
CEE,Poland,POL,1991-2022,% of LAT_AM,CEE: Poland,"capitalism
(1992-2022)",88.01461235032743,208.39157577063597,120.37696342030854,38152898,NA,4,1991,88,4,3.5,4.5,1,120,POL: +120,convergence
CEE,Romania,ROU,1950-1975,% of LAT_AM,CEE: Romania,"early socialism
(1950-1973/75)",51.52067144293756,81.0680265609196,29.547355117982043,16397220,NA,5,1992,52,1,0.5,1.5,1,30,ROU: +30,convergence
CEE,Romania,ROU,1975-1989,% of LAT_AM,CEE: Romania,"late socialism
(1973/75-1989)",81.0680265609196,73.2916581412844,-7.7763684196352045,21268014,NA,5,1992,81,2,1.5,2.5,1,-8,ROU: -8,divergence
CEE,Romania,ROU,1989-1992,% of LAT_AM,CEE: Romania,"transition
(1989-1991/92)",73.2916581412844,54.30130246863329,-18.990355672651113,22887592,NA,5,1992,73,3,2.5,3.5,1,-19,ROU: -19,divergence
CEE,Romania,ROU,1992-2022,% of LAT_AM,CEE: Romania,"capitalism
(1992-2022)",54.30130246863329,168.14570967945534,113.84440721082206,22912341,NA,5,1992,54,4,3.5,4.5,1,114,ROU: +114,convergence
USSR,Russia,RUS,1950-1975,% of LAT_AM,USSR: Russia,"early socialism
(1950-1973/75)",90.54061959816954,150.95503137505682,60.41441177688728,103392314,NA,2,1998,91,1,0.5,1.5,1,60,RUS: +60,convergence
USSR,Russia,RUS,1975-1989,% of LAT_AM,USSR: Russia,"late socialism
(1973/75-1989)",150.95503137505682,148.96008968154732,-1.994941693509503,134136049,NA,2,1998,151,2,1.5,2.5,1,-2,RUS: -2,divergence
USSR,Russia,RUS,1989-1998,% of LAT_AM,USSR: Russia,"transition
(1989-1991/92)",148.96008968154732,81.80911043514332,-67.15097924640399,148281823,NA,2,1998,149,3,2.5,3.5,1,-67,RUS: -67,divergence
USSR,Russia,RUS,1998-2022,% of LAT_AM,USSR: Russia,"capitalism
(1992-2022)",81.80911043514332,163.2626949357186,81.45358450057527,147635488,NA,2,1998,82,4,3.5,4.5,1,81,RUS: +81,convergence
Yugosl.,Serbia,SRB,1952-1979,% of LAT_AM,Yugosl.: Serbia,"early socialism
(1950-1973/75)",54.42722243983936,127.85680427178542,73.42958183194605,6127217,NA,2,1993,54,1,0.5,1.5,1,73,SRB: +73,convergence
Yugosl.,Serbia,SRB,1979-1989,% of LAT_AM,Yugosl.: Serbia,"late socialism
(1973/75-1989)",127.85680427178542,127.92178154306778,0.06497727128235908,7758172,NA,2,1993,128,2,1.5,2.5,1,0,SRB: +0,no change
Yugosl.,Serbia,SRB,1989-1993,% of LAT_AM,Yugosl.: Serbia,"transition
(1989-1991/92)",127.92178154306778,50.935781002696906,-76.98600054037087,7881211,NA,2,1993,128,3,2.5,3.5,1,-77,SRB: -77,divergence
Yugosl.,Serbia,SRB,1993-2022,% of LAT_AM,Yugosl.: Serbia,"capitalism
(1992-2022)",50.935781002696906,109.73788385309331,58.8021028503964,7849677,NA,2,1993,51,4,3.5,4.5,1,59,SRB: +59,convergence
CEE,Slovakia,SVK,1950-1975,% of LAT_AM,CEE: Slovakia,"early socialism
(1950-1973/75)",135.20525177289338,141.27472259067838,6.069470817785003,3465707,TRUE,6,1992,135,1,0.5,1.5,1,6,SVK: +6,convergence
CEE,Slovakia,SVK,1975-1989,% of LAT_AM,CEE: Slovakia,"late socialism
(1973/75-1989)",141.27472259067838,148.58669763471906,7.311975044040679,4739131,TRUE,6,1992,141,2,1.5,2.5,1,7,SVK: +7,convergence
CEE,Slovakia,SVK,1989-1992,% of LAT_AM,CEE: Slovakia,"transition
(1989-1991/92)",148.58669763471906,110.8791825894407,-37.707515045278356,5249882,NA,6,1992,149,3,2.5,3.5,1,-38,SVK: -38,divergence
CEE,Slovakia,SVK,1992-2022,% of LAT_AM,CEE: Slovakia,"capitalism
(1992-2022)",110.8791825894407,176.6267271796862,65.74754459024551,5306409,NA,6,1992,111,4,3.5,4.5,1,66,SVK: +66,convergence
Yugosl.,Slovenia,SVN,1952-1979,% of LAT_AM,Yugosl.: Slovenia,"early socialism
(1950-1973/75)",105.37238832594883,253.61273086476413,148.2403425388153,1479622,NA,3,1992,105,1,0.5,1.5,1,148,SVN: +148,convergence
Yugosl.,Slovenia,SVN,1979-1989,% of LAT_AM,Yugosl.: Slovenia,"late socialism
(1973/75-1989)",253.61273086476413,231.4680635291285,-22.14466733563563,1885870,NA,3,1992,254,2,1.5,2.5,1,-22,SVN: -22,divergence
Yugosl.,Slovenia,SVN,1989-1992,% of LAT_AM,Yugosl.: Slovenia,"transition
(1989-1991/92)",231.4680635291285,174.26158513343296,-57.20647839569554,1995417,NA,3,1992,231,3,2.5,3.5,1,-57,SVN: -57,divergence
Yugosl.,Slovenia,SVN,1992-2022,% of LAT_AM,Yugosl.: Slovenia,"capitalism
(1992-2022)",174.26158513343296,209.70963552609476,35.4480503926618,1995805,NA,3,1992,174,4,3.5,4.5,1,35,SVN: +35,convergence
USSR,Ukraine,UKR,1973-1989,% of LAT_AM,USSR: Ukraine,"late socialism
(1973/75-1989)",110.85716674171502,117.64183175382736,6.784665012112342,48277070,NA,3,1998,111,2,1.5,2.5,1,7,UKR: +7,convergence
USSR,Ukraine,UKR,1989-1998,% of LAT_AM,USSR: Ukraine,"transition
(1989-1991/92)",117.64183175382736,44.360008674505984,-73.28182307932138,51917779,NA,3,1998,118,3,2.5,3.5,1,-73,UKR: -73,divergence
USSR,Ukraine,UKR,1998-2022,% of LAT_AM,USSR: Ukraine,"capitalism
(1992-2022)",44.360008674505984,49.7359579460549,5.375949271548919,50379676,NA,3,1998,44,4,3.5,4.5,1,5,UKR: +5,convergence
USSR,Belarus,BLR,1973-1989,% of G7,USSR: Belarus,"late socialism
(1973/75-1989)",38.426391143943704,38.39781728361262,-0.02857386033108611,9205662,NA,1,1995,38,2,1.5,2.5,1,-0,BLR: +0,no change
USSR,Belarus,BLR,1989-1995,% of G7,USSR: Belarus,"transition
(1989-1991/92)",38.39781728361262,20.79367278415298,-17.604144499459636,10158729,NA,1,1995,38,3,2.5,3.5,1,-18,BLR: -18,divergence
USSR,Belarus,BLR,1995-2022,% of G7,USSR: Belarus,"capitalism
(1992-2022)",20.79367278415298,38.74407720141937,17.95040441726639,10197421,NA,1,1995,21,4,3.5,4.5,1,18,BLR: +18,convergence
CEE,Bulgaria,BGR,1950-1975,% of G7,CEE: Bulgaria,"early socialism
(1950-1973/75)",27.888784870268623,43.21621007439993,15.327425204131309,7248464,NA,1,1999,28,1,0.5,1.5,1,15,BGR: +15,convergence
CEE,Bulgaria,BGR,1975-1989,% of G7,CEE: Bulgaria,"late socialism
(1973/75-1989)",43.21621007439993,31.98903335121784,-11.22717672318209,8723102,NA,1,1999,43,2,1.5,2.5,1,-11,BGR: -11,divergence
CEE,Bulgaria,BGR,1989-1999,% of G7,CEE: Bulgaria,"transition
(1989-1991/92)",31.98903335121784,21.313228989502928,-10.675804361714913,8936335,NA,1,1999,32,3,2.5,3.5,1,-11,BGR: -11,divergence
CEE,Bulgaria,BGR,1999-2022,% of G7,CEE: Bulgaria,"capitalism
(1992-2022)",21.313228989502928,42.66546748907593,21.352238499573,8067415,NA,1,1999,21,4,3.5,4.5,1,21,BGR: +21,convergence
Yugosl.,Croatia,HRV,1952-1979,% of G7,Yugosl.: Croatia,"early socialism
(1950-1973/75)",26.509810184016253,56.41133355144135,29.9015233674251,3957359,NA,1,1993,27,1,0.5,1.5,1,30,HRV: +30,convergence
Yugosl.,Croatia,HRV,1979-1989,% of G7,Yugosl.: Croatia,"late socialism
(1973/75-1989)",56.41133355144135,45.06811834372728,-11.343215207714074,4626900,NA,1,1993,56,2,1.5,2.5,1,-11,HRV: -11,divergence
Yugosl.,Croatia,HRV,1989-1993,% of G7,Yugosl.: Croatia,"transition
(1989-1991/92)",45.06811834372728,27.1922996279756,-17.875818715751677,4820680,NA,1,1993,45,3,2.5,3.5,1,-18,HRV: -18,divergence
Yugosl.,Croatia,HRV,1993-2022,% of G7,Yugosl.: Croatia,"capitalism
(1992-2022)",27.1922996279756,55.913799014821436,28.721499386845835,4729691,NA,1,1993,27,4,3.5,4.5,1,29,HRV: +29,convergence
CEE,Czechia,CZE,1950-1975,% of G7,CEE: Czechia,"early socialism
(1950-1973/75)",50.19173728030315,50.92957129155211,0.7378340112489568,8916664,TRUE,2,1992,50,1,0.5,1.5,1,1,CZE: +1,convergence
CEE,Czechia,CZE,1975-1989,% of G7,CEE: Czechia,"late socialism
(1973/75-1989)",50.92957129155211,45.28766358675138,-5.64190770480073,10030738,NA,2,1992,51,2,1.5,2.5,1,-6,CZE: -6,divergence
CEE,Czechia,CZE,1989-1992,% of G7,CEE: Czechia,"transition
(1989-1991/92)",45.28766358675138,40.150496166361336,-5.137167420390043,10305562,NA,2,1992,45,3,2.5,3.5,1,-5,CZE: -5,divergence
CEE,Czechia,CZE,1992-2022,% of G7,CEE: Czechia,"capitalism
(1992-2022)",40.150496166361336,66.81331502144302,26.66281885508168,10312408,NA,2,1992,40,4,3.5,4.5,1,27,CZE: +27,convergence
Baltics,Estonia,EST,1973-1989,% of G7,Baltics: Estonia,"late socialism
(1973/75-1989)",63.57100724077199,60.630001746318115,-2.9410054944538757,1399299,NA,1,1994,64,2,1.5,2.5,1,-3,EST: -3,divergence
Baltics,Estonia,EST,1989-1994,% of G7,Baltics: Estonia,"transition
(1989-1991/92)",60.630001746318115,36.625993162793826,-24.00400858352429,1567538,NA,1,1994,61,3,2.5,3.5,1,-24,EST: -24,divergence
Baltics,Estonia,EST,1994-2022,% of G7,Baltics: Estonia,"capitalism
(1992-2022)",36.625993162793826,62.29657725869518,25.670584095901354,1475669,NA,1,1994,37,4,3.5,4.5,1,26,EST: +26,convergence
CEE,Hungary,HUN,1950-1975,% of G7,CEE: Hungary,"early socialism
(1950-1973/75)",41.88615751982214,43.02093510687709,1.1347775870549484,9337826,NA,3,1992,42,1,0.5,1.5,1,1,HUN: +1,convergence
CEE,Hungary,HUN,1975-1989,% of G7,CEE: Hungary,"late socialism
(1973/75-1989)",43.02093510687709,35.52435748520892,-7.496577621668173,10515605,NA,3,1992,43,2,1.5,2.5,1,-7,HUN: -7,divergence
CEE,Hungary,HUN,1989-1992,% of G7,CEE: Hungary,"transition
(1989-1991/92)",35.52435748520892,28.690247918077585,-6.834109567131332,10403359,NA,3,1992,36,3,2.5,3.5,1,-7,HUN: -7,divergence
CEE,Hungary,HUN,1992-2022,% of G7,CEE: Hungary,"capitalism
(1992-2022)",28.690247918077585,61.021241129116376,32.33099321103879,10371431,NA,3,1992,29,4,3.5,4.5,1,32,HUN: +32,convergence
Baltics,Latvia,LVA,1973-1989,% of G7,Baltics: Latvia,"late socialism
(1973/75-1989)",57.61424860881908,50.56320663235997,-7.051041976459111,2415721,NA,2,1994,58,2,1.5,2.5,1,-7,LVA: -7,divergence
Baltics,Latvia,LVA,1989-1994,% of G7,Baltics: Latvia,"transition
(1989-1991/92)",50.56320663235997,26.412660518379482,-24.15054611398049,2664789,NA,2,1994,51,3,2.5,3.5,1,-24,LVA: -24,divergence
Baltics,Latvia,LVA,1994-2022,% of G7,Baltics: Latvia,"capitalism
(1992-2022)",26.412660518379482,56.39769287776983,29.985032359390345,2521185,NA,2,1994,26,4,3.5,4.5,1,30,LVA: +30,convergence
Baltics,Lithuania,LTU,1973-1989,% of G7,Baltics: Lithuania,"late socialism
(1973/75-1989)",55.75765639793198,47.43791552578156,-8.319740872150419,3236175,NA,3,1994,56,2,1.5,2.5,1,-8,LTU: -8,divergence
Baltics,Lithuania,LTU,1989-1994,% of G7,Baltics: Lithuania,"transition
(1989-1991/92)",47.43791552578156,23.759757655329064,-23.678157870452498,3696048,NA,3,1994,47,3,2.5,3.5,1,-24,LTU: -24,divergence
Baltics,Lithuania,LTU,1994-2022,% of G7,Baltics: Lithuania,"capitalism
(1992-2022)",23.759757655329064,63.94565271916081,40.18589506383175,3654839,NA,3,1994,24,4,3.5,4.5,1,40,LTU: +40,convergence
CEE,Poland,POL,1950-1975,% of G7,CEE: Poland,"early socialism
(1950-1973/75)",41.32456724697858,43.04418212682028,1.7196148798417,24780120,NA,4,1991,41,1,0.5,1.5,1,2,POL: +2,convergence
CEE,Poland,POL,1975-1989,% of G7,CEE: Poland,"late socialism
(1973/75-1989)",43.04418212682028,29.251175026446674,-13.793007100373607,33964338,NA,4,1991,43,2,1.5,2.5,1,-14,POL: -14,divergence
CEE,Poland,POL,1989-1991,% of G7,CEE: Poland,"transition
(1989-1991/92)",29.251175026446674,24.265469810321328,-4.985705216125346,37938044,NA,4,1991,29,3,2.5,3.5,1,-5,POL: -5,divergence
CEE,Poland,POL,1991-2022,% of G7,CEE: Poland,"capitalism
(1992-2022)",24.265469810321328,67.27121899517311,43.00574918485179,38152898,NA,4,1991,24,4,3.5,4.5,1,43,POL: +43,convergence
CEE,Romania,ROU,1950-1975,% of G7,CEE: Romania,"early socialism
(1950-1973/75)",19.962698964960904,27.875272398268763,7.912573433307859,16397220,NA,5,1992,20,1,0.5,1.5,1,8,ROU: +8,convergence
CEE,Romania,ROU,1975-1989,% of G7,CEE: Romania,"late socialism
(1973/75-1989)",27.875272398268763,20.279375695079267,-7.595896703189496,21268014,NA,5,1992,28,2,1.5,2.5,1,-8,ROU: -8,divergence
CEE,Romania,ROU,1989-1992,% of G7,CEE: Romania,"transition
(1989-1991/92)",20.279375695079267,15.101543513939536,-5.177832181139731,22887592,NA,5,1992,20,3,2.5,3.5,1,-5,ROU: -5,divergence
CEE,Romania,ROU,1992-2022,% of G7,CEE: Romania,"capitalism
(1992-2022)",15.101543513939536,54.27938637690028,39.177842862960745,22912341,NA,5,1992,15,4,3.5,4.5,1,39,ROU: +39,convergence
USSR,Russia,RUS,1950-1975,% of G7,USSR: Russia,"early socialism
(1950-1973/75)",35.08174646250773,51.9059461291663,16.824199666658572,103392314,NA,2,1998,35,1,0.5,1.5,1,17,RUS: +17,convergence
USSR,Russia,RUS,1975-1989,% of G7,USSR: Russia,"late socialism
(1973/75-1989)",51.9059461291663,41.21639077126029,-10.68955535790601,134136049,NA,2,1998,52,2,1.5,2.5,1,-11,RUS: -11,divergence
USSR,Russia,RUS,1989-1998,% of G7,USSR: Russia,"transition
(1989-1991/92)",41.21639077126029,23.65408006286911,-17.562310708391184,148281823,NA,2,1998,41,3,2.5,3.5,1,-18,RUS: -18,divergence
USSR,Russia,RUS,1998-2022,% of G7,USSR: Russia,"capitalism
(1992-2022)",23.65408006286911,52.70309255135658,29.049012488487474,147635488,NA,2,1998,24,4,3.5,4.5,1,29,RUS: +29,convergence
Yugosl.,Serbia,SRB,1952-1979,% of G7,Yugosl.: Serbia,"early socialism
(1950-1973/75)",19.674190757458373,43.42310168758941,23.748910930131036,6127217,NA,2,1993,20,1,0.5,1.5,1,24,SRB: +24,convergence
Yugosl.,Serbia,SRB,1979-1989,% of G7,Yugosl.: Serbia,"late socialism
(1973/75-1989)",43.42310168758941,35.3952132246065,-8.027888462982908,7758172,NA,2,1993,43,2,1.5,2.5,1,-8,SRB: -8,divergence
Yugosl.,Serbia,SRB,1989-1993,% of G7,Yugosl.: Serbia,"transition
(1989-1991/92)",35.3952132246065,14.541619208902445,-20.853594015704054,7881211,NA,2,1993,35,3,2.5,3.5,1,-21,SRB: -21,divergence
Yugosl.,Serbia,SRB,1993-2022,% of G7,Yugosl.: Serbia,"capitalism
(1992-2022)",14.541619208902445,35.424662390736245,20.8830431818338,7849677,NA,2,1993,15,4,3.5,4.5,1,21,SRB: +21,convergence
CEE,Slovakia,SVK,1950-1975,% of G7,CEE: Slovakia,"early socialism
(1950-1973/75)",52.38793796803289,48.57736819639613,-3.8105697716367573,3465707,TRUE,6,1992,52,1,0.5,1.5,1,-4,SVK: -4,divergence
CEE,Slovakia,SVK,1975-1989,% of G7,CEE: Slovakia,"late socialism
(1973/75-1989)",48.57736819639613,41.11307536277836,-7.464292833617769,4739131,TRUE,6,1992,49,2,1.5,2.5,1,-7,SVK: -7,divergence
CEE,Slovakia,SVK,1989-1992,% of G7,CEE: Slovakia,"transition
(1989-1991/92)",41.11307536277836,30.836218001063905,-10.276857361714455,5249882,NA,6,1992,41,3,2.5,3.5,1,-10,SVK: -10,divergence
CEE,Slovakia,SVK,1992-2022,% of G7,CEE: Slovakia,"capitalism
(1992-2022)",30.836218001063905,57.017157246236536,26.18093924517263,5306409,NA,6,1992,31,4,3.5,4.5,1,26,SVK: +26,convergence
Yugosl.,Slovenia,SVN,1952-1979,% of G7,Yugosl.: Slovenia,"early socialism
(1950-1973/75)",38.08969805110297,86.13269715547001,48.04299910436704,1479622,NA,3,1992,38,1,0.5,1.5,1,48,SVN: +48,convergence
Yugosl.,Slovenia,SVN,1979-1989,% of G7,Yugosl.: Slovenia,"late socialism
(1973/75-1989)",86.13269715547001,64.04586743925195,-22.086829716218062,1885870,NA,3,1992,86,2,1.5,2.5,1,-22,SVN: -22,divergence
Yugosl.,Slovenia,SVN,1989-1992,% of G7,Yugosl.: Slovenia,"transition
(1989-1991/92)",64.04586743925195,48.463274195324324,-15.582593243927626,1995417,NA,3,1992,64,3,2.5,3.5,1,-16,SVN: -16,divergence
Yugosl.,Slovenia,SVN,1992-2022,% of G7,Yugosl.: Slovenia,"capitalism
(1992-2022)",48.463274195324324,67.69670398001618,19.233429784691857,1995805,NA,3,1992,48,4,3.5,4.5,1,19,SVN: +19,convergence
USSR,Ukraine,UKR,1973-1989,% of G7,USSR: Ukraine,"late socialism
(1973/75-1989)",36.15978229095002,32.55081088483834,-3.608971406111678,48277070,NA,3,1998,36,2,1.5,2.5,1,-4,UKR: -4,divergence
USSR,Ukraine,UKR,1989-1998,% of G7,USSR: Ukraine,"transition
(1989-1991/92)",32.55081088483834,12.82614113752274,-19.724669747315602,51917779,NA,3,1998,33,3,2.5,3.5,1,-20,UKR: -20,divergence
USSR,Ukraine,UKR,1998-2022,% of G7,USSR: Ukraine,"capitalism
(1992-2022)",12.82614113752274,16.05534439936429,3.229203261841551,50379676,NA,3,1998,13,4,3.5,4.5,1,3,UKR: +3,convergence
USSR,Belarus,BLR,1973-1989,% of S_EUR4,USSR: Belarus,"late socialism
(1973/75-1989)",58.132310641391655,55.35910608874799,-2.773204552643662,9205662,NA,1,1995,58,2,1.5,2.5,1,-3,BLR: -3,divergence
USSR,Belarus,BLR,1989-1995,% of S_EUR4,USSR: Belarus,"transition
(1989-1991/92)",55.35910608874799,28.644385786379843,-26.71472030236815,10158729,NA,1,1995,55,3,2.5,3.5,1,-27,BLR: -27,divergence
USSR,Belarus,BLR,1995-2022,% of S_EUR4,USSR: Belarus,"capitalism
(1992-2022)",28.644385786379843,55.05510153860452,26.410715752224675,10197421,NA,1,1995,29,4,3.5,4.5,1,26,BLR: +26,convergence
CEE,Bulgaria,BGR,1950-1975,% of S_EUR4,CEE: Bulgaria,"early socialism
(1950-1973/75)",58.487576421404945,63.31732074608914,4.829744324684192,7248464,NA,1,1999,58,1,0.5,1.5,1,5,BGR: +5,convergence
CEE,Bulgaria,BGR,1975-1989,% of S_EUR4,CEE: Bulgaria,"late socialism
(1973/75-1989)",63.31732074608914,46.11939990980536,-17.197920836283778,8723102,NA,1,1999,63,2,1.5,2.5,1,-17,BGR: -17,divergence
CEE,Bulgaria,BGR,1989-1999,% of S_EUR4,CEE: Bulgaria,"transition
(1989-1991/92)",46.11939990980536,28.714855689592063,-17.404544220213296,8936335,NA,1,1999,46,3,2.5,3.5,1,-17,BGR: -17,divergence
CEE,Bulgaria,BGR,1999-2022,% of S_EUR4,CEE: Bulgaria,"capitalism
(1992-2022)",28.714855689592063,60.62737363937144,31.912517949779378,8067415,NA,1,1999,29,4,3.5,4.5,1,32,BGR: +32,convergence
Yugosl.,Croatia,HRV,1952-1979,% of S_EUR4,Yugosl.: Croatia,"early socialism
(1950-1973/75)",53.34222051637082,82.82617981464374,29.483959298272914,3957359,NA,1,1993,53,1,0.5,1.5,1,29,HRV: +29,convergence
Yugosl.,Croatia,HRV,1979-1989,% of S_EUR4,Yugosl.: Croatia,"late socialism
(1973/75-1989)",82.82617981464374,64.97584813695731,-17.850331677686427,4626900,NA,1,1993,83,2,1.5,2.5,1,-18,HRV: -18,divergence
Yugosl.,Croatia,HRV,1989-1993,% of S_EUR4,Yugosl.: Croatia,"transition
(1989-1991/92)",64.97584813695731,38.107207745100226,-26.868640391857085,4820680,NA,1,1993,65,3,2.5,3.5,1,-27,HRV: -27,divergence
Yugosl.,Croatia,HRV,1993-2022,% of S_EUR4,Yugosl.: Croatia,"capitalism
(1992-2022)",38.107207745100226,79.45317334999905,41.34596560489882,4729691,NA,1,1993,38,4,3.5,4.5,1,41,HRV: +41,convergence
CEE,Czechia,CZE,1950-1975,% of S_EUR4,CEE: Czechia,"early socialism
(1950-1973/75)",105.26070187569755,74.61838961298122,-30.64231226271633,8916664,TRUE,2,1992,105,1,0.5,1.5,1,-31,CZE: -31,divergence
CEE,Czechia,CZE,1975-1989,% of S_EUR4,CEE: Czechia,"late socialism
(1973/75-1989)",74.61838961298122,65.29237207658859,-9.326017536392627,10030738,NA,2,1992,75,2,1.5,2.5,1,-9,CZE: -9,divergence
CEE,Czechia,CZE,1989-1992,% of S_EUR4,CEE: Czechia,"transition
(1989-1991/92)",65.29237207658859,55.48569708998997,-9.806674986598622,10305562,NA,2,1992,65,3,2.5,3.5,1,-10,CZE: -10,divergence
CEE,Czechia,CZE,1992-2022,% of S_EUR4,CEE: Czechia,"capitalism
(1992-2022)",55.48569708998997,94.94132028266655,39.45562319267658,10312408,NA,2,1992,55,4,3.5,4.5,1,39,CZE: +39,convergence
Baltics,Estonia,EST,1973-1989,% of S_EUR4,Baltics: Estonia,"late socialism
(1973/75-1989)",96.17165262445312,87.41180974023364,-8.75984288421948,1399299,NA,1,1994,96,2,1.5,2.5,1,-9,EST: -9,divergence
Baltics,Estonia,EST,1989-1994,% of S_EUR4,Baltics: Estonia,"transition
(1989-1991/92)",87.41180974023364,51.19579416384377,-36.216015576389864,1567538,NA,1,1994,87,3,2.5,3.5,1,-36,EST: -36,divergence
Baltics,Estonia,EST,1994-2022,% of S_EUR4,Baltics: Estonia,"capitalism
(1992-2022)",51.19579416384377,88.52306298727221,37.32726882342844,1475669,NA,1,1994,51,4,3.5,4.5,1,37,EST: +37,convergence
CEE,Hungary,HUN,1950-1975,% of S_EUR4,CEE: Hungary,"early socialism
(1950-1973/75)",87.84247324992923,63.031217736800734,-24.811255513128494,9337826,NA,3,1992,88,1,0.5,1.5,1,-25,HUN: -25,divergence
CEE,Hungary,HUN,1975-1989,% of S_EUR4,CEE: Hungary,"late socialism
(1973/75-1989)",63.031217736800734,51.216366290632656,-11.814851446168078,10515605,NA,3,1992,63,2,1.5,2.5,1,-12,HUN: -12,divergence
CEE,Hungary,HUN,1989-1992,% of S_EUR4,CEE: Hungary,"transition
(1989-1991/92)",51.216366290632656,39.64828725461389,-11.568079036018766,10403359,NA,3,1992,51,3,2.5,3.5,1,-12,HUN: -12,divergence
CEE,Hungary,HUN,1992-2022,% of S_EUR4,CEE: Hungary,"capitalism
(1992-2022)",39.64828725461389,86.71081798928734,47.062530734673444,10371431,NA,3,1992,40,4,3.5,4.5,1,47,HUN: +47,convergence
Baltics,Latvia,LVA,1973-1989,% of S_EUR4,Baltics: Latvia,"late socialism
(1973/75-1989)",87.16013390255894,72.89825615537562,-14.26187774718332,2415721,NA,2,1994,87,2,1.5,2.5,1,-14,LVA: -14,divergence
Baltics,Latvia,LVA,1989-1994,% of S_EUR4,Baltics: Latvia,"transition
(1989-1991/92)",72.89825615537562,36.91960311378194,-35.97865304159368,2664789,NA,2,1994,73,3,2.5,3.5,1,-36,LVA: -36,divergence
Baltics,Latvia,LVA,1994-2022,% of S_EUR4,Baltics: Latvia,"capitalism
(1992-2022)",36.91960311378194,80.14078362963052,43.22118051584858,2521185,NA,2,1994,37,4,3.5,4.5,1,43,LVA: +43,convergence
Baltics,Lithuania,LTU,1973-1989,% of S_EUR4,Baltics: Lithuania,"late socialism
(1973/75-1989)",84.35143935892138,68.39244477944793,-15.958994579473455,3236175,NA,3,1994,84,2,1.5,2.5,1,-16,LTU: -16,divergence
Baltics,Lithuania,LTU,1989-1994,% of S_EUR4,Baltics: Lithuania,"transition
(1989-1991/92)",68.39244477944793,33.21137687375277,-35.18106790569516,3696048,NA,3,1994,68,3,2.5,3.5,1,-35,LTU: -35,divergence
Baltics,Lithuania,LTU,1994-2022,% of S_EUR4,Baltics: Lithuania,"capitalism
(1992-2022)",33.21137687375277,90.86638933490374,57.655012461150974,3654839,NA,3,1994,33,4,3.5,4.5,1,58,LTU: +58,convergence
CEE,Poland,POL,1950-1975,% of S_EUR4,CEE: Poland,"early socialism
(1950-1973/75)",86.66472190101796,63.06527761885888,-23.599444282159077,24780120,NA,4,1991,87,1,0.5,1.5,1,-24,POL: -24,divergence
CEE,Poland,POL,1975-1989,% of S_EUR4,CEE: Poland,"late socialism
(1973/75-1989)",63.06527761885888,42.17216019205052,-20.89311742680836,33964338,NA,4,1991,63,2,1.5,2.5,1,-21,POL: -21,divergence
CEE,Poland,POL,1989-1991,% of S_EUR4,CEE: Poland,"transition
(1989-1991/92)",42.17216019205052,33.578454775599425,-8.593705416451094,37938044,NA,4,1991,42,3,2.5,3.5,1,-9,POL: -9,divergence
CEE,Poland,POL,1991-2022,% of S_EUR4,CEE: Poland,"capitalism
(1992-2022)",33.578454775599425,95.59199908545702,62.01354430985759,38152898,NA,4,1991,34,4,3.5,4.5,1,62,POL: +62,convergence
CEE,Romania,ROU,1950-1975,% of S_EUR4,CEE: Romania,"early socialism
(1950-1973/75)",41.865211651274294,40.84086874548302,-1.024342905791272,16397220,NA,5,1992,42,1,0.5,1.5,1,-1,ROU: -1,divergence
CEE,Romania,ROU,1975-1989,% of S_EUR4,CEE: Romania,"late socialism
(1973/75-1989)",40.84086874548302,29.237289771587964,-11.603578973895058,21268014,NA,5,1992,41,2,1.5,2.5,1,-12,ROU: -12,divergence
CEE,Romania,ROU,1989-1992,% of S_EUR4,CEE: Romania,"transition
(1989-1991/92)",29.237289771587964,20.869472335631382,-8.367817435956582,22887592,NA,5,1992,29,3,2.5,3.5,1,-8,ROU: -8,divergence
CEE,Romania,ROU,1992-2022,% of S_EUR4,CEE: Romania,"capitalism
(1992-2022)",20.869472335631382,77.13068278533974,56.26121044970836,22912341,NA,5,1992,21,4,3.5,4.5,1,56,ROU: +56,convergence
USSR,Russia,RUS,1950-1975,% of S_EUR4,USSR: Russia,"early socialism
(1950-1973/75)",73.57245347070261,76.04890465942326,2.4764511887206453,103392314,NA,2,1998,74,1,0.5,1.5,1,2,RUS: +2,convergence
USSR,Russia,RUS,1975-1989,% of S_EUR4,USSR: Russia,"late socialism
(1973/75-1989)",76.04890465942326,59.42271490195551,-16.62618975746775,134136049,NA,2,1998,76,2,1.5,2.5,1,-17,RUS: -17,divergence
USSR,Russia,RUS,1989-1998,% of S_EUR4,USSR: Russia,"transition
(1989-1991/92)",59.42271490195551,32.0529562536524,-27.36975864830311,148281823,NA,2,1998,59,3,2.5,3.5,1,-27,RUS: -27,divergence
USSR,Russia,RUS,1998-2022,% of S_EUR4,USSR: Russia,"capitalism
(1992-2022)",32.0529562536524,74.89077870480575,42.83782245115336,147635488,NA,2,1998,32,4,3.5,4.5,1,43,RUS: +43,convergence
Yugosl.,Serbia,SRB,1952-1979,% of S_EUR4,Yugosl.: Serbia,"early socialism
(1950-1973/75)",39.58779842559003,63.756153277357605,24.168354851767575,6127217,NA,2,1993,40,1,0.5,1.5,1,24,SRB: +24,convergence
Yugosl.,Serbia,SRB,1979-1989,% of S_EUR4,Yugosl.: Serbia,"late socialism
(1973/75-1989)",63.756153277357605,51.03017573790837,-12.725977539449232,7758172,NA,2,1993,64,2,1.5,2.5,1,-13,SRB: -13,divergence
Yugosl.,Serbia,SRB,1989-1993,% of S_EUR4,Yugosl.: Serbia,"transition
(1989-1991/92)",51.03017573790837,20.378581867849174,-30.651593870059198,7881211,NA,2,1993,51,3,2.5,3.5,1,-31,SRB: -31,divergence
Yugosl.,Serbia,SRB,1993-2022,% of S_EUR4,Yugosl.: Serbia,"capitalism
(1992-2022)",20.378581867849174,50.33823298342282,29.959651115573646,7849677,NA,2,1993,20,4,3.5,4.5,1,30,SRB: +30,convergence
CEE,Slovakia,SVK,1950-1975,% of S_EUR4,CEE: Slovakia,"early socialism
(1950-1973/75)",109.86651228148803,71.17210874801107,-38.69440353347696,3465707,TRUE,6,1992,110,1,0.5,1.5,1,-39,SVK: -39,divergence
CEE,Slovakia,SVK,1975-1989,% of S_EUR4,CEE: Slovakia,"late socialism
(1973/75-1989)",71.17210874801107,59.27376245977608,-11.89834628823499,4739131,TRUE,6,1992,71,2,1.5,2.5,1,-12,SVK: -12,divergence
CEE,Slovakia,SVK,1989-1992,% of S_EUR4,CEE: Slovakia,"transition
(1989-1991/92)",59.27376245977608,42.61389558720827,-16.65986687256781,5249882,NA,6,1992,59,3,2.5,3.5,1,-17,SVK: -17,divergence
CEE,Slovakia,SVK,1992-2022,% of S_EUR4,CEE: Slovakia,"capitalism
(1992-2022)",42.61389558720827,81.02103878522969,38.40714319802142,5306409,NA,6,1992,43,4,3.5,4.5,1,38,SVK: +38,convergence
Yugosl.,Slovenia,SVN,1952-1979,% of S_EUR4,Yugosl.: Slovenia,"early socialism
(1950-1973/75)",76.642912896787,126.464698020544,49.82178512375701,1479622,NA,3,1992,77,1,0.5,1.5,1,50,SVN: +50,convergence
Yugosl.,Slovenia,SVN,1979-1989,% of S_EUR4,Yugosl.: Slovenia,"late socialism
(1973/75-1989)",126.464698020544,92.33654985979096,-34.12814816075304,1885870,NA,3,1992,126,2,1.5,2.5,1,-34,SVN: -34,divergence
Yugosl.,Slovenia,SVN,1989-1992,% of S_EUR4,Yugosl.: Slovenia,"transition
(1989-1991/92)",92.33654985979096,66.97348249070434,-25.36306736908662,1995417,NA,3,1992,92,3,2.5,3.5,1,-25,SVN: -25,divergence
Yugosl.,Slovenia,SVN,1992-2022,% of S_EUR4,Yugosl.: Slovenia,"capitalism
(1992-2022)",66.97348249070434,96.19661069930206,29.223128208597714,1995805,NA,3,1992,67,4,3.5,4.5,1,29,SVN: +29,convergence
USSR,Ukraine,UKR,1973-1989,% of S_EUR4,USSR: Ukraine,"late socialism
(1973/75-1989)",54.70333367992844,46.929328814155994,-7.774004865772447,48277070,NA,3,1998,55,2,1.5,2.5,1,-8,UKR: -8,divergence
USSR,Ukraine,UKR,1989-1998,% of S_EUR4,USSR: Ukraine,"transition
(1989-1991/92)",46.929328814155994,17.380330991165238,-29.548997822990756,51917779,NA,3,1998,47,3,2.5,3.5,1,-30,UKR: -30,divergence
USSR,Ukraine,UKR,1998-2022,% of S_EUR4,USSR: Ukraine,"capitalism
(1992-2022)",17.380330991165238,22.814548183686878,5.43421719252164,50379676,NA,3,1998,17,4,3.5,4.5,1,5,UKR: +5,convergence
USSR,Belarus,BLR,1973-1989,intusd2011ppp,USSR: Belarus,"late socialism
(1973/75-1989)",9.028938392241612,9.383705270727246,0.35476687848563415,9205662,NA,1,1995,8341,2,1.5,2.5,1,0.35,BLR: +0.35,increase
USSR,Belarus,BLR,1989-1995,intusd2011ppp,USSR: Belarus,"transition
(1989-1991/92)",9.383705270727246,8.852753869837343,-0.5309514008899026,10158729,NA,1,1995,11893,3,2.5,3.5,1,-0.53,BLR: -0.53,decrease
USSR,Belarus,BLR,1995-2022,intusd2011ppp,USSR: Belarus,"capitalism
(1992-2022)",8.852753869837343,9.83626805412181,0.9835141842844664,10197421,NA,1,1995,6994,4,3.5,4.5,1,0.98,BLR: +0.98,increase
CEE,Bulgaria,BGR,1950-1975,intusd2011ppp,CEE: Bulgaria,"early socialism
(1950-1973/75)",7.875499292445208,9.137231900155545,1.2617326077103366,7248464,NA,1,1999,2632,1,0.5,1.5,1,1.26,BGR: +1.26,increase
CEE,Bulgaria,BGR,1975-1989,intusd2011ppp,CEE: Bulgaria,"late socialism
(1973/75-1989)",9.137231900155545,9.20109779060925,0.06386589045370528,8723102,NA,1,1999,9295,2,1.5,2.5,1,0.06,BGR: +0.06,increase
CEE,Bulgaria,BGR,1989-1999,intusd2011ppp,CEE: Bulgaria,"transition
(1989-1991/92)",9.20109779060925,8.977369313515664,-0.22372847709358545,8936335,NA,1,1999,9908,3,2.5,3.5,1,-0.22,BGR: -0.22,decrease
CEE,Bulgaria,BGR,1999-2022,intusd2011ppp,CEE: Bulgaria,"capitalism
(1992-2022)",8.977369313515664,9.932680025551392,0.9553107120357271,8067415,NA,1,1999,7922,4,3.5,4.5,1,0.96,BGR: +0.96,increase
Yugosl.,Croatia,HRV,1952-1979,intusd2011ppp,Yugosl.: Croatia,"early socialism
(1950-1973/75)",7.914983005848394,9.546383945305841,1.6314009394574471,3957359,NA,1,1993,2738,1,0.5,1.5,1,1.63,HRV: +1.63,increase
Yugosl.,Croatia,HRV,1979-1989,intusd2011ppp,Yugosl.: Croatia,"late socialism
(1973/75-1989)",9.546383945305841,9.543879740512757,-0.002504204793083886,4626900,NA,1,1993,13994,2,1.5,2.5,1,-0,HRV: +0,no change
Yugosl.,Croatia,HRV,1989-1993,intusd2011ppp,Yugosl.: Croatia,"transition
(1989-1991/92)",9.543879740512757,9.075612835685543,-0.4682669048272139,4820680,NA,1,1993,13959,3,2.5,3.5,1,-0.47,HRV: -0.47,decrease
Yugosl.,Croatia,HRV,1993-2022,intusd2011ppp,Yugosl.: Croatia,"capitalism
(1992-2022)",9.075612835685543,10.20310135790352,1.127488522217977,4729691,NA,1,1993,8740,4,3.5,4.5,1,1.13,HRV: +1.13,increase
CEE,Czechia,CZE,1950-1975,intusd2011ppp,CEE: Czechia,"early socialism
(1950-1973/75)",8.4631250775483,9.301459965343666,0.8383348877953658,8916664,TRUE,2,1992,4737,1,0.5,1.5,1,0.84,CZE: +0.84,increase
CEE,Czechia,CZE,1975-1989,intusd2011ppp,CEE: Czechia,"late socialism
(1973/75-1989)",9.301459965343666,9.54873932271967,0.24727935737600504,10030738,NA,2,1992,10954,2,1.5,2.5,1,0.25,CZE: +0.25,increase
CEE,Czechia,CZE,1989-1992,intusd2011ppp,CEE: Czechia,"transition
(1989-1991/92)",9.54873932271967,9.458015117975545,-0.09072420474412546,10305562,NA,2,1992,14027,3,2.5,3.5,1,-0.09,CZE: -0.09,decrease
CEE,Czechia,CZE,1992-2022,intusd2011ppp,CEE: Czechia,"capitalism
(1992-2022)",9.458015117975545,10.381192543767629,0.9231774257920833,10312408,NA,2,1992,12810,4,3.5,4.5,1,0.92,CZE: +0.92,increase
Baltics,Estonia,EST,1973-1989,intusd2011ppp,Baltics: Estonia,"late socialism
(1973/75-1989)",9.532351404751555,9.840494503208207,0.308143098456652,1399299,NA,1,1994,13799,2,1.5,2.5,1,0.31,EST: +0.31,increase
Baltics,Estonia,EST,1989-1994,intusd2011ppp,Baltics: Estonia,"transition
(1989-1991/92)",9.840494503208207,9.398483367931334,-0.4420111352768732,1567538,NA,1,1994,18779,3,2.5,3.5,1,-0.44,EST: -0.44,decrease
Baltics,Estonia,EST,1994-2022,intusd2011ppp,Baltics: Estonia,"capitalism
(1992-2022)",9.398483367931334,10.311196641035995,0.9127132731046608,1475669,NA,1,1994,12070,4,3.5,4.5,1,0.91,EST: +0.91,increase
CEE,Hungary,HUN,1950-1975,intusd2011ppp,CEE: Hungary,"early socialism
(1950-1973/75)",8.282230063296685,9.13270310224903,0.8504730389523445,9337826,NA,3,1992,3953,1,0.5,1.5,1,0.85,HUN: +0.85,increase
CEE,Hungary,HUN,1975-1989,intusd2011ppp,CEE: Hungary,"late socialism
(1973/75-1989)",9.13270310224903,9.305923241869912,0.17322013962088256,10515605,NA,3,1992,9253,2,1.5,2.5,1,0.17,HUN: +0.17,increase
CEE,Hungary,HUN,1989-1992,intusd2011ppp,CEE: Hungary,"transition
(1989-1991/92)",9.305923241869912,9.12193759106929,-0.18398565080062212,10403359,NA,3,1992,11003,3,2.5,3.5,1,-0.18,HUN: -0.18,decrease
CEE,Hungary,HUN,1992-2022,intusd2011ppp,CEE: Hungary,"capitalism
(1992-2022)",9.12193759106929,10.290512175211514,1.168574584142224,10371431,NA,3,1992,9154,4,3.5,4.5,1,1.17,HUN: +1.17,increase
Baltics,Latvia,LVA,1973-1989,intusd2011ppp,Baltics: Latvia,"late socialism
(1973/75-1989)",9.433963808127244,9.658928824466434,0.22496501633919053,2415721,NA,2,1994,12506,2,1.5,2.5,1,0.22,LVA: +0.22,increase
Baltics,Latvia,LVA,1989-1994,intusd2011ppp,Baltics: Latvia,"transition
(1989-1991/92)",9.658928824466434,9.07156864417671,-0.5873601802897248,2664789,NA,2,1994,15661,3,2.5,3.5,1,-0.59,LVA: -0.59,decrease
Baltics,Latvia,LVA,1994-2022,intusd2011ppp,Baltics: Latvia,"capitalism
(1992-2022)",9.07156864417671,10.211718407664442,1.1401497634877327,2521185,NA,2,1994,8704,4,3.5,4.5,1,1.14,LVA: +1.14,increase
Baltics,Lithuania,LTU,1973-1989,intusd2011ppp,Baltics: Lithuania,"late socialism
(1973/75-1989)",9.401208634738603,9.595126468875947,0.1939178341373431,3236175,NA,3,1994,12103,2,1.5,2.5,1,0.19,LTU: +0.19,increase
Baltics,Lithuania,LTU,1989-1994,intusd2011ppp,Baltics: Lithuania,"transition
(1989-1991/92)",9.595126468875947,8.965718478639783,-0.6294079902361638,3696048,NA,3,1994,14693,3,2.5,3.5,1,-0.63,LTU: -0.63,decrease
Baltics,Lithuania,LTU,1994-2022,intusd2011ppp,Baltics: Lithuania,"capitalism
(1992-2022)",8.965718478639783,10.337323702761793,1.3716052241220105,3654839,NA,3,1994,7830,4,3.5,4.5,1,1.37,LTU: +1.37,increase
CEE,Poland,POL,1950-1975,intusd2011ppp,CEE: Poland,"early socialism
(1950-1973/75)",8.268731832117737,9.133243321591216,0.8645114894734789,24780120,NA,4,1991,3900,1,0.5,1.5,1,0.86,POL: +0.86,increase
CEE,Poland,POL,1975-1989,intusd2011ppp,CEE: Poland,"late socialism
(1973/75-1989)",9.133243321591216,9.111624399037025,-0.0216189225541914,33964338,NA,4,1991,9258,2,1.5,2.5,1,-0.02,POL: -0.02,decrease
CEE,Poland,POL,1989-1991,intusd2011ppp,CEE: Poland,"transition
(1989-1991/92)",9.111624399037025,8.939298152741646,-0.17232624629537874,37938044,NA,4,1991,9060,3,2.5,3.5,1,-0.17,POL: -0.17,decrease
CEE,Poland,POL,1991-2022,intusd2011ppp,CEE: Poland,"capitalism
(1992-2022)",8.939298152741646,10.388022649226125,1.4487244964844788,38152898,NA,4,1991,7626,4,3.5,4.5,1,1.45,POL: +1.45,increase
CEE,Romania,ROU,1950-1975,intusd2011ppp,CEE: Romania,"early socialism
(1950-1973/75)",7.541140140835434,8.698756243951888,1.1576161031164531,16397220,NA,5,1992,1884,1,0.5,1.5,1,1.16,ROU: +1.16,increase
CEE,Romania,ROU,1975-1989,intusd2011ppp,CEE: Romania,"late socialism
(1973/75-1989)",8.698756243951888,8.745309048304524,0.0465528043526362,21268014,NA,5,1992,5995,2,1.5,2.5,1,0.05,ROU: +0.05,increase
CEE,Romania,ROU,1989-1992,intusd2011ppp,CEE: Romania,"transition
(1989-1991/92)",8.745309048304524,8.480177277904934,-0.2651317703995897,22887592,NA,5,1992,6281,3,2.5,3.5,1,-0.27,ROU: -0.27,decrease
CEE,Romania,ROU,1992-2022,intusd2011ppp,CEE: Romania,"capitalism
(1992-2022)",8.480177277904934,10.173434686549017,1.693257408644083,22912341,NA,5,1992,4818,4,3.5,4.5,1,1.69,ROU: +1.69,increase
USSR,Russia,RUS,1950-1975,intusd2011ppp,USSR: Russia,"early socialism
(1950-1973/75)",8.104955611806867,9.320449594656212,1.2154939828493454,103392314,NA,2,1998,3311,1,0.5,1.5,1,1.22,RUS: +1.22,increase
USSR,Russia,RUS,1975-1989,intusd2011ppp,USSR: Russia,"late socialism
(1973/75-1989)",9.320449594656212,9.454540665816003,0.1340910711597907,134136049,NA,2,1998,11164,2,1.5,2.5,1,0.13,RUS: +0.13,increase
USSR,Russia,RUS,1989-1998,intusd2011ppp,USSR: Russia,"transition
(1989-1991/92)",9.454540665816003,9.054562786121377,-0.3999778796946263,148281823,NA,2,1998,12766,3,2.5,3.5,1,-0.4,RUS: -0.4,decrease
USSR,Russia,RUS,1998-2022,intusd2011ppp,USSR: Russia,"capitalism
(1992-2022)",9.054562786121377,10.143964292434154,1.089401506312777,147635488,NA,2,1998,8557,4,3.5,4.5,1,1.09,RUS: +1.09,increase
Yugosl.,Serbia,SRB,1952-1979,intusd2011ppp,Yugosl.: Serbia,"early socialism
(1950-1973/75)",7.616775808698373,9.28470545393149,1.6679296452331176,6127217,NA,2,1993,2032,1,0.5,1.5,1,1.67,SRB: +1.67,increase
Yugosl.,Serbia,SRB,1979-1989,intusd2011ppp,Yugosl.: Serbia,"late socialism
(1973/75-1989)",9.28470545393149,9.30228124567454,0.017575791743048796,7758172,NA,2,1993,10772,2,1.5,2.5,1,0.02,SRB: +0.02,increase
Yugosl.,Serbia,SRB,1989-1993,intusd2011ppp,Yugosl.: Serbia,"transition
(1989-1991/92)",9.30228124567454,8.449693832655143,-0.8525874130193962,7881211,NA,2,1993,10963,3,2.5,3.5,1,-0.85,SRB: -0.85,decrease
Yugosl.,Serbia,SRB,1993-2022,intusd2011ppp,Yugosl.: Serbia,"capitalism
(1992-2022)",8.449693832655143,9.746698411696526,1.297004579041383,7849677,NA,2,1993,4674,4,3.5,4.5,1,1.3,SRB: +1.3,increase
CEE,Slovakia,SVK,1950-1975,intusd2011ppp,CEE: Slovakia,"early socialism
(1950-1973/75)",8.505951033787047,9.254173989559064,0.7482229557720164,3465707,TRUE,6,1992,4944,1,0.5,1.5,1,0.75,SVK: +0.75,increase
CEE,Slovakia,SVK,1975-1989,intusd2011ppp,CEE: Slovakia,"late socialism
(1973/75-1989)",9.254173989559064,9.45203086057697,0.1978568710179065,4739131,TRUE,6,1992,10448,2,1.5,2.5,1,0.2,SVK: +0.2,increase
CEE,Slovakia,SVK,1989-1992,intusd2011ppp,CEE: Slovakia,"transition
(1989-1991/92)",9.45203086057697,9.194070228107282,-0.2579606324696879,5249882,NA,6,1992,12734,3,2.5,3.5,1,-0.26,SVK: -0.26,decrease
CEE,Slovakia,SVK,1992-2022,intusd2011ppp,CEE: Slovakia,"capitalism
(1992-2022)",9.194070228107282,10.222642383281418,1.0285721551741354,5306409,NA,6,1992,9839,4,3.5,4.5,1,1.03,SVK: +1.03,increase
Yugosl.,Slovenia,SVN,1952-1979,intusd2011ppp,Yugosl.: Slovenia,"early socialism
(1950-1973/75)",8.277411998949004,9.969602954742989,1.6921909557939845,1479622,NA,3,1992,3934,1,0.5,1.5,1,1.69,SVN: +1.69,increase
Yugosl.,Slovenia,SVN,1979-1989,intusd2011ppp,Yugosl.: Slovenia,"late socialism
(1973/75-1989)",9.969602954742989,9.89530415972811,-0.07429879501487946,1885870,NA,3,1992,21367,2,1.5,2.5,1,-0.07,SVN: -0.07,decrease
Yugosl.,Slovenia,SVN,1989-1992,intusd2011ppp,Yugosl.: Slovenia,"transition
(1989-1991/92)",9.89530415972811,9.646186597853466,-0.24911756187464285,1995417,NA,3,1992,19837,3,2.5,3.5,1,-0.25,SVN: -0.25,decrease
Yugosl.,Slovenia,SVN,1992-2022,intusd2011ppp,Yugosl.: Slovenia,"capitalism
(1992-2022)",9.646186597853466,10.394327649480841,0.7481410516273748,1995805,NA,3,1992,15463,4,3.5,4.5,1,0.75,SVN: +0.75,increase
USSR,Ukraine,UKR,1973-1989,intusd2011ppp,USSR: Ukraine,"late socialism
(1973/75-1989)",8.968141414126814,9.218506934642576,0.25036552051576244,48277070,NA,3,1998,7849,2,1.5,2.5,1,0.25,UKR: +0.25,increase
USSR,Ukraine,UKR,1989-1998,intusd2011ppp,USSR: Ukraine,"transition
(1989-1991/92)",9.218506934642576,8.442512532231675,-0.7759944024109018,51917779,NA,3,1998,10082,3,2.5,3.5,1,-0.78,UKR: -0.78,decrease
USSR,Ukraine,UKR,1998-2022,intusd2011ppp,USSR: Ukraine,"capitalism
(1992-2022)",8.442512532231675,8.955331934952737,0.5128194027210622,50379676,NA,3,1998,4640,4,3.5,4.5,1,0.51,UKR: +0.51,increase
USSR,Belarus,BLR,1973-1989,% of DE,USSR: Belarus,"late socialism
(1973/75-1989)",-0.8271430378972459,-0.7971488317331326,0.029994206164113302,9205662,NA,1,1995,44,2,1.5,2.5,0.01,0.03,BLR: +0.03,convergence
USSR,Belarus,BLR,1989-1995,% of DE,USSR: Belarus,"transition
(1989-1991/92)",-0.7971488317331326,-1.41776785902757,-0.6206190272944374,10158729,NA,1,1995,45,3,2.5,3.5,0.01,-0.62,BLR: -0.62,divergence
USSR,Belarus,BLR,1995-2022,% of DE,USSR: Belarus,"capitalism
(1992-2022)",-1.41776785902757,-0.9141128412810556,0.5036550177465143,10197421,NA,1,1995,24,4,3.5,4.5,0.01,0.5,BLR: +0.5,convergence
CEE,Bulgaria,BGR,1950-1975,% of DE,CEE: Bulgaria,"early socialism
(1950-1973/75)",-0.8545446607998071,-0.7250690080503338,0.12947565274947326,7248464,NA,1,1999,43,1,0.5,1.5,0.01,0.13,BGR: +0.13,convergence
CEE,Bulgaria,BGR,1975-1989,% of DE,CEE: Bulgaria,"late socialism
(1973/75-1989)",-0.7250690080503338,-0.9797563118511278,-0.25468730380079396,8723102,NA,1,1999,48,2,1.5,2.5,0.01,-0.25,BGR: -0.25,divergence
CEE,Bulgaria,BGR,1989-1999,% of DE,CEE: Bulgaria,"transition
(1989-1991/92)",-0.9797563118511278,-1.3988557527959935,-0.41909944094486573,8936335,NA,1,1999,38,3,2.5,3.5,0.01,-0.42,BGR: -0.42,divergence
CEE,Bulgaria,BGR,1999-2022,% of DE,CEE: Bulgaria,"capitalism
(1992-2022)",-1.3988557527959935,-0.81770086985147294,0.5811548829445206,8067415,NA,1,1999,25,4,3.5,4.5,0.01,0.58,BGR: +0.58,convergence
Yugosl.,Croatia,HRV,1952-1979,% of DE,Yugosl.: Croatia,"early socialism
(1950-1973/75)",-0.9747387934297427,-0.46618220225652307,0.5085565911732196,3957359,NA,1,1993,38,1,0.5,1.5,0.01,0.51,HRV: +0.51,convergence
Yugosl.,Croatia,HRV,1979-1989,% of DE,Yugosl.: Croatia,"late socialism
(1973/75-1989)",-0.46618220225652307,-0.6369743619476196,-0.1707921596910965,4626900,NA,1,1993,63,2,1.5,2.5,0.01,-0.17,HRV: -0.17,divergence
Yugosl.,Croatia,HRV,1989-1993,% of DE,Yugosl.: Croatia,"transition
(1989-1991/92)",-0.6369743619476196,-1.1372216888456124,-0.5002473268979928,4820680,NA,1,1993,53,3,2.5,3.5,0.01,-0.5,HRV: -0.5,divergence
Yugosl.,Croatia,HRV,1993-2022,% of DE,Yugosl.: Croatia,"capitalism
(1992-2022)",-1.1372216888456124,-0.5472795374993453,0.589942151346267,4729691,NA,1,1993,32,4,3.5,4.5,0.01,0.59,HRV: +0.59,convergence
CEE,Czechia,CZE,1950-1975,% of DE,CEE: Czechia,"early socialism
(1950-1973/75)",-0.2669188756967155,-0.5608409428622114,-0.2939220671654959,8916664,TRUE,2,1992,77,1,0.5,1.5,0.01,-0.29,CZE: -0.29,divergence
CEE,Czechia,CZE,1975-1989,% of DE,CEE: Czechia,"late socialism
(1973/75-1989)",-0.5608409428622114,-0.6321147797407064,-0.07127383687849498,10030738,NA,2,1992,57,2,1.5,2.5,0.01,-0.07,CZE: -0.07,divergence
CEE,Czechia,CZE,1989-1992,% of DE,CEE: Czechia,"transition
(1989-1991/92)",-0.6321147797407064,-0.759737587639017,-0.1276228078983106,10305562,NA,2,1992,53,3,2.5,3.5,0.01,-0.13,CZE: -0.13,divergence
CEE,Czechia,CZE,1992-2022,% of DE,CEE: Czechia,"capitalism
(1992-2022)",-0.759737587639017,-0.36918835163523644,0.39054923600378055,10312408,NA,2,1992,47,4,3.5,4.5,0.01,0.39,CZE: +0.39,convergence
Baltics,Estonia,EST,1973-1989,% of DE,Baltics: Estonia,"late socialism
(1973/75-1989)",-0.32373002538730333,-0.3403595992521717,-0.016629573864868352,1399299,NA,1,1994,72,2,1.5,2.5,0.01,-0.02,EST: -0.02,divergence
Baltics,Estonia,EST,1989-1994,% of DE,Baltics: Estonia,"transition
(1989-1991/92)",-0.3403595992521717,-0.8464659883213491,-0.5061063890691775,1567538,NA,1,1994,71,3,2.5,3.5,0.01,-0.51,EST: -0.51,divergence
Baltics,Estonia,EST,1994-2022,% of DE,Baltics: Estonia,"capitalism
(1992-2022)",-0.8464659883213491,-0.4391842543668697,0.4072817339544794,1475669,NA,1,1994,43,4,3.5,4.5,0.01,0.41,EST: +0.41,convergence
CEE,Hungary,HUN,1950-1975,% of DE,CEE: Hungary,"early socialism
(1950-1973/75)",-0.44781388994832927,-0.7295978059568479,-0.2817839160085186,9337826,NA,3,1992,64,1,0.5,1.5,0.01,-0.28,HUN: -0.28,divergence
CEE,Hungary,HUN,1975-1989,% of DE,CEE: Hungary,"late socialism
(1973/75-1989)",-0.7295978059568479,-0.8749308605904653,-0.14533305463361745,10515605,NA,3,1992,48,2,1.5,2.5,0.01,-0.15,HUN: -0.15,divergence
CEE,Hungary,HUN,1989-1992,% of DE,CEE: Hungary,"transition
(1989-1991/92)",-0.8749308605904653,-1.0958151145452726,-0.22088425395480726,10403359,NA,3,1992,42,3,2.5,3.5,0.01,-0.22,HUN: -0.22,divergence
CEE,Hungary,HUN,1992-2022,% of DE,CEE: Hungary,"capitalism
(1992-2022)",-1.0958151145452726,-0.45986872019135006,0.6359463943539225,10371431,NA,3,1992,33,4,3.5,4.5,0.01,0.64,HUN: +0.64,convergence
Baltics,Latvia,LVA,1973-1989,% of DE,Baltics: Latvia,"late socialism
(1973/75-1989)",-0.4221176220116144,-0.5219252779939442,-0.09980765598232977,2415721,NA,2,1994,66,2,1.5,2.5,0.01,-0.1,LVA: -0.1,divergence
Baltics,Latvia,LVA,1989-1994,% of DE,Baltics: Latvia,"transition
(1989-1991/92)",-0.5219252779939442,-1.1733807120759732,-0.651455434082029,2664789,NA,2,1994,59,3,2.5,3.5,0.01,-0.65,LVA: -0.65,divergence
Baltics,Latvia,LVA,1994-2022,% of DE,Baltics: Latvia,"capitalism
(1992-2022)",-1.1733807120759732,-0.5386624877384222,0.634718224337551,2521185,NA,2,1994,31,4,3.5,4.5,0.01,0.63,LVA: +0.63,convergence
Baltics,Lithuania,LTU,1973-1989,% of DE,Baltics: Lithuania,"late socialism
(1973/75-1989)",-0.4548727954002538,-0.5857276335844317,-0.13085483818417787,3236175,NA,3,1994,63,2,1.5,2.5,0.01,-0.13,LTU: -0.13,divergence
Baltics,Lithuania,LTU,1989-1994,% of DE,Baltics: Lithuania,"transition
(1989-1991/92)",-0.5857276335844317,-1.279230877612899,-0.6935032440284674,3696048,NA,3,1994,56,3,2.5,3.5,0.01,-0.69,LTU: -0.69,divergence
Baltics,Lithuania,LTU,1994-2022,% of DE,Baltics: Lithuania,"capitalism
(1992-2022)",-1.279230877612899,-0.4130571926410714,0.8661736849718278,3654839,NA,3,1994,28,4,3.5,4.5,0.01,0.87,LTU: +0.87,convergence
CEE,Poland,POL,1950-1975,% of DE,CEE: Poland,"early socialism
(1950-1973/75)",-0.4613121211272772,-0.7290575866146621,-0.2677454654873849,24780120,NA,4,1991,63,1,0.5,1.5,0.01,-0.27,POL: -0.27,divergence
CEE,Poland,POL,1975-1989,% of DE,CEE: Poland,"late socialism
(1973/75-1989)",-0.7290575866146621,-1.0692297034233529,-0.34017211680869075,33964338,NA,4,1991,48,2,1.5,2.5,0.01,-0.34,POL: -0.34,divergence
CEE,Poland,POL,1989-1991,% of DE,CEE: Poland,"transition
(1989-1991/92)",-1.0692297034233529,-1.2557374895617002,-0.1865077861383473,37938044,NA,4,1991,34,3,2.5,3.5,0.01,-0.19,POL: -0.19,divergence
CEE,Poland,POL,1991-2022,% of DE,CEE: Poland,"capitalism
(1992-2022)",-1.2557374895617002,-0.3623582461767403,0.8933792433849599,38152898,NA,4,1991,28,4,3.5,4.5,0.01,0.89,POL: +0.89,convergence
CEE,Romania,ROU,1950-1975,% of DE,CEE: Romania,"early socialism
(1950-1973/75)",-1.1889038124095803,-1.1635446642539897,0.025359148155590594,16397220,NA,5,1992,30,1,0.5,1.5,0.01,0.03,ROU: +0.03,convergence
CEE,Romania,ROU,1975-1989,% of DE,CEE: Romania,"late socialism
(1973/75-1989)",-1.1635446642539897,-1.4355450541558534,-0.2720003899018637,21268014,NA,5,1992,31,2,1.5,2.5,0.01,-0.27,ROU: -0.27,divergence
CEE,Romania,ROU,1989-1992,% of DE,CEE: Romania,"transition
(1989-1991/92)",-1.4355450541558534,-1.73757542770963,-0.3020303735537766,22887592,NA,5,1992,24,3,2.5,3.5,0.01,-0.3,ROU: -0.3,divergence
CEE,Romania,ROU,1992-2022,% of DE,CEE: Romania,"capitalism
(1992-2022)",-1.73757542770963,-0.5769462088538473,1.1606292188557827,22912341,NA,5,1992,18,4,3.5,4.5,0.01,1.16,ROU: +1.16,convergence
USSR,Russia,RUS,1950-1975,% of DE,USSR: Russia,"early socialism
(1950-1973/75)",-0.6250883414381483,-0.5418513135496653,0.08323702788848297,103392314,NA,2,1998,54,1,0.5,1.5,0.01,0.08,RUS: +0.08,convergence
USSR,Russia,RUS,1975-1989,% of DE,USSR: Russia,"late socialism
(1973/75-1989)",-0.5418513135496653,-0.7263134366443752,-0.18446212309470988,134136049,NA,2,1998,58,2,1.5,2.5,0.01,-0.18,RUS: -0.18,divergence
USSR,Russia,RUS,1989-1998,% of DE,USSR: Russia,"transition
(1989-1991/92)",-0.7263134366443752,-1.2913511139098568,-0.5650376772654816,148281823,NA,2,1998,48,3,2.5,3.5,0.01,-0.57,RUS: -0.57,divergence
USSR,Russia,RUS,1998-2022,% of DE,USSR: Russia,"capitalism
(1992-2022)",-1.2913511139098568,-0.6064166029687104,0.6849345109411464,147635488,NA,2,1998,27,4,3.5,4.5,0.01,0.68,RUS: +0.68,convergence
Yugosl.,Serbia,SRB,1952-1979,% of DE,Yugosl.: Serbia,"early socialism
(1950-1973/75)",-1.2729459905797647,-0.7278606936308756,0.5450852969488891,6127217,NA,2,1993,28,1,0.5,1.5,0.01,0.55,SRB: +0.55,convergence
Yugosl.,Serbia,SRB,1979-1989,% of DE,Yugosl.: Serbia,"late socialism
(1973/75-1989)",-0.7278606936308756,-0.878572856785838,-0.1507121631549624,7758172,NA,2,1993,48,2,1.5,2.5,0.01,-0.15,SRB: -0.15,divergence
Yugosl.,Serbia,SRB,1989-1993,% of DE,Yugosl.: Serbia,"transition
(1989-1991/92)",-0.878572856785838,-1.7631406918760135,-0.8845678350901756,7881211,NA,2,1993,42,3,2.5,3.5,0.01,-0.88,SRB: -0.88,divergence
Yugosl.,Serbia,SRB,1993-2022,% of DE,Yugosl.: Serbia,"capitalism
(1992-2022)",-1.7631406918760135,-1.0036824837063394,0.7594582081696741,7849677,NA,2,1993,17,4,3.5,4.5,0.01,0.76,SRB: +0.76,convergence
CEE,Slovakia,SVK,1950-1975,% of DE,CEE: Slovakia,"early socialism
(1950-1973/75)",-0.2240929194579677,-0.6081269186468149,-0.3840339991888472,3465707,TRUE,6,1992,80,1,0.5,1.5,0.01,-0.38,SVK: -0.38,divergence
CEE,Slovakia,SVK,1975-1989,% of DE,CEE: Slovakia,"late socialism
(1973/75-1989)",-0.6081269186468149,-0.7288232418834073,-0.1206963232365924,4739131,TRUE,6,1992,54,2,1.5,2.5,0.01,-0.12,SVK: -0.12,divergence
CEE,Slovakia,SVK,1989-1992,% of DE,CEE: Slovakia,"transition
(1989-1991/92)",-0.7288232418834073,-1.0236824775072813,-0.29485923562387395,5249882,NA,6,1992,48,3,2.5,3.5,0.01,-0.29,SVK: -0.29,divergence
CEE,Slovakia,SVK,1992-2022,% of DE,CEE: Slovakia,"capitalism
(1992-2022)",-1.0236824775072813,-0.5277385121214464,0.49594396538583485,5306409,NA,6,1992,36,4,3.5,4.5,0.01,0.5,SVK: +0.5,convergence
Yugosl.,Slovenia,SVN,1952-1979,% of DE,Yugosl.: Slovenia,"early socialism
(1950-1973/75)",-0.6123098003291326,-0.04296319281937685,0.5693466075097557,1479622,NA,3,1992,54,1,0.5,1.5,0.01,0.57,SVN: +0.57,convergence
Yugosl.,Slovenia,SVN,1979-1989,% of DE,Yugosl.: Slovenia,"late socialism
(1973/75-1989)",-0.04296319281937685,-0.2855499427322694,-0.24258674991289256,1885870,NA,3,1992,96,2,1.5,2.5,0.01,-0.24,SVN: -0.24,divergence
Yugosl.,Slovenia,SVN,1989-1992,% of DE,Yugosl.: Slovenia,"transition
(1989-1991/92)",-0.2855499427322694,-0.5715661077610968,-0.28601616502882743,1995417,NA,3,1992,75,3,2.5,3.5,0.01,-0.29,SVN: -0.29,divergence
Yugosl.,Slovenia,SVN,1992-2022,% of DE,Yugosl.: Slovenia,"capitalism
(1992-2022)",-0.5715661077610968,-0.35605324592202436,0.21551286183907248,1995805,NA,3,1992,56,4,3.5,4.5,0.01,0.22,SVN: +0.22,convergence
USSR,Ukraine,UKR,1973-1989,% of DE,USSR: Ukraine,"late socialism
(1973/75-1989)",-0.887940016012044,-0.9623471678178017,-0.07440715180575774,48277070,NA,3,1998,41,2,1.5,2.5,0.01,-0.07,UKR: -0.07,divergence
USSR,Ukraine,UKR,1989-1998,% of DE,USSR: Ukraine,"transition
(1989-1991/92)",-0.9623471678178017,-1.9034013677995594,-0.9410541999817577,51917779,NA,3,1998,38,3,2.5,3.5,0.01,-0.94,UKR: -0.94,divergence
USSR,Ukraine,UKR,1998-2022,% of DE,USSR: Ukraine,"capitalism
(1992-2022)",-1.9034013677995594,-1.7950489604501274,0.10835240734943197,50379676,NA,3,1998,15,4,3.5,4.5,0.01,0.11,UKR: +0.11,convergence
USSR,Belarus,BLR,1973-1989,% of W_EUR3,USSR: Belarus,"late socialism
(1973/75-1989)",-0.8145355299885956,-0.7998113587469926,0.014724171241602968,9205662,NA,1,1995,44,2,1.5,2.5,0.01,0.01,BLR: +0.01,convergence
USSR,Belarus,BLR,1989-1995,% of W_EUR3,USSR: Belarus,"transition
(1989-1991/92)",-0.7998113587469926,-1.4213323316598847,-0.6215209729128921,10158729,NA,1,1995,45,3,2.5,3.5,0.01,-0.62,BLR: -0.62,divergence
USSR,Belarus,BLR,1995-2022,% of W_EUR3,USSR: Belarus,"capitalism
(1992-2022)",-1.4213323316598847,-0.7922325330561492,0.6290997986037355,10197421,NA,1,1995,24,4,3.5,4.5,0.01,0.63,BLR: +0.63,convergence
CEE,Bulgaria,BGR,1950-1975,% of W_EUR3,CEE: Bulgaria,"early socialism
(1950-1973/75)",-0.9132065421216147,-0.7146330191909661,0.19857352293064856,7248464,NA,1,1999,40,1,0.5,1.5,0.01,0.2,BGR: +0.2,convergence
CEE,Bulgaria,BGR,1975-1989,% of W_EUR3,CEE: Bulgaria,"late socialism
(1973/75-1989)",-0.7146330191909661,-0.9824188388649878,-0.2677858196740217,8723102,NA,1,1999,49,2,1.5,2.5,0.01,-0.27,BGR: -0.27,divergence
CEE,Bulgaria,BGR,1989-1999,% of W_EUR3,CEE: Bulgaria,"transition
(1989-1991/92)",-0.9824188388649878,-1.3939446485896312,-0.41152580972464337,8936335,NA,1,1999,37,3,2.5,3.5,0.01,-0.41,BGR: -0.41,divergence
CEE,Bulgaria,BGR,1999-2022,% of W_EUR3,CEE: Bulgaria,"capitalism
(1992-2022)",-1.3939446485896312,-0.6958205616265662,0.6981240869630649,8067415,NA,1,1999,25,4,3.5,4.5,0.01,0.7,BGR: +0.7,convergence
Yugosl.,Croatia,HRV,1952-1979,% of W_EUR3,Yugosl.: Croatia,"early socialism
(1950-1973/75)",-0.9980354522348414,-0.45196894516540403,0.5460665070694373,3957359,NA,1,1993,37,1,0.5,1.5,0.01,0.55,HRV: +0.55,convergence
Yugosl.,Croatia,HRV,1979-1989,% of W_EUR3,Yugosl.: Croatia,"late socialism
(1973/75-1989)",-0.45196894516540403,-0.6396368889614797,-0.1876679437960757,4626900,NA,1,1993,64,2,1.5,2.5,0.01,-0.19,HRV: -0.19,divergence
Yugosl.,Croatia,HRV,1989-1993,% of W_EUR3,Yugosl.: Croatia,"transition
(1989-1991/92)",-0.6396368889614797,-1.1451896777127841,-0.5055527887513044,4820680,NA,1,1993,53,3,2.5,3.5,0.01,-0.51,HRV: -0.51,divergence
Yugosl.,Croatia,HRV,1993-2022,% of W_EUR3,Yugosl.: Croatia,"capitalism
(1992-2022)",-1.1451896777127841,-0.4253992292744387,0.7197904484383455,4729691,NA,1,1993,32,4,3.5,4.5,0.01,0.72,HRV: +0.72,convergence
CEE,Czechia,CZE,1950-1975,% of W_EUR3,CEE: Czechia,"early socialism
(1950-1973/75)",-0.325580757018523,-0.5504049540028438,-0.22482419698432082,8916664,TRUE,2,1992,72,1,0.5,1.5,0.01,-0.22,CZE: -0.22,divergence
CEE,Czechia,CZE,1975-1989,% of W_EUR3,CEE: Czechia,"late socialism
(1973/75-1989)",-0.5504049540028438,-0.6347773067545667,-0.08437235275172283,10030738,NA,2,1992,58,2,1.5,2.5,0.01,-0.08,CZE: -0.08,divergence
CEE,Czechia,CZE,1989-1992,% of W_EUR3,CEE: Czechia,"transition
(1989-1991/92)",-0.6347773067545667,-0.7684396159029282,-0.13366230914836152,10305562,NA,2,1992,53,3,2.5,3.5,0.01,-0.13,CZE: -0.13,divergence
CEE,Czechia,CZE,1992-2022,% of W_EUR3,CEE: Czechia,"capitalism
(1992-2022)",-0.7684396159029282,-0.24730804341032966,0.5211315724925986,10312408,NA,2,1992,46,4,3.5,4.5,0.01,0.52,CZE: +0.52,convergence
Baltics,Estonia,EST,1973-1989,% of W_EUR3,Baltics: Estonia,"late socialism
(1973/75-1989)",-0.31112251747865294,-0.3430221262660317,-0.03189960878737874,1399299,NA,1,1994,73,2,1.5,2.5,0.01,-0.03,EST: -0.03,divergence
Baltics,Estonia,EST,1989-1994,% of W_EUR3,Baltics: Estonia,"transition
(1989-1991/92)",-0.3430221262660317,-0.8496054708591992,-0.5065833445931676,1567538,NA,1,1994,71,3,2.5,3.5,0.01,-0.51,EST: -0.51,divergence
Baltics,Estonia,EST,1994-2022,% of W_EUR3,Baltics: Estonia,"capitalism
(1992-2022)",-0.8496054708591992,-0.3173039461419629,0.5323015247172364,1475669,NA,1,1994,43,4,3.5,4.5,0.01,0.53,EST: +0.53,convergence
CEE,Hungary,HUN,1950-1975,% of W_EUR3,CEE: Hungary,"early socialism
(1950-1973/75)",-0.5064757712701371,-0.7191618170974802,-0.21268604582734307,9337826,NA,3,1992,60,1,0.5,1.5,0.01,-0.21,HUN: -0.21,divergence
CEE,Hungary,HUN,1975-1989,% of W_EUR3,CEE: Hungary,"late socialism
(1973/75-1989)",-0.7191618170974802,-0.8775933876043254,-0.1584315705068452,10515605,NA,3,1992,49,2,1.5,2.5,0.01,-0.16,HUN: -0.16,divergence
CEE,Hungary,HUN,1989-1992,% of W_EUR3,CEE: Hungary,"transition
(1989-1991/92)",-0.8775933876043254,-1.1045171428091838,-0.2269237552048584,10403359,NA,3,1992,42,3,2.5,3.5,0.01,-0.23,HUN: -0.23,divergence
CEE,Hungary,HUN,1992-2022,% of W_EUR3,CEE: Hungary,"capitalism
(1992-2022)",-1.1045171428091838,-0.33798841196644336,0.7665287308427404,10371431,NA,3,1992,33,4,3.5,4.5,0.01,0.77,HUN: +0.77,convergence
Baltics,Latvia,LVA,1973-1989,% of W_EUR3,Baltics: Latvia,"late socialism
(1973/75-1989)",-0.40951011410296423,-0.524587805007804,-0.11507769090483977,2415721,NA,2,1994,66,2,1.5,2.5,0.01,-0.12,LVA: -0.12,divergence
Baltics,Latvia,LVA,1989-1994,% of W_EUR3,Baltics: Latvia,"transition
(1989-1991/92)",-0.524587805007804,-1.1765201946138233,-0.6519323896060193,2664789,NA,2,1994,59,3,2.5,3.5,0.01,-0.65,LVA: -0.65,divergence
Baltics,Latvia,LVA,1994-2022,% of W_EUR3,Baltics: Latvia,"capitalism
(1992-2022)",-1.1765201946138233,-0.41678217951351554,0.7597380151003077,2521185,NA,2,1994,31,4,3.5,4.5,0.01,0.76,LVA: +0.76,convergence
Baltics,Lithuania,LTU,1973-1989,% of W_EUR3,Baltics: Lithuania,"late socialism
(1973/75-1989)",-0.44226528749160354,-0.5883901605982915,-0.14612487310668798,3236175,NA,3,1994,64,2,1.5,2.5,0.01,-0.15,LTU: -0.15,divergence
Baltics,Lithuania,LTU,1989-1994,% of W_EUR3,Baltics: Lithuania,"transition
(1989-1991/92)",-0.5883901605982915,-1.282370360150749,-0.6939801995524575,3696048,NA,3,1994,56,3,2.5,3.5,0.01,-0.69,LTU: -0.69,divergence
Baltics,Lithuania,LTU,1994-2022,% of W_EUR3,Baltics: Lithuania,"capitalism
(1992-2022)",-1.282370360150749,-0.2911768844161645,0.9911934757345845,3654839,NA,3,1994,28,4,3.5,4.5,0.01,0.99,LTU: +0.99,convergence
CEE,Poland,POL,1950-1975,% of W_EUR3,CEE: Poland,"early socialism
(1950-1973/75)",-0.5199740024490845,-0.7186215977552947,-0.19864759530621012,24780120,NA,4,1991,59,1,0.5,1.5,0.01,-0.2,POL: -0.2,divergence
CEE,Poland,POL,1975-1989,% of W_EUR3,CEE: Poland,"late socialism
(1973/75-1989)",-0.7186215977552947,-1.071892230437213,-0.3532706326819183,33964338,NA,4,1991,49,2,1.5,2.5,0.01,-0.35,POL: -0.35,divergence
CEE,Poland,POL,1989-1991,% of W_EUR3,CEE: Poland,"transition
(1989-1991/92)",-1.071892230437213,-1.27019975104409,-0.19830752060687717,37938044,NA,4,1991,34,3,2.5,3.5,0.01,-0.2,POL: -0.2,divergence
CEE,Poland,POL,1991-2022,% of W_EUR3,CEE: Poland,"capitalism
(1992-2022)",-1.27019975104409,-0.24047793795183353,1.0297218130922565,38152898,NA,4,1991,28,4,3.5,4.5,0.01,1.03,POL: +1.03,convergence
CEE,Romania,ROU,1950-1975,% of W_EUR3,CEE: Romania,"early socialism
(1950-1973/75)",-1.247565693731388,-1.1531086753946223,0.09445701833676567,16397220,NA,5,1992,29,1,0.5,1.5,0.01,0.09,ROU: +0.09,convergence
CEE,Romania,ROU,1975-1989,% of W_EUR3,CEE: Romania,"late socialism
(1973/75-1989)",-1.1531086753946223,-1.4382075811697135,-0.2850989057750912,21268014,NA,5,1992,32,2,1.5,2.5,0.01,-0.29,ROU: -0.29,divergence
CEE,Romania,ROU,1989-1992,% of W_EUR3,CEE: Romania,"transition
(1989-1991/92)",-1.4382075811697135,-1.746277455973541,-0.3080698748038275,22887592,NA,5,1992,24,3,2.5,3.5,0.01,-0.31,ROU: -0.31,divergence
CEE,Romania,ROU,1992-2022,% of W_EUR3,CEE: Romania,"capitalism
(1992-2022)",-1.746277455973541,-0.45506590062894064,1.2912115553446004,22912341,NA,5,1992,17,4,3.5,4.5,0.01,1.29,ROU: +1.29,convergence
USSR,Russia,RUS,1950-1975,% of W_EUR3,USSR: Russia,"early socialism
(1950-1973/75)",-0.683750222759956,-0.5314153246902977,0.15233489806965828,103392314,NA,2,1998,50,1,0.5,1.5,0.01,0.15,RUS: +0.15,convergence
USSR,Russia,RUS,1975-1989,% of W_EUR3,USSR: Russia,"late socialism
(1973/75-1989)",-0.5314153246902977,-0.7289759636582354,-0.19756063896793763,134136049,NA,2,1998,59,2,1.5,2.5,0.01,-0.2,RUS: -0.2,divergence
USSR,Russia,RUS,1989-1998,% of W_EUR3,USSR: Russia,"transition
(1989-1991/92)",-0.7289759636582354,-1.2887377444649737,-0.5597617808067383,148281823,NA,2,1998,48,3,2.5,3.5,0.01,-0.56,RUS: -0.56,divergence
USSR,Russia,RUS,1998-2022,% of W_EUR3,USSR: Russia,"capitalism
(1992-2022)",-1.2887377444649737,-0.4845362947438035,0.8042014497211702,147635488,NA,2,1998,28,4,3.5,4.5,0.01,0.8,RUS: +0.8,convergence
Yugosl.,Serbia,SRB,1952-1979,% of W_EUR3,Yugosl.: Serbia,"early socialism
(1950-1973/75)",-1.2962426493848629,-0.7136474365397564,0.5825952128451065,6127217,NA,2,1993,27,1,0.5,1.5,0.01,0.58,SRB: +0.58,convergence
Yugosl.,Serbia,SRB,1979-1989,% of W_EUR3,Yugosl.: Serbia,"late socialism
(1973/75-1989)",-0.7136474365397564,-0.8812353837996979,-0.16758794725994153,7758172,NA,2,1993,49,2,1.5,2.5,0.01,-0.17,SRB: -0.17,divergence
Yugosl.,Serbia,SRB,1989-1993,% of W_EUR3,Yugosl.: Serbia,"transition
(1989-1991/92)",-0.8812353837996979,-1.7711086807431853,-0.8898732969434874,7881211,NA,2,1993,41,3,2.5,3.5,0.01,-0.89,SRB: -0.89,divergence
Yugosl.,Serbia,SRB,1993-2022,% of W_EUR3,Yugosl.: Serbia,"capitalism
(1992-2022)",-1.7711086807431853,-0.8818021754814326,0.8893065052617527,7849677,NA,2,1993,17,4,3.5,4.5,0.01,0.89,SRB: +0.89,convergence
CEE,Slovakia,SVK,1950-1975,% of W_EUR3,CEE: Slovakia,"early socialism
(1950-1973/75)",-0.28275480077977516,-0.5976909297874473,-0.31493612900767215,3465707,TRUE,6,1992,75,1,0.5,1.5,0.01,-0.31,SVK: -0.31,divergence
CEE,Slovakia,SVK,1975-1989,% of W_EUR3,CEE: Slovakia,"late socialism
(1973/75-1989)",-0.5976909297874473,-0.7314857688972672,-0.13379483910981993,4739131,TRUE,6,1992,55,2,1.5,2.5,0.01,-0.13,SVK: -0.13,divergence
CEE,Slovakia,SVK,1989-1992,% of W_EUR3,CEE: Slovakia,"transition
(1989-1991/92)",-0.7314857688972672,-1.0323845057711925,-0.3008987368739252,5249882,NA,6,1992,48,3,2.5,3.5,0.01,-0.3,SVK: -0.3,divergence
CEE,Slovakia,SVK,1992-2022,% of W_EUR3,CEE: Slovakia,"capitalism
(1992-2022)",-1.0323845057711925,-0.40585820389653965,0.6265263018746527,5306409,NA,6,1992,36,4,3.5,4.5,0.01,0.63,SVK: +0.63,convergence
Yugosl.,Slovenia,SVN,1952-1979,% of W_EUR3,Yugosl.: Slovenia,"early socialism
(1950-1973/75)",-0.6356064591342312,-0.028749935728257778,0.6068565234059734,1479622,NA,3,1992,53,1,0.5,1.5,0.01,0.61,SVN: +0.61,convergence
Yugosl.,Slovenia,SVN,1979-1989,% of W_EUR3,Yugosl.: Slovenia,"late socialism
(1973/75-1989)",-0.028749935728257778,-0.2882124697461293,-0.2594625340178715,1885870,NA,3,1992,97,2,1.5,2.5,0.01,-0.26,SVN: -0.26,divergence
Yugosl.,Slovenia,SVN,1989-1992,% of W_EUR3,Yugosl.: Slovenia,"transition
(1989-1991/92)",-0.2882124697461293,-0.5802681360250078,-0.2920556662788785,1995417,NA,3,1992,75,3,2.5,3.5,0.01,-0.29,SVN: -0.29,divergence
Yugosl.,Slovenia,SVN,1992-2022,% of W_EUR3,Yugosl.: Slovenia,"capitalism
(1992-2022)",-0.5802681360250078,-0.23417293769711758,0.34609519832789026,1995805,NA,3,1992,56,4,3.5,4.5,0.01,0.35,SVN: +0.35,convergence
USSR,Ukraine,UKR,1973-1989,% of W_EUR3,USSR: Ukraine,"late socialism
(1973/75-1989)",-0.8753325081033938,-0.9650096948316619,-0.08967718672826808,48277070,NA,3,1998,42,2,1.5,2.5,0.01,-0.09,UKR: -0.09,divergence
USSR,Ukraine,UKR,1989-1998,% of W_EUR3,USSR: Ukraine,"transition
(1989-1991/92)",-0.9650096948316619,-1.9007879983546765,-0.9357783035230146,51917779,NA,3,1998,38,3,2.5,3.5,0.01,-0.94,UKR: -0.94,divergence
USSR,Ukraine,UKR,1998-2022,% of W_EUR3,USSR: Ukraine,"capitalism
(1992-2022)",-1.9007879983546765,-1.6731686522252207,0.22761934612945578,50379676,NA,3,1998,15,4,3.5,4.5,0.01,0.23,UKR: +0.23,convergence
USSR,Belarus,BLR,1973-1989,% of LAT_AM,USSR: Belarus,"late socialism
(1973/75-1989)",0.16386937870820384,0.32767283450293083,0.163803455794727,9205662,NA,1,1995,118,2,1.5,2.5,0.01,0.16,BLR: +0.16,convergence
USSR,Belarus,BLR,1989-1995,% of LAT_AM,USSR: Belarus,"transition
(1989-1991/92)",0.32767283450293083,-0.31258344372767555,-0.6402562782306064,10158729,NA,1,1995,139,3,2.5,3.5,0.01,-0.64,BLR: -0.64,divergence
USSR,Belarus,BLR,1995-2022,% of LAT_AM,USSR: Belarus,"capitalism
(1992-2022)",-0.31258344372767555,0.18249410460428822,0.49507754833196377,10197421,NA,1,1995,73,4,3.5,4.5,0.01,0.5,BLR: +0.5,convergence
CEE,Bulgaria,BGR,1950-1975,% of LAT_AM,CEE: Bulgaria,"early socialism
(1950-1973/75)",-0.3288279200014309,0.22859410651011192,0.5574220265115428,7248464,NA,1,1999,72,1,0.5,1.5,0.01,0.56,BGR: +0.56,convergence
CEE,Bulgaria,BGR,1975-1989,% of LAT_AM,CEE: Bulgaria,"late socialism
(1973/75-1989)",0.22859410651011192,0.14506535438493573,-0.08352875212517619,8723102,NA,1,1999,126,2,1.5,2.5,0.01,-0.08,BGR: -0.08,divergence
CEE,Bulgaria,BGR,1989-1999,% of LAT_AM,CEE: Bulgaria,"transition
(1989-1991/92)",0.14506535438493573,-0.2755940044250397,-0.4206593588099754,8936335,NA,1,1999,116,3,2.5,3.5,0.01,-0.42,BGR: -0.42,divergence
CEE,Bulgaria,BGR,1999-2022,% of LAT_AM,CEE: Bulgaria,"capitalism
(1992-2022)",-0.2755940044250397,0.27890607603387113,0.5545000804589109,8067415,NA,1,1999,76,4,3.5,4.5,0.01,0.55,BGR: +0.55,convergence
Yugosl.,Croatia,HRV,1952-1979,% of LAT_AM,Yugosl.: Croatia,"early socialism
(1950-1973/75)",-0.31009854764370515,0.5074192264486633,0.8175177740923685,3957359,NA,1,1993,73,1,0.5,1.5,0.01,0.82,HRV: +0.82,convergence
Yugosl.,Croatia,HRV,1979-1989,% of LAT_AM,Yugosl.: Croatia,"late socialism
(1973/75-1989)",0.5074192264486633,0.48784730428844386,-0.019571922160219468,4626900,NA,1,1993,166,2,1.5,2.5,0.01,-0.02,HRV: -0.02,divergence
Yugosl.,Croatia,HRV,1989-1993,% of LAT_AM,Yugosl.: Croatia,"transition
(1989-1991/92)",0.48784730428844386,-0.048685539712376345,-0.5365328440008202,4820680,NA,1,1993,163,3,2.5,3.5,0.01,-0.54,HRV: -0.54,divergence
Yugosl.,Croatia,HRV,1993-2022,% of LAT_AM,Yugosl.: Croatia,"capitalism
(1992-2022)",-0.048685539712376345,0.5493274083859987,0.598012948098375,4729691,NA,1,1993,95,4,3.5,4.5,0.01,0.6,HRV: +0.6,convergence
CEE,Czechia,CZE,1950-1975,% of LAT_AM,CEE: Czechia,"early socialism
(1950-1973/75)",0.2587978651016607,0.392822171698234,0.13402430659657333,8916664,TRUE,2,1992,130,1,0.5,1.5,0.01,0.13,CZE: +0.13,convergence
CEE,Czechia,CZE,1975-1989,% of LAT_AM,CEE: Czechia,"late socialism
(1973/75-1989)",0.392822171698234,0.4927068864953571,0.09988471479712308,10030738,NA,2,1992,148,2,1.5,2.5,0.01,0.1,CZE: +0.1,convergence
CEE,Czechia,CZE,1989-1992,% of LAT_AM,CEE: Czechia,"transition
(1989-1991/92)",0.4927068864953571,0.3672158672657388,-0.1254910192296183,10305562,NA,2,1992,164,3,2.5,3.5,0.01,-0.13,CZE: -0.13,divergence
CEE,Czechia,CZE,1992-2022,% of LAT_AM,CEE: Czechia,"capitalism
(1992-2022)",0.3672158672657388,0.7274185942501078,0.360202726984369,10312408,NA,2,1992,144,4,3.5,4.5,0.01,0.36,CZE: +0.36,convergence
Baltics,Estonia,EST,1973-1989,% of LAT_AM,Baltics: Estonia,"late socialism
(1973/75-1989)",0.6672823912181466,0.784462066983892,0.1171796757657454,1399299,NA,1,1994,195,2,1.5,2.5,0.01,0.12,EST: +0.12,convergence
Baltics,Estonia,EST,1989-1994,% of LAT_AM,Baltics: Estonia,"transition
(1989-1991/92)",0.784462066983892,0.23157798563324133,-0.5528840813506506,1567538,NA,1,1994,219,3,2.5,3.5,0.01,-0.55,EST: -0.55,divergence
Baltics,Estonia,EST,1994-2022,% of LAT_AM,Baltics: Estonia,"capitalism
(1992-2022)",0.23157798563324133,0.6574226915184744,0.4258447058852331,1475669,NA,1,1994,126,4,3.5,4.5,0.01,0.43,EST: +0.43,convergence
CEE,Hungary,HUN,1950-1975,% of LAT_AM,CEE: Hungary,"early socialism
(1950-1973/75)",0.07790285085004697,0.22406530860359772,0.14616245775355075,9337826,NA,3,1992,108,1,0.5,1.5,0.01,0.15,HUN: +0.15,convergence
CEE,Hungary,HUN,1975-1989,% of LAT_AM,CEE: Hungary,"late socialism
(1973/75-1989)",0.22406530860359772,0.24989080564559837,0.025825497042000656,10515605,NA,3,1992,125,2,1.5,2.5,0.01,0.03,HUN: +0.03,convergence
CEE,Hungary,HUN,1989-1992,% of LAT_AM,CEE: Hungary,"transition
(1989-1991/92)",0.24989080564559837,0.031138340359483294,-0.21875246528611508,10403359,NA,3,1992,128,3,2.5,3.5,0.01,-0.22,HUN: -0.22,divergence
CEE,Hungary,HUN,1992-2022,% of LAT_AM,CEE: Hungary,"capitalism
(1992-2022)",0.031138340359483294,0.6367382256939939,0.6055998853345106,10371431,NA,3,1992,103,4,3.5,4.5,0.01,0.61,HUN: +0.61,convergence
Baltics,Latvia,LVA,1973-1989,% of LAT_AM,Baltics: Latvia,"late socialism
(1973/75-1989)",0.5688947945938352,0.6028963882421196,0.03400159364828437,2415721,NA,2,1994,177,2,1.5,2.5,0.01,0.03,LVA: +0.03,convergence
Baltics,Latvia,LVA,1989-1994,% of LAT_AM,Baltics: Latvia,"transition
(1989-1991/92)",0.6028963882421196,-0.09533673812138269,-0.6982331263635022,2664789,NA,2,1994,183,3,2.5,3.5,0.01,-0.7,LVA: -0.7,divergence
Baltics,Latvia,LVA,1994-2022,% of LAT_AM,Baltics: Latvia,"capitalism
(1992-2022)",-0.09533673812138269,0.5579444581469218,0.6532811962683045,2521185,NA,2,1994,91,4,3.5,4.5,0.01,0.65,LVA: +0.65,convergence
Baltics,Lithuania,LTU,1973-1989,% of LAT_AM,Baltics: Lithuania,"late socialism
(1973/75-1989)",0.5361396212051959,0.5390940326516319,0.002954411446436045,3236175,NA,3,1994,171,2,1.5,2.5,0.01,0,LTU: +0,no change
Baltics,Lithuania,LTU,1989-1994,% of LAT_AM,Baltics: Lithuania,"transition
(1989-1991/92)",0.5390940326516319,-0.20118690365830852,-0.7402809363099404,3696048,NA,3,1994,171,3,2.5,3.5,0.01,-0.74,LTU: -0.74,divergence
Baltics,Lithuania,LTU,1994-2022,% of LAT_AM,Baltics: Lithuania,"capitalism
(1992-2022)",-0.20118690365830852,0.6835497532442727,0.8847366569025812,3654839,NA,3,1994,82,4,3.5,4.5,0.01,0.88,LTU: +0.88,convergence
CEE,Poland,POL,1950-1975,% of LAT_AM,CEE: Poland,"early socialism
(1950-1973/75)",0.06440461967109919,0.22460552794578337,0.1602009082746842,24780120,NA,4,1991,107,1,0.5,1.5,0.01,0.16,POL: +0.16,convergence
CEE,Poland,POL,1975-1989,% of LAT_AM,CEE: Poland,"late socialism
(1973/75-1989)",0.22460552794578337,0.05559196281271047,-0.1690135651330729,33964338,NA,4,1991,125,2,1.5,2.5,0.01,-0.17,POL: -0.17,divergence
CEE,Poland,POL,1989-1991,% of LAT_AM,CEE: Poland,"transition
(1989-1991/92)",0.05559196281271047,-0.12766733585902754,-0.183259298671738,37938044,NA,4,1991,106,3,2.5,3.5,0.01,-0.18,POL: -0.18,divergence
CEE,Poland,POL,1991-2022,% of LAT_AM,CEE: Poland,"capitalism
(1992-2022)",-0.12766733585902754,0.7342486997086038,0.8619160355676314,38152898,NA,4,1991,88,4,3.5,4.5,0.01,0.86,POL: +0.86,convergence
CEE,Romania,ROU,1950-1975,% of LAT_AM,CEE: Romania,"early socialism
(1950-1973/75)",-0.6631870716112042,-0.20988154969354425,0.45330552191765994,16397220,NA,5,1992,52,1,0.5,1.5,0.01,0.45,ROU: +0.45,convergence
CEE,Romania,ROU,1975-1989,% of LAT_AM,CEE: Romania,"late socialism
(1973/75-1989)",-0.20988154969354425,-0.31072338791979,-0.10084183822624573,21268014,NA,5,1992,81,2,1.5,2.5,0.01,-0.1,ROU: -0.1,divergence
CEE,Romania,ROU,1989-1992,% of LAT_AM,CEE: Romania,"transition
(1989-1991/92)",-0.31072338791979,-0.610621972804874,-0.299898584885084,22887592,NA,5,1992,73,3,2.5,3.5,0.01,-0.3,ROU: -0.3,divergence
CEE,Romania,ROU,1992-2022,% of LAT_AM,CEE: Romania,"capitalism
(1992-2022)",-0.610621972804874,0.5196607370314967,1.1302827098363708,22912341,NA,5,1992,54,4,3.5,4.5,0.01,1.13,ROU: +1.13,convergence
USSR,Russia,RUS,1950-1975,% of LAT_AM,USSR: Russia,"early socialism
(1950-1973/75)",-0.099371600639772,0.4118118010107802,0.5111834016505522,103392314,NA,2,1998,91,1,0.5,1.5,0.01,0.51,RUS: +0.51,convergence
USSR,Russia,RUS,1975-1989,% of LAT_AM,USSR: Russia,"late socialism
(1973/75-1989)",0.4118118010107802,0.3985082295916882,-0.013303571419091997,134136049,NA,2,1998,151,2,1.5,2.5,0.01,-0.01,RUS: -0.01,divergence
USSR,Russia,RUS,1989-1998,% of LAT_AM,USSR: Russia,"transition
(1989-1991/92)",0.3985082295916882,-0.20078157406831595,-0.5992898036600042,148281823,NA,2,1998,149,3,2.5,3.5,0.01,-0.6,RUS: -0.6,divergence
USSR,Russia,RUS,1998-2022,% of LAT_AM,USSR: Russia,"capitalism
(1992-2022)",-0.20078157406831595,0.4901903429166338,0.6909719169849498,147635488,NA,2,1998,82,4,3.5,4.5,0.01,0.69,RUS: +0.69,convergence
Yugosl.,Serbia,SRB,1952-1979,% of LAT_AM,Yugosl.: Serbia,"early socialism
(1950-1973/75)",-0.6083057447937267,0.24574073507431082,0.8540464798680375,6127217,NA,2,1993,54,1,0.5,1.5,0.01,0.85,SRB: +0.85,convergence
Yugosl.,Serbia,SRB,1979-1989,% of LAT_AM,Yugosl.: Serbia,"late socialism
(1973/75-1989)",0.24574073507431082,0.24624880945022565,5.080743759148243e-4,7758172,NA,2,1993,128,2,1.5,2.5,0.01,0,SRB: +0,no change
Yugosl.,Serbia,SRB,1989-1993,% of LAT_AM,Yugosl.: Serbia,"transition
(1989-1991/92)",0.24624880945022565,-0.6746045427427773,-0.9208533521930029,7881211,NA,2,1993,128,3,2.5,3.5,0.01,-0.92,SRB: -0.92,divergence
Yugosl.,Serbia,SRB,1993-2022,% of LAT_AM,Yugosl.: Serbia,"capitalism
(1992-2022)",-0.6746045427427773,0.0929244621790048,0.767529004921782,7849677,NA,2,1993,51,4,3.5,4.5,0.01,0.77,SRB: +0.77,convergence
CEE,Slovakia,SVK,1950-1975,% of LAT_AM,CEE: Slovakia,"early socialism
(1950-1973/75)",0.3016238213404087,0.3455361959136308,0.04391237457322206,3465707,TRUE,6,1992,135,1,0.5,1.5,0.01,0.04,SVK: +0.04,convergence
CEE,Slovakia,SVK,1975-1989,% of LAT_AM,CEE: Slovakia,"late socialism
(1973/75-1989)",0.3455361959136308,0.3959984243526561,0.050462228439025314,4739131,TRUE,6,1992,141,2,1.5,2.5,0.01,0.05,SVK: +0.05,convergence
CEE,Slovakia,SVK,1989-1992,% of LAT_AM,CEE: Slovakia,"transition
(1989-1991/92)",0.3959984243526561,0.10327097739747443,-0.29272744695518166,5249882,NA,6,1992,149,3,2.5,3.5,0.01,-0.29,SVK: -0.29,divergence
CEE,Slovakia,SVK,1992-2022,% of LAT_AM,CEE: Slovakia,"capitalism
(1992-2022)",0.10327097739747443,0.5688684337638975,0.4655974563664231,5306409,NA,6,1992,111,4,3.5,4.5,0.01,0.47,SVK: +0.47,convergence
Yugosl.,Slovenia,SVN,1952-1979,% of LAT_AM,Yugosl.: Slovenia,"early socialism
(1950-1973/75)",0.052330445456905114,0.9306382358858094,0.8783077904289043,1479622,NA,3,1992,105,1,0.5,1.5,0.01,0.88,SVN: +0.88,convergence
Yugosl.,Slovenia,SVN,1979-1989,% of LAT_AM,Yugosl.: Slovenia,"late socialism
(1973/75-1989)",0.9306382358858094,0.8392717235037942,-0.09136651238201521,1885870,NA,3,1992,254,2,1.5,2.5,0.01,-0.09,SVN: -0.09,divergence
Yugosl.,Slovenia,SVN,1989-1992,% of LAT_AM,Yugosl.: Slovenia,"transition
(1989-1991/92)",0.8392717235037942,0.5553873471436591,-0.2838843763601351,1995417,NA,3,1992,231,3,2.5,3.5,0.01,-0.28,SVN: -0.28,divergence
Yugosl.,Slovenia,SVN,1992-2022,% of LAT_AM,Yugosl.: Slovenia,"capitalism
(1992-2022)",0.5553873471436591,0.7405536999633197,0.18516635281966054,1995805,NA,3,1992,174,4,3.5,4.5,0.01,0.19,SVN: +0.19,convergence
USSR,Ukraine,UKR,1973-1989,% of LAT_AM,USSR: Ukraine,"late socialism
(1973/75-1989)",0.10307240059340572,0.1624744984182617,0.059402097824855976,48277070,NA,3,1998,111,2,1.5,2.5,0.01,0.06,UKR: +0.06,convergence
USSR,Ukraine,UKR,1989-1998,% of LAT_AM,USSR: Ukraine,"transition
(1989-1991/92)",0.1624744984182617,-0.8128318279580184,-0.9753063263762801,51917779,NA,3,1998,118,3,2.5,3.5,0.01,-0.98,UKR: -0.98,divergence
USSR,Ukraine,UKR,1998-2022,% of LAT_AM,USSR: Ukraine,"capitalism
(1992-2022)",-0.8128318279580184,-0.6984420145647834,0.11438981339323506,50379676,NA,3,1998,44,4,3.5,4.5,0.01,0.11,UKR: +0.11,convergence
USSR,Belarus,BLR,1973-1989,% of G7,USSR: Belarus,"late socialism
(1973/75-1989)",-0.9564256930823197,-0.9571695695825417,-7.438765002220071e-4,9205662,NA,1,1995,38,2,1.5,2.5,0.01,-0,BLR: +0,no change
USSR,Belarus,BLR,1989-1995,% of G7,USSR: Belarus,"transition
(1989-1991/92)",-0.9571695695825417,-1.5705214386264839,-0.6133518690439421,10158729,NA,1,1995,38,3,2.5,3.5,0.01,-0.61,BLR: -0.61,divergence
USSR,Belarus,BLR,1995-2022,% of G7,USSR: Belarus,"capitalism
(1992-2022)",-1.5705214386264839,-0.948192288285923,0.6223291503405609,10197421,NA,1,1995,21,4,3.5,4.5,0.01,0.62,BLR: +0.62,convergence
CEE,Bulgaria,BGR,1950-1975,% of G7,CEE: Bulgaria,"early socialism
(1950-1973/75)",-1.2769455539508066,-0.8389545279166972,0.43799102603410933,7248464,NA,1,1999,28,1,0.5,1.5,0.01,0.44,BGR: +0.44,convergence
CEE,Bulgaria,BGR,1975-1989,% of G7,CEE: Bulgaria,"late socialism
(1973/75-1989)",-0.8389545279166972,-1.1397770497005368,-0.3008225217838396,8723102,NA,1,1999,43,2,1.5,2.5,0.01,-0.3,BGR: -0.3,divergence
CEE,Bulgaria,BGR,1989-1999,% of G7,CEE: Bulgaria,"transition
(1989-1991/92)",-1.1397770497005368,-1.545842226743265,-0.40606517704272815,8936335,NA,1,1999,32,3,2.5,3.5,0.01,-0.41,BGR: -0.41,divergence
CEE,Bulgaria,BGR,1999-2022,% of G7,CEE: Bulgaria,"capitalism
(1992-2022)",-1.545842226743265,-0.85178031685634,0.694061909886925,8067415,NA,1,1999,21,4,3.5,4.5,0.01,0.69,BGR: +0.69,convergence
Yugosl.,Croatia,HRV,1952-1979,% of G7,Yugosl.: Croatia,"early socialism
(1950-1973/75)",-1.3276553258781534,-0.5725000981780821,0.7551552277000713,3957359,NA,1,1993,27,1,0.5,1.5,0.01,0.76,HRV: +0.76,convergence
Yugosl.,Croatia,HRV,1979-1989,% of G7,Yugosl.: Croatia,"late socialism
(1973/75-1989)",-0.5725000981780821,-0.7969950997970288,-0.22449500161894664,4626900,NA,1,1993,56,2,1.5,2.5,0.01,-0.22,HRV: -0.22,divergence
Yugosl.,Croatia,HRV,1989-1993,% of G7,Yugosl.: Croatia,"transition
(1989-1991/92)",-0.7969950997970288,-1.3022363546797127,-0.5052412548826839,4820680,NA,1,1993,45,3,2.5,3.5,0.01,-0.51,HRV: -0.51,divergence
Yugosl.,Croatia,HRV,1993-2022,% of G7,Yugosl.: Croatia,"capitalism
(1992-2022)",-1.3022363546797127,-0.5813589845042123,0.7208773701755004,4729691,NA,1,1993,27,4,3.5,4.5,0.01,0.72,HRV: +0.72,convergence
CEE,Czechia,CZE,1950-1975,% of G7,CEE: Czechia,"early socialism
(1950-1973/75)",-0.6893197688477151,-0.674726462728575,0.014593306119140115,8916664,TRUE,2,1992,50,1,0.5,1.5,0.01,0.01,CZE: +0.01,convergence
CEE,Czechia,CZE,1975-1989,% of G7,CEE: Czechia,"late socialism
(1973/75-1989)",-0.674726462728575,-0.7921355175901157,-0.11740905486154074,10030738,NA,2,1992,51,2,1.5,2.5,0.01,-0.12,CZE: -0.12,divergence
CEE,Czechia,CZE,1989-1992,% of G7,CEE: Czechia,"transition
(1989-1991/92)",-0.7921355175901157,-0.912535387854459,-0.12039987026434329,10305562,NA,2,1992,45,3,2.5,3.5,0.01,-0.12,CZE: -0.12,divergence
CEE,Czechia,CZE,1992-2022,% of G7,CEE: Czechia,"capitalism
(1992-2022)",-0.912535387854459,-0.40326779864010354,0.5092675892143554,10312408,NA,2,1992,40,4,3.5,4.5,0.01,0.51,CZE: +0.51,convergence
Baltics,Estonia,EST,1973-1989,% of G7,Baltics: Estonia,"late socialism
(1973/75-1989)",-0.45301268057237715,-0.5003803371015806,-0.04736765652920344,1399299,NA,1,1994,64,2,1.5,2.5,0.01,-0.05,EST: -0.05,divergence
Baltics,Estonia,EST,1989-1994,% of G7,Baltics: Estonia,"transition
(1989-1991/92)",-0.5003803371015806,-1.0044120019456522,-0.5040316648440716,1567538,NA,1,1994,61,3,2.5,3.5,0.01,-0.5,EST: -0.5,divergence
Baltics,Estonia,EST,1994-2022,% of G7,Baltics: Estonia,"capitalism
(1992-2022)",-1.0044120019456522,-0.4732637013717368,0.5311483005739154,1475669,NA,1,1994,37,4,3.5,4.5,0.01,0.53,EST: +0.53,convergence
CEE,Hungary,HUN,1950-1975,% of G7,CEE: Hungary,"early socialism
(1950-1973/75)",-0.8702147830993289,-0.8434833258232114,0.026731457276117476,9337826,NA,3,1992,42,1,0.5,1.5,0.01,0.03,HUN: +0.03,convergence
CEE,Hungary,HUN,1975-1989,% of G7,CEE: Hungary,"late socialism
(1973/75-1989)",-0.8434833258232114,-1.0349515984398743,-0.19146827261666288,10515605,NA,3,1992,43,2,1.5,2.5,0.01,-0.19,HUN: -0.19,divergence
CEE,Hungary,HUN,1989-1992,% of G7,CEE: Hungary,"transition
(1989-1991/92)",-1.0349515984398743,-1.2486129147607143,-0.21366131632084007,10403359,NA,3,1992,36,3,2.5,3.5,0.01,-0.21,HUN: -0.21,divergence
CEE,Hungary,HUN,1992-2022,% of G7,CEE: Hungary,"capitalism
(1992-2022)",-1.2486129147607143,-0.4939481671962173,0.754664747564497,10371431,NA,3,1992,29,4,3.5,4.5,0.01,0.75,HUN: +0.75,convergence
Baltics,Latvia,LVA,1973-1989,% of G7,Baltics: Latvia,"late socialism
(1973/75-1989)",-0.5514002771966883,-0.6819460158433532,-0.13054573864666497,2415721,NA,2,1994,58,2,1.5,2.5,0.01,-0.13,LVA: -0.13,divergence
Baltics,Latvia,LVA,1989-1994,% of G7,Baltics: Latvia,"transition
(1989-1991/92)",-0.6819460158433532,-1.331326725700276,-0.6493807098569229,2664789,NA,2,1994,51,3,2.5,3.5,0.01,-0.65,LVA: -0.65,divergence
Baltics,Latvia,LVA,1994-2022,% of G7,Baltics: Latvia,"capitalism
(1992-2022)",-1.331326725700276,-0.5727419347432894,0.7585847909569867,2521185,NA,2,1994,26,4,3.5,4.5,0.01,0.76,LVA: +0.76,convergence
Baltics,Lithuania,LTU,1973-1989,% of G7,Baltics: Lithuania,"late socialism
(1973/75-1989)",-0.5841554505853277,-0.7457483714338408,-0.16159292084851307,3236175,NA,3,1994,56,2,1.5,2.5,0.01,-0.16,LTU: -0.16,divergence
Baltics,Lithuania,LTU,1989-1994,% of G7,Baltics: Lithuania,"transition
(1989-1991/92)",-0.7457483714338408,-1.437176891237202,-0.6914285198033613,3696048,NA,3,1994,47,3,2.5,3.5,0.01,-0.69,LTU: -0.69,divergence
Baltics,Lithuania,LTU,1994-2022,% of G7,Baltics: Lithuania,"capitalism
(1992-2022)",-1.437176891237202,-0.4471366396459385,0.9900402515912635,3654839,NA,3,1994,24,4,3.5,4.5,0.01,0.99,LTU: +0.99,convergence
CEE,Poland,POL,1950-1975,% of G7,CEE: Poland,"early socialism
(1950-1973/75)",-0.8837130142782766,-0.8429431064810258,0.04076990779725087,24780120,NA,4,1991,41,1,0.5,1.5,0.01,0.04,POL: +0.04,convergence
CEE,Poland,POL,1975-1989,% of G7,CEE: Poland,"late socialism
(1973/75-1989)",-0.8429431064810258,-1.229250441272762,-0.3863073347917363,33964338,NA,4,1991,43,2,1.5,2.5,0.01,-0.39,POL: -0.39,divergence
CEE,Poland,POL,1989-1991,% of G7,CEE: Poland,"transition
(1989-1991/92)",-1.229250441272762,-1.4161158416731234,-0.18686540040036137,37938044,NA,4,1991,29,3,2.5,3.5,0.01,-0.19,POL: -0.19,divergence
CEE,Poland,POL,1991-2022,% of G7,CEE: Poland,"capitalism
(1992-2022)",-1.4161158416731234,-0.39643769318160726,1.0196781484915163,38152898,NA,4,1991,24,4,3.5,4.5,0.01,1.02,POL: +1.02,convergence
CEE,Romania,ROU,1950-1975,% of G7,CEE: Romania,"early socialism
(1950-1973/75)",-1.6113047055605798,-1.2774301841203533,0.33387452144022656,16397220,NA,5,1992,20,1,0.5,1.5,0.01,0.33,ROU: +0.33,convergence
CEE,Romania,ROU,1975-1989,% of G7,CEE: Romania,"late socialism
(1973/75-1989)",-1.2774301841203533,-1.5955657920052624,-0.31813560788490913,21268014,NA,5,1992,28,2,1.5,2.5,0.01,-0.32,ROU: -0.32,divergence
CEE,Romania,ROU,1989-1992,% of G7,CEE: Romania,"transition
(1989-1991/92)",-1.5955657920052624,-1.890373227925072,-0.2948074359198096,22887592,NA,5,1992,20,3,2.5,3.5,0.01,-0.29,ROU: -0.29,divergence
CEE,Romania,ROU,1992-2022,% of G7,CEE: Romania,"capitalism
(1992-2022)",-1.890373227925072,-0.6110256558587146,1.2793475720663574,22912341,NA,5,1992,15,4,3.5,4.5,0.01,1.28,ROU: +1.28,convergence
USSR,Russia,RUS,1950-1975,% of G7,USSR: Russia,"early socialism
(1950-1973/75)",-1.047489234589148,-0.655736833416029,0.39175240117311905,103392314,NA,2,1998,35,1,0.5,1.5,0.01,0.39,RUS: +0.39,convergence
USSR,Russia,RUS,1975-1989,% of G7,USSR: Russia,"late socialism
(1973/75-1989)",-0.655736833416029,-0.8863341744937845,-0.23059734107775554,134136049,NA,2,1998,52,2,1.5,2.5,0.01,-0.23,RUS: -0.23,divergence
USSR,Russia,RUS,1989-1998,% of G7,USSR: Russia,"transition
(1989-1991/92)",-0.8863341744937845,-1.441634567415207,-0.5553003929214224,148281823,NA,2,1998,41,3,2.5,3.5,0.01,-0.56,RUS: -0.56,divergence
USSR,Russia,RUS,1998-2022,% of G7,USSR: Russia,"capitalism
(1992-2022)",-1.441634567415207,-0.6404960499735775,0.8011385174416294,147635488,NA,2,1998,24,4,3.5,4.5,0.01,0.8,RUS: +0.8,convergence
Yugosl.,Serbia,SRB,1952-1979,% of G7,Yugosl.: Serbia,"early socialism
(1950-1973/75)",-1.625862523028175,-0.8341785895524348,0.7916839334757401,6127217,NA,2,1993,20,1,0.5,1.5,0.01,0.79,SRB: +0.79,convergence
Yugosl.,Serbia,SRB,1979-1989,% of G7,Yugosl.: Serbia,"late socialism
(1973/75-1989)",-0.8341785895524348,-1.038593594635247,-0.20441500508281207,7758172,NA,2,1993,43,2,1.5,2.5,0.01,-0.2,SRB: -0.2,divergence
Yugosl.,Serbia,SRB,1989-1993,% of G7,Yugosl.: Serbia,"transition
(1989-1991/92)",-1.038593594635247,-1.9281553577101138,-0.8895617630748669,7881211,NA,2,1993,35,3,2.5,3.5,0.01,-0.89,SRB: -0.89,divergence
Yugosl.,Serbia,SRB,1993-2022,% of G7,Yugosl.: Serbia,"capitalism
(1992-2022)",-1.9281553577101138,-1.0377619307112065,0.8903934269989073,7849677,NA,2,1993,15,4,3.5,4.5,0.01,0.89,SRB: +0.89,convergence
CEE,Slovakia,SVK,1950-1975,% of G7,CEE: Slovakia,"early socialism
(1950-1973/75)",-0.6464938126089673,-0.7220124385131785,-0.07551862590421121,3465707,TRUE,6,1992,52,1,0.5,1.5,0.01,-0.08,SVK: -0.08,divergence
CEE,Slovakia,SVK,1975-1989,% of G7,CEE: Slovakia,"late socialism
(1973/75-1989)",-0.7220124385131785,-0.8888439797328164,-0.16683154121963784,4739131,TRUE,6,1992,49,2,1.5,2.5,0.01,-0.17,SVK: -0.17,divergence
CEE,Slovakia,SVK,1989-1992,% of G7,CEE: Slovakia,"transition
(1989-1991/92)",-0.8888439797328164,-1.1764802777227235,-0.2876362979899071,5249882,NA,6,1992,41,3,2.5,3.5,0.01,-0.29,SVK: -0.29,divergence
CEE,Slovakia,SVK,1992-2022,% of G7,CEE: Slovakia,"capitalism
(1992-2022)",-1.1764802777227235,-0.5618179591263136,0.6146623185964099,5306409,NA,6,1992,31,4,3.5,4.5,0.01,0.61,SVK: +0.61,convergence
Yugosl.,Slovenia,SVN,1952-1979,% of G7,Yugosl.: Slovenia,"early socialism
(1950-1973/75)",-0.9652263327775432,-0.14928108874093604,0.8159452440366072,1479622,NA,3,1992,38,1,0.5,1.5,0.01,0.82,SVN: +0.82,convergence
Yugosl.,Slovenia,SVN,1979-1989,% of G7,Yugosl.: Slovenia,"late socialism
(1973/75-1989)",-0.14928108874093604,-0.44557068058167854,-0.2962895918407425,1885870,NA,3,1992,86,2,1.5,2.5,0.01,-0.3,SVN: -0.3,divergence
Yugosl.,Slovenia,SVN,1989-1992,% of G7,Yugosl.: Slovenia,"transition
(1989-1991/92)",-0.44557068058167854,-0.7243639079765388,-0.2787932273948603,1995417,NA,3,1992,64,3,2.5,3.5,0.01,-0.28,SVN: -0.28,divergence
Yugosl.,Slovenia,SVN,1992-2022,% of G7,Yugosl.: Slovenia,"capitalism
(1992-2022)",-0.7243639079765388,-0.39013269292689157,0.33423121504964726,1995805,NA,3,1992,48,4,3.5,4.5,0.01,0.33,SVN: +0.33,convergence
USSR,Ukraine,UKR,1973-1989,% of G7,USSR: Ukraine,"late socialism
(1973/75-1989)",-1.017222671197118,-1.122367905667211,-0.10514523447009294,48277070,NA,3,1998,36,2,1.5,2.5,0.01,-0.11,UKR: -0.11,divergence
USSR,Ukraine,UKR,1989-1998,% of G7,USSR: Ukraine,"transition
(1989-1991/92)",-1.122367905667211,-2.0536848213049095,-0.9313169156376986,51917779,NA,3,1998,33,3,2.5,3.5,0.01,-0.93,UKR: -0.93,divergence
USSR,Ukraine,UKR,1998-2022,% of G7,USSR: Ukraine,"capitalism
(1992-2022)",-2.0536848213049095,-1.8291284074549947,0.22455641384991476,50379676,NA,3,1998,13,4,3.5,4.5,0.01,0.22,UKR: +0.22,convergence
USSR,Belarus,BLR,1973-1989,% of S_EUR4,USSR: Belarus,"late socialism
(1973/75-1989)",-0.5424485555139618,-0.5913290220498693,-0.048880466535907496,9205662,NA,1,1995,58,2,1.5,2.5,0.01,-0.05,BLR: -0.05,divergence
USSR,Belarus,BLR,1989-1995,% of S_EUR4,USSR: Belarus,"transition
(1989-1991/92)",-0.5913290220498693,-1.2502127206203173,-0.658883698570448,10158729,NA,1,1995,55,3,2.5,3.5,0.01,-0.66,BLR: -0.66,divergence
USSR,Belarus,BLR,1995-2022,% of S_EUR4,USSR: Belarus,"capitalism
(1992-2022)",-1.2502127206203173,-0.5968356561121039,0.6533770645082134,10197421,NA,1,1995,29,4,3.5,4.5,0.01,0.65,BLR: +0.65,convergence
CEE,Bulgaria,BGR,1950-1975,% of S_EUR4,CEE: Bulgaria,"early socialism
(1950-1973/75)",-0.5363558231686137,-0.4570112647875982,0.07934455838101556,7248464,NA,1,1999,58,1,0.5,1.5,0.01,0.08,BGR: +0.08,convergence
CEE,Bulgaria,BGR,1975-1989,% of S_EUR4,CEE: Bulgaria,"late socialism
(1973/75-1989)",-0.4570112647875982,-0.7739365021678642,-0.31692523738026607,8723102,NA,1,1999,63,2,1.5,2.5,0.01,-0.32,BGR: -0.32,divergence
CEE,Bulgaria,BGR,1989-1999,% of S_EUR4,CEE: Bulgaria,"transition
(1989-1991/92)",-0.7739365021678642,-1.2477555772950446,-0.47381907512718036,8936335,NA,1,1999,46,3,2.5,3.5,0.01,-0.47,BGR: -0.47,divergence
CEE,Bulgaria,BGR,1999-2022,% of S_EUR4,CEE: Bulgaria,"capitalism
(1992-2022)",-1.2477555772950446,-0.5004236846825213,0.7473318926125233,8067415,NA,1,1999,29,4,3.5,4.5,0.01,0.75,BGR: +0.75,convergence
Yugosl.,Croatia,HRV,1952-1979,% of S_EUR4,Yugosl.: Croatia,"early socialism
(1950-1973/75)",-0.6284420386224377,-0.18842599323538523,0.4400160453870525,3957359,NA,1,1993,53,1,0.5,1.5,0.01,0.44,HRV: +0.44,convergence
Yugosl.,Croatia,HRV,1979-1989,% of S_EUR4,Yugosl.: Croatia,"late socialism
(1973/75-1989)",-0.18842599323538523,-0.4311545522643561,-0.2427285590289709,4626900,NA,1,1993,83,2,1.5,2.5,0.01,-0.24,HRV: -0.24,divergence
Yugosl.,Croatia,HRV,1989-1993,% of S_EUR4,Yugosl.: Croatia,"transition
(1989-1991/92)",-0.4311545522643561,-0.9647667420862285,-0.5336121898218724,4820680,NA,1,1993,65,3,2.5,3.5,0.01,-0.53,HRV: -0.53,divergence
Yugosl.,Croatia,HRV,1993-2022,% of S_EUR4,Yugosl.: Croatia,"capitalism
(1992-2022)",-0.9647667420862285,-0.2300023523303934,0.7347643897558351,4729691,NA,1,1993,38,4,3.5,4.5,0.01,0.73,HRV: +0.73,convergence
CEE,Czechia,CZE,1950-1975,% of S_EUR4,CEE: Czechia,"early socialism
(1950-1973/75)",0.05126996193447778,-0.2927831995994759,-0.3440531615339537,8916664,TRUE,2,1992,105,1,0.5,1.5,0.01,-0.34,CZE: -0.34,divergence
CEE,Czechia,CZE,1975-1989,% of S_EUR4,CEE: Czechia,"late socialism
(1973/75-1989)",-0.2927831995994759,-0.4262949700574431,-0.1335117704579672,10030738,NA,2,1992,75,2,1.5,2.5,0.01,-0.13,CZE: -0.13,divergence
CEE,Czechia,CZE,1989-1992,% of S_EUR4,CEE: Czechia,"transition
(1989-1991/92)",-0.4262949700574431,-0.589044908538925,-0.1627499384814819,10305562,NA,2,1992,65,3,2.5,3.5,0.01,-0.16,CZE: -0.16,divergence
CEE,Czechia,CZE,1992-2022,% of S_EUR4,CEE: Czechia,"capitalism
(1992-2022)",-0.589044908538925,-0.05191116646628462,0.5371337420726404,10312408,NA,2,1992,55,4,3.5,4.5,0.01,0.54,CZE: +0.54,convergence
Baltics,Estonia,EST,1973-1989,% of S_EUR4,Baltics: Estonia,"late socialism
(1973/75-1989)",-0.03903554300401918,-0.13453978956890808,-0.0955042465648889,1399299,NA,1,1994,96,2,1.5,2.5,0.01,-0.1,EST: -0.1,divergence
Baltics,Estonia,EST,1989-1994,% of S_EUR4,Baltics: Estonia,"transition
(1989-1991/92)",-0.13453978956890808,-0.6695128025541602,-0.5349730129852521,1567538,NA,1,1994,87,3,2.5,3.5,0.01,-0.53,EST: -0.53,divergence
Baltics,Estonia,EST,1994-2022,% of S_EUR4,Baltics: Estonia,"capitalism
(1992-2022)",-0.6695128025541602,-0.12190706919791779,0.5476057333562424,1475669,NA,1,1994,51,4,3.5,4.5,0.01,0.55,EST: +0.55,convergence
CEE,Hungary,HUN,1950-1975,% of S_EUR4,CEE: Hungary,"early socialism
(1950-1973/75)",-0.1296250523171362,-0.46154006269411213,-0.3319150103769759,9337826,NA,3,1992,88,1,0.5,1.5,0.01,-0.33,HUN: -0.33,divergence
CEE,Hungary,HUN,1975-1989,% of S_EUR4,CEE: Hungary,"late socialism
(1973/75-1989)",-0.46154006269411213,-0.6691110509072018,-0.20757098821308967,10515605,NA,3,1992,63,2,1.5,2.5,0.01,-0.21,HUN: -0.21,divergence
CEE,Hungary,HUN,1989-1992,% of S_EUR4,CEE: Hungary,"transition
(1989-1991/92)",-0.6691110509072018,-0.9251224354451806,-0.2560113845379788,10403359,NA,3,1992,51,3,2.5,3.5,0.01,-0.26,HUN: -0.26,divergence
CEE,Hungary,HUN,1992-2022,% of S_EUR4,CEE: Hungary,"capitalism
(1992-2022)",-0.9251224354451806,-0.14259153502239835,0.7825309004227823,10371431,NA,3,1992,40,4,3.5,4.5,0.01,0.78,HUN: +0.78,convergence
Baltics,Latvia,LVA,1973-1989,% of S_EUR4,Baltics: Latvia,"late socialism
(1973/75-1989)",-0.13742313962833025,-0.3161054683106807,-0.17868232868235046,2415721,NA,2,1994,87,2,1.5,2.5,0.01,-0.18,LVA: -0.18,divergence
Baltics,Latvia,LVA,1989-1994,% of S_EUR4,Baltics: Latvia,"transition
(1989-1991/92)",-0.3161054683106807,-0.9964275263087844,-0.6803220579981037,2664789,NA,2,1994,73,3,2.5,3.5,0.01,-0.68,LVA: -0.68,divergence
Baltics,Latvia,LVA,1994-2022,% of S_EUR4,Baltics: Latvia,"capitalism
(1992-2022)",-0.9964275263087844,-0.2213853025694705,0.7750422237393139,2521185,NA,2,1994,37,4,3.5,4.5,0.01,0.78,LVA: +0.78,convergence
Baltics,Lithuania,LTU,1973-1989,% of S_EUR4,Baltics: Lithuania,"late socialism
(1973/75-1989)",-0.1701783130169697,-0.3799078239011683,-0.20972951088419858,3236175,NA,3,1994,84,2,1.5,2.5,0.01,-0.21,LTU: -0.21,divergence
Baltics,Lithuania,LTU,1989-1994,% of S_EUR4,Baltics: Lithuania,"transition
(1989-1991/92)",-0.3799078239011683,-1.1022776918457105,-0.7223698679445422,3696048,NA,3,1994,68,3,2.5,3.5,0.01,-0.72,LTU: -0.72,divergence
Baltics,Lithuania,LTU,1994-2022,% of S_EUR4,Baltics: Lithuania,"capitalism
(1992-2022)",-1.1022776918457105,-0.09578000747211965,1.0064976843735909,3654839,NA,3,1994,33,4,3.5,4.5,0.01,1.01,LTU: +1.01,convergence
CEE,Poland,POL,1950-1975,% of S_EUR4,CEE: Poland,"early socialism
(1950-1973/75)",-0.14312328349608391,-0.4609998433519265,-0.3178765598558426,24780120,NA,4,1991,87,1,0.5,1.5,0.01,-0.32,POL: -0.32,divergence
CEE,Poland,POL,1975-1989,% of S_EUR4,CEE: Poland,"late socialism
(1973/75-1989)",-0.4609998433519265,-0.8634098937400894,-0.40241005038816285,33964338,NA,4,1991,63,2,1.5,2.5,0.01,-0.4,POL: -0.4,divergence
CEE,Poland,POL,1989-1991,% of S_EUR4,CEE: Poland,"transition
(1989-1991/92)",-0.8634098937400894,-1.091285551609523,-0.22787565786943365,37938044,NA,4,1991,42,3,2.5,3.5,0.01,-0.23,POL: -0.23,divergence
CEE,Poland,POL,1991-2022,% of S_EUR4,CEE: Poland,"capitalism
(1992-2022)",-1.091285551609523,-0.04508106100778833,1.0462044906017347,38152898,NA,4,1991,34,4,3.5,4.5,0.01,1.05,POL: +1.05,convergence
CEE,Romania,ROU,1950-1975,% of S_EUR4,CEE: Romania,"early socialism
(1950-1973/75)",-0.8707149747783871,-0.8954869209912542,-0.024771946212867046,16397220,NA,5,1992,42,1,0.5,1.5,0.01,-0.02,ROU: -0.02,divergence
CEE,Romania,ROU,1975-1989,% of S_EUR4,CEE: Romania,"late socialism
(1973/75-1989)",-0.8954869209912542,-1.22972524447259,-0.33423832348133575,21268014,NA,5,1992,41,2,1.5,2.5,0.01,-0.33,ROU: -0.33,divergence
CEE,Romania,ROU,1989-1992,% of S_EUR4,CEE: Romania,"transition
(1989-1991/92)",-1.22972524447259,-1.5668827486095378,-0.3371575041369479,22887592,NA,5,1992,29,3,2.5,3.5,0.01,-0.34,ROU: -0.34,divergence
CEE,Romania,ROU,1992-2022,% of S_EUR4,CEE: Romania,"capitalism
(1992-2022)",-1.5668827486095378,-0.25966902368489564,1.307213724924642,22912341,NA,5,1992,21,4,3.5,4.5,0.01,1.31,ROU: +1.31,convergence
USSR,Russia,RUS,1950-1975,% of S_EUR4,USSR: Russia,"early socialism
(1950-1973/75)",-0.30689950380695513,-0.2737935702869297,0.03310593352002544,103392314,NA,2,1998,74,1,0.5,1.5,0.01,0.03,RUS: +0.03,convergence
USSR,Russia,RUS,1975-1989,% of S_EUR4,USSR: Russia,"late socialism
(1973/75-1989)",-0.2737935702869297,-0.5204936269611119,-0.2467000566741822,134136049,NA,2,1998,76,2,1.5,2.5,0.01,-0.25,RUS: -0.25,divergence
USSR,Russia,RUS,1989-1998,% of S_EUR4,USSR: Russia,"transition
(1989-1991/92)",-0.5204936269611119,-1.1377807680716423,-0.6172871411105304,148281823,NA,2,1998,59,3,2.5,3.5,0.01,-0.62,RUS: -0.62,divergence
USSR,Russia,RUS,1998-2022,% of S_EUR4,USSR: Russia,"capitalism
(1992-2022)",-1.1377807680716423,-0.2891394177997585,0.8486413502718838,147635488,NA,2,1998,32,4,3.5,4.5,0.01,0.85,RUS: +0.85,convergence
Yugosl.,Serbia,SRB,1952-1979,% of S_EUR4,Yugosl.: Serbia,"early socialism
(1950-1973/75)",-0.9266492357724594,-0.45010448460973773,0.47654475116272166,6127217,NA,2,1993,40,1,0.5,1.5,0.01,0.48,SRB: +0.48,convergence
Yugosl.,Serbia,SRB,1979-1989,% of S_EUR4,Yugosl.: Serbia,"late socialism
(1973/75-1989)",-0.45010448460973773,-0.6727530471025743,-0.2226485624928366,7758172,NA,2,1993,64,2,1.5,2.5,0.01,-0.22,SRB: -0.22,divergence
Yugosl.,Serbia,SRB,1989-1993,% of S_EUR4,Yugosl.: Serbia,"transition
(1989-1991/92)",-0.6727530471025743,-1.5906857451166296,-0.9179326980140553,7881211,NA,2,1993,51,3,2.5,3.5,0.01,-0.92,SRB: -0.92,divergence
Yugosl.,Serbia,SRB,1993-2022,% of S_EUR4,Yugosl.: Serbia,"capitalism
(1992-2022)",-1.5906857451166296,-0.6864052985373874,0.9042804465792422,7849677,NA,2,1993,20,4,3.5,4.5,0.01,0.9,SRB: +0.9,convergence
CEE,Slovakia,SVK,1950-1975,% of S_EUR4,CEE: Slovakia,"early socialism
(1950-1973/75)",0.0940959181732256,-0.3400691753840793,-0.4341650935573049,3465707,TRUE,6,1992,110,1,0.5,1.5,0.01,-0.43,SVK: -0.43,divergence
CEE,Slovakia,SVK,1975-1989,% of S_EUR4,CEE: Slovakia,"late socialism
(1973/75-1989)",-0.3400691753840793,-0.5230034322001439,-0.18293425681606457,4739131,TRUE,6,1992,71,2,1.5,2.5,0.01,-0.18,SVK: -0.18,divergence
CEE,Slovakia,SVK,1989-1992,% of S_EUR4,CEE: Slovakia,"transition
(1989-1991/92)",-0.5230034322001439,-0.8529897984071892,-0.32998636620704536,5249882,NA,6,1992,59,3,2.5,3.5,0.01,-0.33,SVK: -0.33,divergence
CEE,Slovakia,SVK,1992-2022,% of S_EUR4,CEE: Slovakia,"capitalism
(1992-2022)",-0.8529897984071892,-0.21046132695249478,0.6425284714546945,5306409,NA,6,1992,43,4,3.5,4.5,0.01,0.64,SVK: +0.64,convergence
Yugosl.,Slovenia,SVN,1952-1979,% of S_EUR4,Yugosl.: Slovenia,"early socialism
(1950-1973/75)",-0.2660130455218276,0.234793016201761,0.5008060617235885,1479622,NA,3,1992,77,1,0.5,1.5,0.01,0.5,SVN: +0.5,convergence
Yugosl.,Slovenia,SVN,1979-1989,% of S_EUR4,Yugosl.: Slovenia,"late socialism
(1973/75-1989)",0.234793016201761,-0.07973013304900593,-0.3145231492507669,1885870,NA,3,1992,126,2,1.5,2.5,0.01,-0.31,SVN: -0.31,divergence
Yugosl.,Slovenia,SVN,1989-1992,% of S_EUR4,Yugosl.: Slovenia,"transition
(1989-1991/92)",-0.07973013304900593,-0.40087342866100484,-0.3211432956119989,1995417,NA,3,1992,92,3,2.5,3.5,0.01,-0.32,SVN: -0.32,divergence
Yugosl.,Slovenia,SVN,1992-2022,% of S_EUR4,Yugosl.: Slovenia,"capitalism
(1992-2022)",-0.40087342866100484,-0.03877606075307253,0.3620973679079323,1995805,NA,3,1992,67,4,3.5,4.5,0.01,0.36,SVN: +0.36,convergence
USSR,Ukraine,UKR,1973-1989,% of S_EUR4,USSR: Ukraine,"late socialism
(1973/75-1989)",-0.6032455336287598,-0.7565273581345383,-0.15328182450577854,48277070,NA,3,1998,55,2,1.5,2.5,0.01,-0.15,UKR: -0.15,divergence
USSR,Ukraine,UKR,1989-1998,% of S_EUR4,USSR: Ukraine,"transition
(1989-1991/92)",-0.7565273581345383,-1.7498310219613449,-0.9933036638268066,51917779,NA,3,1998,47,3,2.5,3.5,0.01,-0.99,UKR: -0.99,divergence
USSR,Ukraine,UKR,1998-2022,% of S_EUR4,USSR: Ukraine,"capitalism
(1992-2022)",-1.7498310219613449,-1.4777717752811756,0.27205924668016923,50379676,NA,3,1998,17,4,3.5,4.5,0.01,0.27,UKR: +0.27,convergence
