country,region,start_yr,end_yr,start,end,pop_start,pop_end,mean_end,mean_start,scale_flag,scaling,change,log_change,mean_lin_diff,mean_log_diff,label_color,label_txt_linear,label_txt_log,label_final,x_text,mean_start_end_lin,mean_start_end_log,mean_label_val,mean_label_txt,region_lab,period_lab_T_F,period_lab,x_start,x_end,type_scale,sel_var
Georgia,ex-USSR/Balkans,2005,2023,14.98912,46.887165,3807436,4026093,32.228450630130936,14.341691389794603,FALSE,1,31.898045000000003,1.140419366033701,17.886759240336332,0.8096788450878547,black,$32,1.14,$32,30.9381425,14 → 32,2.66 → 3.47,18,+18 (14 → 32),"ex-USSR/Balkans
+18 (14 → 32)",FALSE,,14.98912,46.887165,linear,value
Romania,CEE,2005,2023,15.999725,47.077618,19118433,21213352,45.77661955120762,26.822660952896424,FALSE,1,31.077893000000003,1.0792261517876744,18.953958598311193,0.5345263824493995,black,$31,1.08,$31,31.5386715,27 → 46,3.29 → 3.82,19,+19 (27 → 46),"CEE
+19 (27 → 46)",FALSE,,15.999725,47.077618,linear,value
Kazakhstan,ex-USSR/Balkans,2005,2023,13.893486,37.569973,20330063,15968071,32.228450630130936,14.341691389794603,FALSE,1,23.676486999999998,0.994785043726801,17.886759240336332,0.8096788450878547,black,$24,0.99,$24,25.7317295,14 → 32,2.66 → 3.47,18,+18 (14 → 32),"ex-USSR/Balkans
+18 (14 → 32)",FALSE,,13.893486,37.569973,linear,value
Lithuania,CEE,2005,2023,26.430372,47.999832,2854061,3322225,45.77661955120762,26.822660952896424,FALSE,1,21.56946,0.5966837074697494,18.953958598311193,0.5345263824493995,black,$22,0.6,$22,37.215102,27 → 46,3.29 → 3.82,19,+19 (27 → 46),"CEE
+19 (27 → 46)",FALSE,,26.430372,47.999832,linear,value
Latvia,CEE,2005,2023,22.736782,43.99355,1882336,2239738,45.77661955120762,26.822660952896424,FALSE,1,21.256767999999997,0.6600590667080155,18.953958598311193,0.5345263824493995,black,$21,0.66,$21,33.365166,27 → 46,3.29 → 3.82,19,+19 (27 → 46),"CEE
+19 (27 → 46)",FALSE,,22.736782,43.99355,linear,value
Russia,ex-USSR/Balkans,2005,2023,16.024183,36.641933,145440454,144597838,32.228450630130936,14.341691389794603,FALSE,1,20.61775,0.827094276296819,17.886759240336332,0.8096788450878547,black,$21,0.83,$21,26.333058,14 → 32,2.66 → 3.47,18,+18 (14 → 32),"ex-USSR/Balkans
+18 (14 → 32)",FALSE,,16.024183,36.641933,linear,value
"South
Korea",Asia,2005,2023,33.5136,53.608574,51748695,47851594,19.409006059628425,7.743862430083926,FALSE,1,20.094974,0.4697576913739677,11.665143629544499,0.9188366031194388,black,$20,0.47,$20,43.561087,8 → 19,2.05 → 2.97,12,+12 (8 → 19),"Asia
+12 (8 → 19)",FALSE,,33.5136,53.608574,linear,value
Estonia,CEE,2005,2023,26.179033,46.154022,1367143,1354799,45.77661955120762,26.822660952896424,FALSE,1,19.974988999999997,0.5670252845405893,18.953958598311193,0.5345263824493995,black,$20,0.57,$20,36.1665275,27 → 46,3.29 → 3.82,19,+19 (27 → 46),"CEE
+19 (27 → 46)",FALSE,,26.179033,46.154022,linear,value
Belarus,ex-USSR/Balkans,2005,2023,15.565367,35.130318,9115626,9667778,32.228450630130936,14.341691389794603,FALSE,1,19.564951,0.8140161361717929,17.886759240336332,0.8096788450878547,black,$20,0.81,$20,25.347842500000002,14 → 32,2.66 → 3.47,18,+18 (14 → 32),"ex-USSR/Balkans
+18 (14 → 32)",FALSE,,15.565367,35.130318,linear,value
Uruguay,Latin America,2005,2023,19.504658,38.73502,3388029,3285727,23.15919863828814,17.107780762123383,FALSE,1,19.230362,0.6860907915733858,6.051417876164756,0.30285867564659485,black,$19,0.69,$19,29.119839,17 → 23,2.84 → 3.14,6,+6 (17 → 23),"Latin America
+6 (17 → 23)",FALSE,,19.504658,38.73502,linear,value
Poland,CEE,2005,2023,27.993326,46.688633,38762796,38124333,45.77661955120762,26.822660952896424,FALSE,1,18.695307000000003,0.5115346057154283,18.953958598311193,0.5345263824493995,black,$19,0.51,$19,37.3409795,27 → 46,3.29 → 3.82,19,+19 (27 → 46),"CEE
+19 (27 → 46)",FALSE,,27.993326,46.688633,linear,value
Spain,Southern Europe,2005,2023,46.64838,63.997158,47911535,43958840,61.39878314432743,47.82907161537171,FALSE,1,17.348777999999996,0.31620047612142055,13.569711528955722,0.24975636904707782,black,$17,0.32,$17,55.322769,48 → 61,3.87 → 4.12,14,+14 (48 → 61),"Southern Europe
+14 (48 → 61)",FALSE,,46.64838,63.997158,linear,value
Egypt,Africa,2005,2023,11.516994,28.79086,114535724,81100965,23.191506911659534,15.539268095484172,FALSE,1,17.273865999999998,0.9162342919434621,7.6522388161753625,0.4004158845264678,black,$17,0.92,$17,20.153927,16 → 23,2.74 → 3.14,8,+8 (16 → 23),"Africa
+8 (16 → 23)",FALSE,,11.516994,28.79086,linear,value
Azerbaijan,ex-USSR/Balkans,2005,2023,6.820282,23.42494,10318161,8597205,32.228450630130936,14.341691389794603,FALSE,1,16.604658,1.2339004467810113,17.886759240336332,0.8096788450878547,black,$17,1.23,$17,15.122611,14 → 32,2.66 → 3.47,18,+18 (14 → 32),"ex-USSR/Balkans
+18 (14 → 32)",FALSE,,6.820282,23.42494,linear,value
Bulgaria,CEE,2005,2023,21.04667,37.252995,6795757,7695001,45.77661955120762,26.822660952896424,FALSE,1,16.206325,0.5709899914380792,18.953958598311193,0.5345263824493995,black,$16,0.57,$16,29.1498325,27 → 46,3.29 → 3.82,19,+19 (27 → 46),"CEE
+19 (27 → 46)",FALSE,,21.04667,37.252995,linear,value
Czechia,CEE,2005,2023,35.115566,50.677856,10809674,10280103,45.77661955120762,26.822660952896424,FALSE,1,15.562289999999997,0.36684454195242777,18.953958598311193,0.5345263824493995,black,$16,0.37,$16,42.896710999999996,27 → 46,3.29 → 3.82,19,+19 (27 → 46),"CEE
+19 (27 → 46)",FALSE,,35.115566,50.677856,linear,value
Italy,Southern Europe,2005,2023,53.438343,67.24595,59499408,58519638,61.39878314432743,47.82907161537171,FALSE,1,13.80760699999999,0.22982827160899605,13.569711528955722,0.24975636904707782,black,$14,0.23,$14,60.3421465,48 → 61,3.87 → 4.12,14,+14 (48 → 61),"Southern Europe
+14 (48 → 61)",FALSE,,53.438343,67.24595,linear,value
Costa Rica,Latin America,2005,2023,14.271688,27.285439,5105469,4261187,23.15919863828814,17.107780762123383,FALSE,1,13.013751000000001,0.648075475323035,6.051417876164756,0.30285867564659485,black,$13,0.65,$13,20.7785635,17 → 23,2.84 → 3.14,6,+6 (17 → 23),"Latin America
+6 (17 → 23)",FALSE,,14.271688,27.285439,linear,value
Chile,Latin America,2005,2023,19.48057,32.017334,19658791,16348730,23.15919863828814,17.107780762123383,FALSE,1,12.536763999999998,0.4968598850734246,6.051417876164756,0.30285867564659485,black,$13,0.5,$13,25.748952,17 → 23,2.84 → 3.14,6,+6 (17 → 23),"Latin America
+6 (17 → 23)",FALSE,,19.48057,32.017334,linear,value
Croatia,CEE,2005,2023,29.038477,41.5619,3895973,4313901,45.77661955120762,26.822660952896424,FALSE,1,12.523423000000001,0.358562138543914,18.953958598311193,0.5345263824493995,black,$13,0.36,$13,35.300188500000004,27 → 46,3.29 → 3.82,19,+19 (27 → 46),"CEE
+19 (27 → 46)",FALSE,,29.038477,41.5619,linear,value
China,Asia,2005,2023,5.267778,17.692911,1422584878,1310027084,19.409006059628425,7.743862430083926,FALSE,1,12.425132999999999,1.2115554091172671,11.665143629544499,0.9188366031194388,black,$12,1.21,$12,11.4803445,8 → 19,2.05 → 2.97,12,+12 (8 → 19),"Asia
+12 (8 → 19)",FALSE,,5.267778,17.692911,linear,value
Slovenia,CEE,2005,2023,39.61084,51.474453,2118353,1996858,45.77661955120762,26.822660952896424,FALSE,1,11.863612999999994,0.26198280816473096,18.953958598311193,0.5345263824493995,black,$12,0.26,$12,45.542646500000004,27 → 46,3.29 → 3.82,19,+19 (27 → 46),"CEE
+19 (27 → 46)",FALSE,,39.61084,51.474453,linear,value
Argentina,Latin America,2005,2023,21.956108,33.81828,45538356,39216734,23.15919863828814,17.107780762123383,FALSE,1,11.862172000000001,0.43195611509205656,6.051417876164756,0.30285867564659485,black,$12,0.43,$12,27.887194,17 → 23,2.84 → 3.14,6,+6 (17 → 23),"Latin America
+6 (17 → 23)",FALSE,,21.956108,33.81828,linear,value
"North
Macedonia",ex-USSR/Balkans,2005,2023,16.79049,27.96674,1831749,2089764,32.228450630130936,14.341691389794603,FALSE,1,11.176250000000003,0.5102032922691406,17.886759240336332,0.8096788450878547,black,$11,0.51,$11,22.378615,14 → 32,2.66 → 3.47,18,+18 (14 → 32),"ex-USSR/Balkans
+18 (14 → 32)",FALSE,,16.79049,27.96674,linear,value
Slovakia,CEE,2005,2023,32.93329,43.989033,5518008,5376650,45.77661955120762,26.822660952896424,FALSE,1,11.055743,0.28945635255494434,18.953958598311193,0.5345263824493995,black,$11,0.29,$11,38.4611615,27 → 46,3.29 → 3.82,19,+19 (27 → 46),"CEE
+19 (27 → 46)",FALSE,,32.93329,43.989033,linear,value
Moldova,ex-USSR/Balkans,2005,2023,6.8527308,17.567554,3067017,3988618,32.228450630130936,14.341691389794603,FALSE,1,10.714823200000001,0.9414064481715902,17.886759240336332,0.8096788450878547,black,$11,0.94,$11,12.2101424,14 → 32,2.66 → 3.47,18,+18 (14 → 32),"ex-USSR/Balkans
+18 (14 → 32)",FALSE,,6.8527308,17.567554,linear,value
Hungary,CEE,2005,2023,32.128788,42.33395,9686418,10065654,45.77661955120762,26.822660952896424,FALSE,1,10.205162000000001,0.2758369139526038,18.953958598311193,0.5345263824493995,black,$10,0.28,$10,37.231369,27 → 46,3.29 → 3.82,19,+19 (27 → 46),"CEE
+19 (27 → 46)",FALSE,,32.128788,42.33395,linear,value
Thailand,Asia,2005,2023,9.0982485,19.039349,71702397,66017363,19.409006059628425,7.743862430083926,FALSE,1,9.941100500000001,0.7384259151320993,11.665143629544499,0.9188366031194388,black,$10,0.74,$10,14.068798750000001,8 → 19,2.05 → 2.97,12,+12 (8 → 19),"Asia
+12 (8 → 19)",FALSE,,9.0982485,19.039349,linear,value
"Dominican
Republic",Latin America,2005,2023,13.452188,23.229465,11331213,9224982,23.15919863828814,17.107780762123383,FALSE,1,9.777277000000002,0.5462797465558106,6.051417876164756,0.30285867564659485,black,$10,0.55,$10,18.3408265,17 → 23,2.84 → 3.14,6,+6 (17 → 23),"Latin America
+6 (17 → 23)",FALSE,,13.452188,23.229465,linear,value
Portugal,Southern Europe,2005,2023,33.0727,42.760372,10430680,10502943,61.39878314432743,47.82907161537171,FALSE,1,9.687672,0.2569036171819717,13.569711528955722,0.24975636904707782,black,$10,0.26,$10,37.916535999999994,48 → 61,3.87 → 4.12,14,+14 (48 → 61),"Southern Europe
+14 (48 → 61)",FALSE,,33.0727,42.760372,linear,value
Malaysia,Asia,2005,2023,20.31742,29.745306,35126249,25836027,19.409006059628425,7.743862430083926,FALSE,1,9.427886,0.3811926918850602,11.665143629544499,0.9188366031194388,black,$9,0.38,$9,25.031363,8 → 19,2.05 → 2.97,12,+12 (8 → 19),"Asia
+12 (8 → 19)",FALSE,,20.31742,29.745306,linear,value
Serbia,ex-USSR/Balkans,2005,2023,16.001125,25.35898,6773156,7539095,32.228450630130936,14.341691389794603,FALSE,1,9.357855,0.46047387567198383,17.886759240336332,0.8096788450878547,black,$9,0.46,$9,20.6800525,14 → 32,2.66 → 3.47,18,+18 (14 → 32),"ex-USSR/Balkans
+18 (14 → 32)",FALSE,,16.001125,25.35898,linear,value
Ukraine,ex-USSR/Balkans,2005,2023,9.985818,19.289892,37732781,47585510,32.228450630130936,14.341691389794603,FALSE,1,9.304073999999998,0.6584153417495238,17.886759240336332,0.8096788450878547,black,$9,0.66,$9,14.637854999999998,14 → 32,2.66 → 3.47,18,+18 (14 → 32),"ex-USSR/Balkans
+18 (14 → 32)",FALSE,,9.985818,19.289892,linear,value
Brazil,Latin America,2005,2023,12.276319,19.95744,211140678,184688047,23.15919863828814,17.107780762123383,FALSE,1,7.681120999999997,0.4859298840617711,6.051417876164756,0.30285867564659485,black,$8,0.49,$8,16.1168795,17 → 23,2.84 → 3.14,6,+6 (17 → 23),"Latin America
+6 (17 → 23)",FALSE,,12.276319,19.95744,linear,value
Ecuador,Latin America,2005,2023,11.528501,18.797377,17980034,13846112,23.15919863828814,17.107780762123383,FALSE,1,7.268876000000001,0.48889502166922844,6.051417876164756,0.30285867564659485,black,$7,0.49,$7,15.162939000000001,17 → 23,2.84 → 3.14,6,+6 (17 → 23),"Latin America
+6 (17 → 23)",FALSE,,11.528501,18.797377,linear,value
Morocco,Africa,2005,2023,7.150038,13.618808,37712463,30358088,23.191506911659534,15.539268095484172,FALSE,1,6.468769999999999,0.6443341071589436,7.6522388161753625,0.4004158845264678,black,$6,0.64,$6,10.384423,16 → 23,2.74 → 3.14,8,+8 (16 → 23),"Africa
+8 (16 → 23)",FALSE,,7.150038,13.618808,linear,value
Paraguay,Latin America,2005,2023,9.919018,16.35828,6844101,5448045,23.15919863828814,17.107780762123383,FALSE,1,6.439262000000001,0.5002802667119848,6.051417876164756,0.30285867564659485,black,$6,0.5,$6,13.138649000000001,17 → 23,2.84 → 3.14,6,+6 (17 → 23),"Latin America
+6 (17 → 23)",FALSE,,9.919018,16.35828,linear,value
Colombia,Latin America,2005,2023,10.149454,16.155731,52321104,42128928,23.15919863828814,17.107780762123383,FALSE,1,6.006276999999999,0.46485493646417275,6.051417876164756,0.30285867564659485,black,$6,0.46,$6,13.1525925,17 → 23,2.84 → 3.14,6,+6 (17 → 23),"Latin America
+6 (17 → 23)",FALSE,,10.149454,16.155731,linear,value
Israel,Asia,2005,2023,42.21452,46.17877,9256261,6728156,19.409006059628425,7.743862430083926,FALSE,1,3.96425,0.08975593097391124,11.665143629544499,0.9188366031194388,black,$4,0.09,$4,44.196645000000004,8 → 19,2.05 → 2.97,12,+12 (8 → 19),"Asia
+12 (8 → 19)",FALSE,,42.21452,46.17877,linear,value
Tunisia,Africa,2005,2023,14.176201,16.799356,12200387,10255431,23.191506911659534,15.539268095484172,FALSE,1,2.623154999999999,0.16977597968502806,7.6522388161753625,0.4004158845264678,black,$3,0.17,$3,15.487778500000001,16 → 23,2.74 → 3.14,8,+8 (16 → 23),"Africa
+8 (16 → 23)",FALSE,,14.176201,16.799356,linear,value
Greece,Southern Europe,2005,2023,35.795254,37.6641,10242850,10981291,61.39878314432743,47.82907161537171,FALSE,1,1.8688459999999978,0.05089207134347125,13.569711528955722,0.24975636904707782,black,$2,0.05,$2,36.729676999999995,48 → 61,3.87 → 4.12,14,+14 (48 → 61),"Southern Europe
+14 (48 → 61)",FALSE,,35.795254,37.6641,linear,value
Algeria,Africa,2005,2023,24.904377,25.869389,46164169,33109211,23.191506911659534,15.539268095484172,FALSE,1,0.9650120000000015,0.038016806673426565,7.6522388161753625,0.4004158845264678,black,$1,0.04,$1,25.386883,16 → 23,2.74 → 3.14,8,+8 (16 → 23),"Africa
+8 (16 → 23)",FALSE,,24.904377,25.869389,linear,value
Jamaica,Latin America,2005,2023,10.069793,10.500006,2839729,2687020,23.15919863828814,17.107780762123383,FALSE,1,0.4302130000000002,0.041835678179943755,6.051417876164756,0.30285867564659485,black,$0,0.04,$0,10.284899500000002,17 → 23,2.84 → 3.14,6,+6 (17 → 23),"Latin America
+6 (17 → 23)",FALSE,,10.069793,10.500006,linear,value
Iran,Asia,2005,2023,22.433914,22.038479,90608663,71828417,19.409006059628425,7.743862430083926,FALSE,1,-0.39543500000000265,-0.0177838607345646,11.665143629544499,0.9188366031194388,red,$0,-0.02,$0,22.2361965,8 → 19,2.05 → 2.97,12,+12 (8 → 19),"Asia
+12 (8 → 19)",FALSE,,22.433914,22.038479,linear,value
Mexico,Latin America,2005,2023,27.390198,26.803362,129739713,105811451,23.15919863828814,17.107780762123383,FALSE,1,-0.5868360000000017,-0.021657884754428352,6.051417876164756,0.30285867564659485,red,$-1,-0.02,$-1,27.096780000000003,17 → 23,2.84 → 3.14,6,+6 (17 → 23),"Latin America
+6 (17 → 23)",FALSE,,27.390198,26.803362,linear,value
"South
Africa",Africa,2005,2023,21.256033,19.420797,63212339,49489992,23.191506911659534,15.539268095484172,FALSE,1,-1.8352359999999983,-0.09029625877329694,7.6522388161753625,0.4004158845264678,red,$-2,-0.09,$-2,20.338414999999998,16 → 23,2.74 → 3.14,8,+8 (16 → 23),"Africa
+8 (16 → 23)",FALSE,,21.256033,19.420797,linear,value
Georgia,ex-USSR/Balkans,2005,2023,22.2122194681306,56.832117845594325,3807436,4026093,39.06423227321421,21.25280181186865,FALSE,1,34.61989837746373,0.9394590570042151,17.81143046134556,0.6087185360583687,black,+35%,0.94,+35%,39.52216865686246,21 → 39,3.06 → 3.67,18,+18% (21 → 39),"ex-USSR/Balkans
+18% (21 → 39)",FALSE,,22.2122194681306,56.832117845594325,linear,% of DE
Romania,CEE,2005,2023,23.709824401281452,57.06296667895942,19118433,21213352,55.48602132176616,39.748219495540255,FALSE,1,33.35314227767797,0.8782658427581885,15.737801826225905,0.33356607341991357,black,+33%,0.88,+33%,40.38639554012043,40 → 55,3.68 → 4.02,16,+16% (40 → 55),"CEE
+16% (40 → 55)",FALSE,,23.709824401281452,57.06296667895942,linear,% of DE
Kazakhstan,ex-USSR/Balkans,2005,2023,20.588610953104645,45.538712630456466,20330063,15968071,39.06423227321421,21.25280181186865,FALSE,1,24.95010167735182,0.7938247346973152,17.81143046134556,0.6087185360583687,black,+25%,0.79,+25%,33.063661791780554,21 → 39,3.06 → 3.67,18,+18% (21 → 39),"ex-USSR/Balkans
+18% (21 → 39)",FALSE,,20.588610953104645,45.538712630456466,linear,% of DE
Russia,ex-USSR/Balkans,2005,2023,23.746068454551526,44.4138316817912,145440454,144597838,39.06423227321421,21.25280181186865,FALSE,1,20.667763227239675,0.6261339672673332,17.81143046134556,0.6087185360583687,black,+21%,0.63,+21%,34.079950068171364,21 → 39,3.06 → 3.67,18,+18% (21 → 39),"ex-USSR/Balkans
+18% (21 → 39)",FALSE,,23.746068454551526,44.4138316817912,linear,% of DE
Latvia,CEE,2005,2023,33.69339839717351,53.32475567772216,1882336,2239738,55.48602132176616,39.748219495540255,FALSE,1,19.63135728054865,0.4590987576785295,15.737801826225905,0.33356607341991357,black,+20%,0.46,+20%,43.50907703744784,40 → 55,3.68 → 4.02,16,+16% (40 → 55),"CEE
+16% (40 → 55)",FALSE,,33.69339839717351,53.32475567772216,linear,% of DE
Belarus,ex-USSR/Balkans,2005,2023,23.06615384398801,42.5815971711918,9115626,9667778,39.06423227321421,21.25280181186865,FALSE,1,19.515443327203794,0.613055827142307,17.81143046134556,0.6087185360583687,black,+20%,0.61,+20%,32.823875507589904,21 → 39,3.06 → 3.67,18,+18% (21 → 39),"ex-USSR/Balkans
+18% (21 → 39)",FALSE,,23.06615384398801,42.5815971711918,linear,% of DE
Lithuania,CEE,2005,2023,39.1668906172166,58.18078591001885,2854061,3322225,55.48602132176616,39.748219495540255,FALSE,1,19.013895292802246,0.39572339844026355,15.737801826225905,0.33356607341991357,black,+19%,0.4,+19%,48.673838263617725,40 → 55,3.68 → 4.02,16,+16% (40 → 55),"CEE
+16% (40 → 55)",FALSE,,39.1668906172166,58.18078591001885,linear,% of DE
Azerbaijan,ex-USSR/Balkans,2005,2023,10.106904249118072,28.393462274931235,10318161,8597205,39.06423227321421,21.25280181186865,FALSE,1,18.286558025813164,1.0329401377515255,17.81143046134556,0.6087185360583687,black,+18%,1.03,+18%,19.250183262024652,21 → 39,3.06 → 3.67,18,+18% (21 → 39),"ex-USSR/Balkans
+18% (21 → 39)",FALSE,,10.106904249118072,28.393462274931235,linear,% of DE
Uruguay,Latin America,2005,2023,28.903747794855814,46.95087069972033,3388029,3285727,28.07135612103481,25.351840595108122,FALSE,1,18.04712290486452,0.4851304825439,2.7195155259266883,0.10189836661710917,black,+18%,0.49,+18%,37.92730924728807,25 → 28,3.23 → 3.33,3,+3% (25 → 28),"Latin America
+3% (25 → 28)",FALSE,,28.903747794855814,46.95087069972033,linear,% of DE
Egypt,Africa,2005,2023,17.066912423220526,34.897515095997115,114535724,81100965,28.11051710676791,23.027478151553538,FALSE,1,17.83060267277659,0.7152739829139764,5.0830389552143735,0.19945557549698192,black,+18%,0.72,+18%,25.98221375960882,23 → 28,3.14 → 3.34,5,+5% (23 → 28),"Africa
+5% (23 → 28)",FALSE,,17.066912423220526,34.897515095997115,linear,% of DE
Estonia,CEE,2005,2023,38.79443399341878,55.943472320242705,1367143,1354799,55.48602132176616,39.748219495540255,FALSE,1,17.149038326823927,0.36606497551110356,15.737801826225905,0.33356607341991357,black,+17%,0.37,+17%,47.36895315683074,40 → 55,3.68 → 4.02,16,+16% (40 → 55),"CEE
+16% (40 → 55)",FALSE,,38.79443399341878,55.943472320242705,linear,% of DE
"South
Korea",Asia,2005,2023,49.663451781501614,64.97916423614572,51748695,47851594,23.52573288759636,11.475548386298549,FALSE,1,15.315712454644107,0.2687973823444818,12.05018450129781,0.7178762940899531,black,+15%,0.27,+15%,57.321308008823664,11 → 24,2.44 → 3.16,12,+12% (11 → 24),"Asia
+12% (11 → 24)",FALSE,,49.663451781501614,64.97916423614572,linear,% of DE
Poland,CEE,2005,2023,41.48301573107203,56.59147642442668,38762796,38124333,55.48602132176616,39.748219495540255,FALSE,1,15.108460693354651,0.3105742966859424,15.737801826225905,0.33356607341991357,black,+15%,0.31,+15%,49.03724607774936,40 → 55,3.68 → 4.02,16,+16% (40 → 55),"CEE
+16% (40 → 55)",FALSE,,41.48301573107203,56.59147642442668,linear,% of DE
Bulgaria,CEE,2005,2023,31.188839178905777,45.1545023449666,6795757,7695001,55.48602132176616,39.748219495540255,FALSE,1,13.965663166060825,0.37002968240859346,15.737801826225905,0.33356607341991357,black,+14%,0.37,+14%,38.17167076193619,40 → 55,3.68 → 4.02,16,+16% (40 → 55),"CEE
+16% (40 → 55)",FALSE,,31.188839178905777,45.1545023449666,linear,% of DE
China,Asia,2005,2023,7.806264880485982,21.445647289265878,1422584878,1310027084,23.52573288759636,11.475548386298549,FALSE,1,13.639382408779895,1.0105951000877815,12.05018450129781,0.7178762940899531,black,+14%,1.01,+14%,14.62595608487593,11 → 24,2.44 → 3.16,12,+12% (11 → 24),"Asia
+12% (11 → 24)",FALSE,,7.806264880485982,21.445647289265878,linear,% of DE
Costa Rica,Latin America,2005,2023,21.149064523913733,33.072788357256734,5105469,4261187,28.07135612103481,25.351840595108122,FALSE,1,11.923723833343,0.44711516629354936,2.7195155259266883,0.10189836661710917,black,+12%,0.45,+12%,27.11092644058523,25 → 28,3.23 → 3.33,3,+3% (25 → 28),"Latin America
+3% (25 → 28)",FALSE,,21.149064523913733,33.072788357256734,linear,% of DE
Moldova,ex-USSR/Balkans,2005,2023,10.154989784965238,21.29370157455333,3067017,3988618,39.06423227321421,21.25280181186865,FALSE,1,11.138711789588093,0.7404461391421043,17.81143046134556,0.6087185360583687,black,+11%,0.74,+11%,15.724345679759285,21 → 39,3.06 → 3.67,18,+18% (21 → 39),"ex-USSR/Balkans
+18% (21 → 39)",FALSE,,10.154989784965238,21.29370157455333,linear,% of DE
Chile,Latin America,2005,2023,28.86805204069891,38.80833697217039,19658791,16348730,28.07135612103481,25.351840595108122,FALSE,1,9.940284931471478,0.2958995760439385,2.7195155259266883,0.10189836661710917,black,+10%,0.3,+10%,33.83819450643465,25 → 28,3.23 → 3.33,3,+3% (25 → 28),"Latin America
+3% (25 → 28)",FALSE,,28.86805204069891,38.80833697217039,linear,% of DE
Thailand,Asia,2005,2023,13.482598875557072,23.077670105910613,71702397,66017363,23.52573288759636,11.475548386298549,FALSE,1,9.595071230353541,0.5374656061026134,12.05018450129781,0.7178762940899531,black,+10%,0.54,+10%,18.280134490733843,11 → 24,2.44 → 3.16,12,+12% (11 → 24),"Asia
+12% (11 → 24)",FALSE,,13.482598875557072,23.077670105910613,linear,% of DE
Czechia,CEE,2005,2023,52.037388368338156,61.42682937546041,10809674,10280103,55.48602132176616,39.748219495540255,FALSE,1,9.389441007122251,0.16588423292294208,15.737801826225905,0.33356607341991357,black,+9%,0.17,+9%,56.732108871899285,40 → 55,3.68 → 4.02,16,+16% (40 → 55),"CEE
+16% (40 → 55)",FALSE,,52.037388368338156,61.42682937546041,linear,% of DE
"North
Macedonia",ex-USSR/Balkans,2005,2023,24.881650747839235,33.898595989693476,1831749,2089764,39.06423227321421,21.25280181186865,FALSE,1,9.016945241854241,0.30924298323965466,17.81143046134556,0.6087185360583687,black,+9%,0.31,+9%,29.390123368766353,21 → 39,3.06 → 3.67,18,+18% (21 → 39),"ex-USSR/Balkans
+18% (21 → 39)",FALSE,,24.881650747839235,33.898595989693476,linear,% of DE
Ukraine,ex-USSR/Balkans,2005,2023,14.797878793738988,23.381354265560457,37732781,47585510,39.06423227321421,21.25280181186865,FALSE,1,8.583475471821469,0.45745503272003785,17.81143046134556,0.6087185360583687,black,+9%,0.46,+9%,19.089616529649724,21 → 39,3.06 → 3.67,18,+18% (21 → 39),"ex-USSR/Balkans
+18% (21 → 39)",FALSE,,14.797878793738988,23.381354265560457,linear,% of DE
Argentina,Latin America,2005,2023,32.53652579751032,40.99127073038657,45538356,39216734,28.07135612103481,25.351840595108122,FALSE,1,8.454744932876245,0.23099580606257078,2.7195155259266883,0.10189836661710917,black,+8%,0.23,+8%,36.76389826394845,25 → 28,3.23 → 3.33,3,+3% (25 → 28),"Latin America
+3% (25 → 28)",FALSE,,32.53652579751032,40.99127073038657,linear,% of DE
Spain,Southern Europe,2005,2023,69.12774428337048,77.57120792522045,47911535,43958840,74.42170750213852,70.87739878509025,FALSE,1,8.443463641849974,0.11524016709193458,3.544308717048267,0.04879606001759204,black,+8%,0.12,+8%,73.34947610429546,71 → 74,4.26 → 4.31,4,+4% (71 → 74),"Southern Europe
+4% (71 → 74)",FALSE,,69.12774428337048,77.57120792522045,linear,% of DE
"Dominican
Republic",Latin America,2005,2023,19.934656082715513,28.156526255535148,11331213,9224982,28.07135612103481,25.351840595108122,FALSE,1,8.221870172819635,0.3453194375263248,2.7195155259266883,0.10189836661710917,black,+8%,0.35,+8%,24.04559116912533,25 → 28,3.23 → 3.33,3,+3% (25 → 28),"Latin America
+3% (25 → 28)",FALSE,,19.934656082715513,28.156526255535148,linear,% of DE
Croatia,CEE,2005,2023,43.03181401871908,50.37734311056782,3895973,4313901,55.48602132176616,39.748219495540255,FALSE,1,7.345529091848739,0.15760182951442814,15.737801826225905,0.33356607341991357,black,+7%,0.16,+7%,46.704578564643455,40 → 55,3.68 → 4.02,16,+16% (40 → 55),"CEE
+16% (40 → 55)",FALSE,,43.03181401871908,50.37734311056782,linear,% of DE
Serbia,ex-USSR/Balkans,2005,2023,23.711899046574523,30.73771979611199,6773156,7539095,39.06423227321421,21.25280181186865,FALSE,1,7.025820749537466,0.25951356664249803,17.81143046134556,0.6087185360583687,black,+7%,0.26,+7%,27.224809421343256,21 → 39,3.06 → 3.67,18,+18% (21 → 39),"ex-USSR/Balkans
+18% (21 → 39)",FALSE,,23.711899046574523,30.73771979611199,linear,% of DE
Brazil,Latin America,2005,2023,18.192148164053762,24.190491832389053,211140678,184688047,28.07135612103481,25.351840595108122,FALSE,1,5.998343668335291,0.28496957503228554,2.7195155259266883,0.10189836661710917,black,+6%,0.28,+6%,21.19131999822141,25 → 28,3.23 → 3.33,3,+3% (25 → 28),"Latin America
+3% (25 → 28)",FALSE,,18.192148164053762,24.190491832389053,linear,% of DE
Malaysia,Asia,2005,2023,30.10817126463634,36.054402861535,35126249,25836027,23.52573288759636,11.475548386298549,FALSE,1,5.946231596898663,0.18023238285557447,12.05018450129781,0.7178762940899531,black,+6%,0.18,+6%,33.08128706308567,11 → 24,2.44 → 3.16,12,+12% (11 → 24),"Asia
+12% (11 → 24)",FALSE,,30.10817126463634,36.054402861535,linear,% of DE
Morocco,Africa,2005,2023,10.595566201449689,16.50741095505609,37712463,30358088,28.11051710676791,23.027478151553538,FALSE,1,5.9118447536064025,0.44337379812945776,5.0830389552143735,0.19945557549698192,black,+6%,0.44,+6%,13.55148857825289,23 → 28,3.14 → 3.34,5,+5% (23 → 28),"Africa
+5% (23 → 28)",FALSE,,10.595566201449689,16.50741095505609,linear,% of DE
Ecuador,Latin America,2005,2023,17.083964525640134,22.784374889206124,17980034,13846112,28.07135612103481,25.351840595108122,FALSE,1,5.7004103635659895,0.2879347126397426,2.7195155259266883,0.10189836661710917,black,+6%,0.29,+6%,19.93416970742313,25 → 28,3.23 → 3.33,3,+3% (25 → 28),"Latin America
+3% (25 → 28)",FALSE,,17.083964525640134,22.784374889206124,linear,% of DE
Paraguay,Latin America,2005,2023,14.69888857546926,19.827935783944895,6844101,5448045,28.07135612103481,25.351840595108122,FALSE,1,5.129047208475635,0.2993199576824989,2.7195155259266883,0.10189836661710917,black,+5%,0.3,+5%,17.26341217970708,25 → 28,3.23 → 3.33,3,+3% (25 → 28),"Latin America
+3% (25 → 28)",FALSE,,14.69888857546926,19.827935783944895,linear,% of DE
Colombia,Latin America,2005,2023,15.040369263151938,19.582425341214833,52321104,42128928,28.07135612103481,25.351840595108122,FALSE,1,4.542056078062895,0.2638946274346868,2.7195155259266883,0.10189836661710917,black,+5%,0.26,+5%,17.311397302183387,25 → 28,3.23 → 3.33,3,+3% (25 → 28),"Latin America
+3% (25 → 28)",FALSE,,15.040369263151938,19.582425341214833,linear,% of DE
Slovakia,CEE,2005,2023,48.80349648862579,53.31928060418533,5518008,5376650,55.48602132176616,39.748219495540255,FALSE,1,4.515784115559541,0.08849604352545855,15.737801826225905,0.33356607341991357,black,+5%,0.09,+5%,51.06138854640556,40 → 55,3.68 → 4.02,16,+16% (40 → 55),"CEE
+16% (40 → 55)",FALSE,,48.80349648862579,53.31928060418533,linear,% of DE
Hungary,CEE,2005,2023,47.611313426074425,51.31314796425627,9686418,10065654,55.48602132176616,39.748219495540255,FALSE,1,3.701834538181842,0.07487660492311805,15.737801826225905,0.33356607341991357,black,+4%,0.07,+4%,49.462230695165346,40 → 55,3.68 → 4.02,16,+16% (40 → 55),"CEE
+16% (40 → 55)",FALSE,,47.611313426074425,51.31314796425627,linear,% of DE
Slovenia,CEE,2005,2023,58.69888768633557,62.39238774478059,2118353,1996858,55.48602132176616,39.748219495540255,FALSE,1,3.693500058445025,0.06102249913524514,15.737801826225905,0.33356607341991357,black,+4%,0.06,+4%,60.54563771555808,40 → 55,3.68 → 4.02,16,+16% (40 → 55),"CEE
+16% (40 → 55)",FALSE,,58.69888768633557,62.39238774478059,linear,% of DE
Portugal,Southern Europe,2005,2023,49.01008670313151,51.83001575432107,10430680,10502943,74.42170750213852,70.87739878509025,FALSE,1,2.819929051189554,0.05594330815248602,3.544308717048267,0.04879606001759204,black,+3%,0.06,+3%,50.420051228726294,71 → 74,4.26 → 4.31,4,+4% (71 → 74),"Southern Europe
+4% (71 → 74)",FALSE,,49.01008670313151,51.83001575432107,linear,% of DE
Italy,Southern Europe,2005,2023,79.18971912488794,81.50908153732355,59499408,58519638,74.42170750213852,70.87739878509025,FALSE,1,2.319362412435609,0.028867962579510298,3.544308717048267,0.04879606001759204,black,+2%,0.03,+2%,80.34940033110576,71 → 74,4.26 → 4.31,4,+4% (71 → 74),"Southern Europe
+4% (71 → 74)",FALSE,,79.18971912488794,81.50908153732355,linear,% of DE
Tunisia,Africa,2005,2023,21.007563341699342,20.36256574527575,12200387,10255431,28.11051710676791,23.027478151553538,FALSE,1,-0.6449975964235932,-0.031184329344457685,5.0830389552143735,0.19945557549698192,red,-1%,-0.03,-1%,20.685064543487545,23 → 28,3.14 → 3.34,5,+5% (23 → 28),"Africa
+5% (23 → 28)",FALSE,,21.007563341699342,20.36256574527575,linear,% of DE
Jamaica,Latin America,2005,2023,14.9223204640863,12.727098735260437,2839729,2687020,28.07135612103481,25.351840595108122,FALSE,1,-2.195221728825862,-0.15912463084954204,2.7195155259266883,0.10189836661710917,red,-2%,-0.16,-2%,13.824709599673369,25 → 28,3.23 → 3.33,3,+3% (25 → 28),"Latin America
+3% (25 → 28)",FALSE,,14.9223204640863,12.727098735260437,linear,% of DE
Algeria,Africa,2005,2023,36.90553465720895,31.35638856052656,46164169,33109211,28.11051710676791,23.027478151553538,FALSE,1,-5.549146096682392,-0.16294350235605937,5.0830389552143735,0.19945557549698192,red,-6%,-0.16,-6%,34.13096160886776,23 → 28,3.14 → 3.34,5,+5% (23 → 28),"Africa
+5% (23 → 28)",FALSE,,36.90553465720895,31.35638856052656,linear,% of DE
Iran,Asia,2005,2023,33.244581489584945,26.712927421942773,90608663,71828417,23.52573288759636,11.475548386298549,FALSE,1,-6.531654067642172,-0.21874416976405028,12.05018450129781,0.7178762940899531,red,-7%,-0.22,-7%,29.97875445576386,11 → 24,2.44 → 3.16,12,+12% (11 → 24),"Asia
+12% (11 → 24)",FALSE,,33.244581489584945,26.712927421942773,linear,% of DE
Israel,Asia,2005,2023,62.55725372682242,55.97346946876817,9256261,6728156,23.52573288759636,11.475548386298549,FALSE,1,-6.583784258054244,-0.1112043780555745,12.05018450129781,0.7178762940899531,red,-7%,-0.11,-7%,59.26536159779529,11 → 24,2.44 → 3.16,12,+12% (11 → 24),"Asia
+12% (11 → 24)",FALSE,,62.55725372682242,55.97346946876817,linear,% of DE
Greece,Southern Europe,2005,2023,53.044610875453635,45.65280433884729,10242850,10981291,74.42170750213852,70.87739878509025,FALSE,1,-7.391806536606346,-0.15006823768601468,3.544308717048267,0.04879606001759204,red,-7%,-0.15,-7%,49.34870760715046,71 → 74,4.26 → 4.31,4,+4% (71 → 74),"Southern Europe
+4% (71 → 74)",FALSE,,53.044610875453635,45.65280433884729,linear,% of DE
"South
Africa",Africa,2005,2023,31.49909200925914,23.540024732981074,63212339,49489992,28.11051710676791,23.027478151553538,FALSE,1,-7.959067276278066,-0.29125656780278286,5.0830389552143735,0.19945557549698192,red,-8%,-0.29,-8%,27.519558371120105,23 → 28,3.14 → 3.34,5,+5% (23 → 28),"Africa
+5% (23 → 28)",FALSE,,31.49909200925914,23.540024732981074,linear,% of DE
Mexico,Latin America,2005,2023,40.58924668369802,32.4884609219202,129739713,105811451,28.07135612103481,25.351840595108122,FALSE,1,-8.100785761777821,-0.2226181937839142,2.7195155259266883,0.10189836661710917,red,-8%,-0.22,-8%,36.538853802809115,25 → 28,3.23 → 3.33,3,+3% (25 → 28),"Latin America
+3% (25 → 28)",FALSE,,40.58924668369802,32.4884609219202,linear,% of DE
Georgia,ex-USSR/Balkans,2005,2023,24.03932967808798,61.159783031835275,3807436,4026093,42.03890442066657,23.000993217791855,FALSE,1,37.120453353747294,0.9337986078331963,19.037911202874714,0.60305808688735,black,+37%,0.93,+37%,42.59955635496163,23 → 42,3.14 → 3.74,19,+19% (23 → 42),"ex-USSR/Balkans
+19% (23 → 42)",FALSE,,24.03932967808798,61.159783031835275,linear,% of W_EUR3
Romania,CEE,2005,2023,25.660123078189127,61.4082105952796,19118433,21213352,59.711183640186526,43.01778820172596,FALSE,1,35.74808751709047,0.8726053935871698,16.693395438460563,0.32790562424889474,black,+36%,0.87,+36%,43.534166836734364,43 → 60,3.76 → 4.09,17,+17% (43 → 60),"CEE
+17% (43 → 60)",FALSE,,25.660123078189127,61.4082105952796,linear,% of W_EUR3
Kazakhstan,ex-USSR/Balkans,2005,2023,22.28216802133146,49.00640499786901,20330063,15968071,42.03890442066657,23.000993217791855,FALSE,1,26.72423697653755,0.7881642855262965,19.037911202874714,0.60305808688735,black,+27%,0.79,+27%,35.644286509600235,23 → 42,3.14 → 3.74,19,+19% (23 → 42),"ex-USSR/Balkans
+19% (23 → 42)",FALSE,,22.28216802133146,49.00640499786901,linear,% of W_EUR3
Russia,ex-USSR/Balkans,2005,2023,25.69934845801574,47.79586635590028,145440454,144597838,42.03890442066657,23.000993217791855,FALSE,1,22.09651789788454,0.6204735180963145,19.037911202874714,0.60305808688735,black,+22%,0.62,+22%,36.74760740695801,23 → 42,3.14 → 3.74,19,+19% (23 → 42),"ex-USSR/Balkans
+19% (23 → 42)",FALSE,,25.69934845801574,47.79586635590028,linear,% of W_EUR3
Latvia,CEE,2005,2023,36.46491577336205,57.385341442593,1882336,2239738,59.711183640186526,43.01778820172596,FALSE,1,20.92042566923095,0.4534383085075107,16.693395438460563,0.32790562424889474,black,+21%,0.45,+21%,46.92512860797753,43 → 60,3.76 → 4.09,17,+17% (43 → 60),"CEE
+17% (43 → 60)",FALSE,,36.46491577336205,57.385341442593,linear,% of W_EUR3
Belarus,ex-USSR/Balkans,2005,2023,24.963506121335428,45.82411043020787,9115626,9667778,42.03890442066657,23.000993217791855,FALSE,1,20.86060430887244,0.6073953779712882,19.037911202874714,0.60305808688735,black,+21%,0.61,+21%,35.39380827577165,23 → 42,3.14 → 3.74,19,+19% (23 → 42),"ex-USSR/Balkans
+19% (23 → 42)",FALSE,,24.963506121335428,45.82411043020787,linear,% of W_EUR3
Lithuania,CEE,2005,2023,42.38864096241177,62.611149782345414,2854061,3322225,59.711183640186526,43.01778820172596,FALSE,1,20.222508819933644,0.39006294926924473,16.693395438460563,0.32790562424889474,black,+20%,0.39,+20%,52.49989537237859,43 → 60,3.76 → 4.09,17,+17% (43 → 60),"CEE
+17% (43 → 60)",FALSE,,42.38864096241177,62.611149782345414,linear,% of W_EUR3
Azerbaijan,ex-USSR/Balkans,2005,2023,10.938267723223861,30.555574173310742,10318161,8597205,42.03890442066657,23.000993217791855,FALSE,1,19.61730645008688,1.0272796885805067,19.037911202874714,0.60305808688735,black,+20%,1.03,+20%,20.746920948267302,23 → 42,3.14 → 3.74,19,+19% (23 → 42),"ex-USSR/Balkans
+19% (23 → 42)",FALSE,,10.938267723223861,30.555574173310742,linear,% of W_EUR3
Uruguay,Latin America,2005,2023,31.281282951924872,50.526096404715446,3388029,3285727,30.208940205893818,27.437206573910625,FALSE,1,19.244813452790574,0.47947003337288124,2.7717336319831922,0.09623791744609028,black,+19%,0.48,+19%,40.90368967832016,27 → 30,3.31 → 3.41,3,+3% (27 → 30),"Latin America
+3% (27 → 30)",FALSE,,31.281282951924872,50.526096404715446,linear,% of W_EUR3
Egypt,Africa,2005,2023,18.470785187293263,37.55489910511639,114535724,81100965,30.251083231379102,24.921649083037448,FALSE,1,19.084113917823128,0.7096135337429574,5.3294341483416545,0.1937951263259634,black,+19%,0.71,+19%,28.012842146204825,25 → 30,3.22 → 3.41,5,+5% (25 → 30),"Africa
+5% (25 → 30)",FALSE,,18.470785187293263,37.55489910511639,linear,% of W_EUR3
Estonia,CEE,2005,2023,41.98554717959057,60.20346872255022,1367143,1354799,59.711183640186526,43.01778820172596,FALSE,1,18.21792154295965,0.3604045263400847,16.693395438460563,0.32790562424889474,black,+18%,0.36,+18%,51.0945079510704,43 → 60,3.76 → 4.09,17,+17% (43 → 60),"CEE
+17% (43 → 60)",FALSE,,41.98554717959057,60.20346872255022,linear,% of W_EUR3
"South
Korea",Asia,2005,2023,53.748617603940005,69.92721258549297,51748695,47851594,25.317175808570436,12.419492401058037,FALSE,1,16.178594981552962,0.26313693317346315,12.8976834075124,0.7122158449189343,black,+16%,0.26,+16%,61.837915094716486,12 → 25,2.52 → 3.23,13,+13% (12 → 25),"Asia
+13% (12 → 25)",FALSE,,53.748617603940005,69.92721258549297,linear,% of W_EUR3
Poland,CEE,2005,2023,44.89528354567793,60.900817192359234,38762796,38124333,59.711183640186526,43.01778820172596,FALSE,1,16.005533646681307,0.30491384751492356,16.693395438460563,0.32790562424889474,black,+16%,0.3,+16%,52.89805036901858,43 → 60,3.76 → 4.09,17,+17% (43 → 60),"CEE
+17% (43 → 60)",FALSE,,44.89528354567793,60.900817192359234,linear,% of W_EUR3
Bulgaria,CEE,2005,2023,33.754339064329585,48.59293777915649,6795757,7695001,59.711183640186526,43.01778820172596,FALSE,1,14.838598714826908,0.3643692332375747,16.693395438460563,0.32790562424889474,black,+15%,0.36,+15%,41.173638421743036,43 → 60,3.76 → 4.09,17,+17% (43 → 60),"CEE
+17% (43 → 60)",FALSE,,33.754339064329585,48.59293777915649,linear,% of W_EUR3
China,Asia,2005,2023,8.44838469589802,23.0786953734902,1422584878,1310027084,25.317175808570436,12.419492401058037,FALSE,1,14.630310677592178,1.0049346509167627,12.8976834075124,0.7122158449189343,black,+15%,1,+15%,15.76354003469411,12 → 25,2.52 → 3.23,13,+13% (12 → 25),"Asia
+13% (12 → 25)",FALSE,,8.44838469589802,23.0786953734902,linear,% of W_EUR3
Costa Rica,Latin America,2005,2023,22.88872281326803,35.59122265482198,5105469,4261187,30.208940205893818,27.437206573910625,FALSE,1,12.702499841553955,0.4414547171225304,2.7717336319831922,0.09623791744609028,black,+13%,0.44,+13%,29.239972734045004,27 → 30,3.31 → 3.41,3,+3% (27 → 30),"Latin America
+3% (27 → 30)",FALSE,,22.88872281326803,35.59122265482198,linear,% of W_EUR3
Moldova,ex-USSR/Balkans,2005,2023,10.990308630285671,22.915179261532444,3067017,3988618,42.03890442066657,23.000993217791855,FALSE,1,11.924870631246772,0.7347856899710856,19.037911202874714,0.60305808688735,black,+12%,0.73,+12%,16.952743945909056,23 → 42,3.14 → 3.74,19,+19% (23 → 42),"ex-USSR/Balkans
+19% (23 → 42)",FALSE,,10.990308630285671,22.915179261532444,linear,% of W_EUR3
Chile,Latin America,2005,2023,31.242650972643514,41.76352314535976,19658791,16348730,30.208940205893818,27.437206573910625,FALSE,1,10.520872172716249,0.2902391268729199,2.7717336319831922,0.09623791744609028,black,+11%,0.29,+11%,36.503087059001636,27 → 30,3.31 → 3.41,3,+3% (27 → 30),"Latin America
+3% (27 → 30)",FALSE,,31.242650972643514,41.76352314535976,linear,% of W_EUR3
Thailand,Asia,2005,2023,14.591636812879573,24.834993839089865,71702397,66017363,25.317175808570436,12.419492401058037,FALSE,1,10.243357026210292,0.5318051569315947,12.8976834075124,0.7122158449189343,black,+10%,0.53,+10%,19.71331532598472,12 → 25,2.52 → 3.23,13,+13% (12 → 25),"Asia
+13% (12 → 25)",FALSE,,14.591636812879573,24.834993839089865,linear,% of W_EUR3
Czechia,CEE,2005,2023,56.31782705766964,66.10437371247743,10809674,10280103,59.711183640186526,43.01778820172596,FALSE,1,9.786546654807786,0.16022378375192345,16.693395438460563,0.32790562424889474,black,+10%,0.16,+10%,61.211100385073536,43 → 60,3.76 → 4.09,17,+17% (43 → 60),"CEE
+17% (43 → 60)",FALSE,,56.31782705766964,66.10437371247743,linear,% of W_EUR3
"North
Macedonia",ex-USSR/Balkans,2005,2023,26.928340327293355,36.47991407686408,1831749,2089764,42.03890442066657,23.000993217791855,FALSE,1,9.551573749570721,0.30358253406863595,19.037911202874714,0.60305808688735,black,+10%,0.3,+10%,31.704127202078716,23 → 42,3.14 → 3.74,19,+19% (23 → 42),"ex-USSR/Balkans
+19% (23 → 42)",FALSE,,26.928340327293355,36.47991407686408,linear,% of W_EUR3
Ukraine,ex-USSR/Balkans,2005,2023,16.01510769193823,25.161803010003585,37732781,47585510,42.03890442066657,23.000993217791855,FALSE,1,9.146695318065355,0.451794583549019,19.037911202874714,0.60305808688735,black,+9%,0.45,+9%,20.588455350970907,23 → 42,3.14 → 3.74,19,+19% (23 → 42),"ex-USSR/Balkans
+19% (23 → 42)",FALSE,,16.01510769193823,25.161803010003585,linear,% of W_EUR3
Argentina,Latin America,2005,2023,35.2128823212907,44.11268344566906,45538356,39216734,30.208940205893818,27.437206573910625,FALSE,1,8.899801124378364,0.22533535689155204,2.7717336319831922,0.09623791744609028,black,+9%,0.23,+9%,39.66278288347988,27 → 30,3.31 → 3.41,3,+3% (27 → 30),"Latin America
+3% (27 → 30)",FALSE,,35.2128823212907,44.11268344566906,linear,% of W_EUR3
"Dominican
Republic",Latin America,2005,2023,21.574420794791084,30.300595895392934,11331213,9224982,30.208940205893818,27.437206573910625,FALSE,1,8.72617510060185,0.3396589883553061,2.7717336319831922,0.09623791744609028,black,+9%,0.34,+9%,25.93750834509201,27 → 30,3.31 → 3.41,3,+3% (27 → 30),"Latin America
+3% (27 → 30)",FALSE,,21.574420794791084,30.300595895392934,linear,% of W_EUR3
Spain,Southern Europe,2005,2023,74.81398412773571,83.47811811471392,47911535,43958840,73.26861584125452,68.90322751776016,FALSE,1,8.664133986978214,0.10957971792091581,4.365388323494358,0.06142933635496835,black,+9%,0.11,+9%,79.146051121224815,69 → 73,4.23 → 4.29,4,+4% (69 → 73),"Southern Europe
+4% (69 → 73)",FALSE,,74.81398412773571,83.47811811471392,linear,% of W_EUR3
Croatia,CEE,2005,2023,46.5714813112828,54.21348862510315,3895973,4313901,59.711183640186526,43.01778820172596,FALSE,1,7.642007313820351,0.15194138034340934,16.693395438460563,0.32790562424889474,black,+8%,0.15,+8%,50.392484968192974,43 → 60,3.76 → 4.09,17,+17% (43 → 60),"CEE
+17% (43 → 60)",FALSE,,46.5714813112828,54.21348862510315,linear,% of W_EUR3
Serbia,ex-USSR/Balkans,2005,2023,25.662368377549548,33.078342755605924,6773156,7539095,42.03890442066657,23.000993217791855,FALSE,1,7.415974378056376,0.25385311747147904,19.037911202874714,0.60305808688735,black,+7%,0.25,+7%,29.370355566577736,23 → 42,3.14 → 3.74,19,+19% (23 → 42),"ex-USSR/Balkans
+19% (23 → 42)",FALSE,,25.662368377549548,33.078342755605924,linear,% of W_EUR3
Brazil,Latin America,2005,2023,19.6885794279034,26.032554970445972,211140678,184688047,30.208940205893818,27.437206573910625,FALSE,1,6.343975542542573,0.2793091258612665,2.7717336319831922,0.09623791744609028,black,+6%,0.28,+6%,22.860567199174685,27 → 30,3.31 → 3.41,3,+3% (27 → 30),"Latin America
+3% (27 → 30)",FALSE,,19.6885794279034,26.032554970445972,linear,% of W_EUR3
Morocco,Africa,2005,2023,11.467125534578203,17.76442108266137,37712463,30358088,30.251083231379102,24.921649083037448,FALSE,1,6.297295548083168,0.437713348958439,5.3294341483416545,0.1937951263259634,black,+6%,0.44,+6%,14.615773308619787,25 → 30,3.22 → 3.41,5,+5% (25 → 30),"Africa
+5% (25 → 30)",FALSE,,11.467125534578203,17.76442108266137,linear,% of W_EUR3
Malaysia,Asia,2005,2023,32.58477866533714,38.79988182641343,35126249,25836027,25.317175808570436,12.419492401058037,FALSE,1,6.215103161076293,0.17457193368455562,12.8976834075124,0.7122158449189343,black,+6%,0.17,+6%,35.69233024587528,12 → 25,2.52 → 3.23,13,+13% (12 → 25),"Asia
+13% (12 → 25)",FALSE,,32.58477866533714,38.79988182641343,linear,% of W_EUR3
Ecuador,Latin America,2005,2023,18.489239944250695,24.519364710739296,17980034,13846112,30.208940205893818,27.437206573910625,FALSE,1,6.030124766488601,0.2822742634687238,2.7717336319831922,0.09623791744609028,black,+6%,0.28,+6%,21.504302327494997,27 → 30,3.31 → 3.41,3,+3% (27 → 30),"Latin America
+3% (27 → 30)",FALSE,,18.489239944250695,24.519364710739296,linear,% of W_EUR3
Paraguay,Latin America,2005,2023,15.907974836740841,21.33779800024186,6844101,5448045,30.208940205893818,27.437206573910625,FALSE,1,5.42982316350102,0.2936595085114799,2.7717336319831922,0.09623791744609028,black,+5%,0.29,+5%,18.62288641849135,27 → 30,3.31 → 3.41,3,+3% (27 → 30),"Latin America
+3% (27 → 30)",FALSE,,15.907974836740841,21.33779800024186,linear,% of W_EUR3
Colombia,Latin America,2005,2023,16.277544696325652,21.073592371829154,52321104,42128928,30.208940205893818,27.437206573910625,FALSE,1,4.796047675503502,0.258234178263668,2.7717336319831922,0.09623791744609028,black,+5%,0.26,+5%,18.675568534077403,27 → 30,3.31 → 3.41,3,+3% (27 → 30),"Latin America
+3% (27 → 30)",FALSE,,16.277544696325652,21.073592371829154,linear,% of W_EUR3
Slovakia,CEE,2005,2023,52.81792498119156,57.37944945189673,5518008,5376650,59.711183640186526,43.01778820172596,FALSE,1,4.561524470705173,0.08283559435443964,16.693395438460563,0.32790562424889474,black,+5%,0.08,+5%,55.09868721654415,43 → 60,3.76 → 4.09,17,+17% (43 → 60),"CEE
+17% (43 → 60)",FALSE,,52.81792498119156,57.37944945189673,linear,% of W_EUR3
Hungary,CEE,2005,2023,51.52767653400579,55.220553362110145,9686418,10065654,59.711183640186526,43.01778820172596,FALSE,1,3.692876828104353,0.0692161557520994,16.693395438460563,0.32790562424889474,black,+4%,0.07,+4%,53.374114948057965,43 → 60,3.76 → 4.09,17,+17% (43 → 60),"CEE
+17% (43 → 60)",FALSE,,51.52767653400579,55.220553362110145,linear,% of W_EUR3
Slovenia,CEE,2005,2023,63.527281227049656,67.14345764267048,2118353,1996858,59.711183640186526,43.01778820172596,FALSE,1,3.616176415620828,0.05536204996422648,16.693395438460563,0.32790562424889474,black,+4%,0.06,+4%,65.33536943486007,43 → 60,3.76 → 4.09,17,+17% (43 → 60),"CEE
+17% (43 → 60)",FALSE,,63.527281227049656,67.14345764267048,linear,% of W_EUR3
Portugal,Southern Europe,2005,2023,53.04150868393209,55.7767797195792,10430680,10502943,73.26861584125452,68.90322751776016,FALSE,1,2.7352710356471093,0.05028285898146718,4.365388323494358,0.06142933635496835,black,+3%,0.05,+3%,54.40914420175565,69 → 73,4.23 → 4.29,4,+4% (69 → 73),"Southern Europe
+4% (69 → 73)",FALSE,,53.04150868393209,55.7767797195792,linear,% of W_EUR3
Tunisia,Africa,2005,2023,22.73558217039029,21.913139086881454,12200387,10255431,30.251083231379102,24.921649083037448,FALSE,1,-0.822443083508837,-0.03684477851547648,5.3294341483416545,0.1937951263259634,red,-1%,-0.04,-1%,22.324360628635873,25 → 30,3.22 → 3.41,5,+5% (25 → 30),"Africa
+5% (25 → 30)",FALSE,,22.73558217039029,21.913139086881454,linear,% of W_EUR3
Jamaica,Latin America,2005,2023,16.14978555893225,13.696244778138507,2839729,2687020,30.208940205893818,27.437206573910625,FALSE,1,-2.4535407807937446,-0.16478508002056066,2.7717336319831922,0.09623791744609028,red,-2%,-0.16,-2%,14.923015168535379,27 → 30,3.31 → 3.41,3,+3% (27 → 30),"Latin America
+3% (27 → 30)",FALSE,,16.14978555893225,13.696244778138507,linear,% of W_EUR3
Algeria,Africa,2005,2023,39.94127267847556,33.74412205144299,46164169,33109211,30.251083231379102,24.921649083037448,FALSE,1,-6.1971506270325705,-0.16860395152707794,5.3294341483416545,0.1937951263259634,red,-6%,-0.17,-6%,36.84269736495928,25 → 30,3.22 → 3.41,5,+5% (25 → 30),"Africa
+5% (25 → 30)",FALSE,,39.94127267847556,33.74412205144299,linear,% of W_EUR3
Iran,Asia,2005,2023,35.979180540009914,28.747069565661686,90608663,71828417,25.317175808570436,12.419492401058037,FALSE,1,-7.2321109743482275,-0.2244046189350691,12.8976834075124,0.7122158449189343,red,-7%,-0.22,-7%,32.3631250528358,12 → 25,2.52 → 3.23,13,+13% (12 → 25),"Asia
+13% (12 → 25)",FALSE,,35.979180540009914,28.747069565661686,linear,% of W_EUR3
Israel,Asia,2005,2023,67.70302482615648,60.235750100843674,9256261,6728156,25.317175808570436,12.419492401058037,FALSE,1,-7.467274725312805,-0.1168648272265932,12.8976834075124,0.7122158449189343,red,-7%,-0.12,-7%,63.96938746350008,12 → 25,2.52 → 3.23,13,+13% (12 → 25),"Asia
+13% (12 → 25)",FALSE,,67.70302482615648,60.235750100843674,linear,% of W_EUR3
Greece,Southern Europe,2005,2023,57.407900651732554,49.129184587921806,10242850,10981291,73.26861584125452,68.90322751776016,FALSE,1,-8.278716063810748,-0.1557286868570333,4.365388323494358,0.06142933635496835,red,-8%,-0.16,-8%,53.26854261982718,69 → 73,4.23 → 4.29,4,+4% (69 → 73),"Southern Europe
+4% (69 → 73)",FALSE,,57.407900651732554,49.129184587921806,linear,% of W_EUR3
"South
Africa",Africa,2005,2023,34.09011235718424,25.33255595268593,63212339,49489992,30.251083231379102,24.921649083037448,FALSE,1,-8.75755640449831,-0.2969170169738015,5.3294341483416545,0.1937951263259634,red,-9%,-0.3,-9%,29.711334154935084,25 → 30,3.22 → 3.41,5,+5% (25 → 30),"Africa
+5% (25 → 30)",FALSE,,34.09011235718424,25.33255595268593,linear,% of W_EUR3
Mexico,Latin America,2005,2023,43.92799575092507,34.962399719491216,129739713,105811451,30.208940205893818,27.437206573910625,FALSE,1,-8.965596031433854,-0.22827864295493283,2.7717336319831922,0.09623791744609028,red,-9%,-0.23,-9%,39.44519773520814,27 → 30,3.31 → 3.41,3,+3% (27 → 30),"Latin America
+3% (27 → 30)",FALSE,,43.92799575092507,34.962399719491216,linear,% of W_EUR3
Georgia,ex-USSR/Balkans,2005,2023,31.396022859905678,76.02783797911597,3807436,4026093,52.25863885832152,30.03992700863718,FALSE,1,44.631815119210295,0.8844183380381841,22.21871184968434,0.553677817092338,black,+45%,0.88,+45%,53.71193041951082,30 → 52,3.4 → 3.96,22,+22% (30 → 52),"ex-USSR/Balkans
+22% (30 → 52)",FALSE,,31.396022859905678,76.02783797911597,linear,% of S_EUR4
Romania,CEE,2005,2023,33.512823424737704,76.33665873692115,19118433,21213352,74.22708142987202,56.182409403663165,FALSE,1,42.82383531218345,0.8232251237921575,18.04467202620885,0.2785253544538827,black,+43%,0.82,+43%,54.92474108082943,56 → 74,4.03 → 4.31,18,+18% (56 → 74),"CEE
+18% (56 → 74)",FALSE,,33.512823424737704,76.33665873692115,linear,% of S_EUR4
Kazakhstan,ex-USSR/Balkans,2005,2023,29.10112161753188,60.919951550147275,20330063,15968071,52.25863885832152,30.03992700863718,FALSE,1,31.818829932615394,0.7387840157312842,22.21871184968434,0.553677817092338,black,+32%,0.74,+32%,45.01053658383958,30 → 52,3.4 → 3.96,22,+22% (30 → 52),"ex-USSR/Balkans
+22% (30 → 52)",FALSE,,29.10112161753188,60.919951550147275,linear,% of S_EUR4
Russia,ex-USSR/Balkans,2005,2023,33.564052844951,59.415128753585826,145440454,144597838,52.25863885832152,30.03992700863718,FALSE,1,25.851075908634826,0.5710932483013024,22.21871184968434,0.553677817092338,black,+26%,0.57,+26%,46.48959079926841,30 → 52,3.4 → 3.96,22,+22% (30 → 52),"ex-USSR/Balkans
+22% (30 → 52)",FALSE,,33.564052844951,59.415128753585826,linear,% of S_EUR4
Belarus,ex-USSR/Balkans,2005,2023,32.60302260271593,56.96403536146452,9115626,9667778,52.25863885832152,30.03992700863718,FALSE,1,24.361012758748586,0.5580151081762762,22.21871184968434,0.553677817092338,black,+24%,0.56,+24%,44.783528982090225,30 → 52,3.4 → 3.96,22,+22% (30 → 52),"ex-USSR/Balkans
+22% (30 → 52)",FALSE,,32.60302260271593,56.96403536146452,linear,% of S_EUR4
Latvia,CEE,2005,2023,47.62417856636627,71.33582274650509,1882336,2239738,74.22708142987202,56.182409403663165,FALSE,1,23.71164418013882,0.4040580387124988,18.04467202620885,0.2785253544538827,black,+24%,0.4,+24%,59.48000065643568,56 → 74,4.03 → 4.31,18,+18% (56 → 74),"CEE
+18% (56 → 74)",FALSE,,47.62417856636627,71.33582274650509,linear,% of S_EUR4
Azerbaijan,ex-USSR/Balkans,2005,2023,14.285677183383894,37.98369005655413,10318161,8597205,52.25863885832152,30.03992700863718,FALSE,1,23.698012873170235,0.9778994187854946,22.21871184968434,0.553677817092338,black,+24%,0.98,+24%,26.134683619969014,30 → 52,3.4 → 3.96,22,+22% (30 → 52),"ex-USSR/Balkans
+22% (30 → 52)",FALSE,,14.285677183383894,37.98369005655413,linear,% of S_EUR4
Egypt,Africa,2005,2023,24.123351264210076,46.68456366170594,114535724,81100965,37.60517681056637,32.54835616447289,FALSE,1,22.56121239749586,0.6602332639479453,5.0568206460934775,0.1444148565309512,black,+23%,0.66,+23%,35.403957462958004,33 → 38,3.48 → 3.63,5,+5% (33 → 38),"Africa
+5% (33 → 38)",FALSE,,24.123351264210076,46.68456366170594,linear,% of S_EUR4
Lithuania,CEE,2005,2023,55.360725880359276,77.83203463721438,2854061,3322225,74.22708142987202,56.182409403663165,FALSE,1,22.4713087568551,0.3406826794742326,18.04467202620885,0.2785253544538827,black,+22%,0.34,+22%,66.59638025878682,56 → 74,4.03 → 4.31,18,+18% (56 → 74),"CEE
+18% (56 → 74)",FALSE,,55.360725880359276,77.83203463721438,linear,% of S_EUR4
Uruguay,Latin America,2005,2023,40.85421215138995,62.809082713314325,3388029,3285727,37.552788738622475,35.83374313434546,FALSE,1,21.954870561924373,0.43008976357786904,1.7190456042770137,0.046857647651078284,black,+22%,0.43,+22%,51.83164743235214,36 → 38,3.58 → 3.63,2,+2% (36 → 38),"Latin America
+2% (36 → 38)",FALSE,,40.85421215138995,62.809082713314325,linear,% of S_EUR4
Estonia,CEE,2005,2023,54.83427436155192,74.83904191478742,1367143,1354799,74.22708142987202,56.182409403663165,FALSE,1,20.004767553235496,0.3110242565450725,18.04467202620885,0.2785253544538827,black,+20%,0.31,+20%,64.83665813816967,56 → 74,4.03 → 4.31,18,+18% (56 → 74),"CEE
+18% (56 → 74)",FALSE,,54.83427436155192,74.83904191478742,linear,% of S_EUR4
China,Asia,2005,2023,11.033821765981472,28.6891683659466,1422584878,1310027084,31.471827482790015,16.22019717494287,FALSE,1,17.655346599965128,0.9555543811217505,15.251630307847144,0.6628355751239222,black,+18%,0.96,+18%,19.861495065964036,16 → 31,2.79 → 3.45,15,+15% (16 → 31),"Asia
+15% (16 → 31)",FALSE,,11.033821765981472,28.6891683659466,linear,% of S_EUR4
Poland,CEE,2005,2023,58.63446973676854,75.70591707113039,38762796,38124333,74.22708142987202,56.182409403663165,FALSE,1,17.07144733436185,0.2555335777199114,18.04467202620885,0.2785253544538827,black,+17%,0.26,+17%,67.17019340394947,56 → 74,4.03 → 4.31,18,+18% (56 → 74),"CEE
+18% (56 → 74)",FALSE,,58.63446973676854,75.70591707113039,linear,% of S_EUR4
"South
Korea",Asia,2005,2023,70.19716645925409,86.92664566866964,51748695,47851594,31.471827482790015,16.22019717494287,FALSE,1,16.729479209415544,0.21375666337845095,15.251630307847144,0.6628355751239222,black,+17%,0.21,+17%,78.56190606396186,16 → 31,2.79 → 3.45,15,+15% (16 → 31),"Asia
+15% (16 → 31)",FALSE,,70.19716645925409,86.92664566866964,linear,% of S_EUR4
Bulgaria,CEE,2005,2023,44.08409115711203,60.405969695476735,6795757,7695001,74.22708142987202,56.182409403663165,FALSE,1,16.321878538364707,0.3149889634425625,18.04467202620885,0.2785253544538827,black,+16%,0.31,+16%,52.24503042629438,56 → 74,4.03 → 4.31,18,+18% (56 → 74),"CEE
+18% (56 → 74)",FALSE,,44.08409115711203,60.405969695476735,linear,% of S_EUR4
Costa Rica,Latin America,2005,2023,29.893298785882127,44.24351388020692,5105469,4261187,37.552788738622475,35.83374313434546,FALSE,1,14.350215094324792,0.3920744473275184,1.7190456042770137,0.046857647651078284,black,+14%,0.39,+14%,37.06840633304452,36 → 38,3.58 → 3.63,2,+2% (36 → 38),"Latin America
+2% (36 → 38)",FALSE,,29.893298785882127,44.24351388020692,linear,% of S_EUR4
Moldova,ex-USSR/Balkans,2005,2023,14.353644033110662,28.485901188552788,3067017,3988618,52.25863885832152,30.03992700863718,FALSE,1,14.132257155442126,0.6854054201760736,22.21871184968434,0.553677817092338,black,+14%,0.69,+14%,21.419772610831725,30 → 52,3.4 → 3.96,22,+22% (30 → 52),"ex-USSR/Balkans
+22% (30 → 52)",FALSE,,14.353644033110662,28.485901188552788,linear,% of S_EUR4
Thailand,Asia,2005,2023,19.057077259445688,30.872426195950293,71702397,66017363,31.471827482790015,16.22019717494287,FALSE,1,11.815348936504606,0.48242488713658255,15.251630307847144,0.6628355751239222,black,+12%,0.48,+12%,24.96475172769799,16 → 31,2.79 → 3.45,15,+15% (16 → 31),"Asia
+15% (16 → 31)",FALSE,,19.057077259445688,30.872426195950293,linear,% of S_EUR4
Chile,Latin America,2005,2023,40.80375772853861,51.91631189207624,19658791,16348730,37.552788738622475,35.83374313434546,FALSE,1,11.112554163537624,0.24085885707790786,1.7190456042770137,0.046857647651078284,black,+11%,0.24,+11%,46.360034810307425,36 → 38,3.58 → 3.63,2,+2% (36 → 38),"Latin America
+2% (36 → 38)",FALSE,,40.80375772853861,51.91631189207624,linear,% of S_EUR4
Ukraine,ex-USSR/Balkans,2005,2023,20.91616920825623,31.278683273144047,37732781,47585510,52.25863885832152,30.03992700863718,FALSE,1,10.362514064887819,0.4024143137540068,22.21871184968434,0.553677817092338,black,+10%,0.4,+10%,26.097426240700138,30 → 52,3.4 → 3.96,22,+22% (30 → 52),"ex-USSR/Balkans
+22% (30 → 52)",FALSE,,20.91616920825623,31.278683273144047,linear,% of S_EUR4
"North
Macedonia",ex-USSR/Balkans,2005,2023,35.169149881315086,45.34824780990835,1831749,2089764,52.25863885832152,30.03992700863718,FALSE,1,10.179097928593265,0.2542022642736237,22.21871184968434,0.553677817092338,black,+10%,0.25,+10%,40.25869884561172,30 → 52,3.4 → 3.96,22,+22% (30 → 52),"ex-USSR/Balkans
+22% (30 → 52)",FALSE,,35.169149881315086,45.34824780990835,linear,% of S_EUR4
"Dominican
Republic",Latin America,2005,2023,28.17678435850462,37.66672609362381,11331213,9224982,37.552788738622475,35.83374313434546,FALSE,1,9.489941735119189,0.2902787185602938,1.7190456042770137,0.046857647651078284,black,+9%,0.29,+9%,32.921755226064214,36 → 38,3.58 → 3.63,2,+2% (36 → 38),"Latin America
+2% (36 → 38)",FALSE,,28.17678435850462,37.66672609362381,linear,% of S_EUR4
Argentina,Latin America,2005,2023,45.98898859189585,54.83655735151353,45538356,39216734,37.552788738622475,35.83374313434546,FALSE,1,8.84756875961768,0.17595508709653981,1.7190456042770137,0.046857647651078284,black,+9%,0.18,+9%,50.41277297170468,36 → 38,3.58 → 3.63,2,+2% (36 → 38),"Latin America
+2% (36 → 38)",FALSE,,45.98898859189585,54.83655735151353,linear,% of S_EUR4
Czechia,CEE,2005,2023,73.5526243618389,82.17446768421529,10809674,10280103,74.22708142987202,56.182409403663165,FALSE,1,8.621843322376392,0.11084351395691114,18.04467202620885,0.2785253544538827,black,+9%,0.11,+9%,77.86354602302708,56 → 74,4.03 → 4.31,18,+18% (56 → 74),"CEE
+18% (56 → 74)",FALSE,,73.5526243618389,82.17446768421529,linear,% of S_EUR4
Serbia,ex-USSR/Balkans,2005,2023,33.515755847188366,41.1197482883779,6773156,7539095,52.25863885832152,30.03992700863718,FALSE,1,7.603992441189533,0.2044728476764673,22.21871184968434,0.553677817092338,black,+8%,0.2,+8%,37.31775206778313,30 → 52,3.4 → 3.96,22,+22% (30 → 52),"ex-USSR/Balkans
+22% (30 → 52)",FALSE,,33.515755847188366,41.1197482883779,linear,% of S_EUR4
Morocco,Africa,2005,2023,14.976379967415985,22.082984289894437,37712463,30358088,37.60517681056637,32.54835616447289,FALSE,1,7.106604322478452,0.38833307916342685,5.0568206460934775,0.1444148565309512,black,+7%,0.39,+7%,18.52968212865521,33 → 38,3.48 → 3.63,5,+5% (33 → 38),"Africa
+5% (33 → 38)",FALSE,,14.976379967415985,22.082984289894437,linear,% of S_EUR4
Brazil,Latin America,2005,2023,25.713823890895156,32.361116625369185,211140678,184688047,37.552788738622475,35.83374313434546,FALSE,1,6.6472927344740285,0.2299288560662545,1.7190456042770137,0.046857647651078284,black,+7%,0.23,+7%,29.03747025813217,36 → 38,3.58 → 3.63,2,+2% (36 → 38),"Latin America
+2% (36 → 38)",FALSE,,25.713823890895156,32.361116625369185,linear,% of S_EUR4
Croatia,CEE,2005,2023,60.82362992015844,67.39288671652936,3895973,4313901,74.22708142987202,56.182409403663165,FALSE,1,6.569256796370922,0.10256111054839737,18.04467202620885,0.2785253544538827,black,+7%,0.1,+7%,64.1082583183439,56 → 74,4.03 → 4.31,18,+18% (56 → 74),"CEE
+18% (56 → 74)",FALSE,,60.82362992015844,67.39288671652936,linear,% of S_EUR4
Ecuador,Latin America,2005,2023,24.147453682167164,30.480067050084198,17980034,13846112,37.552788738622475,35.83374313434546,FALSE,1,6.332613367917034,0.23289399367371158,1.7190456042770137,0.046857647651078284,black,+6%,0.23,+6%,27.31376036612568,36 → 38,3.58 → 3.63,2,+2% (36 → 38),"Latin America
+2% (36 → 38)",FALSE,,24.147453682167164,30.480067050084198,linear,% of S_EUR4
Paraguay,Latin America,2005,2023,20.776250765609714,26.525055661970885,6844101,5448045,37.552788738622475,35.83374313434546,FALSE,1,5.748804896361172,0.24427923871646795,1.7190456042770137,0.046857647651078284,black,+6%,0.24,+6%,23.6506532137903,36 → 38,3.58 → 3.63,2,+2% (36 → 38),"Latin America
+2% (36 → 38)",FALSE,,20.776250765609714,26.525055661970885,linear,% of S_EUR4
Malaysia,Asia,2005,2023,42.55661324842984,48.23220395618345,35126249,25836027,31.471827482790015,16.22019717494287,FALSE,1,5.6755907077536065,0.12519166388954348,15.251630307847144,0.6628355751239222,black,+6%,0.13,+6%,45.39440860230664,16 → 31,2.79 → 3.45,15,+15% (16 → 31),"Asia
+15% (16 → 31)",FALSE,,42.55661324842984,48.23220395618345,linear,% of S_EUR4
Colombia,Latin America,2005,2023,21.258919122641032,26.19662116278903,52321104,42128928,37.552788738622475,35.83374313434546,FALSE,1,4.937702040147997,0.20885390846865584,1.7190456042770137,0.046857647651078284,black,+5%,0.21,+5%,23.72777014271503,36 → 38,3.58 → 3.63,2,+2% (36 → 38),"Latin America
+2% (36 → 38)",FALSE,,21.258919122641032,26.19662116278903,linear,% of S_EUR4
Slovakia,CEE,2005,2023,68.98165640757449,71.32849840211037,5518008,5376650,74.22708142987202,56.182409403663165,FALSE,1,2.346841994535879,0.033455324559427485,18.04467202620885,0.2785253544538827,black,+2%,0.03,+2%,70.15507740484243,56 → 74,4.03 → 4.31,18,+18% (56 → 74),"CEE
+18% (56 → 74)",FALSE,,68.98165640757449,71.32849840211037,linear,% of S_EUR4
Hungary,CEE,2005,2023,67.29655660299358,68.64477073024135,9686418,10065654,74.22708142987202,56.182409403663165,FALSE,1,1.348214127247772,0.01983588595708723,18.04467202620885,0.2785253544538827,black,+1%,0.02,+1%,67.97066366661747,56 → 74,4.03 → 4.31,18,+18% (56 → 74),"CEE
+18% (56 → 74)",FALSE,,67.29655660299358,68.64477073024135,linear,% of S_EUR4
Slovenia,CEE,2005,2023,82.96836893293711,83.4661548154515,2118353,1996858,74.22708142987202,56.182409403663165,FALSE,1,0.4977858825143926,0.005981780169214092,18.04467202620885,0.2785253544538827,black,+0%,0.01,+0%,83.2172618741943,56 → 74,4.03 → 4.31,18,+18% (56 → 74),"CEE
+18% (56 → 74)",FALSE,,82.96836893293711,83.4661548154515,linear,% of S_EUR4
Tunisia,Africa,2005,2023,29.69329291263381,27.24026321748158,12200387,10255431,37.60517681056637,32.54835616447289,FALSE,1,-2.4530296951522317,-0.08622504831048854,5.0568206460934775,0.1444148565309512,red,-2%,-0.09,-2%,28.466778065057696,33 → 38,3.48 → 3.63,5,+5% (33 → 38),"Africa
+5% (33 → 38)",FALSE,,29.69329291263381,27.24026321748158,linear,% of S_EUR4
Jamaica,Latin America,2005,2023,21.092062190610136,17.025826896289114,2839729,2687020,37.552788738622475,35.83374313434546,FALSE,1,-4.066235294321022,-0.21416534981557284,1.7190456042770137,0.046857647651078284,red,-4%,-0.21,-4%,19.058944543449627,36 → 38,3.58 → 3.63,2,+2% (36 → 38),"Latin America
+2% (36 → 38)",FALSE,,21.092062190610136,17.025826896289114,linear,% of S_EUR4
Algeria,Africa,2005,2023,52.1643958820604,41.94737974690355,46164169,33109211,37.60517681056637,32.54835616447289,FALSE,1,-10.217016135156847,-0.21798422132209014,5.0568206460934775,0.1444148565309512,red,-10%,-0.22,-10%,47.05588781448198,33 → 38,3.48 → 3.63,5,+5% (33 → 38),"Africa
+5% (33 → 38)",FALSE,,52.1643958820604,41.94737974690355,linear,% of S_EUR4
Iran,Asia,2005,2023,46.98979505008686,35.73553467602807,90608663,71828417,31.471827482790015,16.22019717494287,FALSE,1,-11.254260374058795,-0.2737848887300812,15.251630307847144,0.6628355751239222,red,-11%,-0.27,-11%,41.36266486305746,16 → 31,2.79 → 3.45,15,+15% (16 → 31),"Asia
+15% (16 → 31)",FALSE,,46.98979505008686,35.73553467602807,linear,% of S_EUR4
"South
Africa",Africa,2005,2023,44.52262027249828,31.490946568027763,63212339,49489992,37.60517681056637,32.54835616447289,FALSE,1,-13.031673704470517,-0.3462972867688138,5.0568206460934775,0.1444148565309512,red,-13%,-0.35,-13%,38.00678342026302,33 → 38,3.48 → 3.63,5,+5% (33 → 38),"Africa
+5% (33 → 38)",FALSE,,44.52262027249828,31.490946568027763,linear,% of S_EUR4
Israel,Asia,2005,2023,88.42200442320465,74.87917095509744,9256261,6728156,31.471827482790015,16.22019717494287,FALSE,1,-13.542833468107219,-0.16624509702160542,15.251630307847144,0.6628355751239222,red,-14%,-0.17,-14%,81.65058768915105,16 → 31,2.79 → 3.45,15,+15% (16 → 31),"Asia
+15% (16 → 31)",FALSE,,88.42200442320465,74.87917095509744,linear,% of S_EUR4
Mexico,Latin America,2005,2023,57.37116538831784,43.461822940917706,129739713,105811451,37.552788738622475,35.83374313434546,FALSE,1,-13.909342447400135,-0.27765891274994503,1.7190456042770137,0.046857647651078284,red,-14%,-0.28,-14%,50.416494164617774,36 → 38,3.58 → 3.63,2,+2% (36 → 38),"Latin America
+2% (36 → 38)",FALSE,,57.37116538831784,43.461822940917706,linear,% of S_EUR4
Georgia,ex-USSR/Balkans,2005,2023,24.164892554942085,63.53353917644459,3807436,4026093,43.67053394474872,23.1211326275675,FALSE,1,39.368646621502506,0.9666670834916719,20.549401317181218,0.6359265625458255,black,+39%,0.97,+39%,43.84921586569334,23 → 44,3.14 → 3.78,21,+21% (23 → 44),"ex-USSR/Balkans
+21% (23 → 44)",FALSE,,24.164892554942085,63.53353917644459,linear,% of G7
Romania,CEE,2005,2023,25.79415172696067,63.79160880246637,19118433,21213352,62.02871620883558,43.242479876362495,FALSE,1,37.9974570755057,0.9054738692456453,18.786236332473088,0.36077409990737025,black,+38%,0.91,+38%,44.79288026471352,43 → 62,3.77 → 4.13,19,+19% (43 → 62),"CEE
+19% (43 → 62)",FALSE,,25.79415172696067,63.79160880246637,linear,% of G7
Kazakhstan,ex-USSR/Balkans,2005,2023,22.398552843902248,50.9084597342037,20330063,15968071,43.67053394474872,23.1211326275675,FALSE,1,28.509906890301455,0.8210327611847719,20.549401317181218,0.6359265625458255,black,+29%,0.82,+29%,36.65350628905298,23 → 44,3.14 → 3.78,21,+21% (23 → 44),"ex-USSR/Balkans
+21% (23 → 44)",FALSE,,22.398552843902248,50.9084597342037,linear,% of G7
Russia,ex-USSR/Balkans,2005,2023,25.83358198985194,49.65093721823783,145440454,144597838,43.67053394474872,23.1211326275675,FALSE,1,23.81735522838589,0.65334199375479,20.549401317181218,0.6359265625458255,black,+24%,0.65,+24%,37.74225960404488,23 → 44,3.14 → 3.78,21,+21% (23 → 44),"ex-USSR/Balkans
+21% (23 → 44)",FALSE,,25.83358198985194,49.65093721823783,linear,% of G7
Latvia,CEE,2005,2023,36.65538030752581,59.612602562681566,1882336,2239738,62.02871620883558,43.242479876362495,FALSE,1,22.957222255155756,0.4863067841659862,18.786236332473088,0.36077409990737025,black,+23%,0.49,+23%,48.13399143510369,43 → 62,3.77 → 4.13,19,+19% (43 → 62),"CEE
+19% (43 → 62)",FALSE,,36.65538030752581,59.612602562681566,linear,% of G7
Belarus,ex-USSR/Balkans,2005,2023,25.093896181579787,47.60265277147715,9115626,9667778,43.67053394474872,23.1211326275675,FALSE,1,22.508756589897366,0.6402638536297637,20.549401317181218,0.6359265625458255,black,+23%,0.64,+23%,36.348274476528474,23 → 44,3.14 → 3.78,21,+21% (23 → 44),"ex-USSR/Balkans
+21% (23 → 44)",FALSE,,25.093896181579787,47.60265277147715,linear,% of G7
Lithuania,CEE,2005,2023,42.6100464581743,65.04123691067178,2854061,3322225,62.02871620883558,43.242479876362495,FALSE,1,22.431190452497482,0.42293142492772023,18.786236332473088,0.36077409990737025,black,+22%,0.42,+22%,53.82564168442305,43 → 62,3.77 → 4.13,19,+19% (43 → 62),"CEE
+19% (43 → 62)",FALSE,,42.6100464581743,65.04123691067178,linear,% of G7
Uruguay,Latin America,2005,2023,31.444672194958176,52.487133966627425,3388029,3285727,31.381420778602024,27.580517333253503,FALSE,1,21.04246177166925,0.5123385090313568,3.8009034453485206,0.1291063931045657,black,+21%,0.51,+21%,41.9659030807928,28 → 31,3.32 → 3.45,4,+4% (28 → 31),"Latin America
+4% (28 → 31)",FALSE,,31.444672194958176,52.487133966627425,linear,% of G7
Azerbaijan,ex-USSR/Balkans,2005,2023,10.995400778992062,31.741508431910184,10318161,8597205,43.67053394474872,23.1211326275675,FALSE,1,20.74610765291812,1.0601481642389823,20.549401317181218,0.6359265625458255,black,+21%,1.06,+21%,21.368454605451124,23 → 44,3.14 → 3.78,21,+21% (23 → 44),"ex-USSR/Balkans
+21% (23 → 44)",FALSE,,10.995400778992062,31.741508431910184,linear,% of G7
Egypt,Africa,2005,2023,18.567262291976622,39.01249375460281,114535724,81100965,31.425199474796706,25.051820514467458,FALSE,1,20.445231462626186,0.7424820094014332,6.373378960329248,0.22666360198443897,black,+20%,0.74,+20%,28.789878023289717,25 → 31,3.22 → 3.45,6,+6% (25 → 31),"Africa
+6% (25 → 31)",FALSE,,18.567262291976622,39.01249375460281,linear,% of G7
Estonia,CEE,2005,2023,42.20484722500608,62.540108042093934,1367143,1354799,62.02871620883558,43.242479876362495,FALSE,1,20.335260817087857,0.39327300199856036,18.786236332473088,0.36077409990737025,black,+20%,0.39,+20%,52.372477633550005,43 → 62,3.77 → 4.13,19,+19% (43 → 62),"CEE
+19% (43 → 62)",FALSE,,42.20484722500608,62.540108042093934,linear,% of G7
"South
Korea",Asia,2005,2023,54.029358836896826,72.64125345224708,51748695,47851594,26.299795410220536,12.484362229619268,FALSE,1,18.61189461535026,0.29600540883193854,13.815433180601268,0.7450843205774098,black,+19%,0.3,+19%,63.33530614457196,12 → 26,2.52 → 3.27,14,+14% (12 → 26),"Asia
+14% (12 → 26)",FALSE,,54.029358836896826,72.64125345224708,linear,% of G7
Poland,CEE,2005,2023,45.129781804766836,63.26452225891976,38762796,38124333,62.02871620883558,43.242479876362495,FALSE,1,18.134740454152926,0.33778232317339907,18.786236332473088,0.36077409990737025,black,+18%,0.34,+18%,54.1971520318433,43 → 62,3.77 → 4.13,19,+19% (43 → 62),"CEE
+19% (43 → 62)",FALSE,,45.129781804766836,63.26452225891976,linear,% of G7
Bulgaria,CEE,2005,2023,33.93064564092641,50.47894487270438,6795757,7695001,62.02871620883558,43.242479876362495,FALSE,1,16.548299231777975,0.3972377088960502,18.786236332473088,0.36077409990737025,black,+17%,0.4,+17%,42.204795256815395,43 → 62,3.77 → 4.13,19,+19% (43 → 62),"CEE
+19% (43 → 62)",FALSE,,33.93064564092641,50.47894487270438,linear,% of G7
China,Asia,2005,2023,8.492512527305651,23.974434243653832,1422584878,1310027084,26.299795410220536,12.484362229619268,FALSE,1,15.48192171634818,1.037803126575238,13.815433180601268,0.7450843205774098,black,+15%,1.04,+15%,16.23347338547974,12 → 26,2.52 → 3.27,14,+14% (12 → 26),"Asia
+14% (12 → 26)",FALSE,,8.492512527305651,23.974434243653832,linear,% of G7
Costa Rica,Latin America,2005,2023,23.00827580923071,36.97260236683086,5105469,4261187,31.381420778602024,27.580517333253503,FALSE,1,13.964326557600153,0.47432319278100615,3.8009034453485206,0.1291063931045657,black,+14%,0.47,+14%,29.990439088030787,28 → 31,3.32 → 3.45,4,+4% (28 → 31),"Latin America
+4% (28 → 31)",FALSE,,23.00827580923071,36.97260236683086,linear,% of G7
Moldova,ex-USSR/Balkans,2005,2023,11.047713507526945,23.80457168381381,3067017,3988618,43.67053394474872,23.1211326275675,FALSE,1,12.756858176286864,0.7676541656295611,20.549401317181218,0.6359265625458255,black,+13%,0.77,+13%,17.426142595670377,23 → 44,3.14 → 3.78,21,+21% (23 → 44),"ex-USSR/Balkans
+21% (23 → 44)",FALSE,,11.047713507526945,23.80457168381381,linear,% of G7
Czechia,CEE,2005,2023,56.61198785492259,68.67004114141295,10809674,10280103,62.02871620883558,43.242479876362495,FALSE,1,12.058053286490363,0.19309225941039895,18.786236332473088,0.36077409990737025,black,+12%,0.19,+12%,62.64101449816777,43 → 62,3.77 → 4.13,19,+19% (43 → 62),"CEE
+19% (43 → 62)",FALSE,,56.61198785492259,68.67004114141295,linear,% of G7
Chile,Latin America,2005,2023,31.40583843207794,43.384464469419534,19658791,16348730,31.381420778602024,27.580517333253503,FALSE,1,11.978626037341595,0.32310760253139553,3.8009034453485206,0.1291063931045657,black,+12%,0.32,+12%,37.395151450748735,28 → 31,3.32 → 3.45,4,+4% (28 → 31),"Latin America
+4% (28 → 31)",FALSE,,31.40583843207794,43.384464469419534,linear,% of G7
Spain,Southern Europe,2005,2023,75.20475455277624,86.71810174434974,47911535,43958840,76.11234448838962,69.26312471903483,FALSE,1,11.513347191573502,0.14244819357939137,6.849219769354789,0.09429781201344366,black,+12%,0.14,+12%,80.96142814856299,69 → 76,4.24 → 4.33,7,+7% (69 → 76),"Southern Europe
+7% (69 → 76)",FALSE,,75.20475455277624,86.71810174434974,linear,% of G7
Thailand,Asia,2005,2023,14.667852244872481,25.7988988156034,71702397,66017363,26.299795410220536,12.484362229619268,FALSE,1,11.13104657073092,0.5646736325900702,13.815433180601268,0.7450843205774098,black,+11%,0.56,+11%,20.233375530237943,12 → 26,2.52 → 3.27,14,+14% (12 → 26),"Asia
+14% (12 → 26)",FALSE,,14.667852244872481,25.7988988156034,linear,% of G7
"North
Macedonia",ex-USSR/Balkans,2005,2023,27.06899316269597,37.895786009400226,1831749,2089764,43.67053394474872,23.1211326275675,FALSE,1,10.826792846704254,0.33645100972711145,20.549401317181218,0.6359265625458255,black,+11%,0.34,+11%,32.4823895860481,23 → 44,3.14 → 3.78,21,+21% (23 → 44),"ex-USSR/Balkans
+21% (23 → 44)",FALSE,,27.06899316269597,37.895786009400226,linear,% of G7
Argentina,Latin America,2005,2023,35.396807200469695,45.824801249125905,45538356,39216734,31.381420778602024,27.580517333253503,FALSE,1,10.42799404865621,0.2582038325500275,3.8009034453485206,0.1291063931045657,black,+10%,0.26,+10%,40.6108042247978,28 → 31,3.32 → 3.45,4,+4% (28 → 31),"Latin America
+4% (28 → 31)",FALSE,,35.396807200469695,45.824801249125905,linear,% of G7
Ukraine,ex-USSR/Balkans,2005,2023,16.09875823552061,26.138392225065964,37732781,47585510,43.67053394474872,23.1211326275675,FALSE,1,10.039633989545354,0.4846630592074945,20.549401317181218,0.6359265625458255,black,+10%,0.48,+10%,21.11857523029329,23 → 44,3.14 → 3.78,21,+21% (23 → 44),"ex-USSR/Balkans
+21% (23 → 44)",FALSE,,16.09875823552061,26.138392225065964,linear,% of G7
"Dominican
Republic",Latin America,2005,2023,21.68710889290907,31.476633842659254,11331213,9224982,31.381420778602024,27.580517333253503,FALSE,1,9.789524949750184,0.3725274640137816,3.8009034453485206,0.1291063931045657,black,+10%,0.37,+10%,26.58187136778416,28 → 31,3.32 → 3.45,4,+4% (28 → 31),"Latin America
+4% (28 → 31)",FALSE,,21.68710889290907,31.476633842659254,linear,% of G7
Croatia,CEE,2005,2023,46.814734731869315,56.317642619200214,3895973,4313901,62.02871620883558,43.242479876362495,FALSE,1,9.502907887330899,0.18480985600188493,18.786236332473088,0.36077409990737025,black,+10%,0.18,+10%,51.56618867553476,43 → 62,3.77 → 4.13,19,+19% (43 → 62),"CEE
+19% (43 → 62)",FALSE,,46.814734731869315,56.317642619200214,linear,% of G7
Serbia,ex-USSR/Balkans,2005,2023,25.79640875402943,34.36219164252466,6773156,7539095,43.67053394474872,23.1211326275675,FALSE,1,8.565782888495228,0.28672159312995465,20.549401317181218,0.6359265625458255,black,+9%,0.29,+9%,30.079300198277043,23 → 44,3.14 → 3.78,21,+21% (23 → 44),"ex-USSR/Balkans
+21% (23 → 44)",FALSE,,25.79640875402943,34.36219164252466,linear,% of G7
Malaysia,Asia,2005,2023,32.754976362430305,40.30579720625745,35126249,25836027,26.299795410220536,12.484362229619268,FALSE,1,7.550820843827147,0.20744040934303112,13.815433180601268,0.7450843205774098,black,+8%,0.21,+8%,36.530386784343875,12 → 26,2.52 → 3.27,14,+14% (12 → 26),"Asia
+14% (12 → 26)",FALSE,,32.754976362430305,40.30579720625745,linear,% of G7
Brazil,Latin America,2005,2023,19.79141734839631,27.042940133009584,211140678,184688047,31.381420778602024,27.580517333253503,FALSE,1,7.251522784613275,0.3121776015197421,3.8009034453485206,0.1291063931045657,black,+7%,0.31,+7%,23.417178740702944,28 → 31,3.32 → 3.45,4,+4% (28 → 31),"Latin America
+4% (28 → 31)",FALSE,,19.79141734839631,27.042940133009584,linear,% of G7
Morocco,Africa,2005,2023,11.527020934768219,18.453900371337806,37712463,30358088,31.425199474796706,25.051820514467458,FALSE,1,6.926879436569587,0.47058182461691456,6.373378960329248,0.22666360198443897,black,+7%,0.47,+7%,14.990460653053013,25 → 31,3.22 → 3.45,6,+6% (25 → 31),"Africa
+6% (25 → 31)",FALSE,,11.527020934768219,18.453900371337806,linear,% of G7
Ecuador,Latin America,2005,2023,18.585813442319655,25.471019372655576,17980034,13846112,31.381420778602024,27.580517333253503,FALSE,1,6.885205930335921,0.3151427391271993,3.8009034453485206,0.1291063931045657,black,+7%,0.32,+7%,22.028416407487615,28 → 31,3.32 → 3.45,4,+4% (28 → 31),"Latin America
+4% (28 → 31)",FALSE,,18.585813442319655,25.471019372655576,linear,% of G7
Slovakia,CEE,2005,2023,53.09380499527314,59.606481889860774,5518008,5376650,62.02871620883558,43.242479876362495,FALSE,1,6.512676894587635,0.11570407001291536,18.786236332473088,0.36077409990737025,black,+7%,0.12,+7%,56.35014344256696,43 → 62,3.77 → 4.13,19,+19% (43 → 62),"CEE
+19% (43 → 62)",FALSE,,53.09380499527314,59.606481889860774,linear,% of G7
Paraguay,Latin America,2005,2023,15.991065801096829,22.16596851695448,6844101,5448045,31.381420778602024,27.580517333253503,FALSE,1,6.17490271585765,0.3265279841699556,3.8009034453485206,0.1291063931045657,black,+6%,0.33,+6%,19.078517159025655,28 → 31,3.32 → 3.45,4,+4% (28 → 31),"Latin America
+4% (28 → 31)",FALSE,,15.991065801096829,22.16596851695448,linear,% of G7
Slovenia,CEE,2005,2023,63.85909864028056,69.74945438184534,2118353,1996858,62.02871620883558,43.242479876362495,FALSE,1,5.8903557415647825,0.08823052562270192,18.786236332473088,0.36077409990737025,black,+6%,0.09,+6%,66.80427651106295,43 → 62,3.77 → 4.13,19,+19% (43 → 62),"CEE
+19% (43 → 62)",FALSE,,63.85909864028056,69.74945438184534,linear,% of G7
Hungary,CEE,2005,2023,51.796817287506705,57.36379392566487,9686418,10065654,62.02871620883558,43.242479876362495,FALSE,1,5.566976638158167,0.10208463141057487,18.786236332473088,0.36077409990737025,black,+6%,0.1,+6%,54.58030560658579,43 → 62,3.77 → 4.13,19,+19% (43 → 62),"CEE
+19% (43 → 62)",FALSE,,51.796817287506705,57.36379392566487,linear,% of G7
Colombia,Latin America,2005,2023,16.362566007966254,21.891508441864637,52321104,42128928,31.381420778602024,27.580517333253503,FALSE,1,5.528942433898383,0.2911026539221436,3.8009034453485206,0.1291063931045657,black,+6%,0.29,+6%,19.127037224915448,28 → 31,3.32 → 3.45,4,+4% (28 → 31),"Latin America
+4% (28 → 31)",FALSE,,16.362566007966254,21.891508441864637,linear,% of G7
Portugal,Southern Europe,2005,2023,53.31855652645605,57.941608746473456,10430680,10502943,76.11234448838962,69.26312471903483,FALSE,1,4.6230522200174065,0.08315133463994266,6.849219769354789,0.09429781201344366,black,+5%,0.08,+5%,55.63008263646475,69 → 76,4.24 → 4.33,7,+7% (69 → 76),"Southern Europe
+7% (69 → 76)",FALSE,,53.31855652645605,57.941608746473456,linear,% of G7
Tunisia,Africa,2005,2023,22.854335278005816,22.763639954879753,12200387,10255431,31.425199474796706,25.051820514467458,FALSE,1,-0.09069532312606299,-0.003976302857000959,6.373378960329248,0.22666360198443897,red,0%,0,0%,22.808987616442785,25 → 31,3.22 → 3.45,6,+6% (25 → 31),"Africa
+6% (25 → 31)",FALSE,,22.854335278005816,22.763639954879753,linear,% of G7
Jamaica,Latin America,2005,2023,16.23413955559152,14.227828501763826,2839729,2687020,31.381420778602024,27.580517333253503,FALSE,1,-2.0063110538276927,-0.13191660436208527,3.8009034453485206,0.1291063931045657,red,-2%,-0.13,-2%,15.230984028677671,28 → 31,3.32 → 3.45,4,+4% (28 → 31),"Latin America
+4% (28 → 31)",FALSE,,16.23413955559152,14.227828501763826,linear,% of G7
Algeria,Africa,2005,2023,40.149895014034904,35.05381141090925,46164169,33109211,31.425199474796706,25.051820514467458,FALSE,1,-5.096083603125656,-0.13573547586860263,6.373378960329248,0.22666360198443897,red,-5%,-0.14,-5%,37.60185321247208,25 → 31,3.22 → 3.45,6,+6% (25 → 31),"Africa
+6% (25 → 31)",FALSE,,40.149895014034904,35.05381141090925,linear,% of G7
Israel,Asia,2005,2023,68.05665309627608,62.57364233719451,9256261,6728156,26.299795410220536,12.484362229619268,FALSE,1,-5.483010759081573,-0.08399635156811763,13.815433180601268,0.7450843205774098,red,-5%,-0.08,-5%,65.3151477167353,12 → 26,2.52 → 3.27,14,+14% (12 → 26),"Asia
+14% (12 → 26)",FALSE,,68.05665309627608,62.57364233719451,linear,% of G7
Iran,Asia,2005,2023,36.16710796876741,29.86281147379568,90608663,71828417,26.299795410220536,12.484362229619268,FALSE,1,-6.30429649497173,-0.19153614327659357,13.815433180601268,0.7450843205774098,red,-6%,-0.19,-6%,33.01495972128154,12 → 26,2.52 → 3.27,14,+14% (12 → 26),"Asia
+14% (12 → 26)",FALSE,,36.16710796876741,29.86281147379568,linear,% of G7
Greece,Southern Europe,2005,2023,57.707755150860145,51.036004691167115,10242850,10981291,76.11234448838962,69.26312471903483,FALSE,1,-6.67175045969303,-0.12286021119855782,6.849219769354789,0.09429781201344366,red,-7%,-0.12,-7%,54.37187992101363,69 → 76,4.24 → 4.33,7,+7% (69 → 76),"Southern Europe
+7% (69 → 76)",FALSE,,57.707755150860145,51.036004691167115,linear,% of G7
Mexico,Latin America,2005,2023,44.15744164624672,36.31937332290033,129739713,105811451,31.381420778602024,27.580517333253503,FALSE,1,-7.838068323346384,-0.19541016729645752,3.8009034453485206,0.1291063931045657,red,-8%,-0.2,-8%,40.23840748457353,28 → 31,3.32 → 3.45,4,+4% (28 → 31),"Latin America
+4% (28 → 31)",FALSE,,44.15744164624672,36.31937332290033,linear,% of G7
"South
Africa",Africa,2005,2023,34.26817275392439,26.31577249418423,63212339,49489992,31.425199474796706,25.051820514467458,FALSE,1,-7.952400259740159,-0.264048541315326,6.373378960329248,0.22666360198443897,red,-8%,-0.26,-8%,30.29197262405431,25 → 31,3.22 → 3.45,6,+6% (25 → 31),"Africa
+6% (25 → 31)",FALSE,,34.26817275392439,26.31577249418423,linear,% of G7
Georgia,ex-USSR/Balkans,2005,2023,88.12003441581889,202.39383978207562,3807436,4026093,139.11781344125316,84.31384489881685,FALSE,1,114.27380536625672,0.8315155886004797,54.80396854243631,0.5007750676546335,black,+114%,0.83,+114%,145.25693709894725,84 → 139,4.43 → 4.94,55,+55% (84 → 139),"ex-USSR/Balkans
+55% (84 → 139)",FALSE,,88.12003441581889,202.39383978207562,linear,% of LAT_AM
Romania,CEE,2005,2023,94.061313649076,203.21595205881522,19118433,21213352,197.60004263879344,157.68863057291387,FALSE,1,109.15463840973922,0.7703223743544532,39.911412065879574,0.225622605016178,black,+109%,0.77,+109%,148.6386328539456,158 → 198,5.06 → 5.29,40,+40% (158 → 198),"CEE
+40% (158 → 198)",FALSE,,94.061313649076,203.21595205881522,linear,% of LAT_AM
Kazakhstan,ex-USSR/Balkans,2005,2023,81.67887537598591,162.1751090299212,20330063,15968071,139.11781344125316,84.31384489881685,FALSE,1,80.49623365393529,0.6858812662935797,54.80396854243631,0.5007750676546335,black,+80%,0.69,+80%,121.92699220295356,84 → 139,4.43 → 4.94,55,+55% (84 → 139),"ex-USSR/Balkans
+55% (84 → 139)",FALSE,,81.67887537598591,162.1751090299212,linear,% of LAT_AM
Russia,ex-USSR/Balkans,2005,2023,94.20510059599096,158.1691176446166,145440454,144597838,139.11781344125316,84.31384489881685,FALSE,1,63.964017048625635,0.5181904988635978,54.80396854243631,0.5007750676546335,black,+64%,0.52,+64%,126.18710912030377,84 → 139,4.43 → 4.94,55,+55% (84 → 139),"ex-USSR/Balkans
+55% (84 → 139)",FALSE,,94.20510059599096,158.1691176446166,linear,% of LAT_AM
Azerbaijan,ex-USSR/Balkans,2005,2023,40.09598192326101,101.11644739588615,10318161,8597205,139.11781344125316,84.31384489881685,FALSE,1,61.02046547262515,0.9249966693477902,54.80396854243631,0.5007750676546335,black,+61%,0.92,+61%,70.60621465957358,84 → 139,4.43 → 4.94,55,+55% (84 → 139),"ex-USSR/Balkans
+55% (84 → 139)",FALSE,,40.09598192326101,101.11644739588615,linear,% of LAT_AM
Belarus,ex-USSR/Balkans,2005,2023,91.50775200511116,151.64405766024385,9115626,9667778,139.11781344125316,84.31384489881685,FALSE,1,60.13630565513269,0.5051123587385716,54.80396854243631,0.5007750676546335,black,+60%,0.51,+60%,121.57590483267751,84 → 139,4.43 → 4.94,55,+55% (84 → 139),"ex-USSR/Balkans
+55% (84 → 139)",FALSE,,91.50775200511116,151.64405766024385,linear,% of LAT_AM
Egypt,Africa,2005,2023,67.70763778305728,124.27905816076039,114535724,81100965,100.10880662508212,91.35431829024662,FALSE,1,56.571420377703106,0.607330514510241,8.7544883348355,0.09151210709324667,black,+57%,0.61,+57%,95.99334797190883,91 → 100,4.51 → 4.61,9,+9% (91 → 100),"Africa
+9% (91 → 100)",FALSE,,67.70763778305728,124.27905816076039,linear,% of LAT_AM
Latvia,CEE,2005,2023,133.66802136115874,189.9032178666535,1882336,2239738,197.60004263879344,157.68863057291387,FALSE,1,56.23519650549477,0.35115528927479417,39.911412065879574,0.225622605016178,black,+56%,0.35,+56%,161.78561961390614,158 → 198,5.06 → 5.29,40,+40% (158 → 198),"CEE
+40% (158 → 198)",FALSE,,133.66802136115874,189.9032178666535,linear,% of LAT_AM
Lithuania,CEE,2005,2023,155.3823900444386,207.19679484512542,2854061,3322225,197.60004263879344,157.68863057291387,FALSE,1,51.814404800686816,0.2877799300365282,39.911412065879574,0.225622605016178,black,+52%,0.29,+52%,181.28959244478202,158 → 198,5.06 → 5.29,40,+40% (158 → 198),"CEE
+40% (158 → 198)",FALSE,,155.3823900444386,207.19679484512542,linear,% of LAT_AM
China,Asia,2005,2023,30.96891469645273,76.37348502969891,1422584878,1310027084,83.78120670681986,45.525649527815006,FALSE,1,45.404570333246184,0.9026516316840459,38.25555717900485,0.6099328256862175,black,+45%,0.9,+45%,53.67119986307582,46 → 84,3.82 → 4.43,38,+38% (46 → 84),"Asia
+38% (46 → 84)",FALSE,,30.96891469645273,76.37348502969891,linear,% of LAT_AM
Estonia,CEE,2005,2023,153.9047848661468,199.22914371057394,1367143,1354799,197.60004263879344,157.68863057291387,FALSE,1,45.32435884442714,0.25812150710736825,39.911412065879574,0.225622605016178,black,+45%,0.26,+45%,176.56696428836037,158 → 198,5.06 → 5.29,40,+40% (158 → 198),"CEE
+40% (158 → 198)",FALSE,,153.9047848661468,199.22914371057394,linear,% of LAT_AM
Bulgaria,CEE,2005,2023,123.73196590182631,160.80683704021055,6795757,7695001,197.60004263879344,157.68863057291387,FALSE,1,37.07487113838424,0.26208621400485804,39.911412065879574,0.225622605016178,black,+37%,0.26,+37%,142.26940147101843,158 → 198,5.06 → 5.29,40,+40% (158 → 198),"CEE
+40% (158 → 198)",FALSE,,123.73196590182631,160.80683704021055,linear,% of LAT_AM
Poland,CEE,2005,2023,164.57089212263548,201.53685357274486,38762796,38124333,197.60004263879344,157.68863057291387,FALSE,1,36.965961450109376,0.20263082828220697,39.911412065879574,0.225622605016178,black,+37%,0.2,+37%,183.05387284769017,158 → 198,5.06 → 5.29,40,+40% (158 → 198),"CEE
+40% (158 → 198)",FALSE,,164.57089212263548,201.53685357274486,linear,% of LAT_AM
Moldova,ex-USSR/Balkans,2005,2023,40.286746249168864,75.83236712304874,3067017,3988618,139.11781344125316,84.31384489881685,FALSE,1,35.54562087387988,0.6325026707383692,54.80396854243631,0.5007750676546335,black,+36%,0.63,+36%,58.059556686108806,84 → 139,4.43 → 4.94,55,+55% (84 → 139),"ex-USSR/Balkans
+55% (84 → 139)",FALSE,,40.286746249168864,75.83236712304874,linear,% of LAT_AM
"South
Korea",Asia,2005,2023,197.02421392303134,231.40757469771404,51748695,47851594,83.78120670681986,45.525649527815006,FALSE,1,34.3833607746827,0.16085391394074652,38.25555717900485,0.6099328256862175,black,+34%,0.16,+34%,214.21589431037268,46 → 84,3.82 → 4.43,38,+38% (46 → 84),"Asia
+38% (46 → 84)",FALSE,,197.02421392303134,231.40757469771404,linear,% of LAT_AM
Thailand,Asia,2005,2023,53.487994688392156,82.18553949809126,71702397,66017363,83.78120670681986,45.525649527815006,FALSE,1,28.697544809699103,0.4295221376988782,38.25555717900485,0.6099328256862175,black,+29%,0.43,+29%,67.8367670932417,46 → 84,3.82 → 4.43,38,+38% (46 → 84),"Asia
+38% (46 → 84)",FALSE,,53.487994688392156,82.18553949809126,linear,% of LAT_AM
Ukraine,ex-USSR/Balkans,2005,2023,58.70595644241315,83.26703717022647,37732781,47585510,139.11781344125316,84.31384489881685,FALSE,1,24.561080727813327,0.3495115643163025,54.80396854243631,0.5007750676546335,black,+25%,0.35,+25%,70.9864968063198,84 → 139,4.43 → 4.94,55,+55% (84 → 139),"ex-USSR/Balkans
+55% (84 → 139)",FALSE,,58.70595644241315,83.26703717022647,linear,% of LAT_AM
"North
Macedonia",ex-USSR/Balkans,2005,2023,98.71016821924587,120.72164940633466,1831749,2089764,139.11781344125316,84.31384489881685,FALSE,1,22.01148118708879,0.20129951483591946,54.80396854243631,0.5007750676546335,black,+22%,0.2,+22%,109.71590881279027,84 → 139,4.43 → 4.94,55,+55% (84 → 139),"ex-USSR/Balkans
+55% (84 → 139)",FALSE,,98.71016821924587,120.72164940633466,linear,% of LAT_AM
Morocco,Africa,2005,2023,42.034595402159226,58.78715090526052,37712463,30358088,100.10880662508212,91.35431829024662,FALSE,1,16.75255550310129,0.33543032972572234,8.7544883348355,0.09151210709324667,black,+17%,0.34,+17%,50.41087315370987,91 → 100,4.51 → 4.61,9,+9% (91 → 100),"Africa
+9% (91 → 100)",FALSE,,42.034595402159226,58.78715090526052,linear,% of LAT_AM
Serbia,ex-USSR/Balkans,2005,2023,94.06954415548209,109.46495347195462,6773156,7539095,139.11781344125316,84.31384489881685,FALSE,1,15.395409316472524,0.1515700982387627,54.80396854243631,0.5007750676546335,black,+15%,0.15,+15%,101.76724881371835,84 → 139,4.43 → 4.94,55,+55% (84 → 139),"ex-USSR/Balkans
+55% (84 → 139)",FALSE,,94.06954415548209,109.46495347195462,linear,% of LAT_AM
Czechia,CEE,2005,2023,206.44206494116796,218.75679341591882,10809674,10280103,197.60004263879344,157.68863057291387,FALSE,1,12.314728474750865,0.057940764519206774,39.911412065879574,0.225622605016178,black,+12%,0.06,+12%,212.5994291785434,158 → 198,5.06 → 5.29,40,+40% (158 → 198),"CEE
+40% (158 → 198)",FALSE,,206.44206494116796,218.75679341591882,linear,% of LAT_AM
Malaysia,Asia,2005,2023,119.4447539042083,128.39903408177508,35126249,25836027,83.78120670681986,45.525649527815006,FALSE,1,8.954280177566787,0.07228891445183902,38.25555717900485,0.6099328256862175,black,+9%,0.07,+9%,123.9218939929917,46 → 84,3.82 → 4.43,38,+38% (46 → 84),"Asia
+38% (46 → 84)",FALSE,,119.4447539042083,128.39903408177508,linear,% of LAT_AM
Croatia,CEE,2005,2023,170.71526498039682,179.40672100005725,3895973,4313901,197.60004263879344,157.68863057291387,FALSE,1,8.691456019660421,0.04965836111069275,39.911412065879574,0.225622605016178,black,+9%,0.05,+9%,175.06099299022702,158 → 198,5.06 → 5.29,40,+40% (158 → 198),"CEE
+40% (158 → 198)",FALSE,,170.71526498039682,179.40672100005725,linear,% of LAT_AM
Spain,Southern Europe,2005,2023,274.2427074466145,276.25109222876193,47911535,43958840,265.03490834917,281.1839145208806,FALSE,1,2.008384782147459,0.007296698688199359,-16.149006171710596,-0.05914740838614345,black,+2%,0.01,+2%,275.2468998376882,281 → 265,5.64 → 5.58,-16,-16% (281 → 265),"Southern Europe
-16% (281 → 265)",FALSE,,274.2427074466145,276.25109222876193,linear,% of LAT_AM
Slovakia,CEE,2005,2023,193.6126102283619,189.8837197166951,5518008,5376650,197.60004263879344,157.68863057291387,FALSE,1,-3.7288905116667763,-0.019447424878276776,39.911412065879574,0.225622605016178,red,-4%,-0.02,-4%,191.7481649725285,158 → 198,5.06 → 5.29,40,+40% (158 → 198),"CEE
+40% (158 → 198)",FALSE,,193.6126102283619,189.8837197166951,linear,% of LAT_AM
Hungary,CEE,2005,2023,188.8829967535485,182.73936361139346,9686418,10065654,197.60004263879344,157.68863057291387,FALSE,1,-6.143633142155039,-0.03306686348061718,39.911412065879574,0.225622605016178,red,-6%,-0.03,-6%,185.811180182471,158 → 198,5.06 → 5.29,40,+40% (158 → 198),"CEE
+40% (158 → 198)",FALSE,,188.8829967535485,182.73936361139346,linear,% of LAT_AM
Portugal,Southern Europe,2005,2023,194.4321922984173,184.5800632132472,10430680,10502943,265.03490834917,281.1839145208806,FALSE,1,-9.852129085170105,-0.05200016025124934,-16.149006171710596,-0.05914740838614345,red,-10%,-0.05,-10%,189.50612775583227,281 → 265,5.64 → 5.58,-16,-16% (281 → 265),"Southern Europe
-16% (281 → 265)",FALSE,,194.4321922984173,184.5800632132472,linear,% of LAT_AM
Slovenia,CEE,2005,2023,232.8694802656524,222.19539597567862,2118353,1996858,197.60004263879344,157.68863057291387,FALSE,1,-10.674084289973791,-0.04692096926849039,39.911412065879574,0.225622605016178,red,-11%,-0.05,-11%,227.53243812066552,158 → 198,5.06 → 5.29,40,+40% (158 → 198),"CEE
+40% (158 → 198)",FALSE,,232.8694802656524,222.19539597567862,linear,% of LAT_AM
Tunisia,Africa,2005,2023,83.34093796070525,72.51635211269546,12200387,10255431,100.10880662508212,91.35431829024662,FALSE,1,-10.82458584800979,-0.13912779774819317,8.7544883348355,0.09151210709324667,red,-11%,-0.14,-11%,77.92864503670035,91 → 100,4.51 → 4.61,9,+9% (91 → 100),"Africa
+9% (91 → 100)",FALSE,,83.34093796070525,72.51635211269546,linear,% of LAT_AM
Italy,Southern Europe,2005,2023,314.1604459957846,290.2748765103087,59499408,58519638,265.03490834917,281.1839145208806,FALSE,1,-23.885569485475912,-0.0790755058242251,-16.149006171710596,-0.05914740838614345,red,-24%,-0.08,-24%,302.21766125304663,281 → 265,5.64 → 5.58,-16,-16% (281 → 265),"Southern Europe
-16% (281 → 265)",FALSE,,314.1604459957846,290.2748765103087,linear,% of LAT_AM
Algeria,Africa,2005,2023,146.4111674564303,111.66819261787718,46164169,33109211,100.10880662508212,91.35431829024662,FALSE,1,-34.74297483855311,-0.2708869707597947,8.7544883348355,0.09151210709324667,red,-35%,-0.27,-35%,129.03968003715374,91 → 100,4.51 → 4.61,9,+9% (91 → 100),"Africa
+9% (91 → 100)",FALSE,,146.4111674564303,111.66819261787718,linear,% of LAT_AM
Iran,Asia,2005,2023,131.88748063672324,95.13162904531842,90608663,71828417,83.78120670681986,45.525649527815006,FALSE,1,-36.75585159140482,-0.3266876381677856,38.25555717900485,0.6099328256862175,red,-37%,-0.33,-37%,113.50955484102083,46 → 84,3.82 → 4.43,38,+38% (46 → 84),"Asia
+38% (46 → 84)",FALSE,,131.88748063672324,95.13162904531842,linear,% of LAT_AM
"South
Africa",Africa,2005,2023,124.96279698232998,83.83210365690087,63212339,49489992,100.10880662508212,91.35431829024662,FALSE,1,-41.13069332542911,-0.3992000362065182,8.7544883348355,0.09151210709324667,red,-41%,-0.4,-41%,104.39745031961542,91 → 100,4.51 → 4.61,9,+9% (91 → 100),"Africa
+9% (91 → 100)",FALSE,,124.96279698232998,83.83210365690087,linear,% of LAT_AM
Greece,Southern Europe,2005,2023,210.43790525414292,162.58141905009768,10242850,10981291,265.03490834917,281.1839145208806,FALSE,1,-47.85648620404524,-0.2580117060897501,-16.149006171710596,-0.05914740838614345,red,-48%,-0.26,-48%,186.5096621521203,281 → 265,5.64 → 5.58,-16,-16% (281 → 265),"Southern Europe
-16% (281 → 265)",FALSE,,210.43790525414292,162.58141905009768,linear,% of LAT_AM
Israel,Asia,2005,2023,248.17634092243406,199.33597129861275,9256261,6728156,83.78120670681986,45.525649527815006,FALSE,1,-48.84036962382132,-0.21914784645930982,38.25555717900485,0.6099328256862175,red,-49%,-0.22,-49%,223.75615611052342,46 → 84,3.82 → 4.43,38,+38% (46 → 84),"Asia
+38% (46 → 84)",FALSE,,248.17634092243406,199.33597129861275,linear,% of LAT_AM
Azerbaijan,ex-USSR/Balkans,2005,2023,6.820282,23.42494,10318161,8597205,32.228450630130936,14.341691389794603,FALSE,1,16.604658,1.2339004467810113,17.886759240336332,0.8096788450878547,black,$17,1.23,1.23,2.536851043364638,14 → 32,2.66 → 3.47,0.81,+0.81 (2.66 → 3.47),"ex-USSR/Balkans
+0.81 (2.66 → 3.47)",FALSE,,1.9199008199741325,3.153801266755144,logratio,value
China,Asia,2005,2023,5.267778,17.692911,1422584878,1310027084,19.409006059628425,7.743862430083926,FALSE,1,12.425132999999999,1.2115554091172671,11.665143629544499,0.9188366031194388,black,$12,1.21,1.21,2.2673863463216333,8 → 19,2.05 → 2.97,0.92,+0.92 (2.05 → 2.97),"Asia
+0.92 (2.05 → 2.97)",FALSE,,1.6616086417629996,2.8731640508802667,logratio,value
Georgia,ex-USSR/Balkans,2005,2023,14.98912,46.887165,3807436,4026093,32.228450630130936,14.341691389794603,FALSE,1,31.898045000000003,1.140419366033701,17.886759240336332,0.8096788450878547,black,$32,1.14,1.14,3.2775342876042344,14 → 32,2.66 → 3.47,0.81,+0.81 (2.66 → 3.47),"ex-USSR/Balkans
+0.81 (2.66 → 3.47)",FALSE,,2.707324604587384,3.8477439706210848,logratio,value
Romania,CEE,2005,2023,15.999725,47.077618,19118433,21213352,45.77661955120762,26.822660952896424,FALSE,1,31.077893000000003,1.0792261517876744,18.953958598311193,0.5345263824493995,black,$31,1.08,1.08,3.312184610485912,27 → 46,3.29 → 3.82,0.53,+0.53 (3.29 → 3.82),"CEE
+0.53 (3.29 → 3.82)",FALSE,,2.7725715345920743,3.851797686379749,logratio,value
Kazakhstan,ex-USSR/Balkans,2005,2023,13.893486,37.569973,20330063,15968071,32.228450630130936,14.341691389794603,FALSE,1,23.676486999999998,0.994785043726801,17.886759240336332,0.8096788450878547,black,$24,0.99,0.99,3.1288126190637144,14 → 32,2.66 → 3.47,0.81,+0.81 (2.66 → 3.47),"ex-USSR/Balkans
+0.81 (2.66 → 3.47)",FALSE,,2.631420097200314,3.626205140927115,logratio,value
Moldova,ex-USSR/Balkans,2005,2023,6.8527308,17.567554,3067017,3988618,32.228450630130936,14.341691389794603,FALSE,1,10.714823200000001,0.9414064481715902,17.886759240336332,0.8096788450878547,black,$11,0.94,0.94,2.395350453851673,14 → 32,2.66 → 3.47,0.81,+0.81 (2.66 → 3.47),"ex-USSR/Balkans
+0.81 (2.66 → 3.47)",FALSE,,1.9246472297658777,2.866053677937468,logratio,value
Egypt,Africa,2005,2023,11.516994,28.79086,114535724,81100965,23.191506911659534,15.539268095484172,FALSE,1,17.273865999999998,0.9162342919434621,7.6522388161753625,0.4004158845264678,black,$17,0.92,0.92,2.901940829689363,16 → 23,2.74 → 3.14,0.4,+0.4 (2.74 → 3.14),"Africa
+0.4 (2.74 → 3.14)",FALSE,,2.4438236837176324,3.3600579756610944,logratio,value
Russia,ex-USSR/Balkans,2005,2023,16.024183,36.641933,145440454,144597838,32.228450630130936,14.341691389794603,FALSE,1,20.61775,0.827094276296819,17.886759240336332,0.8096788450878547,black,$21,0.83,0.83,3.1876461568161605,14 → 32,2.66 → 3.47,0.81,+0.81 (2.66 → 3.47),"ex-USSR/Balkans
+0.81 (2.66 → 3.47)",FALSE,,2.774099018667751,3.60119329496457,logratio,value
Belarus,ex-USSR/Balkans,2005,2023,15.565367,35.130318,9115626,9667778,32.228450630130936,14.341691389794603,FALSE,1,19.564951,0.8140161361717929,17.886759240336332,0.8096788450878547,black,$20,0.81,0.81,3.152056450243098,14 → 32,2.66 → 3.47,0.81,+0.81 (2.66 → 3.47),"ex-USSR/Balkans
+0.81 (2.66 → 3.47)",FALSE,,2.7450483821572016,3.5590645183289946,logratio,value
Thailand,Asia,2005,2023,9.0982485,19.039349,71702397,66017363,19.409006059628425,7.743862430083926,FALSE,1,9.941100500000001,0.7384259151320993,11.665143629544499,0.9188366031194388,black,$10,0.74,0.74,2.5772948800361677,8 → 19,2.05 → 2.97,0.92,+0.92 (2.05 → 2.97),"Asia
+0.92 (2.05 → 2.97)",FALSE,,2.208081922470118,2.9465078376022174,logratio,value
Uruguay,Latin America,2005,2023,19.504658,38.73502,3388029,3285727,23.15919863828814,17.107780762123383,FALSE,1,19.230362,0.6860907915733858,6.051417876164756,0.30285867564659485,black,$19,0.69,0.69,3.313698704625941,17 → 23,2.84 → 3.14,0.3,+0.3 (2.84 → 3.14),"Latin America
+0.3 (2.84 → 3.14)",FALSE,,2.9706533088392484,3.656744100412634,logratio,value
Latvia,CEE,2005,2023,22.736782,43.99355,1882336,2239738,45.77661955120762,26.822660952896424,FALSE,1,21.256767999999997,0.6600590667080155,18.953958598311193,0.5345263824493995,black,$21,0.66,0.66,3.454013498909665,27 → 46,3.29 → 3.82,0.53,+0.53 (3.29 → 3.82),"CEE
+0.53 (3.29 → 3.82)",FALSE,,3.123983965555657,3.7840430322636727,logratio,value
Ukraine,ex-USSR/Balkans,2005,2023,9.985818,19.289892,37732781,47585510,32.228450630130936,14.341691389794603,FALSE,1,9.304073999999998,0.6584153417495238,17.886759240336332,0.8096788450878547,black,$9,0.66,0.66,2.630373557271371,14 → 32,2.66 → 3.47,0.81,+0.81 (2.66 → 3.47),"ex-USSR/Balkans
+0.81 (2.66 → 3.47)",FALSE,,2.3011658863966087,2.9595812281461327,logratio,value
Costa Rica,Latin America,2005,2023,14.271688,27.285439,5105469,4261187,23.15919863828814,17.107780762123383,FALSE,1,13.013751000000001,0.648075475323035,6.051417876164756,0.30285867564659485,black,$13,0.65,0.65,2.982315452273669,17 → 23,2.84 → 3.14,0.3,+0.3 (2.84 → 3.14),"Latin America
+0.3 (2.84 → 3.14)",FALSE,,2.6582777146121517,3.306353189935187,logratio,value
Morocco,Africa,2005,2023,7.150038,13.618808,37712463,30358088,23.191506911659534,15.539268095484172,FALSE,1,6.468769999999999,0.6443341071589436,7.6522388161753625,0.4004158845264678,black,$6,0.64,0.64,2.28928472495658,16 → 23,2.74 → 3.14,0.4,+0.4 (2.74 → 3.14),"Africa
+0.4 (2.74 → 3.14)",FALSE,,1.9671176713771081,2.611451778536052,logratio,value
Lithuania,CEE,2005,2023,26.430372,47.999832,2854061,3322225,45.77661955120762,26.822660952896424,FALSE,1,21.56946,0.5966837074697494,18.953958598311193,0.5345263824493995,black,$22,0.6,0.6,3.5728556571668912,27 → 46,3.29 → 3.82,0.53,+0.53 (3.29 → 3.82),"CEE
+0.53 (3.29 → 3.82)",FALSE,,3.2745138034320167,3.871197510901766,logratio,value
Bulgaria,CEE,2005,2023,21.04667,37.252995,6795757,7695001,45.77661955120762,26.822660952896424,FALSE,1,16.206325,0.5709899914380792,18.953958598311193,0.5345263824493995,black,$16,0.57,0.57,3.3322373485589702,27 → 46,3.29 → 3.82,0.53,+0.53 (3.29 → 3.82),"CEE
+0.53 (3.29 → 3.82)",FALSE,,3.0467423528399307,3.61773234427801,logratio,value
Estonia,CEE,2005,2023,26.179033,46.154022,1367143,1354799,45.77661955120762,26.822660952896424,FALSE,1,19.974988999999997,0.5670252845405893,18.953958598311193,0.5345263824493995,black,$20,0.57,0.57,3.548471465477057,27 → 46,3.29 → 3.82,0.53,+0.53 (3.29 → 3.82),"CEE
+0.53 (3.29 → 3.82)",FALSE,,3.2649588232067623,3.8319841077473518,logratio,value
"Dominican
Republic",Latin America,2005,2023,13.452188,23.229465,11331213,9224982,23.15919863828814,17.107780762123383,FALSE,1,9.777277000000002,0.5462797465558106,6.051417876164756,0.30285867564659485,black,$10,0.55,0.55,2.8722816426752793,17 → 23,2.84 → 3.14,0.3,+0.3 (2.84 → 3.14),"Latin America
+0.3 (2.84 → 3.14)",FALSE,,2.5991417693973737,3.1454215159531844,logratio,value
Poland,CEE,2005,2023,27.993326,46.688633,38762796,38124333,45.77661955120762,26.822660952896424,FALSE,1,18.695307000000003,0.5115346057154283,18.953958598311193,0.5345263824493995,black,$19,0.51,0.51,3.5877334274784825,27 → 46,3.29 → 3.82,0.53,+0.53 (3.29 → 3.82),"CEE
+0.53 (3.29 → 3.82)",FALSE,,3.3319661246207684,3.8435007303361965,logratio,value
"North
Macedonia",ex-USSR/Balkans,2005,2023,16.79049,27.96674,1831749,2089764,32.228450630130936,14.341691389794603,FALSE,1,11.176250000000003,0.5102032922691406,17.886759240336332,0.8096788450878547,black,$11,0.51,0.51,3.075914300836292,14 → 32,2.66 → 3.47,0.81,+0.81 (2.66 → 3.47),"ex-USSR/Balkans
+0.81 (2.66 → 3.47)",FALSE,,2.8208126547017214,3.331015946970862,logratio,value
Paraguay,Latin America,2005,2023,9.919018,16.35828,6844101,5448045,23.15919863828814,17.107780762123383,FALSE,1,6.439262000000001,0.5002802667119848,6.051417876164756,0.30285867564659485,black,$6,0.5,0.5,2.5445940578172648,17 → 23,2.84 → 3.14,0.3,+0.3 (2.84 → 3.14),"Latin America
+0.3 (2.84 → 3.14)",FALSE,,2.2944539244612723,2.7947341911732573,logratio,value
Chile,Latin America,2005,2023,19.48057,32.017334,19658791,16348730,23.15919863828814,17.107780762123383,FALSE,1,12.536763999999998,0.4968598850734246,6.051417876164756,0.30285867564659485,black,$13,0.5,0.5,3.2178475011033,17 → 23,2.84 → 3.14,0.3,+0.3 (2.84 → 3.14),"Latin America
+0.3 (2.84 → 3.14)",FALSE,,2.969417558566588,3.4662774436400126,logratio,value
Ecuador,Latin America,2005,2023,11.528501,18.797377,17980034,13846112,23.15919863828814,17.107780762123383,FALSE,1,7.268876000000001,0.48889502166922844,6.051417876164756,0.30285867564659485,black,$7,0.49,0.49,2.689269827990695,17 → 23,2.84 → 3.14,0.3,+0.3 (2.84 → 3.14),"Latin America
+0.3 (2.84 → 3.14)",FALSE,,2.444822317156081,2.9337173388253093,logratio,value
Brazil,Latin America,2005,2023,12.276319,19.95744,211140678,184688047,23.15919863828814,17.107780762123383,FALSE,1,7.681120999999997,0.4859298840617711,6.051417876164756,0.30285867564659485,black,$8,0.49,0.49,2.7506370641138362,17 → 23,2.84 → 3.14,0.3,+0.3 (2.84 → 3.14),"Latin America
+0.3 (2.84 → 3.14)",FALSE,,2.5076721220829508,2.9936020061447217,logratio,value
"South
Korea",Asia,2005,2023,33.5136,53.608574,51748695,47851594,19.409006059628425,7.743862430083926,FALSE,1,20.094974,0.4697576913739677,11.665143629544499,0.9188366031194388,black,$20,0.47,0.47,3.746830172283673,8 → 19,2.05 → 2.97,0.92,+0.92 (2.05 → 2.97),"Asia
+0.92 (2.05 → 2.97)",FALSE,,3.5119513265966895,3.981709017970657,logratio,value
Colombia,Latin America,2005,2023,10.149454,16.155731,52321104,42128928,23.15919863828814,17.107780762123383,FALSE,1,6.006276999999999,0.46485493646417275,6.051417876164756,0.30285867564659485,black,$6,0.46,0.46,2.5498473791695337,17 → 23,2.84 → 3.14,0.3,+0.3 (2.84 → 3.14),"Latin America
+0.3 (2.84 → 3.14)",FALSE,,2.3174199109374474,2.78227484740162,logratio,value
Serbia,ex-USSR/Balkans,2005,2023,16.001125,25.35898,6773156,7539095,32.228450630130936,14.341691389794603,FALSE,1,9.357855,0.46047387567198383,17.886759240336332,0.8096788450878547,black,$9,0.46,0.46,3.002895970103965,14 → 32,2.66 → 3.47,0.81,+0.81 (2.66 → 3.47),"ex-USSR/Balkans
+0.81 (2.66 → 3.47)",FALSE,,2.772659032267973,3.233132907939957,logratio,value
Argentina,Latin America,2005,2023,21.956108,33.81828,45538356,39216734,23.15919863828814,17.107780762123383,FALSE,1,11.862172000000001,0.43195611509205656,6.051417876164756,0.30285867564659485,black,$12,0.43,0.43,3.30502342715034,17 → 23,2.84 → 3.14,0.3,+0.3 (2.84 → 3.14),"Latin America
+0.3 (2.84 → 3.14)",FALSE,,3.0890453696043116,3.521001484696368,logratio,value
Malaysia,Asia,2005,2023,20.31742,29.745306,35126249,25836027,19.409006059628425,7.743862430083926,FALSE,1,9.427886,0.3811926918850602,11.665143629544499,0.9188366031194388,black,$9,0.38,0.38,3.2020749920876916,8 → 19,2.05 → 2.97,0.92,+0.92 (2.05 → 2.97),"Asia
+0.92 (2.05 → 2.97)",FALSE,,3.0114786461451613,3.3926713380302216,logratio,value
Czechia,CEE,2005,2023,35.115566,50.677856,10809674,10280103,45.77661955120762,26.822660952896424,FALSE,1,15.562289999999997,0.36684454195242777,18.953958598311193,0.5345263824493995,black,$16,0.37,0.37,3.742066778925188,27 → 46,3.29 → 3.82,0.53,+0.53 (3.29 → 3.82),"CEE
+0.53 (3.29 → 3.82)",FALSE,,3.558644507948974,3.925489049901402,logratio,value
Croatia,CEE,2005,2023,29.038477,41.5619,3895973,4313901,45.77661955120762,26.822660952896424,FALSE,1,12.523423000000001,0.358562138543914,18.953958598311193,0.5345263824493995,black,$13,0.36,0.36,3.547902812949689,27 → 46,3.29 → 3.82,0.53,+0.53 (3.29 → 3.82),"CEE
+0.53 (3.29 → 3.82)",FALSE,,3.368621743677732,3.727183882221646,logratio,value
Spain,Southern Europe,2005,2023,46.64838,63.997158,47911535,43958840,61.39878314432743,47.82907161537171,FALSE,1,17.348777999999996,0.31620047612142055,13.569711528955722,0.24975636904707782,black,$17,0.32,0.32,4.0007384380629745,48 → 61,3.87 → 4.12,0.25,+0.25 (3.87 → 4.12),"Southern Europe
+0.25 (3.87 → 4.12)",FALSE,,3.8426382000022645,4.158838676123685,logratio,value
Slovakia,CEE,2005,2023,32.93329,43.989033,5518008,5376650,45.77661955120762,26.822660952896424,FALSE,1,11.055743,0.28945635255494434,18.953958598311193,0.5345263824493995,black,$11,0.29,0.29,3.639212176572845,27 → 46,3.29 → 3.82,0.53,+0.53 (3.29 → 3.82),"CEE
+0.53 (3.29 → 3.82)",FALSE,,3.494484000295373,3.7839403528503173,logratio,value
Hungary,CEE,2005,2023,32.128788,42.33395,9686418,10065654,45.77661955120762,26.822660952896424,FALSE,1,10.205162000000001,0.2758369139526038,18.953958598311193,0.5345263824493995,black,$10,0.28,0.28,3.6076709076372167,27 → 46,3.29 → 3.82,0.53,+0.53 (3.29 → 3.82),"CEE
+0.53 (3.29 → 3.82)",FALSE,,3.469752450660915,3.7455893646135188,logratio,value
Slovenia,CEE,2005,2023,39.61084,51.474453,2118353,1996858,45.77661955120762,26.822660952896424,FALSE,1,11.863612999999994,0.26198280816473096,18.953958598311193,0.5345263824493995,black,$12,0.26,0.26,3.810094222257299,27 → 46,3.29 → 3.82,0.53,+0.53 (3.29 → 3.82),"CEE
+0.53 (3.29 → 3.82)",FALSE,,3.6791028181749335,3.9410856263396643,logratio,value
Portugal,Southern Europe,2005,2023,33.0727,42.760372,10430680,10502943,61.39878314432743,47.82907161537171,FALSE,1,9.687672,0.2569036171819717,13.569711528955722,0.24975636904707782,black,$10,0.26,0.26,3.62715997724738,48 → 61,3.87 → 4.12,0.25,+0.25 (3.87 → 4.12),"Southern Europe
+0.25 (3.87 → 4.12)",FALSE,,3.4987081686563943,3.755611785838366,logratio,value
Italy,Southern Europe,2005,2023,53.438343,67.24595,59499408,58519638,61.39878314432743,47.82907161537171,FALSE,1,13.80760699999999,0.22982827160899605,13.569711528955722,0.24975636904707782,black,$14,0.23,0.23,4.093442657815642,48 → 61,3.87 → 4.12,0.25,+0.25 (3.87 → 4.12),"Southern Europe
+0.25 (3.87 → 4.12)",FALSE,,3.978528522011145,4.2083567936201405,logratio,value
Tunisia,Africa,2005,2023,14.176201,16.799356,12200387,10255431,23.191506911659534,15.539268095484172,FALSE,1,2.623154999999999,0.16977597968502806,7.6522388161753625,0.4004158845264678,black,$3,0.17,0.17,2.736452562498625,16 → 23,2.74 → 3.14,0.4,+0.4 (2.74 → 3.14),"Africa
+0.4 (2.74 → 3.14)",FALSE,,2.651564572656111,2.821340552341139,logratio,value
Israel,Asia,2005,2023,42.21452,46.17877,9256261,6728156,19.409006059628425,7.743862430083926,FALSE,1,3.96425,0.08975593097391124,11.665143629544499,0.9188366031194388,black,$4,0.09,0.09,3.787642203177792,8 → 19,2.05 → 2.97,0.92,+0.92 (2.05 → 2.97),"Asia
+0.92 (2.05 → 2.97)",FALSE,,3.7427642376908365,3.8325201686647477,logratio,value
Greece,Southern Europe,2005,2023,35.795254,37.6641,10242850,10981291,61.39878314432743,47.82907161537171,FALSE,1,1.8688459999999978,0.05089207134347125,13.569711528955722,0.24975636904707782,black,$2,0.05,0.05,3.603261350457831,48 → 61,3.87 → 4.12,0.25,+0.25 (3.87 → 4.12),"Southern Europe
+0.25 (3.87 → 4.12)",FALSE,,3.5778153147860956,3.6287073861295664,logratio,value
Jamaica,Latin America,2005,2023,10.069793,10.500006,2839729,2687020,23.15919863828814,17.107780762123383,FALSE,1,0.4302130000000002,0.041835678179943755,6.051417876164756,0.30285867564659485,black,$0,0.04,0.04,2.330457989501914,17 → 23,2.84 → 3.14,0.3,+0.3 (2.84 → 3.14),"Latin America
+0.3 (2.84 → 3.14)",FALSE,,2.309540150411942,2.3513758285918858,logratio,value
Algeria,Africa,2005,2023,24.904377,25.869389,46164169,33109211,23.191506911659534,15.539268095484172,FALSE,1,0.9650120000000015,0.038016806673426565,7.6522388161753625,0.4004158845264678,black,$1,0.04,0.04,3.234051974491861,16 → 23,2.74 → 3.14,0.4,+0.4 (2.74 → 3.14),"Africa
+0.4 (2.74 → 3.14)",FALSE,,3.2150435711551477,3.2530603778285743,logratio,value
Iran,Asia,2005,2023,22.433914,22.038479,90608663,71828417,19.409006059628425,7.743862430083926,FALSE,1,-0.39543500000000265,-0.0177838607345646,11.665143629544499,0.9188366031194388,red,$0,-0.02,-0.02,3.101681901381343,8 → 19,2.05 → 2.97,0.92,+0.92 (2.05 → 2.97),"Asia
+0.92 (2.05 → 2.97)",FALSE,,3.110573831748625,3.0927899710140605,logratio,value
Mexico,Latin America,2005,2023,27.390198,26.803362,129739713,105811451,23.15919863828814,17.107780762123383,FALSE,1,-0.5868360000000017,-0.021657884754428352,6.051417876164756,0.30285867564659485,red,$-1,-0.02,-0.02,3.2993562697873067,17 → 23,2.84 → 3.14,0.3,+0.3 (2.84 → 3.14),"Latin America
+0.3 (2.84 → 3.14)",FALSE,,3.310185212164521,3.2885273274100926,logratio,value
"South
Africa",Africa,2005,2023,21.256033,19.420797,63212339,49489992,23.191506911659534,15.539268095484172,FALSE,1,-1.8352359999999983,-0.09029625877329694,7.6522388161753625,0.4004158845264678,red,$-2,-0.09,-0.09,3.011492631572481,16 → 23,2.74 → 3.14,0.4,+0.4 (2.74 → 3.14),"Africa
+0.4 (2.74 → 3.14)",FALSE,,3.0566407609591297,2.966344502185833,logratio,value
Azerbaijan,ex-USSR/Balkans,2005,2023,0.10106904249118072,0.28393462274931236,10318161,8597205,39.06423227321421,21.25280181186865,TRUE,0.01,0.18286558025813165,1.0329401377515255,0.1781143046134556,0.6087185360583687,black,+0%,1.03,1.03,-1.7754813377840744,0 → 0,-1.55 → -0.94,0.61,+0.61 (-1.55 → -0.94),"ex-USSR/Balkans
+0.61 (-1.55 → -0.94)",FALSE,,-2.291951406659837,-1.2590112689083117,logratio,% of DE
China,Asia,2005,2023,0.07806264880485983,0.2144564728926588,1422584878,1310027084,23.52573288759636,11.475548386298549,TRUE,0.01,0.13639382408779896,1.0105951000877813,0.1205018450129781,0.7178762940899531,black,+0%,1.01,1.01,-2.0449460348270794,0 → 0,-2.16 → -1.45,0.72,+0.72 (-2.16 → -1.45),"Asia
+0.72 (-2.16 → -1.45)",FALSE,,-2.55024358487097,-1.5396484847831886,logratio,% of DE
Georgia,ex-USSR/Balkans,2005,2023,0.22212219468130598,0.5683211784559433,3807436,4026093,39.06423227321421,21.25280181186865,TRUE,0.01,0.3461989837746373,0.9394590570042152,0.1781143046134556,0.6087185360583687,black,+0%,0.94,0.94,-1.0347980935444778,0 → 0,-1.55 → -0.94,0.61,+0.61 (-1.55 → -0.94),"ex-USSR/Balkans
+0.61 (-1.55 → -0.94)",FALSE,,-1.5045276220465855,-0.5650685650423704,logratio,% of DE
Romania,CEE,2005,2023,0.2370982440128145,0.5706296667895943,19118433,21213352,55.48602132176616,39.748219495540255,TRUE,0.01,0.3335314227767797,0.8782658427581886,0.15737801826225906,0.33356607341991357,black,+0%,0.88,0.88,-1.0001477706628008,0 → 1,-0.92 → -0.59,0.33,+0.33 (-0.92 → -0.59),"CEE
+0.33 (-0.92 → -0.59)",FALSE,,-1.439280692041895,-0.5610148492837064,logratio,% of DE
Kazakhstan,ex-USSR/Balkans,2005,2023,0.20588610953104647,0.4553871263045647,20330063,15968071,39.06423227321421,21.25280181186865,TRUE,0.01,0.24950101677351821,0.7938247346973152,0.1781143046134556,0.6087185360583687,black,+0%,0.79,0.79,-1.1835197620849978,0 → 0,-1.55 → -0.94,0.61,+0.61 (-1.55 → -0.94),"ex-USSR/Balkans
+0.61 (-1.55 → -0.94)",FALSE,,-1.5804321294336554,-0.7866073947363403,logratio,% of DE
Moldova,ex-USSR/Balkans,2005,2023,0.10154989784965239,0.2129370157455333,3067017,3988618,39.06423227321421,21.25280181186865,TRUE,0.01,0.11138711789588092,0.7404461391421041,0.1781143046134556,0.6087185360583687,black,+0%,0.74,0.74,-1.9169819272970396,0 → 0,-1.55 → -0.94,0.61,+0.61 (-1.55 → -0.94),"ex-USSR/Balkans
+0.61 (-1.55 → -0.94)",FALSE,,-2.2872049968680916,-1.5467588577259876,logratio,% of DE
Egypt,Africa,2005,2023,0.17066912423220526,0.34897515095997117,114535724,81100965,28.11051710676791,23.027478151553538,TRUE,0.01,0.1783060267277659,0.7152739829139766,0.05083038955214374,0.19945557549698192,black,+0%,0.72,0.72,-1.410391551459349,0 → 0,-1.47 → -1.27,0.2,+0.2 (-1.47 → -1.27),"Africa
+0.2 (-1.47 → -1.27)",FALSE,,-1.7680285429163374,-1.052754560002361,logratio,% of DE
Russia,ex-USSR/Balkans,2005,2023,0.23746068454551528,0.44413831681791205,145440454,144597838,39.06423227321421,21.25280181186865,TRUE,0.01,0.20667763227239677,0.6261339672673332,0.1781143046134556,0.6087185360583687,black,+0%,0.63,0.63,-1.1246862243325517,0 → 0,-1.55 → -0.94,0.61,+0.61 (-1.55 → -0.94),"ex-USSR/Balkans
+0.61 (-1.55 → -0.94)",FALSE,,-1.4377532079662183,-0.8116192406988852,logratio,% of DE
Belarus,ex-USSR/Balkans,2005,2023,0.23066153843988008,0.42581597171191804,9115626,9667778,39.06423227321421,21.25280181186865,TRUE,0.01,0.19515443327203796,0.613055827142307,0.1781143046134556,0.6087185360583687,black,+0%,0.61,0.61,-1.1602759309056143,0 → 0,-1.55 → -0.94,0.61,+0.61 (-1.55 → -0.94),"ex-USSR/Balkans
+0.61 (-1.55 → -0.94)",FALSE,,-1.466803844476768,-0.8537480173344608,logratio,% of DE
Thailand,Asia,2005,2023,0.13482598875557072,0.23077670105910614,71702397,66017363,23.52573288759636,11.475548386298549,TRUE,0.01,0.09595071230353541,0.5374656061026134,0.1205018450129781,0.7178762940899531,black,+0%,0.54,0.54,-1.735037501112545,0 → 0,-2.16 → -1.45,0.72,+0.72 (-2.16 → -1.45),"Asia
+0.72 (-2.16 → -1.45)",FALSE,,-2.0037703041638517,-1.4663046980612382,logratio,% of DE
Uruguay,Latin America,2005,2023,0.28903747794855816,0.4695087069972033,3388029,3285727,28.07135612103481,25.351840595108122,TRUE,0.01,0.18047122904864515,0.4851304825438999,0.027195155259266884,0.10189836661710917,black,+0%,0.49,0.49,-0.9986336765227715,0 → 0,-1.37 → -1.27,0.1,+0.1 (-1.37 → -1.27),"Latin America
+0.1 (-1.37 → -1.27)",FALSE,,-1.2411989177947214,-0.7560684352508215,logratio,% of DE
Latvia,CEE,2005,2023,0.33693398397173513,0.5332475567772216,1882336,2239738,55.48602132176616,39.748219495540255,TRUE,0.01,0.19631357280548645,0.4590987576785293,0.15737801826225906,0.33356607341991357,black,+0%,0.46,0.46,-0.8583188822390475,0 → 1,-0.92 → -0.59,0.33,+0.33 (-0.92 → -0.59),"CEE
+0.33 (-0.92 → -0.59)",FALSE,,-1.0878682610783121,-0.6287695033997828,logratio,% of DE
Ukraine,ex-USSR/Balkans,2005,2023,0.1479787879373899,0.23381354265560458,37732781,47585510,39.06423227321421,21.25280181186865,TRUE,0.01,0.0858347547182147,0.45745503272003785,0.1781143046134556,0.6087185360583687,black,+0%,0.46,0.46,-1.6819588238773417,0 → 0,-1.55 → -0.94,0.61,+0.61 (-1.55 → -0.94),"ex-USSR/Balkans
+0.61 (-1.55 → -0.94)",FALSE,,-1.9106863402373606,-1.4532313075173229,logratio,% of DE
Costa Rica,Latin America,2005,2023,0.21149064523913733,0.3307278835725673,5105469,4261187,28.07135612103481,25.351840595108122,TRUE,0.01,0.11923723833343,0.44711516629354936,0.027195155259266884,0.10189836661710917,black,+0%,0.45,0.45,-1.3300169288750434,0 → 0,-1.37 → -1.27,0.1,+0.1 (-1.37 → -1.27),"Latin America
+0.1 (-1.37 → -1.27)",FALSE,,-1.553574512021818,-1.1064593457282688,logratio,% of DE
Morocco,Africa,2005,2023,0.1059556620144969,0.16507410955056093,37712463,30358088,28.11051710676791,23.027478151553538,TRUE,0.01,0.05911844753606403,0.44337379812945776,0.05083038955214374,0.19945557549698192,black,+0%,0.44,0.44,-2.0230476561921327,0 → 0,-1.47 → -1.27,0.2,+0.2 (-1.47 → -1.27),"Africa
+0.2 (-1.47 → -1.27)",FALSE,,-2.2447345552568616,-1.8013607571274037,logratio,% of DE
Lithuania,CEE,2005,2023,0.39166890617216604,0.5818078591001885,2854061,3322225,55.48602132176616,39.748219495540255,TRUE,0.01,0.19013895292802246,0.39572339844026355,0.15737801826225906,0.33356607341991357,black,+0%,0.4,0.4,-0.7394767239818213,0 → 1,-0.92 → -0.59,0.33,+0.33 (-0.92 → -0.59),"CEE
+0.33 (-0.92 → -0.59)",FALSE,,-0.937338423201953,-0.5416150247616895,logratio,% of DE
Bulgaria,CEE,2005,2023,0.31188839178905775,0.451545023449666,6795757,7695001,55.48602132176616,39.748219495540255,TRUE,0.01,0.13965663166060827,0.37002968240859346,0.15737801826225906,0.33356607341991357,black,+0%,0.37,0.37,-0.9800950325897424,0 → 1,-0.92 → -0.59,0.33,+0.33 (-0.92 → -0.59),"CEE
+0.33 (-0.92 → -0.59)",FALSE,,-1.165109873794039,-0.7950801913854457,logratio,% of DE
Estonia,CEE,2005,2023,0.3879443399341878,0.559434723202427,1367143,1354799,55.48602132176616,39.748219495540255,TRUE,0.01,0.17149038326823923,0.36606497551110356,0.15737801826225906,0.33356607341991357,black,+0%,0.37,0.37,-0.7638609156716556,0 → 1,-0.92 → -0.59,0.33,+0.33 (-0.92 → -0.59),"CEE
+0.33 (-0.92 → -0.59)",FALSE,,-0.9468934034272074,-0.5808284279161039,logratio,% of DE
"Dominican
Republic",Latin America,2005,2023,0.19934656082715513,0.28156526255535147,11331213,9224982,28.07135612103481,25.351840595108122,TRUE,0.01,0.08221870172819634,0.3453194375263248,0.027195155259266884,0.10189836661710917,black,+0%,0.35,0.35,-1.4400507384734336,0 → 0,-1.37 → -1.27,0.1,+0.1 (-1.37 → -1.27),"Latin America
+0.1 (-1.37 → -1.27)",FALSE,,-1.612710457236596,-1.2673910197102711,logratio,% of DE
Poland,CEE,2005,2023,0.4148301573107203,0.5659147642442668,38762796,38124333,55.48602132176616,39.748219495540255,TRUE,0.01,0.15108460693354647,0.3105742966859424,0.15737801826225906,0.33356607341991357,black,+0%,0.31,0.31,-0.7245989536702302,0 → 1,-0.92 → -0.59,0.33,+0.33 (-0.92 → -0.59),"CEE
+0.33 (-0.92 → -0.59)",FALSE,,-0.8798861020132014,-0.569311805327259,logratio,% of DE
"North
Macedonia",ex-USSR/Balkans,2005,2023,0.24881650747839235,0.33898595989693475,1831749,2089764,39.06423227321421,21.25280181186865,TRUE,0.01,0.0901694524185424,0.30924298323965466,0.1781143046134556,0.6087185360583687,black,+0%,0.31,0.31,-1.2364180803124207,0 → 0,-1.55 → -0.94,0.61,+0.61 (-1.55 → -0.94),"ex-USSR/Balkans
+0.61 (-1.55 → -0.94)",FALSE,,-1.3910395719322481,-1.0817965886925935,logratio,% of DE
Paraguay,Latin America,2005,2023,0.1469888857546926,0.19827935783944894,6844101,5448045,28.07135612103481,25.351840595108122,TRUE,0.01,0.051290472084756344,0.2993199576824989,0.027195155259266884,0.10189836661710917,black,+0%,0.3,0.3,-1.7677383233314479,0 → 0,-1.37 → -1.27,0.1,+0.1 (-1.37 → -1.27),"Latin America
+0.1 (-1.37 → -1.27)",FALSE,,-1.9173983021726972,-1.6180783444901983,logratio,% of DE
Chile,Latin America,2005,2023,0.2886805204069891,0.3880833697217039,19658791,16348730,28.07135612103481,25.351840595108122,TRUE,0.01,0.09940284931471477,0.2958995760439385,0.027195155259266884,0.10189836661710917,black,+0%,0.3,0.3,-1.0944848800454121,0 → 0,-1.37 → -1.27,0.1,+0.1 (-1.37 → -1.27),"Latin America
+0.1 (-1.37 → -1.27)",FALSE,,-1.2424346680673815,-0.9465350920234428,logratio,% of DE
Ecuador,Latin America,2005,2023,0.17083964525640136,0.22784374889206124,17980034,13846112,28.07135612103481,25.351840595108122,TRUE,0.01,0.057004103635659886,0.2879347126397426,0.027195155259266884,0.10189836661710917,black,+0%,0.29,0.29,-1.6230625531580176,0 → 0,-1.37 → -1.27,0.1,+0.1 (-1.37 → -1.27),"Latin America
+0.1 (-1.37 → -1.27)",FALSE,,-1.7670299094778887,-1.4790951968381463,logratio,% of DE
Brazil,Latin America,2005,2023,0.18192148164053762,0.24190491832389055,211140678,184688047,28.07135612103481,25.351840595108122,TRUE,0.01,0.05998343668335293,0.28496957503228554,0.027195155259266884,0.10189836661710917,black,+0%,0.28,0.28,-1.5616953170348762,0 → 0,-1.37 → -1.27,0.1,+0.1 (-1.37 → -1.27),"Latin America
+0.1 (-1.37 → -1.27)",FALSE,,-1.704180104551019,-1.4192105295187334,logratio,% of DE
"South
Korea",Asia,2005,2023,0.49663451781501616,0.6497916423614573,51748695,47851594,23.52573288759636,11.475548386298549,TRUE,0.01,0.1531571245464411,0.2687973823444818,0.1205018450129781,0.7178762940899531,black,+0%,0.27,0.27,-0.5655022088650392,0 → 0,-2.16 → -1.45,0.72,+0.72 (-2.16 → -1.45),"Asia
+0.72 (-2.16 → -1.45)",FALSE,,-0.6999009000372801,-0.43110351769279825,logratio,% of DE
Colombia,Latin America,2005,2023,0.15040369263151937,0.19582425341214835,52321104,42128928,28.07135612103481,25.351840595108122,TRUE,0.01,0.04542056078062898,0.26389462743468695,0.027195155259266884,0.10189836661710917,black,+0%,0.26,0.26,-1.762485001979179,0 → 0,-1.37 → -1.27,0.1,+0.1 (-1.37 → -1.27),"Latin America
+0.1 (-1.37 → -1.27)",FALSE,,-1.8944323156965224,-1.6305376882618354,logratio,% of DE
Serbia,ex-USSR/Balkans,2005,2023,0.23711899046574522,0.3073771979611199,6773156,7539095,39.06423227321421,21.25280181186865,TRUE,0.01,0.07025820749537467,0.25951356664249803,0.1781143046134556,0.6087185360583687,black,+0%,0.26,0.26,-1.3094364110447474,0 → 0,-1.55 → -0.94,0.61,+0.61 (-1.55 → -0.94),"ex-USSR/Balkans
+0.61 (-1.55 → -0.94)",FALSE,,-1.4391931943659966,-1.1796796277234984,logratio,% of DE
Argentina,Latin America,2005,2023,0.32536525797510324,0.4099127073038657,45538356,39216734,28.07135612103481,25.351840595108122,TRUE,0.01,0.08454744932876246,0.23099580606257078,0.027195155259266884,0.10189836661710917,black,+0%,0.23,0.23,-1.0073089539983726,0 → 0,-1.37 → -1.27,0.1,+0.1 (-1.37 → -1.27),"Latin America
+0.1 (-1.37 → -1.27)",FALSE,,-1.122806857029658,-0.8918110509670872,logratio,% of DE
Malaysia,Asia,2005,2023,0.3010817126463634,0.36054402861535,35126249,25836027,23.52573288759636,11.475548386298549,TRUE,0.01,0.0594623159689866,0.18023238285557447,0.1205018450129781,0.7178762940899531,black,+0%,0.18,0.18,-1.1102573890610212,0 → 0,-2.16 → -1.45,0.72,+0.72 (-2.16 → -1.45),"Asia
+0.72 (-2.16 → -1.45)",FALSE,,-1.2003735804888085,-1.020141197633234,logratio,% of DE
Czechia,CEE,2005,2023,0.5203738836833816,0.6142682937546041,10809674,10280103,55.48602132176616,39.748219495540255,TRUE,0.01,0.09389441007122257,0.16588423292294227,0.15737801826225906,0.33356607341991357,black,+0%,0.17,0.17,-0.5702656022235246,0 → 1,-0.92 → -0.59,0.33,+0.33 (-0.92 → -0.59),"CEE
+0.33 (-0.92 → -0.59)",FALSE,,-0.6532077186849957,-0.48732348576205353,logratio,% of DE
Croatia,CEE,2005,2023,0.43031814018719083,0.5037734311056782,3895973,4313901,55.48602132176616,39.748219495540255,TRUE,0.01,0.07345529091848735,0.15760182951442814,0.15737801826225906,0.33356607341991357,black,+0%,0.16,0.16,-0.7644295681990234,0 → 1,-0.92 → -0.59,0.33,+0.33 (-0.92 → -0.59),"CEE
+0.33 (-0.92 → -0.59)",FALSE,,-0.8432304829562375,-0.6856286534418093,logratio,% of DE
Spain,Southern Europe,2005,2023,0.6912774428337047,0.7757120792522045,47911535,43958840,74.42170750213852,70.87739878509025,TRUE,0.01,0.0844346364184998,0.11524016709193458,0.03544308717048267,0.04879606001759204,black,+0%,0.12,0.12,-0.3115939430857376,1 → 1,-0.34 → -0.3,0.05,+0.05 (-0.34 → -0.3),"Southern Europe
+0.05 (-0.34 → -0.3)",FALSE,,-0.36921402663170494,-0.2539738595397703,logratio,% of DE
Slovakia,CEE,2005,2023,0.4880349648862579,0.5331928060418533,5518008,5376650,55.48602132176616,39.748219495540255,TRUE,0.01,0.045157841155595346,0.08849604352545834,0.15737801826225906,0.33356607341991357,black,+0%,0.09,0.09,-0.6731202045758673,0 → 1,-0.92 → -0.59,0.33,+0.33 (-0.92 → -0.59),"CEE
+0.33 (-0.92 → -0.59)",FALSE,,-0.7173682263385965,-0.6288721828131382,logratio,% of DE
Hungary,CEE,2005,2023,0.47611313426074425,0.5131314796425627,9686418,10065654,55.48602132176616,39.748219495540255,TRUE,0.01,0.03701834538181842,0.07487660492311805,0.15737801826225906,0.33356607341991357,black,+0%,0.07,0.07,-0.7046614735114956,0 → 1,-0.92 → -0.59,0.33,+0.33 (-0.92 → -0.59),"CEE
+0.33 (-0.92 → -0.59)",FALSE,,-0.7420997759730547,-0.6672231710499366,logratio,% of DE
Slovenia,CEE,2005,2023,0.5869888768633557,0.623923877447806,2118353,1996858,55.48602132176616,39.748219495540255,TRUE,0.01,0.03693500058445032,0.06102249913524514,0.15737801826225906,0.33356607341991357,black,+0%,0.06,0.06,-0.5022381588914138,0 → 1,-0.92 → -0.59,0.33,+0.33 (-0.92 → -0.59),"CEE
+0.33 (-0.92 → -0.59)",FALSE,,-0.5327494084590364,-0.47172690932379124,logratio,% of DE
Portugal,Southern Europe,2005,2023,0.49010086703131517,0.5183001575432107,10430680,10502943,74.42170750213852,70.87739878509025,TRUE,0.01,0.028199290511895514,0.05594330815248581,0.03544308717048267,0.04879606001759204,black,+0%,0.06,0.06,-0.6851724039013325,1 → 1,-0.34 → -0.3,0.05,+0.05 (-0.34 → -0.3),"Southern Europe
+0.05 (-0.34 → -0.3)",FALSE,,-0.7131440579775754,-0.6572007498250895,logratio,% of DE
Italy,Southern Europe,2005,2023,0.7918971912488795,0.8150908153732356,59499408,58519638,74.42170750213852,70.87739878509025,TRUE,0.01,0.023193624124356105,0.028867962579510298,0.03544308717048267,0.04879606001759204,black,+0%,0.03,0.03,-0.21888972333306983,1 → 1,-0.34 → -0.3,0.05,+0.05 (-0.34 → -0.3),"Southern Europe
+0.05 (-0.34 → -0.3)",FALSE,,-0.233323704622825,-0.20445574204331463,logratio,% of DE
Tunisia,Africa,2005,2023,0.21007563341699342,0.20362565745275749,12200387,10255431,28.11051710676791,23.027478151553538,TRUE,0.01,-0.006449975964235938,-0.031184329344457685,0.05083038955214374,0.19945557549698192,red,0%,-0.03,-0.03,-1.5758798186500877,0 → 0,-1.47 → -1.27,0.2,+0.2 (-1.47 → -1.27),"Africa
+0.2 (-1.47 → -1.27)",FALSE,,-1.5602876539778587,-1.5914719833223165,logratio,% of DE
Israel,Asia,2005,2023,0.6255725372682241,0.5597346946876818,9256261,6728156,23.52573288759636,11.475548386298549,TRUE,0.01,-0.06583784258054237,-0.11120437805557437,0.1205018450129781,0.7178762940899531,red,0%,-0.11,-0.11,-0.5246901779709203,0 → 0,-2.16 → -1.45,0.72,+0.72 (-2.16 → -1.45),"Asia
+0.72 (-2.16 → -1.45)",FALSE,,-0.46908798894313314,-0.5802923669987075,logratio,% of DE
Greece,Southern Europe,2005,2023,0.5304461087545363,0.4565280433884729,10242850,10981291,74.42170750213852,70.87739878509025,TRUE,0.01,-0.07391806536606343,-0.15006823768601457,0.03544308717048267,0.04879606001759204,red,0%,-0.15,-0.15,-0.7090710306908814,1 → 1,-0.34 → -0.3,0.05,+0.05 (-0.34 → -0.3),"Southern Europe
+0.05 (-0.34 → -0.3)",FALSE,,-0.6340369118478741,-0.7841051495338888,logratio,% of DE
Jamaica,Latin America,2005,2023,0.149223204640863,0.12727098735260436,2839729,2687020,28.07135612103481,25.351840595108122,TRUE,0.01,-0.021952217288258635,-0.15912463084954218,0.027195155259266884,0.10189836661710917,red,0%,-0.16,-0.16,-1.9818743916467985,0 → 0,-1.37 → -1.27,0.1,+0.1 (-1.37 → -1.27),"Latin America
+0.1 (-1.37 → -1.27)",FALSE,,-1.9023120762220274,-2.06143670707157,logratio,% of DE
Algeria,Africa,2005,2023,0.36905534657208955,0.3135638856052656,46164169,33109211,28.11051710676791,23.027478151553538,TRUE,0.01,-0.05549146096682395,-0.16294350235605937,0.05083038955214374,0.19945557549698192,red,0%,-0.16,-0.16,-1.0782804066568517,0 → 0,-1.47 → -1.27,0.2,+0.2 (-1.47 → -1.27),"Africa
+0.2 (-1.47 → -1.27)",FALSE,,-0.996808655478822,-1.1597521578348815,logratio,% of DE
Iran,Asia,2005,2023,0.33244581489584946,0.2671292742194277,90608663,71828417,23.52573288759636,11.475548386298549,TRUE,0.01,-0.06531654067642173,-0.21874416976405028,0.1205018450129781,0.7178762940899531,red,0%,-0.22,-0.22,-1.2106504797673698,0 → 0,-2.16 → -1.45,0.72,+0.72 (-2.16 → -1.45),"Asia
+0.72 (-2.16 → -1.45)",FALSE,,-1.1012783948853446,-1.320022564649395,logratio,% of DE
Mexico,Latin America,2005,2023,0.4058924668369802,0.32488460921920204,129739713,105811451,28.07135612103481,25.351840595108122,TRUE,0.01,-0.08100785761777818,-0.22261819378391406,0.027195155259266884,0.10189836661710917,red,0%,-0.22,-0.22,-1.0129761113614058,0 → 0,-1.37 → -1.27,0.1,+0.1 (-1.37 → -1.27),"Latin America
+0.1 (-1.37 → -1.27)",FALSE,,-0.9016670144694486,-1.1242852082533628,logratio,% of DE
"South
Africa",Africa,2005,2023,0.3149909200925914,0.23540024732981074,63212339,49489992,28.11051710676791,23.027478151553538,TRUE,0.01,-0.07959067276278065,-0.29125656780278286,0.05083038955214374,0.19945557549698192,red,0%,-0.29,-0.29,-1.3008397495762312,0 → 0,-1.47 → -1.27,0.2,+0.2 (-1.47 → -1.27),"Africa
+0.2 (-1.47 → -1.27)",FALSE,,-1.1552114656748398,-1.4464680334776225,logratio,% of DE
Azerbaijan,ex-USSR/Balkans,2005,2023,0.10938267723223861,0.3055557417331074,10318161,8597205,42.03890442066657,23.000993217791855,TRUE,0.01,0.1961730645008688,1.0272796885805064,0.19037911202874713,0.60305808688735,black,+0%,1.03,1.03,-1.6992629006398268,0 → 0,-1.47 → -0.87,0.6,+0.6 (-1.47 → -0.87),"ex-USSR/Balkans
+0.6 (-1.47 → -0.87)",FALSE,,-2.21290274493008,-1.1856230563495735,logratio,% of W_EUR3
China,Asia,2005,2023,0.08448384695898022,0.230786953734902,1422584878,1310027084,25.317175808570436,12.419492401058037,TRUE,0.01,0.1463031067759218,1.0049346509167625,0.128976834075124,0.7122158449189343,black,+0%,1,1,-1.9687275976828316,0 → 0,-2.09 → -1.37,0.71,+0.71 (-2.09 → -1.37),"Asia
+0.71 (-2.09 → -1.37)",FALSE,,-2.471194923141213,-1.4662602722244504,logratio,% of W_EUR3
Georgia,ex-USSR/Balkans,2005,2023,0.2403932967808798,0.6115978303183528,3807436,4026093,42.03890442066657,23.000993217791855,TRUE,0.01,0.37120453353747296,0.9337986078331963,0.19037911202874713,0.60305808688735,black,+0%,0.93,0.93,-0.9585796564002305,0 → 0,-1.47 → -0.87,0.6,+0.6 (-1.47 → -0.87),"ex-USSR/Balkans
+0.6 (-1.47 → -0.87)",FALSE,,-1.4254789603168287,-0.4916803524836323,logratio,% of W_EUR3
Romania,CEE,2005,2023,0.2566012307818913,0.614082105952796,19118433,21213352,59.711183640186526,43.01778820172596,TRUE,0.01,0.3574808751709047,0.8726053935871698,0.16693395438460562,0.32790562424889474,black,+0%,0.87,0.87,-0.9239293335185532,0 → 1,-0.84 → -0.52,0.33,+0.33 (-0.84 → -0.52),"CEE
+0.33 (-0.84 → -0.52)",FALSE,,-1.360232030312138,-0.4876266367249683,logratio,% of W_EUR3
Kazakhstan,ex-USSR/Balkans,2005,2023,0.2228216802133146,0.49006404997869013,20330063,15968071,42.03890442066657,23.000993217791855,TRUE,0.01,0.2672423697653755,0.7881642855262965,0.19037911202874713,0.60305808688735,black,+0%,0.79,0.79,-1.1073013249407504,0 → 0,-1.47 → -0.87,0.6,+0.6 (-1.47 → -0.87),"ex-USSR/Balkans
+0.6 (-1.47 → -0.87)",FALSE,,-1.5013834677038986,-0.7132191821776022,logratio,% of W_EUR3
Moldova,ex-USSR/Balkans,2005,2023,0.10990308630285672,0.22915179261532445,3067017,3988618,42.03890442066657,23.000993217791855,TRUE,0.01,0.11924870631246773,0.7347856899710856,0.19037911202874713,0.60305808688735,black,+0%,0.73,0.73,-1.8407634901527923,0 → 0,-1.47 → -0.87,0.6,+0.6 (-1.47 → -0.87),"ex-USSR/Balkans
+0.6 (-1.47 → -0.87)",FALSE,,-2.208156335138335,-1.4733706451672495,logratio,% of W_EUR3
Egypt,Africa,2005,2023,0.18470785187293262,0.3755489910511639,114535724,81100965,30.251083231379102,24.921649083037448,TRUE,0.01,0.19084113917823128,0.7096135337429574,0.053294341483416545,0.1937951263259634,black,+0%,0.71,0.71,-1.3341731143151017,0 → 0,-1.39 → -1.2,0.19,+0.19 (-1.39 → -1.2),"Africa
+0.19 (-1.39 → -1.2)",FALSE,,-1.6889798811865804,-0.9793663474436229,logratio,% of W_EUR3
Russia,ex-USSR/Balkans,2005,2023,0.2569934845801574,0.4779586635590028,145440454,144597838,42.03890442066657,23.000993217791855,TRUE,0.01,0.22096517897884538,0.6204735180963145,0.19037911202874713,0.60305808688735,black,+0%,0.62,0.62,-1.0484677871883044,0 → 0,-1.47 → -0.87,0.6,+0.6 (-1.47 → -0.87),"ex-USSR/Balkans
+0.6 (-1.47 → -0.87)",FALSE,,-1.3587045462364615,-0.7382310281401471,logratio,% of W_EUR3
Belarus,ex-USSR/Balkans,2005,2023,0.24963506121335427,0.45824110430207865,9115626,9667778,42.03890442066657,23.000993217791855,TRUE,0.01,0.20860604308872438,0.6073953779712882,0.19037911202874713,0.60305808688735,black,+0%,0.61,0.61,-1.0840574937613667,0 → 0,-1.47 → -0.87,0.6,+0.6 (-1.47 → -0.87),"ex-USSR/Balkans
+0.6 (-1.47 → -0.87)",FALSE,,-1.387755182747011,-0.7803598047757226,logratio,% of W_EUR3
Thailand,Asia,2005,2023,0.14591636812879574,0.24834993839089867,71702397,66017363,25.317175808570436,12.419492401058037,TRUE,0.01,0.10243357026210292,0.5318051569315947,0.128976834075124,0.7122158449189343,black,+0%,0.53,0.53,-1.6588190639682974,0 → 0,-2.09 → -1.37,0.71,+0.71 (-2.09 → -1.37),"Asia
+0.71 (-2.09 → -1.37)",FALSE,,-1.9247216424340947,-1.3929164855025,logratio,% of W_EUR3
Uruguay,Latin America,2005,2023,0.3128128295192487,0.5052609640471545,3388029,3285727,30.208940205893818,27.437206573910625,TRUE,0.01,0.19244813452790577,0.4794700333728814,0.027717336319831924,0.09623791744609028,black,+0%,0.48,0.48,-0.9224152393785238,0 → 0,-1.29 → -1.2,0.1,+0.1 (-1.29 → -1.2),"Latin America
+0.1 (-1.29 → -1.2)",FALSE,,-1.1621502560649644,-0.6826802226920832,logratio,% of W_EUR3
Latvia,CEE,2005,2023,0.3646491577336205,0.5738534144259301,1882336,2239738,59.711183640186526,43.01778820172596,TRUE,0.01,0.20920425669230958,0.4534383085075109,0.16693395438460562,0.32790562424889474,black,+0%,0.45,0.45,-0.7821004450947999,0 → 1,-0.84 → -0.52,0.33,+0.33 (-0.84 → -0.52),"CEE
+0.33 (-0.84 → -0.52)",FALSE,,-1.0088195993485554,-0.5553812908410445,logratio,% of W_EUR3
Ukraine,ex-USSR/Balkans,2005,2023,0.1601510769193823,0.25161803010003586,37732781,47585510,42.03890442066657,23.000993217791855,TRUE,0.01,0.09146695318065357,0.451794583549019,0.19037911202874713,0.60305808688735,black,+0%,0.45,0.45,-1.6057403867330944,0 → 0,-1.47 → -0.87,0.6,+0.6 (-1.47 → -0.87),"ex-USSR/Balkans
+0.6 (-1.47 → -0.87)",FALSE,,-1.8316376785076038,-1.3798430949585847,logratio,% of W_EUR3
Costa Rica,Latin America,2005,2023,0.22888722813268028,0.35591222654821986,5105469,4261187,30.208940205893818,27.437206573910625,TRUE,0.01,0.12702499841553958,0.44145471712253054,0.027717336319831924,0.09623791744609028,black,+0%,0.44,0.44,-1.2537984917307958,0 → 0,-1.29 → -1.2,0.1,+0.1 (-1.29 → -1.2),"Latin America
+0.1 (-1.29 → -1.2)",FALSE,,-1.474525850292061,-1.0330711331695306,logratio,% of W_EUR3
Morocco,Africa,2005,2023,0.11467125534578204,0.17764421082661372,37712463,30358088,30.251083231379102,24.921649083037448,TRUE,0.01,0.06297295548083168,0.4377133489584389,0.053294341483416545,0.1937951263259634,black,+0%,0.44,0.44,-1.946829219047885,0 → 0,-1.39 → -1.2,0.19,+0.19 (-1.39 → -1.2),"Africa
+0.19 (-1.39 → -1.2)",FALSE,,-2.1656858935271046,-1.7279725445686656,logratio,% of W_EUR3
Lithuania,CEE,2005,2023,0.4238864096241177,0.6261114978234542,2854061,3322225,59.711183640186526,43.01778820172596,TRUE,0.01,0.2022250881993365,0.3900629492692449,0.16693395438460562,0.32790562424889474,black,+0%,0.39,0.39,-0.6632582868375736,0 → 1,-0.84 → -0.52,0.33,+0.33 (-0.84 → -0.52),"CEE
+0.33 (-0.84 → -0.52)",FALSE,,-0.858289761472196,-0.46822681220295126,logratio,% of W_EUR3
Bulgaria,CEE,2005,2023,0.33754339064329586,0.4859293777915649,6795757,7695001,59.711183640186526,43.01778820172596,TRUE,0.01,0.14838598714826906,0.3643692332375747,0.16693395438460562,0.32790562424889474,black,+0%,0.36,0.36,-0.903876595445495,0 → 1,-0.84 → -0.52,0.33,+0.33 (-0.84 → -0.52),"CEE
+0.33 (-0.84 → -0.52)",FALSE,,-1.0860612120642823,-0.7216919788267077,logratio,% of W_EUR3
Estonia,CEE,2005,2023,0.4198554717959057,0.6020346872255022,1367143,1354799,59.711183640186526,43.01778820172596,TRUE,0.01,0.18217921542959653,0.3604045263400847,0.16693395438460562,0.32790562424889474,black,+0%,0.36,0.36,-0.687642478527408,0 → 1,-0.84 → -0.52,0.33,+0.33 (-0.84 → -0.52),"CEE
+0.33 (-0.84 → -0.52)",FALSE,,-0.8678447416974504,-0.5074402153573657,logratio,% of W_EUR3
"Dominican
Republic",Latin America,2005,2023,0.21574420794791085,0.30300595895392934,11331213,9224982,30.208940205893818,27.437206573910625,TRUE,0.01,0.08726175100601849,0.339658988355306,0.027717336319831924,0.09623791744609028,black,+0%,0.34,0.34,-1.363832301329186,0 → 0,-1.29 → -1.2,0.1,+0.1 (-1.29 → -1.2),"Latin America
+0.1 (-1.29 → -1.2)",FALSE,,-1.533661795506839,-1.194002807151533,logratio,% of W_EUR3
Poland,CEE,2005,2023,0.4489528354567793,0.6090081719235924,38762796,38124333,59.711183640186526,43.01778820172596,TRUE,0.01,0.16005533646681308,0.30491384751492356,0.16693395438460562,0.32790562424889474,black,+0%,0.3,0.3,-0.6483805165259826,0 → 1,-0.84 → -0.52,0.33,+0.33 (-0.84 → -0.52),"CEE
+0.33 (-0.84 → -0.52)",FALSE,,-0.8008374402834444,-0.4959235927685208,logratio,% of W_EUR3
"North
Macedonia",ex-USSR/Balkans,2005,2023,0.26928340327293354,0.3647991407686408,1831749,2089764,42.03890442066657,23.000993217791855,TRUE,0.01,0.09551573749570724,0.3035825340686361,0.19037911202874713,0.60305808688735,black,+0%,0.3,0.3,-1.1601996431681731,0 → 0,-1.47 → -0.87,0.6,+0.6 (-1.47 → -0.87),"ex-USSR/Balkans
+0.6 (-1.47 → -0.87)",FALSE,,-1.3119909102024911,-1.0084083761338551,logratio,% of W_EUR3
Paraguay,Latin America,2005,2023,0.15907974836740843,0.21337798000241862,6844101,5448045,30.208940205893818,27.437206573910625,TRUE,0.01,0.054298231635010186,0.29365950851147976,0.027717336319831924,0.09623791744609028,black,+0%,0.29,0.29,-1.6915198861872,0 → 0,-1.29 → -1.2,0.1,+0.1 (-1.29 → -1.2),"Latin America
+0.1 (-1.29 → -1.2)",FALSE,,-1.83834964044294,-1.54469013193146,logratio,% of W_EUR3
Chile,Latin America,2005,2023,0.31242650972643515,0.41763523145359766,19658791,16348730,30.208940205893818,27.437206573910625,TRUE,0.01,0.1052087217271625,0.2902391268729199,0.027717336319831924,0.09623791744609028,black,+0%,0.29,0.29,-1.0182664429011645,0 → 0,-1.29 → -1.2,0.1,+0.1 (-1.29 → -1.2),"Latin America
+0.1 (-1.29 → -1.2)",FALSE,,-1.1633860063376245,-0.8731468794647045,logratio,% of W_EUR3
Ecuador,Latin America,2005,2023,0.18489239944250696,0.24519364710739297,17980034,13846112,30.208940205893818,27.437206573910625,TRUE,0.01,0.06030124766488601,0.2822742634687238,0.027717336319831924,0.09623791744609028,black,+0%,0.28,0.28,-1.5468441160137698,0 → 0,-1.29 → -1.2,0.1,+0.1 (-1.29 → -1.2),"Latin America
+0.1 (-1.29 → -1.2)",FALSE,,-1.6879812477481317,-1.405706984279408,logratio,% of W_EUR3
Brazil,Latin America,2005,2023,0.196885794279034,0.2603255497044597,211140678,184688047,30.208940205893818,27.437206573910625,TRUE,0.01,0.06343975542542571,0.2793091258612665,0.027717336319831924,0.09623791744609028,black,+0%,0.28,0.28,-1.4854768798906286,0 → 0,-1.29 → -1.2,0.1,+0.1 (-1.29 → -1.2),"Latin America
+0.1 (-1.29 → -1.2)",FALSE,,-1.6251314428212618,-1.3458223169599954,logratio,% of W_EUR3
"South
Korea",Asia,2005,2023,0.5374861760394001,0.6992721258549297,51748695,47851594,25.317175808570436,12.419492401058037,TRUE,0.01,0.16178594981552963,0.26313693317346315,0.128976834075124,0.7122158449189343,black,+0%,0.26,0.26,-0.4892837717207916,0 → 0,-2.09 → -1.37,0.71,+0.71 (-2.09 → -1.37),"Asia
+0.71 (-2.09 → -1.37)",FALSE,,-0.6208522383075232,-0.3577153051340601,logratio,% of W_EUR3
Colombia,Latin America,2005,2023,0.16277544696325652,0.21073592371829153,52321104,42128928,30.208940205893818,27.437206573910625,TRUE,0.01,0.04796047675503501,0.258234178263668,0.027717336319831924,0.09623791744609028,black,+0%,0.26,0.26,-1.6862665648349315,0 → 0,-1.29 → -1.2,0.1,+0.1 (-1.29 → -1.2),"Latin America
+0.1 (-1.29 → -1.2)",FALSE,,-1.8153836539667656,-1.5571494757030975,logratio,% of W_EUR3
Serbia,ex-USSR/Balkans,2005,2023,0.2566236837754955,0.3307834275560592,6773156,7539095,42.03890442066657,23.000993217791855,TRUE,0.01,0.07415974378056372,0.2538531174714789,0.19037911202874713,0.60305808688735,black,+0%,0.25,0.25,-1.2332179739005,0 → 0,-1.47 → -0.87,0.6,+0.6 (-1.47 → -0.87),"ex-USSR/Balkans
+0.6 (-1.47 → -0.87)",FALSE,,-1.3601445326362394,-1.1062914151647605,logratio,% of W_EUR3
Argentina,Latin America,2005,2023,0.352128823212907,0.44112683445669065,45538356,39216734,30.208940205893818,27.437206573910625,TRUE,0.01,0.08899801124378365,0.22533535689155204,0.027717336319831924,0.09623791744609028,black,+0%,0.23,0.23,-0.9310905168541252,0 → 0,-1.29 → -1.2,0.1,+0.1 (-1.29 → -1.2),"Latin America
+0.1 (-1.29 → -1.2)",FALSE,,-1.0437581952999013,-0.8184228384083492,logratio,% of W_EUR3
Malaysia,Asia,2005,2023,0.3258477866533714,0.38799881826413435,35126249,25836027,25.317175808570436,12.419492401058037,TRUE,0.01,0.062151031610762963,0.17457193368455579,0.128976834075124,0.7122158449189343,black,+0%,0.17,0.17,-1.0340389519167736,0 → 0,-2.09 → -1.37,0.71,+0.71 (-2.09 → -1.37),"Asia
+0.71 (-2.09 → -1.37)",FALSE,,-1.1213249187590515,-0.9467529850744958,logratio,% of W_EUR3
Czechia,CEE,2005,2023,0.5631782705766964,0.6610437371247743,10809674,10280103,59.711183640186526,43.01778820172596,TRUE,0.01,0.09786546654807782,0.16022378375192345,0.16693395438460562,0.32790562424889474,black,+0%,0.16,0.16,-0.49404716507927704,0 → 1,-0.84 → -0.52,0.33,+0.33 (-0.84 → -0.52),"CEE
+0.33 (-0.84 → -0.52)",FALSE,,-0.5741590569552387,-0.41393527320331536,logratio,% of W_EUR3
Croatia,CEE,2005,2023,0.46571481311282803,0.5421348862510316,3895973,4313901,59.711183640186526,43.01778820172596,TRUE,0.01,0.07642007313820354,0.15194138034340954,0.16693395438460562,0.32790562424889474,black,+0%,0.15,0.15,-0.6882111310547758,0 → 1,-0.84 → -0.52,0.33,+0.33 (-0.84 → -0.52),"CEE
+0.33 (-0.84 → -0.52)",FALSE,,-0.7641818212264805,-0.6122404408830711,logratio,% of W_EUR3
Spain,Southern Europe,2005,2023,0.7481398412773571,0.8347811811471393,47911535,43958840,73.26861584125452,68.90322751776016,TRUE,0.01,0.08664133986978217,0.109579717920916,0.043653883234943576,0.06142933635496835,black,+0%,0.11,0.11,-0.23537550594149004,1 → 1,-0.37 → -0.31,0.06,+0.06 (-0.37 → -0.31),"Southern Europe
+0.06 (-0.37 → -0.31)",FALSE,,-0.290165364901948,-0.18058564698103208,logratio,% of W_EUR3
Slovakia,CEE,2005,2023,0.5281792498119156,0.5737944945189674,5518008,5376650,59.711183640186526,43.01778820172596,TRUE,0.01,0.045615244707051805,0.08283559435443985,0.16693395438460562,0.32790562424889474,black,+0%,0.08,0.08,-0.5969017674316198,0 → 1,-0.84 → -0.52,0.33,+0.33 (-0.84 → -0.52),"CEE
+0.33 (-0.84 → -0.52)",FALSE,,-0.6383195646088398,-0.5554839702543999,logratio,% of W_EUR3
Hungary,CEE,2005,2023,0.515276765340058,0.5522055336211015,9686418,10065654,59.711183640186526,43.01778820172596,TRUE,0.01,0.03692876828104352,0.0692161557520994,0.16693395438460562,0.32790562424889474,black,+0%,0.07,0.07,-0.628443036367248,0 → 1,-0.84 → -0.52,0.33,+0.33 (-0.84 → -0.52),"CEE
+0.33 (-0.84 → -0.52)",FALSE,,-0.6630511142432977,-0.5938349584911983,logratio,% of W_EUR3
Slovenia,CEE,2005,2023,0.6352728122704966,0.6714345764267049,2118353,1996858,59.711183640186526,43.01778820172596,TRUE,0.01,0.03616176415620831,0.05536204996422648,0.16693395438460562,0.32790562424889474,black,+0%,0.06,0.06,-0.4260197217471662,0 → 1,-0.84 → -0.52,0.33,+0.33 (-0.84 → -0.52),"CEE
+0.33 (-0.84 → -0.52)",FALSE,,-0.45370074672927935,-0.39833869676505296,logratio,% of W_EUR3
Portugal,Southern Europe,2005,2023,0.5304150868393209,0.5577677971957921,10430680,10502943,73.26861584125452,68.90322751776016,TRUE,0.01,0.027352710356471133,0.05028285898146718,0.043653883234943576,0.06142933635496835,black,+0%,0.05,0.05,-0.6089539667570849,1 → 1,-0.37 → -0.31,0.06,+0.06 (-0.37 → -0.31),"Southern Europe
+0.06 (-0.37 → -0.31)",FALSE,,-0.6340953962478185,-0.5838125372663513,logratio,% of W_EUR3
Tunisia,Africa,2005,2023,0.22735582170390292,0.21913139086881456,12200387,10255431,30.251083231379102,24.921649083037448,TRUE,0.01,-0.008224430835088364,-0.03684477851547648,0.053294341483416545,0.1937951263259634,red,0%,-0.04,-0.04,-1.49966138150584,0 → 0,-1.39 → -1.2,0.19,+0.19 (-1.39 → -1.2),"Africa
+0.19 (-1.39 → -1.2)",FALSE,,-1.4812389922481017,-1.5180837707635781,logratio,% of W_EUR3
Israel,Asia,2005,2023,0.6770302482615648,0.6023575010084368,9256261,6728156,25.317175808570436,12.419492401058037,TRUE,0.01,-0.074672747253128,-0.11686482722659307,0.128976834075124,0.7122158449189343,red,0%,-0.12,-0.12,-0.44847174082667274,0 → 0,-2.09 → -1.37,0.71,+0.71 (-2.09 → -1.37),"Asia
+0.71 (-2.09 → -1.37)",FALSE,,-0.3900393272133762,-0.5069041544399693,logratio,% of W_EUR3
Greece,Southern Europe,2005,2023,0.5740790065173256,0.4912918458792181,10242850,10981291,73.26861584125452,68.90322751776016,TRUE,0.01,-0.08278716063810748,-0.1557286868570333,0.043653883234943576,0.06142933635496835,red,0%,-0.16,-0.16,-0.6328525935466338,1 → 1,-0.37 → -0.31,0.06,+0.06 (-0.37 → -0.31),"Southern Europe
+0.06 (-0.37 → -0.31)",FALSE,,-0.5549882501181171,-0.7107169369751505,logratio,% of W_EUR3
Jamaica,Latin America,2005,2023,0.1614978555893225,0.13696244778138508,2839729,2687020,30.208940205893818,27.437206573910625,TRUE,0.01,-0.02453540780793742,-0.16478508002056055,0.027717336319831924,0.09623791744609028,red,0%,-0.16,-0.16,-1.905655954502551,0 → 0,-1.29 → -1.2,0.1,+0.1 (-1.29 → -1.2),"Latin America
+0.1 (-1.29 → -1.2)",FALSE,,-1.8232634144922708,-1.9880484945128312,logratio,% of W_EUR3
Algeria,Africa,2005,2023,0.39941272678475565,0.33744122051442993,46164169,33109211,30.251083231379102,24.921649083037448,TRUE,0.01,-0.061971506270325716,-0.16860395152707794,0.053294341483416545,0.1937951263259634,red,0%,-0.17,-0.17,-1.0020619695126043,0 → 0,-1.39 → -1.2,0.19,+0.19 (-1.39 → -1.2),"Africa
+0.19 (-1.39 → -1.2)",FALSE,,-0.9177599937490653,-1.086363945276143,logratio,% of W_EUR3
Iran,Asia,2005,2023,0.35979180540009914,0.28747069565661687,90608663,71828417,25.317175808570436,12.419492401058037,TRUE,0.01,-0.07232110974348227,-0.2244046189350691,0.128976834075124,0.7122158449189343,red,0%,-0.22,-0.22,-1.1344320426231222,0 → 0,-2.09 → -1.37,0.71,+0.71 (-2.09 → -1.37),"Asia
+0.71 (-2.09 → -1.37)",FALSE,,-1.0222297331555876,-1.2466343520906566,logratio,% of W_EUR3
Mexico,Latin America,2005,2023,0.4392799575092507,0.34962399719491216,129739713,105811451,30.208940205893818,27.437206573910625,TRUE,0.01,-0.08965596031433853,-0.22827864295493283,0.027717336319831924,0.09623791744609028,red,0%,-0.23,-0.23,-0.9367576742171582,0 → 0,-1.29 → -1.2,0.1,+0.1 (-1.29 → -1.2),"Latin America
+0.1 (-1.29 → -1.2)",FALSE,,-0.8226183527396917,-1.0508969956946246,logratio,% of W_EUR3
"South
Africa",Africa,2005,2023,0.3409011235718424,0.2533255595268593,63212339,49489992,30.251083231379102,24.921649083037448,TRUE,0.01,-0.08757556404498307,-0.29691701697380135,0.053294341483416545,0.1937951263259634,red,0%,-0.3,-0.3,-1.2246213124319834,0 → 0,-1.39 → -1.2,0.19,+0.19 (-1.39 → -1.2),"Africa
+0.19 (-1.39 → -1.2)",FALSE,,-1.0761628039450828,-1.3730798209188841,logratio,% of W_EUR3
Azerbaijan,ex-USSR/Balkans,2005,2023,0.14285677183383894,0.3798369005655413,10318161,8597205,52.25863885832152,30.03992700863718,TRUE,0.01,0.23698012873170238,0.9778994187854946,0.2221871184968434,0.553677817092338,black,+0%,0.98,0.98,-1.456963036829066,0 → 1,-1.2 → -0.65,0.55,+0.55 (-1.2 → -0.65),"ex-USSR/Balkans
+0.55 (-1.2 → -0.65)",FALSE,,-1.9459127462218133,-0.9680133274363187,logratio,% of S_EUR4
China,Asia,2005,2023,0.11033821765981472,0.286891683659466,1422584878,1310027084,31.471827482790015,16.22019717494287,TRUE,0.01,0.17655346599965127,0.9555543811217503,0.15251630307847144,0.6628355751239222,black,+0%,0.96,0.96,-1.7264277338720708,0 → 0,-1.82 → -1.16,0.66,+0.66 (-1.82 → -1.16),"Asia
+0.66 (-1.82 → -1.16)",FALSE,,-2.204204924432946,-1.2486505433111958,logratio,% of S_EUR4
Georgia,ex-USSR/Balkans,2005,2023,0.31396022859905676,0.7602783797911598,3807436,4026093,52.25863885832152,30.03992700863718,TRUE,0.01,0.446318151192103,0.8844183380381844,0.2221871184968434,0.553677817092338,black,+0%,0.88,0.88,-0.7162797925894697,0 → 1,-1.2 → -0.65,0.55,+0.55 (-1.2 → -0.65),"ex-USSR/Balkans
+0.55 (-1.2 → -0.65)",FALSE,,-1.1584889616085619,-0.2740706235703776,logratio,% of S_EUR4
Romania,CEE,2005,2023,0.33512823424737703,0.7633665873692115,19118433,21213352,74.22708142987202,56.182409403663165,TRUE,0.01,0.42823835312183445,0.8232251237921575,0.1804467202620885,0.2785253544538827,black,+0%,0.82,0.82,-0.6816294697077925,1 → 1,-0.58 → -0.3,0.28,+0.28 (-0.58 → -0.3),"CEE
+0.28 (-0.58 → -0.3)",FALSE,,-1.0932420316038713,-0.27001690781171367,logratio,% of S_EUR4
Kazakhstan,ex-USSR/Balkans,2005,2023,0.29101121617531883,0.6091995155014728,20330063,15968071,52.25863885832152,30.03992700863718,TRUE,0.01,0.31818829932615394,0.7387840157312842,0.2221871184968434,0.553677817092338,black,+0%,0.74,0.74,-0.8650014611299897,0 → 1,-1.2 → -0.65,0.55,+0.55 (-1.2 → -0.65),"ex-USSR/Balkans
+0.55 (-1.2 → -0.65)",FALSE,,-1.2343934689956317,-0.49560945326434747,logratio,% of S_EUR4
Moldova,ex-USSR/Balkans,2005,2023,0.14353644033110663,0.28485901188552787,3067017,3988618,52.25863885832152,30.03992700863718,TRUE,0.01,0.14132257155442124,0.6854054201760735,0.2221871184968434,0.553677817092338,black,+0%,0.69,0.69,-1.5984636263420313,0 → 1,-1.2 → -0.65,0.55,+0.55 (-1.2 → -0.65),"ex-USSR/Balkans
+0.55 (-1.2 → -0.65)",FALSE,,-1.9411663364300682,-1.2557609162539947,logratio,% of S_EUR4
Egypt,Africa,2005,2023,0.24123351264210077,0.46684563661705936,114535724,81100965,37.60517681056637,32.54835616447289,TRUE,0.01,0.22561212397495858,0.6602332639479452,0.050568206460934774,0.1444148565309512,black,+0%,0.66,0.66,-1.091873250504341,0 → 0,-1.12 → -0.98,0.14,+0.14 (-1.12 → -0.98),"Africa
+0.14 (-1.12 → -0.98)",FALSE,,-1.4219898824783135,-0.7617566185303681,logratio,% of S_EUR4
Russia,ex-USSR/Balkans,2005,2023,0.33564052844951003,0.5941512875358582,145440454,144597838,52.25863885832152,30.03992700863718,TRUE,0.01,0.2585107590863482,0.5710932483013021,0.2221871184968434,0.553677817092338,black,+0%,0.57,0.57,-0.8061679233775436,0 → 1,-1.2 → -0.65,0.55,+0.55 (-1.2 → -0.65),"ex-USSR/Balkans
+0.55 (-1.2 → -0.65)",FALSE,,-1.0917145475281946,-0.5206212992268925,logratio,% of S_EUR4
Belarus,ex-USSR/Balkans,2005,2023,0.3260302260271593,0.5696403536146452,9115626,9667778,52.25863885832152,30.03992700863718,TRUE,0.01,0.24361012758748585,0.5580151081762762,0.2221871184968434,0.553677817092338,black,+0%,0.56,0.56,-0.841757629950606,0 → 1,-1.2 → -0.65,0.55,+0.55 (-1.2 → -0.65),"ex-USSR/Balkans
+0.55 (-1.2 → -0.65)",FALSE,,-1.120765184038744,-0.562750075862468,logratio,% of S_EUR4
Thailand,Asia,2005,2023,0.19057077259445687,0.3087242619595029,71702397,66017363,31.471827482790015,16.22019717494287,TRUE,0.01,0.11815348936504605,0.48242488713658255,0.15251630307847144,0.6628355751239222,black,+0%,0.48,0.48,-1.4165192001575369,0 → 0,-1.82 → -1.16,0.66,+0.66 (-1.82 → -1.16),"Asia
+0.66 (-1.82 → -1.16)",FALSE,,-1.657731643725828,-1.1753067565892454,logratio,% of S_EUR4
Uruguay,Latin America,2005,2023,0.4085421215138995,0.6280908271331432,3388029,3285727,37.552788738622475,35.83374313434546,TRUE,0.01,0.21954870561924372,0.43008976357786904,0.017190456042770138,0.046857647651078284,black,+0%,0.43,0.43,-0.680115375567763,0 → 0,-1.03 → -0.98,0.05,+0.05 (-1.03 → -0.98),"Latin America
+0.05 (-1.03 → -0.98)",FALSE,,-0.8951602573566976,-0.46507049377882853,logratio,% of S_EUR4
Latvia,CEE,2005,2023,0.4762417856636627,0.7133582274650508,1882336,2239738,74.22708142987202,56.182409403663165,TRUE,0.01,0.23711644180138813,0.4040580387124986,0.1804467202620885,0.2785253544538827,black,+0%,0.4,0.4,-0.5398005812840392,1 → 1,-0.58 → -0.3,0.28,+0.28 (-0.58 → -0.3),"CEE
+0.28 (-0.58 → -0.3)",FALSE,,-0.7418296006402885,-0.3377715619277898,logratio,% of S_EUR4
Ukraine,ex-USSR/Balkans,2005,2023,0.2091616920825623,0.3127868327314405,37732781,47585510,52.25863885832152,30.03992700863718,TRUE,0.01,0.10362514064887818,0.4024143137540068,0.2221871184968434,0.553677817092338,black,+0%,0.4,0.4,-1.3634405229223336,0 → 1,-1.2 → -0.65,0.55,+0.55 (-1.2 → -0.65),"ex-USSR/Balkans
+0.55 (-1.2 → -0.65)",FALSE,,-1.564647679799337,-1.1622333660453301,logratio,% of S_EUR4
Costa Rica,Latin America,2005,2023,0.2989329878588213,0.4424351388020692,5105469,4261187,37.552788738622475,35.83374313434546,TRUE,0.01,0.14350215094324792,0.3920744473275184,0.017190456042770138,0.046857647651078284,black,+0%,0.39,0.39,-1.011498627920035,0 → 0,-1.03 → -0.98,0.05,+0.05 (-1.03 → -0.98),"Latin America
+0.05 (-1.03 → -0.98)",FALSE,,-1.2075358515837942,-0.8154614042562759,logratio,% of S_EUR4
Morocco,Africa,2005,2023,0.14976379967415984,0.22082984289894436,37712463,30358088,37.60517681056637,32.54835616447289,TRUE,0.01,0.07106604322478452,0.38833307916342685,0.050568206460934774,0.1444148565309512,black,+0%,0.39,0.39,-1.7045293552371241,0 → 0,-1.12 → -0.98,0.14,+0.14 (-1.12 → -0.98),"Africa
+0.14 (-1.12 → -0.98)",FALSE,,-1.8986958948188377,-1.5103628156554108,logratio,% of S_EUR4
Lithuania,CEE,2005,2023,0.5536072588035927,0.7783203463721438,2854061,3322225,74.22708142987202,56.182409403663165,TRUE,0.01,0.22471308756855102,0.3406826794742326,0.1804467202620885,0.2785253544538827,black,+0%,0.34,0.34,-0.4209584230268131,1 → 1,-0.58 → -0.3,0.28,+0.28 (-0.58 → -0.3),"CEE
+0.28 (-0.58 → -0.3)",FALSE,,-0.5912997627639294,-0.25061708328969673,logratio,% of S_EUR4
Bulgaria,CEE,2005,2023,0.44084091157112026,0.6040596969547674,6795757,7695001,74.22708142987202,56.182409403663165,TRUE,0.01,0.1632187853836471,0.3149889634425625,0.1804467202620885,0.2785253544538827,black,+0%,0.31,0.31,-0.6615767316347341,1 → 1,-0.58 → -0.3,0.28,+0.28 (-0.58 → -0.3),"CEE
+0.28 (-0.58 → -0.3)",FALSE,,-0.8190712133560153,-0.5040822499134527,logratio,% of S_EUR4
Estonia,CEE,2005,2023,0.5483427436155192,0.7483904191478742,1367143,1354799,74.22708142987202,56.182409403663165,TRUE,0.01,0.20004767553235503,0.31102425654507265,0.1804467202620885,0.2785253544538827,black,+0%,0.31,0.31,-0.4453426147166473,1 → 1,-0.58 → -0.3,0.28,+0.28 (-0.58 → -0.3),"CEE
+0.28 (-0.58 → -0.3)",FALSE,,-0.6008547429891836,-0.289830486444111,logratio,% of S_EUR4
"Dominican
Republic",Latin America,2005,2023,0.2817678435850462,0.3766672609362381,11331213,9224982,37.552788738622475,35.83374313434546,TRUE,0.01,0.0948994173511919,0.29027871856029397,0.017190456042770138,0.046857647651078284,black,+0%,0.29,0.29,-1.1215324375184252,0 → 0,-1.03 → -0.98,0.05,+0.05 (-1.03 → -0.98),"Latin America
+0.05 (-1.03 → -0.98)",FALSE,,-1.2666717967985721,-0.9763930782382783,logratio,% of S_EUR4
Poland,CEE,2005,2023,0.5863446973676854,0.7570591707113039,38762796,38124333,74.22708142987202,56.182409403663165,TRUE,0.01,0.17071447334361856,0.2555335777199116,0.1804467202620885,0.2785253544538827,black,+0%,0.26,0.26,-0.4060806527152218,1 → 1,-0.58 → -0.3,0.28,+0.28 (-0.58 → -0.3),"CEE
+0.28 (-0.58 → -0.3)",FALSE,,-0.5338474415751776,-0.278313863855266,logratio,% of S_EUR4
"North
Macedonia",ex-USSR/Balkans,2005,2023,0.35169149881315087,0.45348247809908354,1831749,2089764,52.25863885832152,30.03992700863718,TRUE,0.01,0.10179097928593267,0.25420226427362386,0.2221871184968434,0.553677817092338,black,+0%,0.25,0.25,-0.9178997793574124,0 → 1,-1.2 → -0.65,0.55,+0.55 (-1.2 → -0.65),"ex-USSR/Balkans
+0.55 (-1.2 → -0.65)",FALSE,,-1.0450009114942242,-0.7907986472206006,logratio,% of S_EUR4
Paraguay,Latin America,2005,2023,0.20776250765609713,0.26525055661970887,6844101,5448045,37.552788738622475,35.83374313434546,TRUE,0.01,0.05748804896361173,0.24427923871646795,0.017190456042770138,0.046857647651078284,black,+0%,0.24,0.24,-1.4492200223764393,0 → 0,-1.03 → -0.98,0.05,+0.05 (-1.03 → -0.98),"Latin America
+0.05 (-1.03 → -0.98)",FALSE,,-1.5713596417346734,-1.3270804030182053,logratio,% of S_EUR4
Chile,Latin America,2005,2023,0.40803757728538614,0.5191631189207624,19658791,16348730,37.552788738622475,35.83374313434546,TRUE,0.01,0.11112554163537625,0.24085885707790786,0.017190456042770138,0.046857647651078284,black,+0%,0.24,0.24,-0.7759665790904037,0 → 0,-1.03 → -0.98,0.05,+0.05 (-1.03 → -0.98),"Latin America
+0.05 (-1.03 → -0.98)",FALSE,,-0.8963960076293576,-0.6555371505514498,logratio,% of S_EUR4
Ecuador,Latin America,2005,2023,0.24147453682167164,0.304800670500842,17980034,13846112,37.552788738622475,35.83374313434546,TRUE,0.01,0.06332613367917034,0.23289399367371158,0.017190456042770138,0.046857647651078284,black,+0%,0.23,0.23,-1.3045442522030093,0 → 0,-1.03 → -0.98,0.05,+0.05 (-1.03 → -0.98),"Latin America
+0.05 (-1.03 → -0.98)",FALSE,,-1.420991249039865,-1.1880972553661535,logratio,% of S_EUR4
Brazil,Latin America,2005,2023,0.25713823890895154,0.32361116625369185,211140678,184688047,37.552788738622475,35.83374313434546,TRUE,0.01,0.0664729273447403,0.22992885606625468,0.017190456042770138,0.046857647651078284,black,+0%,0.23,0.23,-1.2431770160798679,0 → 0,-1.03 → -0.98,0.05,+0.05 (-1.03 → -0.98),"Latin America
+0.05 (-1.03 → -0.98)",FALSE,,-1.358141444112995,-1.1282125880467406,logratio,% of S_EUR4
"South
Korea",Asia,2005,2023,0.7019716645925409,0.8692664566866963,51748695,47851594,31.471827482790015,16.22019717494287,TRUE,0.01,0.16729479209415543,0.21375666337845095,0.15251630307847144,0.6628355751239222,black,+0%,0.21,0.21,-0.246983907910031,0 → 0,-1.82 → -1.16,0.66,+0.66 (-1.82 → -1.16),"Asia
+0.66 (-1.82 → -1.16)",FALSE,,-0.3538622395992565,-0.14010557622080547,logratio,% of S_EUR4
Colombia,Latin America,2005,2023,0.21258919122641032,0.2619662116278903,52321104,42128928,37.552788738622475,35.83374313434546,TRUE,0.01,0.04937702040147998,0.208853908468656,0.017190456042770138,0.046857647651078284,black,+0%,0.21,0.21,-1.4439667010241704,0 → 0,-1.03 → -0.98,0.05,+0.05 (-1.03 → -0.98),"Latin America
+0.05 (-1.03 → -0.98)",FALSE,,-1.5483936552584985,-1.3395397467898424,logratio,% of S_EUR4
Serbia,ex-USSR/Balkans,2005,2023,0.33515755847188367,0.411197482883779,6773156,7539095,52.25863885832152,30.03992700863718,TRUE,0.01,0.07603992441189533,0.2044728476764673,0.2221871184968434,0.553677817092338,black,+0%,0.2,0.2,-0.9909181100897393,0 → 1,-1.2 → -0.65,0.55,+0.55 (-1.2 → -0.65),"ex-USSR/Balkans
+0.55 (-1.2 → -0.65)",FALSE,,-1.093154533927973,-0.8886816862515056,logratio,% of S_EUR4
Argentina,Latin America,2005,2023,0.45988988591895846,0.5483655735151353,45538356,39216734,37.552788738622475,35.83374313434546,TRUE,0.01,0.0884756875961768,0.17595508709653981,0.017190456042770138,0.046857647651078284,black,+0%,0.18,0.18,-0.6887906530433644,0 → 0,-1.03 → -0.98,0.05,+0.05 (-1.03 → -0.98),"Latin America
+0.05 (-1.03 → -0.98)",FALSE,,-0.7767681965916343,-0.6008131094950945,logratio,% of S_EUR4
Malaysia,Asia,2005,2023,0.4255661324842984,0.4823220395618345,35126249,25836027,31.471827482790015,16.22019717494287,TRUE,0.01,0.05675590707753608,0.12519166388954367,0.15251630307847144,0.6628355751239222,black,+0%,0.13,0.13,-0.7917390881060129,0 → 0,-1.82 → -1.16,0.66,+0.66 (-1.82 → -1.16),"Asia
+0.66 (-1.82 → -1.16)",FALSE,,-0.8543349200507846,-0.7291432561612411,logratio,% of S_EUR4
Czechia,CEE,2005,2023,0.7355262436183889,0.8217446768421529,10809674,10280103,74.22708142987202,56.182409403663165,TRUE,0.01,0.08621843322376399,0.11084351395691114,0.1804467202620885,0.2785253544538827,black,+0%,0.11,0.11,-0.2517473012685163,1 → 1,-0.58 → -0.3,0.28,+0.28 (-0.58 → -0.3),"CEE
+0.28 (-0.58 → -0.3)",FALSE,,-0.3071690582469719,-0.1963255442900607,logratio,% of S_EUR4
Croatia,CEE,2005,2023,0.6082362992015844,0.6739288671652937,3895973,4313901,74.22708142987202,56.182409403663165,TRUE,0.01,0.06569256796370926,0.10256111054839737,0.1804467202620885,0.2785253544538827,black,+0%,0.1,0.1,-0.445911267244015,1 → 1,-0.58 → -0.3,0.28,+0.28 (-0.58 → -0.3),"CEE
+0.28 (-0.58 → -0.3)",FALSE,,-0.4971918225182137,-0.3946307119698163,logratio,% of S_EUR4
Slovakia,CEE,2005,2023,0.6898165640757449,0.7132849840211037,5518008,5376650,74.22708142987202,56.182409403663165,TRUE,0.01,0.023468419945358865,0.0334553245594277,0.1804467202620885,0.2785253544538827,black,+0%,0.03,0.03,-0.354601903620859,1 → 1,-0.58 → -0.3,0.28,+0.28 (-0.58 → -0.3),"CEE
+0.28 (-0.58 → -0.3)",FALSE,,-0.3713295659005728,-0.33787424134114524,logratio,% of S_EUR4
Hungary,CEE,2005,2023,0.6729655660299357,0.6864477073024134,9686418,10065654,74.22708142987202,56.182409403663165,TRUE,0.01,0.01348214127247771,0.01983588595708723,0.1804467202620885,0.2785253544538827,black,+0%,0.02,0.02,-0.38614317255648734,1 → 1,-0.58 → -0.3,0.28,+0.28 (-0.58 → -0.3),"CEE
+0.28 (-0.58 → -0.3)",FALSE,,-0.396061115535031,-0.37622522957794374,logratio,% of S_EUR4
Slovenia,CEE,2005,2023,0.8296836893293711,0.8346615481545151,2118353,1996858,74.22708142987202,56.182409403663165,TRUE,0.01,0.00497785882514401,0.005981780169214092,0.1804467202620885,0.2785253544538827,black,+0%,0.01,0.01,-0.18371985793640544,1 → 1,-0.58 → -0.3,0.28,+0.28 (-0.58 → -0.3),"CEE
+0.28 (-0.58 → -0.3)",FALSE,,-0.18671074802101253,-0.18072896785179837,logratio,% of S_EUR4
Tunisia,Africa,2005,2023,0.2969329291263381,0.2724026321748158,12200387,10255431,37.60517681056637,32.54835616447289,TRUE,0.01,-0.024530296951522312,-0.08622504831048854,0.050568206460934774,0.1444148565309512,red,0%,-0.09,-0.09,-1.2573615176950792,0 → 0,-1.12 → -0.98,0.14,+0.14 (-1.12 → -0.98),"Africa
+0.14 (-1.12 → -0.98)",FALSE,,-1.214248993539835,-1.3004740418503236,logratio,% of S_EUR4
Israel,Asia,2005,2023,0.8842200442320466,0.7487917095509744,9256261,6728156,31.471827482790015,16.22019717494287,TRUE,0.01,-0.13542833468107218,-0.16624509702160542,0.15251630307847144,0.6628355751239222,red,0%,-0.17,-0.17,-0.206171877015912,0 → 0,-1.82 → -1.16,0.66,+0.66 (-1.82 → -1.16),"Asia
+0.66 (-1.82 → -1.16)",FALSE,,-0.1230493285051093,-0.2892944255267147,logratio,% of S_EUR4
Jamaica,Latin America,2005,2023,0.21092062190610136,0.17025826896289115,2839729,2687020,37.552788738622475,35.83374313434546,TRUE,0.01,-0.04066235294321022,-0.21416534981557284,0.017190456042770138,0.046857647651078284,red,0%,-0.21,-0.21,-1.6633560906917901,0 → 0,-1.03 → -0.98,0.05,+0.05 (-1.03 → -0.98),"Latin America
+0.05 (-1.03 → -0.98)",FALSE,,-1.5562734157840037,-1.7704387655995766,logratio,% of S_EUR4
Algeria,Africa,2005,2023,0.521643958820604,0.4194737974690355,46164169,33109211,37.60517681056637,32.54835616447289,TRUE,0.01,-0.10217016135156848,-0.21798422132209014,0.050568206460934774,0.1444148565309512,red,0%,-0.22,-0.22,-0.7597621057018433,0 → 0,-1.12 → -0.98,0.14,+0.14 (-1.12 → -0.98),"Africa
+0.14 (-1.12 → -0.98)",FALSE,,-0.6507699950407982,-0.8687542163628884,logratio,% of S_EUR4
Iran,Asia,2005,2023,0.46989795050086863,0.3573553467602807,90608663,71828417,31.471827482790015,16.22019717494287,TRUE,0.01,-0.11254260374058794,-0.2737848887300812,0.15251630307847144,0.6628355751239222,red,0%,-0.27,-0.27,-0.8921321788123615,0 → 0,-1.82 → -1.16,0.66,+0.66 (-1.82 → -1.16),"Asia
+0.66 (-1.82 → -1.16)",FALSE,,-0.7552397344473208,-1.029024623177402,logratio,% of S_EUR4
Mexico,Latin America,2005,2023,0.5737116538831785,0.43461822940917705,129739713,105811451,37.552788738622475,35.83374313434546,TRUE,0.01,-0.13909342447400141,-0.27765891274994514,0.017190456042770138,0.046857647651078284,red,0%,-0.28,-0.28,-0.6944578104063973,0 → 0,-1.03 → -0.98,0.05,+0.05 (-1.03 → -0.98),"Latin America
+0.05 (-1.03 → -0.98)",FALSE,,-0.5556283540314247,-0.8332872667813699,logratio,% of S_EUR4
"South
Africa",Africa,2005,2023,0.4452262027249828,0.3149094656802776,63212339,49489992,37.60517681056637,32.54835616447289,TRUE,0.01,-0.1303167370447052,-0.3462972867688138,0.050568206460934774,0.1444148565309512,red,0%,-0.35,-0.35,-0.9823214486212228,0 → 0,-1.12 → -0.98,0.14,+0.14 (-1.12 → -0.98),"Africa
+0.14 (-1.12 → -0.98)",FALSE,,-0.8091728052368158,-1.1554700920056298,logratio,% of S_EUR4
Azerbaijan,ex-USSR/Balkans,2005,2023,0.10995400778992062,0.31741508431910187,10318161,8597205,43.67053394474872,23.1211326275675,TRUE,0.01,0.20746107652918125,1.0601481642389823,0.20549401317181218,0.6359265625458255,black,+0%,1.06,1.06,-1.6776190295037279,0 → 0,-1.46 → -0.83,0.64,+0.64 (-1.46 → -0.83),"ex-USSR/Balkans
+0.64 (-1.46 → -0.83)",FALSE,,-2.207693111623219,-1.1475449473842365,logratio,% of G7
China,Asia,2005,2023,0.08492512527305651,0.23974434243653833,1422584878,1310027084,26.299795410220536,12.484362229619268,TRUE,0.01,0.15481921716348182,1.0378031265752383,0.1381543318060127,0.7450843205774098,black,+0%,1.04,1.04,-1.9470837265467327,0 → 0,-2.08 → -1.34,0.75,+0.75 (-2.08 → -1.34),"Asia
+0.75 (-2.08 → -1.34)",FALSE,,-2.465985289834352,-1.4281821632591134,logratio,% of G7
Georgia,ex-USSR/Balkans,2005,2023,0.24164892554942086,0.635335391764446,3807436,4026093,43.67053394474872,23.1211326275675,TRUE,0.01,0.3936864662150251,0.9666670834916719,0.20549401317181218,0.6359265625458255,black,+0%,0.97,0.97,-0.9369357852641313,0 → 0,-1.46 → -0.83,0.64,+0.64 (-1.46 → -0.83),"ex-USSR/Balkans
+0.64 (-1.46 → -0.83)",FALSE,,-1.4202693270099673,-0.4536022435182954,logratio,% of G7
Romania,CEE,2005,2023,0.25794151726960673,0.6379160880246637,19118433,21213352,62.02871620883558,43.242479876362495,TRUE,0.01,0.379974570755057,0.9054738692456453,0.18786236332473089,0.36077409990737025,black,+0%,0.91,0.91,-0.9022854623824541,0 → 1,-0.84 → -0.48,0.36,+0.36 (-0.84 → -0.48),"CEE
+0.36 (-0.84 → -0.48)",FALSE,,-1.3550223970052768,-0.44954852775963144,logratio,% of G7
Kazakhstan,ex-USSR/Balkans,2005,2023,0.22398552843902247,0.509084597342037,20330063,15968071,43.67053394474872,23.1211326275675,TRUE,0.01,0.28509906890301456,0.8210327611847719,0.20549401317181218,0.6359265625458255,black,+0%,0.82,0.82,-1.0856574538046513,0 → 0,-1.46 → -0.83,0.64,+0.64 (-1.46 → -0.83),"ex-USSR/Balkans
+0.64 (-1.46 → -0.83)",FALSE,,-1.4961738343970372,-0.6751410732122654,logratio,% of G7
Moldova,ex-USSR/Balkans,2005,2023,0.11047713507526945,0.23804571683813808,3067017,3988618,43.67053394474872,23.1211326275675,TRUE,0.01,0.12756858176286862,0.7676541656295611,0.20549401317181218,0.6359265625458255,black,+0%,0.77,0.77,-1.8191196190166932,0 → 0,-1.46 → -0.83,0.64,+0.64 (-1.46 → -0.83),"ex-USSR/Balkans
+0.64 (-1.46 → -0.83)",FALSE,,-2.2029467018314737,-1.4352925362019127,logratio,% of G7
Egypt,Africa,2005,2023,0.18567262291976622,0.39012493754602806,114535724,81100965,31.425199474796706,25.051820514467458,TRUE,0.01,0.20445231462626184,0.7424820094014332,0.06373378960329248,0.22666360198443897,black,+0%,0.74,0.74,-1.3125292431790025,0 → 0,-1.38 → -1.16,0.23,+0.23 (-1.38 → -1.16),"Africa
+0.23 (-1.38 → -1.16)",FALSE,,-1.6837702478797192,-0.941288238478286,logratio,% of G7
Russia,ex-USSR/Balkans,2005,2023,0.2583358198985194,0.4965093721823783,145440454,144597838,43.67053394474872,23.1211326275675,TRUE,0.01,0.2381735522838589,0.65334199375479,0.20549401317181218,0.6359265625458255,black,+0%,0.65,0.65,-1.0268239160522052,0 → 0,-1.46 → -0.83,0.64,+0.64 (-1.46 → -0.83),"ex-USSR/Balkans
+0.64 (-1.46 → -0.83)",FALSE,,-1.3534949129296003,-0.7001529191748103,logratio,% of G7
Belarus,ex-USSR/Balkans,2005,2023,0.2509389618157979,0.47602652771477155,9115626,9667778,43.67053394474872,23.1211326275675,TRUE,0.01,0.22508756589897366,0.6402638536297636,0.20549401317181218,0.6359265625458255,black,+0%,0.64,0.64,-1.0624136226252676,0 → 0,-1.46 → -0.83,0.64,+0.64 (-1.46 → -0.83),"ex-USSR/Balkans
+0.64 (-1.46 → -0.83)",FALSE,,-1.3825455494401493,-0.7422816958103857,logratio,% of G7
Thailand,Asia,2005,2023,0.1466785224487248,0.257988988156034,71702397,66017363,26.299795410220536,12.484362229619268,TRUE,0.01,0.11131046570730918,0.5646736325900702,0.1381543318060127,0.7450843205774098,black,+0%,0.56,0.56,-1.6371751928321983,0 → 0,-2.08 → -1.34,0.75,+0.75 (-2.08 → -1.34),"Asia
+0.75 (-2.08 → -1.34)",FALSE,,-1.9195120091272333,-1.3548383765371632,logratio,% of G7
Uruguay,Latin America,2005,2023,0.3144467219495818,0.5248713396662743,3388029,3285727,31.381420778602024,27.580517333253503,TRUE,0.01,0.21042461771669252,0.5123385090313568,0.038009034453485205,0.1291063931045657,black,+0%,0.51,0.51,-0.9007713682424248,0 → 0,-1.29 → -1.16,0.13,+0.13 (-1.29 → -1.16),"Latin America
+0.13 (-1.29 → -1.16)",FALSE,,-1.1569406227581032,-0.6446021137267463,logratio,% of G7
Latvia,CEE,2005,2023,0.3665538030752581,0.5961260256268157,1882336,2239738,62.02871620883558,43.242479876362495,TRUE,0.01,0.22957222255155763,0.48630678416598633,0.18786236332473089,0.36077409990737025,black,+0%,0.49,0.49,-0.7604565739587008,0 → 1,-0.84 → -0.48,0.36,+0.36 (-0.84 → -0.48),"CEE
+0.36 (-0.84 → -0.48)",FALSE,,-1.003609966041694,-0.5173031818757077,logratio,% of G7
Ukraine,ex-USSR/Balkans,2005,2023,0.1609875823552061,0.26138392225065965,37732781,47585510,43.67053394474872,23.1211326275675,TRUE,0.01,0.10039633989545355,0.4846630592074945,0.20549401317181218,0.6359265625458255,black,+0%,0.48,0.48,-1.584096515596995,0 → 0,-1.46 → -0.83,0.64,+0.64 (-1.46 → -0.83),"ex-USSR/Balkans
+0.64 (-1.46 → -0.83)",FALSE,,-1.8264280452007424,-1.341764985993248,logratio,% of G7
Costa Rica,Latin America,2005,2023,0.2300827580923071,0.36972602366830865,5105469,4261187,31.381420778602024,27.580517333253503,TRUE,0.01,0.13964326557600154,0.47432319278100615,0.038009034453485205,0.1291063931045657,black,+0%,0.47,0.47,-1.2321546205946967,0 → 0,-1.29 → -1.16,0.13,+0.13 (-1.29 → -1.16),"Latin America
+0.13 (-1.29 → -1.16)",FALSE,,-1.4693162169851999,-0.9949930242041937,logratio,% of G7
Morocco,Africa,2005,2023,0.11527020934768219,0.18453900371337806,37712463,30358088,31.425199474796706,25.051820514467458,TRUE,0.01,0.06926879436569587,0.47058182461691456,0.06373378960329248,0.22666360198443897,black,+0%,0.47,0.47,-1.925185347911786,0 → 0,-1.38 → -1.16,0.23,+0.23 (-1.38 → -1.16),"Africa
+0.23 (-1.38 → -1.16)",FALSE,,-2.160476260220243,-1.6898944356033285,logratio,% of G7
Lithuania,CEE,2005,2023,0.42610046458174305,0.6504123691067178,2854061,3322225,62.02871620883558,43.242479876362495,TRUE,0.01,0.2243119045249748,0.42293142492772023,0.18786236332473089,0.36077409990737025,black,+0%,0.42,0.42,-0.6416144157014747,0 → 1,-0.84 → -0.48,0.36,+0.36 (-0.84 → -0.48),"CEE
+0.36 (-0.84 → -0.48)",FALSE,,-0.85308012816533485,-0.4301487032376146,logratio,% of G7
Bulgaria,CEE,2005,2023,0.3393064564092641,0.5047894487270438,6795757,7695001,62.02871620883558,43.242479876362495,TRUE,0.01,0.1654829923177797,0.3972377088960501,0.18786236332473089,0.36077409990737025,black,+0%,0.4,0.4,-0.8822327243093959,0 → 1,-0.84 → -0.48,0.36,+0.36 (-0.84 → -0.48),"CEE
+0.36 (-0.84 → -0.48)",FALSE,,-1.0808515787574209,-0.6836138698613708,logratio,% of G7
Estonia,CEE,2005,2023,0.42204847225006076,0.6254010804209393,1367143,1354799,62.02871620883558,43.242479876362495,TRUE,0.01,0.20335260817087858,0.39327300199856036,0.18786236332473089,0.36077409990737025,black,+0%,0.39,0.39,-0.665998607391309,0 → 1,-0.84 → -0.48,0.36,+0.36 (-0.84 → -0.48),"CEE
+0.36 (-0.84 → -0.48)",FALSE,,-0.8626351083905892,-0.46936210639202885,logratio,% of G7
"Dominican
Republic",Latin America,2005,2023,0.2168710889290907,0.3147663384265926,11331213,9224982,31.381420778602024,27.580517333253503,TRUE,0.01,0.09789524949750186,0.3725274640137818,0.038009034453485205,0.1291063931045657,black,+0%,0.37,0.37,-1.3421884301930866,0 → 0,-1.29 → -1.16,0.13,+0.13 (-1.29 → -1.16),"Latin America
+0.13 (-1.29 → -1.16)",FALSE,,-1.5284521621999776,-1.155924698186196,logratio,% of G7
Poland,CEE,2005,2023,0.4512978180476684,0.6326452225891976,38762796,38124333,62.02871620883558,43.242479876362495,TRUE,0.01,0.18134740454152926,0.33778232317339907,0.18786236332473089,0.36077409990737025,black,+0%,0.34,0.34,-0.6267366453898835,0 → 1,-0.84 → -0.48,0.36,+0.36 (-0.84 → -0.48),"CEE
+0.36 (-0.84 → -0.48)",FALSE,,-0.7956278069765831,-0.45784548380318396,logratio,% of G7
"North
Macedonia",ex-USSR/Balkans,2005,2023,0.2706899316269597,0.3789578600940023,1831749,2089764,43.67053394474872,23.1211326275675,TRUE,0.01,0.10826792846704258,0.3364510097271116,0.20549401317181218,0.6359265625458255,black,+0%,0.34,0.34,-1.138555772032074,0 → 0,-1.46 → -0.83,0.64,+0.64 (-1.46 → -0.83),"ex-USSR/Balkans
+0.64 (-1.46 → -0.83)",FALSE,,-1.30678127689563,-0.9703302671685183,logratio,% of G7
Paraguay,Latin America,2005,2023,0.1599106580109683,0.2216596851695448,6844101,5448045,31.381420778602024,27.580517333253503,TRUE,0.01,0.0617490271585765,0.3265279841699556,0.038009034453485205,0.1291063931045657,black,+0%,0.33,0.33,-1.6698760150511012,0 → 0,-1.29 → -1.16,0.13,+0.13 (-1.29 → -1.16),"Latin America
+0.13 (-1.29 → -1.16)",FALSE,,-1.8331400071360788,-1.5066120229661233,logratio,% of G7
Chile,Latin America,2005,2023,0.31405838432077937,0.43384464469419537,19658791,16348730,31.381420778602024,27.580517333253503,TRUE,0.01,0.119786260373416,0.32310760253139553,0.038009034453485205,0.1291063931045657,black,+0%,0.32,0.32,-0.9966225717650654,0 → 0,-1.29 → -1.16,0.13,+0.13 (-1.29 → -1.16),"Latin America
+0.13 (-1.29 → -1.16)",FALSE,,-1.1581763730307633,-0.8350687704993676,logratio,% of G7
Ecuador,Latin America,2005,2023,0.18585813442319654,0.2547101937265558,17980034,13846112,31.381420778602024,27.580517333253503,TRUE,0.01,0.06885205930335925,0.3151427391271995,0.038009034453485205,0.1291063931045657,black,+0%,0.32,0.32,-1.525200244877671,0 → 0,-1.29 → -1.16,0.13,+0.13 (-1.29 → -1.16),"Latin America
+0.13 (-1.29 → -1.16)",FALSE,,-1.6827716144412705,-1.3676288753140713,logratio,% of G7
Brazil,Latin America,2005,2023,0.1979141734839631,0.27042940133009585,211140678,184688047,31.381420778602024,27.580517333253503,TRUE,0.01,0.07251522784613276,0.3121776015197421,0.038009034453485205,0.1291063931045657,black,+0%,0.31,0.31,-1.4638330087545295,0 → 0,-1.29 → -1.16,0.13,+0.13 (-1.29 → -1.16),"Latin America
+0.13 (-1.29 → -1.16)",FALSE,,-1.6199218095144006,-1.3077442079946584,logratio,% of G7
"South
Korea",Asia,2005,2023,0.5402935883689682,0.7264125345224709,51748695,47851594,26.299795410220536,12.484362229619268,TRUE,0.01,0.18611894615350266,0.2960054088319387,0.1381543318060127,0.7450843205774098,black,+0%,0.3,0.3,-0.46763990058469257,0 → 0,-2.08 → -1.34,0.75,+0.75 (-2.08 → -1.34),"Asia
+0.75 (-2.08 → -1.34)",FALSE,,-0.6156426050006619,-0.3196371961687232,logratio,% of G7
Colombia,Latin America,2005,2023,0.16362566007966256,0.21891508441864638,52321104,42128928,31.381420778602024,27.580517333253503,TRUE,0.01,0.05528942433898382,0.2911026539221436,0.038009034453485205,0.1291063931045657,black,+0%,0.29,0.29,-1.6646226936988322,0 → 0,-1.29 → -1.16,0.13,+0.13 (-1.29 → -1.16),"Latin America
+0.13 (-1.29 → -1.16)",FALSE,,-1.810174020659904,-1.5190713667377604,logratio,% of G7
Serbia,ex-USSR/Balkans,2005,2023,0.2579640875402943,0.3436219164252466,6773156,7539095,43.67053394474872,23.1211326275675,TRUE,0.01,0.08565782888495227,0.28672159312995465,0.20549401317181218,0.6359265625458255,black,+0%,0.29,0.29,-1.2115741027644007,0 → 0,-1.46 → -0.83,0.64,+0.64 (-1.46 → -0.83),"ex-USSR/Balkans
+0.64 (-1.46 → -0.83)",FALSE,,-1.3549348993293782,-1.0682133061994235,logratio,% of G7
Argentina,Latin America,2005,2023,0.35396807200469693,0.45824801249125907,45538356,39216734,31.381420778602024,27.580517333253503,TRUE,0.01,0.10427994048656214,0.25820383255002766,0.038009034453485205,0.1291063931045657,black,+0%,0.26,0.26,-0.9094466457180261,0 → 0,-1.29 → -1.16,0.13,+0.13 (-1.29 → -1.16),"Latin America
+0.13 (-1.29 → -1.16)",FALSE,,-1.03854856199304,-0.7803447294430123,logratio,% of G7
Malaysia,Asia,2005,2023,0.32754976362430305,0.40305797206257454,35126249,25836027,26.299795410220536,12.484362229619268,TRUE,0.01,0.0755082084382715,0.20744040934303112,0.1381543318060127,0.7450843205774098,black,+0%,0.21,0.21,-1.0123950807806745,0 → 0,-2.08 → -1.34,0.75,+0.75 (-2.08 → -1.34),"Asia
+0.75 (-2.08 → -1.34)",FALSE,,-1.11611528545219,-0.908674876109159,logratio,% of G7
Czechia,CEE,2005,2023,0.5661198785492259,0.6867004114141295,10809674,10280103,62.02871620883558,43.242479876362495,TRUE,0.01,0.12058053286490367,0.19309225941039895,0.18786236332473089,0.36077409990737025,black,+0%,0.19,0.19,-0.47240329394317815,0 → 1,-0.84 → -0.48,0.36,+0.36 (-0.84 → -0.48),"CEE
+0.36 (-0.84 → -0.48)",FALSE,,-0.5689494236483776,-0.37585716423797866,logratio,% of G7
Croatia,CEE,2005,2023,0.4681473473186932,0.5631764261920021,3895973,4313901,62.02871620883558,43.242479876362495,TRUE,0.01,0.09502907887330897,0.18480985600188476,0.18786236332473089,0.36077409990737025,black,+0%,0.18,0.18,-0.6665672599186767,0 → 1,-0.84 → -0.48,0.36,+0.36 (-0.84 → -0.48),"CEE
+0.36 (-0.84 → -0.48)",FALSE,,-0.7589721879196192,-0.5741623319177344,logratio,% of G7
Spain,Southern Europe,2005,2023,0.7520475455277624,0.8671810174434974,47911535,43958840,76.11234448838962,69.26312471903483,TRUE,0.01,0.11513347191573498,0.14244819357939137,0.06849219769354789,0.09429781201344366,black,+0%,0.14,0.14,-0.21373163480539092,1 → 1,-0.37 → -0.27,0.09,+0.09 (-0.37 → -0.27),"Southern Europe
+0.09 (-0.37 → -0.27)",FALSE,,-0.2849557315950866,-0.1425075380156953,logratio,% of G7
Slovakia,CEE,2005,2023,0.5309380499527314,0.5960648188986077,5518008,5376650,62.02871620883558,43.242479876362495,TRUE,0.01,0.06512676894587632,0.11570407001291516,0.18786236332473089,0.36077409990737025,black,+0%,0.12,0.12,-0.5752578962955206,0 → 1,-0.84 → -0.48,0.36,+0.36 (-0.84 → -0.48),"CEE
+0.36 (-0.84 → -0.48)",FALSE,,-0.6331099313019782,-0.5174058612890631,logratio,% of G7
Hungary,CEE,2005,2023,0.517968172875067,0.5736379392566487,9686418,10065654,62.02871620883558,43.242479876362495,TRUE,0.01,0.05566976638158172,0.10208463141057487,0.18786236332473089,0.36077409990737025,black,+0%,0.1,0.1,-0.6067991652311491,0 → 1,-0.84 → -0.48,0.36,+0.36 (-0.84 → -0.48),"CEE
+0.36 (-0.84 → -0.48)",FALSE,,-0.6578414809364365,-0.5557568495258616,logratio,% of G7
Slovenia,CEE,2005,2023,0.6385909864028055,0.6974945438184534,2118353,1996858,62.02871620883558,43.242479876362495,TRUE,0.01,0.0589035574156479,0.08823052562270192,0.18786236332473089,0.36077409990737025,black,+0%,0.09,0.09,-0.4043758506110672,0 → 1,-0.84 → -0.48,0.36,+0.36 (-0.84 → -0.48),"CEE
+0.36 (-0.84 → -0.48)",FALSE,,-0.44849111342241815,-0.36026058779971615,logratio,% of G7
Portugal,Southern Europe,2005,2023,0.5331855652645605,0.5794160874647346,10430680,10502943,76.11234448838962,69.26312471903483,TRUE,0.01,0.046230522200174096,0.08315133463994287,0.06849219769354789,0.09429781201344366,black,+0%,0.08,0.08,-0.5873100956209858,1 → 1,-0.37 → -0.27,0.09,+0.09 (-0.37 → -0.27),"Southern Europe
+0.09 (-0.37 → -0.27)",FALSE,,-0.6288857629409571,-0.5457344283010144,logratio,% of G7
Tunisia,Africa,2005,2023,0.22854335278005816,0.22763639954879755,12200387,10255431,31.425199474796706,25.051820514467458,TRUE,0.01,-9.069532312606099e-4,-0.003976302857000848,0.06373378960329248,0.22666360198443897,red,0%,0,0,-1.478017510369741,0 → 0,-1.38 → -1.16,0.23,+0.23 (-1.38 → -1.16),"Africa
+0.23 (-1.38 → -1.16)",FALSE,,-1.4760293589412405,-1.4800056617982413,logratio,% of G7
Israel,Asia,2005,2023,0.6805665309627608,0.6257364233719451,9256261,6728156,26.299795410220536,12.484362229619268,TRUE,0.01,-0.054830107590815635,-0.08399635156811752,0.1381543318060127,0.7450843205774098,red,0%,-0.08,-0.08,-0.4268278696905736,0 → 0,-2.08 → -1.34,0.75,+0.75 (-2.08 → -1.34),"Asia
+0.75 (-2.08 → -1.34)",FALSE,,-0.38482969390651484,-0.4688260454746324,logratio,% of G7
Greece,Southern Europe,2005,2023,0.5770775515086014,0.5103600469116711,10242850,10981291,76.11234448838962,69.26312471903483,TRUE,0.01,-0.06671750459693027,-0.12286021119855782,0.06849219769354789,0.09429781201344366,red,0%,-0.12,-0.12,-0.6112087224105349,1 → 1,-0.37 → -0.27,0.09,+0.09 (-0.37 → -0.27),"Southern Europe
+0.09 (-0.37 → -0.27)",FALSE,,-0.549778616811256,-0.6726388280098138,logratio,% of G7
Jamaica,Latin America,2005,2023,0.16234139555591517,0.14227828501763826,2839729,2687020,31.381420778602024,27.580517333253503,TRUE,0.01,-0.020063110538276918,-0.13191660436208527,0.038009034453485205,0.1291063931045657,red,0%,-0.13,-0.13,-1.8840120833664518,0 → 0,-1.29 → -1.16,0.13,+0.13 (-1.29 → -1.16),"Latin America
+0.13 (-1.29 → -1.16)",FALSE,,-1.8180537811854092,-1.9499703855474946,logratio,% of G7
Algeria,Africa,2005,2023,0.40149895014034903,0.35053811410909247,46164169,33109211,31.425199474796706,25.051820514467458,TRUE,0.01,-0.05096083603125656,-0.13573547586860263,0.06373378960329248,0.22666360198443897,red,0%,-0.14,-0.14,-0.9804180983765052,0 → 0,-1.38 → -1.16,0.23,+0.23 (-1.38 → -1.16),"Africa
+0.23 (-1.38 → -1.16)",FALSE,,-0.9125503604422038,-1.0482858363108065,logratio,% of G7
Iran,Asia,2005,2023,0.3616710796876741,0.2986281147379568,90608663,71828417,26.299795410220536,12.484362229619268,TRUE,0.01,-0.06304296494971728,-0.19153614327659357,0.1381543318060127,0.7450843205774098,red,0%,-0.19,-0.19,-1.1127881714870231,0 → 0,-2.08 → -1.34,0.75,+0.75 (-2.08 → -1.34),"Asia
+0.75 (-2.08 → -1.34)",FALSE,,-1.0170200998487264,-1.2085562431253198,logratio,% of G7
Mexico,Latin America,2005,2023,0.4415744164624672,0.36319373322900333,129739713,105811451,31.381420778602024,27.580517333253503,TRUE,0.01,-0.07838068323346387,-0.19541016729645752,0.038009034453485205,0.1291063931045657,red,0%,-0.2,-0.2,-0.915113803081059,0 → 0,-1.29 → -1.16,0.13,+0.13 (-1.29 → -1.16),"Latin America
+0.13 (-1.29 → -1.16)",FALSE,,-0.8174087194328302,-1.0128188867292878,logratio,% of G7
"South
Africa",Africa,2005,2023,0.3426817275392439,0.2631577249418423,63212339,49489992,31.425199474796706,25.051820514467458,TRUE,0.01,-0.07952400259740161,-0.264048541315326,0.06373378960329248,0.22666360198443897,red,0%,-0.26,-0.26,-1.2029774412958845,0 → 0,-1.38 → -1.16,0.23,+0.23 (-1.38 → -1.16),"Africa
+0.23 (-1.38 → -1.16)",FALSE,,-1.0709531706382214,-1.3350017119535476,logratio,% of G7
Azerbaijan,ex-USSR/Balkans,2005,2023,0.4009598192326101,1.0111644739588617,10318161,8597205,139.11781344125316,84.31384489881685,TRUE,0.01,0.6102046547262516,0.9249966693477902,0.5480396854243631,0.5007750676546335,black,+1%,0.92,0.92,-0.4513957234371074,1 → 1,-0.17 → 0.33,0.5,+0.5 (-0.17 → 0.33),"ex-USSR/Balkans
+0.5 (-0.17 → 0.33)",FALSE,,-0.9138940581110024,0.011102611236787732,logratio,% of LAT_AM
China,Asia,2005,2023,0.3096891469645273,0.7637348502969892,1422584878,1310027084,83.78120670681986,45.525649527815006,TRUE,0.01,0.45404570333246186,0.902651631684046,0.38255557179004857,0.6099328256862175,black,+0%,0.9,0.9,-0.7208604204801123,0 → 1,-0.79 → -0.18,0.61,+0.61 (-0.79 → -0.18),"Asia
+0.61 (-0.79 → -0.18)",FALSE,,-1.1721862363221354,-0.2695346046380893,logratio,% of LAT_AM
Georgia,ex-USSR/Balkans,2005,2023,0.8812003441581889,2.023938397820756,3807436,4026093,139.11781344125316,84.31384489881685,TRUE,0.01,1.1427380536625673,0.8315155886004797,0.5480396854243631,0.5007750676546335,black,+1%,0.83,0.83,0.2892875208024889,1 → 1,-0.17 → 0.33,0.5,+0.5 (-0.17 → 0.33),"ex-USSR/Balkans
+0.5 (-0.17 → 0.33)",FALSE,,-0.12647027349775095,0.7050453151027287,logratio,% of LAT_AM
Romania,CEE,2005,2023,0.94061313649076,2.032159520588152,19118433,21213352,197.60004263879344,157.68863057291387,TRUE,0.01,1.0915463840973922,0.7703223743544532,0.39911412065879576,0.225622605016178,black,+1%,0.77,0.77,0.3239378436841662,2 → 2,0.46 → 0.68,0.23,+0.23 (0.46 → 0.68),"CEE
+0.23 (0.46 → 0.68)",FALSE,,-0.06122334349306039,0.7090990308613928,logratio,% of LAT_AM
Kazakhstan,ex-USSR/Balkans,2005,2023,0.8167887537598592,1.621751090299212,20330063,15968071,139.11781344125316,84.31384489881685,TRUE,0.01,0.8049623365393529,0.6858812662935797,0.5480396854243631,0.5007750676546335,black,+1%,0.69,0.69,0.14056585226196905,1 → 1,-0.17 → 0.33,0.5,+0.5 (-0.17 → 0.33),"ex-USSR/Balkans
+0.5 (-0.17 → 0.33)",FALSE,,-0.2023747808848208,0.4835064854087589,logratio,% of LAT_AM
Moldova,ex-USSR/Balkans,2005,2023,0.40286746249168864,0.7583236712304874,3067017,3988618,139.11781344125316,84.31384489881685,TRUE,0.01,0.35545620873879874,0.6325026707383691,0.5480396854243631,0.5007750676546335,black,+0%,0.63,0.63,-0.5928963129500728,1 → 1,-0.17 → 0.33,0.5,+0.5 (-0.17 → 0.33),"ex-USSR/Balkans
+0.5 (-0.17 → 0.33)",FALSE,,-0.9091476483192574,-0.2766449775808883,logratio,% of LAT_AM
Egypt,Africa,2005,2023,0.6770763778305728,1.242790581607604,114535724,81100965,100.10880662508212,91.35431829024662,TRUE,0.01,0.5657142037770311,0.607330514510241,0.087544883348355,0.09151210709324667,black,+1%,0.61,0.61,-0.08630593711238216,1 → 1,-0.09 → 0,0.09,+0.09 (-0.09 → 0),"Africa
+0.09 (-0.09 → 0)",FALSE,,-0.38997119436750266,0.21735932014273834,logratio,% of LAT_AM
Russia,ex-USSR/Balkans,2005,2023,0.9420510059599095,1.5816911764461659,145440454,144597838,139.11781344125316,84.31384489881685,TRUE,0.01,0.6396401704862563,0.5181904988635978,0.5480396854243631,0.5007750676546335,black,+1%,0.52,0.52,0.199399390014415,1 → 1,-0.17 → 0.33,0.5,+0.5 (-0.17 → 0.33),"ex-USSR/Balkans
+0.5 (-0.17 → 0.33)",FALSE,,-0.05969585941738392,0.45849463944621394,logratio,% of LAT_AM
Belarus,ex-USSR/Balkans,2005,2023,0.9150775200511116,1.5164405766024385,9115626,9667778,139.11781344125316,84.31384489881685,TRUE,0.01,0.6013630565513268,0.5051123587385714,0.5480396854243631,0.5007750676546335,black,+1%,0.51,0.51,0.16380968344135277,1 → 1,-0.17 → 0.33,0.5,+0.5 (-0.17 → 0.33),"ex-USSR/Balkans
+0.5 (-0.17 → 0.33)",FALSE,,-0.08874649592793296,0.41636586281063853,logratio,% of LAT_AM
Thailand,Asia,2005,2023,0.5348799468839216,0.8218553949809126,71702397,66017363,83.78120670681986,45.525649527815006,TRUE,0.01,0.28697544809699105,0.4295221376988782,0.38255557179004857,0.6099328256862175,black,+0%,0.43,0.43,-0.41095188676557787,0 → 1,-0.79 → -0.18,0.61,+0.61 (-0.79 → -0.18),"Asia
+0.61 (-0.79 → -0.18)",FALSE,,-0.6257129556150169,-0.19619081791613882,logratio,% of LAT_AM
Latvia,CEE,2005,2023,1.3366802136115874,1.8990321786665352,1882336,2239738,197.60004263879344,157.68863057291387,TRUE,0.01,0.5623519650549478,0.35115528927479417,0.39911412065879576,0.225622605016178,black,+1%,0.35,0.35,0.46576673210791947,2 → 2,0.46 → 0.68,0.23,+0.23 (0.46 → 0.68),"CEE
+0.23 (0.46 → 0.68)",FALSE,,0.2901890874705224,0.6413443767453165,logratio,% of LAT_AM
Ukraine,ex-USSR/Balkans,2005,2023,0.5870595644241314,0.8326703717022648,37732781,47585510,139.11781344125316,84.31384489881685,TRUE,0.01,0.24561080727813334,0.34951156431630265,0.5480396854243631,0.5007750676546335,black,+0%,0.35,0.35,-0.3578732095303749,1 → 1,-0.17 → 0.33,0.5,+0.5 (-0.17 → 0.33),"ex-USSR/Balkans
+0.5 (-0.17 → 0.33)",FALSE,,-0.5326289916885262,-0.18311742737222356,logratio,% of LAT_AM
Morocco,Africa,2005,2023,0.42034595402159225,0.5878715090526052,37712463,30358088,100.10880662508212,91.35431829024662,TRUE,0.01,0.16752555503101296,0.3354303297257225,0.087544883348355,0.09151210709324667,black,+0%,0.34,0.34,-0.6989620418451656,1 → 1,-0.09 → 0,0.09,+0.09 (-0.09 → 0),"Africa
+0.09 (-0.09 → 0)",FALSE,,-0.8666772067080268,-0.5312468769823043,logratio,% of LAT_AM
Lithuania,CEE,2005,2023,1.5538239004443861,2.0719679484512543,2854061,3322225,197.60004263879344,157.68863057291387,TRUE,0.01,0.5181440480068682,0.2877799300365282,0.39911412065879576,0.225622605016178,black,+1%,0.29,0.29,0.5846088903651456,2 → 2,0.46 → 0.68,0.23,+0.23 (0.46 → 0.68),"CEE
+0.23 (0.46 → 0.68)",FALSE,,0.44071892534688156,0.7284988553834097,logratio,% of LAT_AM
Bulgaria,CEE,2005,2023,1.2373196590182631,1.6080683704021055,6795757,7695001,197.60004263879344,157.68863057291387,TRUE,0.01,0.37074871138384236,0.26208621400485804,0.39911412065879576,0.225622605016178,black,+0%,0.26,0.26,0.3439905817572245,2 → 2,0.46 → 0.68,0.23,+0.23 (0.46 → 0.68),"CEE
+0.23 (0.46 → 0.68)",FALSE,,0.21294747475479553,0.47503368875965357,logratio,% of LAT_AM
Estonia,CEE,2005,2023,1.539047848661468,1.9922914371057394,1367143,1354799,197.60004263879344,157.68863057291387,TRUE,0.01,0.4532435884442714,0.25812150710736825,0.39911412065879576,0.225622605016178,black,+0%,0.26,0.26,0.5602246986753114,2 → 2,0.46 → 0.68,0.23,+0.23 (0.46 → 0.68),"CEE
+0.23 (0.46 → 0.68)",FALSE,,0.43116394512162726,0.6892854522289955,logratio,% of LAT_AM
Poland,CEE,2005,2023,1.645708921226355,2.0153685357274487,38762796,38124333,197.60004263879344,157.68863057291387,TRUE,0.01,0.36965961450109375,0.20263082828220697,0.39911412065879576,0.225622605016178,black,+0%,0.2,0.2,0.5994866606767368,2 → 2,0.46 → 0.68,0.23,+0.23 (0.46 → 0.68),"CEE
+0.23 (0.46 → 0.68)",FALSE,,0.49817124653563344,0.7008020748178403,logratio,% of LAT_AM
"North
Macedonia",ex-USSR/Balkans,2005,2023,0.9871016821924588,1.2072164940633467,1831749,2089764,139.11781344125316,84.31384489881685,TRUE,0.01,0.220114811870888,0.20129951483591946,0.5480396854243631,0.5007750676546335,black,+0%,0.2,0.2,0.0876675340345463,1 → 1,-0.17 → 0.33,0.5,+0.5 (-0.17 → 0.33),"ex-USSR/Balkans
+0.5 (-0.17 → 0.33)",FALSE,,-0.012982223383413417,0.18831729145250603,logratio,% of LAT_AM
"South
Korea",Asia,2005,2023,1.9702421392303135,2.3140757469771405,51748695,47851594,83.78120670681986,45.525649527815006,TRUE,0.01,0.3438336077468269,0.16085391394074633,0.38255557179004857,0.6099328256862175,black,+0%,0.16,0.16,0.7585834054819278,0 → 1,-0.79 → -0.18,0.61,+0.61 (-0.79 → -0.18),"Asia
+0.61 (-0.79 → -0.18)",FALSE,,0.6781564485115545,0.839010362452301,logratio,% of LAT_AM
Serbia,ex-USSR/Balkans,2005,2023,0.940695441554821,1.0946495347195462,6773156,7539095,139.11781344125316,84.31384489881685,TRUE,0.01,0.1539540931647252,0.1515700982387625,0.5480396854243631,0.5007750676546335,black,+0%,0.15,0.15,0.014649203302219495,1 → 1,-0.17 → 0.33,0.5,+0.5 (-0.17 → 0.33),"ex-USSR/Balkans
+0.5 (-0.17 → 0.33)",FALSE,,-0.061135845817161784,0.09043425242160077,logratio,% of LAT_AM
Malaysia,Asia,2005,2023,1.194447539042083,1.2839903408177509,35126249,25836027,83.78120670681986,45.525649527815006,TRUE,0.01,0.08954280177566787,0.07228891445183902,0.38255557179004857,0.6099328256862175,black,+0%,0.07,0.07,0.2138282252859457,0 → 1,-0.79 → -0.18,0.61,+0.61 (-0.79 → -0.18),"Asia
+0.61 (-0.79 → -0.18)",FALSE,,0.1776837680600262,0.24997268251186522,logratio,% of LAT_AM
Czechia,CEE,2005,2023,2.0644206494116797,2.1875679341591883,10809674,10280103,197.60004263879344,157.68863057291387,TRUE,0.01,0.12314728474750858,0.057940764519206774,0.39911412065879576,0.225622605016178,black,+0%,0.06,0.06,0.7538200121234424,2 → 2,0.46 → 0.68,0.23,+0.23 (0.46 → 0.68),"CEE
+0.23 (0.46 → 0.68)",FALSE,,0.7248496298638389,0.7827903943830458,logratio,% of LAT_AM
Croatia,CEE,2005,2023,1.7071526498039682,1.7940672100005726,3895973,4313901,197.60004263879344,157.68863057291387,TRUE,0.01,0.08691456019660437,0.04965836111069275,0.39911412065879576,0.225622605016178,black,+0%,0.05,0.05,0.5596560461479436,2 → 2,0.46 → 0.68,0.23,+0.23 (0.46 → 0.68),"CEE
+0.23 (0.46 → 0.68)",FALSE,,0.5348268655925972,0.5844852267032901,logratio,% of LAT_AM
Spain,Southern Europe,2005,2023,2.742427074466145,2.7625109222876194,47911535,43958840,265.03490834917,281.1839145208806,TRUE,0.01,0.020083847821474432,0.007296698688199359,-0.16149006171710598,-0.05914740838614345,black,+0%,0.01,0.01,1.0124916712612295,3 → 3,1.03 → 0.97,-0.06,-0.06 (1.03 → 0.97),"Southern Europe
-0.06 (1.03 → 0.97)",FALSE,,1.0088433219171298,1.016140020605329,logratio,% of LAT_AM
Slovakia,CEE,2005,2023,1.936126102283619,1.898837197166951,5518008,5376650,197.60004263879344,157.68863057291387,TRUE,0.01,-0.037288905116667825,-0.01944742487827689,0.39911412065879576,0.225622605016178,red,0%,-0.02,-0.02,0.6509654097710997,2 → 2,0.46 → 0.68,0.23,+0.23 (0.46 → 0.68),"CEE
+0.23 (0.46 → 0.68)",FALSE,,0.6606891222102381,0.6412416973319612,logratio,% of LAT_AM
Hungary,CEE,2005,2023,1.888829967535485,1.8273936361139347,9686418,10065654,197.60004263879344,157.68863057291387,TRUE,0.01,-0.06143633142155025,-0.03306686348061718,0.39911412065879576,0.225622605016178,red,0%,-0.03,-0.03,0.6194241408354715,2 → 2,0.46 → 0.68,0.23,+0.23 (0.46 → 0.68),"CEE
+0.23 (0.46 → 0.68)",FALSE,,0.63595757257578,0.6028907090951628,logratio,% of LAT_AM
Slovenia,CEE,2005,2023,2.3286948026565244,2.221953959756786,2118353,1996858,197.60004263879344,157.68863057291387,TRUE,0.01,-0.10674084289973829,-0.0469209692684905,0.39911412065879576,0.225622605016178,red,0%,-0.05,-0.05,0.8218474554555533,2 → 2,0.46 → 0.68,0.23,+0.23 (0.46 → 0.68),"CEE
+0.23 (0.46 → 0.68)",FALSE,,0.8453079400897985,0.7983869708213079,logratio,% of LAT_AM
Portugal,Southern Europe,2005,2023,1.944321922984173,1.845800632132472,10430680,10502943,265.03490834917,281.1839145208806,TRUE,0.01,-0.09852129085170103,-0.05200016025124934,-0.16149006171710598,-0.05914740838614345,red,0%,-0.05,-0.05,0.6389132104456345,3 → 3,1.03 → 0.97,-0.06,-0.06 (1.03 → 0.97),"Southern Europe
-0.06 (1.03 → 0.97)",FALSE,,0.6649132905712593,0.6129131303200099,logratio,% of LAT_AM
Italy,Southern Europe,2005,2023,3.141604459957846,2.902748765103087,59499408,58519638,265.03490834917,281.1839145208806,TRUE,0.01,-0.2388556948547591,-0.07907550582422498,-0.16149006171710598,-0.05914740838614345,red,0%,-0.08,-0.08,1.1051958910138973,3 → 3,1.03 → 0.97,-0.06,-0.06 (1.03 → 0.97),"Southern Europe
-0.06 (1.03 → 0.97)",FALSE,,1.1447336439260098,1.0656581381017847,logratio,% of LAT_AM
Tunisia,Africa,2005,2023,0.8334093796070525,0.7251635211269546,12200387,10255431,100.10880662508212,91.35431829024662,TRUE,0.01,-0.10824585848009793,-0.13912779774819317,0.087544883348355,0.09151210709324667,red,0%,-0.14,-0.14,-0.2517942043031206,1 → 1,-0.09 → 0,0.09,+0.09 (-0.09 → 0),"Africa
+0.09 (-0.09 → 0)",FALSE,,-0.18223030542902405,-0.3213581031772172,logratio,% of LAT_AM
Israel,Asia,2005,2023,2.4817634092243406,1.9933597129861276,9256261,6728156,83.78120670681986,45.525649527815006,TRUE,0.01,-0.488403696238213,-0.21914784645930982,0.38255557179004857,0.6099328256862175,red,0%,-0.22,-0.22,0.7993954363760467,0 → 1,-0.79 → -0.18,0.61,+0.61 (-0.79 → -0.18),"Asia
+0.61 (-0.79 → -0.18)",FALSE,,0.9089693596057016,0.6898215131463917,logratio,% of LAT_AM
Greece,Southern Europe,2005,2023,2.104379052541429,1.6258141905009769,10242850,10981291,265.03490834917,281.1839145208806,TRUE,0.01,-0.47856486204045234,-0.25801170608974994,-0.16149006171710598,-0.05914740838614345,red,0%,-0.26,-0.26,0.6150145836560855,3 → 3,1.03 → 0.97,-0.06,-0.06 (1.03 → 0.97),"Southern Europe
-0.06 (1.03 → 0.97)",FALSE,,0.7440204367009605,0.4860087306112105,logratio,% of LAT_AM
Algeria,Africa,2005,2023,1.464111674564303,1.116681926178772,46164169,33109211,100.10880662508212,91.35431829024662,TRUE,0.01,-0.3474297483855311,-0.2708869707597947,0.087544883348355,0.09151210709324667,red,0%,-0.27,-0.27,0.24580520769011538,1 → 1,-0.09 → 0,0.09,+0.09 (-0.09 → 0),"Africa
+0.09 (-0.09 → 0)",FALSE,,0.3812486930700127,0.11036172231021804,logratio,% of LAT_AM
Iran,Asia,2005,2023,1.3188748063672324,0.9513162904531842,90608663,71828417,83.78120670681986,45.525649527815006,TRUE,0.01,-0.3675585159140482,-0.3266876381677856,0.38255557179004857,0.6099328256862175,red,0%,-0.33,-0.33,0.11343513457959715,0 → 1,-0.79 → -0.18,0.61,+0.61 (-0.79 → -0.18),"Asia
+0.61 (-0.79 → -0.18)",FALSE,,0.27677895366349,-0.049908684504295676,logratio,% of LAT_AM
"South
Africa",Africa,2005,2023,1.2496279698232997,0.8383210365690087,63212339,49489992,100.10880662508212,91.35431829024662,TRUE,0.01,-0.411306933254291,-0.3992000362065182,0.087544883348355,0.09151210709324667,red,0%,-0.4,-0.4,0.02324586477073584,1 → 1,-0.09 → 0,0.09,+0.09 (-0.09 → 0),"Africa
+0.09 (-0.09 → 0)",FALSE,,0.22284588287399493,-0.17635415333252324,logratio,% of LAT_AM
