megye,telepules,AL,B,C,EL,FL,IL,JL,OL,KL,L,M,NL,MKKP,TISZA,Mi_Hazank,DK,FIDESZ_KDNP,reszvetel_pct
Baranya,Abaliget,461,0,0,461,374,0,374,0,374,0,6,368,8,189,18,2,138,81.128
Baranya,Adorjás,129,0,0,129,87,0,87,0,87,0,1,86,0,29,3,0,54,67.4419
Baranya,Almamellék,261,0,0,261,190,0,190,0,190,0,0,190,1,79,11,4,86,72.7969
Baranya,Almáskeresztúr,56,0,0,56,44,0,44,0,44,0,0,44,0,21,2,0,21,78.5714
Baranya,Alsómocsolád,226,0,0,226,155,0,155,0,155,0,4,151,4,58,9,2,76,68.5841
Baranya,Alsószentmárton,813,0,0,813,560,0,560,0,560,0,25,535,1,179,1,4,275,68.8807
Baranya,Apátvarasd,100,0,0,100,78,0,78,0,78,0,1,77,0,33,1,2,41,78.0
Baranya,Aranyosgadány,279,0,0,279,191,0,191,0,191,0,4,187,2,90,17,0,66,68.4588
Baranya,Babarc,523,0,0,523,381,0,381,0,381,0,3,378,4,119,19,2,150,72.8489
Baranya,Babarcszőlős,70,0,0,70,51,0,51,0,51,0,0,51,0,20,2,1,27,72.8571
Baranya,Bakonya,279,0,0,279,209,0,209,0,209,0,3,206,2,114,8,3,74,74.9104
Baranya,Baksa,621,0,0,621,478,0,478,0,478,0,10,468,4,263,27,2,159,76.9726
Baranya,Bakóca,210,0,0,210,136,0,136,0,136,0,2,134,0,40,1,0,89,64.7619
Baranya,Baranyahídvég,132,0,0,132,94,0,94,0,94,0,0,94,0,35,2,0,56,71.2121
Baranya,Baranyajenő,334,0,0,334,213,0,213,0,213,0,1,212,1,84,3,2,122,63.7725
Baranya,Baranyaszentgyörgy,76,0,0,76,52,0,52,0,52,0,0,52,1,13,1,0,37,68.4211
Baranya,Basal,154,0,0,154,125,0,125,0,125,0,0,125,0,69,5,2,49,81.1688
Baranya,Belvárdgyula,294,0,0,294,213,0,213,0,213,0,2,211,2,94,12,2,96,72.449
Baranya,Beremend,1831,0,0,1831,1372,0,1372,0,1373,0,10,1363,14,757,43,11,525,74.9317
Baranya,Berkesd,625,0,0,625,472,0,472,0,473,0,29,444,0,175,15,3,174,75.52
Baranya,Besence,88,0,0,88,57,0,57,0,57,0,0,57,0,28,2,0,27,64.7727
Baranya,Bezedek,162,0,0,162,127,0,127,0,127,0,1,126,0,41,2,1,62,78.3951
Baranya,Bicsérd,779,0,0,779,604,0,604,0,604,0,0,604,4,313,26,5,256,77.5353
Baranya,Bikal,511,0,0,511,401,0,401,0,401,0,1,400,1,250,23,4,105,78.4736
Baranya,Birján,424,0,0,424,361,0,361,0,361,0,3,358,7,190,15,3,120,85.1415
Baranya,Bisse,199,0,0,199,146,0,146,0,146,0,1,145,2,64,9,1,69,73.3668
Baranya,Boda,323,0,0,323,265,0,265,0,267,0,11,256,0,125,26,0,103,82.0433
Baranya,Bodolyabér,168,0,0,168,110,0,110,0,110,0,2,108,0,44,3,1,46,65.4762
Baranya,Bogdása,199,0,0,199,135,0,135,0,135,0,4,131,3,41,6,0,73,67.8392
Baranya,Bogád,896,0,0,896,731,0,731,0,735,0,4,731,3,425,39,6,252,81.5848
Baranya,Bogádmindszent,314,0,0,314,233,0,233,0,233,0,0,233,1,122,4,1,102,74.2038
Baranya,Boldogasszonyfa,272,0,0,272,213,0,213,0,213,0,1,212,1,67,20,1,121,78.3088
Baranya,Borjád,292,0,0,292,224,0,224,0,224,0,3,221,2,92,20,0,80,76.7123
Baranya,Bosta,104,0,0,104,77,0,77,0,77,0,0,77,1,22,3,0,50,74.0385
Baranya,Botykapeterd,263,0,0,263,181,0,181,0,181,0,3,178,3,73,10,1,82,68.8213
Baranya,Bánfa,126,0,0,126,87,0,87,0,87,0,0,87,0,32,1,0,49,69.0476
Baranya,Bár,452,0,0,452,354,0,354,0,354,0,2,352,3,149,37,6,123,78.3186
Baranya,Bóly,2647,0,0,2647,2192,0,2192,0,2191,0,19,2172,15,1078,113,28,774,82.8107
Baranya,Bükkösd,844,0,0,844,603,0,603,0,603,0,8,595,3,299,22,5,247,71.4455
Baranya,Bürüs,53,0,0,53,37,0,37,0,37,0,1,36,0,17,3,0,15,69.8113
Baranya,Csarnóta,103,0,0,103,72,0,72,0,72,0,0,72,0,35,12,1,23,69.9029
Baranya,Csebény,56,0,0,56,48,0,48,0,48,0,0,48,0,21,4,0,23,85.7143
Baranya,Cserdi,285,0,0,285,165,0,165,0,165,0,11,154,0,63,7,4,62,57.8947
Baranya,Cserkút,537,0,0,537,432,0,432,0,432,0,0,432,5,256,37,9,125,80.4469
Baranya,Csertő,298,0,0,298,211,0,211,0,211,0,1,210,2,89,8,4,107,70.8054
Baranya,Csonkamindszent,126,0,0,126,96,0,96,0,96,0,1,95,1,35,4,1,52,76.1905
Baranya,Csányoszró,469,0,0,469,309,0,309,0,309,0,7,302,1,161,3,4,125,65.8849
Baranya,Cún,158,0,0,158,103,0,103,0,99,0,1,98,1,48,3,0,46,65.1899
Baranya,Dencsháza,415,0,0,415,255,0,255,0,255,0,8,247,2,128,4,2,102,61.4458
Baranya,Dinnyeberki,61,0,0,61,42,0,42,0,42,0,3,39,0,18,1,0,20,68.8525
Baranya,Diósviszló,500,0,0,500,357,0,357,0,352,0,9,343,2,137,9,4,181,71.4
Baranya,Drávacsehi,134,0,0,134,90,0,90,0,90,0,2,88,0,37,1,4,44,67.1642
Baranya,Drávacsepely,167,0,0,167,123,0,123,0,123,0,0,123,0,41,10,1,71,73.6527
Baranya,Drávafok,360,0,0,360,232,0,232,0,232,0,9,223,1,101,6,1,83,64.4444
Baranya,Drávaiványi,119,0,0,119,79,0,79,0,79,0,2,77,0,19,2,0,54,66.3866
Baranya,Drávakeresztúr,81,0,0,81,60,0,60,0,59,0,0,59,1,13,3,0,29,74.0741
Baranya,Drávapalkonya,208,0,0,208,138,0,138,0,137,0,4,133,1,58,4,2,60,66.3462
Baranya,Drávapiski,74,0,0,74,54,0,54,0,54,0,1,53,0,23,0,0,30,72.973
Baranya,Drávaszabolcs,519,0,0,519,375,0,375,0,375,0,6,369,2,190,19,3,141,72.2543
Baranya,Drávaszerdahely,126,0,0,126,103,0,103,0,103,0,0,103,0,46,14,0,42,81.746
Baranya,Drávasztára,284,0,0,284,190,0,190,0,190,0,4,186,0,66,7,1,94,66.9014
Baranya,Dunaszekcső,1442,0,0,1442,1006,0,1006,0,1002,0,32,970,4,360,41,7,431,69.7642
Baranya,Egerág,761,0,0,761,625,0,625,0,625,0,0,625,5,338,51,8,221,82.1288
Baranya,Egyházasharaszti,250,0,0,250,179,0,179,0,179,0,0,179,1,64,0,0,106,71.6
Baranya,Egyházaskozár,551,0,0,551,405,0,405,0,405,0,2,403,5,210,28,14,136,73.5027
Baranya,Ellend,173,0,0,173,133,0,133,0,133,0,1,132,0,70,12,0,49,76.8786
Baranya,Endrőc,279,0,0,279,187,0,187,0,187,0,9,178,1,77,7,1,79,67.0251
Baranya,Erdősmecske,270,0,0,270,199,0,199,0,205,0,20,185,0,53,6,0,109,73.7037
Baranya,Erdősmárok,56,0,0,56,46,0,46,0,46,0,1,45,0,17,4,0,24,82.1429
Baranya,Erzsébet,218,0,0,218,160,0,160,0,160,0,2,158,1,89,12,0,47,73.3945
Baranya,Fazekasboda,145,0,0,145,102,0,102,0,102,0,4,98,0,32,3,0,39,70.3448
Baranya,Feked,149,0,0,149,134,0,134,0,134,0,2,132,1,57,5,0,39,89.9329
Baranya,Felsőegerszeg,100,0,0,100,81,0,81,0,81,0,1,80,1,41,2,1,34,81.0
Baranya,Felsőszentmárton,619,0,0,619,467,0,467,0,467,0,8,459,2,140,27,3,218,75.4443
Baranya,Garé,238,0,0,238,196,0,196,0,196,0,0,196,2,98,7,2,86,82.3529
Baranya,Gerde,382,0,0,382,245,0,245,0,245,0,0,245,0,115,15,0,112,64.1361
Baranya,Geresdlak,550,0,0,550,421,0,421,0,421,0,4,417,2,167,16,4,177,76.5455
Baranya,Gerényes,150,0,0,150,91,0,91,0,91,0,3,88,0,40,1,0,36,60.6667
Baranya,Gilvánfa,255,0,0,255,133,0,133,0,133,0,20,113,0,29,0,0,55,52.1569
Baranya,Gordisa,213,0,0,213,142,0,142,0,142,0,2,140,0,49,4,2,72,66.6667
Baranya,Gyód,627,0,0,627,510,0,510,0,510,0,1,509,3,248,38,14,194,81.3397
Baranya,Gyöngyfa,104,0,0,104,72,0,72,0,74,0,7,67,0,13,0,0,38,69.2308
Baranya,Gyöngyösmellék,225,0,0,225,152,0,152,0,152,0,9,143,0,57,0,0,64,67.5556
Baranya,Gödre,598,0,0,598,431,0,431,0,431,0,13,418,2,142,15,4,201,72.0736
Baranya,Görcsöny,1281,0,0,1281,980,0,980,0,980,0,9,971,8,485,69,8,380,76.5027
Baranya,Görcsönydoboka,275,0,0,275,206,0,206,0,206,0,2,204,1,82,16,0,69,74.9091
Baranya,Harkány,4154,0,0,4154,3274,0,3274,1,3260,0,17,3243,25,1659,224,32,1239,78.8156
Baranya,Hegyhátmaróc,100,0,0,100,79,0,79,0,79,0,1,78,1,32,11,2,28,79.0
Baranya,Hegyszentmárton,331,0,0,331,239,0,239,0,239,0,3,236,1,110,6,1,112,72.2054
Baranya,Helesfa,280,0,0,280,182,0,182,0,182,0,4,178,1,92,8,3,71,65.0
Baranya,Hetvehely,371,0,0,371,284,0,284,0,284,0,4,280,2,125,13,3,112,76.5499
Baranya,Hidas,1553,0,0,1553,1172,0,1172,1,1171,0,7,1164,4,522,98,7,498,75.4668
Baranya,Himesháza,771,0,0,771,618,0,618,0,618,0,12,606,2,260,40,1,193,80.1556
Baranya,Hirics,171,0,0,171,99,0,99,0,98,0,3,95,0,24,2,0,60,57.8947
Baranya,Hobol,751,0,0,751,579,0,579,0,578,0,3,575,9,349,32,3,176,77.0972
Baranya,Homorúd,436,0,0,436,328,0,328,0,328,0,4,324,2,111,36,3,169,75.2294
Baranya,Horváthertelend,40,0,0,40,30,0,30,0,30,0,0,30,0,7,1,0,22,75.0
Baranya,Hosszúhetény,2626,0,0,2626,2135,0,2135,0,2134,0,14,2120,20,1211,161,20,673,81.3024
Baranya,Husztót,39,0,0,39,21,0,21,0,21,0,0,21,0,8,1,0,12,53.8462
Baranya,Hásságy,241,0,0,241,206,0,206,0,206,0,2,204,1,73,12,0,58,85.4772
Baranya,Ibafa,140,0,0,140,99,0,99,0,99,0,1,98,0,44,5,1,48,70.7143
Baranya,Illocska,187,0,0,187,142,0,142,0,143,0,14,129,0,53,4,1,68,75.9358
Baranya,Ipacsfa,160,0,0,160,136,0,136,0,136,0,0,136,0,52,9,1,74,85.0
Baranya,Ivánbattyán,79,0,0,79,62,0,62,0,61,0,2,59,1,21,0,1,27,78.481
Baranya,Ivándárda,157,0,0,157,127,0,127,0,127,0,1,126,0,74,1,2,42,80.8917
Baranya,Kacsóta,205,0,0,205,162,0,162,0,162,0,5,157,2,77,8,1,44,79.0244
Baranya,Katádfa,98,0,0,98,82,0,82,0,82,0,1,81,2,25,5,0,48,83.6735
Baranya,Kemse,45,0,0,45,41,0,41,0,41,0,0,41,0,16,1,0,24,91.1111
Baranya,Keszü,1100,0,0,1100,943,0,943,0,943,0,0,943,3,577,55,15,272,85.7273
Baranya,Királyegyháza,691,0,0,691,487,0,487,0,487,0,2,485,2,229,28,5,213,70.4776
Baranya,Kisasszonyfa,147,0,0,147,113,0,113,0,113,0,8,105,0,42,4,0,49,76.8707
Baranya,Kisbeszterce,59,0,0,59,46,0,46,0,46,0,0,46,0,23,2,0,21,77.9661
Baranya,Kisbudmér,62,0,0,62,46,0,46,0,46,0,0,46,0,22,1,0,19,74.1935
Baranya,Kisdobsza,185,0,0,185,133,0,133,0,130,0,1,129,1,49,4,0,75,71.8919
Baranya,Kisdér,106,0,0,106,79,0,79,0,79,0,1,78,1,36,6,0,35,74.5283
Baranya,Kishajmás,141,0,0,141,91,0,91,0,91,0,3,88,0,42,4,2,40,64.539
Baranya,Kisharsány,372,0,0,372,281,0,281,0,281,0,0,281,0,145,11,2,123,75.5376
Baranya,Kisherend,171,0,0,171,130,0,130,0,130,0,0,130,1,51,11,0,67,76.0234
Baranya,Kisjakabfalva,78,0,0,78,46,0,46,0,46,0,0,46,0,19,0,0,26,58.9744
Baranya,Kiskassa,187,0,0,187,148,0,148,0,148,0,3,145,0,62,9,2,52,79.1444
Baranya,Kislippó,222,0,0,222,155,0,155,0,155,0,4,151,0,88,4,5,54,69.8198
Baranya,Kisnyárád,120,0,0,120,96,0,96,0,94,0,2,92,2,32,7,0,22,80.0
Baranya,Kisszentmárton,166,0,0,166,117,0,117,0,115,0,2,113,1,33,4,0,66,70.4819
Baranya,Kistamási,94,0,0,94,59,0,59,0,59,0,4,55,0,13,2,0,34,62.766
Baranya,Kistapolca,155,0,0,155,125,0,125,0,125,0,0,125,2,61,3,0,59,80.6452
Baranya,Kistótfalu,244,0,0,244,195,0,195,0,195,0,1,194,0,99,13,2,80,79.918
Baranya,Kisvaszar,225,0,0,225,142,0,142,0,142,0,9,133,2,40,4,0,71,63.1111
Baranya,Komló,18614,0,0,18614,13351,0,13351,1,13343,0,144,13199,77,7877,657,309,4096,71.7256
Baranya,Kovácshida,180,0,0,180,133,0,133,0,133,0,0,133,1,60,6,2,64,73.8889
Baranya,Kovácsszénája,46,0,0,46,40,0,40,0,40,0,0,40,0,22,2,0,13,86.9565
Baranya,Kozármisleny,5063,0,0,5063,4367,0,4367,1,4367,0,76,4291,23,2661,220,49,1284,86.2532
Baranya,Kákics,155,0,0,155,110,0,110,0,110,0,2,108,1,41,2,1,63,70.9677
Baranya,Kárász,247,0,0,247,187,0,187,0,187,0,2,185,0,96,13,3,69,75.7085
Baranya,Kásád,206,0,0,206,154,0,154,0,154,0,6,148,2,50,10,2,72,74.7573
Baranya,Kátoly,240,0,0,240,185,0,185,0,185,0,5,180,0,71,9,1,67,77.0833
Baranya,Kékesd,140,0,0,140,104,0,104,0,104,0,1,103,3,42,5,1,52,74.2857
Baranya,Kémes,349,0,0,349,277,0,277,0,277,0,2,275,0,132,16,0,126,79.3696
Baranya,Kétújfalu,510,0,0,510,382,0,382,0,382,0,8,374,2,179,12,3,159,74.902
Baranya,Kórós,147,0,0,147,90,0,90,0,90,0,2,88,1,26,2,0,50,61.2245
Baranya,Köblény,149,0,0,149,109,0,109,0,109,0,0,109,1,44,9,2,52,73.1544
Baranya,Kökény,524,0,0,524,427,0,427,0,427,0,0,427,3,278,25,7,102,81.4885
Baranya,Kölked,796,0,0,796,508,0,508,0,508,0,7,501,2,167,26,3,289,63.8191
Baranya,Kővágószőlős,1113,0,0,1113,835,0,835,0,834,0,22,812,4,434,35,5,254,75.0225
Baranya,Kővágótöttös,262,0,0,262,197,0,197,0,197,0,2,195,0,90,10,4,89,75.1908
Baranya,Lapáncsa,137,0,0,137,106,0,106,0,106,0,0,106,0,40,9,0,56,77.3723
Baranya,Liget,274,0,0,274,219,0,219,0,219,0,11,208,4,109,8,1,67,79.927
Baranya,Lippó,374,0,0,374,295,0,295,0,290,0,7,283,2,118,7,1,86,78.877
Baranya,Liptód,128,0,0,128,87,0,87,0,87,0,1,86,0,18,4,0,31,67.9688
Baranya,Lothárd,211,0,0,211,165,0,165,0,165,0,0,165,0,87,7,3,67,78.1991
Baranya,Lovászhetény,226,0,0,226,154,0,154,0,154,0,1,153,0,69,13,0,71,68.1416
Baranya,Lánycsók,1896,0,0,1896,1432,0,1432,0,1431,0,15,1416,5,560,122,12,598,75.5274
Baranya,Lúzsok,155,0,0,155,112,0,112,0,112,0,4,108,0,33,1,0,66,72.2581
Baranya,Magyarbóly,719,0,0,719,523,0,523,0,523,0,3,520,2,203,33,7,261,72.7399
Baranya,Magyaregregy,546,0,0,546,429,0,429,0,429,0,7,422,2,208,29,5,148,78.5714
Baranya,Magyarhertelend,477,0,0,477,379,0,379,0,379,0,6,373,1,223,15,4,112,79.4549
Baranya,Magyarlukafa,68,0,0,68,44,0,44,0,44,0,3,41,0,16,1,0,24,64.7059
Baranya,Magyarmecske,243,0,0,243,182,0,182,0,182,0,6,176,0,55,0,0,101,74.8971
Baranya,Magyarsarlós,241,0,0,241,201,0,201,0,201,0,1,200,1,98,23,1,74,83.4025
Baranya,Magyarszék,785,0,0,785,660,0,660,0,660,0,2,658,2,294,39,7,285,84.0764
Baranya,Magyartelek,138,0,0,138,113,0,113,0,115,0,13,102,0,26,7,0,49,81.8841
Baranya,Majs,717,0,0,717,525,0,525,0,525,0,7,518,2,252,29,5,216,73.2218
Baranya,Markóc,40,0,0,40,32,0,32,0,32,0,1,31,2,10,1,0,17,80.0
Baranya,Martonfa,193,0,0,193,167,0,167,0,167,0,2,165,1,84,18,2,59,86.5285
Baranya,Maráza,130,0,0,130,87,0,87,0,87,0,2,85,1,22,3,1,36,66.9231
Baranya,Marócsa,64,0,0,64,43,0,43,0,43,0,1,42,0,8,3,1,30,67.1875
Baranya,Matty,243,0,0,243,179,0,179,0,179,0,4,175,0,65,11,2,94,73.6626
Baranya,Mecseknádasd,1205,0,0,1205,955,0,955,0,955,0,19,936,3,394,56,7,304,79.2531
Baranya,Mecsekpölöske,321,0,0,321,258,0,258,0,257,0,1,256,1,126,9,5,115,80.3738
Baranya,Mekényes,204,0,0,204,158,0,158,0,158,0,6,152,1,82,9,2,56,77.451
Baranya,Merenye,167,0,0,167,138,0,138,0,136,0,1,135,0,43,5,1,84,82.6347
Baranya,Meződ,98,0,0,98,71,0,71,0,71,0,0,71,0,45,4,2,20,72.449
Baranya,Mindszentgodisa,576,0,0,576,392,0,392,0,391,0,7,384,2,142,12,4,167,68.0556
Baranya,Mohács,13775,1820,672,16267,10476,2372,12848,3,12855,0,145,12710,79,6604,834,77,4757,78.982
Baranya,Molvány,139,0,0,139,89,0,89,0,89,0,1,88,0,39,6,0,42,64.0288
Baranya,Monyoród,144,0,0,144,111,0,111,0,111,0,1,110,2,51,10,1,42,77.0833
Baranya,Mozsgó,637,0,0,637,447,0,447,0,447,0,5,442,3,198,25,3,209,70.1727
Baranya,Mágocs,1751,0,0,1751,1273,0,1273,0,1275,0,22,1253,3,612,65,17,528,72.7013
Baranya,Mánfa,643,0,0,643,512,0,512,0,512,0,1,511,3,298,24,8,165,79.6267
Baranya,Márfa,136,0,0,136,109,0,109,0,109,0,0,109,0,58,5,1,45,80.1471
Baranya,Máriakéménd,413,0,0,413,283,0,283,0,283,0,2,281,4,106,21,2,118,68.523
Baranya,Márok,328,0,0,328,267,0,267,0,267,0,2,265,0,90,9,0,127,81.4024
Baranya,Máza,888,0,0,888,681,0,681,1,681,0,23,658,1,346,21,4,192,76.6892
Baranya,Nagybudmér,131,0,0,131,102,0,102,0,102,0,0,102,0,29,3,0,60,77.8626
Baranya,Nagycsány,103,0,0,103,78,0,78,0,78,0,0,78,0,54,2,0,21,75.7282
Baranya,Nagydobsza,441,0,0,441,297,0,297,0,297,0,2,295,0,143,16,0,134,67.3469
Baranya,Nagyhajmás,205,0,0,205,146,0,146,0,146,0,8,138,0,60,13,0,53,71.2195
Baranya,Nagyharsány,1117,0,0,1117,775,0,775,0,775,0,12,763,5,369,23,6,342,69.3823
Baranya,Nagykozár,1539,0,0,1539,1316,0,1316,0,1321,0,33,1288,5,778,55,4,392,85.5101
Baranya,Nagynyárád,509,0,0,509,419,0,419,0,419,0,2,417,4,160,15,4,202,82.3183
Baranya,Nagypall,285,0,0,285,232,0,232,0,232,0,6,226,3,92,10,2,107,81.4035
Baranya,Nagypeterd,501,0,0,501,406,0,406,0,406,0,6,400,3,212,31,8,143,81.0379
Baranya,Nagytótfalu,260,0,0,260,206,0,206,0,206,0,0,206,2,90,5,1,108,79.2308
Baranya,Nagyváty,219,0,0,219,177,0,177,0,177,0,2,175,2,48,8,0,108,80.8219
Baranya,Nemeske,181,0,0,181,137,0,137,0,137,0,1,136,1,65,7,1,59,75.6906
Baranya,Nyugotszenterzsébet,174,0,0,174,119,0,119,0,119,0,4,115,1,74,6,0,33,68.3908
Baranya,Okorvölgy,57,0,0,57,41,0,41,0,41,0,1,40,2,19,1,0,17,71.9298
Baranya,Okorág,115,0,0,115,70,0,70,0,70,0,1,69,0,24,2,1,41,60.8696
Baranya,Olasz,473,0,0,473,390,0,390,0,391,0,4,387,4,183,17,5,153,82.4524
Baranya,Old,217,0,0,217,132,0,132,0,132,0,15,117,2,21,0,0,50,60.8295
Baranya,Orfű,914,0,0,914,752,0,752,0,752,0,2,750,6,456,45,13,227,82.2757
Baranya,Oroszló,233,0,0,233,177,0,177,0,177,0,4,173,0,98,7,0,57,75.9657
Baranya,Palkonya,195,0,0,195,163,0,163,0,163,0,3,160,1,67,13,0,57,83.5897
Baranya,Palotabozsok,580,0,0,580,484,0,484,0,484,0,3,481,2,174,30,4,250,83.4483
Baranya,Palé,64,0,0,64,47,0,47,0,47,0,1,46,0,16,3,2,23,73.4375
Baranya,Patapoklosi,244,0,0,244,168,0,168,0,167,0,6,161,0,55,0,2,96,68.8525
Baranya,Pellérd,1838,0,0,1838,1486,0,1486,0,1486,0,1,1485,6,904,110,25,436,80.8487
Baranya,Pereked,144,0,0,144,122,0,122,0,120,0,5,115,1,41,4,0,47,84.7222
Baranya,Peterd,160,0,0,160,132,0,132,0,132,0,0,132,1,53,10,0,67,82.5
Baranya,Pettend,106,0,0,106,70,0,70,0,70,0,2,68,0,16,1,0,48,66.0377
Baranya,Piskó,166,0,0,166,131,0,131,0,131,0,4,127,0,16,0,0,111,78.9157
Baranya,Pogány,1012,0,0,1012,846,0,846,0,846,0,3,843,10,488,54,3,258,83.5968
Baranya,Páprád,114,0,0,114,97,0,97,0,97,0,0,97,0,33,8,0,56,85.0877
Baranya,Pécs,102640,4917,2212,109769,81073,6799,87872,3,87793,0,435,87358,826,54534,4337,1434,25265,80.0517
Baranya,Pécsbagota,78,0,0,78,56,0,56,0,56,0,0,56,0,26,3,0,27,71.7949
Baranya,Pécsdevecser,72,0,0,72,50,0,50,0,50,0,1,49,0,25,3,0,10,69.4444
Baranya,Pécsudvard,632,0,0,632,552,0,552,0,551,0,2,549,3,345,25,5,146,87.3418
Baranya,Pécsvárad,3097,0,0,3097,2461,0,2461,0,2461,0,17,2444,19,1173,150,35,982,79.464
Baranya,Pócsa,137,0,0,137,99,0,99,0,99,0,2,97,0,31,5,2,22,72.2628
Baranya,Regenye,122,0,0,122,78,0,78,0,78,0,5,73,0,30,9,1,28,63.9344
Baranya,Romonya,433,0,0,433,369,0,369,0,369,0,5,364,5,197,20,8,115,85.2194
Baranya,Rádfalva,153,0,0,153,107,0,107,0,107,0,1,106,0,43,3,1,54,69.9346
Baranya,Rózsafa,253,0,0,253,185,0,185,0,185,0,1,184,2,100,6,4,72,73.1225
Baranya,Sellye,2016,0,0,2016,1522,0,1522,0,1520,0,8,1512,8,788,65,31,595,75.496
Baranya,Siklós,7166,0,0,7166,5423,0,5423,2,5419,0,31,5388,27,3048,260,58,1950,75.6768
Baranya,Siklósbodony,110,0,0,110,82,0,82,0,82,0,2,80,0,32,0,0,48,74.5455
Baranya,Siklósnagyfalu,286,0,0,286,166,0,166,0,166,0,3,163,0,43,0,0,109,58.042
Baranya,Somberek,1081,0,0,1081,860,0,860,0,859,0,13,846,4,311,61,11,373,79.556
Baranya,Somogyapáti,337,0,0,337,224,0,224,0,224,0,5,219,1,98,15,3,97,66.4688
Baranya,Somogyhatvan,226,0,0,226,169,0,169,0,169,0,4,165,1,78,3,4,72,74.7788
Baranya,Somogyhárságy,277,0,0,277,219,0,219,0,219,0,3,216,1,82,10,0,103,79.0614
Baranya,Somogyviszló,159,0,0,159,120,0,120,0,120,0,0,120,1,43,8,2,65,75.4717
Baranya,Sumony,285,0,0,285,210,0,210,0,210,0,5,205,0,50,3,0,144,73.6842
Baranya,Szabadszentkirály,634,0,0,634,478,0,478,0,478,0,13,465,3,228,26,4,195,75.3943
Baranya,Szajk,633,0,0,633,512,0,512,0,512,0,4,508,0,201,31,4,204,80.8847
Baranya,Szalatnak,217,0,0,217,149,0,149,0,149,0,6,143,1,67,3,0,51,68.6636
Baranya,Szalánta,951,0,0,951,748,0,748,0,747,0,6,741,5,381,43,10,276,78.654
Baranya,Szaporca,171,0,0,171,123,0,123,0,123,0,1,122,1,53,6,3,57,71.9298
Baranya,Szava,247,0,0,247,183,0,183,0,183,0,1,182,2,66,10,2,86,74.0891
Baranya,Szebény,253,0,0,253,186,0,186,0,186,0,2,184,0,69,12,1,95,73.5178
Baranya,Szederkény,1409,0,0,1409,1107,0,1107,0,1117,0,51,1066,5,518,63,2,388,78.5664
Baranya,Szellő,108,0,0,108,66,0,66,0,67,0,5,62,0,30,5,0,27,61.1111
Baranya,Szemely,403,0,0,403,316,0,316,0,316,0,3,313,2,188,15,4,97,78.4119
Baranya,Szentdénes,249,0,0,249,174,0,174,0,177,0,11,166,0,72,3,0,90,69.8795
Baranya,Szentegát,243,0,0,243,177,0,177,0,177,0,3,174,0,81,1,2,88,72.8395
Baranya,Szentkatalin,75,0,0,75,55,0,55,0,56,0,4,52,0,17,8,1,26,73.3333
Baranya,Szentlászló,585,0,0,585,446,0,446,0,446,0,3,443,1,211,37,7,177,76.2393
Baranya,Szentlőrinc,4728,0,0,4728,3691,0,3691,0,3687,0,18,3669,32,1906,215,53,1402,78.0668
Baranya,Szigetvár,7621,1996,534,10151,5823,2416,8239,5,8234,0,60,8174,41,5135,375,90,2461,81.1644
Baranya,Szilvás,114,0,0,114,86,0,86,0,86,0,1,85,0,39,3,0,42,75.4386
Baranya,Szilágy,219,0,0,219,158,0,158,0,158,0,7,151,0,71,11,0,50,72.1461
Baranya,Szulimán,162,0,0,162,132,0,132,0,132,0,0,132,0,61,13,2,56,81.4815
Baranya,Szágy,91,0,0,91,70,0,70,0,70,0,0,70,0,28,0,0,42,76.9231
Baranya,Szárász,32,0,0,32,20,0,20,0,20,0,0,20,0,10,2,0,8,62.5
Baranya,Szászvár,1830,0,0,1830,1364,0,1364,0,1361,0,10,1351,5,794,83,23,387,74.5355
Baranya,Székelyszabar,438,0,0,438,321,0,321,0,321,0,5,316,1,118,20,2,106,73.2877
Baranya,Szörény,56,0,0,56,41,0,41,0,41,0,1,40,0,19,2,0,17,73.2143
Baranya,Szőke,88,0,0,88,72,0,72,0,72,0,0,72,0,27,4,0,40,81.8182
Baranya,Szőkéd,286,0,0,286,208,0,208,0,203,0,3,200,0,104,11,1,79,72.7273
Baranya,Szűr,200,0,0,200,150,0,150,0,150,0,4,146,0,55,8,0,26,75.0
Baranya,Sámod,151,0,0,151,114,0,114,0,115,0,5,110,0,30,0,0,76,75.4967
Baranya,Sárok,78,0,0,78,62,0,62,0,62,0,0,62,1,21,2,1,19,79.4872
Baranya,Sásd,2327,0,0,2327,1733,0,1733,0,1733,0,18,1715,9,867,94,31,683,74.4736
Baranya,Sátorhely,487,0,0,487,382,0,382,0,382,0,2,380,1,164,36,1,177,78.4394
Baranya,Sósvertike,106,0,0,106,79,0,79,0,79,0,2,77,0,25,0,0,46,74.5283
Baranya,Tarrós,70,0,0,70,57,0,57,0,57,0,1,56,0,20,4,0,32,81.4286
Baranya,Teklafalu,209,0,0,209,137,0,137,0,137,0,2,135,0,52,6,3,62,65.5502
Baranya,Tengeri,46,0,0,46,35,0,35,0,35,0,0,35,0,19,1,1,14,76.087
Baranya,Tormás,188,0,0,188,139,0,139,0,139,0,2,137,0,51,6,1,78,73.9362
Baranya,Tékes,165,0,0,165,115,0,115,0,115,0,5,110,0,36,2,5,54,69.697
Baranya,Tésenfa,129,0,0,129,89,0,89,0,89,0,2,87,2,24,4,1,47,68.9922
Baranya,Téseny,219,0,0,219,136,0,136,0,136,0,3,133,0,50,6,0,55,62.1005
Baranya,Tófű,86,0,0,86,67,0,67,0,68,0,3,65,0,30,5,0,29,77.907
Baranya,Tótszentgyörgy,114,0,0,114,95,0,95,1,95,0,0,95,2,36,5,2,49,83.3333
Baranya,Töttös,390,0,0,390,298,0,298,0,298,0,1,297,0,106,19,2,164,76.4103
Baranya,Túrony,207,0,0,207,156,0,156,0,156,0,1,155,2,76,3,12,62,75.3623
Baranya,Udvar,96,0,0,96,82,0,82,0,82,0,1,81,0,24,3,1,43,85.4167
Baranya,Vajszló,1326,0,0,1326,994,0,994,0,995,0,8,987,4,451,51,11,431,74.9623
Baranya,Varga,57,0,0,57,46,0,46,0,46,0,1,45,0,12,3,0,30,80.7018
Baranya,Vejti,115,0,0,115,88,0,88,0,88,0,1,87,1,27,5,1,53,76.5217
Baranya,Velény,103,0,0,103,69,0,69,0,69,0,2,67,0,45,4,0,17,66.9903
Baranya,Versend,663,0,0,663,445,0,445,0,445,0,27,418,0,106,5,10,237,67.1192
Baranya,Villány,1695,0,0,1695,1342,0,1342,0,1343,0,14,1329,3,625,71,4,562,79.174
Baranya,Villánykövesd,173,0,0,173,148,0,148,0,148,0,1,147,3,51,13,0,61,85.5491
Baranya,Vokány,652,0,0,652,473,0,473,0,473,0,6,467,4,202,23,4,177,72.546
Baranya,Várad,112,0,0,112,76,0,76,0,76,0,1,75,0,43,1,0,31,67.8571
Baranya,Vásárosbéc,148,0,0,148,117,0,117,0,117,0,4,113,1,62,7,0,37,79.0541
Baranya,Vásárosdombó,802,0,0,802,566,0,566,0,566,0,7,559,4,251,21,5,270,70.5736
Baranya,Vázsnok,92,0,0,92,66,0,66,0,66,0,0,66,1,25,4,1,35,71.7391
Baranya,Vékény,112,0,0,112,92,0,92,0,92,0,0,92,2,47,7,0,36,82.1429
Baranya,Véménd,1007,0,0,1007,700,0,700,0,700,0,15,685,1,198,40,5,234,69.5134
Baranya,Zaláta,167,0,0,167,111,0,111,0,111,0,4,107,1,32,1,0,66,66.4671
Baranya,Zengővárkony,323,0,0,323,287,0,287,4,285,0,1,284,1,98,14,2,128,88.8545
Baranya,Zádor,231,0,0,231,166,0,166,0,166,0,2,164,0,73,4,0,69,71.8615
Baranya,Zók,220,0,0,220,164,0,164,0,164,0,0,164,0,79,10,6,68,74.5455
Baranya,Ág,128,0,0,128,101,0,101,0,101,0,3,98,0,43,0,2,52,78.9062
Baranya,Áta,147,0,0,147,121,0,121,0,121,0,0,121,0,61,13,0,46,82.3129
Baranya,Óbánya,85,0,0,85,72,0,72,0,72,0,1,71,0,26,5,0,23,84.7059
Baranya,Ócsárd,288,0,0,288,221,0,221,0,221,0,2,219,2,103,19,1,93,76.7361
Baranya,Ófalu,259,0,0,259,209,0,209,0,209,0,4,205,1,60,11,2,72,80.695
Baranya,Ózdfalu,110,0,0,110,84,0,84,0,84,0,2,82,0,44,0,1,37,76.3636
Baranya,Újpetre,762,0,0,762,578,0,578,0,578,0,9,569,5,310,28,2,180,75.853
Borsod-Abaúj-Zemplén,Abaújalpár,65,0,0,65,49,0,49,0,49,0,0,49,1,20,6,0,22,75.3846
Borsod-Abaúj-Zemplén,Abaújkér,451,0,0,451,335,0,335,0,335,0,3,332,2,135,15,5,166,74.2794
Borsod-Abaúj-Zemplén,Abaújlak,64,0,0,64,45,0,45,0,46,0,4,42,1,11,2,0,27,70.3125
Borsod-Abaúj-Zemplén,Abaújszolnok,131,0,0,131,78,0,78,0,78,0,2,76,0,23,0,0,28,59.542
Borsod-Abaúj-Zemplén,Abaújszántó,2114,0,0,2114,1515,0,1515,0,1509,0,12,1497,6,800,108,8,567,71.6651
Borsod-Abaúj-Zemplén,Abaújvár,97,0,0,97,70,0,70,0,70,0,0,70,0,31,1,0,38,72.1649
Borsod-Abaúj-Zemplén,Abod,122,0,0,122,94,0,94,0,94,0,1,93,1,29,4,0,58,77.0492
Borsod-Abaúj-Zemplén,Aggtelek,396,0,0,396,314,0,314,0,314,0,1,313,1,143,12,2,155,79.2929
Borsod-Abaúj-Zemplén,Alacska,541,0,0,541,385,0,385,0,385,0,1,384,0,202,14,4,164,71.1645
Borsod-Abaúj-Zemplén,Alsóberecki,558,0,0,558,418,0,418,0,418,0,3,415,3,235,12,2,163,74.9104
Borsod-Abaúj-Zemplén,Alsódobsza,207,0,0,207,177,0,177,0,177,0,0,177,1,71,20,0,85,85.5072
Borsod-Abaúj-Zemplén,Alsógagy,61,0,0,61,52,0,52,0,52,0,1,51,0,22,7,0,21,85.2459
Borsod-Abaúj-Zemplén,Alsóregmec,144,0,0,144,122,0,122,0,122,0,0,122,0,60,8,0,54,84.7222
Borsod-Abaúj-Zemplén,Alsószuha,310,0,0,310,241,0,241,0,241,0,3,238,0,90,17,3,126,77.7419
Borsod-Abaúj-Zemplén,Alsótelekes,96,0,0,96,74,0,74,0,74,0,0,74,1,35,3,0,34,77.0833
Borsod-Abaúj-Zemplén,Alsóvadász,1041,0,0,1041,600,0,600,1,600,0,6,594,0,253,47,6,277,57.6369
Borsod-Abaúj-Zemplén,Alsózsolca,4103,0,0,4103,2994,0,2994,0,2994,0,32,2962,16,1509,145,35,1193,72.971
Borsod-Abaúj-Zemplén,Arka,45,0,0,45,41,0,41,0,41,0,0,41,0,25,6,0,10,91.1111
Borsod-Abaúj-Zemplén,Arló,2420,0,0,2420,1342,0,1342,0,1342,0,14,1328,4,409,58,6,838,55.4545
Borsod-Abaúj-Zemplén,Arnót,1780,0,0,1780,1459,0,1459,0,1459,0,7,1452,8,734,98,12,599,81.9663
Borsod-Abaúj-Zemplén,Aszaló,1302,0,0,1302,894,0,894,0,892,0,16,876,1,396,33,2,419,68.6636
Borsod-Abaúj-Zemplén,Baktakék,528,0,0,528,325,0,325,0,325,0,0,325,1,108,21,2,187,61.553
Borsod-Abaúj-Zemplén,Balajt,342,0,0,342,182,0,182,0,180,0,2,178,2,42,3,2,129,53.2164
Borsod-Abaúj-Zemplén,Baskó,134,0,0,134,121,0,121,0,121,0,2,119,0,33,15,0,67,90.2985
Borsod-Abaúj-Zemplén,Becskeháza,21,0,0,21,21,0,21,0,21,0,0,21,1,9,4,0,7,100.0
Borsod-Abaúj-Zemplén,Bekecs,1867,0,0,1867,1516,0,1516,0,1514,0,9,1505,6,885,101,11,501,81.1998
Borsod-Abaúj-Zemplén,Berente,830,0,0,830,609,0,609,0,609,0,6,603,3,350,54,8,187,73.3735
Borsod-Abaúj-Zemplén,Beret,205,0,0,205,142,0,142,0,142,0,8,134,0,16,0,0,85,69.2683
Borsod-Abaúj-Zemplén,Berzék,719,0,0,719,499,0,499,0,499,0,5,494,3,195,27,3,265,69.4019
Borsod-Abaúj-Zemplén,Bodroghalom,921,0,0,921,621,0,621,0,621,0,14,607,5,293,27,6,263,67.4267
Borsod-Abaúj-Zemplén,Bodrogkeresztúr,687,0,0,687,558,0,558,0,558,0,1,557,2,277,30,2,245,81.2227
Borsod-Abaúj-Zemplén,Bodrogkisfalud,604,0,0,604,492,0,492,0,492,0,2,490,4,265,35,6,178,81.457
Borsod-Abaúj-Zemplén,Bodrogolaszi,684,0,0,684,523,0,523,0,523,0,2,521,7,288,24,5,197,76.462
Borsod-Abaúj-Zemplén,Bogács,1584,0,0,1584,1216,0,1216,0,1216,0,13,1203,6,597,93,11,494,76.7677
Borsod-Abaúj-Zemplén,Boldogkőváralja,637,0,0,637,477,0,477,1,475,0,2,473,2,231,16,2,216,74.8823
Borsod-Abaúj-Zemplén,Boldogkőújfalu,388,0,0,388,215,0,215,0,215,0,5,210,0,102,2,0,106,55.4124
Borsod-Abaúj-Zemplén,Boldva,1777,0,0,1777,1205,0,1205,0,1205,0,7,1198,5,569,81,10,530,67.8109
Borsod-Abaúj-Zemplén,Borsodbóta,576,0,0,576,359,0,359,0,359,0,1,358,2,195,25,2,107,62.3264
Borsod-Abaúj-Zemplén,Borsodgeszt,212,0,0,212,172,0,172,1,171,0,1,170,2,78,6,2,82,81.1321
Borsod-Abaúj-Zemplén,Borsodivánka,396,0,0,396,319,0,319,0,319,0,4,315,1,174,17,3,120,80.5556
Borsod-Abaúj-Zemplén,Borsodnádasd,2158,0,0,2158,1451,0,1451,0,1451,0,12,1439,6,592,86,16,724,67.2382
Borsod-Abaúj-Zemplén,Borsodszentgyörgy,795,0,0,795,568,0,568,0,568,0,6,562,1,235,57,5,263,71.4465
Borsod-Abaúj-Zemplén,Borsodszirák,888,0,0,888,610,0,610,0,610,0,8,602,0,278,27,3,276,68.6937
Borsod-Abaúj-Zemplén,Bánhorváti,991,0,0,991,745,0,745,0,745,0,3,742,6,307,57,8,364,75.1766
Borsod-Abaúj-Zemplén,Bánréve,880,0,0,880,655,0,655,0,655,0,6,649,2,312,41,11,267,74.4318
Borsod-Abaúj-Zemplén,Bódvalenke,187,0,0,187,95,0,95,0,95,0,0,95,0,4,2,0,89,50.8021
Borsod-Abaúj-Zemplén,Bódvarákó,54,0,0,54,38,0,38,0,38,0,0,38,0,10,1,0,27,70.3704
Borsod-Abaúj-Zemplén,Bódvaszilas,645,0,0,645,481,0,481,0,481,0,8,473,1,178,19,3,269,74.5736
Borsod-Abaúj-Zemplén,Bózsva,151,0,0,151,118,0,118,0,118,0,0,118,1,58,10,1,48,78.1457
Borsod-Abaúj-Zemplén,Bükkaranyos,1162,0,0,1162,888,0,888,0,893,0,42,851,3,489,43,1,300,76.42
Borsod-Abaúj-Zemplén,Bükkmogyorósd,97,0,0,97,79,0,79,0,79,0,0,79,0,35,9,2,33,81.4433
Borsod-Abaúj-Zemplén,Bükkszentkereszt,865,0,0,865,711,0,711,0,711,0,4,707,10,344,72,5,270,82.1965
Borsod-Abaúj-Zemplén,Bükkzsérc,778,0,0,778,634,0,634,0,634,0,1,633,2,290,72,3,265,81.491
Borsod-Abaúj-Zemplén,Bükkábrány,1290,0,0,1290,1079,0,1079,0,1079,0,7,1072,14,498,101,7,452,83.6434
Borsod-Abaúj-Zemplén,Büttös,122,0,0,122,90,0,90,0,91,0,5,86,0,22,3,0,61,73.7705
Borsod-Abaúj-Zemplén,Bőcs,1940,0,0,1940,1443,0,1443,1,1422,0,12,1410,6,660,123,6,583,74.3814
Borsod-Abaúj-Zemplén,Cigánd,2146,0,0,2146,1218,0,1218,0,1220,0,30,1190,0,564,46,6,542,56.7568
Borsod-Abaúj-Zemplén,Csenyéte,297,0,0,297,163,0,163,0,163,0,3,160,0,8,0,0,152,54.8822
Borsod-Abaúj-Zemplén,Csernely,479,0,0,479,322,0,322,0,322,0,2,320,2,122,22,1,166,67.2234
Borsod-Abaúj-Zemplén,Cserépfalu,778,0,0,778,664,0,664,0,664,0,2,662,4,341,40,3,274,85.347
Borsod-Abaúj-Zemplén,Cserépváralja,291,0,0,291,247,0,247,0,247,0,3,244,3,126,12,3,100,84.8797
Borsod-Abaúj-Zemplén,Csincse,417,0,0,417,343,0,343,0,343,0,1,342,2,188,24,11,117,82.2542
Borsod-Abaúj-Zemplén,Csobaj,546,0,0,546,367,0,367,0,367,0,1,366,4,159,17,1,183,67.2161
Borsod-Abaúj-Zemplén,Csobád,481,0,0,481,352,0,352,0,351,0,5,346,1,135,21,2,161,73.1809
Borsod-Abaúj-Zemplén,Csokvaomány,498,0,0,498,360,0,360,0,360,0,1,359,1,172,21,5,160,72.2892
Borsod-Abaúj-Zemplén,Damak,170,0,0,170,157,0,157,1,153,0,0,153,0,81,17,0,55,92.3529
Borsod-Abaúj-Zemplén,Debréte,9,0,0,9,8,0,8,0,8,0,0,8,0,2,0,0,6,88.8889
Borsod-Abaúj-Zemplén,Detek,185,0,0,185,144,0,144,0,144,0,2,142,1,48,12,2,77,77.8378
Borsod-Abaúj-Zemplén,Domaháza,566,0,0,566,328,0,328,0,328,0,2,326,0,112,18,3,193,57.9505
Borsod-Abaúj-Zemplén,Dubicsány,226,0,0,226,193,0,193,0,193,0,0,193,0,118,14,1,60,85.3982
Borsod-Abaúj-Zemplén,Dámóc,243,0,0,243,169,0,169,0,169,0,2,167,0,64,5,0,91,69.5473
Borsod-Abaúj-Zemplén,Dédestapolcsány,1053,0,0,1053,810,0,810,0,810,0,3,807,2,464,72,9,260,76.9231
Borsod-Abaúj-Zemplén,Dövény,211,0,0,211,166,0,166,0,166,0,6,160,1,53,12,0,87,78.673
Borsod-Abaúj-Zemplén,Edelény,7026,0,0,7026,5233,0,5233,0,5256,0,139,5117,24,2483,396,44,2090,74.4805
Borsod-Abaúj-Zemplén,Egerlövő,410,0,0,410,352,0,352,0,352,0,2,350,1,178,11,1,158,85.8537
Borsod-Abaúj-Zemplén,Emőd,3845,0,0,3845,2793,0,2793,0,2794,0,17,2777,17,1500,188,14,1041,72.6398
Borsod-Abaúj-Zemplén,Encs,4489,0,0,4489,3325,0,3325,0,3326,0,36,3290,15,1523,189,17,1534,74.0699
Borsod-Abaúj-Zemplén,Erdőbénye,790,0,0,790,564,0,564,0,564,0,1,563,2,244,43,3,265,71.3924
Borsod-Abaúj-Zemplén,Erdőhorváti,392,0,0,392,288,0,288,1,288,0,3,285,3,124,20,3,127,73.4694
Borsod-Abaúj-Zemplén,Fancsal,221,0,0,221,189,0,189,0,191,0,9,182,0,94,14,0,74,85.5204
Borsod-Abaúj-Zemplén,Farkaslyuk,1198,0,0,1198,716,0,716,0,704,0,23,681,2,196,15,9,401,59.7663
Borsod-Abaúj-Zemplén,Felsőberecki,205,0,0,205,153,0,153,0,153,0,0,153,0,83,8,0,62,74.6341
Borsod-Abaúj-Zemplén,Felsődobsza,645,0,0,645,408,0,408,0,408,0,15,393,1,155,15,2,174,63.2558
Borsod-Abaúj-Zemplén,Felsőgagy,155,0,0,155,78,0,78,0,77,0,1,76,1,54,3,0,18,50.3226
Borsod-Abaúj-Zemplén,Felsőkelecsény,294,0,0,294,193,0,193,0,193,0,4,189,0,102,3,3,80,65.6463
Borsod-Abaúj-Zemplén,Felsőnyárád,771,0,0,771,597,0,597,0,597,0,5,592,1,347,35,8,193,77.4319
Borsod-Abaúj-Zemplén,Felsőregmec,198,0,0,198,110,0,110,0,110,0,1,109,0,17,5,0,85,55.5556
Borsod-Abaúj-Zemplén,Felsőtelekes,492,0,0,492,315,0,315,0,316,0,5,311,1,120,7,0,182,64.0244
Borsod-Abaúj-Zemplén,Felsővadász,362,0,0,362,244,0,244,1,244,0,15,229,0,48,3,1,147,67.4033
Borsod-Abaúj-Zemplén,Felsőzsolca,5055,0,0,5055,3843,0,3843,1,3844,0,28,3816,19,2100,222,36,1354,76.0237
Borsod-Abaúj-Zemplén,Filkeháza,59,0,0,59,50,0,50,0,50,0,0,50,0,12,1,0,34,84.7458
Borsod-Abaúj-Zemplén,Fony,209,0,0,209,157,0,157,0,157,0,1,156,0,61,10,2,81,75.1196
Borsod-Abaúj-Zemplén,Forró,1858,0,0,1858,1304,0,1304,0,1304,0,27,1277,2,449,56,6,681,70.183
Borsod-Abaúj-Zemplén,Fulókércs,260,0,0,260,164,0,164,0,164,0,2,162,1,41,1,0,112,63.0769
Borsod-Abaúj-Zemplén,Fáj,292,0,0,292,208,0,208,0,208,0,1,207,0,30,3,0,173,71.2329
Borsod-Abaúj-Zemplén,Füzér,257,0,0,257,223,0,223,0,223,0,1,222,1,102,13,0,96,86.7704
Borsod-Abaúj-Zemplén,Füzérkajata,80,0,0,80,65,0,65,0,65,0,1,64,1,37,3,1,21,81.25
Borsod-Abaúj-Zemplén,Füzérkomlós,200,0,0,200,160,0,160,0,160,0,1,159,0,87,7,2,55,80.0
Borsod-Abaúj-Zemplén,Füzérradvány,219,0,0,219,161,0,161,0,161,0,6,155,0,68,5,0,66,73.516
Borsod-Abaúj-Zemplén,Gadna,170,0,0,170,89,0,89,0,90,0,10,80,0,5,0,0,61,52.3529
Borsod-Abaúj-Zemplén,Gagyapáti,26,0,0,26,22,0,22,0,22,0,1,21,0,10,1,0,10,84.6154
Borsod-Abaúj-Zemplén,Gagybátor,118,0,0,118,67,0,67,0,67,0,3,64,0,16,3,0,36,56.7797
Borsod-Abaúj-Zemplén,Gagyvendégi,149,0,0,149,98,0,98,0,98,0,0,98,0,37,3,0,58,65.7718
Borsod-Abaúj-Zemplén,Galvács,59,0,0,59,53,0,53,0,53,0,1,52,1,17,4,0,30,89.8305
Borsod-Abaúj-Zemplén,Garadna,246,0,0,246,200,0,200,0,200,0,4,196,2,70,20,3,100,81.3008
Borsod-Abaúj-Zemplén,Gelej,407,0,0,407,326,0,326,0,326,0,3,323,1,143,18,2,159,80.0983
Borsod-Abaúj-Zemplén,Gesztely,1923,0,0,1923,1426,0,1426,0,1426,0,14,1412,2,641,74,12,671,74.155
Borsod-Abaúj-Zemplén,Gibárt,279,0,0,279,232,0,232,0,232,0,1,231,1,124,29,6,70,83.1541
Borsod-Abaúj-Zemplén,Girincs,591,0,0,591,405,0,405,0,405,0,15,390,1,120,7,2,253,68.5279
Borsod-Abaúj-Zemplén,Golop,423,0,0,423,342,0,342,0,342,0,2,340,3,153,17,3,164,80.8511
Borsod-Abaúj-Zemplén,Györgytarló,388,0,0,388,249,0,249,0,249,0,7,242,0,168,7,1,56,64.1753
Borsod-Abaúj-Zemplén,Gömörszőlős,59,0,0,59,52,0,52,0,52,0,0,52,1,15,9,0,27,88.1356
Borsod-Abaúj-Zemplén,Gönc,1306,0,0,1306,959,0,959,0,959,0,12,947,0,396,53,8,489,73.4303
Borsod-Abaúj-Zemplén,Göncruszka,404,0,0,404,286,0,286,0,285,0,3,282,4,105,16,0,156,70.7921
Borsod-Abaúj-Zemplén,Halmaj,1235,0,0,1235,960,0,960,0,960,0,14,946,5,423,50,2,445,77.7328
Borsod-Abaúj-Zemplén,Hangony,1083,0,0,1083,703,0,703,0,703,0,3,700,2,272,62,7,354,64.9123
Borsod-Abaúj-Zemplén,Hangács,435,0,0,435,314,0,314,0,314,0,4,310,1,119,16,1,164,72.1839
Borsod-Abaúj-Zemplén,Harsány,1542,0,0,1542,1187,0,1187,0,1187,0,5,1182,7,611,75,6,483,76.978
Borsod-Abaúj-Zemplén,Hegymeg,79,0,0,79,74,0,74,0,74,0,1,73,0,37,2,0,32,93.6709
Borsod-Abaúj-Zemplén,Hejce,166,0,0,166,131,0,131,0,131,0,1,130,1,47,5,0,77,78.9157
Borsod-Abaúj-Zemplén,Hejőbába,1222,0,0,1222,853,0,853,0,853,0,5,848,4,397,32,6,402,69.8036
Borsod-Abaúj-Zemplén,Hejőkeresztúr,775,0,0,775,592,0,592,0,592,0,1,591,6,284,67,10,214,76.3871
Borsod-Abaúj-Zemplén,Hejőkürt,228,0,0,228,192,0,192,0,192,0,2,190,2,112,13,1,62,84.2105
Borsod-Abaúj-Zemplén,Hejőpapi,760,0,0,760,510,0,510,0,511,0,19,492,0,248,25,0,204,67.1053
Borsod-Abaúj-Zemplén,Hejőszalonta,526,0,0,526,413,0,413,0,413,0,1,412,1,146,22,1,242,78.5171
Borsod-Abaúj-Zemplén,Hercegkút,468,0,0,468,427,0,427,0,427,0,5,422,6,169,19,3,109,91.2393
Borsod-Abaúj-Zemplén,Hernádbűd,96,0,0,96,83,0,83,0,83,0,0,83,0,34,6,0,43,86.4583
Borsod-Abaúj-Zemplén,Hernádcéce,157,0,0,157,99,0,99,0,99,0,0,99,0,47,1,0,46,63.0573
Borsod-Abaúj-Zemplén,Hernádkak,1191,0,0,1191,937,0,937,0,937,0,4,933,7,461,86,9,370,78.6734
Borsod-Abaúj-Zemplén,Hernádkércs,217,0,0,217,167,0,167,0,168,0,6,162,1,82,1,0,77,76.9585
Borsod-Abaúj-Zemplén,Hernádnémeti,2609,0,0,2609,1899,0,1899,0,1899,0,17,1882,5,973,126,13,763,72.7865
Borsod-Abaúj-Zemplén,Hernádpetri,147,0,0,147,92,0,92,0,92,0,2,90,0,35,4,0,51,62.585
Borsod-Abaúj-Zemplén,Hernádszentandrás,284,0,0,284,202,0,202,0,202,0,5,197,0,61,7,4,121,71.1268
Borsod-Abaúj-Zemplén,Hernádszurdok,121,0,0,121,107,0,107,0,107,0,7,100,0,25,5,0,61,88.4298
Borsod-Abaúj-Zemplén,Hernádvécse,655,0,0,655,417,0,417,0,415,0,12,403,0,98,9,1,282,63.6641
Borsod-Abaúj-Zemplén,Hidasnémeti,576,0,0,576,450,0,450,0,450,0,7,443,3,222,20,6,191,78.125
Borsod-Abaúj-Zemplén,Hidvégardó,353,0,0,353,263,0,263,0,263,0,0,263,0,102,16,2,143,74.5042
Borsod-Abaúj-Zemplén,Hollóháza,522,0,0,522,398,0,398,0,398,0,1,397,4,194,21,6,156,76.2452
Borsod-Abaúj-Zemplén,Homrogd,687,0,0,687,467,0,467,0,467,0,11,456,0,161,22,7,242,67.9767
Borsod-Abaúj-Zemplén,Háromhuta,107,0,0,107,89,0,89,0,89,0,0,89,0,39,9,0,41,83.1776
Borsod-Abaúj-Zemplén,Hét,366,0,0,366,285,0,285,0,285,0,4,281,0,160,24,3,94,77.8689
Borsod-Abaúj-Zemplén,Igrici,839,0,0,839,576,0,576,0,576,0,10,566,1,289,29,4,230,68.6532
Borsod-Abaúj-Zemplén,Imola,76,0,0,76,61,0,61,1,60,0,1,59,0,31,1,0,27,80.2632
Borsod-Abaúj-Zemplén,Ináncs,873,0,0,873,637,0,637,0,636,0,9,627,1,280,31,4,295,72.9668
Borsod-Abaúj-Zemplén,Irota,62,0,0,62,51,0,51,0,51,0,0,51,0,27,4,2,18,82.2581
Borsod-Abaúj-Zemplén,Izsófalva,1221,0,0,1221,844,0,844,0,843,0,2,841,2,393,46,7,385,69.1237
Borsod-Abaúj-Zemplén,Jákfalva,377,0,0,377,259,0,259,0,259,0,11,248,2,80,9,0,133,68.7003
Borsod-Abaúj-Zemplén,Járdánháza,1230,0,0,1230,748,0,748,0,754,0,37,717,0,287,37,7,370,60.813
Borsod-Abaúj-Zemplén,Jósvafő,201,0,0,201,172,0,172,0,172,0,0,172,1,80,14,0,77,85.5721
Borsod-Abaúj-Zemplén,Karcsa,1271,0,0,1271,844,0,844,0,845,0,17,828,2,419,27,3,366,66.4044
Borsod-Abaúj-Zemplén,Karos,369,0,0,369,263,0,263,0,263,0,2,261,0,93,14,0,144,71.2737
Borsod-Abaúj-Zemplén,Kazincbarcika,19016,2151,503,21670,14192,2511,16703,3,16706,0,116,16590,84,11044,1041,250,4146,77.0789
Borsod-Abaúj-Zemplén,Kelemér,335,0,0,335,229,0,229,0,229,0,4,225,0,90,6,0,128,68.3582
Borsod-Abaúj-Zemplén,Kenézlő,867,0,0,867,539,0,539,0,539,0,1,538,2,243,27,4,259,62.1684
Borsod-Abaúj-Zemplén,Keresztéte,31,0,0,31,29,0,29,0,30,0,3,27,0,17,3,0,7,93.5484
Borsod-Abaúj-Zemplén,Kesznyéten,1293,0,0,1293,843,0,843,0,843,0,16,827,1,243,41,2,499,65.1972
Borsod-Abaúj-Zemplén,Királd,531,0,0,531,349,0,349,0,349,0,0,349,1,179,24,5,139,65.725
Borsod-Abaúj-Zemplén,Kiscsécs,129,0,0,129,88,0,88,0,88,0,3,85,1,9,3,0,55,68.2171
Borsod-Abaúj-Zemplén,Kisgyőr,1228,0,0,1228,898,0,898,0,899,0,12,887,4,415,111,4,352,73.127
Borsod-Abaúj-Zemplén,Kishuta,212,0,0,212,177,0,177,0,177,0,0,177,2,107,9,2,57,83.4906
Borsod-Abaúj-Zemplén,Kiskinizs,250,0,0,250,185,0,185,0,185,0,1,184,3,83,4,0,90,74.0
Borsod-Abaúj-Zemplén,Kisrozvágy,148,0,0,148,91,0,91,0,91,0,0,91,0,35,4,1,47,61.4865
Borsod-Abaúj-Zemplén,Kissikátor,226,0,0,226,190,0,190,0,190,0,1,189,2,113,12,1,61,84.0708
Borsod-Abaúj-Zemplén,Kistokaj,1806,0,0,1806,1531,0,1531,0,1531,0,3,1528,17,975,104,11,420,84.773
Borsod-Abaúj-Zemplén,Komjáti,110,0,0,110,91,0,91,0,91,0,0,91,0,45,1,0,44,82.7273
Borsod-Abaúj-Zemplén,Komlóska,177,0,0,177,152,0,152,0,152,0,2,150,1,86,8,0,52,85.8757
Borsod-Abaúj-Zemplén,Kondó,439,0,0,439,340,0,340,0,340,0,2,338,1,178,29,5,125,77.4487
Borsod-Abaúj-Zemplén,Korlát,228,0,0,228,178,0,178,0,178,0,7,171,0,86,8,0,77,78.0702
Borsod-Abaúj-Zemplén,Kovácsvágás,450,0,0,450,278,0,278,0,278,0,3,275,0,101,8,1,157,61.7778
Borsod-Abaúj-Zemplén,Krasznokvajda,290,0,0,290,205,0,205,0,205,0,5,200,2,73,9,0,116,70.6897
Borsod-Abaúj-Zemplén,Kupa,119,0,0,119,91,0,91,0,91,0,0,91,2,21,2,0,64,76.4706
Borsod-Abaúj-Zemplén,Kurityán,1111,0,0,1111,799,0,799,0,799,0,7,792,3,437,48,12,265,71.9172
Borsod-Abaúj-Zemplén,Kács,405,0,0,405,326,0,326,0,326,0,1,325,1,153,19,1,151,80.4938
Borsod-Abaúj-Zemplén,Kány,45,0,0,45,37,0,37,0,37,0,0,37,0,19,0,0,18,82.2222
Borsod-Abaúj-Zemplén,Kánó,120,0,0,120,103,0,103,0,103,0,1,102,0,41,5,0,56,85.8333
Borsod-Abaúj-Zemplén,Kázsmárk,694,0,0,694,449,0,449,0,449,0,19,430,1,153,17,1,239,64.6974
Borsod-Abaúj-Zemplén,Kéked,112,0,0,112,76,0,76,0,76,0,0,76,0,36,3,1,36,67.8571
Borsod-Abaúj-Zemplén,Köröm,851,0,0,851,480,0,480,0,479,0,11,468,1,108,15,0,330,56.4042
Borsod-Abaúj-Zemplén,Lak,424,0,0,424,335,0,335,0,334,0,14,320,0,60,3,0,247,79.0094
Borsod-Abaúj-Zemplén,Legyesbénye,1079,0,0,1079,816,0,816,0,816,0,10,806,4,473,49,3,277,75.6256
Borsod-Abaúj-Zemplén,Litka,29,0,0,29,26,0,26,0,26,0,0,26,0,15,2,0,9,89.6552
Borsod-Abaúj-Zemplén,Lácacséke,193,0,0,193,100,0,100,0,100,0,4,96,0,35,5,2,53,51.8135
Borsod-Abaúj-Zemplén,Ládbesenyő,199,0,0,199,163,0,163,0,163,0,0,163,0,63,10,2,87,81.9095
Borsod-Abaúj-Zemplén,Léh,310,0,0,310,198,0,198,0,197,0,3,194,0,53,10,0,119,63.871
Borsod-Abaúj-Zemplén,Lénárddaróc,196,0,0,196,153,0,153,0,153,0,0,153,2,64,8,1,78,78.0612
Borsod-Abaúj-Zemplén,Makkoshotyka,616,0,0,616,401,0,401,0,401,0,8,393,1,116,11,2,247,65.0974
Borsod-Abaúj-Zemplén,Martonyi,244,0,0,244,152,0,152,0,152,0,3,149,0,42,3,0,98,62.2951
Borsod-Abaúj-Zemplén,Megyaszó,1876,0,0,1876,1247,0,1247,0,1248,0,49,1199,6,450,70,10,606,66.4712
Borsod-Abaúj-Zemplén,Meszes,120,0,0,120,91,0,91,0,91,0,1,90,0,48,14,1,27,75.8333
Borsod-Abaúj-Zemplén,Mezőcsát,4448,0,0,4448,3184,0,3184,0,3184,0,44,3140,10,1558,156,29,1332,71.5827
Borsod-Abaúj-Zemplén,Mezőkeresztes,2729,0,0,2729,1939,0,1939,0,1936,0,11,1925,18,1051,178,27,650,71.0517
Borsod-Abaúj-Zemplén,Mezőkövesd,12289,2072,586,14947,9762,2533,12295,5,12279,0,75,12204,92,7392,770,124,3783,82.2573
Borsod-Abaúj-Zemplén,Mezőnagymihály,742,0,0,742,583,0,583,0,583,0,5,578,2,285,41,5,245,78.5714
Borsod-Abaúj-Zemplén,Mezőnyárád,1297,0,0,1297,1046,0,1046,0,1046,0,3,1043,8,639,77,10,308,80.6476
Borsod-Abaúj-Zemplén,Mezőzombor,1684,0,0,1684,1149,0,1149,0,1149,0,8,1141,2,516,57,1,555,68.2304
Borsod-Abaúj-Zemplén,Mikóháza,399,0,0,399,338,0,338,0,338,0,2,336,1,185,23,2,106,84.7118
Borsod-Abaúj-Zemplén,Miskolc,111107,4649,1695,117451,85361,6011,91372,7,91354,0,487,90867,633,56132,5115,1083,27530,77.7958
Borsod-Abaúj-Zemplén,Mogyoróska,61,0,0,61,49,0,49,0,49,0,0,49,1,25,2,0,21,80.3279
Borsod-Abaúj-Zemplén,Monaj,197,0,0,197,130,0,130,0,130,0,0,130,1,64,4,0,61,65.9898
Borsod-Abaúj-Zemplén,Monok,1128,0,0,1128,865,0,865,0,863,0,11,852,2,375,56,15,389,76.6844
Borsod-Abaúj-Zemplén,Muhi,381,0,0,381,326,0,326,0,326,0,1,325,1,182,30,5,107,85.5643
Borsod-Abaúj-Zemplén,Mád,1544,0,0,1544,1267,0,1267,0,1267,0,7,1260,8,702,72,9,459,82.0596
Borsod-Abaúj-Zemplén,Mályi,3424,0,0,3424,2749,0,2749,0,2747,0,4,2743,11,1720,173,25,813,80.2862
Borsod-Abaúj-Zemplén,Mályinka,371,0,0,371,303,0,303,0,296,0,0,296,2,137,33,1,123,81.6712
Borsod-Abaúj-Zemplén,Méra,1033,0,0,1033,753,0,753,0,753,0,6,747,4,349,45,3,341,72.8945
Borsod-Abaúj-Zemplén,Múcsony,2127,0,0,2127,1520,0,1520,0,1520,0,6,1514,10,837,110,22,526,71.4622
Borsod-Abaúj-Zemplén,Nagybarca,648,0,0,648,491,0,491,0,491,0,1,490,3,320,27,6,134,75.7716
Borsod-Abaúj-Zemplén,Nagycsécs,578,0,0,578,402,0,402,0,402,0,11,391,1,159,18,2,198,69.5502
Borsod-Abaúj-Zemplén,Nagyhuta,32,0,0,32,27,0,27,0,27,0,0,27,0,16,2,0,7,84.375
Borsod-Abaúj-Zemplén,Nagykinizs,199,0,0,199,147,0,147,0,147,0,1,146,0,64,7,3,70,73.8693
Borsod-Abaúj-Zemplén,Nagyrozvágy,487,0,0,487,312,0,312,0,312,0,4,308,2,125,14,1,164,64.0657
Borsod-Abaúj-Zemplén,Nekézseny,495,0,0,495,311,0,311,0,311,0,2,309,4,147,14,1,143,62.8283
Borsod-Abaúj-Zemplén,Nemesbikk,690,0,0,690,548,0,548,0,534,0,6,528,5,251,35,5,225,79.4203
Borsod-Abaúj-Zemplén,Novajidrány,903,0,0,903,596,0,596,0,594,0,3,591,1,228,19,3,320,66.0022
Borsod-Abaúj-Zemplén,Nyomár,216,0,0,216,169,0,169,0,169,0,0,169,3,51,15,2,98,78.2407
Borsod-Abaúj-Zemplén,Nyékládháza,3913,0,0,3913,3149,0,3149,0,3150,0,15,3135,19,1876,213,31,996,80.4753
Borsod-Abaúj-Zemplén,Nyésta,21,0,0,21,16,0,16,0,16,0,0,16,0,13,0,0,3,76.1905
Borsod-Abaúj-Zemplén,Nyíri,263,0,0,263,204,0,204,0,204,0,0,204,0,68,6,1,128,77.5665
Borsod-Abaúj-Zemplén,Négyes,223,0,0,223,186,0,186,0,186,0,1,185,3,97,15,1,69,83.4081
Borsod-Abaúj-Zemplén,Olaszliszka,1108,0,0,1108,721,0,721,0,721,0,15,706,3,301,51,4,319,65.0722
Borsod-Abaúj-Zemplén,Onga,3520,0,0,3520,2672,0,2672,0,2674,0,47,2627,14,1421,176,16,951,75.9091
Borsod-Abaúj-Zemplén,Ormosbánya,1116,0,0,1116,647,0,647,0,647,0,9,638,3,309,38,8,280,57.9749
Borsod-Abaúj-Zemplén,Oszlár,251,0,0,251,212,0,212,0,212,0,1,211,8,103,19,2,79,84.4622
Borsod-Abaúj-Zemplén,Pamlény,38,0,0,38,32,0,32,0,32,0,0,32,0,12,5,0,15,84.2105
Borsod-Abaúj-Zemplén,Parasznya,886,0,0,886,638,0,638,0,639,0,9,630,6,331,36,12,245,72.009
Borsod-Abaúj-Zemplén,Pere,228,0,0,228,156,0,156,0,156,0,1,155,3,80,3,1,62,68.4211
Borsod-Abaúj-Zemplén,Perecse,14,0,0,14,10,0,10,0,10,0,0,10,0,2,1,0,7,71.4286
Borsod-Abaúj-Zemplén,Perkupa,534,0,0,534,354,0,354,0,354,0,7,347,2,126,26,1,192,66.2921
Borsod-Abaúj-Zemplén,Prügy,1756,0,0,1756,1211,0,1211,0,1211,0,19,1192,2,364,28,6,790,68.9636
Borsod-Abaúj-Zemplén,Pusztafalu,159,0,0,159,126,0,126,0,126,0,1,125,0,53,4,1,67,79.2453
Borsod-Abaúj-Zemplén,Pusztaradvány,158,0,0,158,143,0,143,0,143,0,1,142,0,30,3,7,98,90.5063
Borsod-Abaúj-Zemplén,Putnok,4543,0,0,4543,3004,0,3004,0,3004,0,43,2961,11,1587,153,31,1149,66.1237
Borsod-Abaúj-Zemplén,Pácin,1075,0,0,1075,685,0,685,0,683,0,5,678,0,260,24,8,374,63.7209
Borsod-Abaúj-Zemplén,Pálháza,770,0,0,770,647,0,647,0,647,0,3,644,4,370,38,3,224,84.026
Borsod-Abaúj-Zemplén,Pányok,37,0,0,37,29,0,29,0,29,0,0,29,0,14,3,0,12,78.3784
Borsod-Abaúj-Zemplén,Radostyán,461,0,0,461,364,0,364,0,365,0,6,359,2,165,24,3,165,78.9588
Borsod-Abaúj-Zemplén,Ragály,463,0,0,463,325,0,325,0,325,0,1,324,1,149,15,1,158,70.1944
Borsod-Abaúj-Zemplén,Rakaca,538,0,0,538,330,0,330,0,330,0,2,328,0,50,1,0,274,61.3383
Borsod-Abaúj-Zemplén,Rakacaszend,194,0,0,194,141,0,141,0,141,0,2,139,0,16,2,0,108,72.6804
Borsod-Abaúj-Zemplén,Regéc,54,0,0,54,45,0,45,0,45,0,0,45,0,16,4,1,24,83.3333
Borsod-Abaúj-Zemplén,Ricse,1110,0,0,1110,612,0,612,0,612,0,11,601,3,240,31,4,284,55.1351
Borsod-Abaúj-Zemplén,Rudabánya,1791,0,0,1791,1140,0,1140,0,1138,0,8,1130,1,451,63,3,608,63.6516
Borsod-Abaúj-Zemplén,Rudolftelep,519,0,0,519,329,0,329,0,329,0,4,325,3,171,22,1,120,63.3911
Borsod-Abaúj-Zemplén,Rásonysápberencs,377,0,0,377,237,0,237,0,237,0,7,230,2,99,13,2,104,62.8647
Borsod-Abaúj-Zemplén,Rátka,762,0,0,762,634,0,634,0,633,0,9,624,1,311,28,0,115,83.2021
Borsod-Abaúj-Zemplén,Répáshuta,351,0,0,351,293,0,293,0,293,0,2,291,11,138,33,2,101,83.4758
Borsod-Abaúj-Zemplén,Révleányvár,318,0,0,318,210,0,210,0,210,0,5,205,2,59,8,1,135,66.0377
Borsod-Abaúj-Zemplén,Sajóbábony,1951,0,0,1951,1372,0,1372,0,1371,0,15,1356,8,676,95,17,555,70.3229
Borsod-Abaúj-Zemplén,Sajóecseg,816,0,0,816,695,0,695,0,695,0,1,694,4,368,63,7,252,85.1716
Borsod-Abaúj-Zemplén,Sajógalgóc,243,0,0,243,176,0,176,0,176,0,0,176,2,95,18,1,59,72.428
Borsod-Abaúj-Zemplén,Sajóhídvég,705,0,0,705,404,0,404,0,403,0,1,402,2,137,33,2,227,57.305
Borsod-Abaúj-Zemplén,Sajóivánka,501,0,0,501,412,0,412,0,411,0,0,411,2,257,37,9,100,82.2355
Borsod-Abaúj-Zemplén,Sajókaza,2132,0,0,2132,1316,0,1316,0,1316,0,19,1297,3,543,92,4,631,61.7261
Borsod-Abaúj-Zemplén,Sajókeresztúr,1199,0,0,1199,959,0,959,0,959,0,4,955,7,578,57,11,302,79.9833
Borsod-Abaúj-Zemplén,Sajókápolna,303,0,0,303,233,0,233,0,233,0,2,231,1,135,9,0,85,76.8977
Borsod-Abaúj-Zemplén,Sajólád,2225,0,0,2225,1508,0,1508,0,1508,0,9,1499,8,748,94,9,618,67.7753
Borsod-Abaúj-Zemplén,Sajólászlófalva,337,0,0,337,255,0,255,0,255,0,2,253,4,138,18,2,91,75.6677
Borsod-Abaúj-Zemplén,Sajómercse,157,0,0,157,114,0,114,0,114,0,1,113,0,56,6,0,51,72.6115
Borsod-Abaúj-Zemplén,Sajónémeti,315,0,0,315,212,0,212,0,212,0,2,210,0,62,13,2,131,67.3016
Borsod-Abaúj-Zemplén,Sajópetri,1114,0,0,1114,708,0,708,0,708,0,6,702,2,353,50,6,289,63.5548
Borsod-Abaúj-Zemplén,Sajópálfala,579,0,0,579,477,0,477,0,469,0,3,466,3,230,29,3,193,82.3834
Borsod-Abaúj-Zemplén,Sajópüspöki,376,0,0,376,265,0,265,0,265,0,2,263,3,144,5,4,104,70.4787
Borsod-Abaúj-Zemplén,Sajósenye,280,0,0,280,240,0,240,0,240,0,2,238,1,132,18,0,87,85.7143
Borsod-Abaúj-Zemplén,Sajószentpéter,8889,0,0,8889,5800,0,5800,0,5800,0,30,5770,27,3459,293,88,1851,65.2492
Borsod-Abaúj-Zemplén,Sajószöged,1816,0,0,1816,1499,0,1499,1,1496,0,5,1491,7,928,115,15,425,82.5441
Borsod-Abaúj-Zemplén,Sajóvelezd,557,0,0,557,397,0,397,0,397,0,6,391,1,209,35,6,134,71.2747
Borsod-Abaúj-Zemplén,Sajóvámos,1594,0,0,1594,1329,0,1329,0,1313,0,5,1308,7,705,91,7,497,83.3752
Borsod-Abaúj-Zemplén,Sajóörös,1173,0,0,1173,1007,0,1007,0,1006,0,5,1001,4,650,54,12,281,85.8483
Borsod-Abaúj-Zemplén,Selyeb,337,0,0,337,197,0,197,0,197,0,3,194,0,45,6,0,138,58.457
Borsod-Abaúj-Zemplén,Semjén,373,0,0,373,185,0,185,0,185,0,2,183,0,60,6,1,109,49.5979
Borsod-Abaúj-Zemplén,Serényfalva,712,0,0,712,519,0,519,0,519,0,5,514,0,288,35,8,181,72.8933
Borsod-Abaúj-Zemplén,Sima,24,0,0,24,22,0,22,0,22,0,0,22,0,16,2,0,4,91.6667
Borsod-Abaúj-Zemplén,Szakácsi,125,0,0,125,83,0,83,0,81,0,1,80,0,25,1,0,54,66.4
Borsod-Abaúj-Zemplén,Szakáld,346,0,0,346,259,0,259,0,259,0,0,259,2,140,19,1,97,74.8555
Borsod-Abaúj-Zemplén,Szalaszend,691,0,0,691,421,0,421,0,421,0,3,418,4,205,13,3,188,60.9262
Borsod-Abaúj-Zemplén,Szalonna,650,0,0,650,407,0,407,0,407,0,6,401,1,184,17,1,167,62.6154
Borsod-Abaúj-Zemplén,Szegi,228,0,0,228,184,0,184,0,183,0,0,183,0,99,7,0,77,80.7018
Borsod-Abaúj-Zemplén,Szegilong,164,0,0,164,133,0,133,0,133,0,0,133,0,63,8,2,59,81.0976
Borsod-Abaúj-Zemplén,Szemere,250,0,0,250,175,0,175,0,175,0,2,173,0,74,8,1,88,70.0
Borsod-Abaúj-Zemplén,Szendrő,2710,0,0,2710,1737,0,1737,0,1732,0,41,1691,7,551,99,11,889,64.0959
Borsod-Abaúj-Zemplén,Szendrőlád,1339,0,0,1339,658,0,658,0,658,0,49,609,0,196,3,0,295,49.1412
Borsod-Abaúj-Zemplén,Szentistván,1851,0,0,1851,1425,0,1425,2,1423,0,10,1413,4,762,97,11,536,76.9854
Borsod-Abaúj-Zemplén,Szentistvánbaksa,212,0,0,212,180,0,180,0,180,0,0,180,0,74,14,0,92,84.9057
Borsod-Abaúj-Zemplén,Szerencs,6828,0,0,6828,5435,0,5435,0,5435,0,30,5405,27,2983,328,54,1968,79.5987
Borsod-Abaúj-Zemplén,Szikszó,4142,0,0,4142,3074,0,3074,0,3075,0,18,3057,9,1588,207,24,1214,74.2154
Borsod-Abaúj-Zemplén,Szin,515,0,0,515,366,0,366,0,365,0,9,356,0,57,6,0,256,71.068
Borsod-Abaúj-Zemplén,Szinpetri,151,0,0,151,112,0,112,0,112,0,5,107,1,32,3,0,66,74.1722
Borsod-Abaúj-Zemplén,Szirmabesenyő,3326,0,0,3326,2816,0,2816,0,2815,0,8,2807,23,1777,181,39,786,84.6663
Borsod-Abaúj-Zemplén,Szomolya,1174,0,0,1174,898,0,898,0,898,0,8,890,6,416,66,9,390,76.4906
Borsod-Abaúj-Zemplén,Szuhafő,86,0,0,86,72,0,72,0,72,0,0,72,0,28,6,0,38,83.7209
Borsod-Abaúj-Zemplén,Szuhakálló,768,0,0,768,553,0,553,0,553,0,5,548,3,309,43,3,189,72.0052
Borsod-Abaúj-Zemplén,Szuhogy,806,0,0,806,566,0,566,0,559,0,14,545,3,185,51,4,250,70.2233
Borsod-Abaúj-Zemplén,Szászfa,76,0,0,76,53,0,53,0,53,0,3,50,0,24,3,0,22,69.7368
Borsod-Abaúj-Zemplén,Szögliget,455,0,0,455,358,0,358,0,358,0,2,356,0,162,24,0,169,78.6813
Borsod-Abaúj-Zemplén,Szőlősardó,98,0,0,98,82,0,82,0,82,0,0,82,1,40,7,0,34,83.6735
Borsod-Abaúj-Zemplén,Sály,1104,0,0,1104,659,0,659,0,659,0,9,650,2,216,32,5,375,59.692
Borsod-Abaúj-Zemplén,Sárazsadány,157,0,0,157,122,0,122,0,122,0,2,120,5,65,3,0,47,77.707
Borsod-Abaúj-Zemplén,Sárospatak,8427,0,0,8427,6507,0,6507,0,6509,0,33,6476,25,3718,336,63,2259,77.2161
Borsod-Abaúj-Zemplén,Sáta,774,0,0,774,540,0,540,0,543,0,18,525,0,265,20,1,237,69.7674
Borsod-Abaúj-Zemplén,Sátoraljaújhely,10095,3117,485,13697,7404,3460,10864,0,10865,0,84,10781,77,6587,508,101,3304,79.3166
Borsod-Abaúj-Zemplén,Sóstófalva,177,0,0,177,143,0,143,0,143,0,0,143,0,66,6,1,68,80.791
Borsod-Abaúj-Zemplén,Taktabáj,381,0,0,381,256,0,256,0,256,0,7,249,1,55,3,1,142,67.1916
Borsod-Abaúj-Zemplén,Taktaharkány,2563,0,0,2563,1841,0,1841,0,1839,0,30,1809,12,786,113,13,883,71.8299
Borsod-Abaúj-Zemplén,Taktakenéz,768,0,0,768,481,0,481,0,481,0,13,468,0,95,11,1,332,62.6302
Borsod-Abaúj-Zemplén,Taktaszada,1322,0,0,1322,914,0,914,0,913,0,14,899,2,273,49,6,556,69.1377
Borsod-Abaúj-Zemplén,Tarcal,2033,0,0,2033,1493,0,1493,0,1493,0,10,1483,8,706,94,17,649,73.4383
Borsod-Abaúj-Zemplén,Tard,862,0,0,862,701,0,701,0,700,0,2,698,4,318,58,7,311,81.3225
Borsod-Abaúj-Zemplén,Tardona,791,0,0,791,615,0,615,0,614,0,2,612,3,363,43,4,199,77.7497
Borsod-Abaúj-Zemplén,Telkibánya,424,0,0,424,343,0,343,0,343,0,2,341,0,147,19,0,175,80.8962
Borsod-Abaúj-Zemplén,Teresztenye,30,0,0,30,25,0,25,0,25,0,0,25,0,16,1,0,8,83.3333
Borsod-Abaúj-Zemplén,Tibolddaróc,983,0,0,983,737,0,737,0,737,0,5,732,9,399,44,4,276,74.9746
Borsod-Abaúj-Zemplén,Tiszabábolna,226,0,0,226,185,0,185,0,185,0,0,185,0,91,12,2,80,81.8584
Borsod-Abaúj-Zemplén,Tiszacsermely,319,0,0,319,168,0,168,0,168,0,8,160,1,70,3,0,67,52.6646
Borsod-Abaúj-Zemplén,Tiszadorogma,296,0,0,296,233,0,233,0,233,0,0,233,2,101,19,3,108,78.7162
Borsod-Abaúj-Zemplén,Tiszakarád,1669,0,0,1669,890,0,890,0,890,0,16,874,3,277,25,4,540,53.3253
Borsod-Abaúj-Zemplén,Tiszakeszi,1900,0,0,1900,1321,0,1321,0,1321,0,23,1298,10,601,50,16,617,69.5263
Borsod-Abaúj-Zemplén,Tiszaladány,465,0,0,465,390,0,390,0,390,0,5,385,1,157,22,1,201,83.871
Borsod-Abaúj-Zemplén,Tiszalúc,3638,0,0,3638,2384,0,2384,0,2384,0,27,2357,11,1107,172,21,1022,65.5305
Borsod-Abaúj-Zemplén,Tiszapalkonya,1106,0,0,1106,798,0,798,0,798,0,4,794,3,402,41,10,335,72.1519
Borsod-Abaúj-Zemplén,Tiszatardos,186,0,0,186,133,0,133,0,133,0,1,132,0,57,2,0,72,71.5054
Borsod-Abaúj-Zemplén,Tiszatarján,1006,0,0,1006,724,0,724,0,724,0,18,706,3,308,33,4,319,71.9682
Borsod-Abaúj-Zemplén,Tiszavalk,244,0,0,244,205,0,205,0,205,0,1,204,0,110,19,2,73,84.0164
Borsod-Abaúj-Zemplén,Tiszaújváros,11160,2379,560,14099,8933,2831,11764,2,11757,0,45,11712,87,7866,589,179,2968,83.4385
Borsod-Abaúj-Zemplén,Tokaj,2719,0,0,2719,2159,0,2159,0,2159,0,23,2136,12,1230,121,19,753,79.4042
Borsod-Abaúj-Zemplén,Tolcsva,1224,0,0,1224,932,0,932,1,932,0,18,914,5,463,54,6,363,76.1438
Borsod-Abaúj-Zemplén,Tomor,167,0,0,167,131,0,131,0,130,0,3,127,0,39,10,0,75,78.4431
Borsod-Abaúj-Zemplén,Tornabarakony,16,0,0,16,12,0,12,0,12,0,0,12,0,6,0,0,5,75.0
Borsod-Abaúj-Zemplén,Tornakápolna,17,0,0,17,17,0,17,0,17,0,0,17,0,6,2,0,9,100.0
Borsod-Abaúj-Zemplén,Tornanádaska,422,0,0,422,266,0,266,0,266,0,6,260,0,23,3,0,222,63.0332
Borsod-Abaúj-Zemplén,Tornaszentandrás,120,0,0,120,91,0,91,0,91,0,1,90,0,38,5,0,47,75.8333
Borsod-Abaúj-Zemplén,Tornaszentjakab,123,0,0,123,79,0,79,0,79,0,1,78,0,31,1,0,46,64.2276
Borsod-Abaúj-Zemplén,Tornyosnémeti,254,0,0,254,198,0,198,0,198,0,4,194,1,53,9,0,127,77.9528
Borsod-Abaúj-Zemplén,Trizs,144,0,0,144,118,0,118,0,118,0,1,117,2,46,14,1,54,81.9444
Borsod-Abaúj-Zemplén,Tállya,1280,0,0,1280,927,0,927,0,927,0,12,915,3,501,66,21,301,72.4219
Borsod-Abaúj-Zemplén,Uppony,226,0,0,226,163,0,163,0,163,0,1,162,1,93,11,2,55,72.1239
Borsod-Abaúj-Zemplén,Vadna,477,0,0,477,367,0,367,0,367,0,2,365,0,230,27,5,103,76.9392
Borsod-Abaúj-Zemplén,Vajdácska,925,0,0,925,616,0,616,0,616,0,4,612,1,273,29,1,293,66.5946
Borsod-Abaúj-Zemplén,Varbó,851,0,0,851,698,0,698,0,698,0,4,694,5,414,50,5,220,82.0212
Borsod-Abaúj-Zemplén,Varbóc,44,0,0,44,38,0,38,0,38,0,0,38,0,14,6,0,18,86.3636
Borsod-Abaúj-Zemplén,Vatta,677,0,0,677,551,0,551,0,551,0,4,547,4,268,22,8,245,81.3885
Borsod-Abaúj-Zemplén,Vilmány,899,0,0,899,482,0,482,0,476,0,10,466,1,127,6,1,325,53.6151
Borsod-Abaúj-Zemplén,Vilyvitány,190,0,0,190,135,0,135,0,135,0,1,134,0,57,12,0,65,71.0526
Borsod-Abaúj-Zemplén,Viss,384,0,0,384,206,0,206,0,206,0,6,200,1,76,6,2,82,53.6458
Borsod-Abaúj-Zemplén,Viszló,49,0,0,49,44,0,44,0,44,0,0,44,2,17,1,0,24,89.7959
Borsod-Abaúj-Zemplén,Vizsoly,579,0,0,579,433,0,433,0,433,0,2,431,1,128,34,3,257,74.7841
Borsod-Abaúj-Zemplén,Vágáshuta,74,0,0,74,55,0,55,0,55,0,0,55,1,21,2,0,29,74.3243
Borsod-Abaúj-Zemplén,Vámosújfalu,554,0,0,554,462,0,462,0,458,0,4,454,3,195,43,6,193,83.3935
Borsod-Abaúj-Zemplén,Zalkod,149,0,0,149,111,0,111,0,111,0,3,108,1,41,6,2,58,74.4966
Borsod-Abaúj-Zemplén,Zemplénagárd,446,0,0,446,270,0,270,0,269,0,4,265,1,83,11,1,147,60.5381
Borsod-Abaúj-Zemplén,Ziliz,283,0,0,283,205,0,205,0,205,0,2,203,0,96,20,3,84,72.4382
Borsod-Abaúj-Zemplén,Zsujta,194,0,0,194,157,0,157,0,157,0,2,155,1,34,6,3,111,80.9278
Borsod-Abaúj-Zemplén,Zubogy,373,0,0,373,305,0,305,0,305,0,0,305,0,171,23,6,105,81.7694
Borsod-Abaúj-Zemplén,Zádorfalva,315,0,0,315,198,0,198,0,202,0,19,183,0,54,0,0,121,62.8571
Borsod-Abaúj-Zemplén,Ároktő,756,0,0,756,510,0,510,0,510,0,9,501,1,188,32,4,271,67.4603
Borsod-Abaúj-Zemplén,Égerszög,42,0,0,42,39,0,39,0,39,0,0,39,0,11,5,0,23,92.8571
Borsod-Abaúj-Zemplén,Ónod,1685,0,0,1685,1105,0,1105,0,1104,0,11,1093,2,574,72,17,403,65.5786
Borsod-Abaúj-Zemplén,Ózd,23638,2185,370,26193,15111,2415,17526,7,17534,0,154,17380,82,8996,1179,219,6685,66.911
Borsod-Abaúj-Zemplén,Újcsanálos,576,0,0,576,415,0,415,0,415,0,0,415,1,188,28,1,196,72.0486
Budapest,Budapest I. kerület,18030,0,0,18030,15085,0,15085,0,15062,0,65,14997,303,9200,572,157,4747,83.6661
Budapest,Budapest II. kerület,58979,1979,3287,64245,50592,4976,55568,3,55511,0,260,55251,908,35747,1938,774,15810,86.4939
Budapest,Budapest III. kerület,91736,2141,1726,95603,77644,3682,81326,11,81284,0,333,80951,1164,52304,3882,1418,22080,85.0664
Budapest,Budapest IV. kerület,69648,0,0,69648,57604,0,57604,7,57599,0,232,57367,744,36707,2787,1372,15686,82.7073
Budapest,Budapest IX. kerület,35816,0,0,35816,27423,0,27423,1,27409,0,177,27232,432,17954,1143,357,7241,76.5663
Budapest,Budapest V. kerület,15076,2851,2827,20754,11896,5444,17340,3,17317,0,80,17237,265,10667,672,228,5370,83.5502
Budapest,Budapest VI. kerület,20652,3058,2213,25923,15555,5029,20584,7,20574,0,109,20465,321,13628,743,319,5418,79.4044
Budapest,Budapest VII. kerület,29599,0,0,29599,21556,0,21556,6,21528,0,160,21368,396,13614,895,325,6029,72.8268
Budapest,Budapest VIII. kerület,44394,3213,2288,49895,30737,5234,35971,10,35946,0,178,35768,618,22578,1478,509,10526,72.0934
Budapest,Budapest X. kerület,48677,2378,1497,52552,38050,3710,41760,3,41728,0,149,41579,478,25850,1971,820,12412,79.4641
Budapest,Budapest XI. kerület,95220,0,0,95220,81172,0,81172,11,81133,0,337,80796,1296,51902,3416,1299,22770,85.2468
Budapest,Budapest XII. kerület,39091,2074,2756,43921,33610,4642,38252,3,38225,0,181,38044,879,24212,1335,450,11111,87.0927
Budapest,Budapest XIII. kerület,84714,2239,1482,88435,68999,3571,72570,14,72543,0,286,72257,1014,50480,2729,1374,16536,82.0603
Budapest,Budapest XIV. kerület,82771,2821,2263,87855,68603,4852,73455,1122,73434,0,313,73121,1013,48832,3166,1275,18748,83.6094
Budapest,Budapest XIX. kerület,41434,1911,1273,44618,33887,3033,36920,2,36911,0,148,36763,515,23221,1878,636,10471,82.7469
Budapest,Budapest XV. kerület,56346,1804,1179,59329,45816,2853,48669,3,48645,0,188,48457,657,29605,2578,1136,14420,82.0324
Budapest,Budapest XVI. kerület,53143,1608,1450,56201,46072,2910,48982,9,48952,0,187,48765,612,30289,2360,697,14727,87.155
Budapest,Budapest XVII. kerület,65132,1564,1195,67891,55594,2633,58227,2,58203,0,191,58012,616,35580,3093,921,17736,85.7654
Budapest,Budapest XVIII. kerület,74397,0,0,74397,61777,0,61777,4,61758,0,225,61533,695,37608,3290,1134,18664,83.037
Budapest,Budapest XX. kerület,45824,0,0,45824,36042,0,36042,5,36039,0,196,35843,418,21581,1835,623,11280,78.6531
Budapest,Budapest XXI. kerület,52677,1785,1044,55506,42296,2719,45015,0,44984,0,198,44786,522,28062,2545,756,12827,81.0993
Budapest,Budapest XXII. kerület,41145,1931,1652,44728,35120,3423,38543,3,38540,0,172,38368,536,23777,1971,579,11444,86.172
Budapest,Budapest XXIII. kerület,17102,1749,1235,20086,13901,2846,16747,5,16740,0,101,16639,183,10505,843,198,4772,83.3765
Bács-Kiskun,Akasztó,2549,0,0,2549,2021,0,2021,0,2021,0,9,2012,10,886,157,16,935,79.286
Bács-Kiskun,Apostag,1649,0,0,1649,1274,0,1274,0,1275,0,13,1262,9,653,124,13,463,77.2589
Bács-Kiskun,Baja,26128,2114,646,28888,20737,2622,23359,3,23308,0,170,23138,134,13531,1365,242,7612,80.8606
Bács-Kiskun,Ballószög,3255,0,0,3255,2694,0,2694,0,2696,0,20,2676,17,1493,227,24,915,82.765
Bács-Kiskun,Balotaszállás,1102,0,0,1102,784,0,784,0,789,0,29,760,0,316,70,6,362,71.1434
Bács-Kiskun,Borota,954,0,0,954,690,0,690,0,689,0,3,686,2,337,64,11,272,72.327
Bács-Kiskun,Bugac,2087,0,0,2087,1584,0,1584,0,1584,0,1,1583,11,694,154,8,716,75.8984
Bács-Kiskun,Bugacpusztaháza,209,0,0,209,155,0,155,0,155,0,4,151,0,56,7,1,87,74.1627
Bács-Kiskun,Bácsalmás,4859,0,0,4859,3313,0,3313,0,3313,0,29,3284,20,1807,199,90,1117,68.1828
Bács-Kiskun,Bácsbokod,1956,0,0,1956,1383,0,1383,0,1383,0,7,1376,8,672,95,16,553,70.7055
Bács-Kiskun,Bácsborsód,864,0,0,864,571,0,571,0,571,0,9,562,6,258,34,6,256,66.088
Bács-Kiskun,Bácsszentgyörgy,114,0,0,114,84,0,84,0,84,0,0,84,0,28,10,2,43,73.6842
Bács-Kiskun,Bácsszőlős,243,0,0,243,170,0,170,0,170,0,1,169,1,77,13,0,77,69.9588
Bács-Kiskun,Bátmonostor,1206,0,0,1206,893,0,893,0,894,0,8,886,4,419,72,2,387,74.0464
Bács-Kiskun,Bátya,1540,0,0,1540,1162,0,1162,0,1162,0,5,1157,6,616,50,15,468,75.4545
Bács-Kiskun,Bócsa,1370,0,0,1370,1081,0,1081,0,1081,0,7,1074,10,526,91,11,435,78.9051
Bács-Kiskun,Csengőd,1619,0,0,1619,1224,0,1224,0,1224,0,6,1218,5,424,113,7,661,75.6022
Bács-Kiskun,Csikéria,556,0,0,556,372,0,372,0,372,0,1,371,1,168,36,5,158,66.9065
Bács-Kiskun,Császártöltés,1731,0,0,1731,1266,0,1266,0,1267,0,26,1241,3,590,71,13,431,73.1369
Bács-Kiskun,Csátalja,1017,0,0,1017,729,0,729,0,728,0,6,722,3,289,46,10,353,71.6814
Bács-Kiskun,Csávoly,1366,0,0,1366,960,0,960,0,959,0,14,945,1,442,76,10,395,70.2782
Bács-Kiskun,Csólyospálos,1220,0,0,1220,970,0,970,0,970,0,9,961,10,409,109,5,428,79.5082
Bács-Kiskun,Drágszél,214,0,0,214,147,0,147,0,147,0,0,147,1,51,11,3,81,68.6916
Bács-Kiskun,Dunaegyháza,1196,0,0,1196,848,0,848,0,848,0,0,848,3,518,44,6,274,70.903
Bács-Kiskun,Dunafalva,635,0,0,635,498,0,498,0,498,0,4,494,3,180,40,1,270,78.4252
Bács-Kiskun,Dunapataj,2506,0,0,2506,1867,0,1867,0,1867,0,16,1851,15,991,93,22,724,74.5012
Bács-Kiskun,Dunaszentbenedek,599,0,0,599,404,0,404,0,404,0,5,399,2,167,32,6,192,67.4457
Bács-Kiskun,Dunatetétlen,436,0,0,436,342,0,342,0,343,0,7,336,1,133,28,0,174,78.4404
Bács-Kiskun,Dunavecse,3046,0,0,3046,2171,0,2171,0,2171,0,20,2151,16,1031,109,36,946,71.2738
Bács-Kiskun,Dusnok,2234,0,0,2234,1804,0,1804,1,1801,0,13,1788,4,734,188,9,831,80.752
Bács-Kiskun,Dávod,1462,0,0,1462,1007,0,1007,0,1008,0,10,998,4,409,83,8,492,68.8782
Bács-Kiskun,Fajsz,1233,0,0,1233,887,0,887,0,887,0,10,877,3,403,63,10,384,71.9384
Bács-Kiskun,Felsőlajos,777,0,0,777,599,0,599,0,599,0,5,594,4,257,54,5,274,77.0914
Bács-Kiskun,Felsőszentiván,1430,0,0,1430,1065,0,1065,0,1065,0,8,1057,3,537,65,11,429,74.4755
Bács-Kiskun,Foktő,1109,0,0,1109,866,0,866,1,865,0,6,859,6,491,60,13,288,78.0884
Bács-Kiskun,Fülöpháza,671,0,0,671,548,0,548,1,548,0,1,547,7,276,42,2,220,81.6692
Bács-Kiskun,Fülöpjakab,888,0,0,888,699,0,699,0,699,0,2,697,4,324,51,6,312,78.7162
Bács-Kiskun,Fülöpszállás,1764,0,0,1764,1239,0,1239,0,1239,0,9,1230,6,539,84,12,589,70.2381
Bács-Kiskun,Gara,1451,0,0,1451,1053,0,1053,0,1053,0,14,1039,7,482,66,11,444,72.5706
Bács-Kiskun,Gátér,715,0,0,715,564,0,564,0,563,0,4,559,5,283,39,2,230,78.8811
Bács-Kiskun,Géderlak,739,0,0,739,552,0,552,0,552,0,8,544,2,291,28,5,218,74.6955
Bács-Kiskun,Hajós,2222,0,0,2222,1747,0,1747,0,1749,0,16,1733,8,898,113,5,626,78.6229
Bács-Kiskun,Harkakötöny,609,0,0,609,510,0,510,0,510,0,1,509,5,204,57,7,236,83.7438
Bács-Kiskun,Harta,2602,0,0,2602,2116,0,2116,0,2120,0,35,2085,4,1159,87,40,657,81.3221
Bács-Kiskun,Helvécia,4033,0,0,4033,3204,0,3204,0,3205,0,18,3187,44,1653,248,21,1221,79.4446
Bács-Kiskun,Hercegszántó,1449,0,0,1449,997,0,997,0,997,0,4,993,7,443,72,1,440,68.8061
Bács-Kiskun,Homokmégy,1016,0,0,1016,773,0,773,0,773,0,5,768,6,408,45,19,290,76.0827
Bács-Kiskun,Imrehegy,471,0,0,471,347,0,347,0,347,0,6,341,0,119,38,2,181,73.673
Bács-Kiskun,Izsák,4443,0,0,4443,3316,0,3316,0,3316,0,18,3298,31,1445,232,17,1564,74.6343
Bács-Kiskun,Jakabszállás,2129,0,0,2129,1720,0,1720,0,1719,0,16,1703,21,771,138,10,763,80.7891
Bács-Kiskun,Jánoshalma,6424,0,0,6424,4525,0,4525,0,4523,0,25,4498,14,2382,368,41,1678,70.439
Bács-Kiskun,Jászszentlászló,1940,0,0,1940,1520,0,1520,0,1520,0,7,1513,10,731,121,15,636,78.3505
Bács-Kiskun,Kalocsa,11489,1949,525,13963,9196,2365,11561,0,11558,0,87,11471,69,7460,541,244,3123,82.7974
Bács-Kiskun,Kaskantyú,737,0,0,737,566,0,566,0,555,0,5,550,3,211,33,4,298,76.7978
Bács-Kiskun,Katymár,1263,0,0,1263,804,0,804,0,804,0,9,795,3,339,40,10,396,63.658
Bács-Kiskun,Kecel,6200,0,0,6200,4729,0,4729,0,4733,0,87,4646,25,2099,376,21,2033,76.2742
Bács-Kiskun,Kecskemét,80984,3493,1452,85929,65235,4735,69970,5,69930,0,259,69671,730,41551,4167,681,22477,81.4277
Bács-Kiskun,Kelebia,1889,0,0,1889,1309,0,1309,0,1309,0,10,1299,5,565,156,9,563,69.2959
Bács-Kiskun,Kerekegyháza,4941,0,0,4941,3903,0,3903,0,3903,0,18,3885,29,1818,320,22,1694,78.9921
Bács-Kiskun,Kiskunfélegyháza,22312,1651,539,24502,17352,2102,19454,1,19441,0,78,19363,150,11120,1086,175,6818,79.3976
Bács-Kiskun,Kiskunhalas,20122,2060,624,22806,15177,2518,17695,4,17715,0,187,17528,91,9620,1460,205,6129,77.5892
Bács-Kiskun,Kiskunmajsa,8334,0,0,8334,6102,0,6102,3,6103,0,55,6048,33,2854,410,54,2659,73.2181
Bács-Kiskun,Kiskőrös,10520,0,0,10520,8535,0,8535,1,8533,0,46,8487,44,3555,618,82,4106,81.1312
Bács-Kiskun,Kisszállás,1806,0,0,1806,1312,0,1312,0,1312,0,6,1306,9,547,147,20,583,72.6467
Bács-Kiskun,Kunadacs,1096,0,0,1096,837,0,837,0,837,0,7,830,1,316,61,9,443,76.3686
Bács-Kiskun,Kunbaja,1115,0,0,1115,720,0,720,0,720,0,6,714,1,347,37,8,303,64.574
Bács-Kiskun,Kunbaracs,527,0,0,527,404,0,404,0,404,0,3,401,3,165,33,2,198,76.6603
Bács-Kiskun,Kunfehértó,1755,0,0,1755,1401,0,1401,0,1400,0,7,1393,11,765,135,20,462,79.8291
Bács-Kiskun,Kunpeszér,618,0,0,618,497,0,497,0,497,0,0,497,1,225,40,5,225,80.4207
Bács-Kiskun,Kunszentmiklós,6232,0,0,6232,4837,0,4837,0,4841,0,45,4796,21,1864,319,43,2542,77.6155
Bács-Kiskun,Kunszállás,1369,0,0,1369,1119,0,1119,0,1119,0,4,1115,5,596,86,4,424,81.7385
Bács-Kiskun,Kéleshalom,326,0,0,326,213,0,213,0,213,0,0,213,4,97,21,2,87,65.3374
Bács-Kiskun,Kömpöc,537,0,0,537,423,0,423,0,423,0,2,421,0,157,39,5,220,78.7709
Bács-Kiskun,Ladánybene,1352,0,0,1352,1001,0,1001,0,1001,0,9,992,9,427,81,6,469,74.0385
Bács-Kiskun,Lajosmizse,8835,0,0,8835,6594,0,6594,0,6592,0,47,6545,74,2927,537,30,2957,74.635
Bács-Kiskun,Lakitelek,3844,0,0,3844,3019,0,3019,0,3020,0,17,3003,25,1447,209,31,1290,78.538
Bács-Kiskun,Madaras,2155,0,0,2155,1406,0,1406,0,1406,0,13,1393,8,706,85,13,581,65.2436
Bács-Kiskun,Miske,1201,0,0,1201,863,0,863,0,863,0,8,855,4,373,42,12,408,71.8568
Bács-Kiskun,Mátételke,394,0,0,394,247,0,247,0,247,0,5,242,3,86,20,1,132,62.6904
Bács-Kiskun,Mélykút,3711,0,0,3711,2585,0,2585,1,2584,0,34,2550,17,1303,218,16,992,69.6578
Bács-Kiskun,Móricgát,323,0,0,323,264,0,264,0,264,0,2,262,3,111,28,2,118,81.7337
Bács-Kiskun,Nagybaracska,1676,0,0,1676,1174,0,1174,0,1168,0,7,1161,2,488,80,8,572,70.0477
Bács-Kiskun,Nemesnádudvar,1351,0,0,1351,1001,0,1001,0,1004,0,21,983,3,423,50,2,344,74.0933
Bács-Kiskun,Nyárlőrinc,1814,0,0,1814,1462,0,1462,0,1462,0,7,1455,13,672,115,12,643,80.5954
Bács-Kiskun,Ordas,326,0,0,326,263,0,263,0,263,0,0,263,2,119,15,10,117,80.6748
Bács-Kiskun,Orgovány,2539,0,0,2539,1889,0,1889,0,1889,0,6,1883,7,817,124,10,925,74.3994
Bács-Kiskun,Petőfiszállás,1120,0,0,1120,851,0,851,0,851,0,6,845,9,375,100,3,358,75.9821
Bács-Kiskun,Pirtó,716,0,0,716,570,0,570,0,560,0,2,558,5,256,43,11,243,79.6089
Bács-Kiskun,Páhi,913,0,0,913,703,0,703,0,703,0,6,697,2,256,42,3,394,76.9989
Bács-Kiskun,Pálmonostora,1315,0,0,1315,944,0,944,0,944,0,10,934,10,415,62,4,443,71.7871
Bács-Kiskun,Rém,929,0,0,929,606,0,606,0,605,0,1,604,5,296,41,1,260,65.2314
Bács-Kiskun,Solt,4844,0,0,4844,3692,0,3692,0,3692,0,44,3648,18,1821,235,44,1510,76.218
Bács-Kiskun,Soltszentimre,1030,0,0,1030,759,0,759,0,759,0,10,749,6,282,61,6,394,73.6893
Bács-Kiskun,Soltvadkert,5495,0,0,5495,4325,0,4325,0,4326,0,37,4289,22,1912,315,32,1982,78.7079
Bács-Kiskun,Szabadszállás,4649,0,0,4649,3259,0,3259,0,3259,0,13,3246,20,1453,231,24,1516,70.1011
Bács-Kiskun,Szakmár,867,0,0,867,662,0,662,0,662,0,7,655,7,375,40,8,222,76.3552
Bács-Kiskun,Szalkszentmárton,2319,0,0,2319,1735,0,1735,0,1736,0,11,1725,16,755,126,15,813,74.8167
Bács-Kiskun,Szank,1763,0,0,1763,1306,0,1306,0,1306,0,5,1301,7,542,95,15,642,74.0783
Bács-Kiskun,Szentkirály,1492,0,0,1492,1259,0,1259,0,1259,0,8,1251,10,486,120,6,629,84.3834
Bács-Kiskun,Szeremle,1051,0,0,1051,793,0,793,0,793,0,1,792,2,348,50,6,371,75.452
Bács-Kiskun,Sükösd,2797,0,0,2797,2036,0,2036,1,2036,0,19,2017,9,907,180,16,874,72.7923
Bács-Kiskun,Tabdi,844,0,0,844,680,0,680,0,680,0,5,675,5,286,46,5,333,80.5687
Bács-Kiskun,Tass,2196,0,0,2196,1632,0,1632,0,1631,0,9,1622,7,588,111,7,908,74.3169
Bács-Kiskun,Tataháza,881,0,0,881,608,0,608,0,607,0,3,604,4,290,41,7,261,69.0125
Bács-Kiskun,Tiszaalpár,3754,0,0,3754,2724,0,2724,0,2725,0,21,2704,13,1263,153,22,1218,72.5626
Bács-Kiskun,Tiszakécske,8839,0,0,8839,6843,0,6843,0,6842,0,24,6818,56,3210,412,47,3093,77.4183
Bács-Kiskun,Tiszaug,611,0,0,611,470,0,470,0,470,0,7,463,5,211,26,2,219,76.9231
Bács-Kiskun,Tompa,3397,0,0,3397,2194,0,2194,0,2194,0,8,2186,10,965,205,20,985,64.5864
Bács-Kiskun,Tázlár,1289,0,0,1289,985,0,985,0,985,0,10,975,8,364,97,5,500,76.4158
Bács-Kiskun,Uszód,696,0,0,696,531,0,531,0,530,0,6,524,0,249,28,10,237,76.2931
Bács-Kiskun,Vaskút,2574,0,0,2574,1970,0,1970,0,1986,0,82,1904,8,879,93,14,778,76.5346
Bács-Kiskun,Városföld,1646,0,0,1646,1330,0,1330,0,1330,0,0,1330,15,584,98,15,618,80.8019
Bács-Kiskun,Zsana,532,0,0,532,426,0,426,0,426,0,1,425,1,170,72,9,173,80.0752
Bács-Kiskun,Ágasegyháza,1474,0,0,1474,1124,0,1124,1,1124,0,4,1120,4,458,124,6,528,76.2551
Bács-Kiskun,Érsekcsanád,2197,0,0,2197,1599,0,1599,0,1599,0,10,1589,9,712,155,9,695,72.7811
Bács-Kiskun,Érsekhalma,442,0,0,442,331,0,331,0,331,0,4,327,4,184,24,6,109,74.8869
Bács-Kiskun,Öregcsertő,566,0,0,566,416,0,416,0,416,0,2,414,3,210,31,9,153,73.4982
Bács-Kiskun,Újsolt,136,0,0,136,110,0,110,0,109,0,0,109,2,53,12,8,34,80.8824
Bács-Kiskun,Újtelek,269,0,0,269,225,0,225,0,225,0,1,224,0,90,13,0,121,83.6431
Békés,Almáskamarás,607,0,0,607,420,0,420,0,420,0,13,407,1,184,16,2,177,69.1928
Békés,Battonya,3984,0,0,3984,2634,0,2634,0,2634,0,18,2616,14,1342,130,22,1078,66.1145
Békés,Biharugra,666,0,0,666,531,0,531,0,531,0,1,530,2,188,21,2,311,79.7297
Békés,Bucsa,1642,0,0,1642,1194,0,1194,0,1194,0,3,1191,6,495,50,4,635,72.7162
Békés,Békés,14223,2269,622,17114,10797,2776,13573,0,13559,0,124,13435,87,7142,1062,95,4952,79.3093
Békés,Békéscsaba,43404,2709,729,46842,35609,3312,38921,4,38897,0,166,38731,285,23519,2615,498,11693,83.09
Békés,Békésszentandrás,2769,0,0,2769,2240,0,2240,0,2244,0,26,2218,16,1250,154,16,778,80.8956
Békés,Békéssámson,1757,0,0,1757,1261,0,1261,0,1261,0,6,1255,7,549,116,10,563,71.7701
Békés,Bélmegyer,688,0,0,688,568,0,568,1,567,0,4,563,3,249,54,6,251,82.5581
Békés,Csabacsűd,1342,0,0,1342,1077,0,1077,0,1077,0,5,1072,10,530,81,8,439,80.2534
Békés,Csabaszabadi,228,0,0,228,199,0,199,0,199,0,0,199,1,80,24,3,90,87.2807
Békés,Csanádapáca,1890,0,0,1890,1335,0,1335,0,1333,0,2,1331,6,761,95,12,456,70.6349
Békés,Csorvás,3669,0,0,3669,2708,0,2708,0,2706,0,9,2697,11,1472,220,29,956,73.8076
Békés,Csárdaszállás,328,0,0,328,257,0,257,0,257,0,2,255,2,130,19,7,97,78.3537
Békés,Doboz,3211,0,0,3211,2406,0,2406,0,2406,0,29,2377,12,1183,116,20,978,74.9299
Békés,Dombegyház,1395,0,0,1395,984,0,984,0,984,0,9,975,6,414,73,5,477,70.5376
Békés,Dombiratos,382,0,0,382,293,0,293,0,293,0,4,289,0,134,11,0,144,76.7016
Békés,Dévaványa,5307,0,0,5307,3910,0,3910,1,3908,0,20,3888,18,1772,269,26,1800,73.6763
Békés,Ecsegfalva,856,0,0,856,592,0,592,0,592,0,3,589,3,260,36,10,280,69.1589
Békés,Elek,3429,0,0,3429,2467,0,2467,0,2467,0,23,2444,13,1091,139,17,1097,71.9452
Békés,Füzesgyarmat,4130,0,0,4130,3163,0,3163,0,3163,0,14,3149,24,1812,176,25,1101,76.586
Békés,Gerendás,890,0,0,890,679,0,679,0,679,0,6,673,3,358,37,8,236,76.2921
Békés,Geszt,532,0,0,532,368,0,368,0,368,0,1,367,2,87,12,0,262,69.1729
Békés,Gyomaendrőd,10062,0,0,10062,7431,0,7431,1,7426,0,34,7392,53,3982,531,66,2696,73.8521
Békés,Gyula,22388,2492,565,25445,18055,2904,20959,3,20941,0,87,20854,150,12398,1230,197,6697,82.3698
Békés,Gádoros,2730,0,0,2730,1928,0,1928,0,1927,0,17,1910,15,937,135,25,784,70.6227
Békés,Hunya,471,0,0,471,353,0,353,0,353,0,3,350,1,160,23,7,159,74.9469
Békés,Kamut,764,0,0,764,623,0,623,0,623,0,3,620,6,284,49,17,264,81.5445
Békés,Kardos,422,0,0,422,318,0,318,0,318,0,5,313,2,136,24,2,145,75.3555
Békés,Kardoskút,614,0,0,614,473,0,473,0,473,0,2,471,4,262,37,11,157,77.0358
Békés,Kaszaper,1354,0,0,1354,1032,0,1032,0,1031,0,4,1027,7,562,68,5,384,76.2186
Békés,Kertészsziget,268,0,0,268,192,0,192,0,192,0,1,191,2,89,8,2,90,71.6418
Békés,Kevermes,1219,0,0,1219,847,0,847,0,839,0,10,829,6,340,56,3,416,69.4832
Békés,Kisdombegyház,318,0,0,318,213,0,213,0,213,0,3,210,2,83,9,2,113,66.9811
Békés,Kondoros,3696,0,0,3696,2828,0,2828,0,2827,0,14,2813,14,1507,184,31,1067,76.5152
Békés,Kunágota,1851,0,0,1851,1214,0,1214,0,1214,0,3,1211,4,502,90,12,597,65.5862
Békés,Kétegyháza,2715,0,0,2715,1981,0,1981,0,1980,0,21,1959,13,1026,137,16,678,72.965
Békés,Kétsoprony,986,0,0,986,812,0,812,0,806,0,24,782,4,344,66,2,360,82.3529
Békés,Körösladány,3172,0,0,3172,2397,0,2397,0,2398,0,18,2380,6,1107,166,20,1073,75.5675
Békés,Körösnagyharsány,410,0,0,410,270,0,270,0,270,0,4,266,0,92,18,1,149,65.8537
Békés,Köröstarcsa,1841,0,0,1841,1357,0,1357,0,1357,0,4,1353,14,628,99,17,593,73.7099
Békés,Körösújfalu,313,0,0,313,190,0,190,0,191,0,7,184,2,60,11,0,108,60.7029
Békés,Kötegyán,1049,0,0,1049,751,0,751,0,751,0,17,734,1,253,33,7,419,71.592
Békés,Lőkösháza,1241,0,0,1241,918,0,918,0,918,0,11,907,3,417,56,11,385,73.9726
Békés,Magyarbánhegyes,1466,0,0,1466,1012,0,1012,0,1011,0,11,1000,3,441,57,9,479,69.0314
Békés,Magyardombegyház,160,0,0,160,101,0,101,0,101,0,1,100,0,35,6,5,54,63.125
Békés,Medgyesbodzás,689,0,0,689,491,0,491,0,501,0,47,454,2,228,43,0,176,71.2627
Békés,Medgyesegyháza,2613,0,0,2613,1904,0,1904,0,1907,0,22,1885,9,1001,178,13,679,72.8664
Békés,Mezőberény,7462,0,0,7462,5463,0,5463,1,5448,0,54,5394,52,2859,386,82,1934,73.2109
Békés,Mezőgyán,701,0,0,701,519,0,519,0,519,0,3,516,3,229,9,6,261,74.0371
Békés,Mezőhegyes,3608,0,0,3608,2613,0,2613,0,2613,0,20,2593,8,1590,124,27,843,72.4224
Békés,Mezőkovácsháza,4214,0,0,4214,3149,0,3149,0,3150,0,24,3126,13,1690,193,25,1187,74.7271
Békés,Murony,905,0,0,905,734,0,734,0,728,0,2,726,3,414,31,6,271,81.105
Békés,Méhkerék,1596,0,0,1596,1270,0,1270,0,1270,0,11,1259,8,599,20,8,587,79.5739
Békés,Nagybánhegyes,912,0,0,912,670,0,670,0,670,0,5,665,1,327,36,3,277,73.4649
Békés,Nagykamarás,897,0,0,897,634,0,634,0,634,0,9,625,2,301,51,8,255,70.68
Békés,Nagyszénás,3575,0,0,3575,2703,0,2703,0,2701,0,20,2681,13,1457,169,28,1012,75.6084
Békés,Okány,1658,0,0,1658,1173,0,1173,0,1173,0,14,1159,4,507,70,7,560,70.7479
Békés,Orosháza,20730,2604,674,24008,15889,3129,19018,3,19013,0,82,18931,121,11885,1024,215,5644,79.2153
Békés,Pusztaföldvár,1186,0,0,1186,845,0,845,1,848,0,5,843,6,415,64,5,344,71.2479
Békés,Pusztaottlaka,254,0,0,254,188,0,188,0,188,0,2,186,2,74,18,1,88,74.0157
Békés,Sarkad,7257,0,0,7257,5021,0,5021,0,5024,0,56,4968,23,2238,264,38,2348,69.1884
Békés,Sarkadkeresztúr,1130,0,0,1130,866,0,866,0,866,0,7,859,5,400,49,5,381,76.6372
Békés,Szabadkígyós,1907,0,0,1907,1499,0,1499,0,1498,0,4,1494,16,795,95,17,569,78.6051
Békés,Szarvas,11427,0,0,11427,9017,0,9017,0,9019,0,66,8953,48,4822,578,67,3329,78.9096
Békés,Szeghalom,6351,0,0,6351,4903,0,4903,1,4906,0,54,4852,34,2735,305,44,1715,77.2004
Békés,Tarhos,601,0,0,601,449,0,449,0,449,0,2,447,2,205,32,0,208,74.7088
Békés,Telekgerendás,1184,0,0,1184,957,0,957,0,955,0,6,949,11,472,76,7,372,80.8277
Békés,Tótkomlós,4290,0,0,4290,3163,0,3163,0,3164,0,25,3139,21,1710,158,33,1158,73.7296
Békés,Végegyháza,934,0,0,934,624,0,624,0,621,0,10,611,2,300,27,6,260,66.8094
Békés,Vésztő,4897,0,0,4897,3452,0,3452,0,3450,0,38,3412,18,1464,174,16,1674,70.4921
Békés,Zsadány,1120,0,0,1120,830,0,830,0,830,0,6,824,4,335,37,10,411,74.1071
Békés,Örménykút,240,0,0,240,187,0,187,0,187,0,5,182,2,71,9,3,96,77.9167
Békés,Újkígyós,3901,0,0,3901,3020,0,3020,0,3021,0,27,2994,21,1515,200,35,1203,77.416
Békés,Újszalonta,75,0,0,75,50,0,50,0,50,0,0,50,0,17,6,1,26,66.6667
Csongrád-Csanád,Algyő,4219,0,0,4219,3479,0,3479,0,3478,0,11,3467,22,2218,260,22,944,82.4603
Csongrád-Csanád,Ambrózfalva,353,0,0,353,274,0,274,0,274,0,1,273,2,139,10,2,116,77.6204
Csongrád-Csanád,Apátfalva,2314,0,0,2314,1634,0,1634,0,1634,0,12,1622,13,826,109,10,652,70.6137
Csongrád-Csanád,Baks,1475,0,0,1475,1008,0,1008,0,1008,0,21,987,6,496,57,11,400,68.339
Csongrád-Csanád,Balástya,2589,0,0,2589,1939,0,1939,0,1939,0,5,1934,21,973,179,21,740,74.8938
Csongrád-Csanád,Bordány,2602,0,0,2602,2002,0,2002,0,2000,0,14,1986,20,1026,207,15,718,76.9408
Csongrád-Csanád,Csanytelek,2056,0,0,2056,1457,0,1457,0,1457,0,15,1442,8,700,66,20,645,70.8658
Csongrád-Csanád,Csanádalberti,332,0,0,332,240,0,240,0,240,0,3,237,8,100,15,1,113,72.2892
Csongrád-Csanád,Csanádpalota,2100,0,0,2100,1474,0,1474,1,1472,0,15,1457,10,741,93,14,586,70.1905
Csongrád-Csanád,Csengele,1422,0,0,1422,1112,0,1112,0,1112,0,8,1104,4,508,90,3,498,78.1997
Csongrád-Csanád,Csongrád,12256,0,0,12256,9790,0,9790,1,9789,0,43,9746,65,4958,844,97,3778,79.8792
Csongrád-Csanád,Derekegyház,1061,0,0,1061,852,0,852,0,852,0,6,846,5,474,71,17,279,80.3016
Csongrád-Csanád,Deszk,3106,0,0,3106,2588,0,2588,0,2586,0,8,2578,22,1687,155,25,688,83.3226
Csongrád-Csanád,Domaszék,3863,0,0,3863,3023,0,3023,1,3013,0,11,3002,24,1509,282,27,1160,78.2552
Csongrád-Csanád,Dóc,558,0,0,558,418,0,418,0,418,0,2,416,6,189,35,0,183,74.9104
Csongrád-Csanád,Eperjes,342,0,0,342,253,0,253,0,252,0,2,250,0,109,11,3,127,73.9766
Csongrád-Csanád,Felgyő,867,0,0,867,690,0,690,0,690,0,3,687,4,320,54,9,300,79.5848
Csongrád-Csanád,Ferencszállás,511,0,0,511,409,0,409,0,409,0,2,407,5,262,26,5,109,80.0391
Csongrád-Csanád,Forráskút,1601,0,0,1601,1294,0,1294,0,1294,0,4,1290,11,634,100,4,541,80.8245
Csongrád-Csanád,Fábiánsebestyén,1509,0,0,1509,1231,0,1231,0,1231,0,4,1227,6,696,72,19,434,81.5772
Csongrád-Csanád,Földeák,2414,0,0,2414,1873,0,1873,0,1873,0,11,1862,18,1051,109,18,666,77.5891
Csongrád-Csanád,Hódmezővásárhely,32659,1933,652,35244,26668,2450,29118,4,29114,0,130,28984,184,18238,1689,195,8642,82.6183
Csongrád-Csanád,Királyhegyes,458,0,0,458,366,0,366,0,366,0,1,365,3,156,26,5,173,79.9127
Csongrád-Csanád,Kistelek,5686,0,0,5686,4412,0,4412,1,4412,0,10,4402,19,2487,285,43,1566,77.5941
Csongrád-Csanád,Kiszombor,3018,0,0,3018,2295,0,2295,0,2294,0,6,2288,12,1267,163,20,825,76.0437
Csongrád-Csanád,Klárafalva,401,0,0,401,298,0,298,0,298,0,3,295,3,147,21,7,117,74.3142
Csongrád-Csanád,Kövegy,262,0,0,262,203,0,203,0,203,0,1,202,1,75,17,3,106,77.4809
Csongrád-Csanád,Kübekháza,1144,0,0,1144,855,0,855,0,853,0,9,844,7,473,69,15,274,74.7378
Csongrád-Csanád,Magyarcsanád,985,0,0,985,698,0,698,0,698,0,6,692,11,247,52,1,375,70.8629
Csongrád-Csanád,Makó,17440,0,0,17440,13810,0,13810,0,13836,0,231,13605,87,7793,957,148,4497,79.1858
Csongrád-Csanád,Maroslele,1651,0,0,1651,1300,0,1300,0,1300,0,4,1296,10,633,90,21,542,78.7402
Csongrád-Csanád,Mindszent,5119,0,0,5119,3851,0,3851,1,3850,0,16,3834,23,1863,365,46,1535,75.2295
Csongrád-Csanád,Mártély,1016,0,0,1016,864,0,864,0,864,0,1,863,6,453,75,4,325,85.0394
Csongrád-Csanád,Mórahalom,5195,0,0,5195,4174,0,4174,0,4175,0,34,4141,33,2018,511,37,1540,80.3465
Csongrád-Csanád,Nagylak,318,0,0,318,234,0,234,0,234,0,0,234,1,89,17,3,115,73.5849
Csongrád-Csanád,Nagymágocs,2103,0,0,2103,1571,0,1571,0,1566,0,11,1555,18,825,129,25,558,74.7028
Csongrád-Csanád,Nagytőke,305,0,0,305,234,0,234,0,234,0,0,234,5,77,40,1,111,76.7213
Csongrád-Csanád,Nagyér,355,0,0,355,224,0,224,0,224,0,0,224,1,103,29,2,89,63.0986
Csongrád-Csanád,Pitvaros,996,0,0,996,767,0,767,0,767,0,6,761,4,386,53,11,303,77.008
Csongrád-Csanád,Pusztamérges,805,0,0,805,587,0,587,0,587,0,7,580,1,237,61,7,274,72.9193
Csongrád-Csanád,Pusztaszer,1108,0,0,1108,840,0,840,0,840,0,2,838,13,413,49,3,360,75.8123
Csongrád-Csanád,Ruzsa,1890,0,0,1890,1421,0,1421,0,1420,0,15,1405,12,569,182,10,632,75.1852
Csongrád-Csanád,Röszke,2831,0,0,2831,2160,0,2160,0,2158,0,9,2149,18,1026,208,24,871,76.2981
Csongrád-Csanád,Szatymaz,4072,0,0,4072,3143,0,3143,0,3140,0,8,3132,34,1706,291,40,1060,77.1857
Csongrád-Csanád,Szeged,117448,4769,2759,124976,93483,7209,100692,9,100647,0,316,100331,1114,66594,5268,1330,25979,80.5691
Csongrád-Csanád,Szegvár,3309,0,0,3309,2698,0,2698,0,2699,0,13,2686,16,1293,206,61,1107,81.5352
Csongrád-Csanád,Szentes,19517,2073,664,22254,15668,2622,18290,2,18283,0,70,18213,181,10990,1063,278,5693,82.1875
Csongrád-Csanád,Székkutas,1610,0,0,1610,1329,0,1329,0,1328,0,6,1322,9,714,112,9,477,82.5466
Csongrád-Csanád,Sándorfalva,6569,0,0,6569,5199,0,5199,0,5196,0,17,5179,37,3131,374,103,1534,79.1445
Csongrád-Csanád,Tiszasziget,1465,0,0,1465,1176,0,1176,0,1176,0,7,1169,12,628,97,12,419,80.273
Csongrád-Csanád,Tömörkény,1289,0,0,1289,944,0,944,0,943,0,16,927,8,397,68,15,439,73.2351
Csongrád-Csanád,Zsombó,2784,0,0,2784,2316,0,2316,0,2316,0,7,2309,22,1311,204,18,754,83.1897
Csongrád-Csanád,Zákányszék,2126,0,0,2126,1666,0,1666,0,1666,0,5,1661,21,637,197,8,798,78.3631
Csongrád-Csanád,Árpádhalom,337,0,0,337,269,0,269,0,269,0,1,268,2,137,11,8,110,79.822
Csongrád-Csanád,Ásotthalom,3078,0,0,3078,2224,0,2224,0,2226,0,21,2205,7,817,628,13,740,72.2547
Csongrád-Csanád,Óföldeák,380,0,0,380,280,0,280,0,280,0,0,280,3,122,17,11,127,73.6842
Csongrád-Csanád,Ópusztaszer,1475,0,0,1475,1080,0,1080,0,1080,0,6,1074,3,558,102,13,398,73.2203
Csongrád-Csanád,Öttömös,523,0,0,523,399,0,399,0,399,0,0,399,4,195,38,3,159,76.2906
Csongrád-Csanád,Újszentiván,1574,0,0,1574,1291,0,1291,0,1289,0,8,1281,10,780,85,10,396,82.0203
Csongrád-Csanád,Üllés,2499,0,0,2499,1900,0,1900,0,1900,0,6,1894,14,982,157,14,727,76.0304
Fejér,Aba,3529,0,0,3529,2688,0,2688,0,2690,0,25,2665,16,1195,163,20,1270,76.1689
Fejér,Adony,3303,0,0,3303,2596,0,2596,1,2596,0,13,2583,20,1418,182,32,915,78.5952
Fejér,Alap,1377,0,0,1377,1023,0,1023,0,1023,0,6,1017,4,384,51,12,564,74.2919
Fejér,Alcsútdoboz,1127,0,0,1127,936,0,936,0,937,0,10,927,2,344,43,6,531,83.0524
Fejér,Alsószentiván,451,0,0,451,346,0,346,0,346,0,2,344,5,146,29,4,160,76.7184
Fejér,Bakonycsernye,2387,0,0,2387,1924,0,1924,0,1925,0,13,1912,14,906,142,17,810,80.6033
Fejér,Bakonykúti,120,0,0,120,98,0,98,0,98,0,0,98,0,64,8,1,25,81.6667
Fejér,Balinka,706,0,0,706,547,0,547,0,547,0,1,546,4,230,55,4,235,77.4788
Fejér,Baracs,2838,0,0,2838,2207,0,2207,0,2208,0,16,2192,16,1281,124,51,719,77.766
Fejér,Baracska,2236,0,0,2236,1801,0,1801,0,1801,0,8,1793,24,945,101,13,709,80.5456
Fejér,Beloiannisz,857,0,0,857,672,0,672,0,672,0,6,666,5,344,34,3,264,78.4131
Fejér,Besnyő,1471,0,0,1471,1159,0,1159,0,1158,0,4,1154,10,609,70,13,451,78.7899
Fejér,Bicske,8777,1837,807,11421,7027,2527,9554,1,9555,0,43,9512,124,5386,453,106,3395,83.6529
Fejér,Bodajk,3066,0,0,3066,2555,0,2555,0,2555,0,9,2546,22,1331,225,26,932,83.3333
Fejér,Bodmér,203,0,0,203,170,0,170,0,170,0,0,170,1,98,7,4,60,83.7438
Fejér,Cece,1981,0,0,1981,1453,0,1453,0,1453,0,9,1444,6,492,84,5,853,73.3468
Fejér,Csabdi,1020,0,0,1020,870,0,870,0,870,0,6,864,11,392,67,5,389,85.2941
Fejér,Csákberény,907,0,0,907,790,0,790,0,790,0,5,785,6,314,77,6,381,87.1003
Fejér,Csákvár,4158,0,0,4158,3355,0,3355,1,3355,0,11,3344,39,1577,234,19,1471,80.6878
Fejér,Csókakő,1252,0,0,1252,1042,0,1042,0,1041,0,7,1034,15,479,91,5,440,83.2268
Fejér,Csór,1510,0,0,1510,1255,0,1255,0,1256,0,5,1251,14,608,95,18,513,83.1126
Fejér,Csősz,790,0,0,790,614,0,614,0,614,0,3,611,4,279,54,3,271,77.7215
Fejér,Daruszentmiklós,961,0,0,961,677,0,677,0,677,0,2,675,5,288,48,10,323,70.4475
Fejér,Dunaújváros,32453,1768,593,34814,25514,2262,27776,1,27758,0,98,27660,255,17406,1449,496,8004,79.784
Fejér,Dég,1592,0,0,1592,1133,0,1133,0,1133,0,8,1125,8,438,86,9,584,71.1683
Fejér,Előszállás,1771,0,0,1771,1314,0,1314,0,1314,0,8,1306,9,563,106,17,602,74.1954
Fejér,Enying,5084,0,0,5084,3712,0,3712,0,3713,0,33,3680,31,1629,368,29,1610,73.0134
Fejér,Ercsi,6274,0,0,6274,4739,0,4739,0,4732,0,37,4695,33,2328,301,58,1935,75.5339
Fejér,Etyek,3520,0,0,3520,2987,0,2987,0,2985,0,11,2974,31,1695,159,26,1007,84.858
Fejér,Fehérvárcsurgó,1709,0,0,1709,1440,0,1440,0,1440,0,2,1438,13,697,113,24,586,84.2598
Fejér,Felcsút,1455,0,0,1455,1247,0,1247,0,1247,0,11,1236,13,504,54,15,650,85.7045
Fejér,Füle,713,0,0,713,589,0,589,0,589,0,1,588,11,272,58,6,241,82.6087
Fejér,Gyúró,1033,0,0,1033,885,0,885,0,884,0,2,882,7,425,81,11,358,85.6728
Fejér,Gánt,480,0,0,480,383,0,383,0,382,0,2,380,4,166,26,0,144,79.7917
Fejér,Gárdony,9942,0,0,9942,8421,0,8421,0,8415,0,33,8382,126,4981,501,127,2643,84.7013
Fejér,Hantos,701,0,0,701,525,0,525,0,525,0,3,522,4,244,52,6,216,74.893
Fejér,Igar,696,0,0,696,484,0,484,0,484,0,7,477,2,202,24,4,245,69.5402
Fejér,Iszkaszentgyörgy,1806,0,0,1806,1511,0,1511,0,1511,0,3,1508,14,893,126,16,457,83.6656
Fejér,Isztimér,725,0,0,725,615,0,615,0,614,0,4,610,6,299,58,3,221,84.8276
Fejér,Iváncsa,2172,0,0,2172,1708,0,1708,0,1708,0,5,1703,9,903,107,11,672,78.6372
Fejér,Jenő,1040,0,0,1040,777,0,777,0,778,0,8,770,6,348,54,1,361,74.7115
Fejér,Kajászó,980,0,0,980,810,0,810,0,810,0,3,807,10,408,56,6,327,82.6531
Fejér,Kincsesbánya,1147,0,0,1147,942,0,942,0,942,0,2,940,9,476,59,11,385,82.1273
Fejér,Kisapostag,1204,0,0,1204,1010,0,1010,0,1010,0,3,1007,10,576,78,14,329,83.887
Fejér,Kisláng,1853,0,0,1853,1312,0,1312,0,1312,0,13,1299,6,459,96,5,715,70.8041
Fejér,Kulcs,2934,0,0,2934,2359,0,2359,0,2359,0,9,2350,21,1402,141,23,762,80.4022
Fejér,Káloz,1840,0,0,1840,1396,0,1396,0,1397,0,23,1374,7,524,114,6,722,75.8696
Fejér,Kápolnásnyék,3192,0,0,3192,2721,0,2721,0,2719,0,14,2705,35,1515,165,42,948,85.2444
Fejér,Kőszárhegy,1300,0,0,1300,1067,0,1067,0,1068,0,9,1059,18,593,94,10,344,82.0769
Fejér,Lajoskomárom,1633,0,0,1633,1267,0,1267,0,1267,0,7,1260,15,591,116,8,530,77.5873
Fejér,Lepsény,2414,0,0,2414,1817,0,1817,0,1815,0,7,1808,18,795,159,26,808,75.2693
Fejér,Lovasberény,2201,0,0,2201,1797,0,1797,0,1797,0,6,1791,19,863,111,9,788,81.6447
Fejér,Magyaralmás,1270,0,0,1270,1098,0,1098,0,1099,0,10,1089,11,510,96,7,463,86.4567
Fejér,Martonvásár,4340,0,0,4340,3648,0,3648,0,3648,0,11,3637,44,2054,222,51,1266,84.0553
Fejér,Mezőfalva,3579,0,0,3579,2632,0,2632,1,2631,0,8,2623,22,1373,199,33,963,73.5401
Fejér,Mezőkomárom,708,0,0,708,519,0,519,0,519,0,7,512,6,196,39,9,262,73.3051
Fejér,Mezőszentgyörgy,969,0,0,969,678,0,678,0,678,0,4,674,6,306,41,9,309,69.969
Fejér,Mezőszilas,1597,0,0,1597,1088,0,1088,0,1087,0,10,1077,9,392,70,8,598,68.1277
Fejér,Moha,460,0,0,460,392,0,392,0,392,0,3,389,3,194,39,1,152,85.2174
Fejér,Mány,1896,0,0,1896,1512,0,1512,1,1512,0,11,1501,6,602,88,10,632,79.7468
Fejér,Mátyásdomb,577,0,0,577,418,0,418,0,418,0,1,417,1,179,37,1,199,72.4437
Fejér,Mór,10341,0,0,10341,8738,0,8738,2,8731,0,46,8685,67,4452,658,79,3338,84.4986
Fejér,Nadap,587,0,0,587,518,0,518,0,518,0,4,514,4,304,32,8,165,88.2453
Fejér,Nagykarácsony,1050,0,0,1050,792,0,792,0,792,0,4,788,1,366,69,4,348,75.4286
Fejér,Nagylók,791,0,0,791,596,0,596,0,596,0,1,595,1,284,37,2,271,75.3477
Fejér,Nagyveleg,520,0,0,520,435,0,435,0,435,0,1,434,1,165,42,4,222,83.6538
Fejér,Nagyvenyim,3276,0,0,3276,2764,0,2764,0,2764,0,7,2757,17,1697,137,36,868,84.3712
Fejér,Nádasdladány,1387,0,0,1387,1055,0,1055,2,1054,0,2,1052,10,536,87,9,410,76.0634
Fejér,Perkáta,3068,0,0,3068,2167,0,2167,0,2167,0,8,2159,14,1100,160,28,856,70.6323
Fejér,Polgárdi,5123,0,0,5123,3921,0,3921,0,3918,0,19,3899,40,1831,272,26,1730,76.5372
Fejér,Pusztaszabolcs,4665,0,0,4665,3643,0,3643,2,3640,0,19,3621,29,1815,250,33,1493,78.0922
Fejér,Pusztavám,1918,0,0,1918,1599,0,1599,0,1599,0,10,1589,15,733,103,17,572,83.3681
Fejér,Pákozd,2959,0,0,2959,2560,0,2560,0,2559,0,7,2552,14,1393,173,13,958,86.5157
Fejér,Pátka,1468,0,0,1468,1240,0,1240,0,1221,0,6,1215,11,579,57,14,550,84.4687
Fejér,Pázmánd,1815,0,0,1815,1546,0,1546,0,1547,0,12,1535,10,856,110,11,548,85.1791
Fejér,Rácalmás,3894,0,0,3894,3233,0,3233,0,3233,0,14,3219,15,2012,173,49,954,83.0252
Fejér,Ráckeresztúr,2857,0,0,2857,2276,0,2276,0,2276,0,13,2263,12,1213,149,11,877,79.664
Fejér,Seregélyes,3493,0,0,3493,2698,0,2698,0,2697,0,18,2679,20,1251,188,24,1196,77.2402
Fejér,Soponya,1421,0,0,1421,1101,0,1101,0,1101,0,6,1095,13,432,87,7,556,77.4806
Fejér,Sukoró,1587,0,0,1587,1421,0,1421,0,1421,0,4,1417,15,819,75,7,501,89.54
Fejér,Szabadbattyán,3816,0,0,3816,3024,0,3024,0,3024,0,14,3010,33,1447,197,42,1287,79.2453
Fejér,Szabadegyháza,1620,0,0,1620,1237,0,1237,0,1238,0,9,1229,6,664,70,8,481,76.358
Fejér,Szabadhídvég,591,0,0,591,408,0,408,0,408,0,3,405,0,148,34,2,221,69.0355
Fejér,Szár,1349,0,0,1349,1166,0,1166,0,1166,0,6,1160,11,542,67,9,393,86.4344
Fejér,Székesfehérvár,71476,3332,1611,76419,59934,4710,64644,9,64611,0,262,64349,728,37918,3465,953,21186,84.5915
Fejér,Sárbogárd,9205,1651,340,11196,7287,1923,9210,2,9211,0,36,9175,55,4460,541,91,4020,82.2615
Fejér,Sáregres,535,0,0,535,431,0,431,0,431,0,2,429,2,162,19,5,241,80.5607
Fejér,Sárkeresztes,1243,0,0,1243,1051,0,1051,0,1051,0,2,1049,7,550,76,20,396,84.5535
Fejér,Sárkeresztúr,1772,0,0,1772,1028,0,1028,0,1024,0,15,1009,7,279,36,6,613,58.0135
Fejér,Sárkeszi,471,0,0,471,380,0,380,0,380,0,2,378,3,180,28,6,161,80.6794
Fejér,Sárosd,2501,0,0,2501,1843,0,1843,0,1818,0,13,1805,14,840,104,10,830,73.6905
Fejér,Sárszentmihály,2447,0,0,2447,2008,0,2008,0,2007,0,6,2001,20,1064,156,13,747,82.0597
Fejér,Sárszentágota,1058,0,0,1058,872,0,872,0,870,0,4,866,12,308,62,2,482,82.4197
Fejér,Söréd,433,0,0,433,370,0,370,0,370,0,4,366,3,170,30,1,162,85.4503
Fejér,Tabajd,740,0,0,740,617,0,617,0,616,0,0,616,4,252,32,4,324,83.3784
Fejér,Tordas,1623,0,0,1623,1407,0,1407,0,1407,0,6,1401,20,825,90,9,456,86.6913
Fejér,Tác,1372,0,0,1372,1133,0,1133,0,1131,0,6,1125,11,538,82,13,481,82.5802
Fejér,Vajta,591,0,0,591,434,0,434,0,433,0,4,429,3,191,44,3,187,73.4349
Fejér,Velence,5699,0,0,5699,4906,0,4906,0,4906,0,18,4888,57,2901,271,63,1594,86.0853
Fejér,Vereb,644,0,0,644,517,0,517,0,521,0,21,500,0,231,31,3,233,80.2795
Fejér,Vál,2091,0,0,2091,1726,0,1726,0,1723,0,8,1715,7,825,91,16,775,82.5442
Fejér,Vértesacsa,1420,0,0,1420,1131,0,1131,0,1131,0,0,1131,12,445,26,3,605,79.6479
Fejér,Vértesboglár,713,0,0,713,635,0,635,0,635,0,6,629,6,271,40,4,256,89.0603
Fejér,Zichyújfalu,696,0,0,696,566,0,566,0,566,0,3,563,3,244,26,3,287,81.3218
Fejér,Zámoly,1815,0,0,1815,1459,0,1459,0,1459,0,6,1453,22,678,143,15,593,80.3857
Fejér,Óbarok,712,0,0,712,539,0,539,0,536,0,4,532,4,284,44,5,195,75.7022
Fejér,Újbarok,398,0,0,398,326,0,326,0,326,0,1,325,8,138,14,1,123,81.9095
Fejér,Úrhida,2140,0,0,2140,1855,0,1855,0,1855,0,9,1846,29,1076,135,24,580,86.6822
Győr-Moson-Sopron,Abda,2540,0,0,2540,2154,0,2154,0,2154,0,7,2147,19,1170,119,25,812,84.8031
Győr-Moson-Sopron,Acsalag,382,0,0,382,351,0,351,0,351,0,0,351,4,151,17,4,175,91.8848
Győr-Moson-Sopron,Agyagosszergény,759,0,0,759,661,0,661,0,660,0,0,660,1,307,54,3,295,87.0883
Győr-Moson-Sopron,Babót,881,0,0,881,727,0,727,0,727,0,2,725,9,344,43,8,321,82.5199
Győr-Moson-Sopron,Bakonygyirót,132,0,0,132,110,0,110,0,110,0,0,110,0,54,10,0,46,83.3333
Győr-Moson-Sopron,Bakonypéterd,241,0,0,241,200,0,200,0,200,0,1,199,1,80,13,3,102,82.9876
Győr-Moson-Sopron,Bakonyszentlászló,1347,0,0,1347,1038,0,1038,0,1038,0,9,1029,3,493,76,15,442,77.0601
Győr-Moson-Sopron,Barbacs,607,0,0,607,479,0,479,0,479,0,1,478,6,193,25,6,248,78.9127
Győr-Moson-Sopron,Beled,1999,0,0,1999,1635,0,1635,0,1635,0,9,1626,5,706,91,14,810,81.7909
Győr-Moson-Sopron,Bezenye,819,0,0,819,680,0,680,0,680,0,4,676,1,251,31,3,331,83.0281
Győr-Moson-Sopron,Bezi,415,0,0,415,357,0,357,0,352,0,3,349,3,166,19,5,151,86.0241
Győr-Moson-Sopron,Bodonhely,275,0,0,275,233,0,233,0,233,0,0,233,0,86,16,0,131,84.7273
Győr-Moson-Sopron,Bogyoszló,493,0,0,493,401,0,401,0,401,0,1,400,1,184,22,1,192,81.3387
Győr-Moson-Sopron,Bágyogszovát,1030,0,0,1030,863,0,863,0,863,0,4,859,4,324,61,2,468,83.7864
Győr-Moson-Sopron,Börcs,1076,0,0,1076,900,0,900,0,898,0,2,896,7,525,53,7,304,83.6431
Győr-Moson-Sopron,Bőny,1769,0,0,1769,1384,0,1384,0,1385,0,10,1375,6,679,86,8,595,78.2363
Győr-Moson-Sopron,Bősárkány,1696,0,0,1696,1461,0,1461,0,1461,0,5,1456,13,522,103,11,806,86.1439
Győr-Moson-Sopron,Cakóháza,40,0,0,40,32,0,32,0,32,0,0,32,0,9,0,0,23,80.0
Győr-Moson-Sopron,Cirák,409,0,0,409,351,0,351,1,351,0,3,348,2,115,19,0,212,85.8191
Győr-Moson-Sopron,Csapod,444,0,0,444,388,0,388,0,387,0,3,384,0,130,46,5,203,87.3874
Győr-Moson-Sopron,Csikvánd,384,0,0,384,308,0,308,0,308,0,3,305,1,106,16,2,180,80.2083
Győr-Moson-Sopron,Csorna,7532,1446,324,9302,6359,1713,8072,0,8071,0,27,8044,56,4138,390,61,3398,86.777
Győr-Moson-Sopron,Csáfordjánosfa,164,0,0,164,122,0,122,1,121,0,1,120,0,50,9,0,60,74.3902
Győr-Moson-Sopron,Csér,23,0,0,23,22,0,22,0,22,0,0,22,0,15,2,0,5,95.6522
Győr-Moson-Sopron,Darnózseli,1278,0,0,1278,1046,0,1046,0,1046,0,8,1038,9,477,75,9,468,81.8466
Győr-Moson-Sopron,Dunakiliti,1327,0,0,1327,1063,0,1063,0,1061,0,6,1055,9,486,61,8,491,80.1055
Győr-Moson-Sopron,Dunaremete,206,0,0,206,184,0,184,0,184,0,0,184,2,92,15,4,70,89.3204
Győr-Moson-Sopron,Dunaszeg,1839,0,0,1839,1576,0,1576,0,1576,0,5,1571,10,818,88,13,641,85.6987
Győr-Moson-Sopron,Dunaszentpál,571,0,0,571,487,0,487,0,487,0,5,482,3,285,20,3,171,85.289
Győr-Moson-Sopron,Dunasziget,1247,0,0,1247,1044,0,1044,0,1044,0,2,1042,7,448,65,7,513,83.7209
Győr-Moson-Sopron,Dénesfa,316,0,0,316,246,0,246,0,246,0,2,244,0,108,12,6,118,77.8481
Győr-Moson-Sopron,Dör,478,0,0,478,402,0,402,1,401,0,1,400,1,167,19,2,211,84.1004
Győr-Moson-Sopron,Ebergőc,125,0,0,125,104,0,104,0,104,0,1,103,0,37,12,1,53,83.2
Győr-Moson-Sopron,Edve,89,0,0,89,82,0,82,0,82,0,1,81,0,30,10,0,41,92.1348
Győr-Moson-Sopron,Egyed,418,0,0,418,356,0,356,0,356,0,0,356,1,129,29,5,191,85.1675
Győr-Moson-Sopron,Egyházasfalu,707,0,0,707,589,0,589,0,589,0,4,585,4,209,41,1,329,83.3098
Győr-Moson-Sopron,Enese,1439,0,0,1439,1231,0,1231,0,1232,0,10,1222,8,605,73,7,529,85.5455
Győr-Moson-Sopron,Farád,1530,0,0,1530,1310,0,1310,0,1310,0,2,1308,7,527,64,11,699,85.6209
Győr-Moson-Sopron,Fehértó,357,0,0,357,300,0,300,0,300,0,1,299,0,127,17,4,151,84.0336
Győr-Moson-Sopron,Feketeerdő,443,0,0,443,399,0,399,0,398,0,0,398,6,204,39,5,143,90.0677
Győr-Moson-Sopron,Felpéc,768,0,0,768,630,0,630,0,630,0,3,627,5,315,47,3,257,82.0312
Győr-Moson-Sopron,Fenyőfő,67,0,0,67,56,0,56,0,56,0,0,56,0,26,6,0,24,83.5821
Győr-Moson-Sopron,Fertőboz,242,0,0,242,205,0,205,0,205,0,1,204,1,108,12,5,78,84.7107
Győr-Moson-Sopron,Fertőd,2544,0,0,2544,2173,0,2173,0,2173,0,8,2165,12,988,164,26,968,85.4167
Győr-Moson-Sopron,Fertőendréd,498,0,0,498,428,0,428,0,428,0,3,425,3,160,40,1,221,85.9438
Győr-Moson-Sopron,Fertőhomok,698,0,0,698,603,0,603,0,603,0,1,602,5,310,38,4,244,86.3897
Győr-Moson-Sopron,Fertőrákos,1839,0,0,1839,1494,0,1494,0,1494,0,7,1487,11,785,102,17,506,81.2398
Győr-Moson-Sopron,Fertőszentmiklós,3053,0,0,3053,2676,0,2676,0,2676,0,6,2670,14,1202,204,17,1232,87.6515
Győr-Moson-Sopron,Fertőszéplak,1096,0,0,1096,946,0,946,0,946,0,3,943,7,478,72,5,381,86.3139
Győr-Moson-Sopron,Gyalóka,61,0,0,61,56,0,56,0,56,0,0,56,0,40,0,0,16,91.8033
Győr-Moson-Sopron,Gyarmat,1091,0,0,1091,895,0,895,0,896,0,6,890,9,392,55,8,426,82.0348
Győr-Moson-Sopron,Gyóró,283,0,0,283,222,0,222,0,222,0,1,221,2,74,13,4,128,78.4452
Győr-Moson-Sopron,Gyömöre,994,0,0,994,783,0,783,0,782,0,1,781,2,339,49,8,382,78.7726
Győr-Moson-Sopron,Győr,92037,3458,1445,96940,75300,4696,79996,4,79953,0,279,79674,654,47384,4187,937,26384,82.5211
Győr-Moson-Sopron,Győrasszonyfa,398,0,0,398,307,0,307,0,307,0,5,302,2,126,17,4,153,77.1357
Győr-Moson-Sopron,Győrladamér,1483,0,0,1483,1273,0,1273,0,1273,0,5,1268,7,726,78,8,449,85.8395
Győr-Moson-Sopron,Győrszemere,2821,0,0,2821,2228,0,2228,0,2229,0,7,2222,15,1130,137,13,925,78.9791
Győr-Moson-Sopron,Győrság,1370,0,0,1370,1148,0,1148,0,1148,0,1,1147,8,517,108,6,507,83.7956
Győr-Moson-Sopron,Győrsövényház,631,0,0,631,497,0,497,0,497,0,5,492,9,225,25,2,201,78.7639
Győr-Moson-Sopron,Győrzámoly,2896,0,0,2896,2538,0,2538,0,2537,0,7,2530,14,1474,172,20,849,87.6381
Győr-Moson-Sopron,Győrújbarát,6210,0,0,6210,5463,0,5463,0,5463,0,14,5449,48,3230,335,45,1789,87.971
Győr-Moson-Sopron,Győrújfalu,1761,0,0,1761,1593,0,1593,0,1592,0,2,1590,15,893,83,7,590,90.46
Győr-Moson-Sopron,Gönyű,2513,0,0,2513,2043,0,2043,1,2042,0,3,2039,14,1011,126,17,871,81.2973
Győr-Moson-Sopron,Halászi,2549,0,0,2549,2177,0,2177,0,2176,0,10,2166,22,1091,140,12,900,85.406
Győr-Moson-Sopron,Harka,2351,0,0,2351,2085,0,2085,0,2084,0,5,2079,9,1126,178,14,731,88.6857
Győr-Moson-Sopron,Hegyeshalom,2611,0,0,2611,2050,0,2050,0,2050,0,15,2035,16,1034,104,13,836,78.514
Győr-Moson-Sopron,Hegykő,1269,0,0,1269,1124,0,1124,0,1124,0,5,1119,12,520,75,9,502,88.5737
Győr-Moson-Sopron,Hidegség,336,0,0,336,293,0,293,0,293,0,3,290,1,146,25,1,115,87.2024
Győr-Moson-Sopron,Himod,527,0,0,527,416,0,416,0,416,0,6,410,1,140,52,4,213,78.9374
Győr-Moson-Sopron,Hédervár,1023,0,0,1023,876,0,876,0,877,0,9,868,5,471,52,5,335,85.6305
Győr-Moson-Sopron,Hövej,277,0,0,277,240,0,240,0,240,0,1,239,1,97,25,1,115,86.6426
Győr-Moson-Sopron,Ikrény,1439,0,0,1439,1237,0,1237,0,1238,0,8,1230,9,722,83,11,405,85.9625
Győr-Moson-Sopron,Iván,929,0,0,929,700,0,700,0,700,0,2,698,1,290,41,8,357,75.3498
Győr-Moson-Sopron,Jobaháza,414,0,0,414,327,0,327,0,327,0,4,323,2,120,13,6,182,78.9855
Győr-Moson-Sopron,Jánossomorja,4636,0,0,4636,3715,0,3715,0,3715,0,19,3696,28,1527,244,38,1830,80.1337
Győr-Moson-Sopron,Kajárpéc,1016,0,0,1016,810,0,810,0,809,0,5,804,5,354,63,4,378,79.7244
Győr-Moson-Sopron,Kapuvár,7737,0,0,7737,6451,0,6451,1,6448,0,37,6411,31,2953,425,56,2931,83.3786
Győr-Moson-Sopron,Kimle,1759,0,0,1759,1448,0,1448,0,1445,0,15,1430,17,621,70,7,636,82.3195
Győr-Moson-Sopron,Kisbabot,190,0,0,190,157,0,157,0,157,0,1,156,2,61,14,1,78,82.6316
Győr-Moson-Sopron,Kisbajcs,701,0,0,701,605,0,605,0,605,0,2,603,4,321,41,10,227,86.3053
Győr-Moson-Sopron,Kisbodak,271,0,0,271,236,0,236,0,236,0,1,235,7,116,14,2,96,87.0849
Győr-Moson-Sopron,Kisfalud,579,0,0,579,503,0,503,0,503,0,4,499,3,178,34,3,281,86.8739
Győr-Moson-Sopron,Koroncó,1986,0,0,1986,1610,0,1610,0,1610,0,5,1605,11,822,88,14,659,81.0675
Győr-Moson-Sopron,Kunsziget,1102,0,0,1102,973,0,973,0,973,0,4,969,17,528,60,7,357,88.294
Győr-Moson-Sopron,Károlyháza,427,0,0,427,336,0,336,0,336,0,2,334,1,129,9,2,193,78.6885
Győr-Moson-Sopron,Kóny,2154,0,0,2154,1800,0,1800,0,1800,0,6,1794,10,895,119,20,748,83.5655
Győr-Moson-Sopron,Kópháza,1616,0,0,1616,1416,0,1416,1,1416,0,3,1413,13,709,107,8,560,87.6238
Győr-Moson-Sopron,Levél,1836,0,0,1836,1488,0,1488,0,1488,0,13,1475,6,813,101,6,509,81.0458
Győr-Moson-Sopron,Lipót,650,0,0,650,534,0,534,0,534,0,3,531,1,259,20,4,247,82.1538
Győr-Moson-Sopron,Lázi,415,0,0,415,311,0,311,0,311,0,3,308,0,151,19,3,135,74.9398
Győr-Moson-Sopron,Lébény,2486,0,0,2486,2045,0,2045,0,2045,0,13,2032,13,950,111,12,907,82.2607
Győr-Moson-Sopron,Lövő,1145,0,0,1145,964,0,964,0,964,0,3,961,5,466,51,8,431,84.1921
Győr-Moson-Sopron,Maglóca,81,0,0,81,59,0,59,0,59,0,0,59,0,23,3,2,31,72.8395
Győr-Moson-Sopron,Magyarkeresztúr,345,0,0,345,287,0,287,0,287,0,2,285,2,122,9,1,151,83.1884
Győr-Moson-Sopron,Markotabödöge,413,0,0,413,341,0,341,0,341,0,1,340,1,115,31,2,191,82.5666
Győr-Moson-Sopron,Mecsér,515,0,0,515,416,0,416,0,416,0,4,412,2,192,19,2,197,80.7767
Győr-Moson-Sopron,Mezőörs,1005,0,0,1005,785,0,785,0,785,0,2,783,5,318,66,5,389,78.1095
Győr-Moson-Sopron,Mihályi,876,0,0,876,747,0,747,0,747,0,4,743,5,225,52,7,454,85.274
Győr-Moson-Sopron,Mosonmagyaróvár,24430,1613,529,26572,19651,2044,21695,3,21677,0,87,21590,181,12506,1132,242,7432,81.6461
Győr-Moson-Sopron,Mosonszentmiklós,2062,0,0,2062,1665,0,1665,0,1665,0,9,1656,8,762,146,14,725,80.7468
Győr-Moson-Sopron,Mosonszolnok,1414,0,0,1414,1186,0,1186,0,1186,0,4,1182,9,566,71,9,526,83.8755
Győr-Moson-Sopron,Mosonudvar,316,0,0,316,252,0,252,0,252,0,0,252,5,120,12,2,113,79.7468
Győr-Moson-Sopron,Máriakálnok,1664,0,0,1664,1412,0,1412,0,1413,0,11,1402,9,724,62,8,596,84.8558
Győr-Moson-Sopron,Mérges,84,0,0,84,74,0,74,0,74,0,1,73,1,26,8,0,38,88.0952
Győr-Moson-Sopron,Mórichida,656,0,0,656,551,0,551,0,551,0,7,544,6,209,34,1,293,83.9939
Győr-Moson-Sopron,Nagybajcs,913,0,0,913,794,0,794,0,794,0,5,789,5,394,74,5,311,86.966
Győr-Moson-Sopron,Nagycenk,2143,0,0,2143,1873,0,1873,0,1873,0,3,1870,13,1029,125,8,693,87.4008
Győr-Moson-Sopron,Nagylózs,742,0,0,742,599,0,599,0,599,0,6,593,10,288,28,11,255,80.7278
Győr-Moson-Sopron,Nagyszentjános,1633,0,0,1633,1360,0,1360,0,1360,0,13,1347,5,688,61,12,579,83.2823
Győr-Moson-Sopron,Nemeskér,168,0,0,168,150,0,150,0,150,0,0,150,3,56,13,4,74,89.2857
Győr-Moson-Sopron,Nyalka,387,0,0,387,336,0,336,0,336,0,0,336,6,156,28,10,136,86.8217
Győr-Moson-Sopron,Nyúl,3635,0,0,3635,3122,0,3122,0,3120,0,6,3114,20,1713,204,16,1160,85.8872
Győr-Moson-Sopron,Osli,696,0,0,696,591,0,591,0,591,0,2,589,4,212,57,4,311,84.9138
Győr-Moson-Sopron,Pannonhalma,2694,0,0,2694,2151,0,2151,0,2151,0,6,2145,22,1030,188,21,883,79.8441
Győr-Moson-Sopron,Pereszteg,1186,0,0,1186,1002,0,1002,0,1002,0,5,997,4,472,65,4,451,84.4857
Győr-Moson-Sopron,Petőháza,860,0,0,860,753,0,753,0,753,0,6,747,5,353,63,5,321,87.5581
Győr-Moson-Sopron,Pinnye,279,0,0,279,246,0,246,0,246,0,2,244,5,91,34,3,111,88.172
Győr-Moson-Sopron,Potyond,81,0,0,81,73,0,73,0,73,0,1,72,0,24,1,1,46,90.1235
Győr-Moson-Sopron,Pusztacsalád,225,0,0,225,200,0,200,0,200,0,3,197,0,66,12,1,118,88.8889
Győr-Moson-Sopron,Páli,305,0,0,305,222,0,222,0,222,0,1,221,2,88,17,2,111,72.7869
Győr-Moson-Sopron,Pásztori,222,0,0,222,192,0,192,0,192,0,1,191,1,78,13,2,97,86.4865
Győr-Moson-Sopron,Pázmándfalu,943,0,0,943,752,0,752,0,752,0,6,746,5,392,34,7,300,79.7455
Győr-Moson-Sopron,Pér,1967,0,0,1967,1655,0,1655,0,1656,0,11,1645,13,897,119,10,606,84.1383
Győr-Moson-Sopron,Püski,527,0,0,527,453,0,453,0,453,0,3,450,5,197,35,1,212,85.9583
Győr-Moson-Sopron,Rajka,1286,0,0,1286,1070,0,1070,0,1070,0,7,1063,5,438,46,5,505,83.2037
Győr-Moson-Sopron,Ravazd,961,0,0,961,797,0,797,0,797,0,2,795,6,377,70,2,339,82.9344
Győr-Moson-Sopron,Románd,257,0,0,257,224,0,224,0,224,0,5,219,3,91,23,2,100,87.1595
Győr-Moson-Sopron,Rábacsanak,432,0,0,432,356,0,356,0,356,0,1,355,4,161,19,3,168,82.4074
Győr-Moson-Sopron,Rábacsécsény,467,0,0,467,393,0,393,0,393,0,2,391,2,142,29,5,213,84.1542
Győr-Moson-Sopron,Rábakecöl,570,0,0,570,483,0,483,0,483,0,2,481,1,206,36,5,233,84.7368
Győr-Moson-Sopron,Rábapatona,2322,0,0,2322,1952,0,1952,0,1952,0,9,1943,15,973,103,12,840,84.0655
Győr-Moson-Sopron,Rábapordány,792,0,0,792,659,0,659,0,659,0,2,657,2,330,29,2,294,83.2071
Győr-Moson-Sopron,Rábasebes,71,0,0,71,63,0,63,0,63,0,0,63,1,26,6,1,29,88.7324
Győr-Moson-Sopron,Rábaszentandrás,377,0,0,377,315,0,315,0,315,0,4,311,2,101,22,4,182,83.5544
Győr-Moson-Sopron,Rábaszentmihály,395,0,0,395,347,0,347,0,347,0,0,347,1,135,18,4,188,87.8481
Győr-Moson-Sopron,Rábaszentmiklós,112,0,0,112,94,0,94,0,94,0,0,94,0,28,8,0,58,83.9286
Győr-Moson-Sopron,Rábatamási,785,0,0,785,651,0,651,0,650,0,2,648,6,224,52,5,361,82.9299
Győr-Moson-Sopron,Rábcakapi,133,0,0,133,111,0,111,0,111,0,0,111,0,32,11,1,67,83.4586
Győr-Moson-Sopron,Répceszemere,213,0,0,213,171,0,171,0,171,0,0,171,1,59,7,1,103,80.2817
Győr-Moson-Sopron,Répcevis,268,0,0,268,238,0,238,0,238,0,0,238,0,80,25,1,132,88.806
Győr-Moson-Sopron,Rétalap,402,0,0,402,319,0,319,0,319,0,1,318,3,120,13,2,179,79.3532
Győr-Moson-Sopron,Röjtökmuzsaj,347,0,0,347,298,0,298,0,298,0,1,297,1,97,39,3,157,85.879
Győr-Moson-Sopron,Sarród,732,0,0,732,647,0,647,0,647,0,5,642,7,263,54,3,315,88.388
Győr-Moson-Sopron,Sikátor,252,0,0,252,195,0,195,0,195,0,2,193,2,84,11,5,91,77.381
Győr-Moson-Sopron,Sobor,221,0,0,221,185,0,185,0,185,0,2,183,2,72,6,1,102,83.7104
Győr-Moson-Sopron,Sokorópátka,873,0,0,873,716,0,716,0,716,0,4,712,3,277,89,3,340,82.016
Győr-Moson-Sopron,Sopron,42991,2020,517,45528,36028,2436,38464,2,38465,0,228,38237,327,21050,2242,408,13868,84.4843
Győr-Moson-Sopron,Sopronhorpács,673,0,0,673,600,0,600,0,593,0,0,593,0,213,47,4,323,89.153
Győr-Moson-Sopron,Sopronkövesd,1123,0,0,1123,984,0,984,0,983,0,2,981,5,455,92,9,420,87.6224
Győr-Moson-Sopron,Sopronnémeti,213,0,0,213,177,0,177,0,177,0,1,176,2,90,11,2,71,83.0986
Győr-Moson-Sopron,Szakony,326,0,0,326,266,0,266,0,266,0,0,266,1,101,15,3,145,81.5951
Győr-Moson-Sopron,Szany,1691,0,0,1691,1358,0,1358,0,1357,0,14,1343,2,501,106,11,715,80.3075
Győr-Moson-Sopron,Szerecseny,679,0,0,679,505,0,505,0,505,0,1,504,5,185,56,6,251,74.3741
Győr-Moson-Sopron,Szil,1019,0,0,1019,781,0,781,0,783,0,13,770,0,327,53,7,381,76.6438
Győr-Moson-Sopron,Szilsárkány,530,0,0,530,442,0,442,0,442,0,3,439,2,171,24,0,242,83.3962
Győr-Moson-Sopron,Szárföld,818,0,0,818,656,0,656,0,656,0,1,655,7,260,44,7,337,80.1956
Győr-Moson-Sopron,Tarjánpuszta,359,0,0,359,313,0,313,0,313,0,1,312,4,157,38,6,107,87.1866
Győr-Moson-Sopron,Táp,599,0,0,599,505,0,505,0,505,0,3,502,6,244,26,2,224,84.3072
Győr-Moson-Sopron,Tápszentmiklós,716,0,0,716,590,0,590,0,590,0,3,587,5,331,34,3,214,82.4022
Győr-Moson-Sopron,Tárnokréti,153,0,0,153,122,0,122,0,122,0,0,122,1,55,6,2,58,79.7386
Győr-Moson-Sopron,Tényő,1392,0,0,1392,1169,0,1169,0,1169,0,5,1164,12,571,75,4,502,83.9799
Győr-Moson-Sopron,Tét,3200,0,0,3200,2469,0,2469,0,2465,0,17,2448,19,1001,186,25,1214,77.1562
Győr-Moson-Sopron,Töltéstava,1714,0,0,1714,1455,0,1455,0,1455,0,9,1446,10,791,106,13,526,84.8891
Győr-Moson-Sopron,Und,257,0,0,257,222,0,222,0,222,0,0,222,3,95,8,4,105,86.3813
Győr-Moson-Sopron,Vadosfa,62,0,0,62,57,0,57,0,57,0,0,57,0,16,3,0,38,91.9355
Győr-Moson-Sopron,Veszkény,756,0,0,756,673,0,673,0,674,0,7,667,2,286,45,2,332,89.0212
Győr-Moson-Sopron,Veszprémvarsány,777,0,0,777,637,0,637,0,637,0,5,632,10,322,53,6,241,81.982
Győr-Moson-Sopron,Vitnyéd,1116,0,0,1116,965,0,965,0,965,0,5,960,7,425,75,6,447,86.4695
Győr-Moson-Sopron,Vág,409,0,0,409,302,0,302,0,302,0,3,299,2,137,19,3,138,73.8386
Győr-Moson-Sopron,Vámosszabadi,2235,0,0,2235,1996,0,1996,0,1996,0,7,1989,18,1240,119,18,594,89.3065
Győr-Moson-Sopron,Várbalog,272,0,0,272,215,0,215,0,216,0,5,211,0,71,4,2,134,79.0441
Győr-Moson-Sopron,Vásárosfalu,131,0,0,131,104,0,104,0,104,0,1,103,1,44,8,1,49,79.3893
Győr-Moson-Sopron,Vének,160,0,0,160,132,0,132,0,132,0,0,132,0,61,8,0,63,82.5
Győr-Moson-Sopron,Völcsej,323,0,0,323,285,0,285,0,285,0,1,284,3,128,16,5,132,88.2353
Győr-Moson-Sopron,Zsebeháza,122,0,0,122,106,0,106,0,106,0,1,105,0,47,5,1,52,86.8852
Győr-Moson-Sopron,Zsira,516,0,0,516,432,0,432,0,432,0,2,430,0,208,35,4,183,83.7209
Győr-Moson-Sopron,Ágfalva,1805,0,0,1805,1535,0,1535,0,1534,0,14,1520,7,744,96,11,583,85.0416
Győr-Moson-Sopron,Árpás,225,0,0,225,186,0,186,0,186,0,1,185,2,76,15,3,89,82.6667
Győr-Moson-Sopron,Ásványráró,1708,0,0,1708,1381,0,1381,0,1382,0,11,1371,5,600,82,5,677,80.8548
Győr-Moson-Sopron,Écs,1709,0,0,1709,1472,0,1472,0,1472,0,2,1470,9,781,130,11,539,86.1322
Győr-Moson-Sopron,Öttevény,2337,0,0,2337,1987,0,1987,0,1975,0,8,1967,15,1009,136,15,791,85.0235
Győr-Moson-Sopron,Újkér,759,0,0,759,637,0,637,0,637,0,1,636,8,222,52,4,350,83.9262
Győr-Moson-Sopron,Újrónafő,629,0,0,629,493,0,493,0,493,0,2,491,3,237,36,10,204,78.3784
Hajdú-Bihar,Bagamér,1849,0,0,1849,1206,0,1206,0,1206,0,35,1171,3,512,41,3,540,65.2244
Hajdú-Bihar,Bakonszeg,906,0,0,906,717,0,717,0,717,0,4,713,6,333,48,4,322,79.1391
Hajdú-Bihar,Balmazújváros,13378,0,0,13378,10141,0,10141,0,10142,0,83,10059,45,5352,617,66,3751,75.8036
Hajdú-Bihar,Bedő,313,0,0,313,203,0,203,0,203,0,2,201,1,53,4,0,138,64.8562
Hajdú-Bihar,Berekböszörmény,1437,0,0,1437,884,0,884,0,884,0,21,863,4,211,46,9,543,61.517
Hajdú-Bihar,Berettyóújfalu,11125,1904,401,13430,8681,2188,10869,0,10851,0,67,10784,73,6157,616,91,3775,80.9308
Hajdú-Bihar,Bihardancsháza,137,0,0,137,95,0,95,0,95,0,1,94,1,31,6,3,53,69.3431
Hajdú-Bihar,Biharkeresztes,3680,0,0,3680,2605,0,2605,0,2621,0,122,2499,9,859,89,11,1432,70.788
Hajdú-Bihar,Biharnagybajom,1845,0,0,1845,1213,0,1213,0,1213,0,20,1193,3,492,114,7,549,65.7453
Hajdú-Bihar,Bihartorda,721,0,0,721,512,0,512,0,498,0,11,487,9,199,16,7,219,71.0125
Hajdú-Bihar,Bocskaikert,3122,0,0,3122,2520,0,2520,0,2520,0,11,2509,21,1443,162,15,868,80.7175
Hajdú-Bihar,Bojt,416,0,0,416,282,0,282,0,282,0,15,267,0,51,5,1,119,67.7885
Hajdú-Bihar,Báránd,1847,0,0,1847,1346,0,1346,0,1343,0,0,1343,5,649,81,6,602,72.8749
Hajdú-Bihar,Csökmő,1396,0,0,1396,1019,0,1019,0,1019,0,10,1009,5,497,47,6,443,72.9943
Hajdú-Bihar,Darvas,402,0,0,402,292,0,292,0,293,0,7,286,2,136,8,4,136,72.6368
Hajdú-Bihar,Debrecen,146373,6719,2481,155573,118061,8812,126873,9,126710,0,438,126272,1140,74876,7020,1292,41781,81.5521
Hajdú-Bihar,Derecske,6451,0,0,6451,4907,0,4907,0,4906,0,34,4872,20,2255,288,50,2236,76.0657
Hajdú-Bihar,Ebes,3742,0,0,3742,3066,0,3066,0,3066,0,17,3049,22,1680,218,39,1088,81.9348
Hajdú-Bihar,Egyek,3813,0,0,3813,2546,0,2546,0,2547,0,27,2520,6,1003,154,12,1323,66.7716
Hajdú-Bihar,Esztár,1043,0,0,1043,754,0,754,0,752,0,13,739,1,277,29,2,416,72.2915
Hajdú-Bihar,Folyás,222,0,0,222,161,0,161,0,161,0,3,158,0,84,10,2,61,72.5225
Hajdú-Bihar,Furta,885,0,0,885,645,0,645,0,645,0,4,641,2,322,32,4,279,72.8814
Hajdú-Bihar,Földes,3044,0,0,3044,2387,0,2387,0,2387,0,16,2371,9,1043,207,17,1065,78.4166
Hajdú-Bihar,Fülöp,1292,0,0,1292,901,0,901,0,901,0,13,888,4,329,49,4,456,69.7368
Hajdú-Bihar,Gáborján,636,0,0,636,432,0,432,0,431,0,3,428,2,132,19,3,271,67.9245
Hajdú-Bihar,Görbeháza,1859,0,0,1859,1429,0,1429,0,1429,0,5,1424,11,697,91,18,607,76.8693
Hajdú-Bihar,Hajdúbagos,1558,0,0,1558,1120,0,1120,0,1119,0,12,1107,10,505,76,10,498,71.887
Hajdú-Bihar,Hajdúböszörmény,23064,1661,489,25214,17993,2067,20060,0,20056,0,172,19884,126,10957,1492,139,6904,79.559
Hajdú-Bihar,Hajdúdorog,6585,0,0,6585,4830,0,4830,2,4830,0,53,4777,14,2164,253,75,2235,73.3485
Hajdú-Bihar,Hajdúhadház,9441,0,0,9441,6259,0,6259,0,6249,0,106,6143,18,2478,340,32,3022,66.2959
Hajdú-Bihar,Hajdúnánás,12520,0,0,12520,9627,0,9627,0,9627,0,44,9583,67,5012,599,146,3737,76.893
Hajdú-Bihar,Hajdúszoboszló,18876,1916,519,21311,14798,2314,17112,4,17112,0,118,16994,123,9725,1048,125,5924,80.2966
Hajdú-Bihar,Hajdúszovát,2256,0,0,2256,1546,0,1546,0,1547,0,35,1512,8,604,100,11,752,68.5284
Hajdú-Bihar,Hajdúsámson,11233,0,0,11233,8389,0,8389,0,8390,0,56,8334,45,4254,424,61,3472,74.6817
Hajdú-Bihar,Hencida,852,0,0,852,525,0,525,0,525,0,27,498,1,96,21,2,303,61.6197
Hajdú-Bihar,Hortobágy,1071,0,0,1071,800,0,800,0,800,0,1,799,2,444,52,9,292,74.6965
Hajdú-Bihar,Hosszúpályi,4315,0,0,4315,2982,0,2982,0,2978,0,110,2868,18,1127,170,25,1366,69.1078
Hajdú-Bihar,Kaba,4384,0,0,4384,3193,0,3193,1,3193,0,23,3170,21,1352,265,20,1500,72.833
Hajdú-Bihar,Kismarja,956,0,0,956,629,0,629,0,629,0,7,622,2,143,21,4,440,65.795
Hajdú-Bihar,Kokad,482,0,0,482,307,0,307,0,307,0,3,304,1,79,15,5,200,63.6929
Hajdú-Bihar,Komádi,3777,0,0,3777,2513,0,2513,0,2513,0,34,2479,10,1063,136,12,1213,66.5343
Hajdú-Bihar,Konyár,1578,0,0,1578,927,0,927,0,927,0,19,908,6,300,48,4,526,58.7452
Hajdú-Bihar,Körösszakál,544,0,0,544,357,0,357,0,355,0,2,353,0,130,14,2,179,65.625
Hajdú-Bihar,Körösszegapáti,748,0,0,748,518,0,518,0,518,0,8,510,1,188,34,3,253,69.2513
Hajdú-Bihar,Létavértes,5473,0,0,5473,3613,0,3613,0,3612,0,58,3554,13,1527,175,22,1698,66.015
Hajdú-Bihar,Magyarhomorog,639,0,0,639,461,0,461,0,460,0,3,457,0,189,24,0,244,72.144
Hajdú-Bihar,Mezőpeterd,528,0,0,528,356,0,356,0,356,0,3,353,1,120,13,3,215,67.4242
Hajdú-Bihar,Mezősas,479,0,0,479,313,0,313,0,313,0,7,306,4,129,17,2,125,65.3445
Hajdú-Bihar,Mikepércs,3957,0,0,3957,3140,0,3140,0,3140,0,26,3114,16,1609,235,21,1204,79.353
Hajdú-Bihar,Monostorpályi,1727,0,0,1727,1264,0,1264,0,1249,0,7,1242,5,592,84,13,547,73.1905
Hajdú-Bihar,Nagyhegyes,2243,0,0,2243,1860,0,1860,0,1859,0,6,1853,7,889,146,14,796,82.9247
Hajdú-Bihar,Nagykereki,1005,0,0,1005,597,0,597,0,597,0,3,594,0,178,19,4,385,59.403
Hajdú-Bihar,Nagyrábé,1591,0,0,1591,1093,0,1093,0,1093,0,12,1081,2,438,77,5,551,68.6989
Hajdú-Bihar,Nyíracsád,2887,0,0,2887,2190,0,2190,0,2170,0,22,2148,13,960,94,14,1037,75.8573
Hajdú-Bihar,Nyíradony,5580,0,0,5580,3999,0,3999,0,3997,0,143,3854,21,1823,225,16,1592,71.6667
Hajdú-Bihar,Nyírmártonfalva,1507,0,0,1507,1177,0,1177,0,1177,0,6,1171,5,560,58,8,536,78.1022
Hajdú-Bihar,Nyírábrány,2922,0,0,2922,1979,0,1979,0,1978,0,29,1949,14,779,118,3,1002,67.7276
Hajdú-Bihar,Nádudvar,6508,0,0,6508,4762,0,4762,1,4756,0,32,4724,19,2188,290,35,2174,73.1715
Hajdú-Bihar,Pocsaj,1892,0,0,1892,1307,0,1307,0,1308,0,29,1279,0,412,60,7,771,69.0803
Hajdú-Bihar,Polgár,6064,0,0,6064,4122,0,4122,0,4121,0,51,4070,25,2048,260,80,1562,67.9749
Hajdú-Bihar,Püspökladány,10503,0,0,10503,8084,0,8084,3,8082,0,43,8039,34,4183,482,66,3248,76.9685
Hajdú-Bihar,Szentpéterszeg,831,0,0,831,639,0,639,0,634,0,3,631,2,282,43,3,299,76.8953
Hajdú-Bihar,Szerep,945,0,0,945,606,0,606,0,605,0,15,590,1,165,22,5,368,64.127
Hajdú-Bihar,Sáp,632,0,0,632,382,0,382,0,382,0,3,379,1,97,26,1,239,60.443
Hajdú-Bihar,Sárrétudvari,2174,0,0,2174,1569,0,1569,0,1569,0,9,1560,6,658,74,14,802,72.1711
Hajdú-Bihar,Sáránd,1774,0,0,1774,1302,0,1302,0,1301,0,17,1284,12,640,73,12,521,73.3935
Hajdú-Bihar,Tetétlen,1007,0,0,1007,713,0,713,0,713,0,5,708,1,298,51,2,348,70.8044
Hajdú-Bihar,Tiszacsege,3453,0,0,3453,2255,0,2255,0,2258,0,46,2212,7,879,112,16,1176,65.3055
Hajdú-Bihar,Tiszagyulaháza,535,0,0,535,374,0,374,0,374,0,2,372,6,177,30,7,151,69.9065
Hajdú-Bihar,Told,235,0,0,235,126,0,126,0,127,0,15,112,0,27,1,0,67,53.617
Hajdú-Bihar,Téglás,4975,0,0,4975,3868,0,3868,1,3866,0,23,3843,11,2079,262,31,1458,77.7487
Hajdú-Bihar,Tépe,754,0,0,754,600,0,600,0,600,0,5,595,1,259,32,2,301,79.5756
Hajdú-Bihar,Vekerd,86,0,0,86,71,0,71,0,71,0,0,71,0,25,5,2,39,82.5581
Hajdú-Bihar,Vámospércs,4158,0,0,4158,3109,0,3109,0,3108,0,21,3087,14,1557,169,21,1301,74.7715
Hajdú-Bihar,Váncsod,889,0,0,889,618,0,618,0,618,0,7,611,1,272,14,1,319,69.5163
Hajdú-Bihar,Zsáka,1116,0,0,1116,798,0,798,0,800,0,32,768,0,340,32,0,355,71.5054
Hajdú-Bihar,Álmosd,1349,0,0,1349,983,0,983,0,980,0,14,966,0,426,35,6,476,72.8688
Hajdú-Bihar,Ártánd,551,0,0,551,359,0,359,0,360,0,7,353,0,97,18,2,230,65.1543
Hajdú-Bihar,Újiráz,358,0,0,358,265,0,265,0,265,0,2,263,3,117,8,6,129,74.0223
Hajdú-Bihar,Újléta,795,0,0,795,501,0,501,0,492,0,4,488,0,219,20,1,248,63.0189
Hajdú-Bihar,Újszentmargita,1066,0,0,1066,681,0,681,0,681,0,3,678,5,269,34,11,350,63.8837
Hajdú-Bihar,Újtikos,650,0,0,650,488,0,488,0,488,0,1,487,3,236,44,5,199,75.0769
Heves,Abasár,1985,0,0,1985,1609,0,1609,0,1609,0,9,1600,15,864,116,12,593,81.0579
Heves,Adács,2057,0,0,2057,1482,0,1482,0,1481,0,7,1474,5,672,99,11,687,72.0467
Heves,Aldebrő,568,0,0,568,455,0,455,0,455,0,4,451,1,217,52,3,147,80.1056
Heves,Andornaktálya,2035,0,0,2035,1723,0,1723,0,1722,0,6,1716,12,1032,141,15,516,84.6683
Heves,Apc,1939,0,0,1939,1468,0,1468,0,1468,0,3,1465,7,754,133,11,558,75.7091
Heves,Atkár,1431,0,0,1431,1162,0,1162,0,1162,0,8,1154,6,620,95,20,413,81.202
Heves,Balaton,748,0,0,748,559,0,559,0,559,0,3,556,1,302,44,6,202,74.7326
Heves,Bekölce,487,0,0,487,342,0,342,1,343,0,8,335,2,150,21,0,161,70.2259
Heves,Besenyőtelek,2000,0,0,2000,1455,0,1455,0,1456,0,9,1447,4,629,67,4,742,72.75
Heves,Boconád,1019,0,0,1019,766,0,766,0,766,0,4,762,5,376,65,10,306,75.1717
Heves,Bodony,530,0,0,530,402,0,402,0,402,0,5,397,0,153,20,8,212,75.8491
Heves,Boldog,2327,0,0,2327,1886,0,1886,0,1888,0,20,1868,3,854,169,8,809,81.0486
Heves,Bátor,307,0,0,307,261,0,261,0,261,0,3,258,4,137,25,0,92,85.0163
Heves,Bélapátfalva,2077,0,0,2077,1519,0,1519,0,1520,0,10,1510,8,765,96,18,622,73.1343
Heves,Bükkszenterzsébet,779,0,0,779,527,0,527,0,529,0,16,513,2,179,47,3,281,67.6508
Heves,Bükkszentmárton,209,0,0,209,130,0,130,0,130,0,0,130,2,57,4,1,56,62.201
Heves,Bükkszék,522,0,0,522,431,0,431,0,431,0,0,431,3,216,32,5,175,82.567
Heves,Csány,1721,0,0,1721,1127,0,1127,0,1127,0,15,1112,6,427,92,9,564,65.4852
Heves,Demjén,512,0,0,512,435,0,435,0,435,0,1,434,5,232,27,7,162,84.9609
Heves,Detk,920,0,0,920,730,0,730,0,730,0,7,723,2,386,49,9,277,79.3478
Heves,Domoszló,1534,0,0,1534,1219,0,1219,0,1219,0,2,1217,13,613,105,21,464,79.4654
Heves,Dormánd,720,0,0,720,526,0,526,1,525,0,8,517,3,234,22,8,241,73.0556
Heves,Ecséd,2536,0,0,2536,1969,0,1969,0,1969,0,16,1953,3,968,148,19,814,77.642
Heves,Eger,37909,2806,922,41637,31285,3588,34873,5,34854,0,104,34750,265,21258,2074,411,10670,83.7548
Heves,Egerbakta,1143,0,0,1143,869,0,869,0,868,0,4,864,5,288,42,6,523,76.028
Heves,Egerbocs,420,0,0,420,324,0,324,0,324,0,1,323,0,126,44,4,149,77.1429
Heves,Egercsehi,987,0,0,987,688,0,688,0,688,0,9,679,3,352,35,8,279,69.7062
Heves,Egerfarmos,521,0,0,521,369,0,369,0,369,0,4,365,2,177,15,8,163,70.8253
Heves,Egerszalók,1510,0,0,1510,1228,0,1228,0,1228,0,6,1222,9,644,84,9,476,81.3245
Heves,Egerszólát,815,0,0,815,697,0,697,0,696,0,1,695,2,386,61,4,242,85.5215
Heves,Erdőkövesd,459,0,0,459,339,0,339,0,339,0,1,338,3,145,20,3,166,73.8562
Heves,Erdőtelek,2492,0,0,2492,1616,0,1616,0,1618,0,41,1577,1,609,96,13,773,64.8475
Heves,Erk,636,0,0,636,407,0,407,1,406,0,8,398,0,135,9,2,246,63.9937
Heves,Fedémes,226,0,0,226,181,0,181,0,181,0,0,181,1,59,17,0,104,80.0885
Heves,Feldebrő,778,0,0,778,585,0,585,0,583,0,4,579,2,281,44,5,246,75.1928
Heves,Felsőtárkány,2671,0,0,2671,2263,0,2263,0,2263,0,9,2254,8,1260,151,19,815,84.7248
Heves,Füzesabony,5590,0,0,5590,4234,0,4234,0,4247,0,72,4175,16,2160,266,41,1637,75.7424
Heves,Gyöngyös,20654,2363,587,23604,16680,2806,19486,1,19479,0,79,19400,125,11752,1152,292,5990,82.5538
Heves,Gyöngyöshalász,2105,0,0,2105,1812,0,1812,0,1811,0,7,1804,9,1020,156,15,604,86.0808
Heves,Gyöngyösoroszi,1025,0,0,1025,703,0,703,0,703,0,11,692,2,271,27,6,349,68.5854
Heves,Gyöngyöspata,1826,0,0,1826,1373,0,1373,0,1373,0,2,1371,5,570,95,14,686,75.1917
Heves,Gyöngyössolymos,2285,0,0,2285,1935,0,1935,0,1936,0,15,1921,23,1078,151,28,640,84.6827
Heves,Gyöngyöstarján,1826,0,0,1826,1544,0,1544,0,1543,0,5,1538,6,849,102,19,562,84.5564
Heves,Halmajugra,896,0,0,896,545,0,545,0,545,0,3,542,3,196,17,5,320,60.8259
Heves,Hatvan,15514,1967,410,17891,12546,2281,14827,0,14814,0,52,14762,88,8728,1183,146,4596,82.8741
Heves,Heréd,1446,0,0,1446,1201,0,1201,0,1201,0,5,1196,10,576,115,7,488,83.0567
Heves,Heves,7494,0,0,7494,5732,0,5732,1,5733,0,63,5670,18,2633,369,44,2558,76.4879
Heves,Hevesaranyos,421,0,0,421,269,0,269,0,269,0,1,268,1,73,18,1,171,63.8955
Heves,Hevesvezekény,489,0,0,489,374,0,374,0,373,0,0,373,2,201,27,0,142,76.4826
Heves,Hort,2954,0,0,2954,2410,0,2410,0,2410,0,17,2393,8,1225,192,15,953,81.5843
Heves,Istenmezeje,1092,0,0,1092,858,0,858,0,858,0,10,848,2,418,48,17,354,78.5714
Heves,Ivád,264,0,0,264,216,0,216,0,216,0,4,212,0,90,6,6,103,81.8182
Heves,Karácsond,2280,0,0,2280,1727,0,1727,0,1727,0,9,1718,12,860,130,24,689,75.7456
Heves,Kerecsend,1558,0,0,1558,1120,0,1120,0,1120,0,5,1115,3,358,27,0,719,71.887
Heves,Kerekharaszt,756,0,0,756,633,0,633,0,633,0,3,630,6,303,64,5,251,83.7302
Heves,Kisfüzes,105,0,0,105,88,0,88,0,88,0,1,87,0,44,14,1,28,83.8095
Heves,Kisköre,1967,0,0,1967,1332,0,1332,0,1331,0,2,1329,5,640,70,25,581,67.7173
Heves,Kisnána,756,0,0,756,534,0,534,0,534,0,3,531,1,261,39,8,218,70.6349
Heves,Kompolt,1425,0,0,1425,996,0,996,0,996,0,8,988,10,508,67,5,362,69.8947
Heves,Kál,2621,0,0,2621,1833,0,1833,0,1833,0,14,1819,4,919,92,11,767,69.9351
Heves,Kápolna,1097,0,0,1097,810,0,810,0,810,0,12,798,2,330,41,12,367,73.8377
Heves,Kömlő,1318,0,0,1318,840,0,840,0,841,0,60,781,0,191,12,0,351,63.7329
Heves,Ludas,570,0,0,570,432,0,432,0,432,0,1,431,3,207,28,1,192,75.7895
Heves,Lőrinci,4295,0,0,4295,3262,0,3262,0,3262,0,13,3249,22,1622,305,38,1259,75.9488
Heves,Maklár,1941,0,0,1941,1589,0,1589,0,1589,0,1,1588,14,895,98,10,571,81.865
Heves,Markaz,1428,0,0,1428,1203,0,1203,0,1204,0,7,1197,3,651,92,15,436,84.2437
Heves,Mezőszemere,814,0,0,814,553,0,553,0,553,0,11,542,5,184,47,1,283,67.9361
Heves,Mezőtárkány,1154,0,0,1154,745,0,745,0,745,0,27,718,3,256,44,9,351,64.5581
Heves,Mikófalva,520,0,0,520,385,0,385,0,385,0,0,385,2,178,24,1,179,74.0385
Heves,Mátraballa,560,0,0,560,460,0,460,0,460,0,4,456,1,230,39,7,179,82.1429
Heves,Mátraderecske,1349,0,0,1349,998,0,998,0,997,0,9,988,2,520,61,17,381,73.9807
Heves,Mátraszentimre,322,0,0,322,259,0,259,0,259,0,0,259,3,153,22,3,72,80.4348
Heves,Mónosbél,285,0,0,285,235,0,235,0,235,0,1,234,3,134,24,1,72,82.4561
Heves,Nagyfüged,1263,0,0,1263,819,0,819,0,819,0,27,792,1,244,61,3,447,64.8456
Heves,Nagykökényes,448,0,0,448,383,0,383,0,383,0,0,383,2,181,49,1,150,85.4911
Heves,Nagyréde,2582,0,0,2582,2125,0,2125,0,2125,0,4,2121,11,1126,174,31,777,82.3005
Heves,Nagytálya,683,0,0,683,592,0,592,0,592,0,1,591,9,296,55,4,226,86.6764
Heves,Nagyvisnyó,713,0,0,713,560,0,560,0,553,0,5,548,2,235,40,5,266,78.5414
Heves,Nagyút,516,0,0,516,369,0,369,0,371,0,14,357,0,171,31,1,152,71.5116
Heves,Noszvaj,1450,0,0,1450,1245,0,1245,0,1245,0,8,1237,11,589,101,9,527,85.8621
Heves,Novaj,1103,0,0,1103,921,0,921,0,922,0,10,912,6,472,83,3,347,83.4995
Heves,Ostoros,2271,0,0,2271,1970,0,1970,0,1973,0,21,1952,17,1264,127,10,534,86.7459
Heves,Parád,1420,0,0,1420,1113,0,1113,0,1113,0,9,1104,11,576,78,17,421,78.3803
Heves,Parádsasvár,321,0,0,321,267,0,267,0,267,0,1,266,2,154,14,7,89,83.1776
Heves,Petőfibánya,1942,0,0,1942,1493,0,1493,0,1495,0,13,1482,2,849,128,30,472,76.8795
Heves,Poroszló,2029,0,0,2029,1488,0,1488,0,1487,0,18,1469,5,612,82,10,739,73.3366
Heves,Pálosvörösmart,496,0,0,496,435,0,435,0,435,0,2,433,4,263,38,6,122,87.7016
Heves,Pély,984,0,0,984,584,0,584,0,584,0,3,581,0,247,32,2,283,59.3496
Heves,Pétervására,1643,0,0,1643,1252,0,1252,0,1252,0,4,1248,6,568,78,11,582,76.2021
Heves,Recsk,2068,0,0,2068,1505,0,1505,0,1505,0,18,1487,8,784,94,21,572,72.7756
Heves,Rózsaszentmárton,1538,0,0,1538,1232,0,1232,0,1229,0,12,1217,8,598,125,15,471,80.104
Heves,Sarud,787,0,0,787,509,0,509,0,506,0,10,496,3,220,30,5,219,64.676
Heves,Sirok,1347,0,0,1347,1073,0,1073,0,1073,0,4,1069,7,545,57,5,454,79.6585
Heves,Szajla,476,0,0,476,357,0,357,0,357,0,0,357,1,118,8,0,228,75.0
Heves,Szarvaskő,291,0,0,291,253,0,253,0,253,0,1,252,2,124,26,5,95,86.9416
Heves,Szentdomonkos,346,0,0,346,262,0,262,0,265,0,17,248,0,72,33,0,132,75.7225
Heves,Szihalom,1596,0,0,1596,1183,0,1183,0,1183,0,5,1178,9,591,94,14,470,74.1228
Heves,Szilvásvárad,1155,0,0,1155,933,0,933,0,933,0,3,930,11,481,72,11,355,80.7792
Heves,Szúcs,270,0,0,270,187,0,187,0,187,0,1,186,1,66,5,1,113,69.2593
Heves,Szűcsi,1206,0,0,1206,1003,0,1003,0,1003,0,6,997,4,466,62,3,461,83.1675
Heves,Tarnabod,443,0,0,443,227,0,227,0,228,0,5,223,0,71,2,1,148,51.2415
Heves,Tarnalelesz,1130,0,0,1130,861,0,861,0,852,0,8,844,4,223,41,3,570,76.1947
Heves,Tarnaméra,1250,0,0,1250,1033,0,1033,0,1032,0,0,1032,2,605,66,3,356,82.64
Heves,Tarnaszentmiklós,558,0,0,558,350,0,350,0,350,0,3,347,0,152,18,1,176,62.724
Heves,Tarnaszentmária,182,0,0,182,146,0,146,0,146,0,0,146,2,53,13,0,78,80.2198
Heves,Tarnazsadány,842,0,0,842,502,0,502,0,501,0,10,491,0,230,4,2,247,59.62
Heves,Tarnaörs,1221,0,0,1221,812,0,812,0,812,0,11,801,2,252,32,3,508,66.5029
Heves,Tenk,907,0,0,907,716,0,716,0,716,0,6,710,5,356,61,4,284,78.9416
Heves,Terpes,130,0,0,130,101,0,101,0,101,0,3,98,1,14,6,2,68,77.6923
Heves,Tiszanána,1685,0,0,1685,1156,0,1156,0,1156,0,21,1135,1,451,67,8,598,68.6053
Heves,Tófalu,415,0,0,415,303,0,303,0,303,0,3,300,3,98,26,2,169,73.012
Heves,Verpelét,2828,0,0,2828,2084,0,2084,0,2082,0,22,2060,5,840,123,21,1044,73.6917
Heves,Visonta,973,0,0,973,801,0,801,0,800,0,3,797,4,470,64,6,253,82.3227
Heves,Visznek,873,0,0,873,681,0,681,0,681,0,2,679,1,287,73,2,316,78.0069
Heves,Vámosgyörk,1554,0,0,1554,1209,0,1209,0,1207,0,6,1201,8,587,113,12,481,77.7992
Heves,Váraszó,385,0,0,385,299,0,299,1,298,0,10,288,0,152,7,4,103,77.6623
Heves,Vécs,466,0,0,466,347,0,347,0,347,0,0,347,2,141,21,5,177,74.4635
Heves,Zagyvaszántó,1463,0,0,1463,1164,0,1164,0,1164,0,4,1160,5,544,103,7,501,79.5625
Heves,Zaránk,357,0,0,357,273,0,273,0,273,0,1,272,2,115,17,4,134,76.4706
Heves,Átány,994,0,0,994,594,0,594,0,594,0,20,574,1,119,46,6,359,59.7586
Heves,Újlőrincfalva,172,0,0,172,127,0,127,0,127,0,0,127,1,61,10,0,55,73.8372
Jász-Nagykun-Szolnok,Abádszalók,3022,0,0,3022,2128,0,2128,0,2128,0,7,2121,13,987,122,29,963,70.4169
Jász-Nagykun-Szolnok,Alattyán,1581,0,0,1581,1158,0,1158,0,1159,0,14,1145,2,474,48,8,585,73.2448
Jász-Nagykun-Szolnok,Berekfürdő,1022,0,0,1022,818,0,818,0,818,0,2,816,3,414,49,7,343,80.0391
Jász-Nagykun-Szolnok,Besenyszög,2583,0,0,2583,2054,0,2054,0,2052,0,5,2047,16,1026,199,25,781,79.5199
Jász-Nagykun-Szolnok,Cibakháza,2903,0,0,2903,1926,0,1926,0,1925,0,35,1890,11,886,92,19,858,66.3452
Jász-Nagykun-Szolnok,Csataszög,237,0,0,237,185,0,185,0,186,0,8,178,0,62,10,1,103,78.0591
Jász-Nagykun-Szolnok,Cserkeszőlő,1909,0,0,1909,1497,0,1497,0,1496,0,9,1487,15,750,94,26,598,78.418
Jász-Nagykun-Szolnok,Csépa,1224,0,0,1224,785,0,785,1,785,0,22,763,2,285,45,4,390,64.134
Jász-Nagykun-Szolnok,Fegyvernek,4833,0,0,4833,3335,0,3335,2,3335,0,33,3302,6,1736,247,28,1266,69.0048
Jász-Nagykun-Szolnok,Hunyadfalva,136,0,0,136,88,0,88,0,88,0,3,85,0,31,4,0,50,64.7059
Jász-Nagykun-Szolnok,Jánoshida,1901,0,0,1901,1425,0,1425,0,1423,0,15,1408,8,696,74,13,600,74.9605
Jász-Nagykun-Szolnok,Jászalsószentgyörgy,2659,0,0,2659,2029,0,2029,0,2029,0,14,2015,10,916,107,15,956,76.3069
Jász-Nagykun-Szolnok,Jászapáti,6175,0,0,6175,4547,0,4547,0,4546,0,57,4489,21,2079,259,33,2058,73.6356
Jász-Nagykun-Szolnok,Jászberény,19369,1783,430,21582,15551,2125,17676,1,17609,0,75,17534,118,10569,1065,182,5585,81.9016
Jász-Nagykun-Szolnok,Jászboldogháza,1353,0,0,1353,1135,0,1135,0,1135,0,7,1128,12,523,110,6,477,83.8877
Jász-Nagykun-Szolnok,Jászdózsa,1675,0,0,1675,1297,0,1297,0,1297,0,11,1286,2,656,92,8,528,77.4328
Jász-Nagykun-Szolnok,Jászfelsőszentgyörgy,1376,0,0,1376,990,0,990,0,988,0,42,946,1,400,75,2,413,71.9477
Jász-Nagykun-Szolnok,Jászfényszaru,4510,0,0,4510,3420,0,3420,0,3420,0,20,3400,25,1501,249,22,1600,75.8315
Jász-Nagykun-Szolnok,Jászivány,282,0,0,282,230,0,230,0,230,0,1,229,1,100,17,1,110,81.5603
Jász-Nagykun-Szolnok,Jászjákóhalma,2222,0,0,2222,1658,0,1658,0,1656,0,16,1640,8,760,101,6,760,74.6175
Jász-Nagykun-Szolnok,Jászkisér,3789,0,0,3789,2587,0,2587,0,2587,0,47,2540,11,1107,150,24,1193,68.2766
Jász-Nagykun-Szolnok,Jászladány,3955,0,0,3955,2485,0,2485,0,2485,0,31,2454,9,771,131,8,1488,62.8319
Jász-Nagykun-Szolnok,Jászszentandrás,1969,0,0,1969,1566,0,1566,0,1566,0,5,1561,10,791,122,9,628,79.5328
Jász-Nagykun-Szolnok,Jásztelek,1149,0,0,1149,850,0,850,0,852,0,18,834,3,367,37,2,391,73.9774
Jász-Nagykun-Szolnok,Jászágó,559,0,0,559,424,0,424,0,424,0,0,424,0,197,42,4,180,75.8497
Jász-Nagykun-Szolnok,Jászárokszállás,5810,0,0,5810,4490,0,4490,0,4491,0,32,4459,22,2275,324,34,1791,77.2806
Jász-Nagykun-Szolnok,Karcag,14191,2659,433,17283,10694,2965,13659,1,13646,0,66,13580,82,7245,755,103,5365,79.0314
Jász-Nagykun-Szolnok,Kenderes,3195,0,0,3195,2186,0,2186,0,2186,0,29,2157,11,805,127,19,1180,68.4194
Jász-Nagykun-Szolnok,Kengyel,2637,0,0,2637,1941,0,1941,0,1941,0,13,1928,14,918,146,23,826,73.6064
Jász-Nagykun-Szolnok,Kisújszállás,7903,0,0,7903,5875,0,5875,0,5869,0,39,5830,37,2793,415,64,2451,74.3389
Jász-Nagykun-Szolnok,Kuncsorba,444,0,0,444,334,0,334,0,334,0,2,332,0,141,32,1,158,75.2252
Jász-Nagykun-Szolnok,Kunhegyes,5475,0,0,5475,3780,0,3780,0,3781,0,34,3747,9,1619,242,18,1853,69.0411
Jász-Nagykun-Szolnok,Kunmadaras,3680,0,0,3680,2352,0,2352,0,2352,0,19,2333,7,865,127,12,1258,63.913
Jász-Nagykun-Szolnok,Kunszentmárton,5897,0,0,5897,4312,0,4312,0,4314,0,60,4254,26,2164,333,44,1615,73.1219
Jász-Nagykun-Szolnok,Kétpó,492,0,0,492,398,0,398,0,398,0,1,397,2,235,19,3,138,80.8943
Jász-Nagykun-Szolnok,Kőtelek,1150,0,0,1150,828,0,828,0,827,0,5,822,4,284,40,10,483,72.0
Jász-Nagykun-Szolnok,Martfű,4668,0,0,4668,3816,0,3816,0,3815,0,15,3800,21,2425,247,53,1054,81.7481
Jász-Nagykun-Szolnok,Mesterszállás,534,0,0,534,438,0,438,0,438,0,2,436,3,210,28,2,193,82.0225
Jász-Nagykun-Szolnok,Mezőhék,245,0,0,245,187,0,187,0,187,0,3,184,0,64,16,1,103,76.3265
Jász-Nagykun-Szolnok,Mezőtúr,12265,0,0,12265,9515,0,9515,0,9515,0,64,9451,56,5417,524,86,3326,77.5785
Jász-Nagykun-Szolnok,Nagyiván,780,0,0,780,575,0,575,0,575,0,1,574,2,226,26,7,308,73.7179
Jász-Nagykun-Szolnok,Nagykörű,1208,0,0,1208,871,0,871,0,874,0,24,850,2,372,51,9,406,72.1026
Jász-Nagykun-Szolnok,Nagyrév,503,0,0,503,361,0,361,0,361,0,1,360,4,196,16,8,135,71.7694
Jász-Nagykun-Szolnok,Pusztamonostor,1227,0,0,1227,963,0,963,0,963,0,5,958,5,401,66,6,479,78.4841
Jász-Nagykun-Szolnok,Rákóczifalva,4194,0,0,4194,3344,0,3344,0,3342,0,12,3330,23,1907,306,33,1061,79.733
Jász-Nagykun-Szolnok,Rákócziújfalu,1468,0,0,1468,1093,0,1093,0,1093,0,0,1093,4,586,107,12,384,74.455
Jász-Nagykun-Szolnok,Szajol,3016,0,0,3016,2415,0,2415,0,2415,0,5,2410,18,1370,223,25,774,80.0729
Jász-Nagykun-Szolnok,Szelevény,771,0,0,771,561,0,561,0,562,0,7,555,0,252,45,2,255,72.7626
Jász-Nagykun-Szolnok,Szolnok,50684,2406,838,53928,40965,3119,44084,2,44112,0,347,43765,359,26945,2857,662,12808,81.746
Jász-Nagykun-Szolnok,Szászberek,762,0,0,762,661,0,661,0,661,0,1,660,7,350,56,5,242,86.7454
Jász-Nagykun-Szolnok,Tiszabura,1905,0,0,1905,1083,0,1083,0,1083,0,14,1069,4,198,19,2,840,56.8504
Jász-Nagykun-Szolnok,Tiszabő,1350,0,0,1350,1040,0,1040,0,1040,0,1,1039,0,17,0,2,1020,77.037
Jász-Nagykun-Szolnok,Tiszaderzs,785,0,0,785,565,0,565,0,565,0,1,564,7,177,28,5,333,71.9745
Jász-Nagykun-Szolnok,Tiszaföldvár,7997,0,0,7997,5744,0,5744,0,5742,0,39,5703,28,2974,454,39,2204,71.8269
Jász-Nagykun-Szolnok,Tiszafüred,8132,0,0,8132,6205,0,6205,0,6210,0,75,6135,36,3218,406,62,2398,76.3035
Jász-Nagykun-Szolnok,Tiszagyenda,736,0,0,736,507,0,507,0,507,0,4,503,2,204,18,4,275,68.8859
Jász-Nagykun-Szolnok,Tiszaigar,510,0,0,510,356,0,356,0,356,0,2,354,2,129,20,2,201,69.8039
Jász-Nagykun-Szolnok,Tiszainoka,312,0,0,312,248,0,248,0,240,0,4,236,0,85,11,3,135,79.4872
Jász-Nagykun-Szolnok,Tiszajenő,1166,0,0,1166,900,0,900,0,900,0,3,897,4,416,91,5,381,77.187
Jász-Nagykun-Szolnok,Tiszakürt,1011,0,0,1011,719,0,719,0,719,0,4,715,9,302,35,1,368,71.1177
Jász-Nagykun-Szolnok,Tiszapüspöki,1548,0,0,1548,1017,0,1017,0,1017,0,24,993,12,418,39,10,473,65.6977
Jász-Nagykun-Szolnok,Tiszaroff,1287,0,0,1287,890,0,890,0,890,0,6,884,4,340,48,10,474,69.1531
Jász-Nagykun-Szolnok,Tiszasas,790,0,0,790,568,0,568,0,568,0,2,566,4,267,38,4,253,71.8987
Jász-Nagykun-Szolnok,Tiszaszentimre,1433,0,0,1433,993,0,993,0,993,0,5,988,3,416,51,6,505,69.2952
Jász-Nagykun-Szolnok,Tiszaszőlős,1086,0,0,1086,827,0,827,0,826,0,3,823,3,323,41,5,443,76.151
Jász-Nagykun-Szolnok,Tiszasüly,1062,0,0,1062,751,0,751,0,751,0,7,744,3,277,58,4,400,70.7156
Jász-Nagykun-Szolnok,Tiszatenyő,1246,0,0,1246,872,0,872,0,872,0,6,866,3,495,51,6,311,69.9839
Jász-Nagykun-Szolnok,Tiszavárkony,1227,0,0,1227,970,0,970,0,970,0,5,965,4,537,71,4,349,79.0546
Jász-Nagykun-Szolnok,Tiszaörs,965,0,0,965,661,0,661,0,660,0,5,655,5,241,40,5,348,68.4974
Jász-Nagykun-Szolnok,Tomajmonostora,492,0,0,492,360,0,360,0,360,0,1,359,0,137,18,0,204,73.1707
Jász-Nagykun-Szolnok,Tószeg,3484,0,0,3484,2760,0,2760,0,2760,0,5,2755,17,1577,199,26,935,79.2193
Jász-Nagykun-Szolnok,Törökszentmiklós,15276,2210,484,17970,11280,2595,13875,1,13880,0,177,13703,90,7822,1196,139,4274,77.212
Jász-Nagykun-Szolnok,Túrkeve,6313,0,0,6313,4543,0,4543,0,4542,0,44,4498,22,2224,300,24,1919,71.9626
Jász-Nagykun-Szolnok,Vezseny,475,0,0,475,364,0,364,0,362,0,3,359,1,206,32,3,111,76.6316
Jász-Nagykun-Szolnok,Zagyvarékas,2761,0,0,2761,1864,0,1864,0,1863,0,13,1850,11,838,130,17,840,67.5118
Jász-Nagykun-Szolnok,Öcsöd,2258,0,0,2258,1496,0,1496,0,1496,0,20,1476,8,596,101,10,703,66.2533
Jász-Nagykun-Szolnok,Örményes,779,0,0,779,617,0,617,0,617,0,8,609,0,338,54,2,215,79.2041
Jász-Nagykun-Szolnok,Újszász,4694,0,0,4694,3462,0,3462,0,3460,0,28,3432,31,1670,247,27,1440,73.7537
Komárom-Esztergom,Aka,205,0,0,205,174,0,174,0,174,0,1,173,1,70,13,1,88,84.878
Komárom-Esztergom,Almásfüzitő,1581,0,0,1581,1237,0,1237,1,1236,0,8,1228,11,649,96,16,456,78.2416
Komárom-Esztergom,Annavölgy,718,0,0,718,521,0,521,0,521,0,4,517,1,284,45,15,172,72.5627
Komárom-Esztergom,Baj,2273,0,0,2273,1909,0,1909,0,1909,0,11,1898,10,1134,106,31,542,83.9859
Komárom-Esztergom,Bajna,1506,0,0,1506,1183,0,1183,0,1183,0,2,1181,3,535,84,12,544,78.5525
Komárom-Esztergom,Bajót,1230,0,0,1230,893,0,893,0,894,0,14,880,9,393,52,1,424,72.6016
Komárom-Esztergom,Bakonybánk,318,0,0,318,244,0,244,0,244,0,2,242,0,104,21,7,110,76.7296
Komárom-Esztergom,Bakonyszombathely,1089,0,0,1089,815,0,815,0,816,0,5,811,2,444,50,8,306,74.8393
Komárom-Esztergom,Bakonysárkány,767,0,0,767,632,0,632,0,644,0,47,597,0,257,51,0,270,82.399
Komárom-Esztergom,Bana,1201,0,0,1201,950,0,950,0,950,0,3,947,7,454,47,17,421,79.1007
Komárom-Esztergom,Bokod,1701,0,0,1701,1359,0,1359,0,1359,0,4,1355,8,722,88,14,522,79.8942
Komárom-Esztergom,Bábolna,2646,0,0,2646,2158,0,2158,0,2158,0,8,2150,18,1301,90,26,714,81.5571
Komárom-Esztergom,Bársonyos,578,0,0,578,405,0,405,0,405,0,5,400,1,155,30,3,211,70.0692
Komárom-Esztergom,Csatka,185,0,0,185,141,0,141,0,141,0,0,141,1,66,14,2,57,76.2162
Komárom-Esztergom,Csolnok,2512,0,0,2512,1984,0,1984,0,1982,0,11,1971,11,1121,140,16,576,78.9809
Komárom-Esztergom,Császár,1427,0,0,1427,1118,0,1118,0,1117,0,12,1105,8,502,78,16,500,78.3462
Komárom-Esztergom,Csém,316,0,0,316,273,0,273,0,273,0,0,273,3,94,16,9,151,86.3924
Komárom-Esztergom,Csép,278,0,0,278,223,0,223,0,223,0,2,221,2,94,8,3,114,80.2158
Komárom-Esztergom,Dad,783,0,0,783,668,0,668,0,666,0,3,663,0,308,58,7,290,85.3129
Komárom-Esztergom,Dorog,8724,0,0,8724,6784,0,6784,0,6783,0,32,6751,55,4206,388,107,1969,77.7625
Komárom-Esztergom,Dunaalmás,1391,0,0,1391,1106,0,1106,0,1106,0,2,1104,11,579,68,14,432,79.5111
Komárom-Esztergom,Dunaszentmiklós,441,0,0,441,378,0,378,0,378,0,4,374,3,181,23,1,128,85.7143
Komárom-Esztergom,Dág,744,0,0,744,608,0,608,0,608,0,1,607,5,303,39,3,223,81.7204
Komárom-Esztergom,Dömös,926,0,0,926,726,0,726,0,726,0,7,719,7,350,50,3,306,78.4017
Komárom-Esztergom,Epöl,490,0,0,490,419,0,419,0,419,0,0,419,2,161,28,3,225,85.5102
Komárom-Esztergom,Esztergom,21323,1825,815,23963,16887,2519,19406,0,19386,0,91,19295,168,11042,1155,246,6648,80.9832
Komárom-Esztergom,Ete,458,0,0,458,378,0,378,0,378,0,1,377,3,136,39,7,192,82.5328
Komárom-Esztergom,Gyermely,1209,0,0,1209,1021,0,1021,0,1021,0,6,1015,8,531,68,6,390,84.45
Komárom-Esztergom,Héreg,876,0,0,876,675,0,675,0,674,0,5,669,6,354,62,6,241,77.0548
Komárom-Esztergom,Kecskéd,1612,0,0,1612,1329,0,1329,0,1327,0,5,1322,8,672,73,14,478,82.4442
Komárom-Esztergom,Kerékteleki,511,0,0,511,381,0,381,0,381,0,5,376,1,176,27,4,168,74.5597
Komárom-Esztergom,Kesztölc,2159,0,0,2159,1696,0,1696,0,1696,0,4,1692,15,972,109,21,563,78.5549
Komárom-Esztergom,Kisbér,4227,0,0,4227,3273,0,3273,0,3274,0,23,3251,18,1620,176,29,1403,77.4308
Komárom-Esztergom,Kisigmánd,378,0,0,378,303,0,303,0,303,0,0,303,1,163,10,0,129,80.1587
Komárom-Esztergom,Kocs,2053,0,0,2053,1691,0,1691,0,1690,0,6,1684,13,704,152,7,808,82.3673
Komárom-Esztergom,Komárom,14213,1807,572,16592,11602,2280,13882,0,13875,0,64,13811,124,7728,921,178,4847,83.6668
Komárom-Esztergom,Kömlőd,837,0,0,837,666,0,666,0,666,0,1,665,2,358,40,5,259,79.5699
Komárom-Esztergom,Környe,3775,0,0,3775,2996,0,2996,0,2996,0,13,2983,23,1662,206,45,1018,79.3642
Komárom-Esztergom,Leányvár,1417,0,0,1417,1141,0,1141,0,1141,0,8,1133,9,588,90,3,406,80.5222
Komárom-Esztergom,Lábatlan,3818,0,0,3818,2941,0,2941,1,2939,0,14,2925,22,1617,211,31,1044,77.0299
Komárom-Esztergom,Mocsa,1651,0,0,1651,1354,0,1354,0,1347,0,6,1341,4,609,105,10,613,82.0109
Komárom-Esztergom,Mogyorósbánya,691,0,0,691,581,0,581,0,578,0,0,578,8,355,35,4,175,84.081
Komárom-Esztergom,Máriahalom,524,0,0,524,420,0,420,0,420,0,2,418,3,225,24,1,154,80.1527
Komárom-Esztergom,Nagyigmánd,2205,0,0,2205,1790,0,1790,0,1788,0,18,1770,18,743,111,17,881,81.1791
Komárom-Esztergom,Nagysáp,1210,0,0,1210,852,0,852,0,853,0,5,848,2,369,62,4,410,70.4132
Komárom-Esztergom,Naszály,1885,0,0,1885,1506,0,1506,1,1505,0,5,1500,10,808,108,23,551,79.8939
Komárom-Esztergom,Neszmély,1052,0,0,1052,842,0,842,0,842,0,6,836,10,393,80,6,346,80.038
Komárom-Esztergom,Nyergesújfalu,5574,0,0,5574,4454,0,4454,0,4450,0,20,4430,26,2706,277,59,1328,79.9067
Komárom-Esztergom,Oroszlány,13357,0,0,13357,10038,0,10038,1,10038,0,74,9964,86,5544,571,143,3605,75.1516
Komárom-Esztergom,Piliscsév,2029,0,0,2029,1632,0,1632,0,1632,0,6,1626,16,909,108,9,577,80.4337
Komárom-Esztergom,Pilismarót,1639,0,0,1639,1285,0,1285,0,1286,0,15,1271,13,564,80,6,604,78.4015
Komárom-Esztergom,Réde,996,0,0,996,830,0,830,0,830,0,2,828,5,359,56,4,403,83.3333
Komárom-Esztergom,Szomor,881,0,0,881,729,0,729,0,731,0,4,727,5,426,54,4,216,82.7469
Komárom-Esztergom,Szomód,1836,0,0,1836,1555,0,1555,0,1556,0,15,1541,11,850,95,9,514,84.695
Komárom-Esztergom,Szákszend,1184,0,0,1184,925,0,925,0,925,0,1,924,3,465,58,8,390,78.125
Komárom-Esztergom,Szárliget,1926,0,0,1926,1628,0,1628,0,1628,0,3,1625,24,970,104,41,482,84.5275
Komárom-Esztergom,Sárisáp,2230,0,0,2230,1741,0,1741,0,1740,0,5,1735,12,1089,98,24,496,78.0717
Komárom-Esztergom,Súr,961,0,0,961,705,0,705,0,705,0,1,704,6,317,55,6,320,73.3611
Komárom-Esztergom,Süttő,1579,0,0,1579,1300,0,1300,0,1300,0,4,1296,11,717,89,23,445,82.3306
Komárom-Esztergom,Tardos,1300,0,0,1300,1051,0,1051,0,1051,0,8,1043,4,638,56,10,327,80.8462
Komárom-Esztergom,Tarján,2101,0,0,2101,1773,0,1773,0,1773,0,10,1763,11,868,102,17,554,84.3884
Komárom-Esztergom,Tata,17341,0,0,17341,14506,0,14506,0,14503,0,62,14441,121,8578,789,176,4732,83.6515
Komárom-Esztergom,Tatabánya,50611,1693,759,53063,39260,2341,41601,4,41587,0,187,41400,347,24886,1965,660,13398,78.3993
Komárom-Esztergom,Tokod,3295,0,0,3295,2491,0,2491,0,2489,0,15,2474,17,1377,140,16,923,75.5994
Komárom-Esztergom,Tokodaltáró,2214,0,0,2214,1702,0,1702,0,1681,0,5,1676,7,894,110,17,644,76.8744
Komárom-Esztergom,Tárkány,1148,0,0,1148,872,0,872,0,875,0,19,856,6,370,42,5,431,75.9582
Komárom-Esztergom,Tát,4237,0,0,4237,3449,0,3449,2,3449,0,14,3435,23,2057,182,30,1121,81.4019
Komárom-Esztergom,Várgesztes,509,0,0,509,437,0,437,0,437,0,4,433,5,251,31,3,108,85.8546
Komárom-Esztergom,Vérteskethely,460,0,0,460,345,0,345,0,345,0,0,345,1,176,24,2,142,75.0
Komárom-Esztergom,Vértessomló,1134,0,0,1134,978,0,978,0,979,0,5,974,5,555,59,8,269,86.2434
Komárom-Esztergom,Vértesszőlős,2797,0,0,2797,2169,0,2169,0,2162,0,7,2155,19,1256,111,38,728,77.5474
Komárom-Esztergom,Vértestolna,446,0,0,446,373,0,373,0,373,0,1,372,2,212,25,5,101,83.6323
Komárom-Esztergom,Ács,5463,0,0,5463,4058,0,4058,0,4057,0,29,4028,23,1977,226,42,1759,74.2815
Komárom-Esztergom,Ácsteszér,549,0,0,549,426,0,426,0,426,0,5,421,5,182,21,6,207,77.5956
Komárom-Esztergom,Ászár,1347,0,0,1347,1080,0,1080,0,1079,0,3,1076,9,575,71,3,418,80.1782
Komárom-Esztergom,Úny,575,0,0,575,464,0,464,0,464,0,2,462,5,228,32,1,196,80.6957
Nógrád,Alsópetény,477,0,0,477,379,0,379,0,379,0,2,377,2,191,31,7,146,79.4549
Nógrád,Alsótold,174,0,0,174,149,0,149,0,149,0,2,147,0,79,8,0,60,85.6322
Nógrád,Balassagyarmat,10870,2474,511,13855,8904,2819,11723,1,11718,0,83,11635,68,6909,872,117,3607,84.6121
Nógrád,Becske,406,0,0,406,320,0,320,0,320,0,4,316,0,123,40,2,144,78.8177
Nógrád,Bercel,1259,0,0,1259,985,0,985,0,985,0,1,984,6,365,87,12,513,78.2367
Nógrád,Berkenye,614,0,0,614,520,0,520,0,520,0,2,518,3,223,46,3,170,84.6906
Nógrád,Bokor,80,0,0,80,71,0,71,0,71,0,0,71,1,32,6,1,31,88.75
Nógrád,Borsosberény,703,0,0,703,517,0,517,0,517,0,8,509,2,264,31,3,187,73.542
Nógrád,Buják,1542,0,0,1542,1145,0,1145,1,1144,0,14,1130,2,401,106,12,609,74.2542
Nógrád,Bánk,590,0,0,590,490,0,490,0,485,0,3,482,5,227,54,8,181,83.0508
Nógrád,Bárna,729,0,0,729,548,0,548,0,548,0,2,546,3,192,47,3,301,75.1715
Nógrád,Bátonyterenye,8694,0,0,8694,6119,0,6119,0,6116,0,45,6071,24,3331,365,90,2200,70.3819
Nógrád,Bér,269,0,0,269,215,0,215,0,215,0,2,213,2,76,15,0,116,79.9257
Nógrád,Cered,773,0,0,773,541,0,541,0,541,0,5,536,4,225,24,11,271,69.9871
Nógrád,Cserháthaláp,266,0,0,266,223,0,223,0,223,0,0,223,2,104,31,0,86,83.8346
Nógrád,Cserhátsurány,581,0,0,581,444,0,444,0,444,0,4,440,2,160,23,3,246,76.42
Nógrád,Cserhátszentiván,96,0,0,96,78,0,78,0,78,0,0,78,2,33,6,1,36,81.25
Nógrád,Csesztve,252,0,0,252,205,0,205,0,204,0,2,202,2,96,34,1,60,81.3492
Nógrád,Csitár,308,0,0,308,248,0,248,0,248,0,0,248,0,102,17,4,117,80.5195
Nógrád,Csécse,663,0,0,663,523,0,523,0,521,0,2,519,1,205,52,8,248,78.8839
Nógrád,Debercsény,70,0,0,70,54,0,54,0,54,0,0,54,0,18,13,0,23,77.1429
Nógrád,Dejtár,1078,0,0,1078,798,0,798,0,798,0,13,785,1,352,49,9,346,74.026
Nógrád,Diósjenő,2224,0,0,2224,1662,0,1662,0,1662,0,5,1657,12,705,138,15,783,74.7302
Nógrád,Dorogháza,769,0,0,769,590,0,590,0,590,0,8,582,3,265,35,7,265,76.723
Nógrád,Drégelypalánk,1046,0,0,1046,718,0,718,0,718,0,16,702,1,252,76,6,345,68.6424
Nógrád,Ecseg,866,0,0,866,618,0,618,0,618,0,3,615,1,214,38,3,340,71.3626
Nógrád,Egyházasdengeleg,315,0,0,315,250,0,250,0,244,0,1,243,0,120,23,3,96,79.3651
Nógrád,Egyházasgerge,529,0,0,529,368,0,368,0,366,0,3,363,1,132,12,3,214,69.5652
Nógrád,Endrefalva,861,0,0,861,575,0,575,0,575,0,16,559,3,129,4,3,361,66.7828
Nógrád,Erdőkürt,418,0,0,418,343,0,343,0,342,0,4,338,1,151,38,2,145,82.0574
Nógrád,Erdőtarcsa,422,0,0,422,299,0,299,0,299,0,5,294,0,96,36,1,144,70.8531
Nógrád,Etes,996,0,0,996,638,0,638,0,637,0,2,635,0,295,29,7,293,64.0562
Nógrád,Felsőpetény,457,0,0,457,392,0,392,0,392,0,2,390,1,130,36,3,218,85.7768
Nógrád,Felsőtold,112,0,0,112,84,0,84,0,84,0,1,83,0,47,5,1,30,75.0
Nógrád,Galgaguta,483,0,0,483,392,0,392,0,392,0,2,390,2,170,39,2,174,81.1594
Nógrád,Garáb,28,0,0,28,24,0,24,0,24,0,0,24,0,9,5,0,10,85.7143
Nógrád,Herencsény,443,0,0,443,330,0,330,0,330,0,4,326,1,107,24,4,186,74.4921
Nógrád,Hollókő,246,0,0,246,205,0,205,0,205,0,1,204,0,109,15,0,79,83.3333
Nógrád,Hont,379,0,0,379,289,0,289,0,289,0,5,284,3,89,20,0,171,76.2533
Nógrád,Horpács,137,0,0,137,115,0,115,0,114,0,0,114,1,55,12,1,44,83.9416
Nógrád,Hugyag,623,0,0,623,422,0,422,0,422,0,13,409,0,111,6,1,267,67.7368
Nógrád,Héhalom,748,0,0,748,579,0,579,0,579,0,15,564,2,236,30,0,283,77.4064
Nógrád,Iliny,112,0,0,112,93,0,93,0,93,0,0,93,0,30,16,0,47,83.0357
Nógrád,Ipolyszög,428,0,0,428,319,0,319,0,320,0,4,316,1,135,36,4,127,74.5327
Nógrád,Ipolytarnóc,297,0,0,297,195,0,195,0,195,0,2,193,0,61,10,3,118,65.6566
Nógrád,Ipolyvece,608,0,0,608,441,0,441,0,441,0,3,438,4,138,32,1,251,72.5329
Nógrád,Jobbágyi,1498,0,0,1498,1090,0,1090,0,1090,0,21,1069,3,473,79,15,458,72.7637
Nógrád,Karancsalja,1122,0,0,1122,865,0,865,0,865,0,1,864,5,445,76,9,328,77.0945
Nógrád,Karancsberény,635,0,0,635,505,0,505,0,505,0,4,501,3,250,38,6,204,79.5276
Nógrád,Karancskeszi,1309,0,0,1309,873,0,873,0,873,0,4,869,4,332,59,11,460,66.6921
Nógrád,Karancslapujtő,1915,0,0,1915,1437,0,1437,0,1437,0,4,1433,12,605,99,16,699,75.0392
Nógrád,Karancsság,894,0,0,894,577,0,577,0,577,0,9,568,2,168,13,0,369,64.5414
Nógrád,Kazár,1329,0,0,1329,902,0,902,0,902,0,13,889,5,400,47,7,417,67.8706
Nógrád,Keszeg,592,0,0,592,506,0,506,0,506,0,0,506,3,186,63,2,252,85.473
Nógrád,Kisbágyon,325,0,0,325,251,0,251,0,251,0,0,251,1,118,33,1,97,77.2308
Nógrád,Kisbárkány,128,0,0,128,115,0,115,0,115,0,1,114,1,31,11,0,71,89.8438
Nógrád,Kisecset,166,0,0,166,126,0,126,0,126,0,0,126,2,49,15,2,58,75.9036
Nógrád,Kishartyán,417,0,0,417,341,0,341,0,341,0,2,339,4,169,28,3,128,81.7746
Nógrád,Kozárd,125,0,0,125,111,0,111,0,111,0,0,111,0,31,18,2,60,88.8
Nógrád,Kutasó,68,0,0,68,54,0,54,0,54,0,2,52,0,26,0,2,24,79.4118
Nógrád,Kálló,1055,0,0,1055,662,0,662,0,660,0,11,649,3,214,58,3,357,62.7488
Nógrád,Kétbodony,371,0,0,371,311,0,311,0,311,0,1,310,0,121,29,5,154,83.8275
Nógrád,Legénd,365,0,0,365,278,0,278,0,278,0,3,275,3,108,19,1,138,76.1644
Nógrád,Litke,549,0,0,549,409,0,409,0,409,0,7,402,1,100,20,1,275,74.4991
Nógrád,Lucfalva,448,0,0,448,346,0,346,0,340,0,7,333,0,96,27,2,181,77.2321
Nógrád,Ludányhalászi,970,0,0,970,620,0,620,1,619,0,5,614,4,215,32,7,340,63.9175
Nógrád,Magyargéc,583,0,0,583,446,0,446,0,446,0,8,438,4,141,10,3,251,76.5009
Nógrád,Magyarnándor,869,0,0,869,686,0,686,0,686,0,9,677,2,336,57,6,265,78.9413
Nógrád,Mihálygerge,423,0,0,423,315,0,315,0,315,0,2,313,0,158,12,5,137,74.4681
Nógrád,Mohora,688,0,0,688,486,0,486,0,486,0,17,469,3,183,43,6,200,70.6395
Nógrád,Márkháza,194,0,0,194,165,0,165,0,165,0,0,165,2,41,8,2,110,85.0515
Nógrád,Mátramindszent,570,0,0,570,439,0,439,0,439,0,2,437,2,195,23,4,195,77.0175
Nógrád,Mátranovák,1245,0,0,1245,907,0,907,0,907,0,2,905,6,441,72,4,381,72.8514
Nógrád,Mátraszele,707,0,0,707,530,0,530,0,526,0,5,521,1,257,30,3,228,74.9646
Nógrád,Mátraszőlős,1148,0,0,1148,887,0,887,0,887,0,5,882,6,452,56,6,361,77.2648
Nógrád,Mátraterenye,1301,0,0,1301,942,0,942,0,942,0,6,936,6,403,69,18,438,72.4058
Nógrád,Mátraverebély,1316,0,0,1316,887,0,887,0,887,0,7,880,3,334,53,6,459,67.4012
Nógrád,Nagybárkány,472,0,0,472,390,0,390,0,390,0,5,385,0,80,17,0,266,82.6271
Nógrád,Nagykeresztúr,197,0,0,197,159,0,159,0,159,0,0,159,2,66,10,0,81,80.7107
Nógrád,Nagylóc,1077,0,0,1077,743,0,743,0,743,0,7,736,2,250,76,8,376,68.9879
Nógrád,Nagyoroszi,1494,0,0,1494,1126,0,1126,2,1124,0,9,1115,4,542,94,15,449,75.3681
Nógrád,Nemti,541,0,0,541,424,0,424,0,424,0,2,422,3,196,30,7,186,78.3734
Nógrád,Nézsa,948,0,0,948,772,0,772,0,772,0,6,766,2,313,61,6,366,81.4346
Nógrád,Nógrád,1254,0,0,1254,1064,0,1064,0,1064,0,1,1063,4,534,86,4,434,84.8485
Nógrád,Nógrádkövesd,466,0,0,466,386,0,386,0,385,0,3,382,1,175,22,5,178,82.8326
Nógrád,Nógrádmarcal,337,0,0,337,260,0,260,0,260,0,7,253,0,96,24,1,125,77.1513
Nógrád,Nógrádmegyer,1222,0,0,1222,811,0,811,0,811,0,29,782,2,239,28,6,451,66.3666
Nógrád,Nógrádsipek,542,0,0,542,439,0,439,1,438,0,2,436,2,164,57,2,211,80.9963
Nógrád,Nógrádszakál,413,0,0,413,279,0,279,0,278,0,1,277,0,65,13,1,195,67.5545
Nógrád,Nógrádsáp,713,0,0,713,590,0,590,0,590,0,3,587,1,223,52,2,304,82.7489
Nógrád,Nőtincs,956,0,0,956,799,0,799,0,796,0,6,790,8,362,47,10,362,83.5774
Nógrád,Palotás,1280,0,0,1280,1055,0,1055,0,1055,0,2,1053,5,544,78,12,412,82.4219
Nógrád,Patak,688,0,0,688,529,0,529,0,528,0,4,524,1,196,51,4,266,76.8895
Nógrád,Patvarc,580,0,0,580,461,0,461,0,474,0,49,425,0,209,25,0,180,79.4828
Nógrád,Piliny,438,0,0,438,325,0,325,0,325,0,3,322,0,118,31,2,166,74.2009
Nógrád,Pusztaberki,144,0,0,144,123,0,123,0,123,0,1,122,1,59,11,1,50,85.4167
Nógrád,Pásztó,6848,0,0,6848,5671,0,5671,0,5670,0,34,5636,23,2887,406,53,2258,82.8125
Nógrád,Rimóc,1150,0,0,1150,851,0,851,0,851,0,4,847,5,241,74,9,517,74.0
Nógrád,Romhány,1697,0,0,1697,1264,0,1264,0,1264,0,11,1253,7,570,126,13,534,74.4844
Nógrád,Rákóczibánya,470,0,0,470,359,0,359,0,358,0,1,357,2,207,15,2,127,76.383
Nógrád,Rétság,2042,0,0,2042,1705,0,1705,0,1700,0,3,1697,14,808,167,21,668,83.4966
Nógrád,Salgótarján,24641,2528,536,27705,18029,2945,20974,2,20953,0,148,20805,124,11654,1177,314,7338,75.7047
Nógrád,Somoskőújfalu,1699,0,0,1699,1275,0,1275,0,1275,0,3,1272,9,621,112,13,516,75.0441
Nógrád,Szalmatercs,345,0,0,345,258,0,258,0,264,0,23,241,0,64,19,0,135,74.7826
Nógrád,Szanda,436,0,0,436,353,0,353,0,353,0,8,345,0,166,25,4,148,80.9633
Nógrád,Szarvasgede,330,0,0,330,280,0,280,1,270,0,3,267,1,106,17,2,140,84.8485
Nógrád,Szendehely,1304,0,0,1304,1107,0,1107,0,1106,0,15,1091,12,428,58,5,338,84.8926
Nógrád,Szente,226,0,0,226,178,0,178,0,178,0,1,177,1,57,14,2,103,78.7611
Nógrád,Szilaspogony,201,0,0,201,132,0,132,0,129,0,1,128,0,33,9,1,84,65.6716
Nógrád,Szirák,766,0,0,766,504,0,504,0,503,0,3,500,2,164,19,2,283,65.7963
Nógrád,Szuha,438,0,0,438,367,0,367,0,367,0,0,367,0,220,28,6,113,83.79
Nógrád,Szurdokpüspöki,1477,0,0,1477,1193,0,1193,0,1193,0,5,1188,13,535,136,5,498,80.7718
Nógrád,Szátok,355,0,0,355,218,0,218,0,218,0,6,212,2,53,3,0,129,61.4085
Nógrád,Szécsénke,165,0,0,165,143,0,143,0,143,0,1,142,0,56,11,1,74,86.6667
Nógrád,Szécsény,4158,0,0,4158,3310,0,3310,0,3312,0,36,3276,9,1578,269,27,1362,79.6056
Nógrád,Szécsényfelfalu,324,0,0,324,236,0,236,0,236,0,2,234,1,80,20,2,126,72.8395
Nógrád,Szügy,1110,0,0,1110,937,0,937,0,937,0,6,931,6,466,124,14,317,84.4144
Nógrád,Ságújfalu,690,0,0,690,467,0,467,0,467,0,3,464,5,200,27,5,213,67.6812
Nógrád,Sámsonháza,188,0,0,188,161,0,161,0,161,0,2,159,1,71,16,0,56,85.6383
Nógrád,Sóshartyán,621,0,0,621,426,0,426,0,426,0,15,411,1,81,13,2,282,68.599
Nógrád,Tar,1454,0,0,1454,1087,0,1087,0,1084,0,6,1078,8,510,71,7,476,74.7593
Nógrád,Tereske,565,0,0,565,412,0,412,0,412,0,7,405,1,150,29,3,211,72.9204
Nógrád,Terény,260,0,0,260,219,0,219,0,220,0,6,214,1,65,30,4,112,84.2308
Nógrád,Tolmács,595,0,0,595,502,0,502,0,502,0,0,502,2,251,30,5,212,84.3697
Nógrád,Vanyarc,913,0,0,913,653,0,653,0,653,0,10,643,0,235,80,6,312,71.5225
Nógrád,Varsány,1197,0,0,1197,916,0,916,0,915,0,9,906,3,259,89,4,491,76.5246
Nógrád,Vizslás,948,0,0,948,698,0,698,0,696,0,5,691,4,365,34,10,274,73.6287
Nógrád,Zabar,309,0,0,309,195,0,195,0,195,0,2,193,0,53,8,1,128,63.1068
Nógrád,Érsekvadkert,2714,0,0,2714,2091,0,2091,0,2091,0,10,2081,8,930,155,17,966,77.045
Nógrád,Őrhalom,817,0,0,817,626,0,626,0,626,0,7,619,2,295,71,8,239,76.6218
Nógrád,Ősagárd,253,0,0,253,237,0,237,0,237,0,2,235,1,105,29,5,94,93.6759
Pest,Abony,11246,0,0,11246,8503,0,8503,0,8501,0,51,8450,52,4073,665,75,3571,75.6091
Pest,Acsa,1061,0,0,1061,795,0,795,1,794,0,4,790,1,344,53,6,368,74.9293
Pest,Albertirsa,10757,0,0,10757,8550,0,8550,1,8545,0,32,8513,61,4527,620,92,3199,79.4831
Pest,Alsónémedi,4207,0,0,4207,3486,0,3486,0,3484,0,21,3463,19,1609,293,23,1514,82.8619
Pest,Apaj,883,0,0,883,677,0,677,0,677,0,0,677,2,337,44,15,277,76.6704
Pest,Aszód,4694,0,0,4694,3939,0,3939,0,3940,0,29,3911,26,2283,237,36,1320,83.9156
Pest,Bag,2932,0,0,2932,2264,0,2264,0,2264,0,12,2252,19,1122,154,30,927,77.2169
Pest,Bernecebaráti,606,0,0,606,493,0,493,0,493,0,1,492,3,194,46,4,245,81.3531
Pest,Biatorbágy,11224,0,0,11224,9651,0,9651,0,9656,0,76,9580,120,5621,602,83,3065,85.9854
Pest,Budajenő,1910,0,0,1910,1710,0,1710,0,1709,0,3,1706,14,983,100,13,563,89.5288
Pest,Budakalász,9025,0,0,9025,7856,0,7856,0,7855,0,32,7823,91,4585,498,70,2525,87.0471
Pest,Budakeszi,11662,0,0,11662,10131,0,10131,0,10123,0,49,10074,111,6027,536,109,3171,86.8719
Pest,Budaörs,21374,1702,1835,24911,18399,3339,21738,2,21734,0,90,21644,238,14267,957,250,5660,87.2627
Pest,Bugyi,4229,0,0,4229,3368,0,3368,0,3368,0,15,3353,22,1482,297,28,1518,79.6406
Pest,Bénye,1007,0,0,1007,830,0,830,0,830,0,5,825,13,356,82,13,360,82.423
Pest,Cegléd,27733,1643,503,29879,21758,2053,23811,3,23805,0,144,23661,163,13163,1666,213,8342,79.6914
Pest,Ceglédbercel,3496,0,0,3496,2773,0,2773,0,2772,0,15,2757,26,1359,225,33,1030,79.3192
Pest,Csemő,3368,0,0,3368,2318,0,2318,1,2317,0,15,2302,10,1030,244,15,996,68.8242
Pest,Csobánka,2767,0,0,2767,2217,0,2217,0,2219,0,22,2197,26,1235,105,14,792,80.1229
Pest,Csomád,1417,0,0,1417,1203,0,1203,0,1203,0,3,1200,9,714,89,12,373,84.8977
Pest,Csévharaszt,1663,0,0,1663,1276,0,1276,0,1277,0,7,1270,2,628,115,4,521,76.7288
Pest,Csömör,7619,0,0,7619,6577,0,6577,0,6572,0,26,6546,70,4123,390,38,1895,86.3237
Pest,Csörög,1675,0,0,1675,1235,0,1235,0,1235,0,9,1226,10,545,81,12,572,73.7313
Pest,Csővár,503,0,0,503,426,0,426,0,426,0,4,422,4,167,44,0,202,84.6918
Pest,Dabas,13484,1568,448,15500,11146,1918,13064,2,13060,0,59,13001,85,6993,820,88,4998,84.2839
Pest,Diósd,8445,0,0,8445,7459,0,7459,0,7462,0,41,7421,72,4686,403,100,2133,88.3245
Pest,Domony,1746,0,0,1746,1390,0,1390,0,1391,0,16,1375,8,664,84,8,589,79.6105
Pest,Dunabogdány,2549,0,0,2549,2142,0,2142,0,2141,0,17,2124,21,883,139,18,935,84.033
Pest,Dunaharaszti,17900,0,0,17900,15014,0,15014,0,15007,0,45,14962,135,9151,785,192,4465,83.8771
Pest,Dunakeszi,31795,1579,1269,34643,27389,2683,30072,1,30051,0,108,29943,299,19669,1511,367,7973,86.8054
Pest,Dunavarsány,6879,0,0,6879,5680,0,5680,0,5684,0,54,5630,34,3345,351,56,1807,82.5701
Pest,Dánszentmiklós,2131,0,0,2131,1608,0,1608,0,1608,0,4,1604,6,718,151,16,712,75.4575
Pest,Dány,3563,0,0,3563,2777,0,2777,0,2777,0,26,2751,17,1120,178,22,1413,77.9399
Pest,Délegyháza,4450,0,0,4450,3606,0,3606,0,3607,0,15,3592,22,2113,222,40,1188,81.0337
Pest,Dömsöd,4757,0,0,4757,3531,0,3531,0,3530,0,9,3521,25,1568,261,29,1635,74.2275
Pest,Ecser,3244,0,0,3244,2748,0,2748,0,2748,0,8,2740,33,1616,181,30,878,84.7102
Pest,Erdőkertes,7529,0,0,7529,6042,0,6042,2,6033,0,20,6013,47,3431,409,81,2026,80.2497
Pest,Farmos,2766,0,0,2766,2066,0,2066,0,2067,0,8,2059,19,981,159,22,878,74.6927
Pest,Felsőpakony,2941,0,0,2941,2411,0,2411,0,2411,0,5,2406,30,1266,205,20,885,81.9789
Pest,Fót,16035,0,0,16035,13455,0,13455,0,13453,0,61,13392,120,7977,815,155,4315,83.9102
Pest,Galgagyörk,716,0,0,716,559,0,559,0,559,0,3,556,0,240,49,2,265,78.0726
Pest,Galgahévíz,2015,0,0,2015,1599,0,1599,0,1598,0,5,1593,19,723,118,24,708,79.3548
Pest,Galgamácsa,1512,0,0,1512,1224,0,1224,0,1224,0,7,1217,6,598,101,11,500,80.9524
Pest,Gomba,2497,0,0,2497,1953,0,1953,0,1952,0,11,1941,24,989,155,15,754,78.2139
Pest,Gyál,18874,0,0,18874,15026,0,15026,2,15020,0,37,14983,116,8865,915,180,4898,79.6122
Pest,Gyömrő,15001,0,0,15001,12415,0,12415,0,12413,0,37,12376,111,7611,726,110,3809,82.7611
Pest,Göd,16251,0,0,16251,14177,0,14177,0,14171,0,37,14134,168,8863,780,133,4187,87.2377
Pest,Gödöllő,23620,1735,1165,26520,20117,2792,22909,1,22902,0,82,22820,242,13975,1310,219,7023,86.3839
Pest,Halásztelek,9192,0,0,9192,7757,0,7757,1,7744,0,26,7718,75,4718,431,67,2413,84.3886
Pest,Herceghalom,1981,0,0,1981,1740,0,1740,0,1740,0,9,1731,17,1153,65,16,479,87.8344
Pest,Hernád,3280,0,0,3280,2526,0,2526,0,2524,0,11,2513,14,1374,167,15,941,77.0122
Pest,Hévízgyörk,2678,0,0,2678,2276,0,2276,0,2277,0,16,2261,12,1242,158,34,813,84.9888
Pest,Iklad,1571,0,0,1571,1368,0,1368,0,1368,0,11,1357,11,703,84,14,416,87.0783
Pest,Inárcs,3777,0,0,3777,3082,0,3082,1,3083,0,33,3050,16,1602,242,31,1155,81.5992
Pest,Ipolydamásd,327,0,0,327,250,0,250,0,250,0,1,249,2,119,10,1,117,76.4526
Pest,Ipolytölgyes,194,0,0,194,151,0,151,0,151,0,0,151,1,65,8,0,77,77.8351
Pest,Isaszeg,8999,0,0,8999,7219,0,7219,0,7219,0,37,7182,56,3846,477,115,2678,80.22
Pest,Jászkarajenő,2004,0,0,2004,1389,0,1389,0,1395,0,47,1348,0,586,88,3,655,69.3114
Pest,Kakucs,2426,0,0,2426,1932,0,1932,0,1932,0,12,1920,9,941,155,24,787,79.6373
Pest,Kartal,4671,0,0,4671,3848,0,3848,0,3848,0,16,3832,15,1883,298,27,1606,82.3806
Pest,Kemence,721,0,0,721,549,0,549,0,549,0,8,541,5,218,35,6,276,76.1442
Pest,Kerepes,8738,0,0,8738,7355,0,7355,0,7352,0,30,7322,62,4323,486,64,2351,84.1726
Pest,Kiskunlacháza,7456,0,0,7456,5685,0,5685,0,5683,0,28,5655,38,2963,426,38,2186,76.2473
Pest,Kismaros,1996,0,0,1996,1771,0,1771,0,1770,0,8,1762,22,984,132,19,562,88.7275
Pest,Kisnémedi,561,0,0,561,471,0,471,0,470,0,3,467,3,255,33,3,173,83.9572
Pest,Kisoroszi,798,0,0,798,688,0,688,0,688,0,2,686,10,347,47,10,272,86.2155
Pest,Kistarcsa,10330,0,0,10330,8855,0,8855,0,8846,0,23,8823,71,5358,545,70,2768,85.7212
Pest,Kocsér,1424,0,0,1424,1097,0,1097,0,1097,0,9,1088,9,457,69,11,542,77.0365
Pest,Kosd,1989,0,0,1989,1648,0,1648,0,1649,0,11,1638,10,740,111,8,769,82.8557
Pest,Káva,512,0,0,512,426,0,426,1,412,0,6,406,3,236,28,3,136,83.2031
Pest,Kóka,3633,0,0,3633,2723,0,2723,0,2725,0,18,2707,27,1293,244,25,1112,74.9518
Pest,Kóspallag,576,0,0,576,483,0,483,0,483,0,1,482,6,216,65,9,185,83.8542
Pest,Kőröstetétlen,640,0,0,640,529,0,529,0,522,0,10,512,3,231,24,2,252,82.6562
Pest,Letkés,846,0,0,846,703,0,703,0,684,0,6,678,5,276,71,8,316,83.0969
Pest,Leányfalu,3092,0,0,3092,2661,0,2661,0,2660,0,11,2649,26,1509,171,27,915,86.0608
Pest,Lórév,239,0,0,239,188,0,188,0,188,0,3,185,3,97,5,2,78,78.6611
Pest,Maglód,9619,0,0,9619,8043,0,8043,0,8041,0,42,7999,66,4680,522,118,2606,83.6158
Pest,Majosháza,1372,0,0,1372,1142,0,1142,0,1140,0,6,1134,10,599,69,13,443,83.2362
Pest,Makád,989,0,0,989,746,0,746,0,746,0,3,743,6,316,72,3,345,75.4297
Pest,Mende,3448,0,0,3448,2789,0,2789,0,2790,0,14,2776,35,1570,203,33,935,80.8875
Pest,Mikebuda,542,0,0,542,377,0,377,0,377,0,2,375,7,151,36,2,179,69.5572
Pest,Mogyoród,6315,0,0,6315,5356,0,5356,0,5355,0,15,5340,40,3006,327,48,1917,84.8139
Pest,Monor,14689,1979,427,17095,11651,2260,13911,2,13889,0,74,13815,116,7642,956,120,4969,81.3747
Pest,Monorierdő,4142,0,0,4142,3258,0,3258,0,3252,0,25,3227,16,1692,260,40,1215,78.6577
Pest,Márianosztra,602,0,0,602,511,0,511,0,492,0,4,488,2,224,49,3,209,84.8837
Pest,Nagybörzsöny,481,0,0,481,368,0,368,0,346,0,1,345,2,114,22,4,162,76.5073
Pest,Nagykovácsi,6098,0,0,6098,5385,0,5385,0,5384,0,16,5368,72,3369,326,38,1533,88.3076
Pest,Nagykáta,9569,0,0,9569,7381,0,7381,0,7377,0,40,7337,30,3548,500,52,3205,77.1345
Pest,Nagykőrös,17909,0,0,17909,13693,0,13693,1,13682,0,79,13603,80,7062,821,149,5426,76.4588
Pest,Nagymaros,3851,0,0,3851,3261,0,3261,1,3258,0,15,3243,38,1551,215,35,1380,84.6793
Pest,Nagytarcsa,4724,0,0,4724,4172,0,4172,0,4171,0,7,4164,44,2496,276,31,1306,88.315
Pest,Nyáregyháza,3084,0,0,3084,2396,0,2396,0,2398,0,16,2382,11,1113,262,12,980,77.6913
Pest,Nyársapát,1549,0,0,1549,1084,0,1084,0,1084,0,13,1071,4,512,79,10,466,69.9806
Pest,Penc,1184,0,0,1184,1007,0,1007,0,1007,0,2,1005,10,470,93,9,423,85.0507
Pest,Perbál,1672,0,0,1672,1394,0,1394,0,1397,0,19,1378,5,680,86,5,568,83.3732
Pest,Perőcsény,301,0,0,301,247,0,247,0,247,0,4,243,7,103,28,9,96,82.0598
Pest,Pilis,9339,0,0,9339,6747,0,6747,1,6745,0,43,6702,50,3159,804,52,2628,72.2454
Pest,Pilisborosjenő,3268,0,0,3268,2837,0,2837,0,2836,0,16,2820,45,1764,153,22,784,86.8115
Pest,Piliscsaba,6269,0,0,6269,5309,0,5309,0,5299,0,28,5271,90,2908,342,44,1771,84.6866
Pest,Pilisjászfalu,1610,0,0,1610,1386,0,1386,0,1385,0,4,1381,22,867,91,20,378,86.087
Pest,Pilisszentiván,3373,0,0,3373,2909,0,2909,0,2906,0,14,2892,33,1468,185,27,1068,86.2437
Pest,Pilisszentkereszt,1723,0,0,1723,1505,0,1505,0,1499,0,14,1485,8,756,118,9,571,87.3476
Pest,Pilisszentlászló,959,0,0,959,820,0,820,0,820,0,4,816,16,472,65,5,251,85.5057
Pest,Pilisszántó,2177,0,0,2177,1826,0,1826,0,1826,0,7,1819,17,954,131,13,680,83.8769
Pest,Pilisvörösvár,11357,1814,1613,14784,9495,3235,12730,6,12714,0,73,12641,125,7182,624,100,4082,86.1066
Pest,Pomáz,14017,0,0,14017,11864,0,11864,1,11845,0,39,11806,153,6841,659,153,3921,84.6401
Pest,Pusztavacs,1008,0,0,1008,761,0,761,0,760,0,1,759,3,343,68,5,340,75.496
Pest,Pusztazámor,947,0,0,947,803,0,803,0,803,0,3,800,11,462,51,10,265,84.7941
Pest,Pánd,1433,0,0,1433,956,0,956,0,956,0,9,947,3,425,103,10,398,66.7132
Pest,Páty,6337,0,0,6337,5303,0,5303,1,5311,0,63,5248,54,2988,298,46,1829,83.6831
Pest,Pécel,12920,1770,641,15331,10904,2302,13206,2,13173,0,58,13115,143,8024,721,123,4081,86.1392
Pest,Péteri,2108,0,0,2108,1704,0,1704,0,1704,0,8,1696,5,927,146,29,578,80.8349
Pest,Pócsmegyer,2319,0,0,2319,1938,0,1938,0,1938,0,8,1930,26,1015,139,24,726,83.5705
Pest,Püspökhatvan,1066,0,0,1066,896,0,896,0,896,0,4,892,8,353,58,2,459,84.0525
Pest,Püspökszilágy,580,0,0,580,482,0,482,0,481,0,0,481,6,223,36,4,212,83.1034
Pest,Remeteszőlős,789,0,0,789,692,0,692,0,692,0,2,690,11,411,50,4,214,87.706
Pest,Ráckeve,8482,1870,639,10991,6728,2377,9105,2,9091,0,32,9059,70,5287,543,76,3035,82.8405
Pest,Rád,1566,0,0,1566,1331,0,1331,0,1331,0,5,1326,10,624,103,9,580,84.9936
Pest,Solymár,8656,0,0,8656,7469,0,7469,0,7468,0,55,7413,80,4040,404,88,2570,86.287
Pest,Szada,4862,0,0,4862,4220,0,4220,0,4206,0,13,4193,37,2455,302,36,1360,86.7956
Pest,Szentendre,21308,2131,1383,24822,18377,3338,21715,2,21708,0,94,21614,249,13215,1133,219,6741,87.4829
Pest,Szentlőrinckáta,1492,0,0,1492,1044,0,1044,0,1044,0,4,1040,6,438,78,8,509,69.9732
Pest,Szentmártonkáta,3955,0,0,3955,2879,0,2879,0,2877,0,18,2859,18,1435,247,33,1122,72.7939
Pest,Szigetbecse,1122,0,0,1122,905,0,905,0,905,0,7,898,4,409,54,10,384,80.6595
Pest,Szigetcsép,2259,0,0,2259,1813,0,1813,0,1805,0,13,1792,10,961,100,29,624,80.2568
Pest,Szigethalom,14439,0,0,14439,11377,0,11377,0,11378,0,60,11318,90,7039,632,186,3357,78.7935
Pest,Szigetmonostor,2367,0,0,2367,1982,0,1982,0,1982,0,11,1971,26,1077,132,21,715,83.7347
Pest,Szigetszentmiklós,30206,1788,949,32943,24620,2589,27209,0,27198,0,78,27120,296,16995,1505,330,7916,82.5942
Pest,Szigetszentmárton,2113,0,0,2113,1720,0,1720,0,1720,0,4,1716,4,1021,113,21,491,81.4009
Pest,Szigetújfalu,1848,0,0,1848,1477,0,1477,0,1477,0,6,1471,16,845,96,36,449,79.9242
Pest,Szob,1998,0,0,1998,1624,0,1624,0,1624,0,4,1620,22,790,94,17,696,81.2813
Pest,Szokolya,1480,0,0,1480,1231,0,1231,0,1231,0,9,1222,19,598,124,14,466,83.1757
Pest,Százhalombatta,13926,0,0,13926,11587,0,11587,0,11585,0,41,11544,91,7052,673,190,3530,83.2041
Pest,Sződ,2484,0,0,2484,2091,0,2091,0,2092,0,7,2085,19,1013,144,14,893,84.1787
Pest,Sződliget,3740,0,0,3740,3250,0,3250,0,3248,0,10,3238,36,1897,199,58,1046,86.8984
Pest,Sóskút,2870,0,0,2870,2339,0,2339,0,2341,0,18,2323,19,1353,196,15,722,81.4983
Pest,Sülysáp,6736,0,0,6736,5376,0,5376,0,5374,0,36,5338,42,2894,376,28,1974,79.81
Pest,Tahitótfalu,4975,0,0,4975,4160,0,4160,1,4155,0,15,4140,39,2076,300,27,1697,83.6181
Pest,Taksony,5323,0,0,5323,4473,0,4473,0,4471,0,36,4435,39,2510,255,48,1307,84.0316
Pest,Tatárszentgyörgy,1426,0,0,1426,995,0,995,0,995,0,7,988,7,339,49,8,585,69.7756
Pest,Telki,3178,0,0,3178,2875,0,2875,0,2875,0,10,2865,34,1841,129,17,839,90.4657
Pest,Tinnye,1499,0,0,1499,1266,0,1266,0,1266,0,3,1263,9,764,90,8,389,84.4563
Pest,Tura,6101,0,0,6101,4678,0,4678,0,4677,0,32,4645,35,2087,265,55,2171,76.676
Pest,Táborfalva,2625,0,0,2625,1944,0,1944,0,1942,0,6,1936,12,1021,144,7,751,74.0571
Pest,Tápióbicske,2818,0,0,2818,2020,0,2020,0,2024,0,42,1982,18,887,161,17,870,71.682
Pest,Tápiógyörgye,2745,0,0,2745,1839,0,1839,0,1838,0,7,1831,15,940,110,23,740,66.9945
Pest,Tápiószecső,4831,0,0,4831,3764,0,3764,0,3763,0,24,3739,29,1947,247,30,1478,77.9135
Pest,Tápiószele,4671,0,0,4671,3171,0,3171,0,3183,0,77,3106,10,1494,173,19,1369,67.887
Pest,Tápiószentmárton,4628,0,0,4628,3499,0,3499,0,3498,0,18,3480,19,1569,233,25,1632,75.605
Pest,Tápiószőlős,2381,0,0,2381,1674,0,1674,0,1676,0,27,1649,4,783,133,6,720,70.3066
Pest,Tápióság,2176,0,0,2176,1693,0,1693,0,1693,0,11,1682,9,902,114,13,644,77.8033
Pest,Tárnok,8234,0,0,8234,6826,0,6826,0,6831,0,50,6781,70,4022,422,79,2169,82.9002
Pest,Tésa,74,0,0,74,64,0,64,0,64,0,0,64,0,34,8,2,20,86.4865
Pest,Tóalmás,3177,0,0,3177,2248,0,2248,0,2253,0,43,2210,9,1038,163,25,954,70.7586
Pest,Tök,1121,0,0,1121,948,0,948,0,948,0,3,945,6,455,77,11,389,84.5674
Pest,Tököl,8312,0,0,8312,6650,0,6650,0,6651,0,18,6633,55,3846,407,79,2227,80.0048
Pest,Törtel,3323,0,0,3323,2319,0,2319,0,2319,0,30,2289,9,1025,121,18,1105,69.7863
Pest,Törökbálint,10925,0,0,10925,9268,0,9268,0,9266,0,43,9223,78,5608,473,94,2776,84.833
Pest,Valkó,1931,0,0,1931,1339,0,1339,0,1339,0,8,1331,5,555,73,17,680,69.3423
Pest,Vasad,1590,0,0,1590,1278,0,1278,0,1280,0,17,1263,8,605,98,4,548,80.3774
Pest,Vecsés,16210,1368,757,18335,13371,1987,15358,1,15343,0,64,15279,144,9027,873,150,4802,83.7633
Pest,Veresegyház,15401,0,0,15401,13481,0,13481,1,13479,0,42,13437,125,8504,812,153,3831,87.5333
Pest,Verseg,1003,0,0,1003,750,0,750,0,750,0,8,742,2,291,94,5,344,74.7757
Pest,Verőce,3009,0,0,3009,2570,0,2570,0,2572,0,21,2551,39,1363,203,18,917,85.4104
Pest,Visegrád,1304,0,0,1304,1062,0,1062,0,1057,0,13,1044,9,451,80,11,451,81.4417
Pest,Vác,25559,1833,778,28170,21288,2488,23776,4,23771,0,109,23662,252,13628,1425,244,8055,84.4018
Pest,Vácduka,1409,0,0,1409,1165,0,1165,0,1165,0,4,1161,16,654,76,3,411,82.6828
Pest,Vácegres,731,0,0,731,568,0,568,0,567,0,7,560,4,246,47,5,257,77.7018
Pest,Váchartyán,1486,0,0,1486,1220,0,1220,0,1220,0,2,1218,12,577,92,4,530,82.0996
Pest,Váckisújfalu,386,0,0,386,329,0,329,0,329,0,2,327,5,154,28,1,139,85.2332
Pest,Vácrátót,2054,0,0,2054,1774,0,1774,0,1774,0,10,1764,20,999,98,4,641,86.3681
Pest,Vácszentlászló,1756,0,0,1756,1420,0,1420,0,1420,0,9,1411,12,684,112,18,584,80.8656
Pest,Vámosmikola,1094,0,0,1094,799,0,799,0,798,0,3,795,6,265,65,5,453,73.0347
Pest,Zebegény,983,0,0,983,862,0,862,0,862,0,4,858,18,408,64,7,338,87.6907
Pest,Zsámbok,1949,0,0,1949,1466,0,1466,0,1465,0,6,1459,15,677,96,13,657,75.2181
Pest,Zsámbék,4307,0,0,4307,3651,0,3651,0,3639,0,16,3623,39,1911,210,37,1375,84.769
Pest,Áporka,971,0,0,971,771,0,771,0,774,0,3,771,3,383,62,17,304,79.4027
Pest,Érd,54588,1875,1048,57511,45875,2746,48621,5,48605,0,181,48424,528,29032,2665,597,15362,84.5421
Pest,Ócsa,7678,0,0,7678,6163,0,6163,0,6163,0,20,6143,50,3015,363,50,2661,80.2683
Pest,Örkény,3691,0,0,3691,2461,0,2461,1,2459,0,11,2448,22,1119,148,26,1102,66.6757
Pest,Újhartyán,2287,0,0,2287,1965,0,1965,0,1966,0,14,1952,4,901,135,5,735,85.9204
Pest,Újlengyel,1468,0,0,1468,1218,0,1218,0,1191,0,8,1183,4,524,96,10,548,82.97
Pest,Újszilvás,2105,0,0,2105,1560,0,1560,0,1560,0,8,1552,4,656,112,13,767,74.1093
Pest,Úri,2015,0,0,2015,1627,0,1627,0,1625,0,11,1614,15,788,143,8,660,80.7444
Pest,Üllő,9922,0,0,9922,8118,0,8118,0,8118,0,17,8101,77,4598,504,88,2816,81.8182
Pest,Üröm,6306,0,0,6306,5534,0,5534,4,5534,0,16,5518,60,3515,296,50,1545,87.7577
Pest,Őrbottyán,6411,0,0,6411,5389,0,5389,0,5387,0,25,5362,35,3030,360,44,1892,84.0586
Somogy,Alsóbogát,172,0,0,172,130,0,130,0,130,0,1,129,1,47,4,2,75,75.5814
Somogy,Andocs,718,0,0,718,525,0,525,0,524,0,2,522,5,217,21,4,273,73.1198
Somogy,Babócsa,1111,0,0,1111,762,0,762,0,762,0,6,756,2,350,33,2,367,68.5869
Somogy,Bakháza,124,0,0,124,90,0,90,0,90,0,0,90,0,41,7,0,42,72.5806
Somogy,Balatonberény,868,0,0,868,693,0,693,0,693,0,2,691,8,392,41,4,245,79.8387
Somogy,Balatonboglár,4353,0,0,4353,3580,0,3580,0,3580,0,11,3569,22,1892,191,41,1418,82.2421
Somogy,Balatonendréd,1041,0,0,1041,823,0,823,0,823,0,4,819,2,345,79,11,382,79.0586
Somogy,Balatonfenyves,1664,0,0,1664,1314,0,1314,0,1305,0,11,1294,10,620,65,18,580,78.9663
Somogy,Balatonföldvár,1810,0,0,1810,1541,0,1541,0,1541,0,4,1537,15,844,64,22,590,85.1381
Somogy,Balatonkeresztúr,1341,0,0,1341,1077,0,1077,0,1077,0,2,1075,13,611,57,23,369,80.3132
Somogy,Balatonlelle,3732,0,0,3732,3039,0,3039,0,3039,0,18,3021,21,1540,181,31,1246,81.4309
Somogy,Balatonmáriafürdő,600,0,0,600,483,0,483,0,483,0,3,480,3,243,47,5,181,80.5
Somogy,Balatonszabadi,2325,0,0,2325,1871,0,1871,0,1871,0,7,1864,22,933,117,24,766,80.4731
Somogy,Balatonszemes,1325,0,0,1325,1089,0,1089,0,1089,0,2,1087,10,512,68,20,477,82.1887
Somogy,Balatonszentgyörgy,1164,0,0,1164,941,0,941,0,940,0,3,937,6,468,43,16,404,80.8419
Somogy,Balatonszárszó,1694,0,0,1694,1389,0,1389,0,1389,0,4,1385,7,730,69,22,557,81.9953
Somogy,Balatonvilágos,1091,0,0,1091,926,0,926,0,925,0,2,923,10,553,59,7,293,84.8763
Somogy,Balatonújlak,339,0,0,339,289,0,289,0,289,0,1,288,2,131,22,5,128,85.2507
Somogy,Balatonőszöd,407,0,0,407,333,0,333,0,333,0,1,332,3,145,23,6,155,81.8182
Somogy,Barcs,7914,1932,363,10209,5828,2203,8031,3,8027,0,38,7989,56,4787,381,121,2553,78.6659
Somogy,Baté,587,0,0,587,458,0,458,0,453,0,7,446,1,243,28,8,153,78.0239
Somogy,Bedegkér,286,0,0,286,178,0,178,0,178,0,0,178,2,90,4,1,81,62.2378
Somogy,Beleg,399,0,0,399,305,0,305,1,304,0,1,303,0,115,10,2,173,76.4411
Somogy,Berzence,1735,0,0,1735,1283,0,1283,0,1283,0,12,1271,6,514,69,7,674,73.9481
Somogy,Bodrog,299,0,0,299,230,0,230,0,230,0,0,230,3,114,24,1,88,76.9231
Somogy,Bolhás,320,0,0,320,240,0,240,0,240,0,10,230,2,82,10,0,136,75.0
Somogy,Bolhó,501,0,0,501,312,0,312,0,311,0,5,306,0,77,17,5,180,62.2754
Somogy,Bonnya,165,0,0,165,125,0,125,0,125,0,3,122,1,45,4,3,56,75.7576
Somogy,Buzsák,914,0,0,914,714,0,714,0,714,0,1,713,3,350,55,10,295,78.1182
Somogy,Bábonymegyer,605,0,0,605,400,0,400,0,400,0,6,394,2,201,25,2,164,66.1157
Somogy,Bálványos,428,0,0,428,338,0,338,0,338,0,1,337,1,169,20,4,143,78.972
Somogy,Bárdudvarnok,852,0,0,852,672,0,672,0,666,0,4,662,7,329,64,3,255,78.8732
Somogy,Bélavár,249,0,0,249,200,0,200,0,200,0,3,197,1,88,5,0,103,80.3213
Somogy,Böhönye,1646,0,0,1646,1203,0,1203,0,1203,0,4,1199,5,561,65,9,517,73.0863
Somogy,Büssü,184,0,0,184,116,0,116,0,116,0,2,114,0,14,11,2,84,63.0435
Somogy,Bőszénfa,359,0,0,359,279,0,279,0,280,0,11,269,0,121,21,0,116,77.7159
Somogy,Cserénfa,174,0,0,174,136,0,136,0,136,0,0,136,0,75,7,4,48,78.1609
Somogy,Csokonyavisonta,1098,0,0,1098,798,0,798,0,798,0,10,788,8,336,43,12,389,72.6776
Somogy,Csoma,329,0,0,329,273,0,273,0,273,0,1,272,0,110,20,3,138,82.9787
Somogy,Csombárd,208,0,0,208,167,0,167,2,166,0,2,164,1,75,11,4,73,80.2885
Somogy,Csurgó,3656,0,0,3656,2734,0,2734,0,2734,0,20,2714,15,1376,166,38,1116,74.7812
Somogy,Csurgónagymarton,111,0,0,111,85,0,85,0,85,0,2,83,0,39,9,2,33,76.5766
Somogy,Csákány,169,0,0,169,96,0,96,0,96,0,0,96,0,25,4,1,66,56.8047
Somogy,Csököly,705,0,0,705,495,0,495,0,496,0,6,490,2,176,21,2,289,70.2128
Somogy,Csömend,207,0,0,207,170,0,170,0,170,0,1,169,0,61,6,1,101,82.1256
Somogy,Darány,667,0,0,667,457,0,457,0,450,0,10,440,3,195,20,4,190,68.5157
Somogy,Drávagárdony,117,0,0,117,70,0,70,0,70,0,0,70,1,19,4,0,46,59.8291
Somogy,Drávatamási,157,0,0,157,117,0,117,0,117,0,4,113,0,43,7,0,59,74.5223
Somogy,Ecseny,130,0,0,130,102,0,102,0,102,0,0,102,0,17,9,1,72,78.4615
Somogy,Edde,128,0,0,128,85,0,85,0,85,0,0,85,0,22,1,0,57,66.4062
Somogy,Felsőmocsolád,255,0,0,255,181,0,181,0,181,0,0,181,1,86,8,1,85,70.9804
Somogy,Fiad,82,0,0,82,56,0,56,0,56,0,0,56,1,24,0,1,30,68.2927
Somogy,Fonyód,3939,0,0,3939,3185,0,3185,0,3185,0,9,3176,25,1680,190,65,1213,80.8581
Somogy,Fonó,248,0,0,248,168,0,168,0,168,0,1,167,0,82,7,7,71,67.7419
Somogy,Főnyed,56,0,0,56,39,0,39,0,39,0,1,38,0,18,3,0,17,69.6429
Somogy,Gadács,70,0,0,70,51,0,51,0,51,0,0,51,0,28,2,0,21,72.8571
Somogy,Gadány,211,0,0,211,142,0,142,0,142,0,2,140,1,49,5,0,85,67.2986
Somogy,Gamás,516,0,0,516,345,0,345,0,344,0,4,340,0,104,18,2,202,66.8605
Somogy,Gige,289,0,0,289,187,0,187,0,187,0,1,186,0,67,10,1,108,64.7059
Somogy,Gyugy,227,0,0,227,178,0,178,0,179,0,3,176,0,68,14,0,94,78.4141
Somogy,Gyékényes,736,0,0,736,570,0,570,0,570,0,5,565,2,241,32,10,273,77.4457
Somogy,Gálosfa,163,0,0,163,125,0,125,0,125,0,3,122,0,36,6,2,72,76.6871
Somogy,Gölle,569,0,0,569,408,0,408,0,408,0,2,406,1,152,26,9,217,71.7047
Somogy,Görgeteg,796,0,0,796,524,0,524,0,524,0,4,520,1,228,18,1,268,65.8291
Somogy,Hajmás,158,0,0,158,110,0,110,0,110,0,3,107,0,32,2,0,61,69.6203
Somogy,Hedrehely,269,0,0,269,176,0,176,0,176,0,4,172,1,48,6,5,110,65.4275
Somogy,Hencse,240,0,0,240,187,0,187,0,187,0,3,184,1,67,7,2,100,77.9167
Somogy,Heresznye,183,0,0,183,137,0,137,0,137,0,0,137,1,41,8,0,69,74.8634
Somogy,Hetes,886,0,0,886,732,0,732,0,732,0,3,729,1,332,52,8,336,82.6185
Somogy,Hollád,173,0,0,173,130,0,130,0,130,0,5,125,2,46,4,0,70,75.1445
Somogy,Homokszentgyörgy,767,0,0,767,492,0,492,0,492,0,4,488,1,220,26,8,229,64.146
Somogy,Hosszúvíz,36,0,0,36,27,0,27,0,27,0,0,27,0,8,5,0,14,75.0
Somogy,Hács,261,0,0,261,208,0,208,0,208,0,0,208,2,109,13,1,83,79.6935
Somogy,Háromfa,489,0,0,489,356,0,356,0,356,0,4,352,4,173,16,1,158,72.8016
Somogy,Igal,1049,0,0,1049,825,0,825,0,825,0,3,822,2,384,39,18,370,78.6463
Somogy,Iharos,345,0,0,345,244,0,244,0,244,0,1,243,0,109,10,1,122,70.7246
Somogy,Iharosberény,971,0,0,971,634,0,634,0,634,0,10,624,3,246,31,1,332,65.2935
Somogy,Inke,869,0,0,869,565,0,565,0,562,0,10,552,0,240,31,2,278,65.0173
Somogy,Istvándi,365,0,0,365,200,0,200,0,200,0,3,197,1,60,4,1,129,54.7945
Somogy,Juta,927,0,0,927,763,0,763,0,763,0,4,759,9,431,50,9,256,82.3085
Somogy,Jákó,466,0,0,466,337,0,337,0,337,0,3,334,0,137,17,5,175,72.3176
Somogy,Kadarkút,1846,0,0,1846,1331,0,1331,0,1331,0,12,1319,7,557,60,11,673,72.1018
Somogy,Kapoly,484,0,0,484,347,0,347,0,347,0,8,339,5,147,22,0,165,71.6942
Somogy,Kaposfő,1194,0,0,1194,951,0,951,0,951,0,8,943,3,480,71,6,374,79.6482
Somogy,Kaposgyarmat,74,0,0,74,62,0,62,0,62,0,0,62,1,33,5,1,22,83.7838
Somogy,Kaposhomok,351,0,0,351,220,0,220,0,220,0,2,218,1,108,12,2,95,62.6781
Somogy,Kaposkeresztúr,226,0,0,226,152,0,152,1,151,0,2,149,0,44,7,2,88,67.2566
Somogy,Kaposmérő,1859,0,0,1859,1541,0,1541,0,1541,0,9,1532,9,773,104,20,625,82.894
Somogy,Kaposszerdahely,791,0,0,791,619,0,619,0,620,0,7,613,2,330,34,2,224,78.2554
Somogy,Kaposvár,45688,2138,619,48445,36268,2640,38908,7,38884,0,132,38752,248,22858,2203,573,12771,80.3138
Somogy,Kaposújlak,547,0,0,547,468,0,468,0,471,0,8,463,2,286,28,5,142,85.5576
Somogy,Karád,1063,0,0,1063,777,0,777,0,777,0,4,773,7,286,37,9,432,73.095
Somogy,Kastélyosdombó,134,0,0,134,87,0,87,0,87,0,1,86,0,30,2,0,51,64.9254
Somogy,Kaszó,75,0,0,75,59,0,59,0,59,0,0,59,0,27,6,2,24,78.6667
Somogy,Kazsok,213,0,0,213,165,0,165,0,165,0,2,163,0,32,4,0,127,77.4648
Somogy,Kelevíz,253,0,0,253,172,0,172,0,170,0,2,168,0,72,7,1,87,67.9842
Somogy,Kercseliget,257,0,0,257,174,0,174,0,174,0,7,167,1,79,5,0,69,67.7043
Somogy,Kereki,433,0,0,433,339,0,339,0,339,0,1,338,3,159,37,3,136,78.291
Somogy,Kisasszond,124,0,0,124,92,0,92,0,92,0,2,90,1,50,4,0,33,74.1935
Somogy,Kisbajom,260,0,0,260,175,0,175,0,175,0,3,172,0,72,9,0,91,67.3077
Somogy,Kisberény,109,0,0,109,80,0,80,0,79,0,1,78,1,26,15,0,35,73.3945
Somogy,Kisbárapáti,271,0,0,271,186,0,186,0,186,0,3,183,1,83,4,3,82,68.6347
Somogy,Kisgyalán,143,0,0,143,105,0,105,0,105,0,0,105,0,45,1,2,56,73.4266
Somogy,Kiskorpád,663,0,0,663,480,0,480,0,480,0,4,476,4,223,30,3,214,72.3982
Somogy,Komlósd,139,0,0,139,112,0,112,0,112,0,1,111,0,45,5,1,56,80.5755
Somogy,Kutas,984,0,0,984,664,0,664,0,664,0,7,657,0,260,40,5,352,67.4797
Somogy,Kálmáncsa,391,0,0,391,257,0,257,0,257,0,5,252,0,93,8,1,147,65.7289
Somogy,Kánya,343,0,0,343,219,0,219,0,218,0,2,216,3,77,15,2,119,63.8484
Somogy,Kára,42,0,0,42,32,0,32,0,32,0,0,32,0,12,0,0,20,76.1905
Somogy,Kéthely,1576,0,0,1576,1195,0,1195,0,1195,0,3,1192,3,554,69,9,557,75.8249
Somogy,Kötcse,387,0,0,387,299,0,299,0,299,0,1,298,0,129,23,8,138,77.261
Somogy,Kőkút,389,0,0,389,213,0,213,0,213,0,3,210,2,37,11,4,146,54.7558
Somogy,Kőröshegy,1134,0,0,1134,885,0,885,0,885,0,4,881,2,445,52,15,367,78.0423
Somogy,Lad,436,0,0,436,281,0,281,0,281,0,0,281,2,122,9,1,146,64.4495
Somogy,Lakócsa,394,0,0,394,231,0,231,0,230,0,3,227,0,73,4,3,129,58.6294
Somogy,Lengyeltóti,2228,0,0,2228,1640,0,1640,0,1640,0,12,1628,4,741,112,12,742,73.6086
Somogy,Libickozma,23,0,0,23,18,0,18,0,18,0,0,18,0,7,2,0,9,78.2609
Somogy,Lulla,150,0,0,150,126,0,126,0,126,0,2,124,0,59,4,2,59,84.0
Somogy,Lábod,1376,0,0,1376,1003,0,1003,0,1003,0,8,995,6,395,59,9,524,72.8924
Somogy,Látrány,1059,0,0,1059,820,0,820,0,820,0,6,814,4,356,46,12,394,77.4315
Somogy,Magyaratád,625,0,0,625,504,0,504,0,510,0,25,485,0,256,25,2,202,80.64
Somogy,Magyaregres,471,0,0,471,365,0,365,0,364,0,1,363,2,182,23,3,153,77.4947
Somogy,Marcali,8498,2598,553,11649,6561,3013,9574,3,9558,0,34,9524,67,5552,517,107,3271,82.1873
Somogy,Mernye,1034,0,0,1034,811,0,811,0,812,0,6,806,4,430,38,10,323,78.4333
Somogy,Mesztegnyő,931,0,0,931,700,0,700,0,700,0,3,697,7,300,36,5,349,75.188
Somogy,Mezőcsokonya,900,0,0,900,675,0,675,0,674,0,4,670,3,309,38,4,306,75.0
Somogy,Mike,439,0,0,439,289,0,289,0,289,0,8,281,2,117,8,1,126,65.8314
Somogy,Miklósi,138,0,0,138,108,0,108,0,108,0,0,108,0,47,7,0,48,78.2609
Somogy,Mosdós,658,0,0,658,469,0,469,0,468,0,7,461,2,187,39,7,213,71.2766
Somogy,Nagyatád,7657,0,0,7657,6013,0,6013,0,6014,0,32,5982,26,3551,308,101,1979,78.5295
Somogy,Nagybajom,2352,0,0,2352,1648,0,1648,0,1648,0,14,1634,4,689,93,19,826,70.068
Somogy,Nagyberki,1063,0,0,1063,803,0,803,0,803,0,3,800,3,397,67,6,327,75.5409
Somogy,Nagyberény,1068,0,0,1068,779,0,779,0,779,0,1,778,4,366,54,10,343,72.9401
Somogy,Nagycsepely,272,0,0,272,220,0,220,0,220,0,1,219,1,82,9,7,120,80.8824
Somogy,Nagykorpád,362,0,0,362,272,0,272,0,273,0,8,265,2,110,15,0,135,75.1381
Somogy,Nagyszakácsi,257,0,0,257,166,0,166,0,166,0,2,164,0,77,10,1,76,64.5914
Somogy,Nemesdéd,496,0,0,496,354,0,354,0,354,0,14,340,0,56,10,1,237,71.371
Somogy,Nemeskisfalud,76,0,0,76,43,0,43,0,43,0,1,42,0,13,2,0,27,56.5789
Somogy,Nemesvid,408,0,0,408,286,0,286,0,286,0,1,285,0,100,10,1,173,70.098
Somogy,Nikla,453,0,0,453,334,0,334,0,334,0,7,327,0,92,17,2,204,73.7307
Somogy,Nyim,244,0,0,244,184,0,184,0,184,0,0,184,6,81,11,2,84,75.4098
Somogy,Nágocs,440,0,0,440,324,0,324,0,324,0,3,321,1,144,23,3,150,73.6364
Somogy,Orci,435,0,0,435,347,0,347,0,347,0,1,346,2,199,20,2,122,79.7701
Somogy,Ordacsehi,594,0,0,594,484,0,484,0,484,0,2,482,0,184,23,7,268,81.4815
Somogy,Osztopán,534,0,0,534,375,0,375,0,376,0,8,368,1,149,16,1,201,70.2247
Somogy,Pamuk,201,0,0,201,144,0,144,0,144,0,2,142,0,63,2,0,76,71.6418
Somogy,Patalom,231,0,0,231,180,0,180,0,181,0,8,173,0,46,7,2,118,77.9221
Somogy,Patca,43,0,0,43,34,0,34,0,34,0,0,34,0,13,1,1,19,79.0698
Somogy,Patosfa,186,0,0,186,139,0,139,0,139,0,0,139,0,52,9,1,75,74.7312
Somogy,Pogányszentpéter,370,0,0,370,279,0,279,0,280,0,4,276,0,124,16,0,136,75.4054
Somogy,Polány,167,0,0,167,117,0,117,0,117,0,2,115,0,35,7,0,73,70.0599
Somogy,Porrog,148,0,0,148,122,0,122,0,122,0,0,122,0,35,1,1,85,82.4324
Somogy,Porrogszentkirály,206,0,0,206,152,0,152,0,152,0,2,150,2,51,7,0,90,73.7864
Somogy,Porrogszentpál,61,0,0,61,47,0,47,0,47,0,0,47,0,14,1,0,32,77.0492
Somogy,Potony,140,0,0,140,97,0,97,0,97,0,2,95,0,28,5,0,49,69.2857
Somogy,Pusztakovácsi,550,0,0,550,396,0,396,0,396,0,1,395,0,115,21,2,256,72.0
Somogy,Pusztaszemes,309,0,0,309,256,0,256,0,257,0,6,251,2,118,13,2,116,82.8479
Somogy,Pálmajor,215,0,0,215,135,0,135,0,135,0,0,135,0,15,2,0,117,62.7907
Somogy,Péterhida,112,0,0,112,94,0,94,0,94,0,1,93,0,43,13,1,36,83.9286
Somogy,Rinyabesenyő,139,0,0,139,98,0,98,0,98,0,4,94,0,31,0,0,58,70.5036
Somogy,Rinyakovácsi,120,0,0,120,94,0,94,0,94,0,1,93,0,17,0,0,76,78.3333
Somogy,Rinyaszentkirály,264,0,0,264,174,0,174,0,174,0,2,172,3,82,6,2,79,65.9091
Somogy,Rinyaújlak,212,0,0,212,137,0,137,0,137,0,1,136,0,45,9,1,81,64.6226
Somogy,Rinyaújnép,27,0,0,27,22,0,22,0,22,0,0,22,0,4,2,0,16,81.4815
Somogy,Ráksi,347,0,0,347,267,0,267,0,267,0,0,267,1,111,20,2,133,76.9452
Somogy,Segesd,1739,0,0,1739,1033,0,1033,0,1031,0,17,1014,6,450,67,5,455,59.402
Somogy,Simonfa,298,0,0,298,256,0,256,0,256,0,1,255,1,139,24,3,87,85.906
Somogy,Siófok,18880,2904,691,22475,15207,3427,18634,1,18633,0,66,18567,170,10423,1032,262,6659,82.9099
Somogy,Siójut,505,0,0,505,393,0,393,0,393,0,0,393,1,182,37,7,165,77.8218
Somogy,Som,541,0,0,541,418,0,418,0,418,0,1,417,3,194,36,7,177,77.2643
Somogy,Somodor,296,0,0,296,233,0,233,0,233,0,3,230,0,87,9,2,126,78.7162
Somogy,Somogyacsa,94,0,0,94,59,0,59,0,59,0,0,59,1,31,0,0,27,62.766
Somogy,Somogyaracs,119,0,0,119,85,0,85,0,85,0,1,84,0,19,1,0,63,71.4286
Somogy,Somogyaszaló,578,0,0,578,463,0,463,0,463,0,0,463,1,252,26,4,180,80.1038
Somogy,Somogybabod,380,0,0,380,321,0,321,0,321,0,0,321,1,175,28,1,115,84.4737
Somogy,Somogybükkösd,79,0,0,79,61,0,61,0,61,0,0,61,0,22,9,1,29,77.2152
Somogy,Somogycsicsó,108,0,0,108,87,0,87,0,87,0,2,85,0,39,9,0,36,80.5556
Somogy,Somogydöröcske,96,0,0,96,74,0,74,0,74,0,1,73,0,32,10,0,31,77.0833
Somogy,Somogyegres,122,0,0,122,82,0,82,0,82,0,1,81,1,39,4,0,36,67.2131
Somogy,Somogyfajsz,366,0,0,366,263,0,263,0,262,0,2,260,2,75,13,2,166,71.8579
Somogy,Somogygeszti,289,0,0,289,208,0,208,0,207,0,3,204,1,92,3,0,107,71.9723
Somogy,Somogyjád,1191,0,0,1191,876,0,876,0,876,0,5,871,4,416,47,14,381,73.5516
Somogy,Somogymeggyes,345,0,0,345,225,0,225,0,225,0,1,224,1,96,10,3,114,65.2174
Somogy,Somogysimonyi,41,0,0,41,28,0,28,0,28,0,1,27,0,4,2,0,21,68.2927
Somogy,Somogyszentpál,463,0,0,463,308,0,308,0,308,0,12,296,1,107,10,1,177,66.5227
Somogy,Somogyszil,493,0,0,493,381,0,381,0,381,0,2,379,1,148,34,4,180,77.2819
Somogy,Somogyszob,1122,0,0,1122,897,0,897,0,897,0,8,889,8,443,50,8,369,79.9465
Somogy,Somogysámson,483,0,0,483,313,0,313,0,313,0,3,310,0,65,14,1,230,64.8033
Somogy,Somogysárd,959,0,0,959,661,0,661,0,652,0,6,646,4,280,35,4,317,68.926
Somogy,Somogytúr,356,0,0,356,291,0,291,0,291,0,0,291,2,120,23,4,142,81.7416
Somogy,Somogyudvarhely,780,0,0,780,611,0,611,0,611,0,2,609,0,300,19,2,288,78.3333
Somogy,Somogyvámos,526,0,0,526,364,0,364,0,364,0,2,362,3,142,37,3,170,69.2015
Somogy,Somogyvár,1229,0,0,1229,916,0,916,0,916,0,9,907,3,344,56,5,491,74.5321
Somogy,Somogyzsitfa,386,0,0,386,281,0,281,0,280,0,6,274,0,99,20,5,150,72.7979
Somogy,Szabadi,209,0,0,209,148,0,148,0,148,0,0,148,1,76,4,2,65,70.8134
Somogy,Szabás,397,0,0,397,287,0,287,0,287,0,1,286,2,91,14,1,165,72.2922
Somogy,Szegerdő,148,0,0,148,116,0,116,0,116,0,2,114,0,30,2,3,79,78.3784
Somogy,Szenna,554,0,0,554,443,0,443,0,443,0,7,436,6,216,34,7,152,79.9639
Somogy,Szenta,283,0,0,283,203,0,203,0,203,0,4,199,0,89,1,0,100,71.7314
Somogy,Szentbalázs,238,0,0,238,208,0,208,0,208,0,0,208,3,94,13,3,92,87.395
Somogy,Szentborbás,77,0,0,77,52,0,52,0,52,0,0,52,0,19,0,0,23,67.5325
Somogy,Szentgáloskér,352,0,0,352,253,0,253,0,253,0,0,253,2,108,11,1,131,71.875
Somogy,Szenyér,223,0,0,223,133,0,133,0,133,0,1,132,2,23,7,0,100,59.6413
Somogy,Szilvásszentmárton,143,0,0,143,126,0,126,0,126,0,1,125,1,52,3,1,68,88.1119
Somogy,Szorosad,73,0,0,73,58,0,58,0,58,0,0,58,1,29,3,0,25,79.4521
Somogy,Szulok,445,0,0,445,344,0,344,0,344,0,10,334,1,143,8,0,115,77.3034
Somogy,Szántód,549,0,0,549,448,0,448,0,448,0,2,446,5,231,21,4,184,81.6029
Somogy,Szólád,420,0,0,420,367,0,367,0,367,0,0,367,2,166,24,3,171,87.381
Somogy,Szőkedencs,168,0,0,168,131,0,131,0,131,0,0,131,2,39,11,2,77,77.9762
Somogy,Szőlősgyörök,974,0,0,974,781,0,781,0,781,0,5,776,6,327,63,5,375,80.1848
Somogy,Ságvár,1590,0,0,1590,1260,0,1260,0,1258,0,8,1250,9,627,69,13,531,79.2453
Somogy,Sántos,406,0,0,406,337,0,337,0,338,0,6,332,0,189,22,1,120,83.0049
Somogy,Sávoly,308,0,0,308,243,0,243,0,243,0,6,237,2,104,6,0,125,78.8961
Somogy,Sérsekszőlős,109,0,0,109,85,0,85,0,85,0,0,85,1,37,0,2,45,77.9817
Somogy,Tab,3192,0,0,3192,2474,0,2474,0,2473,0,7,2466,12,1302,118,35,998,77.5063
Somogy,Tapsony,386,0,0,386,271,0,271,0,271,0,0,271,0,116,12,2,137,70.2073
Somogy,Tarany,865,0,0,865,636,0,636,0,636,0,12,624,0,332,22,5,259,73.526
Somogy,Taszár,1382,0,0,1382,1098,0,1098,0,1098,0,2,1096,8,686,73,19,309,79.4501
Somogy,Teleki,143,0,0,143,98,0,98,0,98,0,2,96,0,35,2,2,52,68.5315
Somogy,Tengőd,306,0,0,306,228,0,228,0,228,0,2,226,2,71,26,1,126,74.5098
Somogy,Tikos,94,0,0,94,66,0,66,0,66,0,2,64,0,21,1,0,42,70.2128
Somogy,Torvaj,169,0,0,169,127,0,127,0,126,0,0,126,1,53,8,1,63,75.1479
Somogy,Táska,247,0,0,247,192,0,192,0,192,0,0,192,1,52,9,3,127,77.7328
Somogy,Tótújfalu,168,0,0,168,122,0,122,0,122,0,0,122,0,35,5,1,67,72.619
Somogy,Törökkoppány,300,0,0,300,212,0,212,0,211,0,1,210,1,87,17,4,100,70.6667
Somogy,Varászló,85,0,0,85,62,0,62,0,62,0,2,60,0,18,1,1,38,72.9412
Somogy,Visnye,152,0,0,152,116,0,116,0,116,0,1,115,2,45,22,0,46,76.3158
Somogy,Visz,135,0,0,135,106,0,106,0,106,0,1,105,0,48,2,0,55,78.5185
Somogy,Várda,321,0,0,321,269,0,269,0,269,0,1,268,1,128,26,5,108,83.8006
Somogy,Vése,514,0,0,514,353,0,353,0,353,0,1,352,1,154,19,7,171,68.677
Somogy,Vízvár,389,0,0,389,285,0,285,0,285,0,5,280,1,153,11,2,96,73.2648
Somogy,Vörs,318,0,0,318,264,0,264,0,264,0,0,264,2,106,19,3,134,83.0189
Somogy,Zala,189,0,0,189,152,0,152,0,152,0,0,152,2,46,11,3,90,80.4233
Somogy,Zamárdi,1995,0,0,1995,1625,0,1625,0,1623,0,11,1612,12,806,124,21,649,81.4536
Somogy,Zics,256,0,0,256,189,0,189,0,189,0,2,187,0,76,11,1,99,73.8281
Somogy,Zimány,387,0,0,387,277,0,277,0,277,0,1,276,5,144,13,2,109,71.5762
Somogy,Zselickisfalud,183,0,0,183,139,0,139,0,139,0,10,129,1,62,6,3,42,75.9563
Somogy,Zselickislak,317,0,0,317,248,0,248,0,247,0,2,245,3,118,19,2,103,78.2334
Somogy,Zselicszentpál,335,0,0,335,285,0,285,0,285,0,0,285,0,150,29,1,105,85.0746
Somogy,Zákány,810,0,0,810,631,0,631,0,630,0,3,627,4,299,35,8,279,77.9012
Somogy,Zákányfalu,391,0,0,391,285,0,285,0,285,0,1,284,4,143,16,1,120,72.89
Somogy,Ádánd,1720,0,0,1720,1328,0,1328,0,1328,0,6,1322,9,609,90,15,591,77.2093
Somogy,Öreglak,1070,0,0,1070,751,0,751,0,749,0,25,724,0,295,30,7,353,70.1869
Somogy,Ötvöskónyi,600,0,0,600,424,0,424,0,424,0,12,412,5,144,20,2,241,70.6667
Somogy,Újvárfalva,160,0,0,160,109,0,109,0,109,0,1,108,0,30,0,1,77,68.125
Somogy,Őrtilos,350,0,0,350,275,0,275,0,275,0,1,274,0,110,18,6,140,78.5714
Szabolcs-Szatmár-Bereg,Ajak,2708,0,0,2708,2147,0,2147,0,2146,0,14,2132,13,1179,85,14,836,79.2836
Szabolcs-Szatmár-Bereg,Anarcs,1467,0,0,1467,1087,0,1087,0,1087,0,6,1081,2,546,79,16,435,74.0968
Szabolcs-Szatmár-Bereg,Apagy,1781,0,0,1781,1274,0,1274,0,1273,0,7,1266,12,595,85,19,552,71.5328
Szabolcs-Szatmár-Bereg,Aranyosapáti,1442,0,0,1442,946,0,946,0,946,0,15,931,1,295,10,4,598,65.6033
Szabolcs-Szatmár-Bereg,Baktalórántháza,2608,0,0,2608,2221,0,2221,0,2220,0,19,2201,6,724,58,16,1392,85.161
Szabolcs-Szatmár-Bereg,Balkány,4500,0,0,4500,3202,0,3202,0,3201,0,30,3171,12,1526,140,25,1456,71.1556
Szabolcs-Szatmár-Bereg,Balsa,542,0,0,542,391,0,391,0,391,0,1,390,2,173,29,6,179,72.1402
Szabolcs-Szatmár-Bereg,Barabás,697,0,0,697,483,0,483,0,483,0,12,471,2,162,16,7,282,69.297
Szabolcs-Szatmár-Bereg,Benk,342,0,0,342,242,0,242,0,242,0,5,237,0,99,10,0,124,70.7602
Szabolcs-Szatmár-Bereg,Beregdaróc,694,0,0,694,432,0,432,0,432,0,6,426,1,143,14,0,268,62.2478
Szabolcs-Szatmár-Bereg,Beregsurány,545,0,0,545,347,0,347,0,347,0,5,342,0,106,6,4,226,63.6697
Szabolcs-Szatmár-Bereg,Berkesz,565,0,0,565,467,0,467,0,467,0,3,464,3,204,18,3,233,82.6549
Szabolcs-Szatmár-Bereg,Besenyőd,548,0,0,548,389,0,389,0,389,0,4,385,1,142,11,3,218,70.9854
Szabolcs-Szatmár-Bereg,Beszterec,710,0,0,710,468,0,468,1,466,0,7,459,3,184,13,4,230,65.9155
Szabolcs-Szatmár-Bereg,Biri,992,0,0,992,777,0,777,0,777,0,6,771,5,407,33,1,323,78.3266
Szabolcs-Szatmár-Bereg,Botpalád,594,0,0,594,364,0,364,0,364,0,8,356,0,109,6,2,235,61.2795
Szabolcs-Szatmár-Bereg,Buj,1792,0,0,1792,1273,0,1273,0,1273,0,12,1261,8,607,71,13,549,71.0379
Szabolcs-Szatmár-Bereg,Bátorliget,482,0,0,482,370,0,370,0,370,0,3,367,3,162,36,0,166,76.7635
Szabolcs-Szatmár-Bereg,Bököny,2293,0,0,2293,1497,0,1497,1,1496,0,26,1470,9,480,70,3,897,65.2857
Szabolcs-Szatmár-Bereg,Csaholc,398,0,0,398,278,0,278,0,279,0,9,270,0,96,5,0,160,69.8492
Szabolcs-Szatmár-Bereg,Csaroda,478,0,0,478,349,0,349,0,349,0,3,346,1,159,15,2,169,73.0126
Szabolcs-Szatmár-Bereg,Csegöld,530,0,0,530,382,0,382,0,382,0,1,381,0,145,12,1,221,72.0755
Szabolcs-Szatmár-Bereg,Csenger,3676,0,0,3676,2735,0,2735,0,2731,0,27,2704,5,1195,139,18,1282,74.4015
Szabolcs-Szatmár-Bereg,Csengersima,623,0,0,623,401,0,401,0,402,0,7,395,0,145,17,0,224,64.366
Szabolcs-Szatmár-Bereg,Csengerújfalu,541,0,0,541,374,0,374,0,369,0,3,366,2,158,16,2,185,69.1312
Szabolcs-Szatmár-Bereg,Császló,284,0,0,284,180,0,180,0,180,0,4,176,0,49,5,0,120,63.3803
Szabolcs-Szatmár-Bereg,Cégénydányád,480,0,0,480,371,0,371,0,371,0,3,368,1,152,12,2,201,77.2917
Szabolcs-Szatmár-Bereg,Darnó,112,0,0,112,73,0,73,0,73,0,1,72,0,24,2,1,45,65.1786
Szabolcs-Szatmár-Bereg,Demecser,3092,0,0,3092,2261,0,2261,0,2261,0,30,2231,6,960,97,18,1087,73.1242
Szabolcs-Szatmár-Bereg,Dombrád,2716,0,0,2716,1802,0,1802,0,1802,0,8,1794,5,879,84,9,815,66.3476
Szabolcs-Szatmár-Bereg,Döge,1656,0,0,1656,1174,0,1174,0,1174,0,7,1167,5,611,37,4,510,70.8937
Szabolcs-Szatmár-Bereg,Encsencs,1342,0,0,1342,925,0,925,0,925,0,15,910,4,227,31,1,634,68.927
Szabolcs-Szatmár-Bereg,Eperjeske,799,0,0,799,528,0,528,0,528,0,14,514,1,169,13,5,306,66.0826
Szabolcs-Szatmár-Bereg,Fehérgyarmat,5657,0,0,5657,4421,0,4421,0,4425,0,57,4368,7,2293,221,35,1809,78.151
Szabolcs-Szatmár-Bereg,Fábiánháza,1333,0,0,1333,841,0,841,0,840,0,18,822,2,244,50,2,512,63.0908
Szabolcs-Szatmár-Bereg,Fényeslitke,1839,0,0,1839,1378,0,1378,0,1376,0,7,1369,6,693,60,9,596,74.932
Szabolcs-Szatmár-Bereg,Fülesd,325,0,0,325,233,0,233,0,233,0,1,232,0,93,12,0,122,71.6923
Szabolcs-Szatmár-Bereg,Fülpösdaróc,262,0,0,262,211,0,211,0,211,0,1,210,3,58,6,4,138,80.5344
Szabolcs-Szatmár-Bereg,Gacsály,599,0,0,599,363,0,363,0,363,0,5,358,1,88,4,2,262,60.601
Szabolcs-Szatmár-Bereg,Garbolc,106,0,0,106,92,0,92,0,91,0,0,91,0,10,1,0,80,86.7925
Szabolcs-Szatmár-Bereg,Gelénes,417,0,0,417,262,0,262,0,262,0,5,257,0,53,7,2,195,62.8297
Szabolcs-Szatmár-Bereg,Gemzse,591,0,0,591,413,0,413,0,410,0,3,407,2,158,13,1,233,69.8816
Szabolcs-Szatmár-Bereg,Geszteréd,1313,0,0,1313,953,0,953,0,953,0,5,948,3,412,39,3,490,72.5819
Szabolcs-Szatmár-Bereg,Gulács,738,0,0,738,484,0,484,0,484,0,7,477,1,177,13,0,285,65.5827
Szabolcs-Szatmár-Bereg,Gyulaháza,1431,0,0,1431,965,0,965,0,963,0,11,952,1,469,46,6,418,67.4354
Szabolcs-Szatmár-Bereg,Gyügye,224,0,0,224,174,0,174,0,174,0,1,173,2,62,6,0,103,77.6786
Szabolcs-Szatmár-Bereg,Gyüre,912,0,0,912,684,0,684,0,682,0,6,676,2,192,39,4,433,75.0
Szabolcs-Szatmár-Bereg,Győrtelek,1136,0,0,1136,697,0,697,0,698,0,16,682,3,196,22,2,446,61.3556
Szabolcs-Szatmár-Bereg,Győröcske,104,0,0,104,71,0,71,0,71,0,1,70,0,30,4,1,35,68.2692
Szabolcs-Szatmár-Bereg,Gávavencsellő,2502,0,0,2502,1802,0,1802,0,1802,0,23,1779,2,761,66,8,894,72.0224
Szabolcs-Szatmár-Bereg,Géberjén,368,0,0,368,305,0,305,0,305,0,4,301,0,111,11,6,173,82.8804
Szabolcs-Szatmár-Bereg,Gégény,1409,0,0,1409,959,0,959,0,959,0,2,957,3,448,61,10,432,68.0625
Szabolcs-Szatmár-Bereg,Hermánszeg,209,0,0,209,137,0,137,0,137,0,1,136,1,33,9,0,93,65.5502
Szabolcs-Szatmár-Bereg,Hetefejércse,238,0,0,238,163,0,163,0,163,0,4,159,0,39,4,0,116,68.4874
Szabolcs-Szatmár-Bereg,Hodász,2290,0,0,2290,1504,0,1504,0,1504,0,20,1484,1,470,23,7,980,65.6769
Szabolcs-Szatmár-Bereg,Ibrány,4952,0,0,4952,3528,0,3528,0,3526,0,41,3485,19,1775,152,28,1404,71.2439
Szabolcs-Szatmár-Bereg,Ilk,851,0,0,851,648,0,648,0,648,0,9,639,3,210,21,1,403,76.1457
Szabolcs-Szatmár-Bereg,Jánd,573,0,0,573,429,0,429,0,429,0,11,418,1,153,15,0,240,74.8691
Szabolcs-Szatmár-Bereg,Jánkmajtis,1283,0,0,1283,949,0,949,0,949,0,0,949,6,302,31,5,572,73.9673
Szabolcs-Szatmár-Bereg,Jármi,974,0,0,974,751,0,751,0,751,0,1,750,1,326,37,9,377,77.1047
Szabolcs-Szatmár-Bereg,Jéke,573,0,0,573,445,0,445,0,444,0,5,439,1,248,30,2,158,77.6614
Szabolcs-Szatmár-Bereg,Kemecse,3619,0,0,3619,2800,0,2800,0,2800,0,27,2773,14,1238,121,21,1344,77.3694
Szabolcs-Szatmár-Bereg,Kisar,726,0,0,726,509,0,509,0,509,0,7,502,1,180,23,0,295,70.1102
Szabolcs-Szatmár-Bereg,Kishódos,46,0,0,46,42,0,42,0,42,0,0,42,0,17,1,1,23,91.3043
Szabolcs-Szatmár-Bereg,Kisléta,1145,0,0,1145,854,0,854,0,854,0,10,844,1,437,29,2,375,74.5852
Szabolcs-Szatmár-Bereg,Kisnamény,228,0,0,228,134,0,134,0,134,0,3,131,1,38,1,1,86,58.7719
Szabolcs-Szatmár-Bereg,Kispalád,446,0,0,446,294,0,294,1,293,0,6,287,0,61,5,0,195,65.9193
Szabolcs-Szatmár-Bereg,Kisszekeres,425,0,0,425,293,0,293,0,293,0,1,292,2,111,9,6,158,68.9412
Szabolcs-Szatmár-Bereg,Kisvarsány,771,0,0,771,547,0,547,0,548,0,12,536,3,229,32,0,272,70.9468
Szabolcs-Szatmár-Bereg,Kisvárda,11894,2732,436,15062,9393,3009,12402,17,12390,0,93,12297,43,7680,558,116,3868,82.3397
Szabolcs-Szatmár-Bereg,Kocsord,2141,0,0,2141,1543,0,1543,0,1543,0,16,1527,2,582,96,9,767,72.0691
Szabolcs-Szatmár-Bereg,Komlódtótfalu,116,0,0,116,85,0,85,0,85,0,1,84,0,16,7,0,56,73.2759
Szabolcs-Szatmár-Bereg,Komoró,971,0,0,971,668,0,668,0,668,0,5,663,1,301,37,3,319,68.7951
Szabolcs-Szatmár-Bereg,Kállósemjén,2819,0,0,2819,2027,0,2027,0,2027,0,15,2012,8,969,99,15,915,71.9049
Szabolcs-Szatmár-Bereg,Kálmánháza,1417,0,0,1417,1088,0,1088,0,1088,0,7,1081,4,485,90,10,492,76.7819
Szabolcs-Szatmár-Bereg,Kántorjánosi,1526,0,0,1526,950,0,950,0,950,0,20,930,1,233,20,3,657,62.2543
Szabolcs-Szatmár-Bereg,Kék,1480,0,0,1480,1008,0,1008,0,1008,0,14,994,7,394,46,12,526,68.1081
Szabolcs-Szatmár-Bereg,Kékcse,1049,0,0,1049,761,0,761,0,761,0,10,751,1,278,19,8,444,72.5453
Szabolcs-Szatmár-Bereg,Kérsemjén,231,0,0,231,180,0,180,0,180,0,6,174,0,61,5,0,108,77.9221
Szabolcs-Szatmár-Bereg,Kótaj,3534,0,0,3534,2599,0,2599,0,2599,0,16,2583,9,1235,132,21,1178,73.5427
Szabolcs-Szatmár-Bereg,Kölcse,987,0,0,987,729,0,729,0,729,0,4,725,4,287,31,7,395,73.8602
Szabolcs-Szatmár-Bereg,Kömörő,410,0,0,410,295,0,295,0,295,0,6,289,1,119,12,0,151,71.9512
Szabolcs-Szatmár-Bereg,Laskod,684,0,0,684,500,0,500,0,503,0,16,487,0,266,11,1,206,73.0994
Szabolcs-Szatmár-Bereg,Levelek,2185,0,0,2185,1570,0,1570,0,1569,0,15,1554,4,797,88,13,637,71.8535
Szabolcs-Szatmár-Bereg,Lónya,591,0,0,591,347,0,347,0,347,0,6,341,2,83,14,5,235,58.714
Szabolcs-Szatmár-Bereg,Lövőpetri,374,0,0,374,277,0,277,0,277,0,2,275,0,89,26,0,160,74.0642
Szabolcs-Szatmár-Bereg,Magosliget,228,0,0,228,162,0,162,0,162,0,1,161,0,16,4,1,140,71.0526
Szabolcs-Szatmár-Bereg,Magy,648,0,0,648,451,0,451,0,451,0,2,449,1,168,26,5,249,69.5988
Szabolcs-Szatmár-Bereg,Mezőladány,750,0,0,750,502,0,502,0,502,0,2,500,1,182,28,1,288,66.9333
Szabolcs-Szatmár-Bereg,Milota,674,0,0,674,520,0,520,0,521,0,4,517,2,156,32,3,319,77.1513
Szabolcs-Szatmár-Bereg,Mánd,224,0,0,224,150,0,150,0,150,0,2,148,0,79,11,0,57,66.9643
Szabolcs-Szatmár-Bereg,Mándok,2916,0,0,2916,1981,0,1981,0,1981,0,20,1961,8,917,75,7,951,67.9355
Szabolcs-Szatmár-Bereg,Máriapócs,1482,0,0,1482,1096,0,1096,0,1095,0,20,1075,4,439,66,5,532,73.9541
Szabolcs-Szatmár-Bereg,Márokpapi,449,0,0,449,302,0,302,0,302,0,7,295,1,73,13,0,208,67.2606
Szabolcs-Szatmár-Bereg,Mátyus,224,0,0,224,128,0,128,0,128,0,5,123,1,36,4,0,81,57.1429
Szabolcs-Szatmár-Bereg,Mátészalka,11916,2411,351,14678,9439,2583,12022,1,12025,0,98,11927,40,6949,560,90,4207,81.9049
Szabolcs-Szatmár-Bereg,Méhtelek,498,0,0,498,355,0,355,0,355,0,4,351,1,129,21,4,191,71.2851
Szabolcs-Szatmár-Bereg,Mérk,1605,0,0,1605,1087,0,1087,0,1087,0,13,1074,3,320,45,6,681,67.7259
Szabolcs-Szatmár-Bereg,Nagyar,481,0,0,481,330,0,330,0,330,0,5,325,3,109,28,1,182,68.6071
Szabolcs-Szatmár-Bereg,Nagycserkesz,1198,0,0,1198,795,0,795,0,795,0,6,789,3,322,49,3,410,66.3606
Szabolcs-Szatmár-Bereg,Nagydobos,1571,0,0,1571,1007,0,1007,0,1007,0,13,994,3,364,72,8,531,64.0993
Szabolcs-Szatmár-Bereg,Nagyecsed,4508,0,0,4508,2899,0,2899,0,2896,0,50,2846,5,1038,152,14,1560,64.3079
Szabolcs-Szatmár-Bereg,Nagyhalász,4181,0,0,4181,2821,0,2821,1,2820,0,34,2786,8,1311,131,21,1268,67.4719
Szabolcs-Szatmár-Bereg,Nagyhódos,105,0,0,105,72,0,72,0,71,0,0,71,0,19,9,0,43,68.5714
Szabolcs-Szatmár-Bereg,Nagykálló,7133,0,0,7133,5473,0,5473,1,5473,0,52,5421,27,2986,307,41,2055,76.7279
Szabolcs-Szatmár-Bereg,Nagyszekeres,396,0,0,396,254,0,254,0,254,0,3,251,0,104,7,4,134,64.1414
Szabolcs-Szatmár-Bereg,Nagyvarsány,1086,0,0,1086,839,0,839,0,839,0,1,838,2,403,47,3,383,77.256
Szabolcs-Szatmár-Bereg,Napkor,2939,0,0,2939,2238,0,2238,0,2238,0,26,2212,11,1072,114,25,947,76.1483
Szabolcs-Szatmár-Bereg,Nemesborzova,88,0,0,88,66,0,66,0,66,0,4,62,0,23,6,1,32,75.0
Szabolcs-Szatmár-Bereg,Nyírbogdány,2205,0,0,2205,1604,0,1604,0,1603,0,13,1590,5,735,74,14,755,72.7438
Szabolcs-Szatmár-Bereg,Nyírbogát,2378,0,0,2378,2060,0,2060,0,2059,0,17,2042,5,905,105,4,1021,86.6274
Szabolcs-Szatmár-Bereg,Nyírbátor,8675,1979,385,11039,6398,2264,8662,0,8657,0,48,8609,45,4965,422,64,3092,78.4673
Szabolcs-Szatmár-Bereg,Nyírbéltek,2030,0,0,2030,1562,0,1562,0,1563,0,13,1550,5,420,75,4,1042,76.9458
Szabolcs-Szatmár-Bereg,Nyírcsaholy,1641,0,0,1641,1164,0,1164,0,1161,0,15,1146,1,389,60,3,605,70.9324
Szabolcs-Szatmár-Bereg,Nyírcsászári,872,0,0,872,670,0,670,0,671,0,11,660,1,270,35,3,343,76.8349
Szabolcs-Szatmár-Bereg,Nyírderzs,423,0,0,423,326,0,326,0,326,0,2,324,0,99,8,1,215,77.0686
Szabolcs-Szatmár-Bereg,Nyíregyháza,87492,5198,1392,94082,70298,6295,76593,4,76559,0,329,76230,486,47585,3816,902,23201,81.4109
Szabolcs-Szatmár-Bereg,Nyírgelse,843,0,0,843,630,0,630,0,629,0,9,620,2,293,33,3,289,74.7331
Szabolcs-Szatmár-Bereg,Nyírgyulaj,1456,0,0,1456,1019,0,1019,0,1019,0,5,1014,6,468,48,8,483,69.9863
Szabolcs-Szatmár-Bereg,Nyíribrony,850,0,0,850,592,0,592,0,592,0,8,584,2,235,22,5,318,69.6471
Szabolcs-Szatmár-Bereg,Nyírjákó,633,0,0,633,516,0,516,0,515,0,3,512,0,234,34,4,240,81.5166
Szabolcs-Szatmár-Bereg,Nyírkarász,1669,0,0,1669,1214,0,1214,0,1214,0,9,1205,5,479,53,11,647,72.7382
Szabolcs-Szatmár-Bereg,Nyírkáta,1358,0,0,1358,1000,0,1000,0,1000,0,13,987,4,265,25,8,678,73.6377
Szabolcs-Szatmár-Bereg,Nyírkércs,596,0,0,596,485,0,485,0,485,0,5,480,1,205,22,1,251,81.3758
Szabolcs-Szatmár-Bereg,Nyírlugos,2030,0,0,2030,1553,0,1553,0,1553,0,14,1539,3,720,74,9,728,76.5025
Szabolcs-Szatmár-Bereg,Nyírlövő,522,0,0,522,378,0,378,0,378,0,4,374,0,162,18,1,193,72.4138
Szabolcs-Szatmár-Bereg,Nyírmada,3500,0,0,3500,2141,0,2141,0,2150,0,82,2068,3,864,84,16,1052,61.1714
Szabolcs-Szatmár-Bereg,Nyírmeggyes,2019,0,0,2019,1573,0,1573,0,1573,0,6,1567,11,836,86,12,622,77.9099
Szabolcs-Szatmár-Bereg,Nyírmihálydi,1422,0,0,1422,881,0,881,0,883,0,14,869,3,238,31,6,589,61.955
Szabolcs-Szatmár-Bereg,Nyírparasznya,659,0,0,659,482,0,482,0,482,0,6,476,2,149,15,1,308,73.1411
Szabolcs-Szatmár-Bereg,Nyírpazony,3073,0,0,3073,2510,0,2510,0,2510,0,5,2505,14,1509,157,20,805,81.6791
Szabolcs-Szatmár-Bereg,Nyírpilis,599,0,0,599,410,0,410,0,410,0,2,408,0,85,2,1,319,68.4474
Szabolcs-Szatmár-Bereg,Nyírtass,1443,0,0,1443,1023,0,1023,0,1022,0,13,1009,3,450,38,1,494,70.894
Szabolcs-Szatmár-Bereg,Nyírtelek,5352,0,0,5352,3958,0,3958,0,3958,0,24,3934,16,2085,250,39,1522,73.9537
Szabolcs-Szatmár-Bereg,Nyírtura,1555,0,0,1555,1198,0,1198,1,1198,0,8,1190,4,703,105,14,363,77.0418
Szabolcs-Szatmár-Bereg,Nyírtét,803,0,0,803,608,0,608,0,608,0,3,605,3,294,21,5,281,75.7161
Szabolcs-Szatmár-Bereg,Nyírvasvári,1491,0,0,1491,1075,0,1075,0,1073,0,3,1070,1,389,44,5,630,72.0993
Szabolcs-Szatmár-Bereg,Nábrád,683,0,0,683,544,0,544,0,544,0,4,540,1,256,21,4,258,79.6486
Szabolcs-Szatmár-Bereg,Olcsva,509,0,0,509,393,0,393,0,393,0,3,390,0,159,13,1,214,77.2102
Szabolcs-Szatmár-Bereg,Olcsvaapáti,220,0,0,220,162,0,162,0,162,0,7,155,0,50,6,0,99,73.6364
Szabolcs-Szatmár-Bereg,Panyola,400,0,0,400,319,0,319,0,319,0,3,316,3,146,18,0,149,79.75
Szabolcs-Szatmár-Bereg,Pap,1400,0,0,1400,1062,0,1062,0,1062,0,7,1055,4,554,71,8,416,75.8571
Szabolcs-Szatmár-Bereg,Papos,610,0,0,610,489,0,489,0,489,0,5,484,4,192,24,2,262,80.1639
Szabolcs-Szatmár-Bereg,Paszab,874,0,0,874,577,0,577,0,578,0,17,561,0,156,12,0,369,66.0183
Szabolcs-Szatmár-Bereg,Penyige,563,0,0,563,408,0,408,0,408,0,8,400,1,157,24,3,215,72.4689
Szabolcs-Szatmár-Bereg,Penészlek,701,0,0,701,490,0,490,0,490,0,9,481,1,154,26,0,300,69.9001
Szabolcs-Szatmár-Bereg,Petneháza,1218,0,0,1218,930,0,930,0,932,0,17,915,6,333,55,8,505,76.3547
Szabolcs-Szatmár-Bereg,Piricse,1299,0,0,1299,1017,0,1017,0,1017,0,12,1005,1,254,35,3,711,78.291
Szabolcs-Szatmár-Bereg,Porcsalma,1916,0,0,1916,1207,0,1207,0,1207,0,14,1193,3,407,68,3,665,62.9958
Szabolcs-Szatmár-Bereg,Pusztadobos,1036,0,0,1036,742,0,742,0,742,0,8,734,3,212,24,3,491,71.6216
Szabolcs-Szatmár-Bereg,Pátroha,2148,0,0,2148,1540,0,1540,0,1540,0,12,1528,5,592,60,7,864,71.6946
Szabolcs-Szatmár-Bereg,Pátyod,506,0,0,506,357,0,357,0,357,0,2,355,2,141,18,0,194,70.5534
Szabolcs-Szatmár-Bereg,Pócspetri,1204,0,0,1204,835,0,835,0,835,0,5,830,4,354,58,1,395,69.3522
Szabolcs-Szatmár-Bereg,Rakamaz,3494,0,0,3494,2486,0,2486,0,2484,0,21,2463,12,1268,168,13,948,71.1505
Szabolcs-Szatmár-Bereg,Ramocsaháza,1059,0,0,1059,747,0,747,0,746,0,7,739,3,300,28,6,394,70.5382
Szabolcs-Szatmár-Bereg,Rohod,907,0,0,907,676,0,676,0,676,0,11,665,1,202,31,12,408,74.5314
Szabolcs-Szatmár-Bereg,Rozsály,502,0,0,502,337,0,337,0,337,0,4,333,1,100,13,5,214,67.1315
Szabolcs-Szatmár-Bereg,Rápolt,105,0,0,105,70,0,70,0,70,0,1,69,1,22,3,1,42,66.6667
Szabolcs-Szatmár-Bereg,Rétközberencs,784,0,0,784,499,0,499,0,499,0,9,490,1,164,15,1,304,63.648
Szabolcs-Szatmár-Bereg,Sonkád,576,0,0,576,394,0,394,0,394,0,6,388,0,157,22,3,206,68.4028
Szabolcs-Szatmár-Bereg,Szabolcs,272,0,0,272,213,0,213,1,212,0,2,210,2,107,15,1,85,78.3088
Szabolcs-Szatmár-Bereg,Szabolcsbáka,861,0,0,861,633,0,633,0,633,0,6,627,1,307,26,2,278,73.5192
Szabolcs-Szatmár-Bereg,Szabolcsveresmart,1066,0,0,1066,764,0,764,0,763,0,5,758,1,333,62,5,357,71.6698
Szabolcs-Szatmár-Bereg,Szakoly,2102,0,0,2102,1493,0,1493,0,1492,0,18,1474,4,661,75,12,708,71.0276
Szabolcs-Szatmár-Bereg,Szamosangyalos,390,0,0,390,250,0,250,0,250,0,0,250,0,100,7,2,141,64.1026
Szabolcs-Szatmár-Bereg,Szamosbecs,328,0,0,328,240,0,240,0,240,0,2,238,2,51,8,2,175,73.1707
Szabolcs-Szatmár-Bereg,Szamoskér,301,0,0,301,233,0,233,0,233,0,4,229,1,120,24,1,75,77.4086
Szabolcs-Szatmár-Bereg,Szamosszeg,1349,0,0,1349,951,0,951,0,951,0,9,942,1,294,51,5,589,70.4967
Szabolcs-Szatmár-Bereg,Szamossályi,549,0,0,549,372,0,372,0,372,0,2,370,0,144,15,1,210,67.7596
Szabolcs-Szatmár-Bereg,Szamostatárfalva,248,0,0,248,188,0,188,0,189,0,6,183,0,48,1,1,129,75.8065
Szabolcs-Szatmár-Bereg,Szamosújlak,296,0,0,296,227,0,227,0,227,0,3,224,1,71,9,0,143,76.6892
Szabolcs-Szatmár-Bereg,Szatmárcseke,1167,0,0,1167,803,0,803,0,803,0,14,789,4,278,30,8,466,68.8089
Szabolcs-Szatmár-Bereg,Szorgalmatos,700,0,0,700,525,0,525,0,525,0,4,521,3,307,28,3,180,75.0
Szabolcs-Szatmár-Bereg,Székely,738,0,0,738,490,0,490,0,489,0,11,478,0,204,26,2,243,66.3957
Szabolcs-Szatmár-Bereg,Sényő,1157,0,0,1157,875,0,875,0,875,0,3,872,5,422,54,4,386,75.6266
Szabolcs-Szatmár-Bereg,Tarpa,1730,0,0,1730,1165,0,1165,0,1165,0,18,1147,3,393,61,6,682,67.341
Szabolcs-Szatmár-Bereg,Terem,500,0,0,500,351,0,351,0,351,0,3,348,4,146,29,0,169,70.2
Szabolcs-Szatmár-Bereg,Tiborszállás,761,0,0,761,522,0,522,0,522,0,6,516,1,205,25,1,283,68.594
Szabolcs-Szatmár-Bereg,Timár,880,0,0,880,552,0,552,0,552,0,9,543,3,207,34,3,293,62.7273
Szabolcs-Szatmár-Bereg,Tiszaadony,445,0,0,445,311,0,311,0,311,0,6,305,0,82,13,5,202,69.8876
Szabolcs-Szatmár-Bereg,Tiszabecs,934,0,0,934,601,0,601,0,601,0,7,594,1,231,21,1,340,64.3469
Szabolcs-Szatmár-Bereg,Tiszabercel,1337,0,0,1337,987,0,987,0,985,0,13,972,4,319,41,4,602,73.822
Szabolcs-Szatmár-Bereg,Tiszabezdéd,1397,0,0,1397,787,0,787,0,787,0,9,778,2,367,32,2,371,56.335
Szabolcs-Szatmár-Bereg,Tiszacsécse,183,0,0,183,128,0,128,0,128,0,3,125,0,52,10,1,62,69.9454
Szabolcs-Szatmár-Bereg,Tiszadada,1559,0,0,1559,1126,0,1126,0,1127,0,14,1113,3,389,53,7,546,72.2258
Szabolcs-Szatmár-Bereg,Tiszadob,1947,0,0,1947,1272,0,1272,0,1270,0,39,1231,6,570,40,4,531,65.3313
Szabolcs-Szatmár-Bereg,Tiszaeszlár,1806,0,0,1806,1279,0,1279,0,1236,0,37,1199,6,405,60,10,591,70.8195
Szabolcs-Szatmár-Bereg,Tiszakanyár,1121,0,0,1121,773,0,773,0,773,0,8,765,3,313,30,7,405,68.9563
Szabolcs-Szatmár-Bereg,Tiszakerecseny,644,0,0,644,379,0,379,0,379,0,8,371,0,116,14,0,222,58.8509
Szabolcs-Szatmár-Bereg,Tiszakóród,567,0,0,567,399,0,399,0,399,0,3,396,3,151,20,4,218,70.3704
Szabolcs-Szatmár-Bereg,Tiszalök,3928,0,0,3928,2864,0,2864,0,2860,0,20,2840,14,1589,142,34,1060,72.9124
Szabolcs-Szatmár-Bereg,Tiszamogyorós,478,0,0,478,333,0,333,0,333,0,3,330,3,134,24,1,166,69.6653
Szabolcs-Szatmár-Bereg,Tiszanagyfalu,1395,0,0,1395,1008,0,1008,0,1008,0,9,999,8,485,37,5,464,72.2581
Szabolcs-Szatmár-Bereg,Tiszarád,392,0,0,392,208,0,208,0,208,0,7,201,0,56,5,0,121,53.0612
Szabolcs-Szatmár-Bereg,Tiszaszalka,697,0,0,697,514,0,514,0,514,0,6,508,1,223,19,5,260,73.7446
Szabolcs-Szatmár-Bereg,Tiszaszentmárton,881,0,0,881,577,0,577,0,577,0,6,571,1,211,20,3,326,65.4938
Szabolcs-Szatmár-Bereg,Tiszatelek,992,0,0,992,734,0,734,0,734,0,8,726,0,379,33,3,310,73.9919
Szabolcs-Szatmár-Bereg,Tiszavasvári,9122,0,0,9122,6499,0,6499,0,6501,0,79,6422,35,3245,321,54,2714,71.2453
Szabolcs-Szatmár-Bereg,Tiszavid,375,0,0,375,200,0,200,0,200,0,1,199,0,59,4,0,136,53.3333
Szabolcs-Szatmár-Bereg,Tisztaberek,470,0,0,470,332,0,332,0,332,0,13,319,0,93,7,3,200,70.6383
Szabolcs-Szatmár-Bereg,Tivadar,141,0,0,141,124,0,124,0,124,0,1,123,0,64,7,1,51,87.9433
Szabolcs-Szatmár-Bereg,Tornyospálca,1819,0,0,1819,1286,0,1286,0,1286,0,11,1275,3,581,58,10,621,70.6982
Szabolcs-Szatmár-Bereg,Tunyogmatolcs,1794,0,0,1794,1245,0,1245,0,1245,0,5,1240,5,533,44,8,648,69.398
Szabolcs-Szatmár-Bereg,Tuzsér,2344,0,0,2344,1617,0,1617,0,1616,0,27,1589,1,501,66,2,946,68.9846
Szabolcs-Szatmár-Bereg,Tyukod,1439,0,0,1439,994,0,994,0,993,0,10,983,5,339,63,4,551,69.0757
Szabolcs-Szatmár-Bereg,Tákos,267,0,0,267,217,0,217,0,218,0,7,211,0,74,5,0,131,81.2734
Szabolcs-Szatmár-Bereg,Túristvándi,507,0,0,507,369,0,369,0,369,0,2,367,0,132,18,0,217,72.7811
Szabolcs-Szatmár-Bereg,Túrricse,497,0,0,497,376,0,376,0,376,0,6,370,0,128,8,0,228,75.6539
Szabolcs-Szatmár-Bereg,Ura,436,0,0,436,311,0,311,0,311,0,4,307,1,131,19,1,155,71.3303
Szabolcs-Szatmár-Bereg,Uszka,334,0,0,334,244,0,244,0,244,0,1,243,1,47,2,0,184,73.0539
Szabolcs-Szatmár-Bereg,Vaja,2567,0,0,2567,1973,0,1973,0,1973,0,25,1948,7,651,99,14,1160,76.8601
Szabolcs-Szatmár-Bereg,Vasmegyer,1294,0,0,1294,858,0,858,0,857,0,8,849,5,345,28,5,453,66.306
Szabolcs-Szatmár-Bereg,Vállaj,982,0,0,982,630,0,630,0,630,0,3,627,2,206,29,4,386,64.1548
Szabolcs-Szatmár-Bereg,Vámosatya,426,0,0,426,284,0,284,0,284,0,5,279,0,98,21,4,156,66.6667
Szabolcs-Szatmár-Bereg,Vámosoroszi,367,0,0,367,277,0,277,0,277,0,2,275,1,51,13,2,208,75.4768
Szabolcs-Szatmár-Bereg,Vásárosnamény,6231,3093,390,9714,4679,3286,7965,0,7954,0,58,7896,33,4406,314,59,3030,81.9951
Szabolcs-Szatmár-Bereg,Zajta,314,0,0,314,213,0,213,0,213,0,5,208,0,53,4,1,127,67.8344
Szabolcs-Szatmár-Bereg,Zsarolyán,321,0,0,321,231,0,231,0,231,0,2,229,1,88,9,0,131,71.9626
Szabolcs-Szatmár-Bereg,Zsurk,509,0,0,509,361,0,361,0,361,0,4,357,1,173,22,6,150,70.9234
Szabolcs-Szatmár-Bereg,Záhony,3129,0,0,3129,2352,0,2352,0,2352,0,22,2330,6,1425,110,35,737,75.1678
Szabolcs-Szatmár-Bereg,Érpatak,1293,0,0,1293,930,0,930,0,930,0,5,925,7,408,42,2,463,71.9258
Szabolcs-Szatmár-Bereg,Ófehértó,1986,0,0,1986,1341,0,1341,0,1341,0,30,1311,12,476,73,9,728,67.5227
Szabolcs-Szatmár-Bereg,Ópályi,2075,0,0,2075,1357,0,1357,0,1357,0,17,1340,1,490,51,6,762,65.3976
Szabolcs-Szatmár-Bereg,Ököritófülpös,1243,0,0,1243,826,0,826,0,825,0,9,816,2,249,24,7,521,66.4521
Szabolcs-Szatmár-Bereg,Ömböly,345,0,0,345,200,0,200,0,200,0,1,199,1,78,8,0,112,57.971
Szabolcs-Szatmár-Bereg,Újdombrád,480,0,0,480,376,0,376,0,376,0,0,376,2,170,35,2,167,78.3333
Szabolcs-Szatmár-Bereg,Újfehértó,9601,0,0,9601,7513,0,7513,4,7509,0,17,7492,43,3958,398,37,3050,78.2523
Szabolcs-Szatmár-Bereg,Újkenéz,702,0,0,702,467,0,467,0,468,0,10,458,1,165,12,4,267,66.5242
Szabolcs-Szatmár-Bereg,Őr,1122,0,0,1122,783,0,783,0,783,0,8,775,4,319,44,11,390,69.7861
Tolna,Alsónyék,546,0,0,546,431,0,431,0,431,0,2,429,3,208,32,7,179,78.9377
Tolna,Alsónána,499,0,0,499,410,0,410,0,410,0,0,410,0,214,32,5,159,82.1643
Tolna,Aparhant,780,0,0,780,642,0,642,0,643,0,20,623,2,235,37,1,316,82.3077
Tolna,Attala,598,0,0,598,480,0,480,0,481,0,8,473,2,201,35,0,235,80.2676
Tolna,Belecska,195,0,0,195,158,0,158,1,158,0,2,156,1,69,10,1,75,81.0256
Tolna,Bikács,326,0,0,326,234,0,234,0,232,0,0,232,0,73,15,3,139,71.7791
Tolna,Bogyiszló,1652,0,0,1652,1227,0,1227,0,1226,0,6,1220,2,454,106,5,653,74.2736
Tolna,Bonyhád,9500,0,0,9500,7613,0,7613,1,7610,0,47,7563,30,3660,506,79,2994,80.1368
Tolna,Bonyhádvarasd,338,0,0,338,270,0,270,0,270,0,1,269,1,91,13,1,118,79.8817
Tolna,Báta,1151,0,0,1151,857,0,857,0,858,0,36,822,0,270,40,3,431,74.457
Tolna,Bátaapáti,297,0,0,297,231,0,231,0,231,0,2,229,0,106,7,1,115,77.7778
Tolna,Bátaszék,4839,0,0,4839,3711,0,3711,1,3710,0,18,3692,25,1796,306,35,1478,76.6894
Tolna,Bölcske,2052,0,0,2052,1606,0,1606,0,1606,0,10,1596,3,670,104,18,791,78.2651
Tolna,Cikó,726,0,0,726,575,0,575,0,576,0,10,566,1,229,47,5,266,79.2011
Tolna,Csibrák,199,0,0,199,111,0,111,0,111,0,0,111,1,43,6,0,61,55.7789
Tolna,Csikóstőttős,643,0,0,643,446,0,446,0,446,0,1,445,3,203,35,6,184,69.3624
Tolna,Dalmand,902,0,0,902,645,0,645,0,645,0,1,644,3,254,43,8,336,71.5078
Tolna,Decs,3047,0,0,3047,2177,0,2177,0,2174,0,18,2156,9,903,108,16,1111,71.4473
Tolna,Diósberény,242,0,0,242,175,0,175,0,175,0,7,168,2,65,6,2,76,72.314
Tolna,Dombóvár,13671,1509,457,15637,10528,1882,12410,0,12400,0,50,12350,68,6773,795,141,4457,79.363
Tolna,Dunaföldvár,6415,0,0,6415,4911,0,4911,1,4910,0,29,4881,42,2428,357,46,1983,76.5549
Tolna,Dunaszentgyörgy,1897,0,0,1897,1551,0,1551,1,1549,0,6,1543,5,659,120,12,746,81.7607
Tolna,Döbrököz,1429,0,0,1429,1004,0,1004,0,1004,0,7,997,2,370,102,8,486,70.2589
Tolna,Dúzs,194,0,0,194,133,0,133,0,133,0,2,131,2,58,5,3,63,68.5567
Tolna,Fadd,3076,0,0,3076,2288,0,2288,1,2288,0,18,2270,11,946,161,25,1123,74.3823
Tolna,Felsőnyék,791,0,0,791,562,0,562,0,561,0,2,559,1,177,25,1,355,71.0493
Tolna,Felsőnána,437,0,0,437,335,0,335,0,335,0,0,335,7,141,17,2,163,76.659
Tolna,Fácánkert,537,0,0,537,419,0,419,0,419,0,5,414,4,174,46,0,190,78.0261
Tolna,Fürged,480,0,0,480,281,0,281,0,281,0,5,276,0,93,17,3,162,58.5417
Tolna,Gerjen,947,0,0,947,725,0,725,0,716,0,3,713,5,308,36,5,354,76.5576
Tolna,Grábóc,119,0,0,119,94,0,94,0,94,0,0,94,0,25,6,1,62,78.9916
Tolna,Gyulaj,578,0,0,578,412,0,412,0,414,0,16,398,0,82,11,0,266,71.2803
Tolna,Gyönk,1329,0,0,1329,998,0,998,0,1000,0,4,996,7,399,37,14,493,75.0941
Tolna,Györe,481,0,0,481,383,0,383,0,383,0,0,383,3,197,36,5,141,79.6258
Tolna,Györköny,748,0,0,748,602,0,602,0,601,0,4,597,4,238,39,3,236,80.4813
Tolna,Harc,633,0,0,633,478,0,478,0,478,0,3,475,1,211,41,7,215,75.5134
Tolna,Hőgyész,2046,0,0,2046,1469,0,1469,0,1470,0,13,1457,4,680,78,18,623,71.7986
Tolna,Iregszemcse,1915,0,0,1915,1399,0,1399,0,1399,0,10,1389,9,736,94,14,522,73.0548
Tolna,Izmény,333,0,0,333,242,0,242,0,242,0,1,241,1,84,25,1,130,72.6727
Tolna,Jágónak,170,0,0,170,126,0,126,0,126,0,2,124,1,49,4,1,69,74.1176
Tolna,Kajdacs,808,0,0,808,548,0,548,0,544,0,5,539,2,267,23,1,246,67.8218
Tolna,Kakasd,1272,0,0,1272,1068,0,1068,0,1070,0,13,1057,3,367,93,4,575,83.9623
Tolna,Kalaznó,98,0,0,98,70,0,70,0,70,0,0,70,0,20,9,1,39,71.4286
Tolna,Kapospula,649,0,0,649,511,0,511,0,511,0,3,508,5,234,40,0,228,78.7365
Tolna,Kaposszekcső,1209,0,0,1209,853,0,853,0,852,0,3,849,3,426,66,4,332,70.5542
Tolna,Keszőhidegkút,141,0,0,141,108,0,108,0,108,0,2,106,0,22,0,0,50,76.5957
Tolna,Kisdorog,534,0,0,534,407,0,407,0,407,0,3,404,1,128,13,4,220,76.2172
Tolna,Kismányok,269,0,0,269,217,0,217,0,217,0,0,217,0,96,25,0,77,80.6691
Tolna,Kisszékely,229,0,0,229,175,0,175,0,175,0,5,170,1,52,8,2,107,76.4192
Tolna,Kistormás,229,0,0,229,152,0,152,0,152,0,1,151,0,53,10,4,84,66.3755
Tolna,Kisvejke,267,0,0,267,214,0,214,0,214,0,7,207,2,57,16,1,79,80.1498
Tolna,Kocsola,883,0,0,883,601,0,601,0,601,0,5,596,3,261,16,4,277,68.0634
Tolna,Koppányszántó,238,0,0,238,167,0,167,0,167,0,0,167,0,42,18,2,105,70.1681
Tolna,Kurd,831,0,0,831,563,0,563,1,563,0,12,551,0,250,39,2,237,67.7497
Tolna,Kéty,512,0,0,512,412,0,412,0,412,0,2,410,1,181,43,2,182,80.4688
Tolna,Kölesd,1034,0,0,1034,750,0,750,0,750,0,3,747,3,300,37,6,399,72.5338
Tolna,Lengyel,352,0,0,352,273,0,273,0,273,0,3,270,2,123,17,4,101,77.5568
Tolna,Lápafő,99,0,0,99,71,0,71,0,71,0,0,71,0,26,1,1,43,71.7172
Tolna,Madocsa,1438,0,0,1438,1189,0,1189,0,1189,0,5,1184,8,446,91,12,627,82.6843
Tolna,Magyarkeszi,770,0,0,770,508,0,508,0,508,0,9,499,1,202,29,4,259,65.974
Tolna,Medina,574,0,0,574,435,0,435,0,435,0,1,434,2,189,31,4,208,75.784
Tolna,Miszla,207,0,0,207,168,0,168,0,168,0,1,167,1,29,21,1,115,81.1594
Tolna,Mucsfa,270,0,0,270,204,0,204,0,204,0,2,202,1,68,12,0,119,75.5556
Tolna,Mucsi,325,0,0,325,200,0,200,0,196,0,1,195,0,48,19,1,127,61.5385
Tolna,Murga,44,0,0,44,38,0,38,0,38,0,2,36,0,10,3,0,21,86.3636
Tolna,Mórágy,550,0,0,550,418,0,418,0,417,0,2,415,5,175,32,3,185,76.0
Tolna,Mőcsény,259,0,0,259,214,0,214,1,214,0,0,214,0,94,16,0,102,82.6255
Tolna,Nagydorog,1948,0,0,1948,1400,0,1400,0,1399,0,9,1390,12,542,105,4,717,71.8686
Tolna,Nagykónyi,776,0,0,776,551,0,551,0,551,0,1,550,4,206,50,4,285,71.0052
Tolna,Nagymányok,1737,0,0,1737,1388,0,1388,0,1388,0,7,1381,4,664,68,23,580,79.9079
Tolna,Nagyszokoly,619,0,0,619,444,0,444,0,443,0,7,436,0,164,24,5,233,71.7286
Tolna,Nagyszékely,273,0,0,273,211,0,211,0,211,0,5,206,8,77,11,1,109,77.2894
Tolna,Nagyvejke,110,0,0,110,93,0,93,0,93,0,0,93,1,23,11,0,56,84.5455
Tolna,Nak,393,0,0,393,287,0,287,0,287,0,1,286,1,107,16,0,162,73.028
Tolna,Németkér,1283,0,0,1283,998,0,998,0,998,0,17,981,6,366,53,7,448,77.7864
Tolna,Ozora,1141,0,0,1141,770,0,770,0,770,0,2,768,1,267,31,5,464,67.4847
Tolna,Paks,13357,1648,389,15394,11193,1949,13142,1,13143,0,65,13078,95,7257,781,139,4698,85.3709
Tolna,Pincehely,1677,0,0,1677,1313,0,1313,0,1313,0,7,1306,6,479,72,11,729,78.2946
Tolna,Pusztahencse,733,0,0,733,532,0,532,0,532,0,4,528,1,185,43,2,283,72.5784
Tolna,Pálfa,1053,0,0,1053,756,0,756,0,745,0,6,739,1,273,30,6,422,71.7949
Tolna,Pári,456,0,0,456,328,0,328,0,327,0,5,322,2,124,10,0,169,71.9298
Tolna,Pörböly,427,0,0,427,326,0,326,0,325,0,0,325,5,184,21,1,113,76.3466
Tolna,Regöly,770,0,0,770,549,0,549,0,549,0,4,545,4,186,53,4,298,71.2987
Tolna,Simontornya,2912,0,0,2912,2139,0,2139,0,2139,0,8,2131,9,1138,95,21,866,73.4547
Tolna,Sióagárd,981,0,0,981,860,0,860,0,859,0,8,851,6,348,82,5,392,87.6656
Tolna,Szakadát,146,0,0,146,121,0,121,0,121,0,1,120,0,38,9,0,57,82.8767
Tolna,Szakcs,593,0,0,593,428,0,428,0,428,0,3,425,0,143,7,6,269,72.1754
Tolna,Szakály,972,0,0,972,738,0,738,0,738,0,3,735,3,312,58,1,356,75.9259
Tolna,Szedres,1624,0,0,1624,1208,0,1208,0,1208,0,6,1202,8,497,69,15,613,74.3842
Tolna,Szekszárd,23085,1673,525,25283,18633,2118,20751,1,20738,0,112,20626,135,11789,1245,269,7036,82.0749
Tolna,Szálka,484,0,0,484,401,0,401,0,401,0,3,398,5,222,26,5,119,82.8512
Tolna,Szárazd,153,0,0,153,118,0,118,0,118,0,3,115,1,26,5,2,69,77.1242
Tolna,Sárpilis,427,0,0,427,314,0,314,0,308,0,1,307,2,122,18,2,161,73.5363
Tolna,Sárszentlőrinc,773,0,0,773,577,0,577,0,577,0,1,576,4,160,30,2,380,74.6442
Tolna,Tamási,5946,0,0,5946,4645,0,4645,0,4645,0,19,4626,28,2376,299,53,1837,78.1197
Tolna,Tengelic,1669,0,0,1669,1198,0,1198,0,1199,0,13,1186,8,510,88,2,578,71.7795
Tolna,Tevel,997,0,0,997,711,0,711,0,711,0,6,705,6,332,52,6,291,71.3139
Tolna,Tolna,8555,0,0,8555,6650,0,6650,0,6651,0,30,6621,26,3289,360,57,2833,77.7323
Tolna,Tolnanémedi,734,0,0,734,532,0,532,0,532,0,2,530,1,225,43,2,258,72.4796
Tolna,Udvari,220,0,0,220,163,0,163,0,163,0,0,163,0,53,2,2,104,74.0909
Tolna,Varsád,255,0,0,255,194,0,194,0,194,0,1,193,0,76,11,0,92,76.0784
Tolna,Váralja,601,0,0,601,452,0,452,0,452,0,1,451,1,151,27,3,254,75.208
Tolna,Várdomb,883,0,0,883,722,0,722,0,722,0,6,716,6,379,44,12,259,81.7667
Tolna,Várong,96,0,0,96,69,0,69,0,69,0,2,67,0,21,10,1,35,71.875
Tolna,Zomba,1547,0,0,1547,1283,0,1283,0,1282,0,4,1278,4,557,80,5,616,82.9347
Tolna,Závod,184,0,0,184,144,0,144,0,144,0,0,144,0,57,15,0,67,78.2609
Tolna,Értény,506,0,0,506,329,0,329,0,329,0,1,328,1,44,11,1,271,65.0198
Tolna,Újireg,190,0,0,190,148,0,148,0,148,0,0,148,1,77,6,0,64,77.8947
Tolna,Őcsény,1822,0,0,1822,1392,0,1392,1,1391,0,8,1383,9,700,88,14,550,76.3996
Vas,Acsád,495,0,0,495,404,0,404,0,404,0,8,396,4,138,28,5,221,81.6162
Vas,Alsószölnök,274,0,0,274,230,0,230,0,229,0,1,228,3,88,9,1,109,83.9416
Vas,Alsóújlak,437,0,0,437,360,0,360,0,360,0,3,357,2,125,21,6,203,82.3799
Vas,Andrásfa,200,0,0,200,162,0,162,0,162,0,2,160,1,67,11,1,80,81.0
Vas,Apátistvánfalva,307,0,0,307,256,0,256,0,256,0,4,252,2,95,9,0,105,83.3876
Vas,Bajánsenye,373,0,0,373,326,0,326,0,326,0,3,323,4,83,27,6,203,87.3995
Vas,Balogunyom,897,0,0,897,766,0,766,0,766,0,2,764,7,342,59,10,343,85.3958
Vas,Bejcgyertyános,353,0,0,353,282,0,282,0,282,0,3,279,4,110,21,1,143,79.8867
Vas,Boba,615,0,0,615,518,0,518,0,518,0,0,518,7,155,44,6,306,84.2276
Vas,Borgáta,132,0,0,132,113,0,113,0,116,0,16,100,1,42,7,2,48,85.6061
Vas,Bozsok,294,0,0,294,263,0,263,0,263,0,0,263,0,115,15,3,130,89.4558
Vas,Bozzai,235,0,0,235,192,0,192,0,192,0,0,192,2,68,17,0,105,81.7021
Vas,Bucsu,469,0,0,469,406,0,406,0,405,0,6,399,5,132,22,2,237,86.5672
Vas,Bérbaltavár,382,0,0,382,245,0,245,0,245,0,3,242,1,92,19,3,127,64.1361
Vas,Bögöt,310,0,0,310,271,0,271,0,271,0,0,271,7,105,16,0,143,87.4194
Vas,Bögöte,261,0,0,261,225,0,225,0,225,0,0,225,0,83,12,4,126,86.2069
Vas,Bük,2652,0,0,2652,2118,0,2118,0,2117,0,8,2109,11,990,119,21,966,79.8643
Vas,Bő,535,0,0,535,450,0,450,0,450,0,3,447,3,201,29,1,213,84.1121
Vas,Celldömölk,7802,0,0,7802,6365,0,6365,0,6364,0,17,6347,37,2919,389,107,2895,81.5816
Vas,Chernelházadamonya,162,0,0,162,137,0,137,0,137,0,1,136,0,60,7,0,69,84.5679
Vas,Csehi,197,0,0,197,152,0,152,0,152,0,0,152,2,43,11,1,95,77.1574
Vas,Csehimindszent,257,0,0,257,184,0,184,0,184,0,1,183,0,72,6,2,103,71.5953
Vas,Csempeszkopács,268,0,0,268,240,0,240,0,240,0,1,239,5,126,11,4,93,89.5522
Vas,Csepreg,2464,0,0,2464,1999,0,1999,0,1996,0,11,1985,14,815,122,27,989,81.1282
Vas,Csipkerek,288,0,0,288,229,0,229,0,229,0,3,226,1,108,6,0,111,79.5139
Vas,Csákánydoroszló,1203,0,0,1203,988,0,988,0,988,0,3,985,5,440,44,3,493,82.128
Vas,Csánig,297,0,0,297,257,0,257,0,257,0,1,256,4,84,22,0,146,86.532
Vas,Csénye,562,0,0,562,482,0,482,0,482,0,5,477,5,216,32,2,222,85.7651
Vas,Csönge,274,0,0,274,200,0,200,0,200,0,0,200,0,59,9,0,132,72.9927
Vas,Csörötnek,643,0,0,643,442,0,442,0,442,0,3,439,2,154,29,3,250,68.7403
Vas,Cák,225,0,0,225,190,0,190,0,190,0,0,190,3,81,13,0,93,84.4444
Vas,Daraboshegy,81,0,0,81,77,0,77,0,73,0,1,72,0,37,7,0,28,95.0617
Vas,Dozmat,251,0,0,251,239,0,239,0,239,0,2,237,0,126,13,0,98,95.2191
Vas,Duka,192,0,0,192,146,0,146,0,146,0,2,144,1,52,9,5,77,76.0417
Vas,Döbörhegy,124,0,0,124,98,0,98,0,98,0,0,98,0,31,5,0,62,79.0323
Vas,Döröske,94,0,0,94,77,0,77,0,77,0,1,76,1,33,4,0,38,81.9149
Vas,Egervölgy,282,0,0,282,203,0,203,0,203,0,3,200,1,70,16,1,112,71.9858
Vas,Egyházashetye,232,0,0,232,195,0,195,0,195,0,1,194,1,56,12,0,125,84.0517
Vas,Egyházashollós,438,0,0,438,357,0,357,0,357,0,0,357,1,106,30,1,218,81.5068
Vas,Egyházasrádóc,1045,0,0,1045,908,0,908,0,908,0,10,898,6,363,65,5,458,86.89
Vas,Felsőcsatár,394,0,0,394,340,0,340,0,340,0,1,339,4,151,19,1,137,86.2944
Vas,Felsőjánosfa,148,0,0,148,136,0,136,0,136,0,0,136,1,48,11,0,76,91.8919
Vas,Felsőmarác,204,0,0,204,184,0,184,0,184,0,0,184,0,65,15,5,99,90.1961
Vas,Felsőszölnök,439,0,0,439,349,0,349,0,349,0,5,344,2,104,19,2,173,79.4989
Vas,Gasztony,353,0,0,353,292,0,292,0,292,0,0,292,0,95,21,3,173,82.7195
Vas,Gencsapáti,2099,0,0,2099,1879,0,1879,0,1878,0,10,1868,8,996,124,17,721,89.5188
Vas,Gersekarát,543,0,0,543,442,0,442,0,442,0,2,440,5,181,35,2,217,81.3996
Vas,Gyanógeregye,132,0,0,132,109,0,109,0,109,0,0,109,1,38,6,1,63,82.5758
Vas,Gyöngyösfalu,894,0,0,894,764,0,764,0,764,0,3,761,9,380,45,8,319,85.4586
Vas,Győrvár,493,0,0,493,400,0,400,0,400,0,2,398,1,160,33,1,203,81.1359
Vas,Gérce,856,0,0,856,633,0,633,0,633,0,1,632,3,257,52,7,313,73.9486
Vas,Gór,251,0,0,251,215,0,215,0,215,0,1,214,5,84,18,1,105,85.6574
Vas,Halastó,59,0,0,59,56,0,56,0,56,0,1,55,1,17,3,0,34,94.9153
Vas,Halogy,190,0,0,190,164,0,164,0,164,0,1,163,0,48,14,0,101,86.3158
Vas,Harasztifalu,148,0,0,148,125,0,125,0,123,0,1,122,1,58,6,2,55,84.4595
Vas,Hegyfalu,575,0,0,575,424,0,424,0,424,0,8,416,2,186,24,9,194,73.7391
Vas,Hegyháthodász,120,0,0,120,100,0,100,0,100,0,0,100,0,33,8,4,55,83.3333
Vas,Hegyhátszentjakab,221,0,0,221,189,0,189,0,189,0,0,189,2,80,15,1,91,85.5204
Vas,Hegyhátszentmárton,54,0,0,54,51,0,51,0,51,0,0,51,0,14,3,2,32,94.4444
Vas,Hegyhátszentpéter,110,0,0,110,92,0,92,0,92,0,0,92,1,35,2,0,54,83.6364
Vas,Hegyhátsál,106,0,0,106,85,0,85,0,85,0,1,84,2,25,3,0,54,80.1887
Vas,Horvátlövő,139,0,0,139,133,0,133,0,133,0,0,133,0,45,20,0,68,95.6835
Vas,Horvátzsidány,605,0,0,605,513,0,513,0,513,0,1,512,4,238,25,5,228,84.7934
Vas,Hosszúpereszteg,527,0,0,527,386,0,386,0,386,0,4,382,1,151,32,1,197,73.2448
Vas,Ikervár,1310,0,0,1310,1081,0,1081,0,1081,0,2,1079,7,552,75,14,431,82.5191
Vas,Iklanberény,39,0,0,39,37,0,37,0,37,0,0,37,0,7,3,1,26,94.8718
Vas,Ispánk,78,0,0,78,71,0,71,0,71,0,0,71,3,25,8,0,35,91.0256
Vas,Ivánc,370,0,0,370,290,0,290,0,290,0,4,286,6,97,22,3,158,78.3784
Vas,Ják,2052,0,0,2052,1713,0,1713,0,1713,0,6,1707,12,898,127,8,659,83.4795
Vas,Jákfa,402,0,0,402,329,0,329,0,329,0,3,326,1,166,20,2,137,81.8408
Vas,Jánosháza,1842,0,0,1842,1312,0,1312,0,1312,0,5,1307,12,638,67,17,573,71.2269
Vas,Karakó,156,0,0,156,126,0,126,0,126,0,1,125,0,53,12,1,59,80.7692
Vas,Katafa,269,0,0,269,234,0,234,0,234,0,1,233,0,73,27,0,133,86.9888
Vas,Keléd,69,0,0,69,61,0,61,0,61,0,0,61,0,29,0,0,32,88.4058
Vas,Kemeneskápolna,75,0,0,75,58,0,58,0,58,0,1,57,1,20,5,1,30,77.3333
Vas,Kemenesmagasi,677,0,0,677,525,0,525,0,525,0,2,523,5,187,38,6,287,77.548
Vas,Kemenesmihályfa,397,0,0,397,313,0,313,0,313,0,1,312,2,127,21,3,159,78.8413
Vas,Kemenespálfa,318,0,0,318,241,0,241,0,241,0,0,241,1,82,21,4,133,75.7862
Vas,Kemenesszentmárton,159,0,0,159,119,0,119,0,119,0,1,118,1,51,5,1,60,74.8428
Vas,Kemenessömjén,402,0,0,402,352,0,352,0,352,0,2,350,4,144,20,5,177,87.5622
Vas,Kemestaródfa,178,0,0,178,150,0,150,0,150,0,1,149,1,56,9,3,80,84.2697
Vas,Kenyeri,656,0,0,656,549,0,549,0,549,0,2,547,0,189,39,4,315,83.689
Vas,Kenéz,210,0,0,210,170,0,170,1,169,0,2,167,2,55,9,2,99,80.9524
Vas,Kercaszomor,172,0,0,172,144,0,144,0,144,0,1,143,1,55,19,5,63,83.7209
Vas,Kerkáskápolna,58,0,0,58,45,0,45,0,45,0,0,45,0,9,3,1,32,77.5862
Vas,Kisrákos,133,0,0,133,124,0,124,0,124,0,2,122,2,37,12,0,71,93.2331
Vas,Kissomlyó,183,0,0,183,153,0,153,0,153,0,0,153,1,79,18,2,53,83.6066
Vas,Kisunyom,362,0,0,362,319,0,319,0,319,0,0,319,2,149,21,2,145,88.1215
Vas,Kiszsidány,75,0,0,75,67,0,67,0,67,0,0,67,0,31,1,1,22,89.3333
Vas,Kondorfa,382,0,0,382,321,0,321,0,321,0,0,321,3,109,24,4,181,84.0314
Vas,Káld,797,0,0,797,618,0,618,0,618,0,2,616,2,296,51,8,259,77.5408
Vas,Kám,361,0,0,361,299,0,299,0,299,0,0,299,2,127,18,0,152,82.8255
Vas,Kétvölgy,87,0,0,87,72,0,72,0,72,0,0,72,0,30,7,0,34,82.7586
Vas,Köcsk,223,0,0,223,184,0,184,0,184,0,1,183,3,61,15,0,103,82.5112
Vas,Körmend,8278,1855,307,10440,6923,2075,8998,1,8994,0,33,8961,65,4459,508,62,3860,86.1877
Vas,Kőszeg,8716,0,0,8716,7187,0,7187,0,7187,0,28,7159,47,3658,443,72,2911,82.4575
Vas,Kőszegdoroszló,230,0,0,230,202,0,202,0,202,0,0,202,5,86,22,3,86,87.8261
Vas,Kőszegpaty,158,0,0,158,129,0,129,0,129,0,1,128,1,34,10,1,82,81.6456
Vas,Kőszegszerdahely,448,0,0,448,380,0,380,0,380,0,1,379,2,184,25,3,164,84.8214
Vas,Lukácsháza,855,0,0,855,755,0,755,0,755,0,3,752,6,340,60,5,341,88.3041
Vas,Lócs,84,0,0,84,71,0,71,0,71,0,0,71,1,25,8,0,37,84.5238
Vas,Magyarlak,611,0,0,611,522,0,522,0,522,0,1,521,3,200,31,4,283,85.4337
Vas,Magyarnádalja,207,0,0,207,180,0,180,0,180,0,2,178,0,74,5,0,99,86.9565
Vas,Magyarszecsőd,331,0,0,331,284,0,284,0,284,0,0,284,1,81,25,0,177,85.8006
Vas,Magyarszombatfa,187,0,0,187,158,0,158,0,158,0,1,157,1,54,17,0,85,84.492
Vas,Meggyeskovácsi,549,0,0,549,399,0,399,0,399,0,2,397,4,178,28,1,186,72.6776
Vas,Megyehíd,258,0,0,258,227,0,227,0,227,0,0,227,1,120,18,2,86,87.9845
Vas,Mersevát,458,0,0,458,394,0,394,0,394,0,3,391,1,151,27,6,206,86.0262
Vas,Mesterháza,124,0,0,124,106,0,106,0,106,0,2,104,1,39,11,5,48,85.4839
Vas,Mesteri,165,0,0,165,133,0,133,0,133,0,0,133,0,44,11,0,77,80.6061
Vas,Meszlen,170,0,0,170,135,0,135,0,135,0,0,135,5,57,5,2,66,79.4118
Vas,Mikosszéplak,240,0,0,240,159,0,159,0,159,0,2,157,0,47,6,1,102,66.25
Vas,Molnaszecsőd,332,0,0,332,270,0,270,0,270,0,2,268,1,98,20,1,148,81.3253
Vas,Nagygeresd,196,0,0,196,170,0,170,0,170,0,1,169,1,73,3,3,89,86.7347
Vas,Nagykölked,128,0,0,128,102,0,102,0,102,0,1,101,0,41,7,1,52,79.6875
Vas,Nagymizdó,97,0,0,97,91,0,91,0,91,0,0,91,0,16,21,0,54,93.8144
Vas,Nagyrákos,190,0,0,190,160,0,160,0,160,0,1,159,0,71,14,1,73,84.2105
Vas,Nagysimonyi,735,0,0,735,630,0,630,0,628,0,1,627,6,249,60,14,298,85.7143
Vas,Nagytilaj,105,0,0,105,62,0,62,0,62,0,1,61,1,22,4,0,34,59.0476
Vas,Narda,366,0,0,366,312,0,312,0,312,0,0,312,2,98,17,0,190,85.2459
Vas,Nemesbőd,504,0,0,504,440,0,440,0,440,0,0,440,2,261,24,1,152,87.3016
Vas,Nemescsó,253,0,0,253,232,0,232,0,233,0,7,226,1,98,14,0,113,91.6996
Vas,Nemeskeresztúr,231,0,0,231,199,0,199,0,199,0,2,197,3,70,10,1,113,86.1472
Vas,Nemeskocs,251,0,0,251,216,0,216,0,216,0,1,215,2,90,13,1,109,86.0558
Vas,Nemeskolta,292,0,0,292,238,0,238,0,238,0,1,237,3,113,11,4,106,81.5068
Vas,Nemesládony,116,0,0,116,101,0,101,0,101,0,0,101,1,35,12,0,53,87.069
Vas,Nemesmedves,23,0,0,23,19,0,19,0,19,0,1,18,0,6,1,0,11,82.6087
Vas,Nemesrempehollós,214,0,0,214,160,0,160,0,160,0,1,159,0,56,9,4,90,74.7664
Vas,Nick,427,0,0,427,362,0,362,0,362,0,0,362,2,106,29,0,224,84.7775
Vas,Nyőgér,271,0,0,271,240,0,240,0,240,0,2,238,0,107,14,0,117,88.5609
Vas,Nádasd,1073,0,0,1073,903,0,903,0,903,0,4,899,4,313,72,4,506,84.1566
Vas,Nárai,1109,0,0,1109,964,0,964,0,964,0,3,961,3,506,50,3,399,86.9252
Vas,Olaszfa,305,0,0,305,219,0,219,0,219,0,1,218,4,52,11,1,150,71.8033
Vas,Orfalu,59,0,0,59,53,0,53,0,53,0,1,52,0,24,10,0,13,89.8305
Vas,Ostffyasszonyfa,598,0,0,598,485,0,485,0,485,0,2,483,0,218,33,4,228,81.1037
Vas,Oszkó,483,0,0,483,370,0,370,0,370,0,1,369,0,166,22,1,180,76.6046
Vas,Pankasz,338,0,0,338,270,0,270,0,270,0,0,270,1,87,23,2,156,79.8817
Vas,Pecöl,610,0,0,610,504,0,504,0,504,0,1,503,1,213,33,8,248,82.623
Vas,Perenye,515,0,0,515,452,0,452,0,452,0,2,450,7,179,26,4,234,87.767
Vas,Peresznye,343,0,0,343,298,0,298,0,298,0,1,297,3,99,26,0,169,86.8805
Vas,Petőmihályfa,162,0,0,162,138,0,138,0,138,0,0,138,0,47,10,2,79,85.1852
Vas,Pinkamindszent,138,0,0,138,112,0,112,0,111,0,0,111,2,39,6,1,63,81.1594
Vas,Pornóapáti,274,0,0,274,247,0,247,0,247,0,0,247,1,112,10,2,114,90.146
Vas,Porpác,126,0,0,126,101,0,101,0,101,0,1,100,0,43,6,2,49,80.1587
Vas,Pusztacsó,120,0,0,120,110,0,110,0,110,0,0,110,2,32,4,0,72,91.6667
Vas,Pácsony,225,0,0,225,180,0,180,0,180,0,1,179,0,87,13,2,77,80.0
Vas,Pápoc,220,0,0,220,184,0,184,0,184,0,0,184,1,40,13,0,128,83.6364
Vas,Pósfa,214,0,0,214,193,0,193,0,193,0,0,193,1,77,7,4,104,90.1869
Vas,Püspökmolnári,675,0,0,675,556,0,556,0,556,0,5,551,9,212,41,4,285,82.3704
Vas,Rum,949,0,0,949,745,0,745,0,745,0,3,742,13,369,53,3,304,78.5037
Vas,Rábagyarmat,582,0,0,582,506,0,506,0,505,0,2,503,0,172,17,1,313,86.9416
Vas,Rábahídvég,722,0,0,722,585,0,585,0,585,0,4,581,6,230,37,6,302,81.0249
Vas,Rábapaty,1374,0,0,1374,1120,0,1120,0,1120,0,5,1115,3,555,90,9,457,81.5138
Vas,Rábatöttös,173,0,0,173,147,0,147,0,147,0,2,145,0,52,8,0,85,84.9711
Vas,Rádóckölked,241,0,0,241,202,0,202,0,202,0,0,202,2,83,19,4,94,83.8174
Vas,Rátót,181,0,0,181,152,0,152,0,152,0,1,151,1,59,9,0,82,83.9779
Vas,Répcelak,2008,0,0,2008,1727,0,1727,1,1728,0,11,1717,15,682,96,16,908,86.006
Vas,Répceszentgyörgy,102,0,0,102,87,0,87,0,87,0,0,87,1,36,3,0,47,85.2941
Vas,Rönök,306,0,0,306,252,0,252,0,252,0,1,251,0,74,17,0,155,82.3529
Vas,Sajtoskál,235,0,0,235,190,0,190,0,190,0,1,189,0,76,14,0,99,80.8511
Vas,Salköveskút,368,0,0,368,306,0,306,0,306,0,2,304,3,128,24,3,146,83.1522
Vas,Simaság,408,0,0,408,337,0,337,0,337,0,1,336,1,134,18,2,181,82.598
Vas,Sitke,564,0,0,564,481,0,481,0,481,0,1,480,3,206,43,1,227,85.2837
Vas,Sorkifalud,501,0,0,501,394,0,394,0,394,0,1,393,1,201,27,2,162,78.6427
Vas,Sorkikápolna,198,0,0,198,164,0,164,0,164,0,1,163,1,67,14,1,80,82.8283
Vas,Sorokpolány,628,0,0,628,511,0,511,0,511,0,3,508,6,228,32,6,235,81.3694
Vas,Szaknyér,44,0,0,44,41,0,41,0,41,0,0,41,0,24,4,0,13,93.1818
Vas,Szakonyfalu,286,0,0,286,247,0,247,0,247,0,4,243,3,96,9,2,130,86.3636
Vas,Szalafő,184,0,0,184,168,0,168,0,169,0,1,168,5,80,15,1,67,91.3043
Vas,Szarvaskend,178,0,0,178,160,0,160,0,160,0,1,159,0,46,11,0,102,89.8876
Vas,Szatta,50,0,0,50,48,0,48,0,48,0,0,48,1,22,5,1,18,96.0
Vas,Szeleste,524,0,0,524,443,0,443,0,443,0,1,442,3,192,29,3,215,84.542
Vas,Szemenye,257,0,0,257,196,0,196,0,196,0,0,196,0,68,13,1,114,76.2646
Vas,Szentgotthárd,6035,0,0,6035,4996,0,4996,0,4995,0,30,4965,41,2248,265,35,2308,82.7838
Vas,Szentpéterfa,780,0,0,780,678,0,678,0,678,0,3,675,2,218,36,0,388,86.9231
Vas,Szergény,215,0,0,215,169,0,169,0,169,0,1,168,1,52,17,1,97,78.6047
Vas,Szombathely,57948,1924,583,60455,48680,2419,51099,7,51075,0,231,50844,386,28733,2489,781,18301,84.524
Vas,Szőce,247,0,0,247,193,0,193,0,193,0,1,192,0,55,19,2,116,78.1377
Vas,Sárfimizdó,65,0,0,65,55,0,55,0,55,0,0,55,0,7,4,2,42,84.6154
Vas,Sárvár,10669,1814,402,12885,8928,2124,11052,15,11044,0,33,11011,77,6383,574,109,3863,85.7742
Vas,Sé,1042,0,0,1042,923,0,923,0,923,0,3,920,7,479,48,11,375,88.5797
Vas,Sótony,506,0,0,506,404,0,404,0,404,0,1,403,1,185,22,6,189,79.8419
Vas,Söpte,628,0,0,628,563,0,563,0,563,0,2,561,5,291,43,7,215,89.6497
Vas,Tanakajd,627,0,0,627,541,0,541,0,541,0,1,540,9,258,35,4,232,86.2839
Vas,Telekes,353,0,0,353,273,0,273,0,273,0,2,271,0,90,11,1,163,77.3371
Vas,Tokorcs,288,0,0,288,247,0,247,0,243,0,6,237,0,105,14,0,118,85.7639
Vas,Tompaládony,246,0,0,246,207,0,207,0,207,0,3,204,0,63,13,1,127,84.1463
Vas,Tormásliget,241,0,0,241,202,0,202,0,199,0,3,196,1,77,14,2,102,83.8174
Vas,Torony,1543,0,0,1543,1273,0,1273,0,1272,0,6,1266,6,590,73,12,585,82.5016
Vas,Táplánszentkereszt,2050,0,0,2050,1752,0,1752,0,1750,0,11,1739,19,870,87,16,746,85.4634
Vas,Tömörd,234,0,0,234,213,0,213,0,213,0,0,213,1,94,15,1,102,91.0256
Vas,Uraiújfalu,676,0,0,676,527,0,527,0,527,0,3,524,3,255,34,6,225,77.9586
Vas,Vasalja,251,0,0,251,208,0,208,0,208,0,1,207,0,84,10,1,112,82.8685
Vas,Vasasszonyfa,345,0,0,345,302,0,302,0,302,0,2,300,2,121,22,2,153,87.5362
Vas,Vasegerszeg,287,0,0,287,241,0,241,0,241,0,3,238,0,80,9,3,146,83.9721
Vas,Vashosszúfalu,289,0,0,289,247,0,247,0,248,0,4,244,0,106,22,0,115,85.4671
Vas,Vaskeresztes,257,0,0,257,230,0,230,0,230,0,6,224,2,65,12,1,106,89.4942
Vas,Vassurány,589,0,0,589,504,0,504,0,504,0,4,500,3,204,33,3,257,85.5688
Vas,Vasszentmihály,280,0,0,280,238,0,238,0,239,0,7,232,1,99,22,1,107,85.0
Vas,Vasszilvágy,326,0,0,326,274,0,274,0,274,0,3,271,2,117,23,2,127,84.0491
Vas,Vasszécseny,1056,0,0,1056,905,0,905,0,905,0,6,899,2,473,39,16,368,85.7008
Vas,Vasvár,3193,0,0,3193,2579,0,2579,0,2579,0,16,2563,18,1131,127,25,1262,80.7704
Vas,Velem,317,0,0,317,279,0,279,0,279,0,2,277,0,126,34,3,114,88.0126
Vas,Velemér,60,0,0,60,49,0,49,0,50,0,3,47,0,19,6,0,22,81.6667
Vas,Viszák,205,0,0,205,188,0,188,0,188,0,1,187,0,72,16,0,99,91.7073
Vas,Vámoscsalád,239,0,0,239,202,0,202,0,202,0,1,201,0,66,12,1,122,84.5188
Vas,Vásárosmiske,280,0,0,280,234,0,234,0,234,0,1,233,0,72,22,0,139,83.5714
Vas,Vát,537,0,0,537,442,0,442,0,442,0,3,439,3,212,21,1,202,82.3091
Vas,Vép,2613,0,0,2613,2065,0,2065,0,2065,0,8,2057,16,950,119,18,953,79.0279
Vas,Vönöck,566,0,0,566,476,0,476,0,475,0,4,471,3,174,40,4,250,84.0989
Vas,Zsennye,81,0,0,81,66,0,66,0,66,0,1,65,1,19,4,0,41,81.4815
Vas,Zsédeny,173,0,0,173,138,0,138,0,138,0,1,137,0,72,13,2,50,79.7688
Vas,Ólmod,80,0,0,80,62,0,62,0,62,0,1,61,1,21,4,0,34,77.5
Vas,Ölbő,532,0,0,532,434,0,434,0,434,0,3,431,4,183,21,3,220,81.5789
Vas,Őrimagyarósd,159,0,0,159,127,0,127,0,127,0,0,127,0,47,8,0,72,79.8742
Vas,Őriszentpéter,852,0,0,852,709,0,709,0,709,0,5,704,8,345,52,6,293,83.216
Veszprém,Adorjánháza,298,0,0,298,216,0,216,0,215,0,2,213,0,86,10,2,115,72.4832
Veszprém,Adásztevel,600,0,0,600,475,0,475,0,475,0,5,470,0,176,37,3,231,79.1667
Veszprém,Ajka,21171,0,0,21171,16805,0,16805,1,16799,0,45,16754,130,9604,880,297,5778,79.3775
Veszprém,Alsóörs,1543,0,0,1543,1322,0,1322,0,1322,0,2,1320,7,727,92,13,480,85.6773
Veszprém,Apácatorna,129,0,0,129,103,0,103,0,103,0,1,102,1,30,7,1,63,79.845
Veszprém,Aszófő,360,0,0,360,326,0,326,0,326,0,1,325,5,167,24,4,125,90.5556
Veszprém,Badacsonytomaj,1630,0,0,1630,1357,0,1357,0,1357,0,2,1355,18,721,78,21,516,83.2515
Veszprém,Badacsonytördemic,670,0,0,670,534,0,534,0,534,0,1,533,5,295,35,7,191,79.7015
Veszprém,Bakonybél,891,0,0,891,735,0,735,0,735,0,0,735,3,360,50,4,317,82.4916
Veszprém,Bakonyjákó,553,0,0,553,445,0,445,0,445,0,1,444,2,210,38,6,172,80.4702
Veszprém,Bakonykoppány,156,0,0,156,135,0,135,0,135,0,6,129,1,53,9,0,51,86.5385
Veszprém,Bakonynána,751,0,0,751,617,0,617,0,617,0,7,610,2,281,31,3,181,82.1571
Veszprém,Bakonyoszlop,334,0,0,334,250,0,250,0,250,0,2,248,4,115,23,5,101,74.8503
Veszprém,Bakonypölöske,326,0,0,326,249,0,249,0,249,0,4,245,1,110,15,4,99,76.3804
Veszprém,Bakonyszentiván,156,0,0,156,123,0,123,0,122,0,2,120,2,37,10,1,63,78.8462
Veszprém,Bakonyszentkirály,642,0,0,642,517,0,517,0,516,0,1,515,7,232,37,2,237,80.5296
Veszprém,Bakonyszücs,202,0,0,202,172,0,172,0,172,0,2,170,1,48,10,0,71,85.1485
Veszprém,Bakonyság,43,0,0,43,36,0,36,0,36,0,0,36,0,12,2,0,22,83.7209
Veszprém,Bakonytamási,467,0,0,467,371,0,371,0,371,0,3,368,5,146,26,1,190,79.4433
Veszprém,Balatonakali,559,0,0,559,472,0,472,0,472,0,3,469,5,254,25,11,173,84.4365
Veszprém,Balatonakarattya,826,0,0,826,672,0,672,0,672,0,3,669,9,373,48,8,230,81.3559
Veszprém,Balatonalmádi,7610,0,0,7610,6427,0,6427,0,6424,0,24,6400,69,3650,429,80,2170,84.4547
Veszprém,Balatoncsicsó,191,0,0,191,156,0,156,0,156,0,0,156,2,81,10,3,41,81.6754
Veszprém,Balatonederics,795,0,0,795,656,0,656,0,656,0,1,655,2,275,49,5,324,82.5157
Veszprém,Balatonfüred,10120,3103,1040,14263,8261,3939,12200,0,12195,0,44,12151,120,7450,674,87,3802,85.536
Veszprém,Balatonfőkajár,1048,0,0,1048,825,0,825,0,824,0,6,818,8,369,91,4,344,78.7214
Veszprém,Balatonfűzfő,3495,0,0,3495,2916,0,2916,0,2918,0,20,2898,25,1632,178,39,1022,83.4335
Veszprém,Balatonhenye,116,0,0,116,100,0,100,0,100,0,0,100,1,55,10,1,33,86.2069
Veszprém,Balatonkenese,2076,0,0,2076,1709,0,1709,0,1710,0,9,1701,12,895,96,9,688,82.3218
Veszprém,Balatonrendes,147,0,0,147,120,0,120,0,120,0,0,120,0,60,8,0,52,81.6327
Veszprém,Balatonszepezd,384,0,0,384,310,0,310,0,310,0,0,310,3,143,18,4,142,80.7292
Veszprém,Balatonszőlős,484,0,0,484,406,0,406,0,406,0,0,406,2,241,43,6,114,83.8843
Veszprém,Balatonudvari,299,0,0,299,258,0,258,0,258,0,1,257,1,130,10,3,113,86.2876
Veszprém,Barnag,99,0,0,99,84,0,84,0,84,0,0,84,0,29,8,2,42,84.8485
Veszprém,Bazsi,335,0,0,335,263,0,263,0,263,0,1,262,2,122,19,2,117,78.5075
Veszprém,Berhida,4440,0,0,4440,3204,0,3204,1,3203,0,40,3163,14,1514,203,44,1320,72.1622
Veszprém,Bodorfa,73,0,0,73,63,0,63,0,63,0,0,63,0,24,7,0,32,86.3014
Veszprém,Borszörcsök,285,0,0,285,223,0,223,0,223,0,6,217,1,68,18,3,120,78.2456
Veszprém,Borzavár,592,0,0,592,490,0,490,0,490,0,1,489,6,246,36,1,200,82.7703
Veszprém,Bánd,548,0,0,548,484,0,484,0,484,0,3,481,2,257,36,0,149,88.3212
Veszprém,Béb,205,0,0,205,179,0,179,0,179,0,2,177,0,66,8,1,94,87.3171
Veszprém,Békás,160,0,0,160,130,0,130,0,130,0,1,129,0,40,8,0,81,81.25
Veszprém,Csabrendek,2207,0,0,2207,1652,0,1652,0,1651,0,7,1644,10,793,130,21,690,74.8527
Veszprém,Csajág,655,0,0,655,512,0,512,0,512,0,2,510,11,238,34,6,221,78.1679
Veszprém,Csehbánya,244,0,0,244,218,0,218,0,218,0,5,213,2,100,24,1,66,89.3443
Veszprém,Csesznek,383,0,0,383,310,0,310,0,310,0,0,310,4,146,26,7,126,80.9399
Veszprém,Csetény,1444,0,0,1444,1189,0,1189,0,1188,0,4,1184,14,529,86,9,545,82.3407
Veszprém,Csopak,1634,0,0,1634,1404,0,1404,0,1404,0,8,1396,18,802,91,9,474,85.9241
Veszprém,Csót,716,0,0,716,551,0,551,0,551,0,3,548,0,223,38,3,281,76.9553
Veszprém,Csögle,478,0,0,478,363,0,363,0,363,0,4,359,1,135,27,2,194,75.9414
Veszprém,Dabronc,314,0,0,314,213,0,213,0,213,0,0,213,1,61,31,0,120,67.8344
Veszprém,Dabrony,314,0,0,314,221,0,221,0,221,0,4,217,2,96,15,1,103,70.3822
Veszprém,Devecser,3402,0,0,3402,2333,0,2333,0,2333,0,15,2318,11,1171,111,16,997,68.5773
Veszprém,Doba,366,0,0,366,279,0,279,0,279,0,1,278,0,107,20,0,151,76.2295
Veszprém,Dudar,1324,0,0,1324,1033,0,1033,0,1034,0,12,1022,11,491,72,10,437,78.0211
Veszprém,Dáka,346,0,0,346,284,0,284,0,284,0,0,284,2,140,14,8,120,82.0809
Veszprém,Döbrönte,217,0,0,217,197,0,197,0,199,0,11,188,0,91,12,0,70,90.7834
Veszprém,Dörgicse,223,0,0,223,189,0,189,0,189,0,1,188,4,103,12,3,66,84.7534
Veszprém,Egeralja,189,0,0,189,162,0,162,0,163,0,6,157,0,38,13,0,106,85.7143
Veszprém,Egyházaskesző,379,0,0,379,270,0,270,0,270,0,1,269,2,135,12,2,118,71.2401
Veszprém,Eplény,452,0,0,452,394,0,394,0,394,0,0,394,7,205,25,5,151,87.1681
Veszprém,Farkasgyepű,316,0,0,316,262,0,262,0,262,0,5,257,0,156,8,0,69,82.9114
Veszprém,Felsőörs,1538,0,0,1538,1364,0,1364,0,1364,0,3,1361,21,779,106,4,449,88.6866
Veszprém,Ganna,203,0,0,203,178,0,178,0,178,0,1,177,3,72,14,0,78,87.6847
Veszprém,Gecse,306,0,0,306,243,0,243,0,243,0,2,241,0,91,17,1,132,79.4118
Veszprém,Gic,267,0,0,267,217,0,217,0,217,0,1,216,2,82,22,0,110,81.2734
Veszprém,Gyepükaján,271,0,0,271,197,0,197,0,197,0,0,197,0,75,10,0,112,72.6937
Veszprém,Gyulakeszi,559,0,0,559,432,0,432,0,432,0,0,432,3,218,24,4,183,77.2809
Veszprém,Gógánfa,568,0,0,568,401,0,401,0,401,0,1,400,5,162,32,2,199,70.5986
Veszprém,Hajmáskér,2347,0,0,2347,1745,0,1745,0,1746,0,13,1733,12,917,121,17,666,74.3502
Veszprém,Halimba,913,0,0,913,720,0,720,0,720,0,2,718,7,386,49,9,267,78.8609
Veszprém,Hegyesd,128,0,0,128,111,0,111,0,111,0,0,111,0,44,16,3,48,86.7188
Veszprém,Hegymagas,216,0,0,216,185,0,185,0,185,0,0,185,1,108,10,3,63,85.6481
Veszprém,Herend,2853,0,0,2853,2412,0,2412,0,2411,0,12,2399,15,1293,199,14,821,84.5426
Veszprém,Hetyefő,75,0,0,75,50,0,50,0,50,0,0,50,1,26,2,0,20,66.6667
Veszprém,Hidegkút,367,0,0,367,310,0,310,0,310,0,3,307,2,171,17,2,87,84.4687
Veszprém,Homokbödöge,517,0,0,517,403,0,403,0,403,0,3,400,0,163,23,6,206,77.9497
Veszprém,Hosztót,52,0,0,52,45,0,45,0,45,0,1,44,0,11,3,0,29,86.5385
Veszprém,Hárskút,546,0,0,546,465,0,465,0,465,0,3,462,9,208,25,5,181,85.1648
Veszprém,Iszkáz,280,0,0,280,213,0,213,0,213,0,1,212,1,53,16,1,141,76.0714
Veszprém,Jásd,556,0,0,556,469,0,469,0,469,0,4,465,3,191,47,2,220,84.3525
Veszprém,Kamond,268,0,0,268,196,0,196,0,196,0,0,196,1,62,4,1,128,73.1343
Veszprém,Kapolcs,321,0,0,321,271,0,271,0,271,0,0,271,1,151,11,0,108,84.4237
Veszprém,Karakószörcsök,210,0,0,210,163,0,163,0,164,0,5,159,0,50,14,0,95,77.619
Veszprém,Kemeneshőgyész,359,0,0,359,279,0,279,0,279,0,4,275,0,115,9,1,149,77.7159
Veszprém,Kemenesszentpéter,503,0,0,503,389,0,389,0,389,0,1,388,3,128,29,6,222,77.336
Veszprém,Kerta,408,0,0,408,300,0,300,0,300,0,0,300,2,90,17,2,189,73.5294
Veszprém,Királyszentistván,365,0,0,365,295,0,295,0,295,0,0,295,1,167,17,7,103,80.8219
Veszprém,Kisapáti,275,0,0,275,220,0,220,1,219,0,1,218,1,85,22,4,106,80.0
Veszprém,Kisberzseny,76,0,0,76,52,0,52,0,52,0,1,51,0,23,7,2,19,68.4211
Veszprém,Kiscsősz,83,0,0,83,69,0,69,0,69,0,0,69,0,23,6,2,38,83.1325
Veszprém,Kislőd,956,0,0,956,726,0,726,0,727,0,15,712,4,312,41,3,293,75.9414
Veszprém,Kispirit,58,0,0,58,43,0,43,0,43,0,0,43,0,12,3,0,28,74.1379
Veszprém,Kisszőlős,89,0,0,89,60,0,60,0,60,0,1,59,0,10,3,0,46,67.4157
Veszprém,Kolontár,540,0,0,540,410,0,410,0,410,0,4,406,4,200,22,6,173,75.9259
Veszprém,Kup,352,0,0,352,273,0,273,0,273,0,7,266,1,114,11,7,105,77.5568
Veszprém,Káptalanfa,614,0,0,614,453,0,453,0,453,0,4,449,2,213,25,7,202,73.7785
Veszprém,Káptalantóti,386,0,0,386,330,0,330,0,330,0,2,328,6,162,20,2,138,85.4922
Veszprém,Kékkút,47,0,0,47,41,0,41,0,41,0,0,41,0,22,3,0,16,87.234
Veszprém,Köveskál,261,0,0,261,218,0,218,0,218,0,1,217,2,82,10,10,113,83.5249
Veszprém,Külsővat,548,0,0,548,418,0,418,0,418,0,8,410,1,174,21,6,208,76.2774
Veszprém,Küngös,413,0,0,413,333,0,333,0,333,0,1,332,4,144,30,11,143,80.6295
Veszprém,Kővágóörs,510,0,0,510,407,0,407,0,406,0,0,406,0,208,30,2,166,79.8039
Veszprém,Lesencefalu,240,0,0,240,188,0,188,0,188,0,0,188,8,101,8,0,71,78.3333
Veszprém,Lesenceistvánd,747,0,0,747,574,0,574,0,574,0,1,573,4,257,56,6,250,76.8407
Veszprém,Lesencetomaj,722,0,0,722,526,0,526,0,526,0,1,525,3,234,35,7,246,72.8532
Veszprém,Litér,1739,0,0,1739,1435,0,1435,0,1435,0,3,1432,12,858,74,15,473,82.5187
Veszprém,Lovas,436,0,0,436,378,0,378,0,378,0,0,378,2,190,33,1,152,86.6972
Veszprém,Lovászpatona,910,0,0,910,669,0,669,0,669,0,5,664,6,216,36,9,396,73.5165
Veszprém,Lókút,370,0,0,370,308,0,308,0,308,0,4,304,2,160,21,0,86,83.2432
Veszprém,Magyargencs,385,0,0,385,278,0,278,0,278,0,3,275,0,118,13,7,137,72.2078
Veszprém,Magyarpolány,1036,0,0,1036,866,0,866,0,867,0,15,852,7,432,31,10,266,83.5907
Veszprém,Malomsok,405,0,0,405,331,0,331,0,331,0,5,326,3,102,14,0,207,81.7284
Veszprém,Marcalgergelyi,289,0,0,289,225,0,225,0,225,0,0,225,0,93,16,0,116,77.8547
Veszprém,Marcaltő,609,0,0,609,501,0,501,0,501,0,2,499,2,235,31,6,224,82.266
Veszprém,Megyer,24,0,0,24,18,0,18,0,18,0,0,18,0,6,0,0,12,75.0
Veszprém,Mencshely,226,0,0,226,177,0,177,0,178,0,5,173,1,100,11,0,61,78.3186
Veszprém,Mezőlak,736,0,0,736,580,0,580,0,580,0,6,574,5,268,42,5,254,78.8043
Veszprém,Mihályháza,580,0,0,580,436,0,436,0,436,0,5,431,3,193,21,8,205,75.1724
Veszprém,Mindszentkálla,200,0,0,200,167,0,167,0,167,0,1,166,1,77,13,1,74,83.5
Veszprém,Monostorapáti,854,0,0,854,691,0,691,0,691,0,5,686,3,291,56,3,333,80.9133
Veszprém,Monoszló,88,0,0,88,77,0,77,0,77,0,1,76,1,42,3,2,28,87.5
Veszprém,Márkó,1358,0,0,1358,1196,0,1196,0,1196,0,7,1189,11,676,74,10,360,88.0707
Veszprém,Nagyacsád,508,0,0,508,412,0,412,0,412,0,5,407,4,225,32,10,135,81.1024
Veszprém,Nagyalásony,398,0,0,398,279,0,279,0,279,0,1,278,2,93,23,0,160,70.1005
Veszprém,Nagydém,250,0,0,250,181,0,181,0,181,0,2,179,1,45,15,2,116,72.4
Veszprém,Nagyesztergár,918,0,0,918,746,0,746,0,745,0,13,732,7,350,39,1,290,81.2636
Veszprém,Nagygyimót,430,0,0,430,342,0,342,0,342,0,4,338,2,116,28,3,189,79.5349
Veszprém,Nagypirit,190,0,0,190,152,0,152,0,152,0,0,152,2,62,12,0,76,80.0
Veszprém,Nagytevel,412,0,0,412,349,0,349,0,350,0,11,339,0,158,17,1,138,84.7087
Veszprém,Nagyvázsony,1378,0,0,1378,1115,0,1115,0,1115,0,4,1111,15,610,62,7,412,80.9144
Veszprém,Nemesgulács,759,0,0,759,624,0,624,0,623,0,3,620,6,269,50,8,287,82.2134
Veszprém,Nemesgörzsöny,522,0,0,522,416,0,416,0,416,0,1,415,4,190,21,9,191,79.6935
Veszprém,Nemeshany,280,0,0,280,221,0,221,0,221,0,1,220,0,96,7,0,117,78.9286
Veszprém,Nemesszalók,663,0,0,663,548,0,548,0,548,0,2,546,5,220,41,2,277,82.6546
Veszprém,Nemesvita,272,0,0,272,223,0,223,0,223,0,1,222,2,113,8,4,95,81.9853
Veszprém,Nemesvámos,2350,0,0,2350,2012,0,2012,0,2009,0,7,2002,17,1095,150,12,727,85.617
Veszprém,Noszlop,767,0,0,767,582,0,582,0,582,0,3,579,7,287,45,3,237,75.8801
Veszprém,Nyirád,1414,0,0,1414,1100,0,1100,0,1099,0,5,1094,6,612,83,6,387,77.7935
Veszprém,Nyárád,680,0,0,680,564,0,564,0,564,0,1,563,2,217,28,5,310,82.9412
Veszprém,Németbánya,93,0,0,93,84,0,84,0,84,0,3,81,0,35,9,1,33,90.3226
Veszprém,Nóráp,152,0,0,152,134,0,134,0,134,0,1,133,0,53,6,0,74,88.1579
Veszprém,Olaszfalu,812,0,0,812,689,0,689,0,689,0,1,688,4,288,50,8,330,84.8522
Veszprém,Oroszi,106,0,0,106,76,0,76,0,76,0,0,76,0,39,7,0,29,71.6981
Veszprém,Paloznak,478,0,0,478,420,0,420,0,420,0,2,418,0,229,26,4,159,87.8661
Veszprém,Papkeszi,1196,0,0,1196,923,0,923,0,907,0,2,905,8,467,77,13,339,77.1739
Veszprém,Porva,374,0,0,374,302,0,302,0,302,0,5,297,0,137,10,0,129,80.7487
Veszprém,Pula,139,0,0,139,120,0,120,0,120,0,0,120,4,39,18,1,51,86.3309
Veszprém,Pusztamiske,295,0,0,295,198,0,198,0,195,0,3,192,0,76,10,2,103,67.1186
Veszprém,Pápa,21689,1864,443,23996,17282,2216,19498,2,19493,0,74,19419,110,10412,1031,354,7465,81.2552
Veszprém,Pápadereske,225,0,0,225,190,0,190,0,190,0,2,188,1,92,10,1,84,84.4444
Veszprém,Pápakovácsi,449,0,0,449,343,0,343,0,343,0,5,338,6,130,14,4,177,76.392
Veszprém,Pápasalamon,268,0,0,268,155,0,155,0,155,0,1,154,3,31,4,2,111,57.8358
Veszprém,Pápateszér,927,0,0,927,679,0,679,0,677,0,4,673,4,281,37,8,337,73.247
Veszprém,Pécsely,483,0,0,483,403,0,403,0,403,0,3,400,3,198,48,6,144,83.4369
Veszprém,Pénzesgyőr,272,0,0,272,225,0,225,0,225,0,1,224,1,88,12,2,118,82.7206
Veszprém,Pétfürdő,3487,0,0,3487,2768,0,2768,0,2769,0,14,2755,36,1612,162,48,888,79.3806
Veszprém,Raposka,202,0,0,202,179,0,179,0,179,0,2,177,1,76,14,3,83,88.6139
Veszprém,Rigács,153,0,0,153,100,0,100,0,100,0,2,98,4,44,2,1,47,65.3595
Veszprém,Révfülöp,908,0,0,908,753,0,753,0,751,0,1,750,4,362,40,8,335,82.9295
Veszprém,Salföld,70,0,0,70,61,0,61,0,61,0,1,60,1,26,3,1,29,87.1429
Veszprém,Somlójenő,222,0,0,222,161,0,161,0,161,0,4,157,1,68,8,2,78,72.5225
Veszprém,Somlószőlős,521,0,0,521,412,0,412,0,413,0,11,402,0,166,25,9,200,79.0787
Veszprém,Somlóvecse,77,0,0,77,60,0,60,0,60,0,0,60,0,25,4,1,30,77.9221
Veszprém,Somlóvásárhely,800,0,0,800,568,0,568,0,566,0,3,563,3,218,24,3,314,71.0
Veszprém,Szentantalfa,366,0,0,366,245,0,245,0,246,0,5,241,1,106,24,2,106,66.9399
Veszprém,Szentbékkálla,166,0,0,166,146,0,146,0,146,0,0,146,3,70,11,0,62,87.9518
Veszprém,Szentgál,2113,0,0,2113,1658,0,1658,0,1658,0,19,1639,8,793,120,15,670,78.4666
Veszprém,Szentimrefalva,148,0,0,148,108,0,108,0,108,0,1,107,0,43,10,0,53,72.973
Veszprém,Szentjakabfa,92,0,0,92,73,0,73,0,73,0,0,73,4,18,4,2,35,79.3478
Veszprém,Szentkirályszabadja,1691,0,0,1691,1412,0,1412,0,1412,0,6,1406,19,785,101,17,482,83.5009
Veszprém,Szigliget,715,0,0,715,588,0,588,0,587,0,5,582,7,296,29,5,245,82.2378
Veszprém,Szápár,389,0,0,389,324,0,324,0,323,0,3,320,0,130,38,2,143,83.2905
Veszprém,Szőc,325,0,0,325,272,0,272,0,251,0,0,251,7,69,19,4,152,83.6923
Veszprém,Sáska,223,0,0,223,193,0,193,0,193,0,0,193,1,79,14,0,99,86.5471
Veszprém,Sóly,442,0,0,442,387,0,387,0,387,0,1,386,4,221,23,1,137,87.5566
Veszprém,Sümeg,4461,0,0,4461,3535,0,3535,1,3533,0,11,3522,22,1606,238,40,1614,79.2423
Veszprém,Sümegprága,479,0,0,479,396,0,396,0,396,0,3,393,3,144,46,6,194,82.6722
Veszprém,Tagyon,80,0,0,80,73,0,73,0,73,0,1,72,2,34,4,1,31,91.25
Veszprém,Takácsi,656,0,0,656,548,0,548,0,548,0,0,548,3,249,28,6,260,83.5366
Veszprém,Taliándörögd,500,0,0,500,404,0,404,0,404,0,0,404,3,178,40,2,181,80.8
Veszprém,Tapolca,11251,2494,550,14295,9127,2942,12069,2,12061,0,34,12027,95,7070,663,158,4028,84.4281
Veszprém,Tihany,1009,0,0,1009,858,0,858,0,859,0,5,854,10,466,63,2,313,85.0347
Veszprém,Tés,690,0,0,690,573,0,573,0,572,0,3,569,10,255,36,5,263,83.0435
Veszprém,Tótvázsony,1089,0,0,1089,914,0,914,0,914,0,5,909,11,445,70,4,350,83.9302
Veszprém,Tüskevár,434,0,0,434,342,0,342,0,342,0,1,341,2,142,24,1,172,78.8018
Veszprém,Ugod,999,0,0,999,772,0,772,0,772,0,9,763,5,341,50,11,325,77.2773
Veszprém,Ukk,223,0,0,223,160,0,160,0,160,0,1,159,0,65,8,4,82,71.7489
Veszprém,Uzsa,247,0,0,247,213,0,213,0,213,0,2,211,1,123,15,3,69,86.2348
Veszprém,Vanyola,398,0,0,398,296,0,296,0,296,0,2,294,0,83,17,0,194,74.3719
Veszprém,Vaszar,1224,0,0,1224,977,0,977,0,977,0,3,974,5,342,71,4,552,79.8203
Veszprém,Veszprém,40289,2008,765,43062,33894,2680,36574,3,36569,0,170,36399,373,22884,1973,496,10556,84.9334
Veszprém,Veszprémfajsz,200,0,0,200,183,0,183,0,183,0,3,180,1,93,19,3,42,91.5
Veszprém,Veszprémgalsa,230,0,0,230,180,0,180,0,180,0,0,180,0,86,11,2,81,78.2609
Veszprém,Vid,83,0,0,83,46,0,46,0,46,0,3,43,0,15,1,0,27,55.4217
Veszprém,Vigántpetend,145,0,0,145,107,0,107,0,107,0,0,107,2,55,6,0,44,73.7931
Veszprém,Vilonya,562,0,0,562,450,0,450,0,450,0,2,448,6,252,31,3,156,80.0712
Veszprém,Vinár,171,0,0,171,149,0,149,0,149,0,0,149,1,56,11,3,78,87.1345
Veszprém,Várkesző,140,0,0,140,113,0,113,0,113,0,0,113,4,61,4,0,44,80.7143
Veszprém,Városlőd,1039,0,0,1039,814,0,814,0,813,0,13,800,0,369,33,8,283,78.3446
Veszprém,Várpalota,15247,0,0,15247,12155,0,12155,0,12155,0,62,12093,88,7177,773,196,3839,79.7206
Veszprém,Vászoly,213,0,0,213,189,0,189,0,189,0,2,187,3,83,10,1,90,88.7324
Veszprém,Vöröstó,78,0,0,78,65,0,65,0,65,0,1,64,2,25,5,0,21,83.3333
Veszprém,Zalaerdőd,193,0,0,193,148,0,148,0,148,0,0,148,1,77,9,1,60,76.6839
Veszprém,Zalagyömörő,324,0,0,324,251,0,251,0,251,0,1,250,2,90,16,0,142,77.4691
Veszprém,Zalahaláp,982,0,0,982,773,0,773,0,773,0,4,769,4,394,55,10,306,78.7169
Veszprém,Zalameggyes,51,0,0,51,33,0,33,0,33,0,0,33,1,12,1,0,19,64.7059
Veszprém,Zalaszegvár,110,0,0,110,98,0,98,0,98,0,0,98,0,45,5,1,47,89.0909
Veszprém,Zirc,5036,0,0,5036,4208,0,4208,1,4207,0,20,4187,51,2359,250,47,1459,83.5584
Veszprém,Zánka,756,0,0,756,650,0,650,0,650,0,7,643,2,361,40,8,227,85.9788
Veszprém,Ábrahámhegy,467,0,0,467,411,0,411,0,411,0,4,407,3,180,31,5,188,88.0086
Veszprém,Óbudavár,43,0,0,43,37,0,37,0,37,0,1,36,3,19,3,0,11,86.0465
Veszprém,Öcs,163,0,0,163,119,0,119,0,119,0,0,119,1,50,12,0,56,73.0061
Veszprém,Örvényes,137,0,0,137,123,0,123,0,123,0,0,123,3,51,15,0,54,89.781
Veszprém,Öskü,1759,0,0,1759,1432,0,1432,0,1432,0,4,1428,12,762,114,10,529,81.4099
Veszprém,Úrkút,1564,0,0,1564,1247,0,1247,0,1247,0,7,1240,7,609,93,8,412,79.7315
Veszprém,Ősi,1566,0,0,1566,1258,0,1258,0,1252,0,4,1248,6,630,92,13,505,80.3321
Zala,Alibánfa,323,0,0,323,264,0,264,0,264,0,1,263,2,125,14,1,121,81.7337
Zala,Almásháza,55,0,0,55,44,0,44,0,44,0,0,44,1,22,4,0,17,80.0
Zala,Alsónemesapáti,528,0,0,528,417,0,417,0,417,0,4,413,2,196,29,4,182,78.9773
Zala,Alsópáhok,1157,0,0,1157,964,0,964,0,964,0,5,959,9,457,71,3,419,83.3189
Zala,Alsórajk,253,0,0,253,174,0,174,0,174,0,2,172,3,80,8,2,79,68.7747
Zala,Alsószenterzsébet,43,0,0,43,40,0,40,0,40,0,0,40,0,15,3,1,21,93.0233
Zala,Babosdöbréte,406,0,0,406,310,0,310,0,310,0,1,309,1,117,28,4,159,76.3547
Zala,Baglad,32,0,0,32,24,0,24,0,24,0,1,23,0,4,4,0,14,75.0
Zala,Bagod,949,0,0,949,781,0,781,0,781,0,5,776,3,364,34,4,371,82.2972
Zala,Bak,1226,0,0,1226,1004,0,1004,0,1004,0,2,1002,7,481,60,21,432,81.8923
Zala,Baktüttös,267,0,0,267,207,0,207,0,207,0,2,205,0,73,13,2,116,77.5281
Zala,Balatongyörök,925,0,0,925,788,0,788,0,788,0,4,784,3,411,48,10,310,85.1892
Zala,Balatonmagyaród,329,0,0,329,228,0,228,0,228,0,0,228,0,87,23,7,111,69.3009
Zala,Barlahida,89,0,0,89,82,0,82,0,82,0,1,81,0,42,8,0,31,92.1348
Zala,Batyk,276,0,0,276,205,0,205,0,205,0,1,204,1,85,9,3,103,74.2754
Zala,Becsehely,1553,0,0,1553,1249,0,1249,0,1249,0,9,1240,4,669,71,11,465,80.425
Zala,Becsvölgye,592,0,0,592,463,0,463,0,465,0,10,455,5,201,22,0,225,78.2095
Zala,Belezna,517,0,0,517,389,0,389,0,389,0,4,385,1,178,25,5,176,75.2418
Zala,Belsősárd,91,0,0,91,80,0,80,0,80,0,0,80,3,39,5,0,33,87.9121
Zala,Bezeréd,110,0,0,110,105,0,105,0,106,0,4,102,0,45,8,0,49,95.4545
Zala,Bocfölde,913,0,0,913,771,0,771,0,771,0,5,766,6,371,48,8,326,84.4469
Zala,Bocska,230,0,0,230,169,0,169,0,169,0,1,168,1,80,5,3,79,73.4783
Zala,Boncodfölde,285,0,0,285,260,0,260,0,260,0,0,260,4,132,26,1,97,91.2281
Zala,Borsfa,533,0,0,533,426,0,426,0,426,0,3,423,2,219,18,3,180,79.925
Zala,Bucsuta,162,0,0,162,118,0,118,0,118,0,0,118,0,44,7,0,67,72.8395
Zala,Bánokszentgyörgy,462,0,0,462,339,0,339,0,339,0,4,335,2,136,27,3,167,73.3766
Zala,Bázakerettye,506,0,0,506,410,0,410,0,410,0,2,408,7,241,24,10,126,81.0277
Zala,Bókaháza,206,0,0,206,160,0,160,0,160,0,0,160,0,38,14,1,100,77.6699
Zala,Böde,210,0,0,210,176,0,176,0,176,0,3,173,2,67,18,0,86,83.8095
Zala,Bödeháza,39,0,0,39,35,0,35,0,35,0,0,35,2,14,3,0,16,89.7436
Zala,Börzönce,37,0,0,37,27,0,27,0,27,0,0,27,0,17,1,0,9,72.973
Zala,Búcsúszentlászló,535,0,0,535,453,0,453,0,453,0,3,450,4,196,39,7,204,84.6729
Zala,Csapi,118,0,0,118,95,0,95,0,95,0,2,93,0,32,9,3,49,80.5085
Zala,Csatár,400,0,0,400,351,0,351,0,351,0,5,346,5,164,26,3,148,87.75
Zala,Cserszegtomaj,2439,0,0,2439,2072,0,2072,0,2072,0,8,2064,18,1048,173,23,802,84.9528
Zala,Csertalakos,28,0,0,28,15,0,15,0,15,0,0,15,0,4,4,0,7,53.5714
Zala,Csesztreg,650,0,0,650,546,0,546,0,545,0,1,544,4,266,25,4,245,84.0
Zala,Csonkahegyhát,257,0,0,257,224,0,224,0,224,0,2,222,0,105,12,3,102,87.1595
Zala,Csöde,49,0,0,49,43,0,43,0,43,0,0,43,0,6,3,2,32,87.7551
Zala,Csömödér,458,0,0,458,347,0,347,0,348,0,9,339,1,148,16,0,133,75.7642
Zala,Csörnyeföld,287,0,0,287,202,0,202,0,202,0,0,202,1,90,6,6,99,70.3833
Zala,Dióskál,344,0,0,344,244,0,244,0,244,0,5,239,3,96,7,2,131,70.9302
Zala,Dobri,117,0,0,117,97,0,97,0,97,0,0,97,1,56,4,0,36,82.906
Zala,Dobronhegy,127,0,0,127,113,0,113,0,113,0,1,112,0,45,10,1,56,88.9764
Zala,Döbröce,57,0,0,57,49,0,49,0,49,0,0,49,0,19,5,0,25,85.9649
Zala,Dötk,25,0,0,25,21,0,21,0,21,0,0,21,0,12,1,0,8,84.0
Zala,Egeraracsa,239,0,0,239,176,0,176,0,176,0,0,176,0,89,9,1,77,73.6402
Zala,Egervár,789,0,0,789,655,0,655,0,655,0,1,654,3,269,44,2,335,83.0165
Zala,Eszteregnye,505,0,0,505,415,0,415,0,415,0,1,414,2,212,30,3,167,82.1782
Zala,Esztergályhorváti,328,0,0,328,223,0,223,0,222,0,9,213,2,109,16,4,75,67.9878
Zala,Felsőpáhok,543,0,0,543,460,0,460,0,460,0,2,458,6,226,26,4,196,84.7145
Zala,Felsőrajk,573,0,0,573,445,0,445,0,445,0,6,439,2,194,20,5,218,77.6614
Zala,Felsőszenterzsébet,14,0,0,14,14,0,14,0,14,0,0,14,0,10,0,1,3,100.0
Zala,Fityeház,504,0,0,504,405,0,405,0,405,0,2,403,2,175,26,5,191,80.3571
Zala,Fűzvölgy,108,0,0,108,92,0,92,0,92,0,1,91,2,46,9,0,33,85.1852
Zala,Galambok,901,0,0,901,640,0,640,0,640,0,6,634,5,259,43,5,322,71.0322
Zala,Garabonc,476,0,0,476,348,0,348,0,348,0,7,341,2,121,25,1,191,73.1092
Zala,Gellénháza,1160,0,0,1160,974,0,974,0,974,0,5,969,13,449,78,17,412,83.9655
Zala,Gelse,822,0,0,822,631,0,631,0,631,0,3,628,2,338,36,13,239,76.764
Zala,Gelsesziget,199,0,0,199,160,0,160,0,160,0,0,160,0,88,10,3,59,80.402
Zala,Gombosszeg,45,0,0,45,35,0,35,0,35,0,0,35,0,15,10,0,10,77.7778
Zala,Gosztola,53,0,0,53,45,0,45,0,45,0,0,45,0,31,0,1,13,84.9057
Zala,Gutorfölde,734,0,0,734,568,0,568,0,568,0,5,563,4,282,52,5,220,77.3842
Zala,Gyenesdiás,3060,0,0,3060,2556,0,2556,0,2556,0,2,2554,24,1320,144,25,1041,83.5294
Zala,Gyűrűs,55,0,0,55,30,0,30,0,30,0,0,30,0,18,1,0,11,54.5455
Zala,Gáborjánháza,53,0,0,53,44,0,44,0,44,0,0,44,0,7,3,1,33,83.0189
Zala,Gétye,72,0,0,72,53,0,53,0,53,0,0,53,0,19,3,2,29,73.6111
Zala,Gősfa,240,0,0,240,198,0,198,0,198,0,1,197,1,64,18,1,113,82.5
Zala,Hagyárosbörönd,224,0,0,224,193,0,193,0,192,0,1,191,0,85,15,3,88,86.1607
Zala,Hahót,811,0,0,811,593,0,593,0,593,0,6,587,2,243,39,8,294,73.1196
Zala,Hernyék,65,0,0,65,55,0,55,0,55,0,0,55,0,35,2,1,17,84.6154
Zala,Homokkomárom,204,0,0,204,140,0,140,0,140,0,1,139,0,66,11,0,62,68.6275
Zala,Hosszúvölgy,133,0,0,133,110,0,110,0,110,0,0,110,2,64,6,2,30,82.7068
Zala,Hottó,265,0,0,265,231,0,231,0,231,0,2,229,0,118,11,4,96,87.1698
Zala,Hévíz,3377,0,0,3377,2767,0,2767,0,2770,0,24,2746,17,1396,175,25,1133,81.9366
Zala,Iborfia,12,0,0,12,12,0,12,0,12,0,0,12,0,3,1,0,8,100.0
Zala,Iklódbördőce,217,0,0,217,159,0,159,0,159,0,0,159,0,57,15,0,87,73.2719
Zala,Kacorlak,156,0,0,156,127,0,127,0,128,0,5,123,0,62,5,1,55,81.4103
Zala,Kallósd,68,0,0,68,54,0,54,0,54,0,0,54,1,16,4,0,33,79.4118
Zala,Karmacs,540,0,0,540,433,0,433,0,433,0,2,431,2,166,21,4,238,80.1852
Zala,Kehidakustány,899,0,0,899,717,0,717,0,716,0,2,714,8,297,61,4,343,79.7553
Zala,Kemendollár,364,0,0,364,275,0,275,0,275,0,1,274,3,134,22,1,114,75.5495
Zala,Keménfa,63,0,0,63,53,0,53,0,53,0,0,53,0,25,0,1,27,84.127
Zala,Kerecseny,185,0,0,185,103,0,103,0,103,0,3,100,0,33,5,0,62,55.6757
Zala,Kerkabarabás,222,0,0,222,172,0,172,0,172,0,0,172,2,65,13,2,90,77.4775
Zala,Kerkafalva,102,0,0,102,93,0,93,0,93,0,0,93,0,23,20,0,50,91.1765
Zala,Kerkakutas,90,0,0,90,80,0,80,0,80,0,0,80,0,29,2,1,48,88.8889
Zala,Kerkaszentkirály,168,0,0,168,142,0,142,0,142,0,2,140,1,60,16,2,61,84.5238
Zala,Kerkateskánd,130,0,0,130,109,0,109,0,109,0,1,108,2,47,12,0,47,83.8462
Zala,Keszthely,13888,2988,690,17566,11288,3546,14834,0,14826,0,48,14778,108,8376,854,180,5250,84.4472
Zala,Kilimán,164,0,0,164,128,0,128,0,128,0,3,125,2,58,5,1,59,78.0488
Zala,Kisbucsa,351,0,0,351,295,0,295,0,295,0,2,293,2,136,18,2,135,84.0456
Zala,Kiscsehi,142,0,0,142,127,0,127,0,127,0,1,126,1,52,8,0,64,89.4366
Zala,Kisgörbő,138,0,0,138,100,0,100,0,100,0,3,97,0,51,2,0,44,72.4638
Zala,Kiskutas,151,0,0,151,126,0,126,1,125,0,0,125,2,59,10,0,54,83.4437
Zala,Kispáli,226,0,0,226,187,0,187,0,187,0,1,186,0,82,12,2,90,82.7434
Zala,Kisrécse,124,0,0,124,91,0,91,0,91,0,0,91,1,37,4,0,49,73.3871
Zala,Kissziget,114,0,0,114,84,0,84,0,84,0,1,83,0,21,4,0,58,73.6842
Zala,Kistolmács,118,0,0,118,83,0,83,0,83,0,0,83,1,30,3,1,48,70.339
Zala,Kisvásárhely,53,0,0,53,43,0,43,0,43,0,0,43,1,12,3,0,27,81.1321
Zala,Kozmadombja,29,0,0,29,28,0,28,0,28,0,2,26,0,9,2,0,15,96.5517
Zala,Kustánszeg,371,0,0,371,290,0,290,0,287,0,2,285,1,134,6,4,140,78.1671
Zala,Kálócfa,103,0,0,103,89,0,89,0,89,0,1,88,1,38,2,0,47,86.4078
Zala,Kányavár,88,0,0,88,72,0,72,0,73,0,5,68,0,16,9,3,40,81.8182
Zala,Kávás,188,0,0,188,159,0,159,0,159,0,2,157,0,74,15,2,66,84.5745
Zala,Külsősárd,54,0,0,54,48,0,48,0,48,0,0,48,0,19,1,1,27,88.8889
Zala,Lakhegy,362,0,0,362,306,0,306,0,306,0,1,305,3,123,20,1,158,84.5304
Zala,Lasztonya,44,0,0,44,34,0,34,0,34,0,0,34,0,19,1,1,12,77.2727
Zala,Lendvadedes,32,0,0,32,26,0,26,0,26,0,0,26,1,9,4,0,12,81.25
Zala,Lendvajakabfa,38,0,0,38,26,0,26,0,26,0,0,26,0,14,3,0,8,68.4211
Zala,Lenti,5645,0,0,5645,4767,0,4767,0,4762,0,23,4739,40,2453,213,51,1982,84.4464
Zala,Letenye,3045,0,0,3045,2289,0,2289,0,2283,0,23,2260,1,1095,126,29,945,75.1724
Zala,Lickóvadamos,150,0,0,150,122,0,122,0,122,0,0,122,0,60,6,1,55,81.3333
Zala,Ligetfalva,47,0,0,47,38,0,38,0,38,0,0,38,1,15,4,0,18,80.8511
Zala,Lispeszentadorján,199,0,0,199,148,0,148,0,148,0,0,148,2,63,9,2,71,74.3719
Zala,Liszó,301,0,0,301,236,0,236,0,236,0,0,236,6,135,18,1,76,78.4053
Zala,Lovászi,881,0,0,881,669,0,669,0,669,0,7,662,2,365,34,9,214,75.9364
Zala,Magyarföld,38,0,0,38,35,0,35,0,35,0,1,34,1,22,3,1,7,92.1053
Zala,Magyarszentmiklós,200,0,0,200,163,0,163,0,163,0,1,162,0,91,12,1,53,81.5
Zala,Magyarszerdahely,349,0,0,349,277,0,277,0,277,0,1,276,1,116,19,2,138,79.3696
Zala,Maróc,47,0,0,47,32,0,32,0,32,0,0,32,0,12,7,0,13,68.0851
Zala,Miháld,538,0,0,538,415,0,415,0,414,0,2,412,2,166,33,6,205,77.1375
Zala,Mihályfa,284,0,0,284,237,0,237,0,237,0,2,235,1,87,19,1,127,83.4507
Zala,Mikekarácsonyfa,209,0,0,209,146,0,146,0,163,0,43,120,0,12,0,0,77,69.8565
Zala,Milejszeg,251,0,0,251,211,0,211,0,211,0,3,208,0,80,14,2,112,84.0637
Zala,Misefa,207,0,0,207,170,0,170,0,169,0,1,168,0,105,14,2,47,82.1256
Zala,Molnári,525,0,0,525,403,0,403,0,403,0,5,398,2,184,24,5,176,76.7619
Zala,Murakeresztúr,1316,0,0,1316,995,0,995,0,994,0,23,971,4,503,55,9,370,75.6079
Zala,Murarátka,182,0,0,182,139,0,139,0,139,0,2,137,0,55,16,1,54,76.3736
Zala,Muraszemenye,355,0,0,355,284,0,284,0,283,0,3,280,4,124,18,1,133,80.0
Zala,Márokföld,45,0,0,45,42,0,42,0,42,0,0,42,0,27,6,0,9,93.3333
Zala,Nagybakónak,309,0,0,309,242,0,242,0,242,0,3,239,1,97,19,3,119,78.3172
Zala,Nagygörbő,130,0,0,130,105,0,105,0,105,0,0,105,1,30,13,1,60,80.7692
Zala,Nagykanizsa,34212,2376,529,37117,27453,2802,30255,1,30238,0,108,30130,178,18214,1560,479,9647,81.5125
Zala,Nagykapornak,686,0,0,686,513,0,513,0,513,0,2,511,8,377,33,1,92,74.7813
Zala,Nagykutas,341,0,0,341,294,0,294,0,294,0,6,288,5,127,12,0,144,86.217
Zala,Nagylengyel,395,0,0,395,338,0,338,0,338,0,0,338,0,181,28,1,128,85.5696
Zala,Nagypáli,434,0,0,434,372,0,372,0,372,0,2,370,1,204,19,2,144,85.7143
Zala,Nagyrada,348,0,0,348,273,0,273,0,273,0,2,271,1,109,17,1,141,78.4483
Zala,Nagyrécse,871,0,0,871,728,0,728,0,728,0,1,727,2,433,33,9,250,83.5821
Zala,Nemesapáti,373,0,0,373,308,0,308,0,308,0,1,307,3,118,27,2,157,82.5737
Zala,Nemesbük,542,0,0,542,453,0,453,0,453,0,3,450,4,186,37,6,217,83.5793
Zala,Nemeshetés,204,0,0,204,164,0,164,0,164,0,2,162,1,58,23,0,80,80.3922
Zala,Nemesnép,91,0,0,91,77,0,77,0,78,0,3,75,0,30,1,0,44,84.6154
Zala,Nemespátró,211,0,0,211,171,0,171,0,171,0,1,170,1,68,6,1,94,81.0427
Zala,Nemesrádó,247,0,0,247,197,0,197,0,197,0,0,197,3,96,12,2,84,79.7571
Zala,Nemesszentandrás,199,0,0,199,156,0,156,0,156,0,0,156,1,53,11,3,88,78.392
Zala,Nemessándorháza,220,0,0,220,176,0,176,0,176,0,0,176,4,67,14,1,90,80.0
Zala,Nova,590,0,0,590,479,0,479,0,479,0,3,476,2,216,24,1,233,81.1864
Zala,Németfalu,163,0,0,163,141,0,141,0,141,0,3,138,0,33,16,2,87,86.5031
Zala,Oltárc,162,0,0,162,107,0,107,0,107,0,1,106,0,38,3,0,65,66.0494
Zala,Orbányosfa,82,0,0,82,66,0,66,0,66,0,0,66,0,20,6,0,40,80.4878
Zala,Ormándlak,89,0,0,89,78,0,78,0,78,0,0,78,0,32,8,1,37,87.6404
Zala,Orosztony,285,0,0,285,197,0,197,0,197,0,1,196,2,79,7,3,105,69.1228
Zala,Ortaháza,88,0,0,88,61,0,61,0,61,0,1,60,2,22,2,0,34,69.3182
Zala,Ozmánbük,137,0,0,137,112,0,112,0,112,0,0,112,1,24,10,1,76,81.7518
Zala,Pacsa,1208,0,0,1208,904,0,904,0,904,0,11,893,0,377,50,9,456,74.8344
Zala,Padár,88,0,0,88,68,0,68,0,68,0,1,67,0,17,5,3,42,77.2727
Zala,Pakod,645,0,0,645,489,0,489,0,489,0,3,486,2,181,44,3,256,75.814
Zala,Pat,129,0,0,129,97,0,97,0,97,0,0,97,1,39,11,1,45,75.1938
Zala,Pethőhenye,345,0,0,345,258,0,258,0,258,0,1,257,1,102,15,2,137,74.7826
Zala,Petrikeresztúr,276,0,0,276,232,0,232,0,232,0,0,232,3,98,18,1,112,84.058
Zala,Petrivente,263,0,0,263,210,0,210,0,210,0,1,209,1,93,20,2,92,79.8479
Zala,Pusztaapáti,16,0,0,16,15,0,15,0,15,0,0,15,0,7,0,0,8,93.75
Zala,Pusztaederics,133,0,0,133,114,0,114,0,114,0,1,113,1,31,14,0,67,85.7143
Zala,Pusztamagyaród,417,0,0,417,323,0,323,0,323,0,6,317,2,131,16,5,163,77.458
Zala,Pusztaszentlászló,442,0,0,442,375,0,375,0,376,0,8,368,0,185,28,5,150,84.8416
Zala,Páka,823,0,0,823,637,0,637,0,637,0,1,636,5,273,35,5,318,77.3998
Zala,Pálfiszeg,134,0,0,134,107,0,107,0,106,0,2,104,0,33,17,0,54,79.8507
Zala,Pókaszepetk,741,0,0,741,591,0,591,0,591,0,2,589,1,260,45,0,282,79.7571
Zala,Pórszombat,214,0,0,214,185,0,185,0,185,0,1,184,2,51,10,1,120,86.4486
Zala,Pölöske,602,0,0,602,483,0,483,0,483,0,2,481,6,175,26,5,269,80.2326
Zala,Pölöskefő,274,0,0,274,210,0,210,0,210,0,3,207,2,99,13,1,92,76.6423
Zala,Pördefölde,43,0,0,43,40,0,40,0,40,0,0,40,0,13,2,0,25,93.0233
Zala,Pötréte,203,0,0,203,169,0,169,0,169,0,1,168,0,68,16,1,83,83.2512
Zala,Ramocsa,23,0,0,23,19,0,19,0,19,0,0,19,0,9,3,0,7,82.6087
Zala,Resznek,204,0,0,204,148,0,148,0,148,0,1,147,1,67,6,1,72,72.549
Zala,Rezi,1027,0,0,1027,785,0,785,0,785,0,4,781,5,300,57,3,416,76.4362
Zala,Rigyác,317,0,0,317,244,0,244,0,244,0,1,243,0,103,15,2,123,76.9716
Zala,Rédics,731,0,0,731,571,0,571,0,575,0,17,558,0,279,35,0,244,78.1122
Zala,Salomvár,466,0,0,466,392,0,392,0,392,0,2,390,2,170,22,6,190,84.1202
Zala,Sand,303,0,0,303,237,0,237,0,237,0,4,233,1,94,20,4,114,78.2178
Zala,Semjénháza,442,0,0,442,359,0,359,0,359,0,0,359,1,210,24,1,122,81.2217
Zala,Sormás,650,0,0,650,545,0,545,0,545,0,0,545,6,258,32,7,242,83.8462
Zala,Surd,466,0,0,466,367,0,367,0,367,0,2,365,2,181,14,6,162,78.7554
Zala,Szalapa,146,0,0,146,118,0,118,0,118,0,1,117,2,34,0,0,81,80.8219
Zala,Szentgyörgyvár,279,0,0,279,218,0,218,0,218,0,1,217,1,87,20,2,107,78.1362
Zala,Szentgyörgyvölgy,285,0,0,285,221,0,221,0,221,0,0,221,0,98,8,1,114,77.5439
Zala,Szentkozmadombja,61,0,0,61,51,0,51,0,51,0,0,51,1,20,10,0,20,83.6066
Zala,Szentliszló,219,0,0,219,157,0,157,0,158,0,6,152,0,71,4,1,76,71.6895
Zala,Szentmargitfalva,62,0,0,62,50,0,50,0,50,0,0,50,0,23,7,1,19,80.6452
Zala,Szentpéterfölde,99,0,0,99,67,0,67,0,67,0,0,67,2,40,2,1,22,67.6768
Zala,Szentpéterúr,636,0,0,636,395,0,395,0,395,0,9,386,5,122,19,2,238,62.1069
Zala,Szepetnek,1230,0,0,1230,947,0,947,0,947,0,1,946,4,485,62,7,363,76.9919
Zala,Szijártóháza,28,0,0,28,19,0,19,0,19,0,1,18,1,5,2,0,10,67.8571
Zala,Szilvágy,149,0,0,149,131,0,131,0,131,0,0,131,0,52,5,0,74,87.9195
Zala,Szécsisziget,159,0,0,159,135,0,135,0,134,0,0,134,0,82,7,3,42,84.9057
Zala,Sárhida,562,0,0,562,456,0,456,0,456,0,3,453,4,162,36,7,244,81.1388
Zala,Sármellék,1442,0,0,1442,1102,0,1102,1,1102,0,8,1094,11,530,85,7,461,76.4216
Zala,Sénye,49,0,0,49,45,0,45,0,45,0,1,44,0,29,4,2,9,91.8367
Zala,Söjtör,1109,0,0,1109,821,0,821,0,821,0,5,816,4,408,65,7,313,74.0307
Zala,Sümegcsehi,458,0,0,458,382,0,382,0,382,0,1,381,4,124,20,4,229,83.4061
Zala,Tekenye,347,0,0,347,280,0,280,0,280,0,1,279,2,88,26,1,162,80.6916
Zala,Teskánd,1003,0,0,1003,870,0,870,0,870,0,6,864,2,492,54,9,307,86.7398
Zala,Tilaj,123,0,0,123,109,0,109,0,109,0,1,108,0,35,8,0,65,88.6179
Zala,Tormafölde,246,0,0,246,196,0,196,0,196,0,0,196,0,82,12,3,99,79.6748
Zala,Tornyiszentmiklós,401,0,0,401,302,0,302,0,302,0,4,298,3,121,23,1,150,75.3117
Zala,Tófej,512,0,0,512,413,0,413,0,413,0,1,412,3,167,35,9,198,80.6641
Zala,Tótszentmárton,603,0,0,603,460,0,460,0,460,0,0,460,2,227,30,7,190,76.2852
Zala,Tótszerdahely,867,0,0,867,668,0,668,0,668,0,1,667,1,339,40,3,274,77.0473
Zala,Türje,1211,0,0,1211,871,0,871,1,871,0,4,867,5,365,49,11,437,71.924
Zala,Valkonya,46,0,0,46,39,0,39,0,39,0,0,39,1,18,3,3,14,84.7826
Zala,Vasboldogasszony,452,0,0,452,380,0,380,0,380,0,2,378,1,156,13,2,206,84.0708
Zala,Vaspör,290,0,0,290,251,0,251,0,251,0,1,250,1,92,7,2,148,86.5517
Zala,Vindornyafok,91,0,0,91,75,0,75,0,75,0,0,75,1,23,5,0,46,82.4176
Zala,Vindornyalak,58,0,0,58,39,0,39,0,39,0,0,39,1,13,7,0,18,67.2414
Zala,Vindornyaszőlős,266,0,0,266,224,0,224,0,224,0,1,223,3,82,16,0,122,84.2105
Zala,Vonyarcvashegy,1879,0,0,1879,1565,0,1565,0,1566,0,10,1556,26,770,106,15,638,83.289
Zala,Vállus,88,0,0,88,73,0,73,0,73,0,2,71,0,35,8,0,28,82.9545
Zala,Várfölde,157,0,0,157,116,0,116,0,115,0,1,114,2,61,6,1,44,73.8854
Zala,Várvölgy,769,0,0,769,593,0,593,0,593,0,6,587,4,213,53,0,317,77.1131
Zala,Vöckönd,69,0,0,69,62,0,62,0,62,0,0,62,0,21,6,3,32,89.8551
Zala,Zajk,152,0,0,152,121,0,121,0,121,0,1,120,1,50,2,3,63,79.6053
Zala,Zalaapáti,1155,0,0,1155,886,0,886,0,886,0,5,881,5,338,67,9,461,76.71
Zala,Zalabaksa,453,0,0,453,343,0,343,0,343,0,2,341,3,145,20,5,168,75.7174
Zala,Zalaboldogfa,294,0,0,294,248,0,248,0,248,0,0,248,0,107,16,0,125,84.3537
Zala,Zalabér,531,0,0,531,415,0,415,0,415,0,6,409,3,188,29,4,182,78.1544
Zala,Zalacsány,792,0,0,792,627,0,627,0,627,0,3,624,9,263,45,10,297,79.1667
Zala,Zalacséb,363,0,0,363,296,0,296,0,296,0,1,295,5,156,16,5,113,81.5427
Zala,Zalaegerszeg,42113,2831,627,45571,34725,3329,38054,6,38025,0,159,37866,327,21346,2313,451,13408,83.5049
Zala,Zalaháshágy,292,0,0,292,250,0,250,0,250,0,1,249,4,96,16,6,127,85.6164
Zala,Zalaigrice,71,0,0,71,54,0,54,0,54,0,0,54,0,14,1,1,38,76.0563
Zala,Zalaistvánd,286,0,0,286,236,0,236,0,236,0,0,236,0,94,15,3,124,82.5175
Zala,Zalakaros,1911,0,0,1911,1521,0,1521,0,1520,0,5,1515,5,774,102,11,610,79.5918
Zala,Zalakomár,2014,0,0,2014,1386,0,1386,0,1386,0,12,1374,6,430,51,8,830,68.8183
Zala,Zalaköveskút,29,0,0,29,27,0,27,0,27,0,0,27,0,9,3,0,15,93.1034
Zala,Zalalövő,2193,0,0,2193,1761,0,1761,0,1761,0,11,1750,19,686,127,16,902,80.301
Zala,Zalamerenye,138,0,0,138,109,0,109,0,109,0,1,108,0,53,7,1,47,78.9855
Zala,Zalaszabar,402,0,0,402,297,0,297,0,298,0,8,290,1,110,28,3,148,73.8806
Zala,Zalaszentbalázs,645,0,0,645,537,0,537,0,537,0,1,536,2,292,25,4,212,83.2558
Zala,Zalaszentgrót,4738,0,0,4738,3760,0,3760,0,3759,0,19,3740,26,1802,207,37,1641,79.3584
Zala,Zalaszentgyörgy,313,0,0,313,276,0,276,0,276,0,1,275,3,108,16,1,147,88.1789
Zala,Zalaszentiván,770,0,0,770,638,0,638,0,635,0,2,633,3,285,27,7,307,82.8571
Zala,Zalaszentjakab,221,0,0,221,160,0,160,0,160,0,0,160,0,60,12,1,86,72.3982
Zala,Zalaszentlászló,558,0,0,558,423,0,423,0,423,0,3,420,4,161,49,5,201,75.8065
Zala,Zalaszentlőrinc,206,0,0,206,170,0,170,0,170,0,0,170,0,55,14,1,100,82.5243
Zala,Zalaszentmihály,754,0,0,754,559,0,559,0,559,0,0,559,2,267,31,4,255,74.1379
Zala,Zalaszentmárton,63,0,0,63,52,0,52,0,52,0,0,52,1,14,7,1,29,82.5397
Zala,Zalaszombatfa,30,0,0,30,27,0,27,0,27,0,0,27,1,16,1,0,9,90.0
Zala,Zalaszántó,725,0,0,725,585,0,585,0,585,0,8,577,4,243,38,7,284,80.6897
Zala,Zalasárszeg,107,0,0,107,85,0,85,0,85,0,0,85,0,38,5,2,40,79.4393
Zala,Zalatárnok,471,0,0,471,363,0,363,0,359,0,2,357,0,125,30,2,200,77.0701
Zala,Zalavár,666,0,0,666,501,0,501,0,501,0,1,500,5,200,48,6,241,75.2252
Zala,Zalavég,271,0,0,271,200,0,200,0,200,0,1,199,2,71,9,4,113,73.8007
Zala,Zalaújlak,79,0,0,79,63,0,63,0,63,0,1,62,0,26,8,1,27,79.7468
Zala,Zebecke,39,0,0,39,28,0,28,0,28,0,0,28,0,14,1,0,13,71.7949
Zala,Óhíd,420,0,0,420,324,0,324,0,324,0,3,321,2,179,23,2,115,77.1429
Zala,Újudvar,767,0,0,767,595,0,595,0,595,0,2,593,1,324,44,3,221,77.575
