"Data Source","World Development Indicators",

"Last Updated Date","2026-02-24",

"Country Name","Country Code","Indicator Name","Indicator Code","1960","1961","1962","1963","1964","1965","1966","1967","1968","1969","1970","1971","1972","1973","1974","1975","1976","1977","1978","1979","1980","1981","1982","1983","1984","1985","1986","1987","1988","1989","1990","1991","1992","1993","1994","1995","1996","1997","1998","1999","2000","2001","2002","2003","2004","2005","2006","2007","2008","2009","2010","2011","2012","2013","2014","2015","2016","2017","2018","2019","2020","2021","2022","2023","2024","2025",
"Aruba","ABW","GNI per capita, PPP (current international $)","NY.GNP.PCAP.PP.CD","","","","","","","","","","","","","","","","","","","","","","","","","","","","","","","21490","22880","23630","24130","25340","25930","25640","26790","27310","27020","29820","30960","29680","31660","33900","27980","34400","32340","37310","33150","31800","32030","32580","33740","34340","34460","34480","35450","36710","36780","28060","33830","40190","42740","47960","",
"Africa Eastern and Southern","AFE","GNI per capita, PPP (current international $)","NY.GNP.PCAP.PP.CD","","","","","","","","","","","","","","","","","","","","","","","","","","","","","","","1763.90540504631","1777.09778959394","1691.71819003274","1710.842614946","1723.12269981755","1825.23629870221","1913.9069543197","1989.8715825713","1991.37382909442","2011.03057432256","2077.9680243653","2144.37487688908","2210.28031874163","2269.94341913622","2397.26661062436","2553.55902234603","2728.94345139995","2895.13629972486","2982.99628901466","2972.2117985922","3061.79656514787","3175.81214380682","3131.02998531196","3246.8083761824","3398.54836890766","3434.11381809109","3546.31359583283","3730.84571495566","3613.53854233323","3691.03084875139","3623.44752484133","3929.13670392243","4262.64606402437","4404.62360431695","4520.01720317723","",
"Afghanistan","AFG","GNI per capita, PPP (current international $)","NY.GNP.PCAP.PP.CD","","","","","","","","","","","","","","","","","","","","","","","","","","","","","","","","","","","","","","","","","790","750","940","980","980","1090","1140","1300","1330","1570","1770","1740","1990","2140","2230","2300","2240","2360","2460","2620","2580","2160","2130","2210","","",
"Africa Western and Central","AFW","GNI per capita, PPP (current international $)","NY.GNP.PCAP.PP.CD","","","","","","","","","","","","","","","","","","","","","","","","","","","","","","","","","","","","","","","","","","","","","","","","","3767.73354307574","3916.34986321117","4114.00601862279","4283.26039082377","4429.18944227657","4616.3056015382","4958.85276843852","4942.72029575228","4874.68811382482","4905.95645730689","5052.56497412727","5363.81604546997","5342.41351527049","5562.97505282764","6046.85705603338","6310.64047639604","6597.66479829332","",
"Angola","AGO","GNI per capita, PPP (current international $)","NY.GNP.PCAP.PP.CD","","","","","","","","","","","","","","","","","","","","","","","","","","","","","","","3420","3740","2030","1800","1570","2690","2800","3220","3220","3040","3200","3320","3840","3960","4330","4890","5380","6030","6300","6620","6780","6960","7650","7960","8530","7710","7410","7580","7710","7890","7250","8250","9000","9020","9460","",
"Albania","ALB","GNI per capita, PPP (current international $)","NY.GNP.PCAP.PP.CD","","","","","","","","","","","","","","","","","","","","","","","","","","","","","","","2650","1960","1820","2190","2400","2820","3120","2820","3180","3630","4090","4590","4960","5300","5720","6130","6950","7790","8510","8890","9660","10280","10530","11070","11900","12530","13270","14140","15040","16230","16020","17960","21750","24510","26500","",
"Andorra","AND","GNI per capita, PPP (current international $)","NY.GNP.PCAP.PP.CD","","","","","","","","","","","","","","","","","","","","","","","","","","","","","","","","","","","","","","","","","","","","","","","","","","","","","","","","","","","","63070","58900","63830","71420","74250","76090","",
"Arab World","ARB","GNI per capita, PPP (current international $)","NY.GNP.PCAP.PP.CD","","","","","","","","","","","","","","","","","","","","","","","","","","","","","","","7029.75863821803","7245.72413355925","7653.30452762614","7820.17203589137","7946.97575919974","8176.4001726423","8483.39205637023","8901.17746710143","9288.3871221084","9310.56496777936","9942.53500877707","10136.9118626277","10063.2336896575","10369.5342632021","11433.5881212472","12150.4823001233","13084.0155075617","13765.6541243432","14374.2566485682","14142.2772379146","14624.3792237842","15151.2231478668","16076.2038342097","16004.0531624054","15822.2888873758","14375.6517183421","13904.7128177898","14495.4787552619","15480.986266815","15636.5666084868","14191.1934863591","15917.7483672972","17796.0217950808","18406.1821585198","18745.7986064213","",
"United Arab Emirates","ARE","GNI per capita, PPP (current international $)","NY.GNP.PCAP.PP.CD","","","","","","","","","","","","","","","","","","","","","","","","","","","","","","","94250","89810","89610","87790","91050","96380","96300","99120","95290","87590","97430","94800","89210","92600","99130","102920","109090","104090","95770","85650","85100","89700","89270","87630","87610","74320","70370","70770","77700","80200","66440","68460","75080","80140","81530","",
"Argentina","ARG","GNI per capita, PPP (current international $)","NY.GNP.PCAP.PP.CD","","","","","","","","","","","","","","","","","","","","","","","","","","","","","","","6840","7710","8510","9350","9960","9710","10280","11160","11540","11160","11190","10800","9450","10490","10770","11930","14350","16020","16850","15680","17240","18560","18970","19500","19090","19530","19660","22790","23540","22590","21790","25770","29260","29570","29800","",
"Armenia","ARM","GNI per capita, PPP (current international $)","NY.GNP.PCAP.PP.CD","","","","","","","","","","","","","","","","","","","","","","","","","","","","","","","2660","2470","1250","1440","1590","1810","1980","2160","2310","2450","2610","2930","3400","3960","4560","5390","6360","7520","8290","7090","7450","7890","9300","10040","10170","10150","10820","12490","13080","15180","14470","15460","18680","20980","22020","",
"American Samoa","ASM","GNI per capita, PPP (current international $)","NY.GNP.PCAP.PP.CD","","","","","","","","","","","","","","","","","","","","","","","","","","","","","","","","","","","","","","","","","","","","","","","","","","","","","","","","","","","","","","","","","","",
"Antigua and Barbuda","ATG","GNI per capita, PPP (current international $)","NY.GNP.PCAP.PP.CD","","","","","","","","","","","","","","","","","","","","","","","","","","","","","","","11770","12790","13120","14120","15070","14410","15400","16330","17030","17580","18360","17470","17760","18990","20400","22360","25640","28380","28580","24870","22820","22500","21550","20610","20720","19750","19930","20360","23390","25450","22380","24820","28450","30270","31730","",
"Australia","AUS","GNI per capita, PPP (current international $)","NY.GNP.PCAP.PP.CD","","","","","","","","","","","","","","","","","","","","","","","","","","","","","","","16780","17120","17560","18710","19730","20330","21350","22370","23620","24740","25820","26910","28290","29320","30910","31870","33540","35080","36080","39020","37970","40460","41700","44980","45880","45520","46320","47240","48780","51080","52890","57560","63510","69080","69600","",
"Austria","AUT","GNI per capita, PPP (current international $)","NY.GNP.PCAP.PP.CD","","","","","","","","","","","","","","","","","","","","","","","","","","","","","","","19480","20520","21260","21710","22590","23510","24410","25180","26370","27060","28970","29150","30770","31880","33470","34700","37480","39150","41390","40670","42090","44320","46200","47650","48410","49040","52380","53360","56050","60220","59170","64010","72390","73570","74160","",
"Azerbaijan","AZE","GNI per capita, PPP (current international $)","NY.GNP.PCAP.PP.CD","","","","","","","","","","","","","","","","","","","","","","","","","","","","","","","5350","5420","4220","3280","2650","2350","2400","2560","2840","3180","3380","3740","4100","4560","4940","6070","8270","10220","11860","13190","14040","13790","15090","16410","17060","14590","13660","13770","14550","16030","15070","19690","21040","22660","24220","",
"Burundi","BDI","GNI per capita, PPP (current international $)","NY.GNP.PCAP.PP.CD","","","","","","","","","","","","","","","","","","","","","","","","","","","","","","","590","630","630","630","610","540","510","510","530","520","530","520","540","520","540","540","580","590","610","600","610","620","640","690","720","720","760","790","820","870","960","1040","1110","1150","1200","",
"Belgium","BEL","GNI per capita, PPP (current international $)","NY.GNP.PCAP.PP.CD","","","","","","","","","","","","","","","","","","","","","","","","","","","","","","","18750","19740","20410","20810","22050","22940","23270","24310","24960","26030","28510","29330","30810","31520","32500","33590","35760","37310","38800","38650","40450","41310","43440","44870","46060","46720","48850","50700","53000","57190","56620","61450","69930","72940","74770","",
"Benin","BEN","GNI per capita, PPP (current international $)","NY.GNP.PCAP.PP.CD","","","","","","","","","","","","","","","","","","","","","","","","","","","","","","","1170","1230","1230","1290","1300","1370","1420","1490","1530","1590","1670","1740","1790","1830","1900","1940","2010","2120","2210","2210","2210","2260","2330","2500","2660","2710","2830","2880","2950","3130","3220","3430","3820","4090","4390","",
"Burkina Faso","BFA","GNI per capita, PPP (current international $)","NY.GNP.PCAP.PP.CD","","","","","","","","","","","","","","","","","","","","","","","","","","","","","","","570","620","620","640","640","680","760","790","840","890","900","940","960","1030","1070","1160","1240","1290","1350","1340","1410","1470","1530","1600","1590","1610","1800","1970","2010","2140","2280","2340","2470","2610","2720","",
"Bangladesh","BGD","GNI per capita, PPP (current international $)","NY.GNP.PCAP.PP.CD","","","","","","","","","","","","","","","","","","","","","","","","","","","","","","","950","1000","1060","1120","1170","1230","1290","1350","1410","1470","1550","1640","1710","1800","1930","2090","2300","2520","2720","2850","3030","3250","3680","3940","4190","4440","4790","5050","5710","6290","6920","7830","8790","9510","10060","",
"Bulgaria","BGR","GNI per capita, PPP (current international $)","NY.GNP.PCAP.PP.CD","","","","","","","","","","","","","","","","","","","","","","","","","","","","","","","6950","6480","6800","6910","7190","7570","6630","5570","6060","5730","6270","6970","7950","8550","9310","10320","11120","11880","13650","13730","14640","15250","16110","16520","17790","18280","20050","21770","23130","25930","26360","29720","34350","36930","39850","",
"Bahrain","BHR","GNI per capita, PPP (current international $)","NY.GNP.PCAP.PP.CD","","","","","","","","","","","","","","","","","","","","","","","","","","","","","","","24900","28990","29790","32060","31610","33810","35130","34690","36210","36750","44560","44510","42620","43400","44290","46050","47010","48670","48520","43540","44890","46050","54930","54320","51750","45470","44920","47500","49270","53440","49770","51550","59070","60550","62230","",
"Bahamas, The","BHS","GNI per capita, PPP (current international $)","NY.GNP.PCAP.PP.CD","","","","","","","","","","","","","","","","","","","","","","","","","","","","","","","19180","18640","18340","18320","18960","21970","24110","21080","21900","23780","24980","25720","26610","26570","27230","28600","29750","30550","30450","28750","28930","29370","30230","29430","30480","30790","30770","32780","32930","34420","25810","29230","34800","37180","39550","",
"Bosnia and Herzegovina","BIH","GNI per capita, PPP (current international $)","NY.GNP.PCAP.PP.CD","","","","","","","","","","","","","","","","","","","","","","","","","","","","","","","900","840","840","920","1130","1350","2120","2890","4090","4360","4590","4700","5020","5230","5680","6200","7080","7910","8900","9030","9230","9840","10200","10950","11260","11930","12920","13510","14770","16400","16280","18050","21370","23260","24990","",
"Belarus","BLR","GNI per capita, PPP (current international $)","NY.GNP.PCAP.PP.CD","","","","","","","","","","","","","","","","","","","","","","","","","","","","","","","5220","5330","4920","4650","4180","3840","4040","4590","5060","5340","5770","6220","6680","7370","8480","9650","10960","12210","13710","13730","15030","16380","17710","18350","18470","17360","16990","17720","19300","21640","23860","26600","27240","29830","32300","",
"Belize","BLZ","GNI per capita, PPP (current international $)","NY.GNP.PCAP.PP.CD","","","","","","","","","","","","","","","","","","","","","","","","","","","","","","","4400","4970","5580","5930","5870","5920","5900","6080","6110","6520","7190","7400","7710","8240","8470","8730","9130","9270","9030","9210","8980","9210","8720","8970","8880","9120","8930","8620","8850","9780","9360","11340","12830","13230","13760","",
"Bermuda","BMU","GNI per capita, PPP (current international $)","NY.GNP.PCAP.PP.CD","","","","","","","","","","","","","","","","","","","","","","","","","","","","","","","","","","","","","","","","","","","","","","","","","","","73780","72730","72220","74820","74730","78670","82690","89200","88770","92220","87660","96260","110800","116760","129110","",
"Bolivia","BOL","GNI per capita, PPP (current international $)","NY.GNP.PCAP.PP.CD","","","","","","","","","","","","","","","","","","","","","","","","","","","","","","","2680","2870","2950","3080","3250","3410","3560","3740","3930","3910","4020","4120","4210","4300","4500","4780","5100","5370","5740","5830","6010","6380","6830","7660","8270","8510","9100","10170","10540","10820","9490","10960","12000","12580","12620","",
"Brazil","BRA","GNI per capita, PPP (current international $)","NY.GNP.PCAP.PP.CD","","","","","","","","","","","","","","","","","","","","","","","","","","","","","","","6510","6710","6740","7080","7430","7980","8190","8460","8420","8370","8830","9000","9290","9490","10210","10760","11460","12400","13120","13090","14010","14820","14820","15500","15530","14540","14010","14290","15030","15640","15770","17510","19300","20500","21590","",
"Barbados","BRB","GNI per capita, PPP (current international $)","NY.GNP.PCAP.PP.CD","","","","","","","","","","","","","","","","","","","","","","","","","","","","","","","11480","11400","11000","11270","11700","12110","12780","13670","14340","14530","15520","15410","15640","16150","16830","17770","19100","20280","20500","19630","19640","19240","19020","18380","17940","18470","18430","17710","18990","19110","16350","17400","21660","22750","23850","",
"Brunei Darussalam","BRN","GNI per capita, PPP (current international $)","NY.GNP.PCAP.PP.CD","","","","","","","","","","","","","","","","","","","","","","","","","","","","","","","70200","72610","70020","69390","69780","70440","70010","73980","68260","70580","73090","74250","76840","79630","80400","81530","86110","84080","80750","78300","78960","80510","85160","82320","81150","65860","60830","65320","65550","71210","71890","78750","79990","86130","92750","",
"Bhutan","BTN","GNI per capita, PPP (current international $)","NY.GNP.PCAP.PP.CD","","","","","","","","","","","","","","","","","","","","","","","","","","","","","","","1540","1520","1640","1800","1990","2090","2280","2460","2420","2520","3110","3340","3610","3860","4080","4460","4840","5650","5880","6220","6870","7480","7960","8120","8720","9550","10390","10720","10950","11830","11750","12700","14280","15320","","",
"Botswana","BWA","GNI per capita, PPP (current international $)","NY.GNP.PCAP.PP.CD","","","","","","","","","","","","","","","","","","","","","","","","","","","","","","","5930","6710","6940","7340","6670","7450","7470","8250","8660","8740","8800","9180","8650","9420","9630","10470","11860","12920","13120","11580","12260","13550","12970","13000","14550","13670","14840","14370","14320","16010","15310","18000","20010","21040","20570","",
"Central African Republic","CAF","GNI per capita, PPP (current international $)","NY.GNP.PCAP.PP.CD","","","","","","","","","","","","","","","","","","","","","","","","","","","","","","","610","610","570","560","580","620","590","620","630","650","630","660","680","650","680","700","740","780","790","870","940","980","1070","720","710","780","840","930","970","1060","1130","1210","1280","1330","1340","",
"Canada","CAN","GNI per capita, PPP (current international $)","NY.GNP.PCAP.PP.CD","","","","","","","","","","","","","","","","","","","","","","","","","","","","","","","19500","19550","19880","20700","21810","22670","23260","24480","25440","26900","28580","29390","30180","31550","33200","35590","37520","38990","39780","38190","39310","40880","41540","43630","45020","43980","45900","47700","49130","49900","48240","56470","63040","63090","63630","",
"Central Europe and the Baltics","CEB","GNI per capita, PPP (current international $)","NY.GNP.PCAP.PP.CD","","","","","","","","","","","","","","","","","","","","","","","","","","","","","","","7160.88081579485","6705.65854195954","6626.16326857297","6889.10355709871","7316.76312885555","7951.51501629381","8333.02120586553","8590.39669424554","8977.70149347362","9269.50803223944","9887.04878884942","10654.466561569","11429.4053402453","12022.7444591244","12988.9786403939","13865.5837454737","15294.9762309015","16911.885373493","18946.083419217","19067.5845265779","20126.9113147678","21508.6949554962","22343.9836095696","23140.5085533502","24196.6708775582","25267.7514882347","26885.5381095506","28934.8001556786","31193.1307921767","34700.318417874","35454.4427573594","38846.7380744695","43722.084509677","46542.9334931943","48977.9188760746","",
"Switzerland","CHE","GNI per capita, PPP (current international $)","NY.GNP.PCAP.PP.CD","","","","","","","","","","","","","","","","","","","","","","","","","","","","","","","29000","29370","29610","30140","30670","31520","32280","34100","35400","36590","39030","39210","39640","41170","42560","44860","49550","51130","50260","53760","57250","57830","60440","62660","63350","65920","66960","67250","68130","71170","70510","78090","91850","92230","93420","",
"Channel Islands","CHI","GNI per capita, PPP (current international $)","NY.GNP.PCAP.PP.CD","","","","","","","","","","","","","","","","","","","","","","","","","","","","","","","","","","","","","","","","","","","","","","","","","","","","","","","","","","","","","","","","","","",
"Chile","CHL","GNI per capita, PPP (current international $)","NY.GNP.PCAP.PP.CD","","","","","","","","","","","","","","","","","","","","","","","","","","","","","","","4210","4640","5330","5850","6190","6960","7640","8250","8650","8590","9050","9450","9740","10170","10760","11560","13850","15060","15090","14860","16760","18370","20200","21210","21550","21920","22610","23350","24270","24650","23770","27440","29420","31720","34320","",
"China","CHN","GNI per capita, PPP (current international $)","NY.GNP.PCAP.PP.CD","","","","","","","","","","","","","","","","","","","","","","","","","","","","","","","990","1110","1280","1470","1680","1850","2060","2270","2440","2650","2930","3210","3550","3980","4490","5110","5940","6950","7760","8430","9370","10360","11390","12130","12960","13400","14090","15000","16230","17550","18120","20700","22840","24990","26920","",
"Cote d'Ivoire","CIV","GNI per capita, PPP (current international $)","NY.GNP.PCAP.PP.CD","","","","","","","","","","","","","","","","","","","","","","","","","","","","","","","2430","2440","2410","2360","2390","2520","1760","1850","1890","1910","1790","1750","1710","1660","1760","1940","1990","2030","2140","2200","2310","2110","2350","2530","4000","4310","4430","4550","4810","5360","5380","5860","6500","6960","7360","",
"Cameroon","CMR","GNI per capita, PPP (current international $)","NY.GNP.PCAP.PP.CD","","","","","","","","","","","","","","","","","","","","","","","","","","","","","","","1950","1850","1800","1660","1670","1700","1760","1820","1890","1960","1990","2050","2140","2290","2480","2530","2670","2760","2830","2870","2890","2960","3010","3180","3360","3450","3570","3700","3940","4150","4280","4720","5060","5300","5490","",
"Congo, Dem. Rep.","COD","GNI per capita, PPP (current international $)","NY.GNP.PCAP.PP.CD","","","","","","","","","","","","","","","","","","","","","","","","","","","","","","","760","610","610","540","480","460","490","460","450","410","410","380","400","420","440","460","490","530","550","550","580","610","610","700","790","850","930","960","1010","990","1060","1360","1510","1680","1760","",
"Congo, Rep.","COG","GNI per capita, PPP (current international $)","NY.GNP.PCAP.PP.CD","","","","","","","","","","","","","","","","","","","","","","","","","","","","","","","2900","3010","3180","2920","2890","2110","2160","2590","2810","2510","2680","2730","2890","2950","2820","3250","3890","3560","3900","4420","4760","4660","5730","5700","5820","4690","3870","3860","5280","5140","4740","5570","5930","6150","6340","",
"Colombia","COL","GNI per capita, PPP (current international $)","NY.GNP.PCAP.PP.CD","","","","","","","","","","","","","","","","","","","","","","","","","","","","","","","4900","5090","5330","5680","6080","6410","6520","6740","6760","6460","6630","6760","6920","7170","7630","8220","8910","9600","9950","10060","10460","11210","11630","12340","12980","13160","13870","14150","14860","15830","15370","17230","20130","20700","21890","",
"Comoros","COM","GNI per capita, PPP (current international $)","NY.GNP.PCAP.PP.CD","","","","","","","","","","","","","","","","","","","","","","","","","","","","","","","1540","1460","1590","1630","1570","1660","1650","1720","1710","1750","1740","1840","1910","1940","2020","2160","2140","2180","2260","2300","2370","2470","2670","2830","2950","2960","3160","3360","3290","3310","3260","3390","3660","3830","3980","",
"Cabo Verde","CPV","GNI per capita, PPP (current international $)","NY.GNP.PCAP.PP.CD","","","","","","","","","","","","","","","","","","","","","","","","","","","","","","","1050","1070","1190","1290","1540","1750","1950","2170","2420","2680","3050","3190","3320","3500","3900","4200","4590","5460","5870","5760","5800","6160","6070","6160","6130","6540","7110","7690","7750","8480","6710","7580","9360","10110","11000","",
"Costa Rica","CRI","GNI per capita, PPP (current international $)","NY.GNP.PCAP.PP.CD","","","","","","","","","","","","","","","","","","","","","","","","","","","","","","","4800","5040","5510","5900","6220","6430","6510","6830","7160","7290","7520","7810","8070","8450","8970","9530","10480","11540","12230","11870","12510","13160","14010","14680","15720","16780","18390","19430","20330","21950","20820","22320","24350","26900","28840","",
"Caribbean small states","CSS","GNI per capita, PPP (current international $)","NY.GNP.PCAP.PP.CD","","","","","","","","","","","","","","","","","","","","","","","","","","","","","","","6792.80104045453","7005.53418176586","7422.82147226169","7620.48881184672","7972.24338495251","8520.18667343045","9104.72523181031","9434.36517302227","9965.75747097217","10533.6508621911","11122.3882829972","11552.1191121097","12271.256344943","13272.0915242033","14441.4300529275","15574.1623065562","17282.6541460903","18528.3936348247","19207.5119774383","18551.3782732291","19078.1554859041","18829.3923513367","19624.4700867117","20069.8873223602","20277.2870119916","20204.7347227821","19347.8215436212","20137.727743198","20293.1474514624","21235.1452449272","19217.8348270802","21892.0926084668","24855.7215671683","30342.7539335726","32889.5097102029","",
"Cuba","CUB","GNI per capita, PPP (current international $)","NY.GNP.PCAP.PP.CD","","","","","","","","","","","","","","","","","","","","","","","","","","","","","","","","","","","","","","","","","","","","","","","","","","","","","","","","","","","","","","","","","","",
"Curacao","CUW","GNI per capita, PPP (current international $)","NY.GNP.PCAP.PP.CD","","","","","","","","","","","","","","","","","","","","","","","","","","","","","","","","","","","","","","","","","","","","","","24480","25060","25860","26030","25510","25860","25940","24600","24150","23820","23690","23200","24040","24480","25500","21870","25190","29240","31250","33300","",
"Cayman Islands","CYM","GNI per capita, PPP (current international $)","NY.GNP.PCAP.PP.CD","","","","","","","","","","","","","","","","","","","","","","","","","","","","","","","","","","","","","","","","","","","","","","","","","","","62770","64370","43820","38230","36670","37970","41510","45560","50130","53880","50100","64430","64720","68030","","",
"Cyprus","CYP","GNI per capita, PPP (current international $)","NY.GNP.PCAP.PP.CD","","","","","","","","","","","","","","","","","","","","","","","","","","","","","","","13270","13470","14660","14760","15620","16230","16480","16810","19330","18530","19470","21230","22340","23290","24480","26320","28350","30780","34260","33810","33020","34280","31700","30020","29080","31170","33850","36620","38810","42020","39710","43430","50520","53610","56200","",
"Czechia","CZE","GNI per capita, PPP (current international $)","NY.GNP.PCAP.PP.CD","","","","","","","","","","","","","","","","","","","","","","","","","","","","","","","12680","11610","11890","12250","12870","13850","14560","14690","14840","15210","16020","17210","17690","18950","20000","21090","22430","24570","26230","25800","25970","26910","27640","29110","30570","31590","33740","36850","39260","42790","42530","46400","50790","54960","54800","",
"Germany","DEU","GNI per capita, PPP (current international $)","NY.GNP.PCAP.PP.CD","","","","","","","","","","","","","","","","","","","","","","","","","","","","","","","19660","21060","21770","21920","22820","23600","24170","24600","25300","26330","27310","28470","29200","29990","31940","32580","35320","37440","38810","38410","40520","44510","45290","46960","48940","49500","53040","55480","58480","61460","60170","64640","71550","74200","76180","",
"Djibouti","DJI","GNI per capita, PPP (current international $)","NY.GNP.PCAP.PP.CD","","","","","","","","","","","","","","","","","","","","","","","","","","","","","","","","","","","","","","","","","","","","","","","","","","","","","","3710","3940","4220","4300","4460","4840","5230","5350","5850","6750","7420","8030","",
"Dominica","DMA","GNI per capita, PPP (current international $)","NY.GNP.PCAP.PP.CD","","","","","","","","","","","","","","","","","","","","","","","","","","","","","","","4570","4760","4980","5230","5260","5500","5690","5970","6340","6290","6360","6810","6630","7160","7540","7920","8870","9510","10450","10520","10730","10900","10720","10880","11740","11630","12510","12770","15100","15780","14480","15820","18890","20270","21410","",
"Denmark","DNK","GNI per capita, PPP (current international $)","NY.GNP.PCAP.PP.CD","","","","","","","","","","","","","","","","","","","","","","","","","","","","","","","17590","18380","19190","19710","21190","22270","23260","24440","25430","26360","28000","29020","30290","30590","33060","34510","37840","39300","41930","40930","43740","45380","45770","48350","49620","50410","53120","56490","58840","62360","64710","72470","81420","80110","84680","",
"Dominican Republic","DOM","GNI per capita, PPP (current international $)","NY.GNP.PCAP.PP.CD","","","","","","","","","","","","","","","","","","","","","","","","","","","","","","","3510","3580","3990","4240","4380","4650","4960","5400","5720","6030","6350","6560","6850","6630","6780","7780","8680","9460","9970","10010","10840","11240","11310","11820","12810","14190","15580","16040","17210","18860","18070","20960","23690","24670","26050","",
"Algeria","DZA","GNI per capita, PPP (current international $)","NY.GNP.PCAP.PP.CD","","","","","","","","","","","","","","","","","","","","","","","","","","","","","","","7350","7190","7390","7290","7180","7370","7650","7780","8180","8400","8770","9290","9720","10440","10990","11720","12330","13160","13570","13550","14190","14520","14300","14140","14420","13520","13350","13340","13430","13610","12470","14210","15470","16580","17290","",
"East Asia & Pacific (excluding high income)","EAP","GNI per capita, PPP (current international $)","NY.GNP.PCAP.PP.CD","","","","","","","","","","","","","","","","","","","","","","","","","","","","","","","1440.2588746025","1580.82572221568","1758.46288945948","1965.80403378008","2191.49433035399","2402.08371749998","2630.37283858135","2823.8894544001","2836.83715285453","3007.82988130775","3273.87713409722","3543.16360311543","3855.19224944137","4237.24488107463","4698.13297683469","5247.68899228866","5955.29436781727","6803.17733314935","7471.50876316555","7978.51110812041","8766.85814939087","9580.08409963734","10454.9284735614","11051.8057371582","11702.3231060917","12039.0197821383","12630.8115233884","13403.7024423621","14467.6232334368","15576.9748259409","15855.2211912677","17767.4659935238","19695.2903535894","21468.7041875991","23067.8988738377","",
"Early-demographic dividend","EAR","GNI per capita, PPP (current international $)","NY.GNP.PCAP.PP.CD","","","","","","","","","","","","","","","","","","","","","","","","","","","","","","","2917.30831896542","3082.71214605332","3213.43615291488","3300.51255806803","3396.90798168534","3520.64526712539","3714.01846128464","3875.44546814457","3840.74824894926","3912.02328834993","4101.44228660064","4219.34538168673","4308.24701426447","4534.67053202442","4870.60274636262","5241.4888516608","5705.61187786292","6144.95536906819","6430.70187256445","6515.11668260032","6914.13593153952","7319.67318635734","7683.10228415641","7906.14219123623","8137.7419840601","8247.80861518615","8553.83029525128","9019.46870532734","9498.350906061","9824.77069854628","9570.78632186592","10680.375081739","12126.8367220414","13102.5340034326","13834.7876150913","",
"East Asia & Pacific","EAS","GNI per capita, PPP (current international $)","NY.GNP.PCAP.PP.CD","","","","","","","","","","","","","","","","","","","","","","","","","","","","","","","3250.40716598061","3493.04512929179","3718.28196776947","3974.76126792952","4261.96225846608","4560.73310635642","4884.77031994654","5144.48066038952","5127.58923011231","5359.24757161778","5772.30722310641","6089.74788507922","6474.04305945805","6911.33322609081","7506.22248012731","8152.64231688911","8991.20048099756","9959.24929883799","10604.4500140661","10946.6961555071","11878.5799477924","12742.1655782672","13649.2637540145","14366.9268262072","15020.3507208234","15458.4544185742","16019.7152204204","16837.4999164392","17912.9367090402","19023.2277841711","19317.097137894","21428.6325604073","23591.0991537457","25559.0866393876","27276.0485789372","",
"Europe & Central Asia (excluding high income)","ECA","GNI per capita, PPP (current international $)","NY.GNP.PCAP.PP.CD","","","","","","","","","","","","","","","","","","","","","","","","","","","","","","","6276.29379130843","6149.49422432806","5858.94083777125","5783.77296319926","5195.5279652393","5271.33516133535","5472.19701581091","5843.67228035187","5162.04511483951","5156.53127876234","5586.69157699645","5782.24350100135","6106.2915714251","6534.98919744887","7386.08586164669","8108.13786337831","9219.34548283738","10285.0954627483","11080.3735342398","10757.0096232475","11747.5564551527","12872.5703375251","13697.2119723513","14939.7435845199","15479.0629855794","15901.1371389121","16350.7166675331","17308.665898668","17907.9912970104","18998.4946481174","19475.9366508186","21500.058129912","24670.977549475","27041.5598418361","28795.1623081101","",
"Europe & Central Asia","ECS","GNI per capita, PPP (current international $)","NY.GNP.PCAP.PP.CD","","","","","","","","","","","","","","","","","","","","","","","","","","","","","","","11787.6851535305","12051.6967642857","12065.5499615734","12183.0299417383","12415.8922023773","12808.0386096553","13242.940830025","13842.3703645866","14122.5796944967","14685.7996528333","15826.2448860586","16614.5561899605","17377.3378091392","18055.70563377","19206.7674938209","20272.9221873036","22387.7960369714","23929.8567777628","25443.0167132724","24882.4825215034","26015.8127950651","27573.781307037","28323.5722554813","29602.7295097557","30358.3401240743","30743.85881585","32171.0414207493","33922.6281303858","35695.8241063519","38300.8994346334","37720.9521073444","42077.5515663181","47341.5352101625","49933.7466498237","52110.7632520417","",
"Ecuador","ECU","GNI per capita, PPP (current international $)","NY.GNP.PCAP.PP.CD","","","","","","","","","","","","","","","","","","","","","","","","","","","","","","","4250","4550","4730","4870","5110","5250","5320","5570","5680","5250","5270","5650","5990","6170","6620","7120","7570","7800","8460","8480","8830","9610","10100","11140","11660","10690","10670","11530","11860","12190","11130","13290","14950","15550","15410","",
"Egypt, Arab Rep.","EGY","GNI per capita, PPP (current international $)","NY.GNP.PCAP.PP.CD","","","","","","","","","","","","","","","","","","","","","","","","","","","","","","","3470","3650","3800","3910","4060","4260","4460","4690","4920","5150","5480","5710","5760","5920","6190","6540","7110","7710","8260","8470","8660","8760","10100","10240","10010","10710","10520","10920","12030","12900","14780","15120","16950","17710","18230","",
"Euro area","EMU","GNI per capita, PPP (current international $)","NY.GNP.PCAP.PP.CD","","","","","","","","","","","","","","","","","","","","","","","","","","","","","","","16909.8815288761","17791.631332766","18295.5790459419","18554.424273958","19320.0656029191","20218.7815646908","20877.2415605496","21724.7943304458","22699.8285082925","23636.5169641166","25110.963534399","26241.287028369","27191.7165606078","27695.1450813859","28926.5160946613","30001.9634388109","32509.1912121697","34303.9333876822","35418.881828274","34804.434772845","35823.4747092137","37569.1890840048","37954.1114485376","39272.9384936156","40307.9120002151","41180.1663927089","43864.6402847932","45930.3005075047","48091.6229352522","51599.7894191256","49791.7115661802","54604.4037746303","61140.2824993059","64057.9541009297","66151.4366538083","",
"Eritrea","ERI","GNI per capita, PPP (current international $)","NY.GNP.PCAP.PP.CD","","","","","","","","","","","","","","","","","","","","","","","","","","","","","","","","","1020","1150","1380","1390","1430","1570","1610","1610","1560","1680","1690","1600","1600","1660","1670","1720","1530","1560","1580","1720","","","","","","","","","","","","","","",
"Spain","ESP","GNI per capita, PPP (current international $)","NY.GNP.PCAP.PP.CD","","","","","","","","","","","","","","","","","","","","","","","","","","","","","","","13520","14300","14670","14850","15250","16140","16730","17680","18840","19750","21430","22630","24100","24850","25920","27250","30180","31740","32420","31600","31340","31450","31610","32400","33640","35200","37670","39810","41030","44090","39400","44550","51620","55410","57670","",
"Estonia","EST","GNI per capita, PPP (current international $)","NY.GNP.PCAP.PP.CD","","","","","","","","","","","","","","","","","","","","","","","","","","","","","","","7190","6880","5630","5570","5690","6270","6810","7600","8210","8190","9070","9810","11050","12370","13720","15870","18270","20480","21610","19860","20450","23400","25160","27170","28610","29080","31280","33710","36370","39800","40090","43280","47080","47120","48880","",
"Ethiopia","ETH","GNI per capita, PPP (current international $)","NY.GNP.PCAP.PP.CD","","","","","","","","","","","","","","","","","","","","","","","","","","","","","","","410","380","340","380","390","410","450","460","430","450","470","510","510","490","550","620","690","770","850","900","990","1100","1180","1250","1480","1630","1850","1990","2090","2230","2390","2580","2830","3050","3280","",
"European Union","EUU","GNI per capita, PPP (current international $)","NY.GNP.PCAP.PP.CD","","","","","","","","","","","","","","","","","","","","","","","","","","","","","","","14825.4425234255","15419.3411065724","15832.9274863051","16101.5009775814","16827.8665898381","17686.0154823768","18294.2949230796","19014.1217752067","19870.1038895707","20707.9325792429","22038.6115005854","23091.1452767381","24034.5307989252","24587.6094532027","25801.8059141812","26833.8571702859","29165.6268890758","30962.7937050991","32317.9069543002","31864.226796481","32963.0652608239","34652.1768927861","35139.005179458","36356.1134805633","37406.2165298201","38358.0720341591","40843.2130849632","42938.5710866843","45120.070994319","48683.9176861909","47500.3478863403","52131.1121638879","58386.1652034123","61197.0429116678","63433.4319586242","",
"Fragile and conflict affected situations","FCS","GNI per capita, PPP (current international $)","NY.GNP.PCAP.PP.CD","","","","","","","","","","","","","","","","","","","","","","","","","","","","","","","","","","","","","","","","","","","","","","","","","4350.22064751748","4321.62124955996","4486.31007003048","4510.91792013737","4777.58586776313","4983.41978460827","5055.8598533737","4903.80949883762","4942.55542996401","5203.89343773298","5347.94252071891","5589.14516728393","5419.8091362362","5656.93607222693","5931.1922162065","6172.22361968272","6295.73468950895","",
"Finland","FIN","GNI per capita, PPP (current international $)","NY.GNP.PCAP.PP.CD","","","","","","","","","","","","","","","","","","","","","","","","","","","","","","","17820","17060","16560","16640","17730","19000","19610","21460","23120","24510","26620","27790","28680","28870","31410","32180","34750","37950","40150","38460","39460","41020","40920","41560","42000","42630","44760","47250","49450","52460","54110","57710","62690","63710","65640","",
"Fiji","FJI","GNI per capita, PPP (current international $)","NY.GNP.PCAP.PP.CD","","","","","","","","","","","","","","","","","","","","","","","","","","","","","","","3740","3760","4030","4190","4400","4720","5040","4940","4920","5360","5630","5650","5960","6040","6460","6750","6670","6790","6970","7040","7110","7430","7900","8670","10020","10810","11100","11570","12130","11880","10000","9700","12290","13810","14490","",
"France","FRA","GNI per capita, PPP (current international $)","NY.GNP.PCAP.PP.CD","","","","","","","","","","","","","","","","","","","","","","","","","","","","","","","17550","18260","18890","19200","19970","20790","21470","22480","23580","24710","26450","27870","28680","28430","29350","30980","33100","34780","35850","35520","36780","38550","38550","40530","41130","41730","43750","45370","47430","52660","50480","54160","58630","61980","63880","",
"Faroe Islands","FRO","GNI per capita, PPP (current international $)","NY.GNP.PCAP.PP.CD","","","","","","","","","","","","","","","","","","","","","","","","","","","","","","","","","","","","","","","","","","","","","","","","","41420","38440","40280","44410","48600","52500","55110","55140","56300","58310","60620","64010","63130","70780","77130","80260","83290","",
"Micronesia, Fed. Sts.","FSM","GNI per capita, PPP (current international $)","NY.GNP.PCAP.PP.CD","","","","","","","","","","","","","","","","","","","","","","","","","","","","","","","1940","2080","2100","2270","2270","2340","2280","2100","2160","2260","2410","2490","2530","2620","2650","2820","2920","2990","2960","3130","3170","3340","3390","3420","3380","3920","3900","3940","3620","4170","4170","4410","4560","4660","4690","",
"Gabon","GAB","GNI per capita, PPP (current international $)","NY.GNP.PCAP.PP.CD","","","","","","","","","","","","","","","","","","","","","","","","","","","","","","","10790","11530","10810","11020","11690","12020","12370","12960","13500","12070","11400","11860","12160","12080","11540","12630","11840","12280","11820","11860","12170","12760","13160","13090","14080","13120","12910","13860","14410","14660","13870","17430","18500","19300","20400","",
"United Kingdom","GBR","GNI per capita, PPP (current international $)","NY.GNP.PCAP.PP.CD","","","","","","","","","","","","","","","","","","","","","","","","","","","","","","","16870","17210","17990","19000","20650","20010","21270","22740","23820","24410","26610","28060","29430","30660","32320","33070","34590","35200","36260","34750","36500","37380","37980","39240","40530","41590","43050","45620","46570","50010","47200","51310","59340","59630","61460","",
"Georgia","GEO","GNI per capita, PPP (current international $)","NY.GNP.PCAP.PP.CD","","","","","","","","","","","","","","","","","","","","","","","","","","","","","","","5850","4750","2630","1870","1730","1830","2200","2710","2940","3130","3200","3460","3730","4250","4700","5320","6100","6980","7250","7090","7580","8330","9960","10600","11620","11990","12470","13060","14460","16010","16000","17740","20900","23130","26200","",
"Ghana","GHA","GNI per capita, PPP (current international $)","NY.GNP.PCAP.PP.CD","","","","","","","","","","","","","","","","","","","","","","","","","","","","","","","1570","1660","1730","1800","1860","1930","2010","2080","2150","2220","2280","2370","2450","2560","2700","2890","3040","3230","3500","3610","3810","4280","4750","5070","5230","5040","4810","4920","5290","5760","6110","6410","7080","7070","7720","",
"Gibraltar","GIB","GNI per capita, PPP (current international $)","NY.GNP.PCAP.PP.CD","","","","","","","","","","","","","","","","","","","","","","","","","","","","","","","","","","","","","","","","","","","","","","","","","","","","","","","","","","","","","","","","","","",
"Guinea","GIN","GNI per capita, PPP (current international $)","NY.GNP.PCAP.PP.CD","","","","","","","","","","","","","","","","","","","","","","","","","","","","","","","840","850","880","930","960","1000","1030","1080","1100","1150","1180","1220","1310","1260","1300","1330","1440","1540","1590","1530","1600","1670","1760","1750","1830","1900","2230","2670","2800","3080","3300","3590","3990","3960","4130","",
"Gambia, The","GMB","GNI per capita, PPP (current international $)","NY.GNP.PCAP.PP.CD","","","","","","","","","","","","","","","","","","","","","","","","","","","","","","","1330","1380","1410","1430","1420","1430","1450","1480","1500","1570","1640","1720","1630","1760","1940","1900","1880","1940","2050","2140","2220","2020","2020","1960","1890","1940","1970","2000","2240","2380","2490","2710","3020","3250","3430","",
"Guinea-Bissau","GNB","GNI per capita, PPP (current international $)","NY.GNP.PCAP.PP.CD","","","","","","","","","","","","","","","","","","","","","","","","","","","","","","","800","830","840","850","870","920","1020","1100","840","980","980","1030","1070","1070","1090","1170","1210","1240","1290","1300","1370","1450","1360","1410","1500","1770","1850","2100","1990","2280","2370","2550","2800","3010","3140","",
"Equatorial Guinea","GNQ","GNI per capita, PPP (current international $)","NY.GNP.PCAP.PP.CD","","","","","","","","","","","","","","","","","","","","","","","","","","","","","","","610","610","820","890","890","950","1520","3950","4370","5630","5070","5410","6790","6350","7850","11240","18510","21280","22620","19660","15360","17630","19900","19080","18480","14690","12900","13570","14100","12060","10310","12600","11840","12250","12330","",
"Greece","GRC","GNI per capita, PPP (current international $)","NY.GNP.PCAP.PP.CD","","","","","","","","","","","","","","","","","","","","","","","","","","","","","","","13600","14380","14750","14720","15260","15840","16400","17320","18120","18260","19660","21120","22610","23830","25160","25620","27500","28100","29480","29240","27220","24980","24640","25540","26400","26400","27190","28340","29240","31460","29230","33290","39090","41370","43340","",
"Grenada","GRD","GNI per capita, PPP (current international $)","NY.GNP.PCAP.PP.CD","","","","","","","","","","","","","","","","","","","","","","","","","","","","","","","4360","4620","4680","4610","4760","4860","5120","5430","6040","6480","6830","6700","6950","7750","7670","9610","9470","10150","10430","9460","9810","10160","10120","10860","11120","11670","12710","13430","14420","14800","13380","13940","16320","17000","18220","",
"Greenland","GRL","GNI per capita, PPP (current international $)","NY.GNP.PCAP.PP.CD","","","","","","","","","","","","","","","","","","","","","","","","","","","","","","","19010","19710","19150","18760","20440","21850","22830","23530","25660","26390","28930","29740","29820","28990","31260","34620","34610","40270","","","","","","","","","","","","","","","","","","",
"Guatemala","GTM","GNI per capita, PPP (current international $)","NY.GNP.PCAP.PP.CD","","","","","","","","","","","","","","","","","","","","","","","","","","","","","","","3230","3430","3570","3710","3840","4010","4070","4220","4390","4500","4660","4800","4890","5010","5170","5390","5700","6080","6330","6250","6340","6600","7110","7520","8020","8720","9000","9360","9740","10560","10750","11530","12730","13490","14170","",
"Guam","GUM","GNI per capita, PPP (current international $)","NY.GNP.PCAP.PP.CD","","","","","","","","","","","","","","","","","","","","","","","","","","","","","","","","","","","","","","","","","","","","","","","","","","","","","","","","","","","","","","","","","","",
"Guyana","GUY","GNI per capita, PPP (current international $)","NY.GNP.PCAP.PP.CD","","","","","","","","","","","","","","","","","","","","","","","","","","","","","","","2690","2810","3220","3700","4170","4490","5060","5390","5400","5580","5720","5950","6110","6240","6560","6690","7120","8080","8400","8780","9370","10040","10690","11280","11220","11470","11400","12030","12190","13030","16490","18310","24050","43650","52290","",
"High income","HIC","GNI per capita, PPP (current international $)","NY.GNP.PCAP.PP.CD","","","","","","","","","","","","","","","","","","","","","","","","","","","","","","","16847.4747476958","17404.6791569116","17913.555992015","18426.3008152583","19202.0360539742","19981.9476086931","20831.8649438606","21796.9296967121","22477.0691897822","23449.6101640799","25047.7061602912","25955.7041059474","26843.2847203413","27909.7719309478","29621.0204784606","31254.5951241437","33589.0883546172","35417.9666090341","36670.5300652023","35769.6390734191","37339.1666132489","39098.6667377591","40255.3997120762","41686.6105000502","42759.833313886","43219.3806744224","44408.0007790151","46403.2264563587","48673.3532723043","51073.0973808718","49958.6846926809","55643.0555145854","61493.3310657395","64555.1148994476","67109.1926111085","",
"Hong Kong SAR, China","HKG","GNI per capita, PPP (current international $)","NY.GNP.PCAP.PP.CD","","","","","","","","","","","","","","","","","","","","","","","","","","","","","","","17740","19130","20580","22900","24170","24930","24880","26590","25610","26390","28450","29470","29800","31980","35270","38280","42730","46710","49590","47240","50240","53710","52900","54530","55640","57080","58190","61840","63800","64310","61580","70450","73140","77570","82320","",
"Honduras","HND","GNI per capita, PPP (current international $)","NY.GNP.PCAP.PP.CD","","","","","","","","","","","","","","","","","","","","","","","","","","","","","","","500","630","680","790","1020","1250","1530","1880","2080","2310","2510","2560","2610","2700","2850","3050","3270","3550","3690","3580","3580","3690","3740","3850","4100","4520","4820","5280","5190","5330","5000","5680","6260","6640","6900","",
"Heavily indebted poor countries (HIPC)","HPC","GNI per capita, PPP (current international $)","NY.GNP.PCAP.PP.CD","","","","","","","","","","","","","","","","","","","","","","","","","","","","","","","1029.18160089273","1028.88199172149","1027.44413744161","1036.18501296178","1034.15070925542","1077.56704817145","1103.7691418985","1166.2383984703","1192.36331499791","1219.10515035097","1247.70980969924","1289.80790689765","1329.67090429033","1379.95206447198","1466.21173631557","1559.91628162899","1654.67474592616","1749.85467008613","1834.9143760988","1872.74738824537","1939.58884790588","2010.09357529943","2024.46778873728","2104.04749804152","2293.73212159125","2358.58791520991","2455.13974950331","2525.06885935214","2629.1144116663","2749.53020518159","2762.17943697099","2953.34074671407","3207.21705218492","3343.85001252326","3484.79649866524","",
"Croatia","HRV","GNI per capita, PPP (current international $)","NY.GNP.PCAP.PP.CD","","","","","","","","","","","","","","","","","","","","","","","","","","","","","","","","","","","","","","","","9730","10480","11410","12560","13240","14430","15080","17160","19110","20310","19590","19440","20500","20900","22010","22380","23710","25330","27800","29470","32960","32110","36750","41960","47600","49740","",
"Haiti","HTI","GNI per capita, PPP (current international $)","NY.GNP.PCAP.PP.CD","","","","","","","","","","","","","","","","","","","","","","","","","","","","","","","2190","2270","2150","2040","1810","1990","2070","2130","2150","2200","2230","2230","2240","2320","2320","2420","2510","2650","2730","2860","2700","2870","2840","3050","3090","3030","3260","3350","3210","3250","3110","3150","3280","3290","3190","",
"Hungary","HUN","GNI per capita, PPP (current international $)","NY.GNP.PCAP.PP.CD","","","","","","","","","","","","","","","","","","","","","","","","","","","","","","","8800","8050","8040","8240","8640","8820","8950","9250","9780","10190","11190","12460","13720","14610","15270","16030","17230","17650","19360","19810","20690","21920","22270","23910","24670","25670","27460","28570","31050","34780","34810","37730","43160","45160","47290","",
"IBRD only","IBD","GNI per capita, PPP (current international $)","NY.GNP.PCAP.PP.CD","","","","","","","","","","","","","","","","","","","","","","","","","","","","","","","2917.11186183738","3040.45356590445","3120.35596418294","3243.90289773584","3365.99035344472","3537.92777961751","3746.680883581","3950.57273346947","3976.09381545421","4121.5736047794","4412.72608834691","4638.42881654358","4870.77484837314","5197.53080480882","5689.19301208167","6221.05908129861","6969.62391605718","7732.34406958243","8348.82261128668","8565.74145711754","9220.70695253233","9910.44416796187","10545.1113680522","11025.8112718328","11415.1900190741","11532.6719999241","11972.1170998224","12641.2626626959","13501.4845573406","14312.8713570432","14356.5271516702","16167.7816520097","17982.160839956","19526.3001253093","20806.0123029926","",
"IDA & IBRD total","IBT","GNI per capita, PPP (current international $)","NY.GNP.PCAP.PP.CD","","","","","","","","","","","","","","","","","","","","","","","","","","","","","","","2605.06269848195","2708.46944467318","2773.76139165643","2874.3611420804","2971.67540882933","3115.7132174094","3287.46973311181","3455.14024759532","3476.55207198971","3596.08556196477","3833.71917039636","4018.40653334294","4204.47772428865","4470.11569969715","4874.44121641928","5312.59860787157","5918.63327966583","6531.5229983425","7018.8368607745","7191.32033402164","7705.03322950614","8242.58674875908","8735.42147505089","9122.69292711658","9453.26315266202","9549.1546264431","9885.78333491491","10407.8600342893","11058.6641945965","11683.7241592997","11693.9049866437","13058.1362119746","14456.4695262149","15594.545320463","16537.546567832","",
"IDA total","IDA","GNI per capita, PPP (current international $)","NY.GNP.PCAP.PP.CD","","","","","","","","","","","","","","","","","","","","","","","","","","","","","","","1415.65819804891","1451.78374533445","1475.76197119424","1503.45185344829","1520.70987950864","1580.28748463406","1632.17079791504","1686.53662056716","1724.3765734554","1775.77953339892","1842.53889085707","1911.1742947546","1964.58528192051","2051.81040629761","2194.02935967074","2359.30881008222","2529.10437502846","2696.99932829337","2817.09125907017","2906.6697298956","3041.23642624008","3174.6086634935","3299.39370328886","3461.63479434695","3678.36109554563","3775.24308263952","3883.09516042965","4059.94341375776","4205.93086199836","4411.48604353081","4440.44056793842","4722.50604373616","5159.91894822908","5392.47878767752","5631.82443615665","",
"IDA blend","IDB","GNI per capita, PPP (current international $)","NY.GNP.PCAP.PP.CD","","","","","","","","","","","","","","","","","","","","","","","","","","","","","","","","","","","","","","","","","","","","","","","","","4086.17915197637","4208.3623028755","4389.89627111971","4565.0083288899","4724.90158166085","4935.460003001","5260.71597458483","5361.39967383451","5411.88017209594","5703.80685186237","5720.82031679007","5967.31667244521","5937.00288114791","6262.68029133154","6870.93192581814","7157.25481667737","7454.71897958049","",
"Indonesia","IDN","GNI per capita, PPP (current international $)","NY.GNP.PCAP.PP.CD","","","","","","","","","","","","","","","","","","","","","","","","","","","","","","","2890","3150","3370","3650","3990","4320","4680","4890","4110","4050","4330","4670","4920","5150","5440","5840","6300","6800","7300","7590","8130","8690","9260","9570","9730","9690","9930","10350","11030","11620","11410","12410","13900","15010","16010","",
"IDA only","IDX","GNI per capita, PPP (current international $)","NY.GNP.PCAP.PP.CD","","","","","","","","","","","","","","","","","","","","","","","","","","","","","","","957.68572031034","974.898369395325","990.664371040681","1022.6971467199","1026.658585947","1074.68742859257","1124.00853110634","1182.72947962776","1218.19216758769","1260.76286121916","1322.01719569998","1380.05635396813","1434.62755251153","1509.10578471307","1612.72296882007","1735.43371334075","1870.38624896106","2011.81734163281","2129.48140328774","2198.93509340758","2305.60062559357","2414.72644711774","2519.87013018786","2655.13036410253","2812.31324300147","2908.89469522556","3052.84738593781","3168.65428628791","3389.73929667648","3576.75754551144","3641.4002440806","3903.22842177419","4251.4663487749","4459.57947510946","4673.05471975393","",
"Isle of Man","IMN","GNI per capita, PPP (current international $)","NY.GNP.PCAP.PP.CD","","","","","","","","","","","","","","","","","","","","","","","","","","","","","","","","","","","","","","","","","","","","","","","","","","","","","","","","","","","","","","","","","","",
"India","IND","GNI per capita, PPP (current international $)","NY.GNP.PCAP.PP.CD","","","","","","","","","","","","","","","","","","","","","","","","","","","","","","","1200","1220","1290","1360","1450","1560","1680","1740","1840","1990","2070","2180","2260","2440","2660","2920","3200","3490","3610","3860","4160","4420","4760","4950","5130","5360","5730","6080","6640","7080","6870","7960","9080","10180","11000","",
"Not classified","INX","GNI per capita, PPP (current international $)","NY.GNP.PCAP.PP.CD","","","","","","","","","","","","","","","","","","","","","","","","","","","","","","","","","","","","","","","","","","","","","","","","","","","","","","","","","","","","","","","","","","",
"Ireland","IRL","GNI per capita, PPP (current international $)","NY.GNP.PCAP.PP.CD","","","","","","","","","","","","","","","","","","","","","","","","","","","","","","","12780","13440","13930","14640","15820","17320","18830","20450","22480","23590","26340","27830","29530","31280","33430","35050","38780","40450","38230","34660","36330","37140","37860","41160","44450","55630","59480","63120","65460","69420","71520","83550","94800","98760","101180","",
"Iran, Islamic Rep.","IRN","GNI per capita, PPP (current international $)","NY.GNP.PCAP.PP.CD","","","","","","","","","","","","","","","","","","","","","","","","","","","","","","","7560","8590","8890","8930","8920","9210","9880","10080","10280","10510","11200","11560","12590","13780","14400","14990","15910","17430","17600","17610","18630","19290","17130","16310","16140","14280","15210","15750","15400","13940","15120","15880","17510","18880","19820","",
"Iraq","IRQ","GNI per capita, PPP (current international $)","NY.GNP.PCAP.PP.CD","","","","","","","","","","","","","","","","","","","","","","","","","","","","","","","","2650","3510","4510","4560","4600","5030","5940","7860","9030","10560","10640","9340","5970","9300","9550","10360","10960","11970","12010","12330","12900","14470","14600","13090","9250","8990","10110","11940","12190","10470","12610","14340","14710","14530","",
"Iceland","ISL","GNI per capita, PPP (current international $)","NY.GNP.PCAP.PP.CD","","","","","","","","","","","","","","","","","","","","","","","","","","","","","","","21170","21740","21300","21830","22750","23190","24080","26140","27960","28850","28850","30870","32470","32140","34050","35840","37310","39560","35660","35010","33700","36170","38330","44090","45410","49110","54530","55910","58160","62220","57640","61710","74740","83100","84060","",
"Israel","ISR","GNI per capita, PPP (current international $)","NY.GNP.PCAP.PP.CD","","","","","","","","","","","","","","","","","","","","","","","","","","","","","","","15330","16230","17230","17880","19090","20320","21350","21890","22540","22840","24640","25270","25710","24260","25710","25810","26610","28610","27910","27790","29270","31270","32050","34520","34960","35920","38220","39650","40540","41480","40910","45800","53570","54860","56790","",
"Italy","ITA","GNI per capita, PPP (current international $)","NY.GNP.PCAP.PP.CD","","","","","","","","","","","","","","","","","","","","","","","","","","","","","","","18450","19320","19870","20200","21040","22170","22880","23830","24940","25600","27050","28050","28700","29110","29530","30180","32580","34130","35100","34480","34900","36300","36240","36400","36670","37130","40590","42370","43850","47030","45000","50380","57790","59720","61620","",
"Jamaica","JAM","GNI per capita, PPP (current international $)","NY.GNP.PCAP.PP.CD","","","","","","","","","","","","","","","","","","","","","","","","","","","","","","","4630","4940","5230","6070","6050","6310","6520","6470","6330","6420","6570","6700","6800","7160","7430","7660","8160","8460","8600","8130","8220","8510","8720","8900","9020","9200","9550","10190","10370","10560","9470","10160","11660","12480","12690","",
"Jordan","JOR","GNI per capita, PPP (current international $)","NY.GNP.PCAP.PP.CD","","","","","","","","","","","","","","","","","","","","","","","","","","","","","","","4090","3850","4350","4460","4590","4820","4840","5020","5170","5300","5710","6060","6300","6580","7240","7900","8290","8700","9150","9430","9340","9550","9620","9720","9040","8870","8680","9220","9000","9430","9550","9140","9820","10330","10570","",
"Japan","JPN","GNI per capita, PPP (current international $)","NY.GNP.PCAP.PP.CD","","","","","","","","","","","","","","","","","","","","","","","","","","","","","","","20130","21360","21960","22430","23010","24060","25300","25960","25820","26050","27680","28380","29040","29870","31430","32880","34530","36090","36220","34390","36280","37270","38640","40760","41030","42510","42010","42980","43750","44350","43980","46470","50100","53680","55490","",
"Kazakhstan","KAZ","GNI per capita, PPP (current international $)","NY.GNP.PCAP.PP.CD","","","","","","","","","","","","","","","","","","","","","","","","","","","","","","","","","","6460","5830","5560","5780","6090","6200","6410","6960","8140","9120","9980","11030","11940","13240","14530","14770","15520","16200","17260","18480","21230","21500","21070","20770","21360","22010","25110","26480","28900","31830","34600","37590","",
"Kenya","KEN","GNI per capita, PPP (current international $)","NY.GNP.PCAP.PP.CD","","","","","","","","","","","","","","","","","","","","","","","","","","","","","","","1690","1710","1680","1660","1700","1780","1850","1850","1880","1890","1890","1940","1930","1960","2050","2190","2320","2470","2460","2170","2310","2460","2530","2750","2980","3320","3860","4100","4350","4610","4760","5260","5790","6210","6540","",
"Kyrgyz Republic","KGZ","GNI per capita, PPP (current international $)","NY.GNP.PCAP.PP.CD","","","","","","","","","","","","","","","","","","","","","","","","","","","","","","","","2380","2070","1790","1440","1370","1470","1600","1610","1640","1750","1910","1930","2090","2240","2300","2470","2730","2910","2980","2880","2930","3500","3770","4050","3990","4360","4710","4630","4860","5020","5350","6430","7200","7900","",
"Cambodia","KHM","GNI per capita, PPP (current international $)","NY.GNP.PCAP.PP.CD","","","","","","","","","","","","","","","","","","","","","","","","","","","","","","","1100","1180","1220","1530","950","990","980","980","990","1100","1210","1310","1380","1540","1710","1960","2210","2480","2670","2750","2900","3120","3450","3730","3940","4250","4560","4850","5390","5880","5750","5970","6650","7260","7910","",
"Kiribati","KIR","GNI per capita, PPP (current international $)","NY.GNP.PCAP.PP.CD","","","","","","","","","","","","","","","","","","","","","","","","","","","","","","","1470","1930","2100","2060","2120","2290","2010","2390","2640","2370","2560","2690","2560","2300","2290","2280","2410","2530","2490","2340","2480","2430","2790","3260","3730","4500","4130","4530","4620","5250","4630","4730","5520","5910","6060","",
"St. Kitts and Nevis","KNA","GNI per capita, PPP (current international $)","NY.GNP.PCAP.PP.CD","","","","","","","","","","","","","","","","","","","","","","","","","","","","","","","8780","8820","9190","9910","10530","11300","11860","12650","12360","12710","14160","15010","15300","14710","15950","18250","19640","20340","23040","22360","22800","23680","22780","24210","25110","25110","26630","28310","29540","32010","26610","26040","30890","33420","34460","",
"Korea, Rep.","KOR","GNI per capita, PPP (current international $)","NY.GNP.PCAP.PP.CD","","","","","","","","","","","","","","","","","","","","","","","","","","","","","","","8560","9710","10450","11330","12520","13870","15110","16160","15310","17240","19110","20310","22090","22840","24620","26000","27890","30180","31220","30690","33170","34150","35410","36060","37200","39910","41820","43320","45680","46890","48280","52260","56180","58260","61930","",
"Kuwait","KWT","GNI per capita, PPP (current international $)","NY.GNP.PCAP.PP.CD","","","","","","","","","","","","","","","","","","","","","","","","","","","","","","","43700","34880","45690","56230","60820","67430","66270","69290","71540","65970","69130","66780","64950","74650","85190","94280","100620","101320","96920","85350","80700","83780","88080","82970","74910","50280","46750","53810","58160","57980","47570","58890","62840","63380","63270","",
"Latin America & Caribbean (excluding high income)","LAC","GNI per capita, PPP (current international $)","NY.GNP.PCAP.PP.CD","","","","","","","","","","","","","","","","","","","","","","","","","","","","","","","5993.77373127633","6309.3605822581","6511.23345115715","6688.62090295008","7034.48133439585","7168.10354792464","7462.12747275249","7865.12890687214","8026.10291721793","8020.32454939176","8381.09999684299","8470.47448920159","8545.4375817052","8819.16357139491","9344.09281777429","9896.30940382013","10787.0732392993","11549.582892617","12174.9221943668","11974.023950376","12730.999366312","13596.2805015551","13861.9814503116","14357.1299301375","14650.3394236357","14431.9691747866","14616.4815834335","15204.054046569","15766.2845741333","16119.4191106464","15552.6996510502","17349.7787766185","19361.4123578588","20469.9624395102","21287.4709690359","",
"Lao PDR","LAO","GNI per capita, PPP (current international $)","NY.GNP.PCAP.PP.CD","","","","","","","","","","","","","","","","","","","","","","","","","","","","","","","1010","1060","1110","1180","1260","1340","1430","1490","1530","1660","1720","1830","1950","2030","2220","2460","2620","2920","3120","3390","3530","3820","4500","4940","5540","5820","6450","6760","7160","7300","7440","7620","8110","8610","9160","",
"Lebanon","LBN","GNI per capita, PPP (current international $)","NY.GNP.PCAP.PP.CD","","","","","","","","","","","","","","","","","","","","","","","","","","","","","","","3650","4620","5500","6000","6580","7080","7780","7790","7930","7890","8090","8250","8200","7440","9240","9930","10380","11700","12600","13500","14510","14880","16050","16240","15950","16870","18640","20880","21540","21190","15740","10650","11710","12420","","",
"Liberia","LBR","GNI per capita, PPP (current international $)","NY.GNP.PCAP.PP.CD","","","","","","","","","","","","","","","","","","","","","","","","","","","","","","","1080","1090","680","450","360","350","390","690","830","800","850","820","830","570","610","650","700","770","830","860","890","990","1050","1230","1270","1220","1370","1520","1570","1700","1510","1440","1590","1680","1750","",
"Libya","LBY","GNI per capita, PPP (current international $)","NY.GNP.PCAP.PP.CD","","","","","","","","","","","","","","","","","","","","","","","","","","","","","","","17090","19990","19480","18820","19230","19420","20120","20450","19980","17090","19120","18760","20320","23130","23780","26620","28920","31310","31060","29300","30220","15720","26270","21030","17690","18360","17220","18370","19120","16620","11140","12450","12300","14530","15400","",
"St. Lucia","LCA","GNI per capita, PPP (current international $)","NY.GNP.PCAP.PP.CD","","","","","","","","","","","","","","","","","","","","","","","","","","","","","","","6240","6390","7020","7050","7230","7350","7640","7600","8040","8290","8870","8630","8830","9210","9920","10130","11250","11580","12320","12190","12380","13300","13130","13180","13530","13160","14400","15180","16570","17590","14560","18450","22480","23850","24840","",
"Latin America & Caribbean","LCN","GNI per capita, PPP (current international $)","NY.GNP.PCAP.PP.CD","","","","","","","","","","","","","","","","","","","","","","","","","","","","","","","6058.55476709198","6415.55413893886","6654.07327085732","6840.85398486339","7149.35615322818","7325.75535264995","7613.59081182287","8035.40826763478","8198.87333931856","8170.55753039768","8539.53872999402","8659.64277156174","8670.51429010482","8886.75631919426","9503.01034096252","10122.2599473455","11092.7900216125","11927.0221289224","12542.7662660996","12306.0401434264","13015.6892512827","13875.0810513642","14200.308950055","14725.285770433","15034.7440640185","14875.1221613218","15101.4378690257","15724.5954958055","16315.0574181556","16735.9108618044","16137.4002231754","18033.453801331","20106.4341818808","21329.8704019652","22246.5452489892","",
"Least developed countries: UN classification","LDC","GNI per capita, PPP (current international $)","NY.GNP.PCAP.PP.CD","","","","","","","","","","","","","","","","","","","","","","","","","","","","","","","922.437944679569","943.285424373663","924.80171663287","949.511193366974","947.283598290162","1016.08400295059","1063.6781917857","1123.22263438902","1152.86003090121","1183.25637333666","1240.2350510613","1302.31604063157","1365.34928532853","1432.93562040206","1536.68662625969","1661.22624613839","1796.820218729","1942.93330634457","2059.59362394892","2136.01650267038","2235.31713497273","2321.55587010032","2409.11668510221","2529.78179677342","2690.53821856139","2759.91892681247","2887.66742794084","2995.13385078953","3219.24658572723","3412.18030340979","3478.52657904163","3718.73226939829","4070.66392969579","4266.76522004642","4448.31138103566","",
"Low income","LIC","GNI per capita, PPP (current international $)","NY.GNP.PCAP.PP.CD","","","","","","","","","","","","","","","","","","","","","","","","","","","","","","","806.915427829761","800.60078023164","815.540903717871","821.916173150178","820.383611641107","853.384815298698","890.895789295284","955.43689465739","986.215036595359","1000.10213667741","1032.26758453661","1075.72224215723","1116.6330950655","1172.06860945459","1248.32271460275","1325.85504078162","1403.15421538937","1485.92244349214","1539.09122138067","1567.31097799866","1623.7636919603","1618.14423844877","1552.64767395152","1607.66780310614","1724.64739467532","1779.96015446803","1853.44893067885","1858.97000089183","1913.88796106393","1962.98624422873","1933.41263365678","2062.23178927962","2204.60335302573","2239.23470995431","2288.0704178416","",
"Liechtenstein","LIE","GNI per capita, PPP (current international $)","NY.GNP.PCAP.PP.CD","","","","","","","","","","","","","","","","","","","","","","","","","","","","","","","","","","","","","","","","","","","","","","","","","","","","","","","","","","","","","","","","","","",
"Sri Lanka","LKA","GNI per capita, PPP (current international $)","NY.GNP.PCAP.PP.CD","","","","","","","","","","","","","","","","","","","","","","","","","","","","","","","2510","2700","2850","3070","3240","3420","3540","3770","3900","4050","4300","4260","4460","4810","5170","5620","6190","6760","7170","7500","8150","8990","10070","11000","11460","11940","12750","13280","13820","13720","12590","13990","13830","14020","15240","",
"Lower middle income","LMC","GNI per capita, PPP (current international $)","NY.GNP.PCAP.PP.CD","","","","","","","","","","","","","","","","","","","","","","","","","","","","","","","1540.41557172379","1593.93777457122","1646.57673000429","1705.72782142547","1789.18812665173","1902.66710101702","2015.9779109944","2094.98420866042","2188.31157629034","2310.52868941785","2404.5383051333","2518.74654941613","2603.11498019476","2764.50574165261","2986.29702312864","3239.03416537411","3519.82433627719","3811.60200549642","3977.01347419347","4173.64160813075","4424.91950947891","4659.07166720045","5006.72543830945","5227.28564575151","5441.5594735369","5643.8219565978","5907.02612513078","6240.75667238287","6680.95569757422","7094.37343353442","7041.17078223342","7745.06771243826","8716.6190628183","9483.68369276592","10116.6058097895","",
"Low & middle income","LMY","GNI per capita, PPP (current international $)","NY.GNP.PCAP.PP.CD","","","","","","","","","","","","","","","","","","","","","","","","","","","","","","","2308.88934338301","2428.90008949898","2535.47952905011","2655.4413231573","2778.95286554392","2925.31523465881","3108.32357163899","3276.59888247793","3307.0359435163","3423.0598883179","3637.65673431622","3807.51871215395","3988.52003235955","4242.65894242885","4620.32085401725","5025.21028693957","5555.84264031664","6127.6987531764","6528.84569867769","6744.25449150061","7249.47569175038","7741.70241260899","8214.68556728527","8578.56242183374","8913.05661788084","9039.60782119942","9374.05057499827","9856.42884719562","10452.3234345936","11022.4893978389","11021.6082399589","12249.5212596161","13606.7416346934","14687.1157512926","15573.8837146441","",
"Lesotho","LSO","GNI per capita, PPP (current international $)","NY.GNP.PCAP.PP.CD","","","","","","","","","","","","","","","","","","","","","","","","","","","","","","","1230","1270","1300","1300","1370","1390","1480","1530","1510","1570","1620","1950","2010","2120","2140","2180","2260","2690","2800","2680","2770","2730","2680","2920","3090","3390","3340","2970","3130","3030","3040","2970","3320","3500","3580","",
"Late-demographic dividend","LTE","GNI per capita, PPP (current international $)","NY.GNP.PCAP.PP.CD","","","","","","","","","","","","","","","","","","","","","","","","","","","","","","","2864.6311514063","2945.56286767241","3009.82907307992","3190.39783867457","3368.05356123219","3606.38066688208","3823.46357105209","4059.65827520112","4155.16855522473","4346.59667543669","4738.74754387276","5053.23252880085","5415.58956001956","5892.06981461786","6519.95454556741","7216.76914652771","8242.4699717806","9297.3413976153","10236.8017481465","10590.17854627","11487.591491858","12525.7769226992","13448.8036636834","14198.8900662627","14820.158127043","14880.3347928575","15388.5109462321","16304.74684652","17571.5715471379","18872.1867075971","19144.9266805507","21731.2544584022","23956.4999009978","25975.639493605","27816.9520503142","",
"Lithuania","LTU","GNI per capita, PPP (current international $)","NY.GNP.PCAP.PP.CD","","","","","","","","","","","","","","","","","","","","","","","","","","","","","","","8330","8110","6550","5640","5230","6010","6410","7030","7670","7730","8320","9270","10190","11370","12310","13720","15210","17270","18800","17440","18600","20920","22550","24350","25970","25990","27690","30190","35390","39310","40160","44340","48930","50750","53920","",
"Luxembourg","LUX","GNI per capita, PPP (current international $)","NY.GNP.PCAP.PP.CD","","","","","","","","","","","","","","","","","","","","","","","","","","","","","","","29870","33340","34090","35200","35470","37350","38640","41060","41490","45980","48780","50000","49410","48730","58370","62650","63150","72370","71210","55430","61390","65490","74230","72410","76490","69410","75120","82300","83480","83210","84630","92640","95070","104460","110650","",
"Latvia","LVA","GNI per capita, PPP (current international $)","NY.GNP.PCAP.PP.CD","","","","","","","","","","","","","","","","","","","","","","","","","","","","","","","7820","7100","5010","4980","5280","5430","5730","6410","6970","7190","7840","8830","9590","10140","11080","12690","13810","15740","17210","16660","16540","17660","19280","20430","21580","22430","24030","25690","29330","31740","32760","36220","39850","41250","42660","",
"Macao SAR, China","MAC","GNI per capita, PPP (current international $)","NY.GNP.PCAP.PP.CD","","","","","","","","","","","","","","","","","","","","","","","","","","","","","","","28080","28690","31600","32620","33490","33830","33200","33400","31610","30280","31740","35960","39200","43480","53310","56360","59840","74100","67320","70610","88060","103650","112040","124420","121990","97040","97050","107460","114250","111260","67970","73160","75690","113320","","",
"St. Martin (French part)","MAF","GNI per capita, PPP (current international $)","NY.GNP.PCAP.PP.CD","","","","","","","","","","","","","","","","","","","","","","","","","","","","","","","","","","","","","","","","","","","","","","","","","","","","","","","","","","","","","","","","","","",
"Morocco","MAR","GNI per capita, PPP (current international $)","NY.GNP.PCAP.PP.CD","","","","","","","","","","","","","","","","","","","","","","","","","","","","","","","2710","2940","2910","2890","3230","3060","3470","3420","3680","3740","3860","4200","4380","4680","4980","5250","5750","6040","6420","6540","6760","7160","7170","7450","7090","7680","7740","7990","7680","7930","7630","8500","9170","9740","10260","",
"Monaco","MCO","GNI per capita, PPP (current international $)","NY.GNP.PCAP.PP.CD","","","","","","","","","","","","","","","","","","","","","","","","","","","","","","","","","","","","","","","","","","","","","","","","","","","","","","","","","","","","","","","","","","",
"Moldova","MDA","GNI per capita, PPP (current international $)","NY.GNP.PCAP.PP.CD","","","","","","","","","","","","","","","","","","","","","","","","","","","","","","","6930","6010","4360","4420","3100","3120","3110","3220","3010","2980","3170","3520","3940","4350","4880","5420","5790","6030","6660","6100","6790","7310","7940","9020","9400","9730","10900","11910","12430","14120","13990","15990","16520","18030","18710","",
"Madagascar","MDG","GNI per capita, PPP (current international $)","NY.GNP.PCAP.PP.CD","","","","","","","","","","","","","","","","","","","","","","","","","","","","","","","1120","1040","1060","1070","1060","1060","1080","1120","1140","1180","1220","1280","1090","1200","1260","1310","1380","1480","1560","1460","1440","1450","1420","1420","1460","1450","1510","1510","1500","1560","1450","1550","1680","1770","1830","",
"Maldives","MDV","GNI per capita, PPP (current international $)","NY.GNP.PCAP.PP.CD","","","","","","","","","","","","","","","","","","","","","","","","","","","","","","","4080","4010","4260","4410","4860","5910","6360","6840","7310","7730","8120","8000","8600","9720","10460","9450","11760","10910","12060","10920","11250","12260","12660","13570","15110","16440","17270","18230","19900","20820","12320","17110","20250","21950","23400","",
"Middle East, North Africa, Afghanistan & Pakistan","MEA","GNI per capita, PPP (current international $)","NY.GNP.PCAP.PP.CD","","","","","","","","","","","","","","","","","","","","","","","","","","","","","","","5915.0087689892","6227.22838195416","6530.63931783952","6611.10025777882","6691.24463165619","6889.29438005883","7172.94711221484","7410.77077836289","7660.98994358597","7718.74706737947","8216.76750484386","8390.0069063642","8484.25298785599","8813.71953682079","9583.84658131426","10134.7872972727","10850.6804659123","11494.6002934675","11860.9260509582","11740.7436762407","12172.2524594983","12604.7670413917","12991.8141890053","12942.7409015786","12842.5446938611","11857.9493417901","11762.8440914133","12286.8304868927","12924.7687713685","12904.7687536759","12208.0052332724","13482.4131118981","15068.7162529992","15705.5998471698","16126.1168909586","",
"Mexico","MEX","GNI per capita, PPP (current international $)","NY.GNP.PCAP.PP.CD","","","","","","","","","","","","","","","","","","","","","","","","","","","","","","","8360","8890","9280","8840","9250","8620","9190","9930","10500","10800","11470","11530","11620","11930","12540","13070","14320","14790","15470","14960","15730","17010","17630","17640","18370","18590","19580","19970","20380","20370","18730","20250","22600","24620","25460","",
"Marshall Islands","MHL","GNI per capita, PPP (current international $)","NY.GNP.PCAP.PP.CD","","","","","","","","","","","","","","","","","","","","","","","","","","","","","","","2630","2660","2880","3090","3310","3630","3150","2980","3060","3110","3250","3490","3540","3560","3660","3920","3940","4220","4030","4110","4260","4280","4160","4580","4810","5440","5530","5770","6370","7340","7290","7410","8490","9070","9680","",
"Middle income","MIC","GNI per capita, PPP (current international $)","NY.GNP.PCAP.PP.CD","","","","","","","","","","","","","","","","","","","","","","","","","","","","","","","2407.5499126811","2535.85636045054","2649.37854592081","2778.35484583584","2911.52977426116","3067.08855774527","3261.86628708797","3439.32289635212","3471.85361543148","3597.20899730433","3826.88375620203","4008.26926661102","4202.76988513983","4475.38754693844","4879.6210281228","5314.00820291292","5885.36054870216","6502.0555604001","6937.57550009412","7175.0233019451","7724.68098501632","8266.34667136688","8792.81884054638","9190.93605451423","9553.04921556865","9694.91647980488","10063.2476898755","10599.7323481652","11259.2138203521","11894.2171249195","11912.6102198173","13266.3917997679","14765.782775139","15975.3325150281","16974.1883610979","",
"North Macedonia","MKD","GNI per capita, PPP (current international $)","NY.GNP.PCAP.PP.CD","","","","","","","","","","","","","","","","","","","","","","","","","","","","","","","5290","5180","4880","4730","4820","4870","4970","5150","5370","5620","6040","6010","6320","6530","7180","7830","8850","9190","10790","11450","11830","12200","12450","13340","14210","14560","15800","16480","17690","19290","19210","21170","23170","24070","25610","",
"Mali","MLI","GNI per capita, PPP (current international $)","NY.GNP.PCAP.PP.CD","","","","","","","","","","","","","","","","","","","","","","","","","","","","","","","780","830","800","840","890","910","890","980","980","1140","1130","1250","1250","1390","1850","1860","1920","1910","1970","1940","2020","1990","1940","2010","2120","2290","2480","2540","2620","2720","2630","2700","2910","3060","3230","",
"Malta","MLT","GNI per capita, PPP (current international $)","NY.GNP.PCAP.PP.CD","","","","","","","","","","","","","","","","","","","","","","","","","","","","","","","10790","11400","11940","12530","13170","14270","14900","15740","16210","17300","17720","18720","19860","20920","21680","21270","22360","24370","25980","24990","27210","28210","29230","30650","32580","35710","36440","42380","43750","46550","42430","49500","55320","58950","61340","",
"Myanmar","MMR","GNI per capita, PPP (current international $)","NY.GNP.PCAP.PP.CD","","","","","","","","","","","","","","","","","","","","","","","","","","","","","","","440","440","490","530","570","620","660","700","740","820","950","1070","1200","1380","1600","1860","2150","2460","2750","3040","3350","3580","3690","4010","4180","4300","4340","4560","5430","5900","5630","5100","5610","5800","5890","",
"Middle East, North Africa, Afghanistan & Pakistan (excluding high income)","MNA","GNI per capita, PPP (current international $)","NY.GNP.PCAP.PP.CD","","","","","","","","","","","","","","","","","","","","","","","","","","","","","","","3691.53894939158","3981.01345332644","4155.54611958083","4196.4802693465","4242.5289388658","4349.04404533134","4578.00034814787","4694.57363435249","4904.2234189734","5036.89485401189","5361.03834639756","5531.59704440896","5675.33817414667","5816.90884744195","6300.60009581783","6654.78370509092","7100.39513260647","7592.86268932406","7817.10150459559","7867.60184268532","8137.60388937877","8147.90461787229","8336.99511185707","8298.89008437352","8190.11200194042","7888.46910228735","8013.79135547485","8337.42971000041","8651.37039280202","8635.85224760632","8758.65917964603","9274.39962973882","10212.6971042924","10686.3969058158","11001.6692949007","",
"Montenegro","MNE","GNI per capita, PPP (current international $)","NY.GNP.PCAP.PP.CD","","","","","","","","","","","","","","","","","","","","","","","","","","","","","","","","","","","","","","6090","6480","5970","6310","7110","7500","7770","8250","8410","10610","12600","14010","13000","13520","14460","14030","14980","15480","16450","18190","19760","21340","23970","20960","24180","28610","32170","33970","",
"Mongolia","MNG","GNI per capita, PPP (current international $)","NY.GNP.PCAP.PP.CD","","","","","","","","","","","","","","","","","","","","","","","","","","","","","","","3420","3180","2890","2830","2960","3170","3270","3410","3560","3660","3720","3880","4070","4370","4910","5300","5900","6520","7070","6820","6920","8130","9370","9850","10010","9590","9650","9540","11160","12100","12400","12630","14830","16030","17000","",
"Northern Mariana Islands","MNP","GNI per capita, PPP (current international $)","NY.GNP.PCAP.PP.CD","","","","","","","","","","","","","","","","","","","","","","","","","","","","","","","","","","","","","","","","","","","","","","","","","","","","","","","","","","","","","","","","","","",
"Mozambique","MOZ","GNI per capita, PPP (current international $)","NY.GNP.PCAP.PP.CD","","","","","","","","","","","","","","","","","","","","","","","","","","","","","","","","310","280","310","310","310","340","380","410","460","460","510","520","600","660","690","750","810","870","930","970","1050","1070","1110","1150","1290","1350","1250","1300","1360","1380","1430","1460","1530","1520","",
"Mauritania","MRT","GNI per capita, PPP (current international $)","NY.GNP.PCAP.PP.CD","","","","","","","","","","","","","","","","","","","","","","","","","","","","","","","2000","2050","2050","2120","2030","2220","2460","2340","2390","2450","2320","2240","2370","2520","2640","2870","3280","3230","3220","3190","3140","3190","3360","3720","3720","3860","4600","5280","5400","5540","5670","5740","6450","6970","7300","",
"Mauritius","MUS","GNI per capita, PPP (current international $)","NY.GNP.PCAP.PP.CD","","","","","","","","","","","","","","","","","","","","","","","","","","","","","","","4970","5360","5770","6120","6370","6740","7140","7620","8070","8310","9110","9610","9850","10480","11190","11690","12460","13730","14570","14820","15800","16590","17890","19200","20090","21180","22860","24170","24770","25750","23500","25360","29890","33230","35100","",
"Malawi","MWI","GNI per capita, PPP (current international $)","NY.GNP.PCAP.PP.CD","","","","","","","","","","","","","","","","","","","","","","","","","","","","","","","670","730","670","750","690","830","880","920","930","950","970","920","920","970","1020","1060","1120","1230","1310","1380","1440","1500","1440","1530","1480","1370","1410","1350","1320","1420","1470","1640","1720","1800","1830","",
"Malaysia","MYS","GNI per capita, PPP (current international $)","NY.GNP.PCAP.PP.CD","","","","","","","","","","","","","","","","","","","","","","","","","","","","","","","6590","7200","7790","8590","9330","10220","11160","11800","10780","11150","11970","12120","12760","13610","14620","15650","16920","18230","18900","18550","19550","20820","21800","22390","23500","23860","24590","25670","26930","28180","26920","29010","33330","35350","37450","",
"North America","NAC","GNI per capita, PPP (current international $)","NY.GNP.PCAP.PP.CD","","","","","","","","","","","","","","","","","","","","","","","","","","","","","","","23577.0822192987","23978.3592968099","24978.4294878637","25932.422473684","27191.85522754","28190.4332511953","29408.7144678277","30849.0163263381","32182.5661585482","33870.4215534497","35695.7053463477","36535.9842450005","37376.1160045317","38895.1204367983","41126.0132786402","43515.7692117735","45582.0153235788","47449.2465628604","48139.0966343223","46751.5934697242","48322.026982094","49809.2654053858","51367.7236156197","52991.4066563843","54807.4936590138","56184.3106456312","57413.4081696515","59617.2927103498","62280.7983763554","64431.3063065209","63315.2474611944","70192.2243658323","76720.160586361","80532.8303892939","83569.0095983308","",
"Namibia","NAM","GNI per capita, PPP (current international $)","NY.GNP.PCAP.PP.CD","","","","","","","","","","","","","","","","","","","","","","","","","","","","","","","3940","4340","4500","4370","4400","4650","4640","4780","4900","4880","5150","5180","5510","5960","6560","6660","7310","7630","7890","7830","8090","8630","8990","9670","10310","10450","10000","9710","9490","9370","9320","9340","10190","10710","11300","",
"New Caledonia","NCL","GNI per capita, PPP (current international $)","NY.GNP.PCAP.PP.CD","","","","","","","","","","","","","","","","","","","","","","","","","","","","","","","","","","","","","","","","","","","","","","","","","","","","","","","","","","","","","","","","","","",
"Niger","NER","GNI per capita, PPP (current international $)","NY.GNP.PCAP.PP.CD","","","","","","","","","","","","","","","","","","","","","","","","","","","","","","","740","740","750","750","750","760","760","760","830","810","800","850","870","880","880","940","990","1010","1070","1050","1120","1130","1200","1180","1210","1230","1230","1250","1330","1480","1430","1610","1680","1850","2030","",
"Nigeria","NGA","GNI per capita, PPP (current international $)","NY.GNP.PCAP.PP.CD","","","","","","","","","","","","","","","","","","","","","","","","","","","","","","","","","","","","","","","","","","","","","","","","","5430","5720","6060","6330","6440","6760","7220","7170","6990","6930","7020","7450","7360","7480","8140","8510","8850","",
"Nicaragua","NIC","GNI per capita, PPP (current international $)","NY.GNP.PCAP.PP.CD","","","","","","","","","","","","","","","","","","","","","","","","","","","","","","","1970","1790","1750","1770","1810","1990","2150","2270","2400","2560","2700","2780","2830","2930","3150","3370","3540","3790","3940","3760","3930","4210","4330","4480","4880","5240","5600","5900","5640","5760","5880","6750","7200","7940","8270","",
"Netherlands","NLD","GNI per capita, PPP (current international $)","NY.GNP.PCAP.PP.CD","","","","","","","","","","","","","","","","","","","","","","","","","","","","","","","18650","19680","20240","20980","22080","23320","24540","25950","27220","29130","31640","32420","33570","33860","35450","37250","40910","43640","44410","43340","45060","46940","47220","49340","49300","50180","51590","55010","58460","60990","60640","69410","77470","81050","84970","",
"Norway","NOR","GNI per capita, PPP (current international $)","NY.GNP.PCAP.PP.CD","","","","","","","","","","","","","","","","","","","","","","","","","","","","","","","17940","18960","20190","21100","22640","24060","26520","28310","27880","30310","36490","37850","38160","38900","42750","48490","54400","56010","61800","55960","58840","63060","66330","68090","68420","63250","61860","66940","73090","73110","69890","88780","125610","108980","106830","",
"Nepal","NPL","GNI per capita, PPP (current international $)","NY.GNP.PCAP.PP.CD","","","","","","","","","","","","","","","","","","","","","","","","","","","","","","","830","890","920","950","1030","1060","1110","1160","1190","1240","1320","1390","1390","1450","1540","1630","1730","1830","1960","2050","2160","2260","2480","2680","2940","3000","3010","3640","3980","4300","4290","4570","5130","5460","5830","",
"Nauru","NRU","GNI per capita, PPP (current international $)","NY.GNP.PCAP.PP.CD","","","","","","","","","","","","","","","","","","","","","","","","","","","","","","","19410","15880","13370","11380","11140","10440","9360","8650","7720","7320","6980","6700","6140","6280","6240","6330","7080","5990","6590","6580","6780","8130","9820","10590","11950","13670","14080","13480","12950","14920","16250","18210","21730","22510","21970","",
"New Zealand","NZL","GNI per capita, PPP (current international $)","NY.GNP.PCAP.PP.CD","","","","","","","","","","","","","","","","","","","","","","","","","","","","","","","14190","13530","13910","14750","15950","16740","17020","17960","18440","19350","20280","21370","22130","22860","23710","24020","25870","27240","27730","29490","29750","31260","31680","34830","35830","36260","38680","40640","40970","44120","44620","46940","52260","52810","53600","",
"OECD members","OED","GNI per capita, PPP (current international $)","NY.GNP.PCAP.PP.CD","","","","","","","","","","","","","","","","","","","","","","","","","","","","","","","16632.7627146765","17228.6144471806","17851.6464567581","18369.2853688006","19183.3064257189","19899.8675978857","20793.3022943772","21768.1533816612","22348.3354277271","23240.1358581865","24699.512063384","25466.1068997222","26237.7514353917","27054.4058371538","28535.9335440199","29915.0754522128","31877.218448101","33431.4169730833","34265.9012793904","33421.77780749","34786.2023749881","36253.3770818803","37224.3426919588","38585.3414917205","39740.0219876688","40816.3291880332","42227.6245215199","43909.3168147887","45632.9675395256","47675.4656006581","46678.1514665951","51204.4047450929","57013.5910799995","59804.8692800617","62069.5234700231","",
"Oman","OMN","GNI per capita, PPP (current international $)","NY.GNP.PCAP.PP.CD","","","","","","","","","","","","","","","","","","","","","","","","","","","","","","","26290","27710","28940","30150","31010","32750","33690","35710","35520","35430","37960","39890","39770","40040","41560","42420","45370","47820","50750","52220","52600","49600","47410","45320","42190","35030","32420","32400","35720","34750","32740","36070","38990","39640","39340","",
"Other small states","OSS","GNI per capita, PPP (current international $)","NY.GNP.PCAP.PP.CD","","","","","","","","","","","","","","","","","","","","","","","","","","","","","","","7110.78372889909","7242.66968085979","7192.52753636876","7361.52915563301","7623.85278712816","8045.13149571158","8345.16990504464","8863.60105334886","9094.43846273281","9263.68242128527","9862.66605099478","10366.5300442956","10836.9447693498","11315.5032241816","11944.7597624942","12662.5188692956","13864.5071293392","14937.1284817555","15716.9949490264","15058.0560048901","15470.0837971923","16549.4825789322","16987.0457462294","17331.7903810415","17604.0723177742","17641.2387540555","18380.7091673884","19653.3637851134","20528.7083153993","22185.7809129082","20966.7576338221","22969.9449063937","25671.247334278","27405.9798800913","28634.2709075255","",
"Pakistan","PAK","GNI per capita, PPP (current international $)","NY.GNP.PCAP.PP.CD","","","","","","","","","","","","","","","","","","","","","","","","","","","","","","","1870","1960","2100","2120","2180","2270","2350","2350","2360","2430","2510","2580","2620","2770","3000","3240","3460","3600","3650","3690","3720","3830","3990","4110","4250","4410","4550","4720","4900","4950","4960","5300","5840","5910","6100","",
"Panama","PAN","GNI per capita, PPP (current international $)","NY.GNP.PCAP.PP.CD","","","","","","","","","","","","","","","","","","","","","","","","","","","","","","","4450","4800","5270","5690","5910","5850","6250","6620","7060","7290","7720","7800","8190","8280","8940","9770","10870","12560","13840","14000","14380","16540","18190","20570","22310","25560","28180","31550","29900","31180","26190","29100","34690","37900","39260","",
"Peru","PER","GNI per capita, PPP (current international $)","NY.GNP.PCAP.PP.CD","","","","","","","","","","","","","","","","","","","","","","","","","","","","","","","3160","3390","3370","3540","3960","4250","4420","4720","4710","4760","4900","5000","5270","5480","5730","6150","6630","7370","8210","8360","9000","9690","10080","10710","11000","11200","11570","12010","12430","13070","12230","14100","15540","16100","16780","",
"Philippines","PHL","GNI per capita, PPP (current international $)","NY.GNP.PCAP.PP.CD","","","","","","","","","","","","","","","","","","","","","","","","","","","","","","","2570","2610","2650","2720","2870","3010","3190","3380","3600","3660","3680","3800","3920","4120","4410","4710","5000","5370","5630","5750","6110","6320","6770","7120","7460","7680","8200","8630","9250","9820","8860","9170","10730","12190","13330","",
"Palau","PLW","GNI per capita, PPP (current international $)","NY.GNP.PCAP.PP.CD","","","","","","","","","","","","","","","","","","","","","","","","","","","","","","","10780","11420","10680","9360","10020","11060","12120","12280","12400","11670","9460","10340","10770","10960","11690","12370","12930","13540","13380","13290","13290","14450","14900","15060","15830","17040","17290","17630","17700","18290","17790","16390","17420","18320","","",
"Papua New Guinea","PNG","GNI per capita, PPP (current international $)","NY.GNP.PCAP.PP.CD","","","","","","","","","","","","","","","","","","","","","","","","","","","","","","","1660","1830","1980","2310","2440","2350","2430","2330","2180","2160","2110","2060","2020","1980","2060","2220","2220","2440","2450","2500","2700","2640","2870","2860","3440","3430","3640","3740","3690","3770","3780","3730","4160","4320","4580","",
"Poland","POL","GNI per capita, PPP (current international $)","NY.GNP.PCAP.PP.CD","","","","","","","","","","","","","","","","","","","","","","","","","","","","","","","5870","5720","5920","6330","6860","7680","8290","8940","9490","10030","10670","11120","11750","12190","12990","13660","14810","16260","17990","18700","20290","22000","22830","23540","24480","25970","27250","28890","30980","34400","35720","39260","44940","46500","49540","",
"Pre-demographic dividend","PRE","GNI per capita, PPP (current international $)","NY.GNP.PCAP.PP.CD","","","","","","","","","","","","","","","","","","","","","","","","","","","","","","","","","","","","","","","","","","","","","","","","","3216.17335157625","3293.89642480119","3429.62709661987","3555.34775474104","3661.53255538897","3801.57043000428","3973.95721881107","3812.39854935528","3823.32878475083","3892.62859332532","4072.02014269582","4249.78242785789","4133.5156909644","4405.68542908872","4800.20469442922","4969.34019776069","5118.48264214715","",
"Puerto Rico (US)","PRI","GNI per capita, PPP (current international $)","NY.GNP.PCAP.PP.CD","","","","","","","","","","","","","","","","","","","","","","","","","","","","","","","9470","9950","10240","10820","11250","11820","12230","12950","13290","14410","15400","15840","16030","16480","18710","19190","19860","20720","20610","20150","20200","20760","21500","21720","21750","21760","21630","21270","22570","24380","25140","27960","31310","32870","34060","",
"Korea, Dem. People's Rep.","PRK","GNI per capita, PPP (current international $)","NY.GNP.PCAP.PP.CD","","","","","","","","","","","","","","","","","","","","","","","","","","","","","","","","","","","","","","","","","","","","","","","","","","","","","","","","","","","","","","","","","","",
"Portugal","PRT","GNI per capita, PPP (current international $)","NY.GNP.PCAP.PP.CD","","","","","","","","","","","","","","","","","","","","","","","","","","","","","","","11770","12760","13270","13300","13620","14520","15010","15770","16640","17660","18580","19190","20050","20640","21210","22420","23980","25000","25770","25570","26420","26330","25880","27560","28170","28840","30870","32230","34070","36970","35450","38270","44430","48040","50730","",
"Paraguay","PRY","GNI per capita, PPP (current international $)","NY.GNP.PCAP.PP.CD","","","","","","","","","","","","","","","","","","","","","","","","","","","","","","","5210","5160","5320","5950","5860","6280","6700","6690","6640","6490","6060","6160","6350","6190","6660","6980","7720","8670","9390","9280","10320","10950","10460","11630","12120","12180","12850","13500","13650","13720","13820","14840","15820","16950","17930","",
"West Bank and Gaza","PSE","GNI per capita, PPP (current international $)","NY.GNP.PCAP.PP.CD","","","","","","","","","","","","","","","","","","","","","","","","","","","","","","","","","","","2470","2600","2540","2860","3330","3570","3090","2710","2310","2610","3160","3590","3610","3800","4040","4200","4360","4780","5560","5720","5950","6480","6810","6910","7280","7520","6910","6800","7620","7180","4660","",
"Pacific island small states","PSS","GNI per capita, PPP (current international $)","NY.GNP.PCAP.PP.CD","","","","","","","","","","","","","","","","","","","","","","","","","","","","","","","2867.77045377551","2896.51966294489","3027.77274352134","3117.23734681023","3170.95479089116","3371.3931920857","3509.61043190576","3467.84372171762","3495.94170662959","3663.54077102025","3750.35048141736","3779.16124063714","3902.53814347457","3959.90664886355","4196.36406700579","4394.56213588102","4429.5795061181","4513.82589132721","4639.4789593692","4650.921067596","4750.97023957823","4934.71766921197","5112.64522354543","5492.91153836308","6017.499265652","6398.28889335605","6524.76015475722","6720.79430564321","6915.87279241969","6953.13051737346","6180.09643176122","6081.87063683369","7142.23946112893","7863.0142223027","8159.02868940741","",
"Post-demographic dividend","PST","GNI per capita, PPP (current international $)","NY.GNP.PCAP.PP.CD","","","","","","","","","","","","","","","","","","","","","","","","","","","","","","","18041.4682236356","18677.5241927164","19313.1383047242","19863.4110796362","20750.3290647685","21555.8096504594","22477.8026443483","23501.3338244159","24296.1470020373","25382.993815218","27008.3228785664","27982.8255609108","28915.6944021708","29913.8699974061","31589.856198493","33156.7885558746","35279.3300206321","37014.8679948842","37897.5167217756","36946.1577409195","38422.1909203535","39907.076375317","40953.3145428089","42504.438410798","43657.75153967","44737.6482297648","46267.2159747559","48211.1854232176","50262.3549509052","52731.0886634382","51720.7509786242","56869.4757303597","62888.2769980344","66082.5007781202","68499.5019878911","",
"French Polynesia","PYF","GNI per capita, PPP (current international $)","NY.GNP.PCAP.PP.CD","","","","","","","","","","","","","","","","","","","","","","","","","","","","","","","","","","","","","","","","","","","","","","","","","","","","","","","","","","","","","","","","","","",
"Qatar","QAT","GNI per capita, PPP (current international $)","NY.GNP.PCAP.PP.CD","","","","","","","","","","","","","","","","","","","","","","","","","","","","","","","57330","56350","62150","60850","61150","62080","64150","81530","83820","83880","81850","86200","88860","92450","103120","100460","120330","117460","118620","113780","135770","160810","169200","160380","141700","100290","89280","99100","107780","104810","80420","115040","118600","125750","121900","",
"Romania","ROU","GNI per capita, PPP (current international $)","NY.GNP.PCAP.PP.CD","","","","","","","","","","","","","","","","","","","","","","","","","","","","","","","5260","4800","4500","4670","4970","5390","5700","5510","5480","5530","5810","6480","7090","7380","8610","9320","11170","13260","16410","16430","17270","18710","19620","19390","20540","21400","23580","26560","28950","33080","33820","36870","40710","44840","47920","",
"Russian Federation","RUS","GNI per capita, PPP (current international $)","NY.GNP.PCAP.PP.CD","","","","","","","","","","","","","","","","","","","","","","","","","","","","","","","8010","7840","6800","6350","5710","5570","5440","5580","5230","5680","6650","7260","7880","8970","10010","11540","14480","16280","19600","18760","19860","22120","23530","25120","24840","23330","23340","25090","27930","29990","30750","37730","40100","43690","46780","",
"Rwanda","RWA","GNI per capita, PPP (current international $)","NY.GNP.PCAP.PP.CD","","","","","","","","","","","","","","","","","","","","","","","","","","","","","","","550","540","570","520","310","520","490","500","520","550","600","660","750","760","820","910","990","1070","1180","1230","1300","1400","1440","1490","1640","1750","1820","1910","2050","2260","2230","2680","3030","3330","3620","",
"South Asia","SAS","GNI per capita, PPP (current international $)","NY.GNP.PCAP.PP.CD","","","","","","","","","","","","","","","","","","","","","","","","","","","","","","","1184.56901666762","1214.20886505626","1282.28883810257","1349.6129666833","1438.67393584451","1545.61468850241","1655.50421161061","1722.20558701121","1810.76906883996","1952.31140720939","2034.4348331169","2140.28821783424","2221.35058255608","2393.29031061241","2602.29193816559","2845.2188746339","3118.29601952554","3407.93594262987","3540.41731482479","3777.70698948528","4064.44244135925","4322.2328796299","4686.57220339213","4891.18696441016","5084.07376809636","5318.56545852017","5689.1273968624","6032.89218656017","6603.86630633149","7048.78964668759","6912.18193475058","7968.64735398429","9048.77196497398","10085.8134475472","10872.3105843986","",
"Saudi Arabia","SAU","GNI per capita, PPP (current international $)","NY.GNP.PCAP.PP.CD","","","","","","","","","","","","","","","","","","","","","","","","","","","","","","","49350","51820","52350","50960","49440","48990","49320","49610","49790","48350","48770","47250","45420","47790","51320","53620","55190","55880","58250","55890","60470","65640","66750","63920","64410","55590","51050","53970","59930","60110","48210","63440","72470","72020","71730","",
"Sudan","SDN","GNI per capita, PPP (current international $)","NY.GNP.PCAP.PP.CD","","","","","","","","","","","","","","","","","","","","","","","","","","","","","","","1350","1370","1510","1620","1680","1780","1930","2290","2350","2370","2480","2670","2770","2930","3080","3280","3480","3690","3750","3620","3540","3830","3510","3480","4180","4120","4380","4080","3960","3720","3170","3120","3290","2430","2050","",
"Senegal","SEN","GNI per capita, PPP (current international $)","NY.GNP.PCAP.PP.CD","","","","","","","","","","","","","","","","","","","","","","","","","","","","","","","1470","1520","1550","1550","1530","1620","1660","1700","1780","1870","1930","2020","2000","2110","2220","2330","2410","2490","2570","2580","2640","2640","2720","2720","2800","2920","3020","3140","3290","3550","3690","4070","4390","4620","4920","",
"Singapore","SGP","GNI per capita, PPP (current international $)","NY.GNP.PCAP.PP.CD","","","","","","","","","","","","","","","","","","","","","","","","","","","","","","","23580","25140","27040","29430","33100","35340","36610","40060","38110","40400","43510","42820","44190","47480","51090","55490","62320","67000","65240","62780","74590","77300","78460","78610","81610","81210","84570","89490","90880","92580","88500","112700","114430","117340","126190","",
"Solomon Islands","SLB","GNI per capita, PPP (current international $)","NY.GNP.PCAP.PP.CD","","","","","","","","","","","","","","","","","","","","","","","","","","","","","","","1250","1310","1470","1540","1660","1800","1810","1770","1760","1700","1490","1390","1320","1420","1560","1700","1750","1780","1850","1880","2080","2150","2210","2400","2350","2310","2350","2400","2460","2490","2460","2480","2510","2640","2680","",
"Sierra Leone","SLE","GNI per capita, PPP (current international $)","NY.GNP.PCAP.PP.CD","","","","","","","","","","","","","","","","","","","","","","","","","","","","","","","1290","1370","1130","1220","1170","1140","1200","1140","1140","1140","1220","1110","1360","1430","1420","1520","1450","1470","1590","1740","1880","1950","2250","2540","2630","2520","2590","2460","2610","2680","2710","2820","3110","3340","3490","",
"El Salvador","SLV","GNI per capita, PPP (current international $)","NY.GNP.PCAP.PP.CD","","","","","","","","","","","","","","","","","","","","","","","","","","","","","","","2780","2860","3110","3330","3550","3770","3830","3980","4110","4190","4330","4440","4550","4670","4830","5120","5540","5790","6040","5870","6070","6390","6440","6770","7160","7560","8020","8470","8680","9270","8870","10180","11150","11880","12420","",
"San Marino","SMR","GNI per capita, PPP (current international $)","NY.GNP.PCAP.PP.CD","","","","","","","","","","","","","","","","","","","","","","","","","","","","","","","","","","","","","","","","","","","","","","","","","","","","","","","","","","48600","49590","52590","49830","58350","69380","71860","","",
"Somalia, Fed. Rep.","SOM","GNI per capita, PPP (current international $)","NY.GNP.PCAP.PP.CD","","","","","","","","","","","","","","","","","","","","","","","","","","","","","","","","450","450","460","370","380","400","400","410","430","460","480","510","540","570","610","650","690","730","770","810","870","1000","940","1120","1340","1460","1590","1540","1540","1450","1390","1480","1590","1630","",
"Serbia","SRB","GNI per capita, PPP (current international $)","NY.GNP.PCAP.PP.CD","","","","","","","","","","","","","","","","","","","","","","","","","","","","","","","","","","","","","","6050","6460","5900","6420","6810","7530","7980","8640","9290","10330","11340","12770","12850","13050","13770","14050","14680","14740","14850","15580","16210","17570","19530","20400","22550","24910","28230","30770","",
"Sub-Saharan Africa (excluding high income)","SSA","GNI per capita, PPP (current international $)","NY.GNP.PCAP.PP.CD","","","","","","","","","","","","","","","","","","","","","","","","","","","","","","","","","","","","","","","","","","","","","","","","","3576.63134182067","3631.66978906229","3770.16878881843","3910.98179127026","3939.02662474714","4091.9537081387","4321.26687756724","4320.8570569957","4338.01471702413","4457.47065042365","4435.87676095123","4611.08668143294","4537.40118845722","4817.48266926897","5226.21481319679","5413.76834458433","5593.43828214143","",
"South Sudan","SSD","GNI per capita, PPP (current international $)","NY.GNP.PCAP.PP.CD","","","","","","","","","","","","","","","","","","","","","","","","","","","","","","","","","","","","","","","","","","","","","","","","","","","","1560","1360","1810","1180","1010","","","","","","","","","","",
"Sub-Saharan Africa","SSF","GNI per capita, PPP (current international $)","NY.GNP.PCAP.PP.CD","","","","","","","","","","","","","","","","","","","","","","","","","","","","","","","","1989.77289604731","1912.22337456587","1925.07364582106","1945.15674952947","2045.13094961759","2107.72072487489","2198.23248909789","2216.11660424338","2243.176875917","2300.54293480725","2373.47393174072","2445.8389443541","2511.66576863398","2661.64624839156","2837.86824597159","3026.70976023559","3194.15175721909","3302.02287242368","3356.53803045191","3490.40111260631","3627.32551942257","3660.64810257323","3805.48073854804","4035.19528945854","4049.65743746157","4088.10461344216","4209.71746622448","4199.83033518084","4371.71428073946","4321.71539937575","4591.3707261983","4984.70290612101","5175.44566902359","5360.04947729539","",
"Small states","SST","GNI per capita, PPP (current international $)","NY.GNP.PCAP.PP.CD","","","","","","","","","","","","","","","","","","","","","","","","","","","","","","","6498.14639490432","6638.62059638483","6732.57038299033","6896.01968347497","7152.86820649321","7577.43205027807","7930.2677915286","8323.47881467682","8601.78179828977","8866.6673002439","9391.4314823127","9813.04006902938","10300.2003772951","10853.227967282","11563.5289942097","12300.9751381163","13469.625998917","14450.3717034125","15116.1596344691","14542.0512962866","14934.9489164823","15567.0533935193","16049.0622777855","16415.9971211415","16699.6858494008","16750.1761610017","17027.5763505371","18038.5698048234","18654.2101238616","19930.8441738501","18587.0908725135","20458.5344096499","22997.811166433","25436.3944343137","26829.4853583769","",
"Sao Tome and Principe","STP","GNI per capita, PPP (current international $)","NY.GNP.PCAP.PP.CD","","","","","","","","","","","","","","","","","","","","","","","","","","","","","","","1380","1380","1390","1410","1450","1470","1530","1530","1550","1630","1680","1820","1870","2040","2110","2280","2600","2730","2800","2840","2850","2910","2640","2980","3320","3210","3350","3430","3960","4650","5200","5760","6150","6210","6240","",
"Suriname","SUR","GNI per capita, PPP (current international $)","NY.GNP.PCAP.PP.CD","","","","","","","","","","","","","","","","","","","","","","","","","","","","","","","6470","6830","6980","6580","6930","6980","7000","7260","7370","7130","7240","7090","7790","8280","9060","9830","10580","11520","12170","12410","12730","13100","14600","15760","16370","16500","13740","15620","16110","17840","15030","16190","18470","19160","20000","",
"Slovak Republic","SVK","GNI per capita, PPP (current international $)","NY.GNP.PCAP.PP.CD","","","","","","","","","","","","","","","","","","","","","","","","","","","","","","","8030","7060","6750","7420","8020","8860","9570","10160","10690","10680","11320","12370","13260","13400","14580","16150","18380","20640","23290","22950","24840","25290","26550","27850","28770","29400","29080","29690","31000","33160","35000","37240","40300","45010","47040","",
"Slovenia","SVN","GNI per capita, PPP (current international $)","NY.GNP.PCAP.PP.CD","","","","","","","","","","","","","","","","","","","","","","","","","","","","","","","12270","11570","11220","11880","13000","13710","14320","15250","15970","16990","17850","18750","19830","20690","22270","23460","25250","26830","28690","26770","27210","28320","28340","29240","30300","30390","32800","35640","38180","41860","41690","45500","51540","55540","56520","",
"Sweden","SWE","GNI per capita, PPP (current international $)","NY.GNP.PCAP.PP.CD","","","","","","","","","","","","","","","","","","","","","","","","","","","","","","","19890","20050","19900","19720","21140","22460","23300","24160","25340","27460","29660","29970","31080","32330","34000","34670","38660","42060","43380","41060","43190","45340","46260","47160","47820","49120","50420","52210","54080","58700","59540","65080","69790","72190","75000","",
"Eswatini","SWZ","GNI per capita, PPP (current international $)","NY.GNP.PCAP.PP.CD","","","","","","","","","","","","","","","","","","","","","","","","","","","","","","","3350","3410","3480","3480","3490","3940","4210","4330","4270","4490","4490","4830","4750","4920","5310","6100","6350","6810","6900","6860","6940","7100","7240","7870","8000","8050","8020","8020","7950","8280","8460","9240","9790","10550","10760","",
"Sint Maarten (Dutch part)","SXM","GNI per capita, PPP (current international $)","NY.GNP.PCAP.PP.CD","","","","","","","","","","","","","","","","","","","","","","","","","","","","","","","","","","","","","","","","","","","","","","","","","","35250","36450","38450","34510","35450","42140","43280","43720","43620","40710","44100","37930","39280","47320","50170","51990","",
"Seychelles","SYC","GNI per capita, PPP (current international $)","NY.GNP.PCAP.PP.CD","","","","","","","","","","","","","","","","","","","","","","","","","","","","","","","8650","9130","10040","10780","10610","10420","11600","13180","13230","13330","13930","14230","13230","13330","14310","16000","17670","18190","17360","17260","17940","20270","22200","21100","23400","23960","26810","28610","30560","32850","29950","28720","29030","30920","32180","",
"Syrian Arab Republic","SYR","GNI per capita, PPP (current international $)","NY.GNP.PCAP.PP.CD","","","","","","","","","","","","","","","","","","","","","","","","","","","","","","","","","","","","","","","","","","","","","","","","","","","","","","","","","","3150","3330","3370","3580","4430","4610","","","",
"Turks and Caicos Islands","TCA","GNI per capita, PPP (current international $)","NY.GNP.PCAP.PP.CD","","","","","","","","","","","","","","","","","","","","","","","","","","","","","","","","","","","","","","","","","","","","","","","","","","","","","","","24170","25880","28760","30150","31090","30540","19540","25160","29880","35400","37440","",
"Chad","TCD","GNI per capita, PPP (current international $)","NY.GNP.PCAP.PP.CD","","","","","","","","","","","","","","","","","","","","","","","","","","","","","","","960","1040","1110","910","1020","1010","1010","1040","1100","1060","1030","1140","1200","1210","1600","1850","1820","1910","1910","2020","2260","2340","2390","2040","2060","2320","2090","2080","2200","2320","2160","2410","2600","2670","2710","",
"East Asia & Pacific (IDA & IBRD countries)","TEA","GNI per capita, PPP (current international $)","NY.GNP.PCAP.PP.CD","","","","","","","","","","","","","","","","","","","","","","","","","","","","","","","1457.87599637012","1600.11667983871","1779.89195601877","1989.74024985192","2218.19393664735","2431.31068084619","2662.26584231778","2857.99378074835","2870.97041324862","3043.88469687255","3312.95636345521","3585.30478193845","3900.85351697599","4287.28625535589","4753.52603514421","5309.39721695766","6025.09750202871","6882.63063261047","7558.45593380924","8071.03751933733","8868.16376575821","9690.36608487208","10574.708955506","11177.8627408709","11835.3026716108","12175.4114579065","12773.4700354231","13554.5759080512","14630.0776839019","15751.6083368684","16032.8246860397","17966.577995288","19916.336073399","21710.0568454724","23327.6172284906","",
"Europe & Central Asia (IDA & IBRD countries)","TEC","GNI per capita, PPP (current international $)","NY.GNP.PCAP.PP.CD","","","","","","","","","","","","","","","","","","","","","","","","","","","","","","","6868.49958263151","6693.47159097055","6181.09148084033","6031.64664795134","5586.55736855446","5678.51438279137","5786.64835656435","6045.38645152683","5640.10494413971","5837.78651247022","6458.33295590874","6852.06476259621","7333.06071766556","7975.49537201429","8897.61581060125","9878.39853237549","11624.486131637","13009.6996424066","14828.1841523032","14431.5689488547","15472.4271676457","17002.6436930481","18002.6013279253","19216.5342516305","19676.8381197894","19580.5857877844","20053.9065383701","21422.4423710882","22946.3850696397","24691.7320687462","25295.9173129066","29069.9337380735","32275.6782248679","35108.4665540917","37436.323821797","",
"Togo","TGO","GNI per capita, PPP (current international $)","NY.GNP.PCAP.PP.CD","","","","","","","","","","","","","","","","","","","","","","","","","","","","","","","1090","1090","1050","930","1050","1120","1200","1350","1300","1310","1300","1300","1340","1430","1410","1350","1390","1380","1420","1470","1530","1690","1650","1720","1820","1930","1950","1990","2070","2220","2400","2640","2940","3160","3380","",
"Thailand","THA","GNI per capita, PPP (current international $)","NY.GNP.PCAP.PP.CD","","","","","","","","","","","","","","","","","","","","","","","","","","","","","","","4390","4840","5250","5740","6230","6770","7140","6930","6330","6690","7150","7420","7860","8460","9130","9710","10510","11320","11620","11540","12390","12910","13950","14240","14570","14980","15890","16790","17960","19230","18740","19540","21530","22930","23960","",
"Tajikistan","TJK","GNI per capita, PPP (current international $)","NY.GNP.PCAP.PP.CD","","","","","","","","","","","","","","","","","","","","","","","","","","","","","","","2580","2420","1720","1450","990","970","780","830","880","920","990","1090","1210","1330","1510","1920","2210","2500","2730","2600","2830","3130","3420","3840","3910","3520","3370","3460","3550","4010","4270","4800","5990","6190","7100","",
"Turkmenistan","TKM","GNI per capita, PPP (current international $)","NY.GNP.PCAP.PP.CD","","","","","","","","","","","","","","","","","","","","","","","","","","","","","","","5360","5120","4350","4440","3740","3420","3650","3280","3450","3980","4060","4310","4300","4480","4720","5110","5790","6700","7490","7770","8220","9290","9990","10700","11350","11970","12580","12730","13760","15260","15010","16330","18100","19670","21020","",
"Latin America & the Caribbean (IDA & IBRD countries)","TLA","GNI per capita, PPP (current international $)","NY.GNP.PCAP.PP.CD","","","","","","","","","","","","","","","","","","","","","","","","","","","","","","","6072.62468943452","6430.72049682827","6669.38494297421","6852.67999506192","7160.15784102592","7330.81266231557","7616.51012800565","8038.66791569524","8199.32717455193","8159.21901823167","8523.20862767903","8639.56733288435","8647.57334311286","8861.88726540707","9468.2231781883","10090.7660552556","11065.6086229661","11902.3905262268","12523.5614497097","12287.1319034967","13002.6357206064","13865.8755207148","14190.2404845915","14718.8942606704","15028.6484311052","14864.6594453987","15091.9666628362","15719.6552891697","16306.5746541082","16716.7300927283","16115.9984939703","18005.6488082852","20070.0504704856","21289.5038852946","22200.6975862893","",
"Timor-Leste","TLS","GNI per capita, PPP (current international $)","NY.GNP.PCAP.PP.CD","","","","","","","","","","","","","","","","","","","","","","","","","","","","","","","1380","1540","1700","1870","1980","2100","2250","2320","2230","1650","2080","2150","2290","1830","2130","2620","3950","5500","8430","6280","7370","9080","8880","7630","6590","5450","4590","4930","5120","6430","6720","6520","5460","5300","5040","",
"Middle East, North Africa, Afghanistan & Pakistan (IDA & IBRD)","TMN","GNI per capita, PPP (current international $)","NY.GNP.PCAP.PP.CD","","","","","","","","","","","","","","","","","","","","","","","","","","","","","","","3699.5446476051","3990.01688198939","4165.34920057266","4206.81465658391","4253.45884140849","4360.07020451387","4591.05486876255","4706.5715810228","4914.6147491455","5046.67123587642","5375.98489176027","5550.18329722047","5697.5016595296","5838.09008652334","6321.50908444682","6675.25975799407","7123.75926559803","7618.30295550718","7842.62396201096","7892.52024930669","8163.3416369615","8171.03610337898","8356.28153557381","8316.95390270682","8205.91701949906","7898.6266826972","8022.57746741373","8347.78270061163","8661.4457776706","8644.21479695175","8772.22374878977","9292.57133765202","10231.8851766888","10712.4241846628","11049.1225440537","",
"Tonga","TON","GNI per capita, PPP (current international $)","NY.GNP.PCAP.PP.CD","","","","","","","","","","","","","","","","","","","","","","","","","","","","","","","2480","2700","2750","2900","3230","3410","3490","3510","3670","3750","3880","3970","4250","4250","4280","4300","4400","4380","4680","4520","4610","5000","5140","5250","5370","5530","6010","6480","6700","6890","7150","7280","7630","8400","","",
"South Asia (IDA & IBRD)","TSA","GNI per capita, PPP (current international $)","NY.GNP.PCAP.PP.CD","","","","","","","","","","","","","","","","","","","","","","","","","","","","","","","1184.56901666762","1214.20886505626","1282.28883810257","1349.6129666833","1438.67393584451","1545.61468850241","1655.50421161061","1722.20558701121","1810.76906883996","1952.31140720939","2034.4348331169","2140.28821783424","2221.35058255608","2393.29031061241","2602.29193816559","2845.2188746339","3118.29601952554","3407.93594262987","3540.41731482479","3777.70698948528","4064.44244135925","4322.2328796299","4686.57220339213","4891.18696441016","5084.07376809636","5318.56545852017","5689.1273968624","6032.89218656017","6603.86630633149","7048.78964668759","6912.18193475058","7968.64735398429","9048.77196497398","10085.8134475472","10872.3105843986","",
"Sub-Saharan Africa (IDA & IBRD countries)","TSS","GNI per capita, PPP (current international $)","NY.GNP.PCAP.PP.CD","","","","","","","","","","","","","","","","","","","","","","","","","","","","","","","","1989.77289604731","1912.22337456587","1925.07364582106","1945.15674952947","2045.13094961759","2107.72072487489","2198.23248909789","2216.11660424338","2243.176875917","2300.54293480725","2373.47393174072","2445.8389443541","2511.66576863398","2661.64624839156","2837.86824597159","3026.70976023559","3194.15175721909","3302.02287242368","3356.53803045191","3490.40111260631","3627.32551942257","3660.64810257323","3805.48073854804","4035.19528945854","4049.65743746157","4088.10461344216","4209.71746622448","4199.83033518084","4371.71428073946","4321.71539937575","4591.3707261983","4984.70290612101","5175.44566902359","5360.04947729539","",
"Trinidad and Tobago","TTO","GNI per capita, PPP (current international $)","NY.GNP.PCAP.PP.CD","","","","","","","","","","","","","","","","","","","","","","","","","","","","","","","6340","6670","7460","7640","7910","8430","9000","10050","11070","12060","12880","13890","15280","17610","20060","22370","25970","28040","29450","28030","29280","27630","29190","30000","30150","29560","27720","28540","27830","28560","25380","29990","30980","35320","36580","",
"Tunisia","TUN","GNI per capita, PPP (current international $)","NY.GNP.PCAP.PP.CD","","","","","","","","","","","","","","","","","","","","","","","","","","","","","","","3670","3830","4120","4160","4330","4490","4810","5110","5370","5710","6020","6330","6450","6840","7370","7720","8350","9010","9450","9760","10080","9970","10190","10220","10580","10500","10760","11020","11550","12170","11530","12120","13260","13670","14230","",
"Turkiye","TUR","GNI per capita, PPP (current international $)","NY.GNP.PCAP.PP.CD","","","","","","","","","","","","","","","","","","","","","","","","","","","","","","","8110","8310","8860","9640","9090","9830","10500","11380","8670","8350","9190","8790","8980","9310","10610","11680","13410","14810","15980","15380","17320","19550","20580","22270","23980","25600","26450","28000","28240","28570","28870","31700","39190","42360","45110","",
"Tuvalu","TUV","GNI per capita, PPP (current international $)","NY.GNP.PCAP.PP.CD","","","","","","","","","","","","","","","","","","","","","","","","","","","","","","","3290","3480","3680","3510","4120","4010","3640","4330","4700","4560","4030","4780","6010","4180","4590","4580","4510","5290","5250","5310","4700","4720","4120","5020","4510","5840","5860","5860","6420","6950","6970","7220","7630","8320","","",
"Tanzania","TZA","GNI per capita, PPP (current international $)","NY.GNP.PCAP.PP.CD","","","","","","","","","","","","","","","","","","","","","","","","","","","","","","","900","930","930","930","940","960","1020","1050","1070","1110","1150","1200","1290","1360","1460","1570","1710","1800","1890","1950","2030","2170","2050","2140","2200","2280","2390","2430","2700","2930","3230","3430","3730","3940","4130","",
"Uganda","UGA","GNI per capita, PPP (current international $)","NY.GNP.PCAP.PP.CD","","","","","","","","","","","","","","","","","","","","","","","","","","","","","","","660","700","710","760","800","890","960","1010","1040","1100","1110","1150","1240","1300","1380","1470","1630","1770","1910","1980","2060","2230","1990","2000","2090","2150","2130","2110","2250","2380","2480","2630","2860","3020","3190","",
"Ukraine","UKR","GNI per capita, PPP (current international $)","NY.GNP.PCAP.PP.CD","","","","","","","","","","","","","","","","","","","","","","","","","","","","","","","7760","7300","6560","5630","4520","4080","3760","3750","3720","3760","3960","4510","4870","5490","6370","6820","7550","8500","8840","7550","8140","8680","9450","10740","10370","10340","10980","11700","12680","14390","15880","17330","15540","18160","18560","",
"Upper middle income","UMC","GNI per capita, PPP (current international $)","NY.GNP.PCAP.PP.CD","","","","","","","","","","","","","","","","","","","","","","","","","","","","","","","3116.69704261903","3311.53013989146","3481.89119159782","3676.65299274117","3861.24138742119","4063.77070030781","4338.71525024642","4611.03371825165","4607.68871001029","4751.40714662029","5112.30832165053","5369.48571919576","5677.59760111983","6069.03115654158","6659.42452902738","7282.98785273592","8147.23278194744","9096.4700173706","9813.63901277236","10116.9496744336","10989.3248050808","11866.7754542256","12599.7779849928","13204.0454935418","13746.1286646175","13854.5757107548","14360.3428754759","15136.1967218707","16055.6017278514","16958.3243725774","17094.5283536913","19191.3489577195","21319.9123828639","23082.5094558493","24553.0272150535","",
"Uruguay","URY","GNI per capita, PPP (current international $)","NY.GNP.PCAP.PP.CD","","","","","","","","","","","","","","","","","","","","","","","","","","","","","","","6460","6960","7680","8040","8740","8770","9400","10380","10910","10920","10900","10680","10090","9880","10620","11940","12890","14080","15240","15900","17230","18520","18110","19630","20540","21230","21780","22310","23020","24520","24340","26480","29930","32100","34170","",
"United States","USA","GNI per capita, PPP (current international $)","NY.GNP.PCAP.PP.CD","","","","","","","","","","","","","","","","","","","","","","","","","","","","","","","24030","24470","25540","26510","27780","28800","30080","31540","32920","34630","36470","37310","38160","39690","41990","44380","46460","48370","49050","47680","49310","50790","52450","54020","55890","57530","58690","60940","63760","66080","65040","71770","78310","82600","85980","",
"Uzbekistan","UZB","GNI per capita, PPP (current international $)","NY.GNP.PCAP.PP.CD","","","","","","","","","","","","","","","","","","","","","","","","","","","","","","","2660","2680","2360","2310","2190","2170","2200","2300","2400","2500","2600","2740","2860","3010","3310","3610","3940","4560","5060","5260","5600","6060","6240","6520","6700","6910","6990","7950","8340","8640","8470","9290","10410","11210","12000","",
"St. Vincent and the Grenadines","VCT","GNI per capita, PPP (current international $)","NY.GNP.PCAP.PP.CD","","","","","","","","","","","","","","","","","","","","","","","","","","","","","","","3770","3930","4340","4630","4610","5080","5280","5510","5790","5940","6200","6510","6980","7510","7990","8500","9530","10260","10560","10670","10380","10580","10930","11570","11630","12070","13360","13500","14660","15310","15200","15900","17850","19860","21150","",
"Venezuela, RB","VEN","GNI per capita, PPP (current international $)","NY.GNP.PCAP.PP.CD","","","","","","","","","","","","","","","","","","","","","","","","","","","","","","","11480","12760","13330","13380","13020","13610","13550","14310","14240","13460","14040","14520","13050","12100","14380","16310","18320","20410","21440","20430","20030","20800","","","","","","","","","","","","","","",
"British Virgin Islands","VGB","GNI per capita, PPP (current international $)","NY.GNP.PCAP.PP.CD","","","","","","","","","","","","","","","","","","","","","","","","","","","","","","","","","","","","","","","","","","","","","","","","","","","","","","","","","","","","","","","","","","",
"Virgin Islands (U.S.)","VIR","GNI per capita, PPP (current international $)","NY.GNP.PCAP.PP.CD","","","","","","","","","","","","","","","","","","","","","","","","","","","","","","","","","","","","","","","","","","","","","","","","","","","","","","","","","","","","","","","","","","",
"Viet Nam","VNM","GNI per capita, PPP (current international $)","NY.GNP.PCAP.PP.CD","","","","","","","","","","","","","","","","","","","","","","","","","","","","","","","1150","1240","1380","1490","1640","1840","2010","2160","2270","2390","2580","2780","2960","3200","3490","3840","4170","4480","4730","4890","5220","5620","6170","6530","7020","7280","7910","8620","9500","10480","11110","11430","13240","14260","15850","",
"Vanuatu","VUT","GNI per capita, PPP (current international $)","NY.GNP.PCAP.PP.CD","","","","","","","","","","","","","","","","","","","","","","","","","","","","","","","1660","1520","1510","1530","1620","1660","1750","1850","2020","2040","2100","2090","1910","1980","2050","2140","2380","2450","2690","2630","2650","2750","2670","2830","2940","3020","3100","3150","3330","3790","3470","3590","3970","4060","4140","",
"World","WLD","GNI per capita, PPP (current international $)","NY.GNP.PCAP.PP.CD","","","","","","","","","","","","","","","","","","","","","","","","","","","","","","","5568.56773793529","5755.21243327171","5918.69383860522","6090.17988230162","6318.72362045004","6566.88032213657","6853.43927777394","7153.97421048209","7283.75083165681","7535.54099463315","7994.90333833723","8275.59326466191","8551.70040218574","8921.28448348709","9527.68293967768","10135.1678785412","10977.7229049227","11753.8281671348","12279.4489555986","12235.8638122052","12887.7074915056","13566.6396408333","14120.7634231898","14638.1666842015","15064.9901223951","15216.3809679695","15668.3259626154","16374.6477570943","17215.3023718026","18057.1085452358","17807.8154611942","19736.1704121537","21828.5873519854","23220.9919387415","24359.90719817","",
"Samoa","WSM","GNI per capita, PPP (current international $)","NY.GNP.PCAP.PP.CD","","","","","","","","","","","","","","","","","","","","","","","","","","","","","","","2910","2900","2840","3040","2040","2160","2430","2470","2540","2650","2890","3120","3300","3520","3720","4060","4270","4410","4630","4670","5080","5290","5150","5200","5260","5570","6010","6100","6110","6380","6250","6250","6740","8100","8620","",
"Kosovo","XKX","GNI per capita, PPP (current international $)","NY.GNP.PCAP.PP.CD","","","","","","","","","","","","","","","","","","","","","","","","","","","","","","","","","","","","","","","","","","","","","","","","","6650","6850","7300","7970","8150","8280","8380","8860","9270","9570","10190","11110","10790","12600","14130","16130","18290","",
"Yemen, Rep.","YEM","GNI per capita, PPP (current international $)","NY.GNP.PCAP.PP.CD","","","","","","","","","","","","","","","","","","","","","","","","","","","","","","","1730","1780","1920","1980","2070","2110","2070","2140","2300","2260","2410","2510","2560","2600","2660","2810","3000","3090","3130","3250","3390","2890","2870","3020","","","","","","","","","","","","",
"South Africa","ZAF","GNI per capita, PPP (current international $)","NY.GNP.PCAP.PP.CD","","","","","","","","","","","","","","","","","","","","","","","","","","","","","","","6170","6230","6150","6260","6510","6760","7070","7290","7310","7500","7930","8200","8600","8930","9550","10260","11060","11690","12170","12010","12390","12840","12660","13050","13030","13090","13170","13360","12970","13030","12460","13420","14440","15000","15150","",
"Zambia","ZMB","GNI per capita, PPP (current international $)","NY.GNP.PCAP.PP.CD","","","","","","","","","","","","","","","","","","","","","","","","","","","","","","","1390","1360","1360","1480","1370","1410","1490","1540","1500","1570","1630","1710","1770","1890","1940","2050","2160","2270","2500","2790","2890","3070","3270","3330","3370","3270","3210","3240","3390","3300","3070","3200","3630","3830","3850","",
"Zimbabwe","ZWE","GNI per capita, PPP (current international $)","NY.GNP.PCAP.PP.CD","","","","","","","","","","","","","","","","","","","","","","","","","","","","","","","2520","2650","2350","2420","2660","2670","3030","3010","2950","3000","2930","3070","2860","2430","2250","2170","2070","1950","1440","2170","2570","2920","3360","3660","3780","3970","4030","10480","3940","4120","4120","4750","5310","5730","5870","",
