STRUCTURE,STRUCTURE_ID,STRUCTURE_NAME,ACTION,REF_AREA,Reference area,MEASURE,Measure,UNIT_MEASURE,Unit of measure,PAY_PERIOD,Pay period,PRICE_BASE,Price base,AGGREGATION_OPERATION,Aggregation operation,SEX,Sex,TIME_PERIOD,Time period,OBS_VALUE,Observation value,BASE_PER,Base period,OBS_STATUS,Observation status,UNIT_MULT,Unit multiplier,DECIMALS,Decimals
DATAFLOW,OECD.ELS.SAE:DSD_EARNINGS@RMW(1.0),Real minimum wages at constant prices,I,AUS,Australia,SM_WG,Statutory minimum wages,USD_PPP,"US dollars, PPP converted",A,Annual,Q,Constant prices,_Z,Not applicable,_Z,Not applicable,1985,,27566.70164,,2024,,A,Normal value,0,Units,0,Zero
DATAFLOW,OECD.ELS.SAE:DSD_EARNINGS@RMW(1.0),Real minimum wages at constant prices,I,AUS,Australia,SM_WG,Statutory minimum wages,USD_PPP,"US dollars, PPP converted",A,Annual,Q,Constant prices,_Z,Not applicable,_Z,Not applicable,1986,,25920.21752,,2024,,A,Normal value,0,Units,0,Zero
DATAFLOW,OECD.ELS.SAE:DSD_EARNINGS@RMW(1.0),Real minimum wages at constant prices,I,AUS,Australia,SM_WG,Statutory minimum wages,USD_PPP,"US dollars, PPP converted",A,Annual,Q,Constant prices,_Z,Not applicable,_Z,Not applicable,1987,,25268.0829,,2024,,A,Normal value,0,Units,0,Zero
DATAFLOW,OECD.ELS.SAE:DSD_EARNINGS@RMW(1.0),Real minimum wages at constant prices,I,AUS,Australia,SM_WG,Statutory minimum wages,USD_PPP,"US dollars, PPP converted",A,Annual,Q,Constant prices,_Z,Not applicable,_Z,Not applicable,1988,,25123.8865,,2024,,A,Normal value,0,Units,0,Zero
DATAFLOW,OECD.ELS.SAE:DSD_EARNINGS@RMW(1.0),Real minimum wages at constant prices,I,AUS,Australia,SM_WG,Statutory minimum wages,USD_PPP,"US dollars, PPP converted",A,Annual,Q,Constant prices,_Z,Not applicable,_Z,Not applicable,1989,,24951.82905,,2024,,A,Normal value,0,Units,0,Zero
DATAFLOW,OECD.ELS.SAE:DSD_EARNINGS@RMW(1.0),Real minimum wages at constant prices,I,AUS,Australia,SM_WG,Statutory minimum wages,USD_PPP,"US dollars, PPP converted",A,Annual,Q,Constant prices,_Z,Not applicable,_Z,Not applicable,1990,,24926.83652,,2024,,A,Normal value,0,Units,0,Zero
DATAFLOW,OECD.ELS.SAE:DSD_EARNINGS@RMW(1.0),Real minimum wages at constant prices,I,AUS,Australia,SM_WG,Statutory minimum wages,USD_PPP,"US dollars, PPP converted",A,Annual,Q,Constant prices,_Z,Not applicable,_Z,Not applicable,1991,,26002.4891,,2024,,A,Normal value,0,Units,0,Zero
DATAFLOW,OECD.ELS.SAE:DSD_EARNINGS@RMW(1.0),Real minimum wages at constant prices,I,AUS,Australia,SM_WG,Statutory minimum wages,USD_PPP,"US dollars, PPP converted",A,Annual,Q,Constant prices,_Z,Not applicable,_Z,Not applicable,1992,,26990.62191,,2024,,A,Normal value,0,Units,0,Zero
DATAFLOW,OECD.ELS.SAE:DSD_EARNINGS@RMW(1.0),Real minimum wages at constant prices,I,AUS,Australia,SM_WG,Statutory minimum wages,USD_PPP,"US dollars, PPP converted",A,Annual,Q,Constant prices,_Z,Not applicable,_Z,Not applicable,1993,,26828.28673,,2024,,A,Normal value,0,Units,0,Zero
DATAFLOW,OECD.ELS.SAE:DSD_EARNINGS@RMW(1.0),Real minimum wages at constant prices,I,AUS,Australia,SM_WG,Statutory minimum wages,USD_PPP,"US dollars, PPP converted",A,Annual,Q,Constant prices,_Z,Not applicable,_Z,Not applicable,1994,,26740.77755,,2024,,A,Normal value,0,Units,0,Zero
DATAFLOW,OECD.ELS.SAE:DSD_EARNINGS@RMW(1.0),Real minimum wages at constant prices,I,AUS,Australia,SM_WG,Statutory minimum wages,USD_PPP,"US dollars, PPP converted",A,Annual,Q,Constant prices,_Z,Not applicable,_Z,Not applicable,1995,,26176.23235,,2024,,A,Normal value,0,Units,0,Zero
DATAFLOW,OECD.ELS.SAE:DSD_EARNINGS@RMW(1.0),Real minimum wages at constant prices,I,AUS,Australia,SM_WG,Statutory minimum wages,USD_PPP,"US dollars, PPP converted",A,Annual,Q,Constant prices,_Z,Not applicable,_Z,Not applicable,1996,,26111.53239,,2024,,A,Normal value,0,Units,0,Zero
DATAFLOW,OECD.ELS.SAE:DSD_EARNINGS@RMW(1.0),Real minimum wages at constant prices,I,AUS,Australia,SM_WG,Statutory minimum wages,USD_PPP,"US dollars, PPP converted",A,Annual,Q,Constant prices,_Z,Not applicable,_Z,Not applicable,1997,,26753.75578,,2024,,A,Normal value,0,Units,0,Zero
DATAFLOW,OECD.ELS.SAE:DSD_EARNINGS@RMW(1.0),Real minimum wages at constant prices,I,AUS,Australia,SM_WG,Statutory minimum wages,USD_PPP,"US dollars, PPP converted",A,Annual,Q,Constant prices,_Z,Not applicable,_Z,Not applicable,1998,,27469.72123,,2024,,A,Normal value,0,Units,0,Zero
DATAFLOW,OECD.ELS.SAE:DSD_EARNINGS@RMW(1.0),Real minimum wages at constant prices,I,AUS,Australia,SM_WG,Statutory minimum wages,USD_PPP,"US dollars, PPP converted",A,Annual,Q,Constant prices,_Z,Not applicable,_Z,Not applicable,1999,,27998.58571,,2024,,A,Normal value,0,Units,0,Zero
DATAFLOW,OECD.ELS.SAE:DSD_EARNINGS@RMW(1.0),Real minimum wages at constant prices,I,AUS,Australia,SM_WG,Statutory minimum wages,USD_PPP,"US dollars, PPP converted",A,Annual,Q,Constant prices,_Z,Not applicable,_Z,Not applicable,2000,,27787.69634,,2024,,A,Normal value,0,Units,0,Zero
DATAFLOW,OECD.ELS.SAE:DSD_EARNINGS@RMW(1.0),Real minimum wages at constant prices,I,AUS,Australia,SM_WG,Statutory minimum wages,USD_PPP,"US dollars, PPP converted",A,Annual,Q,Constant prices,_Z,Not applicable,_Z,Not applicable,2001,,27533.79278,,2024,,A,Normal value,0,Units,0,Zero
DATAFLOW,OECD.ELS.SAE:DSD_EARNINGS@RMW(1.0),Real minimum wages at constant prices,I,AUS,Australia,SM_WG,Statutory minimum wages,USD_PPP,"US dollars, PPP converted",A,Annual,Q,Constant prices,_Z,Not applicable,_Z,Not applicable,2002,,27805.03085,,2024,,A,Normal value,0,Units,0,Zero
DATAFLOW,OECD.ELS.SAE:DSD_EARNINGS@RMW(1.0),Real minimum wages at constant prices,I,AUS,Australia,SM_WG,Statutory minimum wages,USD_PPP,"US dollars, PPP converted",A,Annual,Q,Constant prices,_Z,Not applicable,_Z,Not applicable,2003,,28167.83267,,2024,,A,Normal value,0,Units,0,Zero
DATAFLOW,OECD.ELS.SAE:DSD_EARNINGS@RMW(1.0),Real minimum wages at constant prices,I,AUS,Australia,SM_WG,Statutory minimum wages,USD_PPP,"US dollars, PPP converted",A,Annual,Q,Constant prices,_Z,Not applicable,_Z,Not applicable,2004,,28662.21385,,2024,,A,Normal value,0,Units,0,Zero
DATAFLOW,OECD.ELS.SAE:DSD_EARNINGS@RMW(1.0),Real minimum wages at constant prices,I,AUS,Australia,SM_WG,Statutory minimum wages,USD_PPP,"US dollars, PPP converted",A,Annual,Q,Constant prices,_Z,Not applicable,_Z,Not applicable,2005,,28894.61942,,2024,,A,Normal value,0,Units,0,Zero
DATAFLOW,OECD.ELS.SAE:DSD_EARNINGS@RMW(1.0),Real minimum wages at constant prices,I,AUS,Australia,SM_WG,Statutory minimum wages,USD_PPP,"US dollars, PPP converted",A,Annual,Q,Constant prices,_Z,Not applicable,_Z,Not applicable,2006,,28452.33677,,2024,,A,Normal value,0,Units,0,Zero
DATAFLOW,OECD.ELS.SAE:DSD_EARNINGS@RMW(1.0),Real minimum wages at constant prices,I,AUS,Australia,SM_WG,Statutory minimum wages,USD_PPP,"US dollars, PPP converted",A,Annual,Q,Constant prices,_Z,Not applicable,_Z,Not applicable,2007,,29395.94937,,2024,,A,Normal value,0,Units,0,Zero
DATAFLOW,OECD.ELS.SAE:DSD_EARNINGS@RMW(1.0),Real minimum wages at constant prices,I,AUS,Australia,SM_WG,Statutory minimum wages,USD_PPP,"US dollars, PPP converted",A,Annual,Q,Constant prices,_Z,Not applicable,_Z,Not applicable,2008,,28881.11014,,2024,,A,Normal value,0,Units,0,Zero
DATAFLOW,OECD.ELS.SAE:DSD_EARNINGS@RMW(1.0),Real minimum wages at constant prices,I,AUS,Australia,SM_WG,Statutory minimum wages,USD_PPP,"US dollars, PPP converted",A,Annual,Q,Constant prices,_Z,Not applicable,_Z,Not applicable,2009,,29252.64939,,2024,,A,Normal value,0,Units,0,Zero
DATAFLOW,OECD.ELS.SAE:DSD_EARNINGS@RMW(1.0),Real minimum wages at constant prices,I,AUS,Australia,SM_WG,Statutory minimum wages,USD_PPP,"US dollars, PPP converted",A,Annual,Q,Constant prices,_Z,Not applicable,_Z,Not applicable,2010,,29105.67253,,2024,,A,Normal value,0,Units,0,Zero
DATAFLOW,OECD.ELS.SAE:DSD_EARNINGS@RMW(1.0),Real minimum wages at constant prices,I,AUS,Australia,SM_WG,Statutory minimum wages,USD_PPP,"US dollars, PPP converted",A,Annual,Q,Constant prices,_Z,Not applicable,_Z,Not applicable,2011,,29325.90295,,2024,,A,Normal value,0,Units,0,Zero
DATAFLOW,OECD.ELS.SAE:DSD_EARNINGS@RMW(1.0),Real minimum wages at constant prices,I,AUS,Australia,SM_WG,Statutory minimum wages,USD_PPP,"US dollars, PPP converted",A,Annual,Q,Constant prices,_Z,Not applicable,_Z,Not applicable,2012,,29725.30916,,2024,,A,Normal value,0,Units,0,Zero
DATAFLOW,OECD.ELS.SAE:DSD_EARNINGS@RMW(1.0),Real minimum wages at constant prices,I,AUS,Australia,SM_WG,Statutory minimum wages,USD_PPP,"US dollars, PPP converted",A,Annual,Q,Constant prices,_Z,Not applicable,_Z,Not applicable,2013,,29813.39406,,2024,,A,Normal value,0,Units,0,Zero
DATAFLOW,OECD.ELS.SAE:DSD_EARNINGS@RMW(1.0),Real minimum wages at constant prices,I,AUS,Australia,SM_WG,Statutory minimum wages,USD_PPP,"US dollars, PPP converted",A,Annual,Q,Constant prices,_Z,Not applicable,_Z,Not applicable,2014,,29906.51355,,2024,,A,Normal value,0,Units,0,Zero
DATAFLOW,OECD.ELS.SAE:DSD_EARNINGS@RMW(1.0),Real minimum wages at constant prices,I,AUS,Australia,SM_WG,Statutory minimum wages,USD_PPP,"US dollars, PPP converted",A,Annual,Q,Constant prices,_Z,Not applicable,_Z,Not applicable,2015,,30271.31445,,2024,,A,Normal value,0,Units,0,Zero
DATAFLOW,OECD.ELS.SAE:DSD_EARNINGS@RMW(1.0),Real minimum wages at constant prices,I,AUS,Australia,SM_WG,Statutory minimum wages,USD_PPP,"US dollars, PPP converted",A,Annual,Q,Constant prices,_Z,Not applicable,_Z,Not applicable,2016,,30622.18238,,2024,,A,Normal value,0,Units,0,Zero
DATAFLOW,OECD.ELS.SAE:DSD_EARNINGS@RMW(1.0),Real minimum wages at constant prices,I,AUS,Australia,SM_WG,Statutory minimum wages,USD_PPP,"US dollars, PPP converted",A,Annual,Q,Constant prices,_Z,Not applicable,_Z,Not applicable,2017,,30895.32369,,2024,,A,Normal value,0,Units,0,Zero
DATAFLOW,OECD.ELS.SAE:DSD_EARNINGS@RMW(1.0),Real minimum wages at constant prices,I,AUS,Australia,SM_WG,Statutory minimum wages,USD_PPP,"US dollars, PPP converted",A,Annual,Q,Constant prices,_Z,Not applicable,_Z,Not applicable,2018,,31346.60871,,2024,,A,Normal value,0,Units,0,Zero
DATAFLOW,OECD.ELS.SAE:DSD_EARNINGS@RMW(1.0),Real minimum wages at constant prices,I,AUS,Australia,SM_WG,Statutory minimum wages,USD_PPP,"US dollars, PPP converted",A,Annual,Q,Constant prices,_Z,Not applicable,_Z,Not applicable,2019,,31850.69425,,2024,,A,Normal value,0,Units,0,Zero
DATAFLOW,OECD.ELS.SAE:DSD_EARNINGS@RMW(1.0),Real minimum wages at constant prices,I,AUS,Australia,SM_WG,Statutory minimum wages,USD_PPP,"US dollars, PPP converted",A,Annual,Q,Constant prices,_Z,Not applicable,_Z,Not applicable,2020,,32332.02686,,2024,,A,Normal value,0,Units,0,Zero
DATAFLOW,OECD.ELS.SAE:DSD_EARNINGS@RMW(1.0),Real minimum wages at constant prices,I,AUS,Australia,SM_WG,Statutory minimum wages,USD_PPP,"US dollars, PPP converted",A,Annual,Q,Constant prices,_Z,Not applicable,_Z,Not applicable,2021,,32099.95481,,2024,,A,Normal value,0,Units,0,Zero
DATAFLOW,OECD.ELS.SAE:DSD_EARNINGS@RMW(1.0),Real minimum wages at constant prices,I,AUS,Australia,SM_WG,Statutory minimum wages,USD_PPP,"US dollars, PPP converted",A,Annual,Q,Constant prices,_Z,Not applicable,_Z,Not applicable,2022,,31274.43901,,2024,,A,Normal value,0,Units,0,Zero
DATAFLOW,OECD.ELS.SAE:DSD_EARNINGS@RMW(1.0),Real minimum wages at constant prices,I,AUS,Australia,SM_WG,Statutory minimum wages,USD_PPP,"US dollars, PPP converted",A,Annual,Q,Constant prices,_Z,Not applicable,_Z,Not applicable,2023,,31675.53315,,2024,,A,Normal value,0,Units,0,Zero
DATAFLOW,OECD.ELS.SAE:DSD_EARNINGS@RMW(1.0),Real minimum wages at constant prices,I,AUS,Australia,SM_WG,Statutory minimum wages,USD_PPP,"US dollars, PPP converted",A,Annual,Q,Constant prices,_Z,Not applicable,_Z,Not applicable,2024,,32575.7676,,2024,,A,Normal value,0,Units,0,Zero
DATAFLOW,OECD.ELS.SAE:DSD_EARNINGS@RMW(1.0),Real minimum wages at constant prices,I,BEL,Belgium,SM_WG,Statutory minimum wages,USD_PPP,"US dollars, PPP converted",A,Annual,Q,Constant prices,_Z,Not applicable,_Z,Not applicable,1975,,28364.37449,,2024,,A,Normal value,0,Units,0,Zero
DATAFLOW,OECD.ELS.SAE:DSD_EARNINGS@RMW(1.0),Real minimum wages at constant prices,I,BEL,Belgium,SM_WG,Statutory minimum wages,USD_PPP,"US dollars, PPP converted",A,Annual,Q,Constant prices,_Z,Not applicable,_Z,Not applicable,1976,,28567.84004,,2024,,A,Normal value,0,Units,0,Zero
DATAFLOW,OECD.ELS.SAE:DSD_EARNINGS@RMW(1.0),Real minimum wages at constant prices,I,BEL,Belgium,SM_WG,Statutory minimum wages,USD_PPP,"US dollars, PPP converted",A,Annual,Q,Constant prices,_Z,Not applicable,_Z,Not applicable,1977,,28679.58581,,2024,,A,Normal value,0,Units,0,Zero
DATAFLOW,OECD.ELS.SAE:DSD_EARNINGS@RMW(1.0),Real minimum wages at constant prices,I,BEL,Belgium,SM_WG,Statutory minimum wages,USD_PPP,"US dollars, PPP converted",A,Annual,Q,Constant prices,_Z,Not applicable,_Z,Not applicable,1978,,28747.89919,,2024,,A,Normal value,0,Units,0,Zero
DATAFLOW,OECD.ELS.SAE:DSD_EARNINGS@RMW(1.0),Real minimum wages at constant prices,I,BEL,Belgium,SM_WG,Statutory minimum wages,USD_PPP,"US dollars, PPP converted",A,Annual,Q,Constant prices,_Z,Not applicable,_Z,Not applicable,1979,,28678.92689,,2024,,A,Normal value,0,Units,0,Zero
DATAFLOW,OECD.ELS.SAE:DSD_EARNINGS@RMW(1.0),Real minimum wages at constant prices,I,BEL,Belgium,SM_WG,Statutory minimum wages,USD_PPP,"US dollars, PPP converted",A,Annual,Q,Constant prices,_Z,Not applicable,_Z,Not applicable,1980,,28584.97266,,2024,,A,Normal value,0,Units,0,Zero
DATAFLOW,OECD.ELS.SAE:DSD_EARNINGS@RMW(1.0),Real minimum wages at constant prices,I,BEL,Belgium,SM_WG,Statutory minimum wages,USD_PPP,"US dollars, PPP converted",A,Annual,Q,Constant prices,_Z,Not applicable,_Z,Not applicable,1981,,29648.61562,,2024,,A,Normal value,0,Units,0,Zero
DATAFLOW,OECD.ELS.SAE:DSD_EARNINGS@RMW(1.0),Real minimum wages at constant prices,I,BEL,Belgium,SM_WG,Statutory minimum wages,USD_PPP,"US dollars, PPP converted",A,Annual,Q,Constant prices,_Z,Not applicable,_Z,Not applicable,1982,,30697.13296,,2024,,A,Normal value,0,Units,0,Zero
DATAFLOW,OECD.ELS.SAE:DSD_EARNINGS@RMW(1.0),Real minimum wages at constant prices,I,BEL,Belgium,SM_WG,Statutory minimum wages,USD_PPP,"US dollars, PPP converted",A,Annual,Q,Constant prices,_Z,Not applicable,_Z,Not applicable,1983,,30703.8076,,2024,,A,Normal value,0,Units,0,Zero
DATAFLOW,OECD.ELS.SAE:DSD_EARNINGS@RMW(1.0),Real minimum wages at constant prices,I,BEL,Belgium,SM_WG,Statutory minimum wages,USD_PPP,"US dollars, PPP converted",A,Annual,Q,Constant prices,_Z,Not applicable,_Z,Not applicable,1984,,30234.96921,,2024,,A,Normal value,0,Units,0,Zero
DATAFLOW,OECD.ELS.SAE:DSD_EARNINGS@RMW(1.0),Real minimum wages at constant prices,I,BEL,Belgium,SM_WG,Statutory minimum wages,USD_PPP,"US dollars, PPP converted",A,Annual,Q,Constant prices,_Z,Not applicable,_Z,Not applicable,1985,,29653.56755,,2024,,A,Normal value,0,Units,0,Zero
DATAFLOW,OECD.ELS.SAE:DSD_EARNINGS@RMW(1.0),Real minimum wages at constant prices,I,BEL,Belgium,SM_WG,Statutory minimum wages,USD_PPP,"US dollars, PPP converted",A,Annual,Q,Constant prices,_Z,Not applicable,_Z,Not applicable,1986,,29955.06657,,2024,,A,Normal value,0,Units,0,Zero
DATAFLOW,OECD.ELS.SAE:DSD_EARNINGS@RMW(1.0),Real minimum wages at constant prices,I,BEL,Belgium,SM_WG,Statutory minimum wages,USD_PPP,"US dollars, PPP converted",A,Annual,Q,Constant prices,_Z,Not applicable,_Z,Not applicable,1987,,29496.86982,,2024,,A,Normal value,0,Units,0,Zero
DATAFLOW,OECD.ELS.SAE:DSD_EARNINGS@RMW(1.0),Real minimum wages at constant prices,I,BEL,Belgium,SM_WG,Statutory minimum wages,USD_PPP,"US dollars, PPP converted",A,Annual,Q,Constant prices,_Z,Not applicable,_Z,Not applicable,1988,,29717.34471,,2024,,A,Normal value,0,Units,0,Zero
DATAFLOW,OECD.ELS.SAE:DSD_EARNINGS@RMW(1.0),Real minimum wages at constant prices,I,BEL,Belgium,SM_WG,Statutory minimum wages,USD_PPP,"US dollars, PPP converted",A,Annual,Q,Constant prices,_Z,Not applicable,_Z,Not applicable,1989,,29697.24311,,2024,,A,Normal value,0,Units,0,Zero
DATAFLOW,OECD.ELS.SAE:DSD_EARNINGS@RMW(1.0),Real minimum wages at constant prices,I,BEL,Belgium,SM_WG,Statutory minimum wages,USD_PPP,"US dollars, PPP converted",A,Annual,Q,Constant prices,_Z,Not applicable,_Z,Not applicable,1990,,29665.34816,,2024,,A,Normal value,0,Units,0,Zero
DATAFLOW,OECD.ELS.SAE:DSD_EARNINGS@RMW(1.0),Real minimum wages at constant prices,I,BEL,Belgium,SM_WG,Statutory minimum wages,USD_PPP,"US dollars, PPP converted",A,Annual,Q,Constant prices,_Z,Not applicable,_Z,Not applicable,1991,,30080.48169,,2024,,A,Normal value,0,Units,0,Zero
DATAFLOW,OECD.ELS.SAE:DSD_EARNINGS@RMW(1.0),Real minimum wages at constant prices,I,BEL,Belgium,SM_WG,Statutory minimum wages,USD_PPP,"US dollars, PPP converted",A,Annual,Q,Constant prices,_Z,Not applicable,_Z,Not applicable,1992,,31227.30139,,2024,,A,Normal value,0,Units,0,Zero
DATAFLOW,OECD.ELS.SAE:DSD_EARNINGS@RMW(1.0),Real minimum wages at constant prices,I,BEL,Belgium,SM_WG,Statutory minimum wages,USD_PPP,"US dollars, PPP converted",A,Annual,Q,Constant prices,_Z,Not applicable,_Z,Not applicable,1993,,31484.17693,,2024,,A,Normal value,0,Units,0,Zero
DATAFLOW,OECD.ELS.SAE:DSD_EARNINGS@RMW(1.0),Real minimum wages at constant prices,I,BEL,Belgium,SM_WG,Statutory minimum wages,USD_PPP,"US dollars, PPP converted",A,Annual,Q,Constant prices,_Z,Not applicable,_Z,Not applicable,1994,,31354.23285,,2024,,A,Normal value,0,Units,0,Zero
DATAFLOW,OECD.ELS.SAE:DSD_EARNINGS@RMW(1.0),Real minimum wages at constant prices,I,BEL,Belgium,SM_WG,Statutory minimum wages,USD_PPP,"US dollars, PPP converted",A,Annual,Q,Constant prices,_Z,Not applicable,_Z,Not applicable,1995,,31466.04335,,2024,,A,Normal value,0,Units,0,Zero
DATAFLOW,OECD.ELS.SAE:DSD_EARNINGS@RMW(1.0),Real minimum wages at constant prices,I,BEL,Belgium,SM_WG,Statutory minimum wages,USD_PPP,"US dollars, PPP converted",A,Annual,Q,Constant prices,_Z,Not applicable,_Z,Not applicable,1996,,31248.14858,,2024,,A,Normal value,0,Units,0,Zero
DATAFLOW,OECD.ELS.SAE:DSD_EARNINGS@RMW(1.0),Real minimum wages at constant prices,I,BEL,Belgium,SM_WG,Statutory minimum wages,USD_PPP,"US dollars, PPP converted",A,Annual,Q,Constant prices,_Z,Not applicable,_Z,Not applicable,1997,,30955.32818,,2024,,A,Normal value,0,Units,0,Zero
DATAFLOW,OECD.ELS.SAE:DSD_EARNINGS@RMW(1.0),Real minimum wages at constant prices,I,BEL,Belgium,SM_WG,Statutory minimum wages,USD_PPP,"US dollars, PPP converted",A,Annual,Q,Constant prices,_Z,Not applicable,_Z,Not applicable,1998,,30664.24733,,2024,,A,Normal value,0,Units,0,Zero
DATAFLOW,OECD.ELS.SAE:DSD_EARNINGS@RMW(1.0),Real minimum wages at constant prices,I,BEL,Belgium,SM_WG,Statutory minimum wages,USD_PPP,"US dollars, PPP converted",A,Annual,Q,Constant prices,_Z,Not applicable,_Z,Not applicable,1999,,30324.35653,,2024,,A,Normal value,0,Units,0,Zero
DATAFLOW,OECD.ELS.SAE:DSD_EARNINGS@RMW(1.0),Real minimum wages at constant prices,I,BEL,Belgium,SM_WG,Statutory minimum wages,USD_PPP,"US dollars, PPP converted",A,Annual,Q,Constant prices,_Z,Not applicable,_Z,Not applicable,2000,,29571.89892,,2024,,A,Normal value,0,Units,0,Zero
DATAFLOW,OECD.ELS.SAE:DSD_EARNINGS@RMW(1.0),Real minimum wages at constant prices,I,BEL,Belgium,SM_WG,Statutory minimum wages,USD_PPP,"US dollars, PPP converted",A,Annual,Q,Constant prices,_Z,Not applicable,_Z,Not applicable,2001,,29732.51834,,2024,,A,Normal value,0,Units,0,Zero
DATAFLOW,OECD.ELS.SAE:DSD_EARNINGS@RMW(1.0),Real minimum wages at constant prices,I,BEL,Belgium,SM_WG,Statutory minimum wages,USD_PPP,"US dollars, PPP converted",A,Annual,Q,Constant prices,_Z,Not applicable,_Z,Not applicable,2002,,30131.09389,,2024,,A,Normal value,0,Units,0,Zero
DATAFLOW,OECD.ELS.SAE:DSD_EARNINGS@RMW(1.0),Real minimum wages at constant prices,I,BEL,Belgium,SM_WG,Statutory minimum wages,USD_PPP,"US dollars, PPP converted",A,Annual,Q,Constant prices,_Z,Not applicable,_Z,Not applicable,2003,,29956.78628,,2024,,A,Normal value,0,Units,0,Zero
DATAFLOW,OECD.ELS.SAE:DSD_EARNINGS@RMW(1.0),Real minimum wages at constant prices,I,BEL,Belgium,SM_WG,Statutory minimum wages,USD_PPP,"US dollars, PPP converted",A,Annual,Q,Constant prices,_Z,Not applicable,_Z,Not applicable,2004,,29632.28952,,2024,,A,Normal value,0,Units,0,Zero
DATAFLOW,OECD.ELS.SAE:DSD_EARNINGS@RMW(1.0),Real minimum wages at constant prices,I,BEL,Belgium,SM_WG,Statutory minimum wages,USD_PPP,"US dollars, PPP converted",A,Annual,Q,Constant prices,_Z,Not applicable,_Z,Not applicable,2005,,29406.1176,,2024,,A,Normal value,0,Units,0,Zero
DATAFLOW,OECD.ELS.SAE:DSD_EARNINGS@RMW(1.0),Real minimum wages at constant prices,I,BEL,Belgium,SM_WG,Statutory minimum wages,USD_PPP,"US dollars, PPP converted",A,Annual,Q,Constant prices,_Z,Not applicable,_Z,Not applicable,2006,,29461.66447,,2024,,A,Normal value,0,Units,0,Zero
DATAFLOW,OECD.ELS.SAE:DSD_EARNINGS@RMW(1.0),Real minimum wages at constant prices,I,BEL,Belgium,SM_WG,Statutory minimum wages,USD_PPP,"US dollars, PPP converted",A,Annual,Q,Constant prices,_Z,Not applicable,_Z,Not applicable,2007,,29801.73279,,2024,,A,Normal value,0,Units,0,Zero
DATAFLOW,OECD.ELS.SAE:DSD_EARNINGS@RMW(1.0),Real minimum wages at constant prices,I,BEL,Belgium,SM_WG,Statutory minimum wages,USD_PPP,"US dollars, PPP converted",A,Annual,Q,Constant prices,_Z,Not applicable,_Z,Not applicable,2008,,29681.43548,,2024,,A,Normal value,0,Units,0,Zero
DATAFLOW,OECD.ELS.SAE:DSD_EARNINGS@RMW(1.0),Real minimum wages at constant prices,I,BEL,Belgium,SM_WG,Statutory minimum wages,USD_PPP,"US dollars, PPP converted",A,Annual,Q,Constant prices,_Z,Not applicable,_Z,Not applicable,2009,,31152.10545,,2024,,A,Normal value,0,Units,0,Zero
DATAFLOW,OECD.ELS.SAE:DSD_EARNINGS@RMW(1.0),Real minimum wages at constant prices,I,BEL,Belgium,SM_WG,Statutory minimum wages,USD_PPP,"US dollars, PPP converted",A,Annual,Q,Constant prices,_Z,Not applicable,_Z,Not applicable,2010,,30484.70435,,2024,,A,Normal value,0,Units,0,Zero
DATAFLOW,OECD.ELS.SAE:DSD_EARNINGS@RMW(1.0),Real minimum wages at constant prices,I,BEL,Belgium,SM_WG,Statutory minimum wages,USD_PPP,"US dollars, PPP converted",A,Annual,Q,Constant prices,_Z,Not applicable,_Z,Not applicable,2011,,30333.65762,,2024,,A,Normal value,0,Units,0,Zero
DATAFLOW,OECD.ELS.SAE:DSD_EARNINGS@RMW(1.0),Real minimum wages at constant prices,I,BEL,Belgium,SM_WG,Statutory minimum wages,USD_PPP,"US dollars, PPP converted",A,Annual,Q,Constant prices,_Z,Not applicable,_Z,Not applicable,2012,,30086.03469,,2024,,A,Normal value,0,Units,0,Zero
DATAFLOW,OECD.ELS.SAE:DSD_EARNINGS@RMW(1.0),Real minimum wages at constant prices,I,BEL,Belgium,SM_WG,Statutory minimum wages,USD_PPP,"US dollars, PPP converted",A,Annual,Q,Constant prices,_Z,Not applicable,_Z,Not applicable,2013,,30649.53517,,2024,,A,Normal value,0,Units,0,Zero
DATAFLOW,OECD.ELS.SAE:DSD_EARNINGS@RMW(1.0),Real minimum wages at constant prices,I,BEL,Belgium,SM_WG,Statutory minimum wages,USD_PPP,"US dollars, PPP converted",A,Annual,Q,Constant prices,_Z,Not applicable,_Z,Not applicable,2014,,30545.67866,,2024,,A,Normal value,0,Units,0,Zero
DATAFLOW,OECD.ELS.SAE:DSD_EARNINGS@RMW(1.0),Real minimum wages at constant prices,I,BEL,Belgium,SM_WG,Statutory minimum wages,USD_PPP,"US dollars, PPP converted",A,Annual,Q,Constant prices,_Z,Not applicable,_Z,Not applicable,2015,,30375.14214,,2024,,A,Normal value,0,Units,0,Zero
DATAFLOW,OECD.ELS.SAE:DSD_EARNINGS@RMW(1.0),Real minimum wages at constant prices,I,BEL,Belgium,SM_WG,Statutory minimum wages,USD_PPP,"US dollars, PPP converted",A,Annual,Q,Constant prices,_Z,Not applicable,_Z,Not applicable,2016,,30085.77475,,2024,,A,Normal value,0,Units,0,Zero
DATAFLOW,OECD.ELS.SAE:DSD_EARNINGS@RMW(1.0),Real minimum wages at constant prices,I,BEL,Belgium,SM_WG,Statutory minimum wages,USD_PPP,"US dollars, PPP converted",A,Annual,Q,Constant prices,_Z,Not applicable,_Z,Not applicable,2017,,30049.59712,,2024,,A,Normal value,0,Units,0,Zero
DATAFLOW,OECD.ELS.SAE:DSD_EARNINGS@RMW(1.0),Real minimum wages at constant prices,I,BEL,Belgium,SM_WG,Statutory minimum wages,USD_PPP,"US dollars, PPP converted",A,Annual,Q,Constant prices,_Z,Not applicable,_Z,Not applicable,2018,,29736.77934,,2024,,A,Normal value,0,Units,0,Zero
DATAFLOW,OECD.ELS.SAE:DSD_EARNINGS@RMW(1.0),Real minimum wages at constant prices,I,BEL,Belgium,SM_WG,Statutory minimum wages,USD_PPP,"US dollars, PPP converted",A,Annual,Q,Constant prices,_Z,Not applicable,_Z,Not applicable,2019,,29901.29666,,2024,,A,Normal value,0,Units,0,Zero
DATAFLOW,OECD.ELS.SAE:DSD_EARNINGS@RMW(1.0),Real minimum wages at constant prices,I,BEL,Belgium,SM_WG,Statutory minimum wages,USD_PPP,"US dollars, PPP converted",A,Annual,Q,Constant prices,_Z,Not applicable,_Z,Not applicable,2020,,29978.52747,,2024,,A,Normal value,0,Units,0,Zero
DATAFLOW,OECD.ELS.SAE:DSD_EARNINGS@RMW(1.0),Real minimum wages at constant prices,I,BEL,Belgium,SM_WG,Statutory minimum wages,USD_PPP,"US dollars, PPP converted",A,Annual,Q,Constant prices,_Z,Not applicable,_Z,Not applicable,2021,,29751.47019,,2024,,A,Normal value,0,Units,0,Zero
DATAFLOW,OECD.ELS.SAE:DSD_EARNINGS@RMW(1.0),Real minimum wages at constant prices,I,BEL,Belgium,SM_WG,Statutory minimum wages,USD_PPP,"US dollars, PPP converted",A,Annual,Q,Constant prices,_Z,Not applicable,_Z,Not applicable,2022,,29880.08431,,2024,,A,Normal value,0,Units,0,Zero
DATAFLOW,OECD.ELS.SAE:DSD_EARNINGS@RMW(1.0),Real minimum wages at constant prices,I,BEL,Belgium,SM_WG,Statutory minimum wages,USD_PPP,"US dollars, PPP converted",A,Annual,Q,Constant prices,_Z,Not applicable,_Z,Not applicable,2023,,31218.22352,,2024,,A,Normal value,0,Units,0,Zero
DATAFLOW,OECD.ELS.SAE:DSD_EARNINGS@RMW(1.0),Real minimum wages at constant prices,I,BEL,Belgium,SM_WG,Statutory minimum wages,USD_PPP,"US dollars, PPP converted",A,Annual,Q,Constant prices,_Z,Not applicable,_Z,Not applicable,2024,,31654.20313,,2024,,A,Normal value,0,Units,0,Zero
DATAFLOW,OECD.ELS.SAE:DSD_EARNINGS@RMW(1.0),Real minimum wages at constant prices,I,CAN,Canada,SM_WG,Statutory minimum wages,USD_PPP,"US dollars, PPP converted",A,Annual,Q,Constant prices,_Z,Not applicable,_Z,Not applicable,1965,,15452.14738,,2024,,A,Normal value,0,Units,0,Zero
DATAFLOW,OECD.ELS.SAE:DSD_EARNINGS@RMW(1.0),Real minimum wages at constant prices,I,CAN,Canada,SM_WG,Statutory minimum wages,USD_PPP,"US dollars, PPP converted",A,Annual,Q,Constant prices,_Z,Not applicable,_Z,Not applicable,1966,,15204.31743,,2024,,A,Normal value,0,Units,0,Zero
DATAFLOW,OECD.ELS.SAE:DSD_EARNINGS@RMW(1.0),Real minimum wages at constant prices,I,CAN,Canada,SM_WG,Statutory minimum wages,USD_PPP,"US dollars, PPP converted",A,Annual,Q,Constant prices,_Z,Not applicable,_Z,Not applicable,1967,,15760.40983,,2024,,A,Normal value,0,Units,0,Zero
DATAFLOW,OECD.ELS.SAE:DSD_EARNINGS@RMW(1.0),Real minimum wages at constant prices,I,CAN,Canada,SM_WG,Statutory minimum wages,USD_PPP,"US dollars, PPP converted",A,Annual,Q,Constant prices,_Z,Not applicable,_Z,Not applicable,1968,,16037.14412,,2024,,A,Normal value,0,Units,0,Zero
DATAFLOW,OECD.ELS.SAE:DSD_EARNINGS@RMW(1.0),Real minimum wages at constant prices,I,CAN,Canada,SM_WG,Statutory minimum wages,USD_PPP,"US dollars, PPP converted",A,Annual,Q,Constant prices,_Z,Not applicable,_Z,Not applicable,1969,,17751.74927,,2024,,A,Normal value,0,Units,0,Zero
DATAFLOW,OECD.ELS.SAE:DSD_EARNINGS@RMW(1.0),Real minimum wages at constant prices,I,CAN,Canada,SM_WG,Statutory minimum wages,USD_PPP,"US dollars, PPP converted",A,Annual,Q,Constant prices,_Z,Not applicable,_Z,Not applicable,1970,,18413.74123,,2024,,A,Normal value,0,Units,0,Zero
DATAFLOW,OECD.ELS.SAE:DSD_EARNINGS@RMW(1.0),Real minimum wages at constant prices,I,CAN,Canada,SM_WG,Statutory minimum wages,USD_PPP,"US dollars, PPP converted",A,Annual,Q,Constant prices,_Z,Not applicable,_Z,Not applicable,1971,,20203.33396,,2024,,A,Normal value,0,Units,0,Zero
DATAFLOW,OECD.ELS.SAE:DSD_EARNINGS@RMW(1.0),Real minimum wages at constant prices,I,CAN,Canada,SM_WG,Statutory minimum wages,USD_PPP,"US dollars, PPP converted",A,Annual,Q,Constant prices,_Z,Not applicable,_Z,Not applicable,1972,,20262.98368,,2024,,A,Normal value,0,Units,0,Zero
DATAFLOW,OECD.ELS.SAE:DSD_EARNINGS@RMW(1.0),Real minimum wages at constant prices,I,CAN,Canada,SM_WG,Statutory minimum wages,USD_PPP,"US dollars, PPP converted",A,Annual,Q,Constant prices,_Z,Not applicable,_Z,Not applicable,1973,,20985.58792,,2024,,A,Normal value,0,Units,0,Zero
DATAFLOW,OECD.ELS.SAE:DSD_EARNINGS@RMW(1.0),Real minimum wages at constant prices,I,CAN,Canada,SM_WG,Statutory minimum wages,USD_PPP,"US dollars, PPP converted",A,Annual,Q,Constant prices,_Z,Not applicable,_Z,Not applicable,1974,,22110.89312,,2024,,A,Normal value,0,Units,0,Zero
DATAFLOW,OECD.ELS.SAE:DSD_EARNINGS@RMW(1.0),Real minimum wages at constant prices,I,CAN,Canada,SM_WG,Statutory minimum wages,USD_PPP,"US dollars, PPP converted",A,Annual,Q,Constant prices,_Z,Not applicable,_Z,Not applicable,1975,,23163.73852,,2024,,A,Normal value,0,Units,0,Zero
DATAFLOW,OECD.ELS.SAE:DSD_EARNINGS@RMW(1.0),Real minimum wages at constant prices,I,CAN,Canada,SM_WG,Statutory minimum wages,USD_PPP,"US dollars, PPP converted",A,Annual,Q,Constant prices,_Z,Not applicable,_Z,Not applicable,1976,,24411.20356,,2024,,A,Normal value,0,Units,0,Zero
DATAFLOW,OECD.ELS.SAE:DSD_EARNINGS@RMW(1.0),Real minimum wages at constant prices,I,CAN,Canada,SM_WG,Statutory minimum wages,USD_PPP,"US dollars, PPP converted",A,Annual,Q,Constant prices,_Z,Not applicable,_Z,Not applicable,1977,,23771.54373,,2024,,A,Normal value,0,Units,0,Zero
DATAFLOW,OECD.ELS.SAE:DSD_EARNINGS@RMW(1.0),Real minimum wages at constant prices,I,CAN,Canada,SM_WG,Statutory minimum wages,USD_PPP,"US dollars, PPP converted",A,Annual,Q,Constant prices,_Z,Not applicable,_Z,Not applicable,1978,,22576.74252,,2024,,A,Normal value,0,Units,0,Zero
DATAFLOW,OECD.ELS.SAE:DSD_EARNINGS@RMW(1.0),Real minimum wages at constant prices,I,CAN,Canada,SM_WG,Statutory minimum wages,USD_PPP,"US dollars, PPP converted",A,Annual,Q,Constant prices,_Z,Not applicable,_Z,Not applicable,1979,,21733.38359,,2024,,A,Normal value,0,Units,0,Zero
DATAFLOW,OECD.ELS.SAE:DSD_EARNINGS@RMW(1.0),Real minimum wages at constant prices,I,CAN,Canada,SM_WG,Statutory minimum wages,USD_PPP,"US dollars, PPP converted",A,Annual,Q,Constant prices,_Z,Not applicable,_Z,Not applicable,1980,,20559.35378,,2024,,A,Normal value,0,Units,0,Zero
DATAFLOW,OECD.ELS.SAE:DSD_EARNINGS@RMW(1.0),Real minimum wages at constant prices,I,CAN,Canada,SM_WG,Statutory minimum wages,USD_PPP,"US dollars, PPP converted",A,Annual,Q,Constant prices,_Z,Not applicable,_Z,Not applicable,1981,,19915.72574,,2024,,A,Normal value,0,Units,0,Zero
DATAFLOW,OECD.ELS.SAE:DSD_EARNINGS@RMW(1.0),Real minimum wages at constant prices,I,CAN,Canada,SM_WG,Statutory minimum wages,USD_PPP,"US dollars, PPP converted",A,Annual,Q,Constant prices,_Z,Not applicable,_Z,Not applicable,1982,,18896.32071,,2024,,A,Normal value,0,Units,0,Zero
DATAFLOW,OECD.ELS.SAE:DSD_EARNINGS@RMW(1.0),Real minimum wages at constant prices,I,CAN,Canada,SM_WG,Statutory minimum wages,USD_PPP,"US dollars, PPP converted",A,Annual,Q,Constant prices,_Z,Not applicable,_Z,Not applicable,1983,,17994.02568,,2024,,A,Normal value,0,Units,0,Zero
DATAFLOW,OECD.ELS.SAE:DSD_EARNINGS@RMW(1.0),Real minimum wages at constant prices,I,CAN,Canada,SM_WG,Statutory minimum wages,USD_PPP,"US dollars, PPP converted",A,Annual,Q,Constant prices,_Z,Not applicable,_Z,Not applicable,1984,,17804.91346,,2024,,A,Normal value,0,Units,0,Zero
DATAFLOW,OECD.ELS.SAE:DSD_EARNINGS@RMW(1.0),Real minimum wages at constant prices,I,CAN,Canada,SM_WG,Statutory minimum wages,USD_PPP,"US dollars, PPP converted",A,Annual,Q,Constant prices,_Z,Not applicable,_Z,Not applicable,1985,,17570.0477,,2024,,A,Normal value,0,Units,0,Zero
DATAFLOW,OECD.ELS.SAE:DSD_EARNINGS@RMW(1.0),Real minimum wages at constant prices,I,CAN,Canada,SM_WG,Statutory minimum wages,USD_PPP,"US dollars, PPP converted",A,Annual,Q,Constant prices,_Z,Not applicable,_Z,Not applicable,1986,,17160.77306,,2024,,A,Normal value,0,Units,0,Zero
DATAFLOW,OECD.ELS.SAE:DSD_EARNINGS@RMW(1.0),Real minimum wages at constant prices,I,CAN,Canada,SM_WG,Statutory minimum wages,USD_PPP,"US dollars, PPP converted",A,Annual,Q,Constant prices,_Z,Not applicable,_Z,Not applicable,1987,,17260.53717,,2024,,A,Normal value,0,Units,0,Zero
DATAFLOW,OECD.ELS.SAE:DSD_EARNINGS@RMW(1.0),Real minimum wages at constant prices,I,CAN,Canada,SM_WG,Statutory minimum wages,USD_PPP,"US dollars, PPP converted",A,Annual,Q,Constant prices,_Z,Not applicable,_Z,Not applicable,1988,,17415.89105,,2024,,A,Normal value,0,Units,0,Zero
DATAFLOW,OECD.ELS.SAE:DSD_EARNINGS@RMW(1.0),Real minimum wages at constant prices,I,CAN,Canada,SM_WG,Statutory minimum wages,USD_PPP,"US dollars, PPP converted",A,Annual,Q,Constant prices,_Z,Not applicable,_Z,Not applicable,1989,,17597.94892,,2024,,A,Normal value,0,Units,0,Zero
DATAFLOW,OECD.ELS.SAE:DSD_EARNINGS@RMW(1.0),Real minimum wages at constant prices,I,CAN,Canada,SM_WG,Statutory minimum wages,USD_PPP,"US dollars, PPP converted",A,Annual,Q,Constant prices,_Z,Not applicable,_Z,Not applicable,1990,,17650.86373,,2024,,A,Normal value,0,Units,0,Zero
DATAFLOW,OECD.ELS.SAE:DSD_EARNINGS@RMW(1.0),Real minimum wages at constant prices,I,CAN,Canada,SM_WG,Statutory minimum wages,USD_PPP,"US dollars, PPP converted",A,Annual,Q,Constant prices,_Z,Not applicable,_Z,Not applicable,1991,,17554.71777,,2024,,A,Normal value,0,Units,0,Zero
DATAFLOW,OECD.ELS.SAE:DSD_EARNINGS@RMW(1.0),Real minimum wages at constant prices,I,CAN,Canada,SM_WG,Statutory minimum wages,USD_PPP,"US dollars, PPP converted",A,Annual,Q,Constant prices,_Z,Not applicable,_Z,Not applicable,1992,,18594.24085,,2024,,A,Normal value,0,Units,0,Zero
DATAFLOW,OECD.ELS.SAE:DSD_EARNINGS@RMW(1.0),Real minimum wages at constant prices,I,CAN,Canada,SM_WG,Statutory minimum wages,USD_PPP,"US dollars, PPP converted",A,Annual,Q,Constant prices,_Z,Not applicable,_Z,Not applicable,1993,,19004.84629,,2024,,A,Normal value,0,Units,0,Zero
DATAFLOW,OECD.ELS.SAE:DSD_EARNINGS@RMW(1.0),Real minimum wages at constant prices,I,CAN,Canada,SM_WG,Statutory minimum wages,USD_PPP,"US dollars, PPP converted",A,Annual,Q,Constant prices,_Z,Not applicable,_Z,Not applicable,1994,,19592.84108,,2024,,A,Normal value,0,Units,0,Zero
DATAFLOW,OECD.ELS.SAE:DSD_EARNINGS@RMW(1.0),Real minimum wages at constant prices,I,CAN,Canada,SM_WG,Statutory minimum wages,USD_PPP,"US dollars, PPP converted",A,Annual,Q,Constant prices,_Z,Not applicable,_Z,Not applicable,1995,,19755.15618,,2024,,A,Normal value,0,Units,0,Zero
DATAFLOW,OECD.ELS.SAE:DSD_EARNINGS@RMW(1.0),Real minimum wages at constant prices,I,CAN,Canada,SM_WG,Statutory minimum wages,USD_PPP,"US dollars, PPP converted",A,Annual,Q,Constant prices,_Z,Not applicable,_Z,Not applicable,1996,,20015.27455,,2024,,A,Normal value,0,Units,0,Zero
DATAFLOW,OECD.ELS.SAE:DSD_EARNINGS@RMW(1.0),Real minimum wages at constant prices,I,CAN,Canada,SM_WG,Statutory minimum wages,USD_PPP,"US dollars, PPP converted",A,Annual,Q,Constant prices,_Z,Not applicable,_Z,Not applicable,1997,,19943.3158,,2024,,A,Normal value,0,Units,0,Zero
DATAFLOW,OECD.ELS.SAE:DSD_EARNINGS@RMW(1.0),Real minimum wages at constant prices,I,CAN,Canada,SM_WG,Statutory minimum wages,USD_PPP,"US dollars, PPP converted",A,Annual,Q,Constant prices,_Z,Not applicable,_Z,Not applicable,1998,,19899.72748,,2024,,A,Normal value,0,Units,0,Zero
DATAFLOW,OECD.ELS.SAE:DSD_EARNINGS@RMW(1.0),Real minimum wages at constant prices,I,CAN,Canada,SM_WG,Statutory minimum wages,USD_PPP,"US dollars, PPP converted",A,Annual,Q,Constant prices,_Z,Not applicable,_Z,Not applicable,1999,,19921.49968,,2024,,A,Normal value,0,Units,0,Zero
DATAFLOW,OECD.ELS.SAE:DSD_EARNINGS@RMW(1.0),Real minimum wages at constant prices,I,CAN,Canada,SM_WG,Statutory minimum wages,USD_PPP,"US dollars, PPP converted",A,Annual,Q,Constant prices,_Z,Not applicable,_Z,Not applicable,2000,,19540.5691,,2024,,A,Normal value,0,Units,0,Zero
DATAFLOW,OECD.ELS.SAE:DSD_EARNINGS@RMW(1.0),Real minimum wages at constant prices,I,CAN,Canada,SM_WG,Statutory minimum wages,USD_PPP,"US dollars, PPP converted",A,Annual,Q,Constant prices,_Z,Not applicable,_Z,Not applicable,2001,,19316.47289,,2024,,A,Normal value,0,Units,0,Zero
DATAFLOW,OECD.ELS.SAE:DSD_EARNINGS@RMW(1.0),Real minimum wages at constant prices,I,CAN,Canada,SM_WG,Statutory minimum wages,USD_PPP,"US dollars, PPP converted",A,Annual,Q,Constant prices,_Z,Not applicable,_Z,Not applicable,2002,,19113.41357,,2024,,A,Normal value,0,Units,0,Zero
DATAFLOW,OECD.ELS.SAE:DSD_EARNINGS@RMW(1.0),Real minimum wages at constant prices,I,CAN,Canada,SM_WG,Statutory minimum wages,USD_PPP,"US dollars, PPP converted",A,Annual,Q,Constant prices,_Z,Not applicable,_Z,Not applicable,2003,,18845.05364,,2024,,A,Normal value,0,Units,0,Zero
DATAFLOW,OECD.ELS.SAE:DSD_EARNINGS@RMW(1.0),Real minimum wages at constant prices,I,CAN,Canada,SM_WG,Statutory minimum wages,USD_PPP,"US dollars, PPP converted",A,Annual,Q,Constant prices,_Z,Not applicable,_Z,Not applicable,2004,,18875.20031,,2024,,A,Normal value,0,Units,0,Zero
DATAFLOW,OECD.ELS.SAE:DSD_EARNINGS@RMW(1.0),Real minimum wages at constant prices,I,CAN,Canada,SM_WG,Statutory minimum wages,USD_PPP,"US dollars, PPP converted",A,Annual,Q,Constant prices,_Z,Not applicable,_Z,Not applicable,2005,,19041.06185,,2024,,A,Normal value,0,Units,0,Zero
DATAFLOW,OECD.ELS.SAE:DSD_EARNINGS@RMW(1.0),Real minimum wages at constant prices,I,CAN,Canada,SM_WG,Statutory minimum wages,USD_PPP,"US dollars, PPP converted",A,Annual,Q,Constant prices,_Z,Not applicable,_Z,Not applicable,2006,,19461.1482,,2024,,A,Normal value,0,Units,0,Zero
DATAFLOW,OECD.ELS.SAE:DSD_EARNINGS@RMW(1.0),Real minimum wages at constant prices,I,CAN,Canada,SM_WG,Statutory minimum wages,USD_PPP,"US dollars, PPP converted",A,Annual,Q,Constant prices,_Z,Not applicable,_Z,Not applicable,2007,,19655.40295,,2024,,A,Normal value,0,Units,0,Zero
DATAFLOW,OECD.ELS.SAE:DSD_EARNINGS@RMW(1.0),Real minimum wages at constant prices,I,CAN,Canada,SM_WG,Statutory minimum wages,USD_PPP,"US dollars, PPP converted",A,Annual,Q,Constant prices,_Z,Not applicable,_Z,Not applicable,2008,,20449.30406,,2024,,A,Normal value,0,Units,0,Zero
DATAFLOW,OECD.ELS.SAE:DSD_EARNINGS@RMW(1.0),Real minimum wages at constant prices,I,CAN,Canada,SM_WG,Statutory minimum wages,USD_PPP,"US dollars, PPP converted",A,Annual,Q,Constant prices,_Z,Not applicable,_Z,Not applicable,2009,,21657.93531,,2024,,A,Normal value,0,Units,0,Zero
DATAFLOW,OECD.ELS.SAE:DSD_EARNINGS@RMW(1.0),Real minimum wages at constant prices,I,CAN,Canada,SM_WG,Statutory minimum wages,USD_PPP,"US dollars, PPP converted",A,Annual,Q,Constant prices,_Z,Not applicable,_Z,Not applicable,2010,,22431.3755,,2024,,A,Normal value,0,Units,0,Zero
DATAFLOW,OECD.ELS.SAE:DSD_EARNINGS@RMW(1.0),Real minimum wages at constant prices,I,CAN,Canada,SM_WG,Statutory minimum wages,USD_PPP,"US dollars, PPP converted",A,Annual,Q,Constant prices,_Z,Not applicable,_Z,Not applicable,2011,,22495.98703,,2024,,A,Normal value,0,Units,0,Zero
DATAFLOW,OECD.ELS.SAE:DSD_EARNINGS@RMW(1.0),Real minimum wages at constant prices,I,CAN,Canada,SM_WG,Statutory minimum wages,USD_PPP,"US dollars, PPP converted",A,Annual,Q,Constant prices,_Z,Not applicable,_Z,Not applicable,2012,,22917.91644,,2024,,A,Normal value,0,Units,0,Zero
DATAFLOW,OECD.ELS.SAE:DSD_EARNINGS@RMW(1.0),Real minimum wages at constant prices,I,CAN,Canada,SM_WG,Statutory minimum wages,USD_PPP,"US dollars, PPP converted",A,Annual,Q,Constant prices,_Z,Not applicable,_Z,Not applicable,2013,,23068.88636,,2024,,A,Normal value,0,Units,0,Zero
DATAFLOW,OECD.ELS.SAE:DSD_EARNINGS@RMW(1.0),Real minimum wages at constant prices,I,CAN,Canada,SM_WG,Statutory minimum wages,USD_PPP,"US dollars, PPP converted",A,Annual,Q,Constant prices,_Z,Not applicable,_Z,Not applicable,2014,,23217.71767,,2024,,A,Normal value,0,Units,0,Zero
DATAFLOW,OECD.ELS.SAE:DSD_EARNINGS@RMW(1.0),Real minimum wages at constant prices,I,CAN,Canada,SM_WG,Statutory minimum wages,USD_PPP,"US dollars, PPP converted",A,Annual,Q,Constant prices,_Z,Not applicable,_Z,Not applicable,2015,,23577.50636,,2024,,A,Normal value,0,Units,0,Zero
DATAFLOW,OECD.ELS.SAE:DSD_EARNINGS@RMW(1.0),Real minimum wages at constant prices,I,CAN,Canada,SM_WG,Statutory minimum wages,USD_PPP,"US dollars, PPP converted",A,Annual,Q,Constant prices,_Z,Not applicable,_Z,Not applicable,2016,,23941.8671,,2024,,A,Normal value,0,Units,0,Zero
DATAFLOW,OECD.ELS.SAE:DSD_EARNINGS@RMW(1.0),Real minimum wages at constant prices,I,CAN,Canada,SM_WG,Statutory minimum wages,USD_PPP,"US dollars, PPP converted",A,Annual,Q,Constant prices,_Z,Not applicable,_Z,Not applicable,2018,,26918.30124,,2024,,A,Normal value,0,Units,0,Zero
DATAFLOW,OECD.ELS.SAE:DSD_EARNINGS@RMW(1.0),Real minimum wages at constant prices,I,CAN,Canada,SM_WG,Statutory minimum wages,USD_PPP,"US dollars, PPP converted",A,Annual,Q,Constant prices,_Z,Not applicable,_Z,Not applicable,2019,,27369.3472,,2024,,A,Normal value,0,Units,0,Zero
DATAFLOW,OECD.ELS.SAE:DSD_EARNINGS@RMW(1.0),Real minimum wages at constant prices,I,CAN,Canada,SM_WG,Statutory minimum wages,USD_PPP,"US dollars, PPP converted",A,Annual,Q,Constant prices,_Z,Not applicable,_Z,Not applicable,2020,,27868.16126,,2024,,A,Normal value,0,Units,0,Zero
DATAFLOW,OECD.ELS.SAE:DSD_EARNINGS@RMW(1.0),Real minimum wages at constant prices,I,CAN,Canada,SM_WG,Statutory minimum wages,USD_PPP,"US dollars, PPP converted",A,Annual,Q,Constant prices,_Z,Not applicable,_Z,Not applicable,2021,,27584.44511,,2024,,A,Normal value,0,Units,0,Zero
DATAFLOW,OECD.ELS.SAE:DSD_EARNINGS@RMW(1.0),Real minimum wages at constant prices,I,CAN,Canada,SM_WG,Statutory minimum wages,USD_PPP,"US dollars, PPP converted",A,Annual,Q,Constant prices,_Z,Not applicable,_Z,Not applicable,2022,,26954.39772,,2024,,A,Normal value,0,Units,0,Zero
DATAFLOW,OECD.ELS.SAE:DSD_EARNINGS@RMW(1.0),Real minimum wages at constant prices,I,CAN,Canada,SM_WG,Statutory minimum wages,USD_PPP,"US dollars, PPP converted",A,Annual,Q,Constant prices,_Z,Not applicable,_Z,Not applicable,2023,,27281.74048,,2024,,A,Normal value,0,Units,0,Zero
DATAFLOW,OECD.ELS.SAE:DSD_EARNINGS@RMW(1.0),Real minimum wages at constant prices,I,CHL,Chile,SM_WG,Statutory minimum wages,USD_PPP,"US dollars, PPP converted",A,Annual,Q,Constant prices,_Z,Not applicable,_Z,Not applicable,1990,,3231.729878,,2024,,A,Normal value,0,Units,0,Zero
DATAFLOW,OECD.ELS.SAE:DSD_EARNINGS@RMW(1.0),Real minimum wages at constant prices,I,CHL,Chile,SM_WG,Statutory minimum wages,USD_PPP,"US dollars, PPP converted",A,Annual,Q,Constant prices,_Z,Not applicable,_Z,Not applicable,1991,,3521.937929,,2024,,A,Normal value,0,Units,0,Zero
DATAFLOW,OECD.ELS.SAE:DSD_EARNINGS@RMW(1.0),Real minimum wages at constant prices,I,CHL,Chile,SM_WG,Statutory minimum wages,USD_PPP,"US dollars, PPP converted",A,Annual,Q,Constant prices,_Z,Not applicable,_Z,Not applicable,1992,,3678.412398,,2024,,A,Normal value,0,Units,0,Zero
DATAFLOW,OECD.ELS.SAE:DSD_EARNINGS@RMW(1.0),Real minimum wages at constant prices,I,CHL,Chile,SM_WG,Statutory minimum wages,USD_PPP,"US dollars, PPP converted",A,Annual,Q,Constant prices,_Z,Not applicable,_Z,Not applicable,1993,,3861.428008,,2024,,A,Normal value,0,Units,0,Zero
DATAFLOW,OECD.ELS.SAE:DSD_EARNINGS@RMW(1.0),Real minimum wages at constant prices,I,CHL,Chile,SM_WG,Statutory minimum wages,USD_PPP,"US dollars, PPP converted",A,Annual,Q,Constant prices,_Z,Not applicable,_Z,Not applicable,1994,,4003.509295,,2024,,A,Normal value,0,Units,0,Zero
DATAFLOW,OECD.ELS.SAE:DSD_EARNINGS@RMW(1.0),Real minimum wages at constant prices,I,CHL,Chile,SM_WG,Statutory minimum wages,USD_PPP,"US dollars, PPP converted",A,Annual,Q,Constant prices,_Z,Not applicable,_Z,Not applicable,1995,,4183.854173,,2024,,A,Normal value,0,Units,0,Zero
DATAFLOW,OECD.ELS.SAE:DSD_EARNINGS@RMW(1.0),Real minimum wages at constant prices,I,CHL,Chile,SM_WG,Statutory minimum wages,USD_PPP,"US dollars, PPP converted",A,Annual,Q,Constant prices,_Z,Not applicable,_Z,Not applicable,1996,,4359.987717,,2024,,A,Normal value,0,Units,0,Zero
DATAFLOW,OECD.ELS.SAE:DSD_EARNINGS@RMW(1.0),Real minimum wages at constant prices,I,CHL,Chile,SM_WG,Statutory minimum wages,USD_PPP,"US dollars, PPP converted",A,Annual,Q,Constant prices,_Z,Not applicable,_Z,Not applicable,1997,,4513.353195,,2024,,A,Normal value,0,Units,0,Zero
DATAFLOW,OECD.ELS.SAE:DSD_EARNINGS@RMW(1.0),Real minimum wages at constant prices,I,CHL,Chile,SM_WG,Statutory minimum wages,USD_PPP,"US dollars, PPP converted",A,Annual,Q,Constant prices,_Z,Not applicable,_Z,Not applicable,1998,,4777.65766,,2024,,A,Normal value,0,Units,0,Zero
DATAFLOW,OECD.ELS.SAE:DSD_EARNINGS@RMW(1.0),Real minimum wages at constant prices,I,CHL,Chile,SM_WG,Statutory minimum wages,USD_PPP,"US dollars, PPP converted",A,Annual,Q,Constant prices,_Z,Not applicable,_Z,Not applicable,1999,,5203.500848,,2024,,A,Normal value,0,Units,0,Zero
DATAFLOW,OECD.ELS.SAE:DSD_EARNINGS@RMW(1.0),Real minimum wages at constant prices,I,CHL,Chile,SM_WG,Statutory minimum wages,USD_PPP,"US dollars, PPP converted",A,Annual,Q,Constant prices,_Z,Not applicable,_Z,Not applicable,2000,,5574.404576,,2024,,A,Normal value,0,Units,0,Zero
DATAFLOW,OECD.ELS.SAE:DSD_EARNINGS@RMW(1.0),Real minimum wages at constant prices,I,CHL,Chile,SM_WG,Statutory minimum wages,USD_PPP,"US dollars, PPP converted",A,Annual,Q,Constant prices,_Z,Not applicable,_Z,Not applicable,2001,,5783.933843,,2024,,A,Normal value,0,Units,0,Zero
DATAFLOW,OECD.ELS.SAE:DSD_EARNINGS@RMW(1.0),Real minimum wages at constant prices,I,CHL,Chile,SM_WG,Statutory minimum wages,USD_PPP,"US dollars, PPP converted",A,Annual,Q,Constant prices,_Z,Not applicable,_Z,Not applicable,2002,,5950.566294,,2024,,A,Normal value,0,Units,0,Zero
DATAFLOW,OECD.ELS.SAE:DSD_EARNINGS@RMW(1.0),Real minimum wages at constant prices,I,CHL,Chile,SM_WG,Statutory minimum wages,USD_PPP,"US dollars, PPP converted",A,Annual,Q,Constant prices,_Z,Not applicable,_Z,Not applicable,2003,,6032.515715,,2024,,A,Normal value,0,Units,0,Zero
DATAFLOW,OECD.ELS.SAE:DSD_EARNINGS@RMW(1.0),Real minimum wages at constant prices,I,CHL,Chile,SM_WG,Statutory minimum wages,USD_PPP,"US dollars, PPP converted",A,Annual,Q,Constant prices,_Z,Not applicable,_Z,Not applicable,2004,,6201.125945,,2024,,A,Normal value,0,Units,0,Zero
DATAFLOW,OECD.ELS.SAE:DSD_EARNINGS@RMW(1.0),Real minimum wages at constant prices,I,CHL,Chile,SM_WG,Statutory minimum wages,USD_PPP,"US dollars, PPP converted",A,Annual,Q,Constant prices,_Z,Not applicable,_Z,Not applicable,2005,,6320.089197,,2024,,A,Normal value,0,Units,0,Zero
DATAFLOW,OECD.ELS.SAE:DSD_EARNINGS@RMW(1.0),Real minimum wages at constant prices,I,CHL,Chile,SM_WG,Statutory minimum wages,USD_PPP,"US dollars, PPP converted",A,Annual,Q,Constant prices,_Z,Not applicable,_Z,Not applicable,2006,,6483.213159,,2024,,A,Normal value,0,Units,0,Zero
DATAFLOW,OECD.ELS.SAE:DSD_EARNINGS@RMW(1.0),Real minimum wages at constant prices,I,CHL,Chile,SM_WG,Statutory minimum wages,USD_PPP,"US dollars, PPP converted",A,Annual,Q,Constant prices,_Z,Not applicable,_Z,Not applicable,2007,,6599.8219,,2024,,A,Normal value,0,Units,0,Zero
DATAFLOW,OECD.ELS.SAE:DSD_EARNINGS@RMW(1.0),Real minimum wages at constant prices,I,CHL,Chile,SM_WG,Statutory minimum wages,USD_PPP,"US dollars, PPP converted",A,Annual,Q,Constant prices,_Z,Not applicable,_Z,Not applicable,2008,,6592.894472,,2024,,A,Normal value,0,Units,0,Zero
DATAFLOW,OECD.ELS.SAE:DSD_EARNINGS@RMW(1.0),Real minimum wages at constant prices,I,CHL,Chile,SM_WG,Statutory minimum wages,USD_PPP,"US dollars, PPP converted",A,Annual,Q,Constant prices,_Z,Not applicable,_Z,Not applicable,2009,,7025.026587,,2024,,A,Normal value,0,Units,0,Zero
DATAFLOW,OECD.ELS.SAE:DSD_EARNINGS@RMW(1.0),Real minimum wages at constant prices,I,CHL,Chile,SM_WG,Statutory minimum wages,USD_PPP,"US dollars, PPP converted",A,Annual,Q,Constant prices,_Z,Not applicable,_Z,Not applicable,2010,,7205.248852,,2024,,A,Normal value,0,Units,0,Zero
DATAFLOW,OECD.ELS.SAE:DSD_EARNINGS@RMW(1.0),Real minimum wages at constant prices,I,CHL,Chile,SM_WG,Statutory minimum wages,USD_PPP,"US dollars, PPP converted",A,Annual,Q,Constant prices,_Z,Not applicable,_Z,Not applicable,2011,,7324.007406,,2024,,A,Normal value,0,Units,0,Zero
DATAFLOW,OECD.ELS.SAE:DSD_EARNINGS@RMW(1.0),Real minimum wages at constant prices,I,CHL,Chile,SM_WG,Statutory minimum wages,USD_PPP,"US dollars, PPP converted",A,Annual,Q,Constant prices,_Z,Not applicable,_Z,Not applicable,2012,,7531.96276,,2024,,A,Normal value,0,Units,0,Zero
DATAFLOW,OECD.ELS.SAE:DSD_EARNINGS@RMW(1.0),Real minimum wages at constant prices,I,CHL,Chile,SM_WG,Statutory minimum wages,USD_PPP,"US dollars, PPP converted",A,Annual,Q,Constant prices,_Z,Not applicable,_Z,Not applicable,2013,,7896.135014,,2024,,A,Normal value,0,Units,0,Zero
DATAFLOW,OECD.ELS.SAE:DSD_EARNINGS@RMW(1.0),Real minimum wages at constant prices,I,CHL,Chile,SM_WG,Statutory minimum wages,USD_PPP,"US dollars, PPP converted",A,Annual,Q,Constant prices,_Z,Not applicable,_Z,Not applicable,2014,,8149.587384,,2024,,A,Normal value,0,Units,0,Zero
DATAFLOW,OECD.ELS.SAE:DSD_EARNINGS@RMW(1.0),Real minimum wages at constant prices,I,CHL,Chile,SM_WG,Statutory minimum wages,USD_PPP,"US dollars, PPP converted",A,Annual,Q,Constant prices,_Z,Not applicable,_Z,Not applicable,2015,,8369.739272,,2024,,A,Normal value,0,Units,0,Zero
DATAFLOW,OECD.ELS.SAE:DSD_EARNINGS@RMW(1.0),Real minimum wages at constant prices,I,CHL,Chile,SM_WG,Statutory minimum wages,USD_PPP,"US dollars, PPP converted",A,Annual,Q,Constant prices,_Z,Not applicable,_Z,Not applicable,2016,,8829.957767,,2024,,A,Normal value,0,Units,0,Zero
DATAFLOW,OECD.ELS.SAE:DSD_EARNINGS@RMW(1.0),Real minimum wages at constant prices,I,CHL,Chile,SM_WG,Statutory minimum wages,USD_PPP,"US dollars, PPP converted",A,Annual,Q,Constant prices,_Z,Not applicable,_Z,Not applicable,2017,,9092.56099,,2024,,A,Normal value,0,Units,0,Zero
DATAFLOW,OECD.ELS.SAE:DSD_EARNINGS@RMW(1.0),Real minimum wages at constant prices,I,CHL,Chile,SM_WG,Statutory minimum wages,USD_PPP,"US dollars, PPP converted",A,Annual,Q,Constant prices,_Z,Not applicable,_Z,Not applicable,2018,,9308.618817,,2024,,A,Normal value,0,Units,0,Zero
DATAFLOW,OECD.ELS.SAE:DSD_EARNINGS@RMW(1.0),Real minimum wages at constant prices,I,CHL,Chile,SM_WG,Statutory minimum wages,USD_PPP,"US dollars, PPP converted",A,Annual,Q,Constant prices,_Z,Not applicable,_Z,Not applicable,2019,,9686.990313,,2024,,A,Normal value,0,Units,0,Zero
DATAFLOW,OECD.ELS.SAE:DSD_EARNINGS@RMW(1.0),Real minimum wages at constant prices,I,CHL,Chile,SM_WG,Statutory minimum wages,USD_PPP,"US dollars, PPP converted",A,Annual,Q,Constant prices,_Z,Not applicable,_Z,Not applicable,2020,,10042.95538,,2024,,A,Normal value,0,Units,0,Zero
DATAFLOW,OECD.ELS.SAE:DSD_EARNINGS@RMW(1.0),Real minimum wages at constant prices,I,CHL,Chile,SM_WG,Statutory minimum wages,USD_PPP,"US dollars, PPP converted",A,Annual,Q,Constant prices,_Z,Not applicable,_Z,Not applicable,2021,,10037.09943,,2024,,A,Normal value,0,Units,0,Zero
DATAFLOW,OECD.ELS.SAE:DSD_EARNINGS@RMW(1.0),Real minimum wages at constant prices,I,CHL,Chile,SM_WG,Statutory minimum wages,USD_PPP,"US dollars, PPP converted",A,Annual,Q,Constant prices,_Z,Not applicable,_Z,Not applicable,2022,,9857.411129,,2024,,A,Normal value,0,Units,0,Zero
DATAFLOW,OECD.ELS.SAE:DSD_EARNINGS@RMW(1.0),Real minimum wages at constant prices,I,CHL,Chile,SM_WG,Statutory minimum wages,USD_PPP,"US dollars, PPP converted",A,Annual,Q,Constant prices,_Z,Not applicable,_Z,Not applicable,2023,,10273.60495,,2024,,A,Normal value,0,Units,0,Zero
DATAFLOW,OECD.ELS.SAE:DSD_EARNINGS@RMW(1.0),Real minimum wages at constant prices,I,CHL,Chile,SM_WG,Statutory minimum wages,USD_PPP,"US dollars, PPP converted",A,Annual,Q,Constant prices,_Z,Not applicable,_Z,Not applicable,2024,,10931.40856,,2024,,A,Normal value,0,Units,0,Zero
DATAFLOW,OECD.ELS.SAE:DSD_EARNINGS@RMW(1.0),Real minimum wages at constant prices,I,COL,Colombia,SM_WG,Statutory minimum wages,USD_PPP,"US dollars, PPP converted",A,Annual,Q,Constant prices,_Z,Not applicable,_Z,Not applicable,1984,,7633.778357,,2024,,A,Normal value,0,Units,0,Zero
DATAFLOW,OECD.ELS.SAE:DSD_EARNINGS@RMW(1.0),Real minimum wages at constant prices,I,COL,Colombia,SM_WG,Statutory minimum wages,USD_PPP,"US dollars, PPP converted",A,Annual,Q,Constant prices,_Z,Not applicable,_Z,Not applicable,1985,,7382.374872,,2024,,A,Normal value,0,Units,0,Zero
DATAFLOW,OECD.ELS.SAE:DSD_EARNINGS@RMW(1.0),Real minimum wages at constant prices,I,COL,Colombia,SM_WG,Statutory minimum wages,USD_PPP,"US dollars, PPP converted",A,Annual,Q,Constant prices,_Z,Not applicable,_Z,Not applicable,1986,,7702.335208,,2024,,A,Normal value,0,Units,0,Zero
DATAFLOW,OECD.ELS.SAE:DSD_EARNINGS@RMW(1.0),Real minimum wages at constant prices,I,COL,Colombia,SM_WG,Statutory minimum wages,USD_PPP,"US dollars, PPP converted",A,Annual,Q,Constant prices,_Z,Not applicable,_Z,Not applicable,1987,,7621.215701,,2024,,A,Normal value,0,Units,0,Zero
DATAFLOW,OECD.ELS.SAE:DSD_EARNINGS@RMW(1.0),Real minimum wages at constant prices,I,COL,Colombia,SM_WG,Statutory minimum wages,USD_PPP,"US dollars, PPP converted",A,Annual,Q,Constant prices,_Z,Not applicable,_Z,Not applicable,1988,,7436.151615,,2024,,A,Normal value,0,Units,0,Zero
DATAFLOW,OECD.ELS.SAE:DSD_EARNINGS@RMW(1.0),Real minimum wages at constant prices,I,COL,Colombia,SM_WG,Statutory minimum wages,USD_PPP,"US dollars, PPP converted",A,Annual,Q,Constant prices,_Z,Not applicable,_Z,Not applicable,1989,,7503.287845,,2024,,A,Normal value,0,Units,0,Zero
DATAFLOW,OECD.ELS.SAE:DSD_EARNINGS@RMW(1.0),Real minimum wages at constant prices,I,COL,Colombia,SM_WG,Statutory minimum wages,USD_PPP,"US dollars, PPP converted",A,Annual,Q,Constant prices,_Z,Not applicable,_Z,Not applicable,1990,,7320.060186,,2024,,A,Normal value,0,Units,0,Zero
DATAFLOW,OECD.ELS.SAE:DSD_EARNINGS@RMW(1.0),Real minimum wages at constant prices,I,COL,Colombia,SM_WG,Statutory minimum wages,USD_PPP,"US dollars, PPP converted",A,Annual,Q,Constant prices,_Z,Not applicable,_Z,Not applicable,1991,,7077.074168,,2024,,A,Normal value,0,Units,0,Zero
DATAFLOW,OECD.ELS.SAE:DSD_EARNINGS@RMW(1.0),Real minimum wages at constant prices,I,COL,Colombia,SM_WG,Statutory minimum wages,USD_PPP,"US dollars, PPP converted",A,Annual,Q,Constant prices,_Z,Not applicable,_Z,Not applicable,1992,,7023.766085,,2024,,A,Normal value,0,Units,0,Zero
DATAFLOW,OECD.ELS.SAE:DSD_EARNINGS@RMW(1.0),Real minimum wages at constant prices,I,COL,Colombia,SM_WG,Statutory minimum wages,USD_PPP,"US dollars, PPP converted",A,Annual,Q,Constant prices,_Z,Not applicable,_Z,Not applicable,1993,,7172.454141,,2024,,A,Normal value,0,Units,0,Zero
DATAFLOW,OECD.ELS.SAE:DSD_EARNINGS@RMW(1.0),Real minimum wages at constant prices,I,COL,Colombia,SM_WG,Statutory minimum wages,USD_PPP,"US dollars, PPP converted",A,Annual,Q,Constant prices,_Z,Not applicable,_Z,Not applicable,1994,,7069.879851,,2024,,A,Normal value,0,Units,0,Zero
DATAFLOW,OECD.ELS.SAE:DSD_EARNINGS@RMW(1.0),Real minimum wages at constant prices,I,COL,Colombia,SM_WG,Statutory minimum wages,USD_PPP,"US dollars, PPP converted",A,Annual,Q,Constant prices,_Z,Not applicable,_Z,Not applicable,1995,,7046.999138,,2024,,A,Normal value,0,Units,0,Zero
DATAFLOW,OECD.ELS.SAE:DSD_EARNINGS@RMW(1.0),Real minimum wages at constant prices,I,COL,Colombia,SM_WG,Statutory minimum wages,USD_PPP,"US dollars, PPP converted",A,Annual,Q,Constant prices,_Z,Not applicable,_Z,Not applicable,1996,,6971.246043,,2024,,A,Normal value,0,Units,0,Zero
DATAFLOW,OECD.ELS.SAE:DSD_EARNINGS@RMW(1.0),Real minimum wages at constant prices,I,COL,Colombia,SM_WG,Statutory minimum wages,USD_PPP,"US dollars, PPP converted",A,Annual,Q,Constant prices,_Z,Not applicable,_Z,Not applicable,1997,,7121.517534,,2024,,A,Normal value,0,Units,0,Zero
DATAFLOW,OECD.ELS.SAE:DSD_EARNINGS@RMW(1.0),Real minimum wages at constant prices,I,COL,Colombia,SM_WG,Statutory minimum wages,USD_PPP,"US dollars, PPP converted",A,Annual,Q,Constant prices,_Z,Not applicable,_Z,Not applicable,1998,,7110.90049,,2024,,A,Normal value,0,Units,0,Zero
DATAFLOW,OECD.ELS.SAE:DSD_EARNINGS@RMW(1.0),Real minimum wages at constant prices,I,COL,Colombia,SM_WG,Statutory minimum wages,USD_PPP,"US dollars, PPP converted",A,Annual,Q,Constant prices,_Z,Not applicable,_Z,Not applicable,1999,,7440.363884,,2024,,A,Normal value,0,Units,0,Zero
DATAFLOW,OECD.ELS.SAE:DSD_EARNINGS@RMW(1.0),Real minimum wages at constant prices,I,COL,Colombia,SM_WG,Statutory minimum wages,USD_PPP,"US dollars, PPP converted",A,Annual,Q,Constant prices,_Z,Not applicable,_Z,Not applicable,2000,,7492.960357,,2024,,A,Normal value,0,Units,0,Zero
DATAFLOW,OECD.ELS.SAE:DSD_EARNINGS@RMW(1.0),Real minimum wages at constant prices,I,COL,Colombia,SM_WG,Statutory minimum wages,USD_PPP,"US dollars, PPP converted",A,Annual,Q,Constant prices,_Z,Not applicable,_Z,Not applicable,2001,,7631.217081,,2024,,A,Normal value,0,Units,0,Zero
DATAFLOW,OECD.ELS.SAE:DSD_EARNINGS@RMW(1.0),Real minimum wages at constant prices,I,COL,Colombia,SM_WG,Statutory minimum wages,USD_PPP,"US dollars, PPP converted",A,Annual,Q,Constant prices,_Z,Not applicable,_Z,Not applicable,2002,,7752.51504,,2024,,A,Normal value,0,Units,0,Zero
DATAFLOW,OECD.ELS.SAE:DSD_EARNINGS@RMW(1.0),Real minimum wages at constant prices,I,COL,Colombia,SM_WG,Statutory minimum wages,USD_PPP,"US dollars, PPP converted",A,Annual,Q,Constant prices,_Z,Not applicable,_Z,Not applicable,2003,,7775.207986,,2024,,A,Normal value,0,Units,0,Zero
DATAFLOW,OECD.ELS.SAE:DSD_EARNINGS@RMW(1.0),Real minimum wages at constant prices,I,COL,Colombia,SM_WG,Statutory minimum wages,USD_PPP,"US dollars, PPP converted",A,Annual,Q,Constant prices,_Z,Not applicable,_Z,Not applicable,2004,,7916.704637,,2024,,A,Normal value,0,Units,0,Zero
DATAFLOW,OECD.ELS.SAE:DSD_EARNINGS@RMW(1.0),Real minimum wages at constant prices,I,COL,Colombia,SM_WG,Statutory minimum wages,USD_PPP,"US dollars, PPP converted",A,Annual,Q,Constant prices,_Z,Not applicable,_Z,Not applicable,2005,,8030.743285,,2024,,A,Normal value,0,Units,0,Zero
DATAFLOW,OECD.ELS.SAE:DSD_EARNINGS@RMW(1.0),Real minimum wages at constant prices,I,COL,Colombia,SM_WG,Statutory minimum wages,USD_PPP,"US dollars, PPP converted",A,Annual,Q,Constant prices,_Z,Not applicable,_Z,Not applicable,2006,,8235.015041,,2024,,A,Normal value,0,Units,0,Zero
DATAFLOW,OECD.ELS.SAE:DSD_EARNINGS@RMW(1.0),Real minimum wages at constant prices,I,COL,Colombia,SM_WG,Statutory minimum wages,USD_PPP,"US dollars, PPP converted",A,Annual,Q,Constant prices,_Z,Not applicable,_Z,Not applicable,2007,,8293.895889,,2024,,A,Normal value,0,Units,0,Zero
DATAFLOW,OECD.ELS.SAE:DSD_EARNINGS@RMW(1.0),Real minimum wages at constant prices,I,COL,Colombia,SM_WG,Statutory minimum wages,USD_PPP,"US dollars, PPP converted",A,Annual,Q,Constant prices,_Z,Not applicable,_Z,Not applicable,2008,,8248.400509,,2024,,A,Normal value,0,Units,0,Zero
DATAFLOW,OECD.ELS.SAE:DSD_EARNINGS@RMW(1.0),Real minimum wages at constant prices,I,COL,Colombia,SM_WG,Statutory minimum wages,USD_PPP,"US dollars, PPP converted",A,Annual,Q,Constant prices,_Z,Not applicable,_Z,Not applicable,2009,,8522.927122,,2024,,A,Normal value,0,Units,0,Zero
DATAFLOW,OECD.ELS.SAE:DSD_EARNINGS@RMW(1.0),Real minimum wages at constant prices,I,COL,Colombia,SM_WG,Statutory minimum wages,USD_PPP,"US dollars, PPP converted",A,Annual,Q,Constant prices,_Z,Not applicable,_Z,Not applicable,2010,,8637.145973,,2024,,A,Normal value,0,Units,0,Zero
DATAFLOW,OECD.ELS.SAE:DSD_EARNINGS@RMW(1.0),Real minimum wages at constant prices,I,COL,Colombia,SM_WG,Statutory minimum wages,USD_PPP,"US dollars, PPP converted",A,Annual,Q,Constant prices,_Z,Not applicable,_Z,Not applicable,2011,,8686.001653,,2024,,A,Normal value,0,Units,0,Zero
DATAFLOW,OECD.ELS.SAE:DSD_EARNINGS@RMW(1.0),Real minimum wages at constant prices,I,COL,Colombia,SM_WG,Statutory minimum wages,USD_PPP,"US dollars, PPP converted",A,Annual,Q,Constant prices,_Z,Not applicable,_Z,Not applicable,2012,,8908.038458,,2024,,A,Normal value,0,Units,0,Zero
DATAFLOW,OECD.ELS.SAE:DSD_EARNINGS@RMW(1.0),Real minimum wages at constant prices,I,COL,Colombia,SM_WG,Statutory minimum wages,USD_PPP,"US dollars, PPP converted",A,Annual,Q,Constant prices,_Z,Not applicable,_Z,Not applicable,2013,,9083.2266,,2024,,A,Normal value,0,Units,0,Zero
DATAFLOW,OECD.ELS.SAE:DSD_EARNINGS@RMW(1.0),Real minimum wages at constant prices,I,COL,Colombia,SM_WG,Statutory minimum wages,USD_PPP,"US dollars, PPP converted",A,Annual,Q,Constant prices,_Z,Not applicable,_Z,Not applicable,2014,,9224.154915,,2024,,A,Normal value,0,Units,0,Zero
DATAFLOW,OECD.ELS.SAE:DSD_EARNINGS@RMW(1.0),Real minimum wages at constant prices,I,COL,Colombia,SM_WG,Statutory minimum wages,USD_PPP,"US dollars, PPP converted",A,Annual,Q,Constant prices,_Z,Not applicable,_Z,Not applicable,2015,,9190.105002,,2024,,A,Normal value,0,Units,0,Zero
DATAFLOW,OECD.ELS.SAE:DSD_EARNINGS@RMW(1.0),Real minimum wages at constant prices,I,COL,Colombia,SM_WG,Statutory minimum wages,USD_PPP,"US dollars, PPP converted",A,Annual,Q,Constant prices,_Z,Not applicable,_Z,Not applicable,2016,,9146.2051,,2024,,A,Normal value,0,Units,0,Zero
DATAFLOW,OECD.ELS.SAE:DSD_EARNINGS@RMW(1.0),Real minimum wages at constant prices,I,COL,Colombia,SM_WG,Statutory minimum wages,USD_PPP,"US dollars, PPP converted",A,Annual,Q,Constant prices,_Z,Not applicable,_Z,Not applicable,2017,,9381.705514,,2024,,A,Normal value,0,Units,0,Zero
DATAFLOW,OECD.ELS.SAE:DSD_EARNINGS@RMW(1.0),Real minimum wages at constant prices,I,COL,Colombia,SM_WG,Statutory minimum wages,USD_PPP,"US dollars, PPP converted",A,Annual,Q,Constant prices,_Z,Not applicable,_Z,Not applicable,2018,,9623.366981,,2024,,A,Normal value,0,Units,0,Zero
DATAFLOW,OECD.ELS.SAE:DSD_EARNINGS@RMW(1.0),Real minimum wages at constant prices,I,COL,Colombia,SM_WG,Statutory minimum wages,USD_PPP,"US dollars, PPP converted",A,Annual,Q,Constant prices,_Z,Not applicable,_Z,Not applicable,2019,,9853.615578,,2024,,A,Normal value,0,Units,0,Zero
DATAFLOW,OECD.ELS.SAE:DSD_EARNINGS@RMW(1.0),Real minimum wages at constant prices,I,COL,Colombia,SM_WG,Statutory minimum wages,USD_PPP,"US dollars, PPP converted",A,Annual,Q,Constant prices,_Z,Not applicable,_Z,Not applicable,2020,,10187.439,,2024,,A,Normal value,0,Units,0,Zero
DATAFLOW,OECD.ELS.SAE:DSD_EARNINGS@RMW(1.0),Real minimum wages at constant prices,I,COL,Colombia,SM_WG,Statutory minimum wages,USD_PPP,"US dollars, PPP converted",A,Annual,Q,Constant prices,_Z,Not applicable,_Z,Not applicable,2021,,10187.92561,,2024,,A,Normal value,0,Units,0,Zero
DATAFLOW,OECD.ELS.SAE:DSD_EARNINGS@RMW(1.0),Real minimum wages at constant prices,I,COL,Colombia,SM_WG,Statutory minimum wages,USD_PPP,"US dollars, PPP converted",A,Annual,Q,Constant prices,_Z,Not applicable,_Z,Not applicable,2022,,10177.85739,,2024,,A,Normal value,0,Units,0,Zero
DATAFLOW,OECD.ELS.SAE:DSD_EARNINGS@RMW(1.0),Real minimum wages at constant prices,I,COL,Colombia,SM_WG,Statutory minimum wages,USD_PPP,"US dollars, PPP converted",A,Annual,Q,Constant prices,_Z,Not applicable,_Z,Not applicable,2023,,10566.27058,,2024,,A,Normal value,0,Units,0,Zero
DATAFLOW,OECD.ELS.SAE:DSD_EARNINGS@RMW(1.0),Real minimum wages at constant prices,I,COL,Colombia,SM_WG,Statutory minimum wages,USD_PPP,"US dollars, PPP converted",A,Annual,Q,Constant prices,_Z,Not applicable,_Z,Not applicable,2024,,11107.41,,2024,,A,Normal value,0,Units,0,Zero
DATAFLOW,OECD.ELS.SAE:DSD_EARNINGS@RMW(1.0),Real minimum wages at constant prices,I,CRI,Costa Rica,SM_WG,Statutory minimum wages,USD_PPP,"US dollars, PPP converted",A,Annual,Q,Constant prices,_Z,Not applicable,_Z,Not applicable,1995,,8510.492247,,2024,,A,Normal value,0,Units,0,Zero
DATAFLOW,OECD.ELS.SAE:DSD_EARNINGS@RMW(1.0),Real minimum wages at constant prices,I,CRI,Costa Rica,SM_WG,Statutory minimum wages,USD_PPP,"US dollars, PPP converted",A,Annual,Q,Constant prices,_Z,Not applicable,_Z,Not applicable,1996,,8466.697015,,2024,,A,Normal value,0,Units,0,Zero
DATAFLOW,OECD.ELS.SAE:DSD_EARNINGS@RMW(1.0),Real minimum wages at constant prices,I,CRI,Costa Rica,SM_WG,Statutory minimum wages,USD_PPP,"US dollars, PPP converted",A,Annual,Q,Constant prices,_Z,Not applicable,_Z,Not applicable,1997,,8873.709553,,2024,,A,Normal value,0,Units,0,Zero
DATAFLOW,OECD.ELS.SAE:DSD_EARNINGS@RMW(1.0),Real minimum wages at constant prices,I,CRI,Costa Rica,SM_WG,Statutory minimum wages,USD_PPP,"US dollars, PPP converted",A,Annual,Q,Constant prices,_Z,Not applicable,_Z,Not applicable,1998,,9061.436133,,2024,,A,Normal value,0,Units,0,Zero
DATAFLOW,OECD.ELS.SAE:DSD_EARNINGS@RMW(1.0),Real minimum wages at constant prices,I,CRI,Costa Rica,SM_WG,Statutory minimum wages,USD_PPP,"US dollars, PPP converted",A,Annual,Q,Constant prices,_Z,Not applicable,_Z,Not applicable,1999,,9172.327594,,2024,,A,Normal value,0,Units,0,Zero
DATAFLOW,OECD.ELS.SAE:DSD_EARNINGS@RMW(1.0),Real minimum wages at constant prices,I,CRI,Costa Rica,SM_WG,Statutory minimum wages,USD_PPP,"US dollars, PPP converted",A,Annual,Q,Constant prices,_Z,Not applicable,_Z,Not applicable,2000,,9141.411985,,2024,,A,Normal value,0,Units,0,Zero
DATAFLOW,OECD.ELS.SAE:DSD_EARNINGS@RMW(1.0),Real minimum wages at constant prices,I,CRI,Costa Rica,SM_WG,Statutory minimum wages,USD_PPP,"US dollars, PPP converted",A,Annual,Q,Constant prices,_Z,Not applicable,_Z,Not applicable,2001,,9305.782164,,2024,,A,Normal value,0,Units,0,Zero
DATAFLOW,OECD.ELS.SAE:DSD_EARNINGS@RMW(1.0),Real minimum wages at constant prices,I,CRI,Costa Rica,SM_WG,Statutory minimum wages,USD_PPP,"US dollars, PPP converted",A,Annual,Q,Constant prices,_Z,Not applicable,_Z,Not applicable,2002,,9189.607787,,2024,,A,Normal value,0,Units,0,Zero
DATAFLOW,OECD.ELS.SAE:DSD_EARNINGS@RMW(1.0),Real minimum wages at constant prices,I,CRI,Costa Rica,SM_WG,Statutory minimum wages,USD_PPP,"US dollars, PPP converted",A,Annual,Q,Constant prices,_Z,Not applicable,_Z,Not applicable,2003,,9257.54051,,2024,,A,Normal value,0,Units,0,Zero
DATAFLOW,OECD.ELS.SAE:DSD_EARNINGS@RMW(1.0),Real minimum wages at constant prices,I,CRI,Costa Rica,SM_WG,Statutory minimum wages,USD_PPP,"US dollars, PPP converted",A,Annual,Q,Constant prices,_Z,Not applicable,_Z,Not applicable,2004,,9151.34359,,2024,,A,Normal value,0,Units,0,Zero
DATAFLOW,OECD.ELS.SAE:DSD_EARNINGS@RMW(1.0),Real minimum wages at constant prices,I,CRI,Costa Rica,SM_WG,Statutory minimum wages,USD_PPP,"US dollars, PPP converted",A,Annual,Q,Constant prices,_Z,Not applicable,_Z,Not applicable,2005,,9219.937957,,2024,,A,Normal value,0,Units,0,Zero
DATAFLOW,OECD.ELS.SAE:DSD_EARNINGS@RMW(1.0),Real minimum wages at constant prices,I,CRI,Costa Rica,SM_WG,Statutory minimum wages,USD_PPP,"US dollars, PPP converted",A,Annual,Q,Constant prices,_Z,Not applicable,_Z,Not applicable,2006,,9319.880354,,2024,,A,Normal value,0,Units,0,Zero
DATAFLOW,OECD.ELS.SAE:DSD_EARNINGS@RMW(1.0),Real minimum wages at constant prices,I,CRI,Costa Rica,SM_WG,Statutory minimum wages,USD_PPP,"US dollars, PPP converted",A,Annual,Q,Constant prices,_Z,Not applicable,_Z,Not applicable,2007,,9401.942991,,2024,,A,Normal value,0,Units,0,Zero
DATAFLOW,OECD.ELS.SAE:DSD_EARNINGS@RMW(1.0),Real minimum wages at constant prices,I,CRI,Costa Rica,SM_WG,Statutory minimum wages,USD_PPP,"US dollars, PPP converted",A,Annual,Q,Constant prices,_Z,Not applicable,_Z,Not applicable,2008,,9591.571806,,2024,,A,Normal value,0,Units,0,Zero
DATAFLOW,OECD.ELS.SAE:DSD_EARNINGS@RMW(1.0),Real minimum wages at constant prices,I,CRI,Costa Rica,SM_WG,Statutory minimum wages,USD_PPP,"US dollars, PPP converted",A,Annual,Q,Constant prices,_Z,Not applicable,_Z,Not applicable,2009,,9707.554324,,2024,,A,Normal value,0,Units,0,Zero
DATAFLOW,OECD.ELS.SAE:DSD_EARNINGS@RMW(1.0),Real minimum wages at constant prices,I,CRI,Costa Rica,SM_WG,Statutory minimum wages,USD_PPP,"US dollars, PPP converted",A,Annual,Q,Constant prices,_Z,Not applicable,_Z,Not applicable,2010,,10052.19549,,2024,,A,Normal value,0,Units,0,Zero
DATAFLOW,OECD.ELS.SAE:DSD_EARNINGS@RMW(1.0),Real minimum wages at constant prices,I,CRI,Costa Rica,SM_WG,Statutory minimum wages,USD_PPP,"US dollars, PPP converted",A,Annual,Q,Constant prices,_Z,Not applicable,_Z,Not applicable,2011,,10180.99259,,2024,,A,Normal value,0,Units,0,Zero
DATAFLOW,OECD.ELS.SAE:DSD_EARNINGS@RMW(1.0),Real minimum wages at constant prices,I,CRI,Costa Rica,SM_WG,Statutory minimum wages,USD_PPP,"US dollars, PPP converted",A,Annual,Q,Constant prices,_Z,Not applicable,_Z,Not applicable,2012,,10353.39333,,2024,,A,Normal value,0,Units,0,Zero
DATAFLOW,OECD.ELS.SAE:DSD_EARNINGS@RMW(1.0),Real minimum wages at constant prices,I,CRI,Costa Rica,SM_WG,Statutory minimum wages,USD_PPP,"US dollars, PPP converted",A,Annual,Q,Constant prices,_Z,Not applicable,_Z,Not applicable,2013,,10442.58035,,2024,,A,Normal value,0,Units,0,Zero
DATAFLOW,OECD.ELS.SAE:DSD_EARNINGS@RMW(1.0),Real minimum wages at constant prices,I,CRI,Costa Rica,SM_WG,Statutory minimum wages,USD_PPP,"US dollars, PPP converted",A,Annual,Q,Constant prices,_Z,Not applicable,_Z,Not applicable,2014,,10397.99735,,2024,,A,Normal value,0,Units,0,Zero
DATAFLOW,OECD.ELS.SAE:DSD_EARNINGS@RMW(1.0),Real minimum wages at constant prices,I,CRI,Costa Rica,SM_WG,Statutory minimum wages,USD_PPP,"US dollars, PPP converted",A,Annual,Q,Constant prices,_Z,Not applicable,_Z,Not applicable,2015,,11018.22475,,2024,,A,Normal value,0,Units,0,Zero
DATAFLOW,OECD.ELS.SAE:DSD_EARNINGS@RMW(1.0),Real minimum wages at constant prices,I,CRI,Costa Rica,SM_WG,Statutory minimum wages,USD_PPP,"US dollars, PPP converted",A,Annual,Q,Constant prices,_Z,Not applicable,_Z,Not applicable,2016,,11329.30923,,2024,,A,Normal value,0,Units,0,Zero
DATAFLOW,OECD.ELS.SAE:DSD_EARNINGS@RMW(1.0),Real minimum wages at constant prices,I,CRI,Costa Rica,SM_WG,Statutory minimum wages,USD_PPP,"US dollars, PPP converted",A,Annual,Q,Constant prices,_Z,Not applicable,_Z,Not applicable,2017,,11148.06905,,2024,,A,Normal value,0,Units,0,Zero
DATAFLOW,OECD.ELS.SAE:DSD_EARNINGS@RMW(1.0),Real minimum wages at constant prices,I,CRI,Costa Rica,SM_WG,Statutory minimum wages,USD_PPP,"US dollars, PPP converted",A,Annual,Q,Constant prices,_Z,Not applicable,_Z,Not applicable,2018,,11170.84512,,2024,,A,Normal value,0,Units,0,Zero
DATAFLOW,OECD.ELS.SAE:DSD_EARNINGS@RMW(1.0),Real minimum wages at constant prices,I,CRI,Costa Rica,SM_WG,Statutory minimum wages,USD_PPP,"US dollars, PPP converted",A,Annual,Q,Constant prices,_Z,Not applicable,_Z,Not applicable,2019,,11234.49876,,2024,,A,Normal value,0,Units,0,Zero
DATAFLOW,OECD.ELS.SAE:DSD_EARNINGS@RMW(1.0),Real minimum wages at constant prices,I,CRI,Costa Rica,SM_WG,Statutory minimum wages,USD_PPP,"US dollars, PPP converted",A,Annual,Q,Constant prices,_Z,Not applicable,_Z,Not applicable,2020,,11435.17451,,2024,,A,Normal value,0,Units,0,Zero
DATAFLOW,OECD.ELS.SAE:DSD_EARNINGS@RMW(1.0),Real minimum wages at constant prices,I,CRI,Costa Rica,SM_WG,Statutory minimum wages,USD_PPP,"US dollars, PPP converted",A,Annual,Q,Constant prices,_Z,Not applicable,_Z,Not applicable,2021,,12942.61965,,2024,,A,Normal value,0,Units,0,Zero
DATAFLOW,OECD.ELS.SAE:DSD_EARNINGS@RMW(1.0),Real minimum wages at constant prices,I,CRI,Costa Rica,SM_WG,Statutory minimum wages,USD_PPP,"US dollars, PPP converted",A,Annual,Q,Constant prices,_Z,Not applicable,_Z,Not applicable,2022,,12203.33808,,2024,,A,Normal value,0,Units,0,Zero
DATAFLOW,OECD.ELS.SAE:DSD_EARNINGS@RMW(1.0),Real minimum wages at constant prices,I,CRI,Costa Rica,SM_WG,Statutory minimum wages,USD_PPP,"US dollars, PPP converted",A,Annual,Q,Constant prices,_Z,Not applicable,_Z,Not applicable,2023,,13172.10081,,2024,,A,Normal value,0,Units,0,Zero
DATAFLOW,OECD.ELS.SAE:DSD_EARNINGS@RMW(1.0),Real minimum wages at constant prices,I,CRI,Costa Rica,SM_WG,Statutory minimum wages,USD_PPP,"US dollars, PPP converted",A,Annual,Q,Constant prices,_Z,Not applicable,_Z,Not applicable,2024,,13468.66985,,2024,,A,Normal value,0,Units,0,Zero
DATAFLOW,OECD.ELS.SAE:DSD_EARNINGS@RMW(1.0),Real minimum wages at constant prices,I,CZE,Czechia,SM_WG,Statutory minimum wages,USD_PPP,"US dollars, PPP converted",A,Annual,Q,Constant prices,_Z,Not applicable,_Z,Not applicable,1991,,7567.466388,,2024,,A,Normal value,0,Units,0,Zero
DATAFLOW,OECD.ELS.SAE:DSD_EARNINGS@RMW(1.0),Real minimum wages at constant prices,I,CZE,Czechia,SM_WG,Statutory minimum wages,USD_PPP,"US dollars, PPP converted",A,Annual,Q,Constant prices,_Z,Not applicable,_Z,Not applicable,1992,,7493.451981,,2024,,A,Normal value,0,Units,0,Zero
DATAFLOW,OECD.ELS.SAE:DSD_EARNINGS@RMW(1.0),Real minimum wages at constant prices,I,CZE,Czechia,SM_WG,Statutory minimum wages,USD_PPP,"US dollars, PPP converted",A,Annual,Q,Constant prices,_Z,Not applicable,_Z,Not applicable,1993,,6202.518503,,2024,,A,Normal value,0,Units,0,Zero
DATAFLOW,OECD.ELS.SAE:DSD_EARNINGS@RMW(1.0),Real minimum wages at constant prices,I,CZE,Czechia,SM_WG,Statutory minimum wages,USD_PPP,"US dollars, PPP converted",A,Annual,Q,Constant prices,_Z,Not applicable,_Z,Not applicable,1994,,5636.633726,,2024,,A,Normal value,0,Units,0,Zero
DATAFLOW,OECD.ELS.SAE:DSD_EARNINGS@RMW(1.0),Real minimum wages at constant prices,I,CZE,Czechia,SM_WG,Statutory minimum wages,USD_PPP,"US dollars, PPP converted",A,Annual,Q,Constant prices,_Z,Not applicable,_Z,Not applicable,1995,,5171.672924,,2024,,A,Normal value,0,Units,0,Zero
DATAFLOW,OECD.ELS.SAE:DSD_EARNINGS@RMW(1.0),Real minimum wages at constant prices,I,CZE,Czechia,SM_WG,Statutory minimum wages,USD_PPP,"US dollars, PPP converted",A,Annual,Q,Constant prices,_Z,Not applicable,_Z,Not applicable,1996,,5403.610913,,2024,,A,Normal value,0,Units,0,Zero
DATAFLOW,OECD.ELS.SAE:DSD_EARNINGS@RMW(1.0),Real minimum wages at constant prices,I,CZE,Czechia,SM_WG,Statutory minimum wages,USD_PPP,"US dollars, PPP converted",A,Annual,Q,Constant prices,_Z,Not applicable,_Z,Not applicable,1997,,4975.876191,,2024,,A,Normal value,0,Units,0,Zero
DATAFLOW,OECD.ELS.SAE:DSD_EARNINGS@RMW(1.0),Real minimum wages at constant prices,I,CZE,Czechia,SM_WG,Statutory minimum wages,USD_PPP,"US dollars, PPP converted",A,Annual,Q,Constant prices,_Z,Not applicable,_Z,Not applicable,1998,,4764.686034,,2024,,A,Normal value,0,Units,0,Zero
DATAFLOW,OECD.ELS.SAE:DSD_EARNINGS@RMW(1.0),Real minimum wages at constant prices,I,CZE,Czechia,SM_WG,Statutory minimum wages,USD_PPP,"US dollars, PPP converted",A,Annual,Q,Constant prices,_Z,Not applicable,_Z,Not applicable,1999,,6029.377109,,2024,,A,Normal value,0,Units,0,Zero
DATAFLOW,OECD.ELS.SAE:DSD_EARNINGS@RMW(1.0),Real minimum wages at constant prices,I,CZE,Czechia,SM_WG,Statutory minimum wages,USD_PPP,"US dollars, PPP converted",A,Annual,Q,Constant prices,_Z,Not applicable,_Z,Not applicable,2000,,7209.521726,,2024,,A,Normal value,0,Units,0,Zero
DATAFLOW,OECD.ELS.SAE:DSD_EARNINGS@RMW(1.0),Real minimum wages at constant prices,I,CZE,Czechia,SM_WG,Statutory minimum wages,USD_PPP,"US dollars, PPP converted",A,Annual,Q,Constant prices,_Z,Not applicable,_Z,Not applicable,2001,,8103.930272,,2024,,A,Normal value,0,Units,0,Zero
DATAFLOW,OECD.ELS.SAE:DSD_EARNINGS@RMW(1.0),Real minimum wages at constant prices,I,CZE,Czechia,SM_WG,Statutory minimum wages,USD_PPP,"US dollars, PPP converted",A,Annual,Q,Constant prices,_Z,Not applicable,_Z,Not applicable,2002,,9065.956673,,2024,,A,Normal value,0,Units,0,Zero
DATAFLOW,OECD.ELS.SAE:DSD_EARNINGS@RMW(1.0),Real minimum wages at constant prices,I,CZE,Czechia,SM_WG,Statutory minimum wages,USD_PPP,"US dollars, PPP converted",A,Annual,Q,Constant prices,_Z,Not applicable,_Z,Not applicable,2003,,9849.521637,,2024,,A,Normal value,0,Units,0,Zero
DATAFLOW,OECD.ELS.SAE:DSD_EARNINGS@RMW(1.0),Real minimum wages at constant prices,I,CZE,Czechia,SM_WG,Statutory minimum wages,USD_PPP,"US dollars, PPP converted",A,Annual,Q,Constant prices,_Z,Not applicable,_Z,Not applicable,2004,,10357.94649,,2024,,A,Normal value,0,Units,0,Zero
DATAFLOW,OECD.ELS.SAE:DSD_EARNINGS@RMW(1.0),Real minimum wages at constant prices,I,CZE,Czechia,SM_WG,Statutory minimum wages,USD_PPP,"US dollars, PPP converted",A,Annual,Q,Constant prices,_Z,Not applicable,_Z,Not applicable,2005,,10905.21757,,2024,,A,Normal value,0,Units,0,Zero
DATAFLOW,OECD.ELS.SAE:DSD_EARNINGS@RMW(1.0),Real minimum wages at constant prices,I,CZE,Czechia,SM_WG,Statutory minimum wages,USD_PPP,"US dollars, PPP converted",A,Annual,Q,Constant prices,_Z,Not applicable,_Z,Not applicable,2006,,11490.56296,,2024,,A,Normal value,0,Units,0,Zero
DATAFLOW,OECD.ELS.SAE:DSD_EARNINGS@RMW(1.0),Real minimum wages at constant prices,I,CZE,Czechia,SM_WG,Statutory minimum wages,USD_PPP,"US dollars, PPP converted",A,Annual,Q,Constant prices,_Z,Not applicable,_Z,Not applicable,2007,,11513.6275,,2024,,A,Normal value,0,Units,0,Zero
DATAFLOW,OECD.ELS.SAE:DSD_EARNINGS@RMW(1.0),Real minimum wages at constant prices,I,CZE,Czechia,SM_WG,Statutory minimum wages,USD_PPP,"US dollars, PPP converted",A,Annual,Q,Constant prices,_Z,Not applicable,_Z,Not applicable,2008,,10825.28411,,2024,,A,Normal value,0,Units,0,Zero
DATAFLOW,OECD.ELS.SAE:DSD_EARNINGS@RMW(1.0),Real minimum wages at constant prices,I,CZE,Czechia,SM_WG,Statutory minimum wages,USD_PPP,"US dollars, PPP converted",A,Annual,Q,Constant prices,_Z,Not applicable,_Z,Not applicable,2009,,10716.04832,,2024,,A,Normal value,0,Units,0,Zero
DATAFLOW,OECD.ELS.SAE:DSD_EARNINGS@RMW(1.0),Real minimum wages at constant prices,I,CZE,Czechia,SM_WG,Statutory minimum wages,USD_PPP,"US dollars, PPP converted",A,Annual,Q,Constant prices,_Z,Not applicable,_Z,Not applicable,2010,,10560.51951,,2024,,A,Normal value,0,Units,0,Zero
DATAFLOW,OECD.ELS.SAE:DSD_EARNINGS@RMW(1.0),Real minimum wages at constant prices,I,CZE,Czechia,SM_WG,Statutory minimum wages,USD_PPP,"US dollars, PPP converted",A,Annual,Q,Constant prices,_Z,Not applicable,_Z,Not applicable,2011,,10361.86032,,2024,,A,Normal value,0,Units,0,Zero
DATAFLOW,OECD.ELS.SAE:DSD_EARNINGS@RMW(1.0),Real minimum wages at constant prices,I,CZE,Czechia,SM_WG,Statutory minimum wages,USD_PPP,"US dollars, PPP converted",A,Annual,Q,Constant prices,_Z,Not applicable,_Z,Not applicable,2012,,10032.04519,,2024,,A,Normal value,0,Units,0,Zero
DATAFLOW,OECD.ELS.SAE:DSD_EARNINGS@RMW(1.0),Real minimum wages at constant prices,I,CZE,Czechia,SM_WG,Statutory minimum wages,USD_PPP,"US dollars, PPP converted",A,Annual,Q,Constant prices,_Z,Not applicable,_Z,Not applicable,2013,,10147.3466,,2024,,A,Normal value,0,Units,0,Zero
DATAFLOW,OECD.ELS.SAE:DSD_EARNINGS@RMW(1.0),Real minimum wages at constant prices,I,CZE,Czechia,SM_WG,Statutory minimum wages,USD_PPP,"US dollars, PPP converted",A,Annual,Q,Constant prices,_Z,Not applicable,_Z,Not applicable,2014,,10471.89081,,2024,,A,Normal value,0,Units,0,Zero
DATAFLOW,OECD.ELS.SAE:DSD_EARNINGS@RMW(1.0),Real minimum wages at constant prices,I,CZE,Czechia,SM_WG,Statutory minimum wages,USD_PPP,"US dollars, PPP converted",A,Annual,Q,Constant prices,_Z,Not applicable,_Z,Not applicable,2015,,11299.32495,,2024,,A,Normal value,0,Units,0,Zero
DATAFLOW,OECD.ELS.SAE:DSD_EARNINGS@RMW(1.0),Real minimum wages at constant prices,I,CZE,Czechia,SM_WG,Statutory minimum wages,USD_PPP,"US dollars, PPP converted",A,Annual,Q,Constant prices,_Z,Not applicable,_Z,Not applicable,2016,,12076.51672,,2024,,A,Normal value,0,Units,0,Zero
DATAFLOW,OECD.ELS.SAE:DSD_EARNINGS@RMW(1.0),Real minimum wages at constant prices,I,CZE,Czechia,SM_WG,Statutory minimum wages,USD_PPP,"US dollars, PPP converted",A,Annual,Q,Constant prices,_Z,Not applicable,_Z,Not applicable,2017,,13097.39144,,2024,,A,Normal value,0,Units,0,Zero
DATAFLOW,OECD.ELS.SAE:DSD_EARNINGS@RMW(1.0),Real minimum wages at constant prices,I,CZE,Czechia,SM_WG,Statutory minimum wages,USD_PPP,"US dollars, PPP converted",A,Annual,Q,Constant prices,_Z,Not applicable,_Z,Not applicable,2018,,14220.52374,,2024,,A,Normal value,0,Units,0,Zero
DATAFLOW,OECD.ELS.SAE:DSD_EARNINGS@RMW(1.0),Real minimum wages at constant prices,I,CZE,Czechia,SM_WG,Statutory minimum wages,USD_PPP,"US dollars, PPP converted",A,Annual,Q,Constant prices,_Z,Not applicable,_Z,Not applicable,2019,,15300.09779,,2024,,A,Normal value,0,Units,0,Zero
DATAFLOW,OECD.ELS.SAE:DSD_EARNINGS@RMW(1.0),Real minimum wages at constant prices,I,CZE,Czechia,SM_WG,Statutory minimum wages,USD_PPP,"US dollars, PPP converted",A,Annual,Q,Constant prices,_Z,Not applicable,_Z,Not applicable,2020,,16039.70998,,2024,,A,Normal value,0,Units,0,Zero
DATAFLOW,OECD.ELS.SAE:DSD_EARNINGS@RMW(1.0),Real minimum wages at constant prices,I,CZE,Czechia,SM_WG,Statutory minimum wages,USD_PPP,"US dollars, PPP converted",A,Annual,Q,Constant prices,_Z,Not applicable,_Z,Not applicable,2021,,16081.38565,,2024,,A,Normal value,0,Units,0,Zero
DATAFLOW,OECD.ELS.SAE:DSD_EARNINGS@RMW(1.0),Real minimum wages at constant prices,I,CZE,Czechia,SM_WG,Statutory minimum wages,USD_PPP,"US dollars, PPP converted",A,Annual,Q,Constant prices,_Z,Not applicable,_Z,Not applicable,2022,,14890.83085,,2024,,A,Normal value,0,Units,0,Zero
DATAFLOW,OECD.ELS.SAE:DSD_EARNINGS@RMW(1.0),Real minimum wages at constant prices,I,CZE,Czechia,SM_WG,Statutory minimum wages,USD_PPP,"US dollars, PPP converted",A,Annual,Q,Constant prices,_Z,Not applicable,_Z,Not applicable,2023,,14369.91831,,2024,,A,Normal value,0,Units,0,Zero
DATAFLOW,OECD.ELS.SAE:DSD_EARNINGS@RMW(1.0),Real minimum wages at constant prices,I,CZE,Czechia,SM_WG,Statutory minimum wages,USD_PPP,"US dollars, PPP converted",A,Annual,Q,Constant prices,_Z,Not applicable,_Z,Not applicable,2024,,15325.6995,,2024,,A,Normal value,0,Units,0,Zero
DATAFLOW,OECD.ELS.SAE:DSD_EARNINGS@RMW(1.0),Real minimum wages at constant prices,I,EST,Estonia,SM_WG,Statutory minimum wages,USD_PPP,"US dollars, PPP converted",A,Annual,Q,Constant prices,_Z,Not applicable,_Z,Not applicable,1998,,3515.49703,,2024,,A,Normal value,0,Units,0,Zero
DATAFLOW,OECD.ELS.SAE:DSD_EARNINGS@RMW(1.0),Real minimum wages at constant prices,I,EST,Estonia,SM_WG,Statutory minimum wages,USD_PPP,"US dollars, PPP converted",A,Annual,Q,Constant prices,_Z,Not applicable,_Z,Not applicable,1999,,3867.58519,,2024,,A,Normal value,0,Units,0,Zero
DATAFLOW,OECD.ELS.SAE:DSD_EARNINGS@RMW(1.0),Real minimum wages at constant prices,I,EST,Estonia,SM_WG,Statutory minimum wages,USD_PPP,"US dollars, PPP converted",A,Annual,Q,Constant prices,_Z,Not applicable,_Z,Not applicable,2000,,4164.500818,,2024,,A,Normal value,0,Units,0,Zero
DATAFLOW,OECD.ELS.SAE:DSD_EARNINGS@RMW(1.0),Real minimum wages at constant prices,I,EST,Estonia,SM_WG,Statutory minimum wages,USD_PPP,"US dollars, PPP converted",A,Annual,Q,Constant prices,_Z,Not applicable,_Z,Not applicable,2001,,4500.58993,,2024,,A,Normal value,0,Units,0,Zero
DATAFLOW,OECD.ELS.SAE:DSD_EARNINGS@RMW(1.0),Real minimum wages at constant prices,I,EST,Estonia,SM_WG,Statutory minimum wages,USD_PPP,"US dollars, PPP converted",A,Annual,Q,Constant prices,_Z,Not applicable,_Z,Not applicable,2002,,5024.421384,,2024,,A,Normal value,0,Units,0,Zero
DATAFLOW,OECD.ELS.SAE:DSD_EARNINGS@RMW(1.0),Real minimum wages at constant prices,I,EST,Estonia,SM_WG,Statutory minimum wages,USD_PPP,"US dollars, PPP converted",A,Annual,Q,Constant prices,_Z,Not applicable,_Z,Not applicable,2003,,5788.934277,,2024,,A,Normal value,0,Units,0,Zero
DATAFLOW,OECD.ELS.SAE:DSD_EARNINGS@RMW(1.0),Real minimum wages at constant prices,I,EST,Estonia,SM_WG,Statutory minimum wages,USD_PPP,"US dollars, PPP converted",A,Annual,Q,Constant prices,_Z,Not applicable,_Z,Not applicable,2004,,6449.877649,,2024,,A,Normal value,0,Units,0,Zero
DATAFLOW,OECD.ELS.SAE:DSD_EARNINGS@RMW(1.0),Real minimum wages at constant prices,I,EST,Estonia,SM_WG,Statutory minimum wages,USD_PPP,"US dollars, PPP converted",A,Annual,Q,Constant prices,_Z,Not applicable,_Z,Not applicable,2005,,6721.751885,,2024,,A,Normal value,0,Units,0,Zero
DATAFLOW,OECD.ELS.SAE:DSD_EARNINGS@RMW(1.0),Real minimum wages at constant prices,I,EST,Estonia,SM_WG,Statutory minimum wages,USD_PPP,"US dollars, PPP converted",A,Annual,Q,Constant prices,_Z,Not applicable,_Z,Not applicable,2006,,7177.764354,,2024,,A,Normal value,0,Units,0,Zero
DATAFLOW,OECD.ELS.SAE:DSD_EARNINGS@RMW(1.0),Real minimum wages at constant prices,I,EST,Estonia,SM_WG,Statutory minimum wages,USD_PPP,"US dollars, PPP converted",A,Annual,Q,Constant prices,_Z,Not applicable,_Z,Not applicable,2007,,8080.074379,,2024,,A,Normal value,0,Units,0,Zero
DATAFLOW,OECD.ELS.SAE:DSD_EARNINGS@RMW(1.0),Real minimum wages at constant prices,I,EST,Estonia,SM_WG,Statutory minimum wages,USD_PPP,"US dollars, PPP converted",A,Annual,Q,Constant prices,_Z,Not applicable,_Z,Not applicable,2008,,8846.909477,,2024,,A,Normal value,0,Units,0,Zero
DATAFLOW,OECD.ELS.SAE:DSD_EARNINGS@RMW(1.0),Real minimum wages at constant prices,I,EST,Estonia,SM_WG,Statutory minimum wages,USD_PPP,"US dollars, PPP converted",A,Annual,Q,Constant prices,_Z,Not applicable,_Z,Not applicable,2009,,8853.851543,,2024,,A,Normal value,0,Units,0,Zero
DATAFLOW,OECD.ELS.SAE:DSD_EARNINGS@RMW(1.0),Real minimum wages at constant prices,I,EST,Estonia,SM_WG,Statutory minimum wages,USD_PPP,"US dollars, PPP converted",A,Annual,Q,Constant prices,_Z,Not applicable,_Z,Not applicable,2010,,8598.305831,,2024,,A,Normal value,0,Units,0,Zero
DATAFLOW,OECD.ELS.SAE:DSD_EARNINGS@RMW(1.0),Real minimum wages at constant prices,I,EST,Estonia,SM_WG,Statutory minimum wages,USD_PPP,"US dollars, PPP converted",A,Annual,Q,Constant prices,_Z,Not applicable,_Z,Not applicable,2011,,8190.27464,,2024,,A,Normal value,0,Units,0,Zero
DATAFLOW,OECD.ELS.SAE:DSD_EARNINGS@RMW(1.0),Real minimum wages at constant prices,I,EST,Estonia,SM_WG,Statutory minimum wages,USD_PPP,"US dollars, PPP converted",A,Annual,Q,Constant prices,_Z,Not applicable,_Z,Not applicable,2012,,8219.876018,,2024,,A,Normal value,0,Units,0,Zero
DATAFLOW,OECD.ELS.SAE:DSD_EARNINGS@RMW(1.0),Real minimum wages at constant prices,I,EST,Estonia,SM_WG,Statutory minimum wages,USD_PPP,"US dollars, PPP converted",A,Annual,Q,Constant prices,_Z,Not applicable,_Z,Not applicable,2013,,8824.82583,,2024,,A,Normal value,0,Units,0,Zero
DATAFLOW,OECD.ELS.SAE:DSD_EARNINGS@RMW(1.0),Real minimum wages at constant prices,I,EST,Estonia,SM_WG,Statutory minimum wages,USD_PPP,"US dollars, PPP converted",A,Annual,Q,Constant prices,_Z,Not applicable,_Z,Not applicable,2014,,9800.445438,,2024,,A,Normal value,0,Units,0,Zero
DATAFLOW,OECD.ELS.SAE:DSD_EARNINGS@RMW(1.0),Real minimum wages at constant prices,I,EST,Estonia,SM_WG,Statutory minimum wages,USD_PPP,"US dollars, PPP converted",A,Annual,Q,Constant prices,_Z,Not applicable,_Z,Not applicable,2015,,10819.9601,,2024,,A,Normal value,0,Units,0,Zero
DATAFLOW,OECD.ELS.SAE:DSD_EARNINGS@RMW(1.0),Real minimum wages at constant prices,I,EST,Estonia,SM_WG,Statutory minimum wages,USD_PPP,"US dollars, PPP converted",A,Annual,Q,Constant prices,_Z,Not applicable,_Z,Not applicable,2016,,11911.98648,,2024,,A,Normal value,0,Units,0,Zero
DATAFLOW,OECD.ELS.SAE:DSD_EARNINGS@RMW(1.0),Real minimum wages at constant prices,I,EST,Estonia,SM_WG,Statutory minimum wages,USD_PPP,"US dollars, PPP converted",A,Annual,Q,Constant prices,_Z,Not applicable,_Z,Not applicable,2017,,12589.85536,,2024,,A,Normal value,0,Units,0,Zero
DATAFLOW,OECD.ELS.SAE:DSD_EARNINGS@RMW(1.0),Real minimum wages at constant prices,I,EST,Estonia,SM_WG,Statutory minimum wages,USD_PPP,"US dollars, PPP converted",A,Annual,Q,Constant prices,_Z,Not applicable,_Z,Not applicable,2018,,12948.51463,,2024,,A,Normal value,0,Units,0,Zero
DATAFLOW,OECD.ELS.SAE:DSD_EARNINGS@RMW(1.0),Real minimum wages at constant prices,I,EST,Estonia,SM_WG,Statutory minimum wages,USD_PPP,"US dollars, PPP converted",A,Annual,Q,Constant prices,_Z,Not applicable,_Z,Not applicable,2019,,13673.01655,,2024,,A,Normal value,0,Units,0,Zero
DATAFLOW,OECD.ELS.SAE:DSD_EARNINGS@RMW(1.0),Real minimum wages at constant prices,I,EST,Estonia,SM_WG,Statutory minimum wages,USD_PPP,"US dollars, PPP converted",A,Annual,Q,Constant prices,_Z,Not applicable,_Z,Not applicable,2020,,14853.14493,,2024,,A,Normal value,0,Units,0,Zero
DATAFLOW,OECD.ELS.SAE:DSD_EARNINGS@RMW(1.0),Real minimum wages at constant prices,I,EST,Estonia,SM_WG,Statutory minimum wages,USD_PPP,"US dollars, PPP converted",A,Annual,Q,Constant prices,_Z,Not applicable,_Z,Not applicable,2021,,14192.73279,,2024,,A,Normal value,0,Units,0,Zero
DATAFLOW,OECD.ELS.SAE:DSD_EARNINGS@RMW(1.0),Real minimum wages at constant prices,I,EST,Estonia,SM_WG,Statutory minimum wages,USD_PPP,"US dollars, PPP converted",A,Annual,Q,Constant prices,_Z,Not applicable,_Z,Not applicable,2022,,13311.68608,,2024,,A,Normal value,0,Units,0,Zero
DATAFLOW,OECD.ELS.SAE:DSD_EARNINGS@RMW(1.0),Real minimum wages at constant prices,I,EST,Estonia,SM_WG,Statutory minimum wages,USD_PPP,"US dollars, PPP converted",A,Annual,Q,Constant prices,_Z,Not applicable,_Z,Not applicable,2023,,13518.63693,,2024,,A,Normal value,0,Units,0,Zero
DATAFLOW,OECD.ELS.SAE:DSD_EARNINGS@RMW(1.0),Real minimum wages at constant prices,I,EST,Estonia,SM_WG,Statutory minimum wages,USD_PPP,"US dollars, PPP converted",A,Annual,Q,Constant prices,_Z,Not applicable,_Z,Not applicable,2024,,14770.05102,,2024,,A,Normal value,0,Units,0,Zero
DATAFLOW,OECD.ELS.SAE:DSD_EARNINGS@RMW(1.0),Real minimum wages at constant prices,I,DEU,Germany,SM_WG,Statutory minimum wages,USD_PPP,"US dollars, PPP converted",A,Annual,Q,Constant prices,_Z,Not applicable,_Z,Not applicable,2015,,30035.41686,,2024,,A,Normal value,0,Units,0,Zero
DATAFLOW,OECD.ELS.SAE:DSD_EARNINGS@RMW(1.0),Real minimum wages at constant prices,I,DEU,Germany,SM_WG,Statutory minimum wages,USD_PPP,"US dollars, PPP converted",A,Annual,Q,Constant prices,_Z,Not applicable,_Z,Not applicable,2016,,29888.45532,,2024,,A,Normal value,0,Units,0,Zero
DATAFLOW,OECD.ELS.SAE:DSD_EARNINGS@RMW(1.0),Real minimum wages at constant prices,I,DEU,Germany,SM_WG,Statutory minimum wages,USD_PPP,"US dollars, PPP converted",A,Annual,Q,Constant prices,_Z,Not applicable,_Z,Not applicable,2017,,30793.49127,,2024,,A,Normal value,0,Units,0,Zero
DATAFLOW,OECD.ELS.SAE:DSD_EARNINGS@RMW(1.0),Real minimum wages at constant prices,I,DEU,Germany,SM_WG,Statutory minimum wages,USD_PPP,"US dollars, PPP converted",A,Annual,Q,Constant prices,_Z,Not applicable,_Z,Not applicable,2018,,30269.19635,,2024,,A,Normal value,0,Units,0,Zero
DATAFLOW,OECD.ELS.SAE:DSD_EARNINGS@RMW(1.0),Real minimum wages at constant prices,I,DEU,Germany,SM_WG,Statutory minimum wages,USD_PPP,"US dollars, PPP converted",A,Annual,Q,Constant prices,_Z,Not applicable,_Z,Not applicable,2019,,30927.52111,,2024,,A,Normal value,0,Units,0,Zero
DATAFLOW,OECD.ELS.SAE:DSD_EARNINGS@RMW(1.0),Real minimum wages at constant prices,I,DEU,Germany,SM_WG,Statutory minimum wages,USD_PPP,"US dollars, PPP converted",A,Annual,Q,Constant prices,_Z,Not applicable,_Z,Not applicable,2020,,30546.45751,,2024,,A,Normal value,0,Units,0,Zero
DATAFLOW,OECD.ELS.SAE:DSD_EARNINGS@RMW(1.0),Real minimum wages at constant prices,I,DEU,Germany,SM_WG,Statutory minimum wages,USD_PPP,"US dollars, PPP converted",A,Annual,Q,Constant prices,_Z,Not applicable,_Z,Not applicable,2021,,30615.00819,,2024,,A,Normal value,0,Units,0,Zero
DATAFLOW,OECD.ELS.SAE:DSD_EARNINGS@RMW(1.0),Real minimum wages at constant prices,I,DEU,Germany,SM_WG,Statutory minimum wages,USD_PPP,"US dollars, PPP converted",A,Annual,Q,Constant prices,_Z,Not applicable,_Z,Not applicable,2022,,30448.27845,,2024,,A,Normal value,0,Units,0,Zero
DATAFLOW,OECD.ELS.SAE:DSD_EARNINGS@RMW(1.0),Real minimum wages at constant prices,I,DEU,Germany,SM_WG,Statutory minimum wages,USD_PPP,"US dollars, PPP converted",A,Annual,Q,Constant prices,_Z,Not applicable,_Z,Not applicable,2023,,33854.85172,,2024,,A,Normal value,0,Units,0,Zero
DATAFLOW,OECD.ELS.SAE:DSD_EARNINGS@RMW(1.0),Real minimum wages at constant prices,I,DEU,Germany,SM_WG,Statutory minimum wages,USD_PPP,"US dollars, PPP converted",A,Annual,Q,Constant prices,_Z,Not applicable,_Z,Not applicable,2024,,34052.75912,,2024,,A,Normal value,0,Units,0,Zero
DATAFLOW,OECD.ELS.SAE:DSD_EARNINGS@RMW(1.0),Real minimum wages at constant prices,I,HUN,Hungary,SM_WG,Statutory minimum wages,USD_PPP,"US dollars, PPP converted",A,Annual,Q,Constant prices,_Z,Not applicable,_Z,Not applicable,1988,,5571.072542,,2024,,A,Normal value,0,Units,0,Zero
DATAFLOW,OECD.ELS.SAE:DSD_EARNINGS@RMW(1.0),Real minimum wages at constant prices,I,HUN,Hungary,SM_WG,Statutory minimum wages,USD_PPP,"US dollars, PPP converted",A,Annual,Q,Constant prices,_Z,Not applicable,_Z,Not applicable,1989,,5799.113949,,2024,,A,Normal value,0,Units,0,Zero
DATAFLOW,OECD.ELS.SAE:DSD_EARNINGS@RMW(1.0),Real minimum wages at constant prices,I,HUN,Hungary,SM_WG,Statutory minimum wages,USD_PPP,"US dollars, PPP converted",A,Annual,Q,Constant prices,_Z,Not applicable,_Z,Not applicable,1990,,6194.859279,,2024,,A,Normal value,0,Units,0,Zero
DATAFLOW,OECD.ELS.SAE:DSD_EARNINGS@RMW(1.0),Real minimum wages at constant prices,I,HUN,Hungary,SM_WG,Statutory minimum wages,USD_PPP,"US dollars, PPP converted",A,Annual,Q,Constant prices,_Z,Not applicable,_Z,Not applicable,1991,,6136.839766,,2024,,A,Normal value,0,Units,0,Zero
DATAFLOW,OECD.ELS.SAE:DSD_EARNINGS@RMW(1.0),Real minimum wages at constant prices,I,HUN,Hungary,SM_WG,Statutory minimum wages,USD_PPP,"US dollars, PPP converted",A,Annual,Q,Constant prices,_Z,Not applicable,_Z,Not applicable,1992,,5925.77966,,2024,,A,Normal value,0,Units,0,Zero
DATAFLOW,OECD.ELS.SAE:DSD_EARNINGS@RMW(1.0),Real minimum wages at constant prices,I,HUN,Hungary,SM_WG,Statutory minimum wages,USD_PPP,"US dollars, PPP converted",A,Annual,Q,Constant prices,_Z,Not applicable,_Z,Not applicable,1993,,5393.228512,,2024,,A,Normal value,0,Units,0,Zero
DATAFLOW,OECD.ELS.SAE:DSD_EARNINGS@RMW(1.0),Real minimum wages at constant prices,I,HUN,Hungary,SM_WG,Statutory minimum wages,USD_PPP,"US dollars, PPP converted",A,Annual,Q,Constant prices,_Z,Not applicable,_Z,Not applicable,1994,,5279.213311,,2024,,A,Normal value,0,Units,0,Zero
DATAFLOW,OECD.ELS.SAE:DSD_EARNINGS@RMW(1.0),Real minimum wages at constant prices,I,HUN,Hungary,SM_WG,Statutory minimum wages,USD_PPP,"US dollars, PPP converted",A,Annual,Q,Constant prices,_Z,Not applicable,_Z,Not applicable,1995,,4725.967013,,2024,,A,Normal value,0,Units,0,Zero
DATAFLOW,OECD.ELS.SAE:DSD_EARNINGS@RMW(1.0),Real minimum wages at constant prices,I,HUN,Hungary,SM_WG,Statutory minimum wages,USD_PPP,"US dollars, PPP converted",A,Annual,Q,Constant prices,_Z,Not applicable,_Z,Not applicable,1996,,4595.860977,,2024,,A,Normal value,0,Units,0,Zero
DATAFLOW,OECD.ELS.SAE:DSD_EARNINGS@RMW(1.0),Real minimum wages at constant prices,I,HUN,Hungary,SM_WG,Statutory minimum wages,USD_PPP,"US dollars, PPP converted",A,Annual,Q,Constant prices,_Z,Not applicable,_Z,Not applicable,1997,,4615.550019,,2024,,A,Normal value,0,Units,0,Zero
DATAFLOW,OECD.ELS.SAE:DSD_EARNINGS@RMW(1.0),Real minimum wages at constant prices,I,HUN,Hungary,SM_WG,Statutory minimum wages,USD_PPP,"US dollars, PPP converted",A,Annual,Q,Constant prices,_Z,Not applicable,_Z,Not applicable,1998,,4637.871735,,2024,,A,Normal value,0,Units,0,Zero
DATAFLOW,OECD.ELS.SAE:DSD_EARNINGS@RMW(1.0),Real minimum wages at constant prices,I,HUN,Hungary,SM_WG,Statutory minimum wages,USD_PPP,"US dollars, PPP converted",A,Annual,Q,Constant prices,_Z,Not applicable,_Z,Not applicable,1999,,4865.001066,,2024,,A,Normal value,0,Units,0,Zero
DATAFLOW,OECD.ELS.SAE:DSD_EARNINGS@RMW(1.0),Real minimum wages at constant prices,I,HUN,Hungary,SM_WG,Statutory minimum wages,USD_PPP,"US dollars, PPP converted",A,Annual,Q,Constant prices,_Z,Not applicable,_Z,Not applicable,2000,,5021.389952,,2024,,A,Normal value,0,Units,0,Zero
DATAFLOW,OECD.ELS.SAE:DSD_EARNINGS@RMW(1.0),Real minimum wages at constant prices,I,HUN,Hungary,SM_WG,Statutory minimum wages,USD_PPP,"US dollars, PPP converted",A,Annual,Q,Constant prices,_Z,Not applicable,_Z,Not applicable,2001,,7218.585677,,2024,,A,Normal value,0,Units,0,Zero
DATAFLOW,OECD.ELS.SAE:DSD_EARNINGS@RMW(1.0),Real minimum wages at constant prices,I,HUN,Hungary,SM_WG,Statutory minimum wages,USD_PPP,"US dollars, PPP converted",A,Annual,Q,Constant prices,_Z,Not applicable,_Z,Not applicable,2002,,8571.882949,,2024,,A,Normal value,0,Units,0,Zero
DATAFLOW,OECD.ELS.SAE:DSD_EARNINGS@RMW(1.0),Real minimum wages at constant prices,I,HUN,Hungary,SM_WG,Statutory minimum wages,USD_PPP,"US dollars, PPP converted",A,Annual,Q,Constant prices,_Z,Not applicable,_Z,Not applicable,2003,,8190.139202,,2024,,A,Normal value,0,Units,0,Zero
DATAFLOW,OECD.ELS.SAE:DSD_EARNINGS@RMW(1.0),Real minimum wages at constant prices,I,HUN,Hungary,SM_WG,Statutory minimum wages,USD_PPP,"US dollars, PPP converted",A,Annual,Q,Constant prices,_Z,Not applicable,_Z,Not applicable,2004,,8133.02905,,2024,,A,Normal value,0,Units,0,Zero
DATAFLOW,OECD.ELS.SAE:DSD_EARNINGS@RMW(1.0),Real minimum wages at constant prices,I,HUN,Hungary,SM_WG,Statutory minimum wages,USD_PPP,"US dollars, PPP converted",A,Annual,Q,Constant prices,_Z,Not applicable,_Z,Not applicable,2005,,8446.034827,,2024,,A,Normal value,0,Units,0,Zero
DATAFLOW,OECD.ELS.SAE:DSD_EARNINGS@RMW(1.0),Real minimum wages at constant prices,I,HUN,Hungary,SM_WG,Statutory minimum wages,USD_PPP,"US dollars, PPP converted",A,Annual,Q,Constant prices,_Z,Not applicable,_Z,Not applicable,2006,,8910.780265,,2024,,A,Normal value,0,Units,0,Zero
DATAFLOW,OECD.ELS.SAE:DSD_EARNINGS@RMW(1.0),Real minimum wages at constant prices,I,HUN,Hungary,SM_WG,Statutory minimum wages,USD_PPP,"US dollars, PPP converted",A,Annual,Q,Constant prices,_Z,Not applicable,_Z,Not applicable,2007,,8650.062347,,2024,,A,Normal value,0,Units,0,Zero
DATAFLOW,OECD.ELS.SAE:DSD_EARNINGS@RMW(1.0),Real minimum wages at constant prices,I,HUN,Hungary,SM_WG,Statutory minimum wages,USD_PPP,"US dollars, PPP converted",A,Annual,Q,Constant prices,_Z,Not applicable,_Z,Not applicable,2008,,8593.04336,,2024,,A,Normal value,0,Units,0,Zero
DATAFLOW,OECD.ELS.SAE:DSD_EARNINGS@RMW(1.0),Real minimum wages at constant prices,I,HUN,Hungary,SM_WG,Statutory minimum wages,USD_PPP,"US dollars, PPP converted",A,Annual,Q,Constant prices,_Z,Not applicable,_Z,Not applicable,2009,,8544.514129,,2024,,A,Normal value,0,Units,0,Zero
DATAFLOW,OECD.ELS.SAE:DSD_EARNINGS@RMW(1.0),Real minimum wages at constant prices,I,HUN,Hungary,SM_WG,Statutory minimum wages,USD_PPP,"US dollars, PPP converted",A,Annual,Q,Constant prices,_Z,Not applicable,_Z,Not applicable,2010,,8376.78338,,2024,,A,Normal value,0,Units,0,Zero
DATAFLOW,OECD.ELS.SAE:DSD_EARNINGS@RMW(1.0),Real minimum wages at constant prices,I,HUN,Hungary,SM_WG,Statutory minimum wages,USD_PPP,"US dollars, PPP converted",A,Annual,Q,Constant prices,_Z,Not applicable,_Z,Not applicable,2011,,8553.50093,,2024,,A,Normal value,0,Units,0,Zero
DATAFLOW,OECD.ELS.SAE:DSD_EARNINGS@RMW(1.0),Real minimum wages at constant prices,I,HUN,Hungary,SM_WG,Statutory minimum wages,USD_PPP,"US dollars, PPP converted",A,Annual,Q,Constant prices,_Z,Not applicable,_Z,Not applicable,2012,,9652.814038,,2024,,A,Normal value,0,Units,0,Zero
DATAFLOW,OECD.ELS.SAE:DSD_EARNINGS@RMW(1.0),Real minimum wages at constant prices,I,HUN,Hungary,SM_WG,Statutory minimum wages,USD_PPP,"US dollars, PPP converted",A,Annual,Q,Constant prices,_Z,Not applicable,_Z,Not applicable,2013,,9998.489833,,2024,,A,Normal value,0,Units,0,Zero
DATAFLOW,OECD.ELS.SAE:DSD_EARNINGS@RMW(1.0),Real minimum wages at constant prices,I,HUN,Hungary,SM_WG,Statutory minimum wages,USD_PPP,"US dollars, PPP converted",A,Annual,Q,Constant prices,_Z,Not applicable,_Z,Not applicable,2014,,10379.19562,,2024,,A,Normal value,0,Units,0,Zero
DATAFLOW,OECD.ELS.SAE:DSD_EARNINGS@RMW(1.0),Real minimum wages at constant prices,I,HUN,Hungary,SM_WG,Statutory minimum wages,USD_PPP,"US dollars, PPP converted",A,Annual,Q,Constant prices,_Z,Not applicable,_Z,Not applicable,2015,,10743.7237,,2024,,A,Normal value,0,Units,0,Zero
DATAFLOW,OECD.ELS.SAE:DSD_EARNINGS@RMW(1.0),Real minimum wages at constant prices,I,HUN,Hungary,SM_WG,Statutory minimum wages,USD_PPP,"US dollars, PPP converted",A,Annual,Q,Constant prices,_Z,Not applicable,_Z,Not applicable,2016,,11312.9871,,2024,,A,Normal value,0,Units,0,Zero
DATAFLOW,OECD.ELS.SAE:DSD_EARNINGS@RMW(1.0),Real minimum wages at constant prices,I,HUN,Hungary,SM_WG,Statutory minimum wages,USD_PPP,"US dollars, PPP converted",A,Annual,Q,Constant prices,_Z,Not applicable,_Z,Not applicable,2017,,12711.44139,,2024,,A,Normal value,0,Units,0,Zero
DATAFLOW,OECD.ELS.SAE:DSD_EARNINGS@RMW(1.0),Real minimum wages at constant prices,I,HUN,Hungary,SM_WG,Statutory minimum wages,USD_PPP,"US dollars, PPP converted",A,Annual,Q,Constant prices,_Z,Not applicable,_Z,Not applicable,2018,,13361.26889,,2024,,A,Normal value,0,Units,0,Zero
DATAFLOW,OECD.ELS.SAE:DSD_EARNINGS@RMW(1.0),Real minimum wages at constant prices,I,HUN,Hungary,SM_WG,Statutory minimum wages,USD_PPP,"US dollars, PPP converted",A,Annual,Q,Constant prices,_Z,Not applicable,_Z,Not applicable,2019,,13960.23003,,2024,,A,Normal value,0,Units,0,Zero
DATAFLOW,OECD.ELS.SAE:DSD_EARNINGS@RMW(1.0),Real minimum wages at constant prices,I,HUN,Hungary,SM_WG,Statutory minimum wages,USD_PPP,"US dollars, PPP converted",A,Annual,Q,Constant prices,_Z,Not applicable,_Z,Not applicable,2020,,14598.87797,,2024,,A,Normal value,0,Units,0,Zero
DATAFLOW,OECD.ELS.SAE:DSD_EARNINGS@RMW(1.0),Real minimum wages at constant prices,I,HUN,Hungary,SM_WG,Statutory minimum wages,USD_PPP,"US dollars, PPP converted",A,Annual,Q,Constant prices,_Z,Not applicable,_Z,Not applicable,2021,,14349.09845,,2024,,A,Normal value,0,Units,0,Zero
DATAFLOW,OECD.ELS.SAE:DSD_EARNINGS@RMW(1.0),Real minimum wages at constant prices,I,HUN,Hungary,SM_WG,Statutory minimum wages,USD_PPP,"US dollars, PPP converted",A,Annual,Q,Constant prices,_Z,Not applicable,_Z,Not applicable,2022,,15054.28324,,2024,,A,Normal value,0,Units,0,Zero
DATAFLOW,OECD.ELS.SAE:DSD_EARNINGS@RMW(1.0),Real minimum wages at constant prices,I,HUN,Hungary,SM_WG,Statutory minimum wages,USD_PPP,"US dollars, PPP converted",A,Annual,Q,Constant prices,_Z,Not applicable,_Z,Not applicable,2023,,15096.05524,,2024,,A,Normal value,0,Units,0,Zero
DATAFLOW,OECD.ELS.SAE:DSD_EARNINGS@RMW(1.0),Real minimum wages at constant prices,I,HUN,Hungary,SM_WG,Statutory minimum wages,USD_PPP,"US dollars, PPP converted",A,Annual,Q,Constant prices,_Z,Not applicable,_Z,Not applicable,2024,,16533.77145,,2024,,A,Normal value,0,Units,0,Zero
DATAFLOW,OECD.ELS.SAE:DSD_EARNINGS@RMW(1.0),Real minimum wages at constant prices,I,IRL,Ireland,SM_WG,Statutory minimum wages,USD_PPP,"US dollars, PPP converted",A,Annual,Q,Constant prices,_Z,Not applicable,_Z,Not applicable,2000,,20523.10186,,2024,,A,Normal value,0,Units,0,Zero
DATAFLOW,OECD.ELS.SAE:DSD_EARNINGS@RMW(1.0),Real minimum wages at constant prices,I,IRL,Ireland,SM_WG,Statutory minimum wages,USD_PPP,"US dollars, PPP converted",A,Annual,Q,Constant prices,_Z,Not applicable,_Z,Not applicable,2001,,20238.53152,,2024,,A,Normal value,0,Units,0,Zero
DATAFLOW,OECD.ELS.SAE:DSD_EARNINGS@RMW(1.0),Real minimum wages at constant prices,I,IRL,Ireland,SM_WG,Statutory minimum wages,USD_PPP,"US dollars, PPP converted",A,Annual,Q,Constant prices,_Z,Not applicable,_Z,Not applicable,2002,,20313.79589,,2024,,A,Normal value,0,Units,0,Zero
DATAFLOW,OECD.ELS.SAE:DSD_EARNINGS@RMW(1.0),Real minimum wages at constant prices,I,IRL,Ireland,SM_WG,Statutory minimum wages,USD_PPP,"US dollars, PPP converted",A,Annual,Q,Constant prices,_Z,Not applicable,_Z,Not applicable,2003,,20533.75713,,2024,,A,Normal value,0,Units,0,Zero
DATAFLOW,OECD.ELS.SAE:DSD_EARNINGS@RMW(1.0),Real minimum wages at constant prices,I,IRL,Ireland,SM_WG,Statutory minimum wages,USD_PPP,"US dollars, PPP converted",A,Annual,Q,Constant prices,_Z,Not applicable,_Z,Not applicable,2004,,21994.78786,,2024,,A,Normal value,0,Units,0,Zero
DATAFLOW,OECD.ELS.SAE:DSD_EARNINGS@RMW(1.0),Real minimum wages at constant prices,I,IRL,Ireland,SM_WG,Statutory minimum wages,USD_PPP,"US dollars, PPP converted",A,Annual,Q,Constant prices,_Z,Not applicable,_Z,Not applicable,2005,,22950.07201,,2024,,A,Normal value,0,Units,0,Zero
DATAFLOW,OECD.ELS.SAE:DSD_EARNINGS@RMW(1.0),Real minimum wages at constant prices,I,IRL,Ireland,SM_WG,Statutory minimum wages,USD_PPP,"US dollars, PPP converted",A,Annual,Q,Constant prices,_Z,Not applicable,_Z,Not applicable,2006,,22734.82822,,2024,,A,Normal value,0,Units,0,Zero
DATAFLOW,OECD.ELS.SAE:DSD_EARNINGS@RMW(1.0),Real minimum wages at constant prices,I,IRL,Ireland,SM_WG,Statutory minimum wages,USD_PPP,"US dollars, PPP converted",A,Annual,Q,Constant prices,_Z,Not applicable,_Z,Not applicable,2007,,24027.55798,,2024,,A,Normal value,0,Units,0,Zero
DATAFLOW,OECD.ELS.SAE:DSD_EARNINGS@RMW(1.0),Real minimum wages at constant prices,I,IRL,Ireland,SM_WG,Statutory minimum wages,USD_PPP,"US dollars, PPP converted",A,Annual,Q,Constant prices,_Z,Not applicable,_Z,Not applicable,2008,,23558.49942,,2024,,A,Normal value,0,Units,0,Zero
DATAFLOW,OECD.ELS.SAE:DSD_EARNINGS@RMW(1.0),Real minimum wages at constant prices,I,IRL,Ireland,SM_WG,Statutory minimum wages,USD_PPP,"US dollars, PPP converted",A,Annual,Q,Constant prices,_Z,Not applicable,_Z,Not applicable,2009,,24655.04052,,2024,,A,Normal value,0,Units,0,Zero
DATAFLOW,OECD.ELS.SAE:DSD_EARNINGS@RMW(1.0),Real minimum wages at constant prices,I,IRL,Ireland,SM_WG,Statutory minimum wages,USD_PPP,"US dollars, PPP converted",A,Annual,Q,Constant prices,_Z,Not applicable,_Z,Not applicable,2010,,24883.56837,,2024,,A,Normal value,0,Units,0,Zero
DATAFLOW,OECD.ELS.SAE:DSD_EARNINGS@RMW(1.0),Real minimum wages at constant prices,I,IRL,Ireland,SM_WG,Statutory minimum wages,USD_PPP,"US dollars, PPP converted",A,Annual,Q,Constant prices,_Z,Not applicable,_Z,Not applicable,2011,,24265.05673,,2024,,A,Normal value,0,Units,0,Zero
DATAFLOW,OECD.ELS.SAE:DSD_EARNINGS@RMW(1.0),Real minimum wages at constant prices,I,IRL,Ireland,SM_WG,Statutory minimum wages,USD_PPP,"US dollars, PPP converted",A,Annual,Q,Constant prices,_Z,Not applicable,_Z,Not applicable,2012,,23860.68089,,2024,,A,Normal value,0,Units,0,Zero
DATAFLOW,OECD.ELS.SAE:DSD_EARNINGS@RMW(1.0),Real minimum wages at constant prices,I,IRL,Ireland,SM_WG,Statutory minimum wages,USD_PPP,"US dollars, PPP converted",A,Annual,Q,Constant prices,_Z,Not applicable,_Z,Not applicable,2013,,23738.39779,,2024,,A,Normal value,0,Units,0,Zero
DATAFLOW,OECD.ELS.SAE:DSD_EARNINGS@RMW(1.0),Real minimum wages at constant prices,I,IRL,Ireland,SM_WG,Statutory minimum wages,USD_PPP,"US dollars, PPP converted",A,Annual,Q,Constant prices,_Z,Not applicable,_Z,Not applicable,2014,,23693.16021,,2024,,A,Normal value,0,Units,0,Zero
DATAFLOW,OECD.ELS.SAE:DSD_EARNINGS@RMW(1.0),Real minimum wages at constant prices,I,IRL,Ireland,SM_WG,Statutory minimum wages,USD_PPP,"US dollars, PPP converted",A,Annual,Q,Constant prices,_Z,Not applicable,_Z,Not applicable,2015,,23771.84519,,2024,,A,Normal value,0,Units,0,Zero
DATAFLOW,OECD.ELS.SAE:DSD_EARNINGS@RMW(1.0),Real minimum wages at constant prices,I,IRL,Ireland,SM_WG,Statutory minimum wages,USD_PPP,"US dollars, PPP converted",A,Annual,Q,Constant prices,_Z,Not applicable,_Z,Not applicable,2016,,25140.88697,,2024,,A,Normal value,0,Units,0,Zero
DATAFLOW,OECD.ELS.SAE:DSD_EARNINGS@RMW(1.0),Real minimum wages at constant prices,I,IRL,Ireland,SM_WG,Statutory minimum wages,USD_PPP,"US dollars, PPP converted",A,Annual,Q,Constant prices,_Z,Not applicable,_Z,Not applicable,2017,,25323.92064,,2024,,A,Normal value,0,Units,0,Zero
DATAFLOW,OECD.ELS.SAE:DSD_EARNINGS@RMW(1.0),Real minimum wages at constant prices,I,IRL,Ireland,SM_WG,Statutory minimum wages,USD_PPP,"US dollars, PPP converted",A,Annual,Q,Constant prices,_Z,Not applicable,_Z,Not applicable,2018,,26022.64469,,2024,,A,Normal value,0,Units,0,Zero
DATAFLOW,OECD.ELS.SAE:DSD_EARNINGS@RMW(1.0),Real minimum wages at constant prices,I,IRL,Ireland,SM_WG,Statutory minimum wages,USD_PPP,"US dollars, PPP converted",A,Annual,Q,Constant prices,_Z,Not applicable,_Z,Not applicable,2019,,26455.74307,,2024,,A,Normal value,0,Units,0,Zero
DATAFLOW,OECD.ELS.SAE:DSD_EARNINGS@RMW(1.0),Real minimum wages at constant prices,I,IRL,Ireland,SM_WG,Statutory minimum wages,USD_PPP,"US dollars, PPP converted",A,Annual,Q,Constant prices,_Z,Not applicable,_Z,Not applicable,2020,,27354.85086,,2024,,A,Normal value,0,Units,0,Zero
DATAFLOW,OECD.ELS.SAE:DSD_EARNINGS@RMW(1.0),Real minimum wages at constant prices,I,IRL,Ireland,SM_WG,Statutory minimum wages,USD_PPP,"US dollars, PPP converted",A,Annual,Q,Constant prices,_Z,Not applicable,_Z,Not applicable,2021,,26993.94667,,2024,,A,Normal value,0,Units,0,Zero
DATAFLOW,OECD.ELS.SAE:DSD_EARNINGS@RMW(1.0),Real minimum wages at constant prices,I,IRL,Ireland,SM_WG,Statutory minimum wages,USD_PPP,"US dollars, PPP converted",A,Annual,Q,Constant prices,_Z,Not applicable,_Z,Not applicable,2022,,25770.21944,,2024,,A,Normal value,0,Units,0,Zero
DATAFLOW,OECD.ELS.SAE:DSD_EARNINGS@RMW(1.0),Real minimum wages at constant prices,I,IRL,Ireland,SM_WG,Statutory minimum wages,USD_PPP,"US dollars, PPP converted",A,Annual,Q,Constant prices,_Z,Not applicable,_Z,Not applicable,2023,,26090.12099,,2024,,A,Normal value,0,Units,0,Zero
DATAFLOW,OECD.ELS.SAE:DSD_EARNINGS@RMW(1.0),Real minimum wages at constant prices,I,IRL,Ireland,SM_WG,Statutory minimum wages,USD_PPP,"US dollars, PPP converted",A,Annual,Q,Constant prices,_Z,Not applicable,_Z,Not applicable,2024,,28715.63413,,2024,,A,Normal value,0,Units,0,Zero
DATAFLOW,OECD.ELS.SAE:DSD_EARNINGS@RMW(1.0),Real minimum wages at constant prices,I,ISR,Israel,SM_WG,Statutory minimum wages,USD_PPP,"US dollars, PPP converted",A,Annual,Q,Constant prices,_Z,Not applicable,_Z,Not applicable,2000,,14299.25304,,2024,,A,Normal value,0,Units,0,Zero
DATAFLOW,OECD.ELS.SAE:DSD_EARNINGS@RMW(1.0),Real minimum wages at constant prices,I,ISR,Israel,SM_WG,Statutory minimum wages,USD_PPP,"US dollars, PPP converted",A,Annual,Q,Constant prices,_Z,Not applicable,_Z,Not applicable,2001,,15436.98539,,2024,,A,Normal value,0,Units,0,Zero
DATAFLOW,OECD.ELS.SAE:DSD_EARNINGS@RMW(1.0),Real minimum wages at constant prices,I,ISR,Israel,SM_WG,Statutory minimum wages,USD_PPP,"US dollars, PPP converted",A,Annual,Q,Constant prices,_Z,Not applicable,_Z,Not applicable,2002,,14935.17099,,2024,,A,Normal value,0,Units,0,Zero
DATAFLOW,OECD.ELS.SAE:DSD_EARNINGS@RMW(1.0),Real minimum wages at constant prices,I,ISR,Israel,SM_WG,Statutory minimum wages,USD_PPP,"US dollars, PPP converted",A,Annual,Q,Constant prices,_Z,Not applicable,_Z,Not applicable,2003,,15141.67164,,2024,,A,Normal value,0,Units,0,Zero
DATAFLOW,OECD.ELS.SAE:DSD_EARNINGS@RMW(1.0),Real minimum wages at constant prices,I,ISR,Israel,SM_WG,Statutory minimum wages,USD_PPP,"US dollars, PPP converted",A,Annual,Q,Constant prices,_Z,Not applicable,_Z,Not applicable,2004,,15205.7772,,2024,,A,Normal value,0,Units,0,Zero
DATAFLOW,OECD.ELS.SAE:DSD_EARNINGS@RMW(1.0),Real minimum wages at constant prices,I,ISR,Israel,SM_WG,Statutory minimum wages,USD_PPP,"US dollars, PPP converted",A,Annual,Q,Constant prices,_Z,Not applicable,_Z,Not applicable,2005,,15004.60983,,2024,,A,Normal value,0,Units,0,Zero
DATAFLOW,OECD.ELS.SAE:DSD_EARNINGS@RMW(1.0),Real minimum wages at constant prices,I,ISR,Israel,SM_WG,Statutory minimum wages,USD_PPP,"US dollars, PPP converted",A,Annual,Q,Constant prices,_Z,Not applicable,_Z,Not applicable,2006,,15434.68565,,2024,,A,Normal value,0,Units,0,Zero
DATAFLOW,OECD.ELS.SAE:DSD_EARNINGS@RMW(1.0),Real minimum wages at constant prices,I,ISR,Israel,SM_WG,Statutory minimum wages,USD_PPP,"US dollars, PPP converted",A,Annual,Q,Constant prices,_Z,Not applicable,_Z,Not applicable,2007,,16142.71243,,2024,,A,Normal value,0,Units,0,Zero
DATAFLOW,OECD.ELS.SAE:DSD_EARNINGS@RMW(1.0),Real minimum wages at constant prices,I,ISR,Israel,SM_WG,Statutory minimum wages,USD_PPP,"US dollars, PPP converted",A,Annual,Q,Constant prices,_Z,Not applicable,_Z,Not applicable,2008,,15868.48247,,2024,,A,Normal value,0,Units,0,Zero
DATAFLOW,OECD.ELS.SAE:DSD_EARNINGS@RMW(1.0),Real minimum wages at constant prices,I,ISR,Israel,SM_WG,Statutory minimum wages,USD_PPP,"US dollars, PPP converted",A,Annual,Q,Constant prices,_Z,Not applicable,_Z,Not applicable,2009,,15635.7146,,2024,,A,Normal value,0,Units,0,Zero
DATAFLOW,OECD.ELS.SAE:DSD_EARNINGS@RMW(1.0),Real minimum wages at constant prices,I,ISR,Israel,SM_WG,Statutory minimum wages,USD_PPP,"US dollars, PPP converted",A,Annual,Q,Constant prices,_Z,Not applicable,_Z,Not applicable,2010,,15224.24948,,2024,,A,Normal value,0,Units,0,Zero
DATAFLOW,OECD.ELS.SAE:DSD_EARNINGS@RMW(1.0),Real minimum wages at constant prices,I,ISR,Israel,SM_WG,Statutory minimum wages,USD_PPP,"US dollars, PPP converted",A,Annual,Q,Constant prices,_Z,Not applicable,_Z,Not applicable,2011,,15226.70397,,2024,,A,Normal value,0,Units,0,Zero
DATAFLOW,OECD.ELS.SAE:DSD_EARNINGS@RMW(1.0),Real minimum wages at constant prices,I,ISR,Israel,SM_WG,Statutory minimum wages,USD_PPP,"US dollars, PPP converted",A,Annual,Q,Constant prices,_Z,Not applicable,_Z,Not applicable,2012,,15595.46527,,2024,,A,Normal value,0,Units,0,Zero
DATAFLOW,OECD.ELS.SAE:DSD_EARNINGS@RMW(1.0),Real minimum wages at constant prices,I,ISR,Israel,SM_WG,Statutory minimum wages,USD_PPP,"US dollars, PPP converted",A,Annual,Q,Constant prices,_Z,Not applicable,_Z,Not applicable,2013,,15906.2842,,2024,,A,Normal value,0,Units,0,Zero
DATAFLOW,OECD.ELS.SAE:DSD_EARNINGS@RMW(1.0),Real minimum wages at constant prices,I,ISR,Israel,SM_WG,Statutory minimum wages,USD_PPP,"US dollars, PPP converted",A,Annual,Q,Constant prices,_Z,Not applicable,_Z,Not applicable,2014,,15832.25494,,2024,,A,Normal value,0,Units,0,Zero
DATAFLOW,OECD.ELS.SAE:DSD_EARNINGS@RMW(1.0),Real minimum wages at constant prices,I,ISR,Israel,SM_WG,Statutory minimum wages,USD_PPP,"US dollars, PPP converted",A,Annual,Q,Constant prices,_Z,Not applicable,_Z,Not applicable,2015,,16903.11277,,2024,,A,Normal value,0,Units,0,Zero
DATAFLOW,OECD.ELS.SAE:DSD_EARNINGS@RMW(1.0),Real minimum wages at constant prices,I,ISR,Israel,SM_WG,Statutory minimum wages,USD_PPP,"US dollars, PPP converted",A,Annual,Q,Constant prices,_Z,Not applicable,_Z,Not applicable,2016,,17645.88683,,2024,,A,Normal value,0,Units,0,Zero
DATAFLOW,OECD.ELS.SAE:DSD_EARNINGS@RMW(1.0),Real minimum wages at constant prices,I,ISR,Israel,SM_WG,Statutory minimum wages,USD_PPP,"US dollars, PPP converted",A,Annual,Q,Constant prices,_Z,Not applicable,_Z,Not applicable,2017,,18577.22008,,2024,,A,Normal value,0,Units,0,Zero
DATAFLOW,OECD.ELS.SAE:DSD_EARNINGS@RMW(1.0),Real minimum wages at constant prices,I,ISR,Israel,SM_WG,Statutory minimum wages,USD_PPP,"US dollars, PPP converted",A,Annual,Q,Constant prices,_Z,Not applicable,_Z,Not applicable,2018,,19534.57879,,2024,,A,Normal value,0,Units,0,Zero
DATAFLOW,OECD.ELS.SAE:DSD_EARNINGS@RMW(1.0),Real minimum wages at constant prices,I,ISR,Israel,SM_WG,Statutory minimum wages,USD_PPP,"US dollars, PPP converted",A,Annual,Q,Constant prices,_Z,Not applicable,_Z,Not applicable,2019,,19376.16306,,2024,,A,Normal value,0,Units,0,Zero
DATAFLOW,OECD.ELS.SAE:DSD_EARNINGS@RMW(1.0),Real minimum wages at constant prices,I,ISR,Israel,SM_WG,Statutory minimum wages,USD_PPP,"US dollars, PPP converted",A,Annual,Q,Constant prices,_Z,Not applicable,_Z,Not applicable,2020,,19488.26038,,2024,,A,Normal value,0,Units,0,Zero
DATAFLOW,OECD.ELS.SAE:DSD_EARNINGS@RMW(1.0),Real minimum wages at constant prices,I,ISR,Israel,SM_WG,Statutory minimum wages,USD_PPP,"US dollars, PPP converted",A,Annual,Q,Constant prices,_Z,Not applicable,_Z,Not applicable,2021,,19204.11083,,2024,,A,Normal value,0,Units,0,Zero
DATAFLOW,OECD.ELS.SAE:DSD_EARNINGS@RMW(1.0),Real minimum wages at constant prices,I,ISR,Israel,SM_WG,Statutory minimum wages,USD_PPP,"US dollars, PPP converted",A,Annual,Q,Constant prices,_Z,Not applicable,_Z,Not applicable,2022,,18652.96833,,2024,,A,Normal value,0,Units,0,Zero
DATAFLOW,OECD.ELS.SAE:DSD_EARNINGS@RMW(1.0),Real minimum wages at constant prices,I,ISR,Israel,SM_WG,Statutory minimum wages,USD_PPP,"US dollars, PPP converted",A,Annual,Q,Constant prices,_Z,Not applicable,_Z,Not applicable,2023,,18406.4314,,2024,,A,Normal value,0,Units,0,Zero
DATAFLOW,OECD.ELS.SAE:DSD_EARNINGS@RMW(1.0),Real minimum wages at constant prices,I,ISR,Israel,SM_WG,Statutory minimum wages,USD_PPP,"US dollars, PPP converted",A,Annual,Q,Constant prices,_Z,Not applicable,_Z,Not applicable,2024,,18744.51655,,2024,,A,Normal value,0,Units,0,Zero
DATAFLOW,OECD.ELS.SAE:DSD_EARNINGS@RMW(1.0),Real minimum wages at constant prices,I,JPN,Japan,SM_WG,Statutory minimum wages,USD_PPP,"US dollars, PPP converted",A,Annual,Q,Constant prices,_Z,Not applicable,_Z,Not applicable,1977,,8974.852059,,2024,,A,Normal value,0,Units,0,Zero
DATAFLOW,OECD.ELS.SAE:DSD_EARNINGS@RMW(1.0),Real minimum wages at constant prices,I,JPN,Japan,SM_WG,Statutory minimum wages,USD_PPP,"US dollars, PPP converted",A,Annual,Q,Constant prices,_Z,Not applicable,_Z,Not applicable,1978,,9423.058026,,2024,,A,Normal value,0,Units,0,Zero
DATAFLOW,OECD.ELS.SAE:DSD_EARNINGS@RMW(1.0),Real minimum wages at constant prices,I,JPN,Japan,SM_WG,Statutory minimum wages,USD_PPP,"US dollars, PPP converted",A,Annual,Q,Constant prices,_Z,Not applicable,_Z,Not applicable,1979,,9880.787602,,2024,,A,Normal value,0,Units,0,Zero
DATAFLOW,OECD.ELS.SAE:DSD_EARNINGS@RMW(1.0),Real minimum wages at constant prices,I,JPN,Japan,SM_WG,Statutory minimum wages,USD_PPP,"US dollars, PPP converted",A,Annual,Q,Constant prices,_Z,Not applicable,_Z,Not applicable,1980,,9747.471015,,2024,,A,Normal value,0,Units,0,Zero
DATAFLOW,OECD.ELS.SAE:DSD_EARNINGS@RMW(1.0),Real minimum wages at constant prices,I,JPN,Japan,SM_WG,Statutory minimum wages,USD_PPP,"US dollars, PPP converted",A,Annual,Q,Constant prices,_Z,Not applicable,_Z,Not applicable,1981,,9870.284083,,2024,,A,Normal value,0,Units,0,Zero
DATAFLOW,OECD.ELS.SAE:DSD_EARNINGS@RMW(1.0),Real minimum wages at constant prices,I,JPN,Japan,SM_WG,Statutory minimum wages,USD_PPP,"US dollars, PPP converted",A,Annual,Q,Constant prices,_Z,Not applicable,_Z,Not applicable,1982,,10249.67897,,2024,,A,Normal value,0,Units,0,Zero
DATAFLOW,OECD.ELS.SAE:DSD_EARNINGS@RMW(1.0),Real minimum wages at constant prices,I,JPN,Japan,SM_WG,Statutory minimum wages,USD_PPP,"US dollars, PPP converted",A,Annual,Q,Constant prices,_Z,Not applicable,_Z,Not applicable,1983,,10657.14985,,2024,,A,Normal value,0,Units,0,Zero
DATAFLOW,OECD.ELS.SAE:DSD_EARNINGS@RMW(1.0),Real minimum wages at constant prices,I,JPN,Japan,SM_WG,Statutory minimum wages,USD_PPP,"US dollars, PPP converted",A,Annual,Q,Constant prices,_Z,Not applicable,_Z,Not applicable,1984,,10911.14102,,2024,,A,Normal value,0,Units,0,Zero
DATAFLOW,OECD.ELS.SAE:DSD_EARNINGS@RMW(1.0),Real minimum wages at constant prices,I,JPN,Japan,SM_WG,Statutory minimum wages,USD_PPP,"US dollars, PPP converted",A,Annual,Q,Constant prices,_Z,Not applicable,_Z,Not applicable,1985,,11012.333,,2024,,A,Normal value,0,Units,0,Zero
DATAFLOW,OECD.ELS.SAE:DSD_EARNINGS@RMW(1.0),Real minimum wages at constant prices,I,JPN,Japan,SM_WG,Statutory minimum wages,USD_PPP,"US dollars, PPP converted",A,Annual,Q,Constant prices,_Z,Not applicable,_Z,Not applicable,1986,,11283.06597,,2024,,A,Normal value,0,Units,0,Zero
DATAFLOW,OECD.ELS.SAE:DSD_EARNINGS@RMW(1.0),Real minimum wages at constant prices,I,JPN,Japan,SM_WG,Statutory minimum wages,USD_PPP,"US dollars, PPP converted",A,Annual,Q,Constant prices,_Z,Not applicable,_Z,Not applicable,1987,,11651.47334,,2024,,A,Normal value,0,Units,0,Zero
DATAFLOW,OECD.ELS.SAE:DSD_EARNINGS@RMW(1.0),Real minimum wages at constant prices,I,JPN,Japan,SM_WG,Statutory minimum wages,USD_PPP,"US dollars, PPP converted",A,Annual,Q,Constant prices,_Z,Not applicable,_Z,Not applicable,1988,,11897.45693,,2024,,A,Normal value,0,Units,0,Zero
DATAFLOW,OECD.ELS.SAE:DSD_EARNINGS@RMW(1.0),Real minimum wages at constant prices,I,JPN,Japan,SM_WG,Statutory minimum wages,USD_PPP,"US dollars, PPP converted",A,Annual,Q,Constant prices,_Z,Not applicable,_Z,Not applicable,1989,,11906.33348,,2024,,A,Normal value,0,Units,0,Zero
DATAFLOW,OECD.ELS.SAE:DSD_EARNINGS@RMW(1.0),Real minimum wages at constant prices,I,JPN,Japan,SM_WG,Statutory minimum wages,USD_PPP,"US dollars, PPP converted",A,Annual,Q,Constant prices,_Z,Not applicable,_Z,Not applicable,1990,,11906.63112,,2024,,A,Normal value,0,Units,0,Zero
DATAFLOW,OECD.ELS.SAE:DSD_EARNINGS@RMW(1.0),Real minimum wages at constant prices,I,JPN,Japan,SM_WG,Statutory minimum wages,USD_PPP,"US dollars, PPP converted",A,Annual,Q,Constant prices,_Z,Not applicable,_Z,Not applicable,1991,,11999.09984,,2024,,A,Normal value,0,Units,0,Zero
DATAFLOW,OECD.ELS.SAE:DSD_EARNINGS@RMW(1.0),Real minimum wages at constant prices,I,JPN,Japan,SM_WG,Statutory minimum wages,USD_PPP,"US dollars, PPP converted",A,Annual,Q,Constant prices,_Z,Not applicable,_Z,Not applicable,1992,,12369.54959,,2024,,A,Normal value,0,Units,0,Zero
DATAFLOW,OECD.ELS.SAE:DSD_EARNINGS@RMW(1.0),Real minimum wages at constant prices,I,JPN,Japan,SM_WG,Statutory minimum wages,USD_PPP,"US dollars, PPP converted",A,Annual,Q,Constant prices,_Z,Not applicable,_Z,Not applicable,1993,,12794.94126,,2024,,A,Normal value,0,Units,0,Zero
DATAFLOW,OECD.ELS.SAE:DSD_EARNINGS@RMW(1.0),Real minimum wages at constant prices,I,JPN,Japan,SM_WG,Statutory minimum wages,USD_PPP,"US dollars, PPP converted",A,Annual,Q,Constant prices,_Z,Not applicable,_Z,Not applicable,1994,,13229.8812,,2024,,A,Normal value,0,Units,0,Zero
DATAFLOW,OECD.ELS.SAE:DSD_EARNINGS@RMW(1.0),Real minimum wages at constant prices,I,JPN,Japan,SM_WG,Statutory minimum wages,USD_PPP,"US dollars, PPP converted",A,Annual,Q,Constant prices,_Z,Not applicable,_Z,Not applicable,1995,,13636.64153,,2024,,A,Normal value,0,Units,0,Zero
DATAFLOW,OECD.ELS.SAE:DSD_EARNINGS@RMW(1.0),Real minimum wages at constant prices,I,JPN,Japan,SM_WG,Statutory minimum wages,USD_PPP,"US dollars, PPP converted",A,Annual,Q,Constant prices,_Z,Not applicable,_Z,Not applicable,1996,,13942.77078,,2024,,A,Normal value,0,Units,0,Zero
DATAFLOW,OECD.ELS.SAE:DSD_EARNINGS@RMW(1.0),Real minimum wages at constant prices,I,JPN,Japan,SM_WG,Statutory minimum wages,USD_PPP,"US dollars, PPP converted",A,Annual,Q,Constant prices,_Z,Not applicable,_Z,Not applicable,1997,,14017.82746,,2024,,A,Normal value,0,Units,0,Zero
DATAFLOW,OECD.ELS.SAE:DSD_EARNINGS@RMW(1.0),Real minimum wages at constant prices,I,JPN,Japan,SM_WG,Statutory minimum wages,USD_PPP,"US dollars, PPP converted",A,Annual,Q,Constant prices,_Z,Not applicable,_Z,Not applicable,1998,,14211.06633,,2024,,A,Normal value,0,Units,0,Zero
DATAFLOW,OECD.ELS.SAE:DSD_EARNINGS@RMW(1.0),Real minimum wages at constant prices,I,JPN,Japan,SM_WG,Statutory minimum wages,USD_PPP,"US dollars, PPP converted",A,Annual,Q,Constant prices,_Z,Not applicable,_Z,Not applicable,1999,,14567.9147,,2024,,A,Normal value,0,Units,0,Zero
DATAFLOW,OECD.ELS.SAE:DSD_EARNINGS@RMW(1.0),Real minimum wages at constant prices,I,JPN,Japan,SM_WG,Statutory minimum wages,USD_PPP,"US dollars, PPP converted",A,Annual,Q,Constant prices,_Z,Not applicable,_Z,Not applicable,2000,,14903.91876,,2024,,A,Normal value,0,Units,0,Zero
DATAFLOW,OECD.ELS.SAE:DSD_EARNINGS@RMW(1.0),Real minimum wages at constant prices,I,JPN,Japan,SM_WG,Statutory minimum wages,USD_PPP,"US dollars, PPP converted",A,Annual,Q,Constant prices,_Z,Not applicable,_Z,Not applicable,2001,,15123.44553,,2024,,A,Normal value,0,Units,0,Zero
DATAFLOW,OECD.ELS.SAE:DSD_EARNINGS@RMW(1.0),Real minimum wages at constant prices,I,JPN,Japan,SM_WG,Statutory minimum wages,USD_PPP,"US dollars, PPP converted",A,Annual,Q,Constant prices,_Z,Not applicable,_Z,Not applicable,2002,,15370.95618,,2024,,A,Normal value,0,Units,0,Zero
DATAFLOW,OECD.ELS.SAE:DSD_EARNINGS@RMW(1.0),Real minimum wages at constant prices,I,JPN,Japan,SM_WG,Statutory minimum wages,USD_PPP,"US dollars, PPP converted",A,Annual,Q,Constant prices,_Z,Not applicable,_Z,Not applicable,2003,,15487.0847,,2024,,A,Normal value,0,Units,0,Zero
DATAFLOW,OECD.ELS.SAE:DSD_EARNINGS@RMW(1.0),Real minimum wages at constant prices,I,JPN,Japan,SM_WG,Statutory minimum wages,USD_PPP,"US dollars, PPP converted",A,Annual,Q,Constant prices,_Z,Not applicable,_Z,Not applicable,2004,,15511.78793,,2024,,A,Normal value,0,Units,0,Zero
DATAFLOW,OECD.ELS.SAE:DSD_EARNINGS@RMW(1.0),Real minimum wages at constant prices,I,JPN,Japan,SM_WG,Statutory minimum wages,USD_PPP,"US dollars, PPP converted",A,Annual,Q,Constant prices,_Z,Not applicable,_Z,Not applicable,2005,,15591.71805,,2024,,A,Normal value,0,Units,0,Zero
DATAFLOW,OECD.ELS.SAE:DSD_EARNINGS@RMW(1.0),Real minimum wages at constant prices,I,JPN,Japan,SM_WG,Statutory minimum wages,USD_PPP,"US dollars, PPP converted",A,Annual,Q,Constant prices,_Z,Not applicable,_Z,Not applicable,2006,,15634.00766,,2024,,A,Normal value,0,Units,0,Zero
DATAFLOW,OECD.ELS.SAE:DSD_EARNINGS@RMW(1.0),Real minimum wages at constant prices,I,JPN,Japan,SM_WG,Statutory minimum wages,USD_PPP,"US dollars, PPP converted",A,Annual,Q,Constant prices,_Z,Not applicable,_Z,Not applicable,2007,,15796.47614,,2024,,A,Normal value,0,Units,0,Zero
DATAFLOW,OECD.ELS.SAE:DSD_EARNINGS@RMW(1.0),Real minimum wages at constant prices,I,JPN,Japan,SM_WG,Statutory minimum wages,USD_PPP,"US dollars, PPP converted",A,Annual,Q,Constant prices,_Z,Not applicable,_Z,Not applicable,2008,,15915.6237,,2024,,A,Normal value,0,Units,0,Zero
DATAFLOW,OECD.ELS.SAE:DSD_EARNINGS@RMW(1.0),Real minimum wages at constant prices,I,JPN,Japan,SM_WG,Statutory minimum wages,USD_PPP,"US dollars, PPP converted",A,Annual,Q,Constant prices,_Z,Not applicable,_Z,Not applicable,2009,,16469.32202,,2024,,A,Normal value,0,Units,0,Zero
DATAFLOW,OECD.ELS.SAE:DSD_EARNINGS@RMW(1.0),Real minimum wages at constant prices,I,JPN,Japan,SM_WG,Statutory minimum wages,USD_PPP,"US dollars, PPP converted",A,Annual,Q,Constant prices,_Z,Not applicable,_Z,Not applicable,2010,,16868.69973,,2024,,A,Normal value,0,Units,0,Zero
DATAFLOW,OECD.ELS.SAE:DSD_EARNINGS@RMW(1.0),Real minimum wages at constant prices,I,JPN,Japan,SM_WG,Statutory minimum wages,USD_PPP,"US dollars, PPP converted",A,Annual,Q,Constant prices,_Z,Not applicable,_Z,Not applicable,2011,,17256.73755,,2024,,A,Normal value,0,Units,0,Zero
DATAFLOW,OECD.ELS.SAE:DSD_EARNINGS@RMW(1.0),Real minimum wages at constant prices,I,JPN,Japan,SM_WG,Statutory minimum wages,USD_PPP,"US dollars, PPP converted",A,Annual,Q,Constant prices,_Z,Not applicable,_Z,Not applicable,2012,,17458.98739,,2024,,A,Normal value,0,Units,0,Zero
DATAFLOW,OECD.ELS.SAE:DSD_EARNINGS@RMW(1.0),Real minimum wages at constant prices,I,JPN,Japan,SM_WG,Statutory minimum wages,USD_PPP,"US dollars, PPP converted",A,Annual,Q,Constant prices,_Z,Not applicable,_Z,Not applicable,2013,,17700.49931,,2024,,A,Normal value,0,Units,0,Zero
DATAFLOW,OECD.ELS.SAE:DSD_EARNINGS@RMW(1.0),Real minimum wages at constant prices,I,JPN,Japan,SM_WG,Statutory minimum wages,USD_PPP,"US dollars, PPP converted",A,Annual,Q,Constant prices,_Z,Not applicable,_Z,Not applicable,2014,,17574.1816,,2024,,A,Normal value,0,Units,0,Zero
DATAFLOW,OECD.ELS.SAE:DSD_EARNINGS@RMW(1.0),Real minimum wages at constant prices,I,JPN,Japan,SM_WG,Statutory minimum wages,USD_PPP,"US dollars, PPP converted",A,Annual,Q,Constant prices,_Z,Not applicable,_Z,Not applicable,2015,,17810.11258,,2024,,A,Normal value,0,Units,0,Zero
DATAFLOW,OECD.ELS.SAE:DSD_EARNINGS@RMW(1.0),Real minimum wages at constant prices,I,JPN,Japan,SM_WG,Statutory minimum wages,USD_PPP,"US dollars, PPP converted",A,Annual,Q,Constant prices,_Z,Not applicable,_Z,Not applicable,2016,,18281.75235,,2024,,A,Normal value,0,Units,0,Zero
DATAFLOW,OECD.ELS.SAE:DSD_EARNINGS@RMW(1.0),Real minimum wages at constant prices,I,JPN,Japan,SM_WG,Statutory minimum wages,USD_PPP,"US dollars, PPP converted",A,Annual,Q,Constant prices,_Z,Not applicable,_Z,Not applicable,2017,,18759.21047,,2024,,A,Normal value,0,Units,0,Zero
DATAFLOW,OECD.ELS.SAE:DSD_EARNINGS@RMW(1.0),Real minimum wages at constant prices,I,JPN,Japan,SM_WG,Statutory minimum wages,USD_PPP,"US dollars, PPP converted",A,Annual,Q,Constant prices,_Z,Not applicable,_Z,Not applicable,2018,,19141.09349,,2024,,A,Normal value,0,Units,0,Zero
DATAFLOW,OECD.ELS.SAE:DSD_EARNINGS@RMW(1.0),Real minimum wages at constant prices,I,JPN,Japan,SM_WG,Statutory minimum wages,USD_PPP,"US dollars, PPP converted",A,Annual,Q,Constant prices,_Z,Not applicable,_Z,Not applicable,2019,,19637.0486,,2024,,A,Normal value,0,Units,0,Zero
DATAFLOW,OECD.ELS.SAE:DSD_EARNINGS@RMW(1.0),Real minimum wages at constant prices,I,JPN,Japan,SM_WG,Statutory minimum wages,USD_PPP,"US dollars, PPP converted",A,Annual,Q,Constant prices,_Z,Not applicable,_Z,Not applicable,2020,,20093.55141,,2024,,A,Normal value,0,Units,0,Zero
DATAFLOW,OECD.ELS.SAE:DSD_EARNINGS@RMW(1.0),Real minimum wages at constant prices,I,JPN,Japan,SM_WG,Statutory minimum wages,USD_PPP,"US dollars, PPP converted",A,Annual,Q,Constant prices,_Z,Not applicable,_Z,Not applicable,2021,,20319.38839,,2024,,A,Normal value,0,Units,0,Zero
DATAFLOW,OECD.ELS.SAE:DSD_EARNINGS@RMW(1.0),Real minimum wages at constant prices,I,JPN,Japan,SM_WG,Statutory minimum wages,USD_PPP,"US dollars, PPP converted",A,Annual,Q,Constant prices,_Z,Not applicable,_Z,Not applicable,2022,,20451.24048,,2024,,A,Normal value,0,Units,0,Zero
DATAFLOW,OECD.ELS.SAE:DSD_EARNINGS@RMW(1.0),Real minimum wages at constant prices,I,JPN,Japan,SM_WG,Statutory minimum wages,USD_PPP,"US dollars, PPP converted",A,Annual,Q,Constant prices,_Z,Not applicable,_Z,Not applicable,2023,,20511.48446,,2024,,A,Normal value,0,Units,0,Zero
DATAFLOW,OECD.ELS.SAE:DSD_EARNINGS@RMW(1.0),Real minimum wages at constant prices,I,KOR,Korea,SM_WG,Statutory minimum wages,USD_PPP,"US dollars, PPP converted",A,Annual,Q,Constant prices,_Z,Not applicable,_Z,Not applicable,1988,,4994.413875,,2024,,A,Normal value,0,Units,0,Zero
DATAFLOW,OECD.ELS.SAE:DSD_EARNINGS@RMW(1.0),Real minimum wages at constant prices,I,KOR,Korea,SM_WG,Statutory minimum wages,USD_PPP,"US dollars, PPP converted",A,Annual,Q,Constant prices,_Z,Not applicable,_Z,Not applicable,1989,,5968.519122,,2024,,A,Normal value,0,Units,0,Zero
DATAFLOW,OECD.ELS.SAE:DSD_EARNINGS@RMW(1.0),Real minimum wages at constant prices,I,KOR,Korea,SM_WG,Statutory minimum wages,USD_PPP,"US dollars, PPP converted",A,Annual,Q,Constant prices,_Z,Not applicable,_Z,Not applicable,1990,,6321.810879,,2024,,A,Normal value,0,Units,0,Zero
DATAFLOW,OECD.ELS.SAE:DSD_EARNINGS@RMW(1.0),Real minimum wages at constant prices,I,KOR,Korea,SM_WG,Statutory minimum wages,USD_PPP,"US dollars, PPP converted",A,Annual,Q,Constant prices,_Z,Not applicable,_Z,Not applicable,1991,,6728.409324,,2024,,A,Normal value,0,Units,0,Zero
DATAFLOW,OECD.ELS.SAE:DSD_EARNINGS@RMW(1.0),Real minimum wages at constant prices,I,KOR,Korea,SM_WG,Statutory minimum wages,USD_PPP,"US dollars, PPP converted",A,Annual,Q,Constant prices,_Z,Not applicable,_Z,Not applicable,1992,,6872.299295,,2024,,A,Normal value,0,Units,0,Zero
DATAFLOW,OECD.ELS.SAE:DSD_EARNINGS@RMW(1.0),Real minimum wages at constant prices,I,KOR,Korea,SM_WG,Statutory minimum wages,USD_PPP,"US dollars, PPP converted",A,Annual,Q,Constant prices,_Z,Not applicable,_Z,Not applicable,1993,,7124.607616,,2024,,A,Normal value,0,Units,0,Zero
DATAFLOW,OECD.ELS.SAE:DSD_EARNINGS@RMW(1.0),Real minimum wages at constant prices,I,KOR,Korea,SM_WG,Statutory minimum wages,USD_PPP,"US dollars, PPP converted",A,Annual,Q,Constant prices,_Z,Not applicable,_Z,Not applicable,1994,,7427.221016,,2024,,A,Normal value,0,Units,0,Zero
DATAFLOW,OECD.ELS.SAE:DSD_EARNINGS@RMW(1.0),Real minimum wages at constant prices,I,KOR,Korea,SM_WG,Statutory minimum wages,USD_PPP,"US dollars, PPP converted",A,Annual,Q,Constant prices,_Z,Not applicable,_Z,Not applicable,1995,,7693.996299,,2024,,A,Normal value,0,Units,0,Zero
DATAFLOW,OECD.ELS.SAE:DSD_EARNINGS@RMW(1.0),Real minimum wages at constant prices,I,KOR,Korea,SM_WG,Statutory minimum wages,USD_PPP,"US dollars, PPP converted",A,Annual,Q,Constant prices,_Z,Not applicable,_Z,Not applicable,1996,,8012.418749,,2024,,A,Normal value,0,Units,0,Zero
DATAFLOW,OECD.ELS.SAE:DSD_EARNINGS@RMW(1.0),Real minimum wages at constant prices,I,KOR,Korea,SM_WG,Statutory minimum wages,USD_PPP,"US dollars, PPP converted",A,Annual,Q,Constant prices,_Z,Not applicable,_Z,Not applicable,1997,,8322.521967,,2024,,A,Normal value,0,Units,0,Zero
DATAFLOW,OECD.ELS.SAE:DSD_EARNINGS@RMW(1.0),Real minimum wages at constant prices,I,KOR,Korea,SM_WG,Statutory minimum wages,USD_PPP,"US dollars, PPP converted",A,Annual,Q,Constant prices,_Z,Not applicable,_Z,Not applicable,1998,,8120.270864,,2024,,A,Normal value,0,Units,0,Zero
DATAFLOW,OECD.ELS.SAE:DSD_EARNINGS@RMW(1.0),Real minimum wages at constant prices,I,KOR,Korea,SM_WG,Statutory minimum wages,USD_PPP,"US dollars, PPP converted",A,Annual,Q,Constant prices,_Z,Not applicable,_Z,Not applicable,1999,,8332.540098,,2024,,A,Normal value,0,Units,0,Zero
DATAFLOW,OECD.ELS.SAE:DSD_EARNINGS@RMW(1.0),Real minimum wages at constant prices,I,KOR,Korea,SM_WG,Statutory minimum wages,USD_PPP,"US dollars, PPP converted",A,Annual,Q,Constant prices,_Z,Not applicable,_Z,Not applicable,2000,,8875.680522,,2024,,A,Normal value,0,Units,0,Zero
DATAFLOW,OECD.ELS.SAE:DSD_EARNINGS@RMW(1.0),Real minimum wages at constant prices,I,KOR,Korea,SM_WG,Statutory minimum wages,USD_PPP,"US dollars, PPP converted",A,Annual,Q,Constant prices,_Z,Not applicable,_Z,Not applicable,2001,,9817.015922,,2024,,A,Normal value,0,Units,0,Zero
DATAFLOW,OECD.ELS.SAE:DSD_EARNINGS@RMW(1.0),Real minimum wages at constant prices,I,KOR,Korea,SM_WG,Statutory minimum wages,USD_PPP,"US dollars, PPP converted",A,Annual,Q,Constant prices,_Z,Not applicable,_Z,Not applicable,2002,,10610.04072,,2024,,A,Normal value,0,Units,0,Zero
DATAFLOW,OECD.ELS.SAE:DSD_EARNINGS@RMW(1.0),Real minimum wages at constant prices,I,KOR,Korea,SM_WG,Statutory minimum wages,USD_PPP,"US dollars, PPP converted",A,Annual,Q,Constant prices,_Z,Not applicable,_Z,Not applicable,2003,,11175.81657,,2024,,A,Normal value,0,Units,0,Zero
DATAFLOW,OECD.ELS.SAE:DSD_EARNINGS@RMW(1.0),Real minimum wages at constant prices,I,KOR,Korea,SM_WG,Statutory minimum wages,USD_PPP,"US dollars, PPP converted",A,Annual,Q,Constant prices,_Z,Not applicable,_Z,Not applicable,2004,,12010.92531,,2024,,A,Normal value,0,Units,0,Zero
DATAFLOW,OECD.ELS.SAE:DSD_EARNINGS@RMW(1.0),Real minimum wages at constant prices,I,KOR,Korea,SM_WG,Statutory minimum wages,USD_PPP,"US dollars, PPP converted",A,Annual,Q,Constant prices,_Z,Not applicable,_Z,Not applicable,2005,,13057.21545,,2024,,A,Normal value,0,Units,0,Zero
DATAFLOW,OECD.ELS.SAE:DSD_EARNINGS@RMW(1.0),Real minimum wages at constant prices,I,KOR,Korea,SM_WG,Statutory minimum wages,USD_PPP,"US dollars, PPP converted",A,Annual,Q,Constant prices,_Z,Not applicable,_Z,Not applicable,2006,,13527.20944,,2024,,A,Normal value,0,Units,0,Zero
DATAFLOW,OECD.ELS.SAE:DSD_EARNINGS@RMW(1.0),Real minimum wages at constant prices,I,KOR,Korea,SM_WG,Statutory minimum wages,USD_PPP,"US dollars, PPP converted",A,Annual,Q,Constant prices,_Z,Not applicable,_Z,Not applicable,2007,,14810.01292,,2024,,A,Normal value,0,Units,0,Zero
DATAFLOW,OECD.ELS.SAE:DSD_EARNINGS@RMW(1.0),Real minimum wages at constant prices,I,KOR,Korea,SM_WG,Statutory minimum wages,USD_PPP,"US dollars, PPP converted",A,Annual,Q,Constant prices,_Z,Not applicable,_Z,Not applicable,2008,,15327.7762,,2024,,A,Normal value,0,Units,0,Zero
DATAFLOW,OECD.ELS.SAE:DSD_EARNINGS@RMW(1.0),Real minimum wages at constant prices,I,KOR,Korea,SM_WG,Statutory minimum wages,USD_PPP,"US dollars, PPP converted",A,Annual,Q,Constant prices,_Z,Not applicable,_Z,Not applicable,2009,,15826.63234,,2024,,A,Normal value,0,Units,0,Zero
DATAFLOW,OECD.ELS.SAE:DSD_EARNINGS@RMW(1.0),Real minimum wages at constant prices,I,KOR,Korea,SM_WG,Statutory minimum wages,USD_PPP,"US dollars, PPP converted",A,Annual,Q,Constant prices,_Z,Not applicable,_Z,Not applicable,2010,,15797.52986,,2024,,A,Normal value,0,Units,0,Zero
DATAFLOW,OECD.ELS.SAE:DSD_EARNINGS@RMW(1.0),Real minimum wages at constant prices,I,KOR,Korea,SM_WG,Statutory minimum wages,USD_PPP,"US dollars, PPP converted",A,Annual,Q,Constant prices,_Z,Not applicable,_Z,Not applicable,2011,,15962.07495,,2024,,A,Normal value,0,Units,0,Zero
DATAFLOW,OECD.ELS.SAE:DSD_EARNINGS@RMW(1.0),Real minimum wages at constant prices,I,KOR,Korea,SM_WG,Statutory minimum wages,USD_PPP,"US dollars, PPP converted",A,Annual,Q,Constant prices,_Z,Not applicable,_Z,Not applicable,2012,,15314.8582,,2024,,A,Normal value,0,Units,0,Zero
DATAFLOW,OECD.ELS.SAE:DSD_EARNINGS@RMW(1.0),Real minimum wages at constant prices,I,KOR,Korea,SM_WG,Statutory minimum wages,USD_PPP,"US dollars, PPP converted",A,Annual,Q,Constant prices,_Z,Not applicable,_Z,Not applicable,2013,,16042.37129,,2024,,A,Normal value,0,Units,0,Zero
DATAFLOW,OECD.ELS.SAE:DSD_EARNINGS@RMW(1.0),Real minimum wages at constant prices,I,KOR,Korea,SM_WG,Statutory minimum wages,USD_PPP,"US dollars, PPP converted",A,Annual,Q,Constant prices,_Z,Not applicable,_Z,Not applicable,2014,,16981.21392,,2024,,A,Normal value,0,Units,0,Zero
DATAFLOW,OECD.ELS.SAE:DSD_EARNINGS@RMW(1.0),Real minimum wages at constant prices,I,KOR,Korea,SM_WG,Statutory minimum wages,USD_PPP,"US dollars, PPP converted",A,Annual,Q,Constant prices,_Z,Not applicable,_Z,Not applicable,2015,,18059.61226,,2024,,A,Normal value,0,Units,0,Zero
DATAFLOW,OECD.ELS.SAE:DSD_EARNINGS@RMW(1.0),Real minimum wages at constant prices,I,KOR,Korea,SM_WG,Statutory minimum wages,USD_PPP,"US dollars, PPP converted",A,Annual,Q,Constant prices,_Z,Not applicable,_Z,Not applicable,2016,,19328.22028,,2024,,A,Normal value,0,Units,0,Zero
DATAFLOW,OECD.ELS.SAE:DSD_EARNINGS@RMW(1.0),Real minimum wages at constant prices,I,KOR,Korea,SM_WG,Statutory minimum wages,USD_PPP,"US dollars, PPP converted",A,Annual,Q,Constant prices,_Z,Not applicable,_Z,Not applicable,2017,,20343.04016,,2024,,A,Normal value,0,Units,0,Zero
DATAFLOW,OECD.ELS.SAE:DSD_EARNINGS@RMW(1.0),Real minimum wages at constant prices,I,KOR,Korea,SM_WG,Statutory minimum wages,USD_PPP,"US dollars, PPP converted",A,Annual,Q,Constant prices,_Z,Not applicable,_Z,Not applicable,2018,,23331.55623,,2024,,A,Normal value,0,Units,0,Zero
DATAFLOW,OECD.ELS.SAE:DSD_EARNINGS@RMW(1.0),Real minimum wages at constant prices,I,KOR,Korea,SM_WG,Statutory minimum wages,USD_PPP,"US dollars, PPP converted",A,Annual,Q,Constant prices,_Z,Not applicable,_Z,Not applicable,2019,,25773.61171,,2024,,A,Normal value,0,Units,0,Zero
DATAFLOW,OECD.ELS.SAE:DSD_EARNINGS@RMW(1.0),Real minimum wages at constant prices,I,KOR,Korea,SM_WG,Statutory minimum wages,USD_PPP,"US dollars, PPP converted",A,Annual,Q,Constant prices,_Z,Not applicable,_Z,Not applicable,2020,,26372.70482,,2024,,A,Normal value,0,Units,0,Zero
DATAFLOW,OECD.ELS.SAE:DSD_EARNINGS@RMW(1.0),Real minimum wages at constant prices,I,KOR,Korea,SM_WG,Statutory minimum wages,USD_PPP,"US dollars, PPP converted",A,Annual,Q,Constant prices,_Z,Not applicable,_Z,Not applicable,2021,,26119.27472,,2024,,A,Normal value,0,Units,0,Zero
DATAFLOW,OECD.ELS.SAE:DSD_EARNINGS@RMW(1.0),Real minimum wages at constant prices,I,KOR,Korea,SM_WG,Statutory minimum wages,USD_PPP,"US dollars, PPP converted",A,Annual,Q,Constant prices,_Z,Not applicable,_Z,Not applicable,2022,,26108.42331,,2024,,A,Normal value,0,Units,0,Zero
DATAFLOW,OECD.ELS.SAE:DSD_EARNINGS@RMW(1.0),Real minimum wages at constant prices,I,KOR,Korea,SM_WG,Statutory minimum wages,USD_PPP,"US dollars, PPP converted",A,Annual,Q,Constant prices,_Z,Not applicable,_Z,Not applicable,2023,,26467.3988,,2024,,A,Normal value,0,Units,0,Zero
DATAFLOW,OECD.ELS.SAE:DSD_EARNINGS@RMW(1.0),Real minimum wages at constant prices,I,KOR,Korea,SM_WG,Statutory minimum wages,USD_PPP,"US dollars, PPP converted",A,Annual,Q,Constant prices,_Z,Not applicable,_Z,Not applicable,2024,,26512.16198,,2024,,A,Normal value,0,Units,0,Zero
DATAFLOW,OECD.ELS.SAE:DSD_EARNINGS@RMW(1.0),Real minimum wages at constant prices,I,LVA,Latvia,SM_WG,Statutory minimum wages,USD_PPP,"US dollars, PPP converted",A,Annual,Q,Constant prices,_Z,Not applicable,_Z,Not applicable,1992,,2454.078613,,2024,,A,Normal value,0,Units,0,Zero
DATAFLOW,OECD.ELS.SAE:DSD_EARNINGS@RMW(1.0),Real minimum wages at constant prices,I,LVA,Latvia,SM_WG,Statutory minimum wages,USD_PPP,"US dollars, PPP converted",A,Annual,Q,Constant prices,_Z,Not applicable,_Z,Not applicable,1993,,2463.479893,,2024,,A,Normal value,0,Units,0,Zero
DATAFLOW,OECD.ELS.SAE:DSD_EARNINGS@RMW(1.0),Real minimum wages at constant prices,I,LVA,Latvia,SM_WG,Statutory minimum wages,USD_PPP,"US dollars, PPP converted",A,Annual,Q,Constant prices,_Z,Not applicable,_Z,Not applicable,1994,,3189.798369,,2024,,A,Normal value,0,Units,0,Zero
DATAFLOW,OECD.ELS.SAE:DSD_EARNINGS@RMW(1.0),Real minimum wages at constant prices,I,LVA,Latvia,SM_WG,Statutory minimum wages,USD_PPP,"US dollars, PPP converted",A,Annual,Q,Constant prices,_Z,Not applicable,_Z,Not applicable,1995,,3248.420368,,2024,,A,Normal value,0,Units,0,Zero
DATAFLOW,OECD.ELS.SAE:DSD_EARNINGS@RMW(1.0),Real minimum wages at constant prices,I,LVA,Latvia,SM_WG,Statutory minimum wages,USD_PPP,"US dollars, PPP converted",A,Annual,Q,Constant prices,_Z,Not applicable,_Z,Not applicable,1996,,3501.842076,,2024,,A,Normal value,0,Units,0,Zero
DATAFLOW,OECD.ELS.SAE:DSD_EARNINGS@RMW(1.0),Real minimum wages at constant prices,I,LVA,Latvia,SM_WG,Statutory minimum wages,USD_PPP,"US dollars, PPP converted",A,Annual,Q,Constant prices,_Z,Not applicable,_Z,Not applicable,1997,,3456.469518,,2024,,A,Normal value,0,Units,0,Zero
DATAFLOW,OECD.ELS.SAE:DSD_EARNINGS@RMW(1.0),Real minimum wages at constant prices,I,LVA,Latvia,SM_WG,Statutory minimum wages,USD_PPP,"US dollars, PPP converted",A,Annual,Q,Constant prices,_Z,Not applicable,_Z,Not applicable,1998,,3650.759162,,2024,,A,Normal value,0,Units,0,Zero
DATAFLOW,OECD.ELS.SAE:DSD_EARNINGS@RMW(1.0),Real minimum wages at constant prices,I,LVA,Latvia,SM_WG,Statutory minimum wages,USD_PPP,"US dollars, PPP converted",A,Annual,Q,Constant prices,_Z,Not applicable,_Z,Not applicable,1999,,4245.738208,,2024,,A,Normal value,0,Units,0,Zero
DATAFLOW,OECD.ELS.SAE:DSD_EARNINGS@RMW(1.0),Real minimum wages at constant prices,I,LVA,Latvia,SM_WG,Statutory minimum wages,USD_PPP,"US dollars, PPP converted",A,Annual,Q,Constant prices,_Z,Not applicable,_Z,Not applicable,2000,,4135.959373,,2024,,A,Normal value,0,Units,0,Zero
DATAFLOW,OECD.ELS.SAE:DSD_EARNINGS@RMW(1.0),Real minimum wages at constant prices,I,LVA,Latvia,SM_WG,Statutory minimum wages,USD_PPP,"US dollars, PPP converted",A,Annual,Q,Constant prices,_Z,Not applicable,_Z,Not applicable,2001,,4439.151629,,2024,,A,Normal value,0,Units,0,Zero
DATAFLOW,OECD.ELS.SAE:DSD_EARNINGS@RMW(1.0),Real minimum wages at constant prices,I,LVA,Latvia,SM_WG,Statutory minimum wages,USD_PPP,"US dollars, PPP converted",A,Annual,Q,Constant prices,_Z,Not applicable,_Z,Not applicable,2002,,4750.602659,,2024,,A,Normal value,0,Units,0,Zero
DATAFLOW,OECD.ELS.SAE:DSD_EARNINGS@RMW(1.0),Real minimum wages at constant prices,I,LVA,Latvia,SM_WG,Statutory minimum wages,USD_PPP,"US dollars, PPP converted",A,Annual,Q,Constant prices,_Z,Not applicable,_Z,Not applicable,2003,,5383.939411,,2024,,A,Normal value,0,Units,0,Zero
DATAFLOW,OECD.ELS.SAE:DSD_EARNINGS@RMW(1.0),Real minimum wages at constant prices,I,LVA,Latvia,SM_WG,Statutory minimum wages,USD_PPP,"US dollars, PPP converted",A,Annual,Q,Constant prices,_Z,Not applicable,_Z,Not applicable,2004,,5794.270232,,2024,,A,Normal value,0,Units,0,Zero
DATAFLOW,OECD.ELS.SAE:DSD_EARNINGS@RMW(1.0),Real minimum wages at constant prices,I,LVA,Latvia,SM_WG,Statutory minimum wages,USD_PPP,"US dollars, PPP converted",A,Annual,Q,Constant prices,_Z,Not applicable,_Z,Not applicable,2005,,5427.966398,,2024,,A,Normal value,0,Units,0,Zero
DATAFLOW,OECD.ELS.SAE:DSD_EARNINGS@RMW(1.0),Real minimum wages at constant prices,I,LVA,Latvia,SM_WG,Statutory minimum wages,USD_PPP,"US dollars, PPP converted",A,Annual,Q,Constant prices,_Z,Not applicable,_Z,Not applicable,2006,,5731.819835,,2024,,A,Normal value,0,Units,0,Zero
DATAFLOW,OECD.ELS.SAE:DSD_EARNINGS@RMW(1.0),Real minimum wages at constant prices,I,LVA,Latvia,SM_WG,Statutory minimum wages,USD_PPP,"US dollars, PPP converted",A,Annual,Q,Constant prices,_Z,Not applicable,_Z,Not applicable,2007,,6941.792121,,2024,,A,Normal value,0,Units,0,Zero
DATAFLOW,OECD.ELS.SAE:DSD_EARNINGS@RMW(1.0),Real minimum wages at constant prices,I,LVA,Latvia,SM_WG,Statutory minimum wages,USD_PPP,"US dollars, PPP converted",A,Annual,Q,Constant prices,_Z,Not applicable,_Z,Not applicable,2008,,8020.396232,,2024,,A,Normal value,0,Units,0,Zero
DATAFLOW,OECD.ELS.SAE:DSD_EARNINGS@RMW(1.0),Real minimum wages at constant prices,I,LVA,Latvia,SM_WG,Statutory minimum wages,USD_PPP,"US dollars, PPP converted",A,Annual,Q,Constant prices,_Z,Not applicable,_Z,Not applicable,2009,,8714.950186,,2024,,A,Normal value,0,Units,0,Zero
DATAFLOW,OECD.ELS.SAE:DSD_EARNINGS@RMW(1.0),Real minimum wages at constant prices,I,LVA,Latvia,SM_WG,Statutory minimum wages,USD_PPP,"US dollars, PPP converted",A,Annual,Q,Constant prices,_Z,Not applicable,_Z,Not applicable,2010,,8810.512016,,2024,,A,Normal value,0,Units,0,Zero
DATAFLOW,OECD.ELS.SAE:DSD_EARNINGS@RMW(1.0),Real minimum wages at constant prices,I,LVA,Latvia,SM_WG,Statutory minimum wages,USD_PPP,"US dollars, PPP converted",A,Annual,Q,Constant prices,_Z,Not applicable,_Z,Not applicable,2011,,9379.503877,,2024,,A,Normal value,0,Units,0,Zero
DATAFLOW,OECD.ELS.SAE:DSD_EARNINGS@RMW(1.0),Real minimum wages at constant prices,I,LVA,Latvia,SM_WG,Statutory minimum wages,USD_PPP,"US dollars, PPP converted",A,Annual,Q,Constant prices,_Z,Not applicable,_Z,Not applicable,2012,,9172.410346,,2024,,A,Normal value,0,Units,0,Zero
DATAFLOW,OECD.ELS.SAE:DSD_EARNINGS@RMW(1.0),Real minimum wages at constant prices,I,LVA,Latvia,SM_WG,Statutory minimum wages,USD_PPP,"US dollars, PPP converted",A,Annual,Q,Constant prices,_Z,Not applicable,_Z,Not applicable,2013,,9175.112778,,2024,,A,Normal value,0,Units,0,Zero
DATAFLOW,OECD.ELS.SAE:DSD_EARNINGS@RMW(1.0),Real minimum wages at constant prices,I,LVA,Latvia,SM_WG,Statutory minimum wages,USD_PPP,"US dollars, PPP converted",A,Annual,Q,Constant prices,_Z,Not applicable,_Z,Not applicable,2014,,10274.40267,,2024,,A,Normal value,0,Units,0,Zero
DATAFLOW,OECD.ELS.SAE:DSD_EARNINGS@RMW(1.0),Real minimum wages at constant prices,I,LVA,Latvia,SM_WG,Statutory minimum wages,USD_PPP,"US dollars, PPP converted",A,Annual,Q,Constant prices,_Z,Not applicable,_Z,Not applicable,2015,,11538.59896,,2024,,A,Normal value,0,Units,0,Zero
DATAFLOW,OECD.ELS.SAE:DSD_EARNINGS@RMW(1.0),Real minimum wages at constant prices,I,LVA,Latvia,SM_WG,Statutory minimum wages,USD_PPP,"US dollars, PPP converted",A,Annual,Q,Constant prices,_Z,Not applicable,_Z,Not applicable,2016,,11842.46509,,2024,,A,Normal value,0,Units,0,Zero
DATAFLOW,OECD.ELS.SAE:DSD_EARNINGS@RMW(1.0),Real minimum wages at constant prices,I,LVA,Latvia,SM_WG,Statutory minimum wages,USD_PPP,"US dollars, PPP converted",A,Annual,Q,Constant prices,_Z,Not applicable,_Z,Not applicable,2017,,11816.27011,,2024,,A,Normal value,0,Units,0,Zero
DATAFLOW,OECD.ELS.SAE:DSD_EARNINGS@RMW(1.0),Real minimum wages at constant prices,I,LVA,Latvia,SM_WG,Statutory minimum wages,USD_PPP,"US dollars, PPP converted",A,Annual,Q,Constant prices,_Z,Not applicable,_Z,Not applicable,2018,,13040.53499,,2024,,A,Normal value,0,Units,0,Zero
DATAFLOW,OECD.ELS.SAE:DSD_EARNINGS@RMW(1.0),Real minimum wages at constant prices,I,LVA,Latvia,SM_WG,Statutory minimum wages,USD_PPP,"US dollars, PPP converted",A,Annual,Q,Constant prices,_Z,Not applicable,_Z,Not applicable,2019,,12683.93855,,2024,,A,Normal value,0,Units,0,Zero
DATAFLOW,OECD.ELS.SAE:DSD_EARNINGS@RMW(1.0),Real minimum wages at constant prices,I,LVA,Latvia,SM_WG,Statutory minimum wages,USD_PPP,"US dollars, PPP converted",A,Annual,Q,Constant prices,_Z,Not applicable,_Z,Not applicable,2020,,12656.20547,,2024,,A,Normal value,0,Units,0,Zero
DATAFLOW,OECD.ELS.SAE:DSD_EARNINGS@RMW(1.0),Real minimum wages at constant prices,I,LVA,Latvia,SM_WG,Statutory minimum wages,USD_PPP,"US dollars, PPP converted",A,Annual,Q,Constant prices,_Z,Not applicable,_Z,Not applicable,2021,,14249.73114,,2024,,A,Normal value,0,Units,0,Zero
DATAFLOW,OECD.ELS.SAE:DSD_EARNINGS@RMW(1.0),Real minimum wages at constant prices,I,LVA,Latvia,SM_WG,Statutory minimum wages,USD_PPP,"US dollars, PPP converted",A,Annual,Q,Constant prices,_Z,Not applicable,_Z,Not applicable,2022,,12147.0393,,2024,,A,Normal value,0,Units,0,Zero
DATAFLOW,OECD.ELS.SAE:DSD_EARNINGS@RMW(1.0),Real minimum wages at constant prices,I,LVA,Latvia,SM_WG,Statutory minimum wages,USD_PPP,"US dollars, PPP converted",A,Annual,Q,Constant prices,_Z,Not applicable,_Z,Not applicable,2023,,13826.51311,,2024,,A,Normal value,0,Units,0,Zero
DATAFLOW,OECD.ELS.SAE:DSD_EARNINGS@RMW(1.0),Real minimum wages at constant prices,I,LVA,Latvia,SM_WG,Statutory minimum wages,USD_PPP,"US dollars, PPP converted",A,Annual,Q,Constant prices,_Z,Not applicable,_Z,Not applicable,2024,,15415.44628,,2024,,A,Normal value,0,Units,0,Zero
DATAFLOW,OECD.ELS.SAE:DSD_EARNINGS@RMW(1.0),Real minimum wages at constant prices,I,LTU,Lithuania,SM_WG,Statutory minimum wages,USD_PPP,"US dollars, PPP converted",A,Annual,Q,Constant prices,_Z,Not applicable,_Z,Not applicable,1995,,2766.778431,,2024,,A,Normal value,0,Units,0,Zero
DATAFLOW,OECD.ELS.SAE:DSD_EARNINGS@RMW(1.0),Real minimum wages at constant prices,I,LTU,Lithuania,SM_WG,Statutory minimum wages,USD_PPP,"US dollars, PPP converted",A,Annual,Q,Constant prices,_Z,Not applicable,_Z,Not applicable,1996,,3959.027631,,2024,,A,Normal value,0,Units,0,Zero
DATAFLOW,OECD.ELS.SAE:DSD_EARNINGS@RMW(1.0),Real minimum wages at constant prices,I,LTU,Lithuania,SM_WG,Statutory minimum wages,USD_PPP,"US dollars, PPP converted",A,Annual,Q,Constant prices,_Z,Not applicable,_Z,Not applicable,1997,,5668.786078,,2024,,A,Normal value,0,Units,0,Zero
DATAFLOW,OECD.ELS.SAE:DSD_EARNINGS@RMW(1.0),Real minimum wages at constant prices,I,LTU,Lithuania,SM_WG,Statutory minimum wages,USD_PPP,"US dollars, PPP converted",A,Annual,Q,Constant prices,_Z,Not applicable,_Z,Not applicable,1998,,6020.226076,,2024,,A,Normal value,0,Units,0,Zero
DATAFLOW,OECD.ELS.SAE:DSD_EARNINGS@RMW(1.0),Real minimum wages at constant prices,I,LTU,Lithuania,SM_WG,Statutory minimum wages,USD_PPP,"US dollars, PPP converted",A,Annual,Q,Constant prices,_Z,Not applicable,_Z,Not applicable,1999,,6155.686784,,2024,,A,Normal value,0,Units,0,Zero
DATAFLOW,OECD.ELS.SAE:DSD_EARNINGS@RMW(1.0),Real minimum wages at constant prices,I,LTU,Lithuania,SM_WG,Statutory minimum wages,USD_PPP,"US dollars, PPP converted",A,Annual,Q,Constant prices,_Z,Not applicable,_Z,Not applicable,2000,,6095.849432,,2024,,A,Normal value,0,Units,0,Zero
DATAFLOW,OECD.ELS.SAE:DSD_EARNINGS@RMW(1.0),Real minimum wages at constant prices,I,LTU,Lithuania,SM_WG,Statutory minimum wages,USD_PPP,"US dollars, PPP converted",A,Annual,Q,Constant prices,_Z,Not applicable,_Z,Not applicable,2001,,6013.635223,,2024,,A,Normal value,0,Units,0,Zero
DATAFLOW,OECD.ELS.SAE:DSD_EARNINGS@RMW(1.0),Real minimum wages at constant prices,I,LTU,Lithuania,SM_WG,Statutory minimum wages,USD_PPP,"US dollars, PPP converted",A,Annual,Q,Constant prices,_Z,Not applicable,_Z,Not applicable,2002,,5996.754393,,2024,,A,Normal value,0,Units,0,Zero
DATAFLOW,OECD.ELS.SAE:DSD_EARNINGS@RMW(1.0),Real minimum wages at constant prices,I,LTU,Lithuania,SM_WG,Statutory minimum wages,USD_PPP,"US dollars, PPP converted",A,Annual,Q,Constant prices,_Z,Not applicable,_Z,Not applicable,2003,,6159.596005,,2024,,A,Normal value,0,Units,0,Zero
DATAFLOW,OECD.ELS.SAE:DSD_EARNINGS@RMW(1.0),Real minimum wages at constant prices,I,LTU,Lithuania,SM_WG,Statutory minimum wages,USD_PPP,"US dollars, PPP converted",A,Annual,Q,Constant prices,_Z,Not applicable,_Z,Not applicable,2004,,6739.41969,,2024,,A,Normal value,0,Units,0,Zero
DATAFLOW,OECD.ELS.SAE:DSD_EARNINGS@RMW(1.0),Real minimum wages at constant prices,I,LTU,Lithuania,SM_WG,Statutory minimum wages,USD_PPP,"US dollars, PPP converted",A,Annual,Q,Constant prices,_Z,Not applicable,_Z,Not applicable,2005,,7130.83256,,2024,,A,Normal value,0,Units,0,Zero
DATAFLOW,OECD.ELS.SAE:DSD_EARNINGS@RMW(1.0),Real minimum wages at constant prices,I,LTU,Lithuania,SM_WG,Statutory minimum wages,USD_PPP,"US dollars, PPP converted",A,Annual,Q,Constant prices,_Z,Not applicable,_Z,Not applicable,2006,,7528.461428,,2024,,A,Normal value,0,Units,0,Zero
DATAFLOW,OECD.ELS.SAE:DSD_EARNINGS@RMW(1.0),Real minimum wages at constant prices,I,LTU,Lithuania,SM_WG,Statutory minimum wages,USD_PPP,"US dollars, PPP converted",A,Annual,Q,Constant prices,_Z,Not applicable,_Z,Not applicable,2007,,8048.667685,,2024,,A,Normal value,0,Units,0,Zero
DATAFLOW,OECD.ELS.SAE:DSD_EARNINGS@RMW(1.0),Real minimum wages at constant prices,I,LTU,Lithuania,SM_WG,Statutory minimum wages,USD_PPP,"US dollars, PPP converted",A,Annual,Q,Constant prices,_Z,Not applicable,_Z,Not applicable,2008,,8930.335485,,2024,,A,Normal value,0,Units,0,Zero
DATAFLOW,OECD.ELS.SAE:DSD_EARNINGS@RMW(1.0),Real minimum wages at constant prices,I,LTU,Lithuania,SM_WG,Statutory minimum wages,USD_PPP,"US dollars, PPP converted",A,Annual,Q,Constant prices,_Z,Not applicable,_Z,Not applicable,2009,,8549.617354,,2024,,A,Normal value,0,Units,0,Zero
DATAFLOW,OECD.ELS.SAE:DSD_EARNINGS@RMW(1.0),Real minimum wages at constant prices,I,LTU,Lithuania,SM_WG,Statutory minimum wages,USD_PPP,"US dollars, PPP converted",A,Annual,Q,Constant prices,_Z,Not applicable,_Z,Not applicable,2010,,8438.297411,,2024,,A,Normal value,0,Units,0,Zero
DATAFLOW,OECD.ELS.SAE:DSD_EARNINGS@RMW(1.0),Real minimum wages at constant prices,I,LTU,Lithuania,SM_WG,Statutory minimum wages,USD_PPP,"US dollars, PPP converted",A,Annual,Q,Constant prices,_Z,Not applicable,_Z,Not applicable,2011,,8103.596404,,2024,,A,Normal value,0,Units,0,Zero
DATAFLOW,OECD.ELS.SAE:DSD_EARNINGS@RMW(1.0),Real minimum wages at constant prices,I,LTU,Lithuania,SM_WG,Statutory minimum wages,USD_PPP,"US dollars, PPP converted",A,Annual,Q,Constant prices,_Z,Not applicable,_Z,Not applicable,2012,,8065.408665,,2024,,A,Normal value,0,Units,0,Zero
DATAFLOW,OECD.ELS.SAE:DSD_EARNINGS@RMW(1.0),Real minimum wages at constant prices,I,LTU,Lithuania,SM_WG,Statutory minimum wages,USD_PPP,"US dollars, PPP converted",A,Annual,Q,Constant prices,_Z,Not applicable,_Z,Not applicable,2013,,9724.020807,,2024,,A,Normal value,0,Units,0,Zero
DATAFLOW,OECD.ELS.SAE:DSD_EARNINGS@RMW(1.0),Real minimum wages at constant prices,I,LTU,Lithuania,SM_WG,Statutory minimum wages,USD_PPP,"US dollars, PPP converted",A,Annual,Q,Constant prices,_Z,Not applicable,_Z,Not applicable,2014,,9800.976466,,2024,,A,Normal value,0,Units,0,Zero
DATAFLOW,OECD.ELS.SAE:DSD_EARNINGS@RMW(1.0),Real minimum wages at constant prices,I,LTU,Lithuania,SM_WG,Statutory minimum wages,USD_PPP,"US dollars, PPP converted",A,Annual,Q,Constant prices,_Z,Not applicable,_Z,Not applicable,2015,,10574.83591,,2024,,A,Normal value,0,Units,0,Zero
DATAFLOW,OECD.ELS.SAE:DSD_EARNINGS@RMW(1.0),Real minimum wages at constant prices,I,LTU,Lithuania,SM_WG,Statutory minimum wages,USD_PPP,"US dollars, PPP converted",A,Annual,Q,Constant prices,_Z,Not applicable,_Z,Not applicable,2016,,12240.56876,,2024,,A,Normal value,0,Units,0,Zero
DATAFLOW,OECD.ELS.SAE:DSD_EARNINGS@RMW(1.0),Real minimum wages at constant prices,I,LTU,Lithuania,SM_WG,Statutory minimum wages,USD_PPP,"US dollars, PPP converted",A,Annual,Q,Constant prices,_Z,Not applicable,_Z,Not applicable,2017,,12286.20407,,2024,,A,Normal value,0,Units,0,Zero
DATAFLOW,OECD.ELS.SAE:DSD_EARNINGS@RMW(1.0),Real minimum wages at constant prices,I,LTU,Lithuania,SM_WG,Statutory minimum wages,USD_PPP,"US dollars, PPP converted",A,Annual,Q,Constant prices,_Z,Not applicable,_Z,Not applicable,2018,,12593.09473,,2024,,A,Normal value,0,Units,0,Zero
DATAFLOW,OECD.ELS.SAE:DSD_EARNINGS@RMW(1.0),Real minimum wages at constant prices,I,LTU,Lithuania,SM_WG,Statutory minimum wages,USD_PPP,"US dollars, PPP converted",A,Annual,Q,Constant prices,_Z,Not applicable,_Z,Not applicable,2019,,17074.31213,,2024,,A,Normal value,0,Units,0,Zero
DATAFLOW,OECD.ELS.SAE:DSD_EARNINGS@RMW(1.0),Real minimum wages at constant prices,I,LTU,Lithuania,SM_WG,Statutory minimum wages,USD_PPP,"US dollars, PPP converted",A,Annual,Q,Constant prices,_Z,Not applicable,_Z,Not applicable,2020,,18452.65928,,2024,,A,Normal value,0,Units,0,Zero
DATAFLOW,OECD.ELS.SAE:DSD_EARNINGS@RMW(1.0),Real minimum wages at constant prices,I,LTU,Lithuania,SM_WG,Statutory minimum wages,USD_PPP,"US dollars, PPP converted",A,Annual,Q,Constant prices,_Z,Not applicable,_Z,Not applicable,2021,,18643.47295,,2024,,A,Normal value,0,Units,0,Zero
DATAFLOW,OECD.ELS.SAE:DSD_EARNINGS@RMW(1.0),Real minimum wages at constant prices,I,LTU,Lithuania,SM_WG,Statutory minimum wages,USD_PPP,"US dollars, PPP converted",A,Annual,Q,Constant prices,_Z,Not applicable,_Z,Not applicable,2022,,17709.32926,,2024,,A,Normal value,0,Units,0,Zero
DATAFLOW,OECD.ELS.SAE:DSD_EARNINGS@RMW(1.0),Real minimum wages at constant prices,I,LTU,Lithuania,SM_WG,Statutory minimum wages,USD_PPP,"US dollars, PPP converted",A,Annual,Q,Constant prices,_Z,Not applicable,_Z,Not applicable,2023,,18675.1805,,2024,,A,Normal value,0,Units,0,Zero
DATAFLOW,OECD.ELS.SAE:DSD_EARNINGS@RMW(1.0),Real minimum wages at constant prices,I,LTU,Lithuania,SM_WG,Statutory minimum wages,USD_PPP,"US dollars, PPP converted",A,Annual,Q,Constant prices,_Z,Not applicable,_Z,Not applicable,2024,,20396.71313,,2024,,A,Normal value,0,Units,0,Zero
DATAFLOW,OECD.ELS.SAE:DSD_EARNINGS@RMW(1.0),Real minimum wages at constant prices,I,MEX,Mexico,SM_WG,Statutory minimum wages,USD_PPP,"US dollars, PPP converted",A,Annual,Q,Constant prices,_Z,Not applicable,_Z,Not applicable,1984,,5486.021583,,2024,,A,Normal value,0,Units,0,Zero
DATAFLOW,OECD.ELS.SAE:DSD_EARNINGS@RMW(1.0),Real minimum wages at constant prices,I,MEX,Mexico,SM_WG,Statutory minimum wages,USD_PPP,"US dollars, PPP converted",A,Annual,Q,Constant prices,_Z,Not applicable,_Z,Not applicable,1985,,5413.570862,,2024,,A,Normal value,0,Units,0,Zero
DATAFLOW,OECD.ELS.SAE:DSD_EARNINGS@RMW(1.0),Real minimum wages at constant prices,I,MEX,Mexico,SM_WG,Statutory minimum wages,USD_PPP,"US dollars, PPP converted",A,Annual,Q,Constant prices,_Z,Not applicable,_Z,Not applicable,1986,,4946.835126,,2024,,A,Normal value,0,Units,0,Zero
DATAFLOW,OECD.ELS.SAE:DSD_EARNINGS@RMW(1.0),Real minimum wages at constant prices,I,MEX,Mexico,SM_WG,Statutory minimum wages,USD_PPP,"US dollars, PPP converted",A,Annual,Q,Constant prices,_Z,Not applicable,_Z,Not applicable,1987,,4649.464516,,2024,,A,Normal value,0,Units,0,Zero
DATAFLOW,OECD.ELS.SAE:DSD_EARNINGS@RMW(1.0),Real minimum wages at constant prices,I,MEX,Mexico,SM_WG,Statutory minimum wages,USD_PPP,"US dollars, PPP converted",A,Annual,Q,Constant prices,_Z,Not applicable,_Z,Not applicable,1988,,4073.864476,,2024,,A,Normal value,0,Units,0,Zero
DATAFLOW,OECD.ELS.SAE:DSD_EARNINGS@RMW(1.0),Real minimum wages at constant prices,I,MEX,Mexico,SM_WG,Statutory minimum wages,USD_PPP,"US dollars, PPP converted",A,Annual,Q,Constant prices,_Z,Not applicable,_Z,Not applicable,1989,,3828.172585,,2024,,A,Normal value,0,Units,0,Zero
DATAFLOW,OECD.ELS.SAE:DSD_EARNINGS@RMW(1.0),Real minimum wages at constant prices,I,MEX,Mexico,SM_WG,Statutory minimum wages,USD_PPP,"US dollars, PPP converted",A,Annual,Q,Constant prices,_Z,Not applicable,_Z,Not applicable,1990,,3470.312622,,2024,,A,Normal value,0,Units,0,Zero
DATAFLOW,OECD.ELS.SAE:DSD_EARNINGS@RMW(1.0),Real minimum wages at constant prices,I,MEX,Mexico,SM_WG,Statutory minimum wages,USD_PPP,"US dollars, PPP converted",A,Annual,Q,Constant prices,_Z,Not applicable,_Z,Not applicable,1991,,3314.742912,,2024,,A,Normal value,0,Units,0,Zero
DATAFLOW,OECD.ELS.SAE:DSD_EARNINGS@RMW(1.0),Real minimum wages at constant prices,I,MEX,Mexico,SM_WG,Statutory minimum wages,USD_PPP,"US dollars, PPP converted",A,Annual,Q,Constant prices,_Z,Not applicable,_Z,Not applicable,1992,,3167.265961,,2024,,A,Normal value,0,Units,0,Zero
DATAFLOW,OECD.ELS.SAE:DSD_EARNINGS@RMW(1.0),Real minimum wages at constant prices,I,MEX,Mexico,SM_WG,Statutory minimum wages,USD_PPP,"US dollars, PPP converted",A,Annual,Q,Constant prices,_Z,Not applicable,_Z,Not applicable,1993,,3118.926384,,2024,,A,Normal value,0,Units,0,Zero
DATAFLOW,OECD.ELS.SAE:DSD_EARNINGS@RMW(1.0),Real minimum wages at constant prices,I,MEX,Mexico,SM_WG,Statutory minimum wages,USD_PPP,"US dollars, PPP converted",A,Annual,Q,Constant prices,_Z,Not applicable,_Z,Not applicable,1994,,3118.992812,,2024,,A,Normal value,0,Units,0,Zero
DATAFLOW,OECD.ELS.SAE:DSD_EARNINGS@RMW(1.0),Real minimum wages at constant prices,I,MEX,Mexico,SM_WG,Statutory minimum wages,USD_PPP,"US dollars, PPP converted",A,Annual,Q,Constant prices,_Z,Not applicable,_Z,Not applicable,1995,,2717.766512,,2024,,A,Normal value,0,Units,0,Zero
DATAFLOW,OECD.ELS.SAE:DSD_EARNINGS@RMW(1.0),Real minimum wages at constant prices,I,MEX,Mexico,SM_WG,Statutory minimum wages,USD_PPP,"US dollars, PPP converted",A,Annual,Q,Constant prices,_Z,Not applicable,_Z,Not applicable,1996,,2509.014969,,2024,,A,Normal value,0,Units,0,Zero
DATAFLOW,OECD.ELS.SAE:DSD_EARNINGS@RMW(1.0),Real minimum wages at constant prices,I,MEX,Mexico,SM_WG,Statutory minimum wages,USD_PPP,"US dollars, PPP converted",A,Annual,Q,Constant prices,_Z,Not applicable,_Z,Not applicable,1997,,2479.269611,,2024,,A,Normal value,0,Units,0,Zero
DATAFLOW,OECD.ELS.SAE:DSD_EARNINGS@RMW(1.0),Real minimum wages at constant prices,I,MEX,Mexico,SM_WG,Statutory minimum wages,USD_PPP,"US dollars, PPP converted",A,Annual,Q,Constant prices,_Z,Not applicable,_Z,Not applicable,1998,,2490.291428,,2024,,A,Normal value,0,Units,0,Zero
DATAFLOW,OECD.ELS.SAE:DSD_EARNINGS@RMW(1.0),Real minimum wages at constant prices,I,MEX,Mexico,SM_WG,Statutory minimum wages,USD_PPP,"US dollars, PPP converted",A,Annual,Q,Constant prices,_Z,Not applicable,_Z,Not applicable,1999,,2408.848252,,2024,,A,Normal value,0,Units,0,Zero
DATAFLOW,OECD.ELS.SAE:DSD_EARNINGS@RMW(1.0),Real minimum wages at constant prices,I,MEX,Mexico,SM_WG,Statutory minimum wages,USD_PPP,"US dollars, PPP converted",A,Annual,Q,Constant prices,_Z,Not applicable,_Z,Not applicable,2000,,2421.344451,,2024,,A,Normal value,0,Units,0,Zero
DATAFLOW,OECD.ELS.SAE:DSD_EARNINGS@RMW(1.0),Real minimum wages at constant prices,I,MEX,Mexico,SM_WG,Statutory minimum wages,USD_PPP,"US dollars, PPP converted",A,Annual,Q,Constant prices,_Z,Not applicable,_Z,Not applicable,2001,,2435.192827,,2024,,A,Normal value,0,Units,0,Zero
DATAFLOW,OECD.ELS.SAE:DSD_EARNINGS@RMW(1.0),Real minimum wages at constant prices,I,MEX,Mexico,SM_WG,Statutory minimum wages,USD_PPP,"US dollars, PPP converted",A,Annual,Q,Constant prices,_Z,Not applicable,_Z,Not applicable,2002,,2452.469469,,2024,,A,Normal value,0,Units,0,Zero
DATAFLOW,OECD.ELS.SAE:DSD_EARNINGS@RMW(1.0),Real minimum wages at constant prices,I,MEX,Mexico,SM_WG,Statutory minimum wages,USD_PPP,"US dollars, PPP converted",A,Annual,Q,Constant prices,_Z,Not applicable,_Z,Not applicable,2003,,2451.469376,,2024,,A,Normal value,0,Units,0,Zero
DATAFLOW,OECD.ELS.SAE:DSD_EARNINGS@RMW(1.0),Real minimum wages at constant prices,I,MEX,Mexico,SM_WG,Statutory minimum wages,USD_PPP,"US dollars, PPP converted",A,Annual,Q,Constant prices,_Z,Not applicable,_Z,Not applicable,2004,,2441.314609,,2024,,A,Normal value,0,Units,0,Zero
DATAFLOW,OECD.ELS.SAE:DSD_EARNINGS@RMW(1.0),Real minimum wages at constant prices,I,MEX,Mexico,SM_WG,Statutory minimum wages,USD_PPP,"US dollars, PPP converted",A,Annual,Q,Constant prices,_Z,Not applicable,_Z,Not applicable,2005,,2453.096675,,2024,,A,Normal value,0,Units,0,Zero
DATAFLOW,OECD.ELS.SAE:DSD_EARNINGS@RMW(1.0),Real minimum wages at constant prices,I,MEX,Mexico,SM_WG,Statutory minimum wages,USD_PPP,"US dollars, PPP converted",A,Annual,Q,Constant prices,_Z,Not applicable,_Z,Not applicable,2006,,2461.834718,,2024,,A,Normal value,0,Units,0,Zero
DATAFLOW,OECD.ELS.SAE:DSD_EARNINGS@RMW(1.0),Real minimum wages at constant prices,I,MEX,Mexico,SM_WG,Statutory minimum wages,USD_PPP,"US dollars, PPP converted",A,Annual,Q,Constant prices,_Z,Not applicable,_Z,Not applicable,2007,,2460.002512,,2024,,A,Normal value,0,Units,0,Zero
DATAFLOW,OECD.ELS.SAE:DSD_EARNINGS@RMW(1.0),Real minimum wages at constant prices,I,MEX,Mexico,SM_WG,Statutory minimum wages,USD_PPP,"US dollars, PPP converted",A,Annual,Q,Constant prices,_Z,Not applicable,_Z,Not applicable,2008,,2433.906964,,2024,,A,Normal value,0,Units,0,Zero
DATAFLOW,OECD.ELS.SAE:DSD_EARNINGS@RMW(1.0),Real minimum wages at constant prices,I,MEX,Mexico,SM_WG,Statutory minimum wages,USD_PPP,"US dollars, PPP converted",A,Annual,Q,Constant prices,_Z,Not applicable,_Z,Not applicable,2009,,2418.304094,,2024,,A,Normal value,0,Units,0,Zero
DATAFLOW,OECD.ELS.SAE:DSD_EARNINGS@RMW(1.0),Real minimum wages at constant prices,I,MEX,Mexico,SM_WG,Statutory minimum wages,USD_PPP,"US dollars, PPP converted",A,Annual,Q,Constant prices,_Z,Not applicable,_Z,Not applicable,2010,,2434.412973,,2024,,A,Normal value,0,Units,0,Zero
DATAFLOW,OECD.ELS.SAE:DSD_EARNINGS@RMW(1.0),Real minimum wages at constant prices,I,MEX,Mexico,SM_WG,Statutory minimum wages,USD_PPP,"US dollars, PPP converted",A,Annual,Q,Constant prices,_Z,Not applicable,_Z,Not applicable,2011,,2450.863599,,2024,,A,Normal value,0,Units,0,Zero
DATAFLOW,OECD.ELS.SAE:DSD_EARNINGS@RMW(1.0),Real minimum wages at constant prices,I,MEX,Mexico,SM_WG,Statutory minimum wages,USD_PPP,"US dollars, PPP converted",A,Annual,Q,Constant prices,_Z,Not applicable,_Z,Not applicable,2012,,2454.696114,,2024,,A,Normal value,0,Units,0,Zero
DATAFLOW,OECD.ELS.SAE:DSD_EARNINGS@RMW(1.0),Real minimum wages at constant prices,I,MEX,Mexico,SM_WG,Statutory minimum wages,USD_PPP,"US dollars, PPP converted",A,Annual,Q,Constant prices,_Z,Not applicable,_Z,Not applicable,2013,,2465.393537,,2024,,A,Normal value,0,Units,0,Zero
DATAFLOW,OECD.ELS.SAE:DSD_EARNINGS@RMW(1.0),Real minimum wages at constant prices,I,MEX,Mexico,SM_WG,Statutory minimum wages,USD_PPP,"US dollars, PPP converted",A,Annual,Q,Constant prices,_Z,Not applicable,_Z,Not applicable,2014,,2462.519029,,2024,,A,Normal value,0,Units,0,Zero
DATAFLOW,OECD.ELS.SAE:DSD_EARNINGS@RMW(1.0),Real minimum wages at constant prices,I,MEX,Mexico,SM_WG,Statutory minimum wages,USD_PPP,"US dollars, PPP converted",A,Annual,Q,Constant prices,_Z,Not applicable,_Z,Not applicable,2015,,2512.537858,,2024,,A,Normal value,0,Units,0,Zero
DATAFLOW,OECD.ELS.SAE:DSD_EARNINGS@RMW(1.0),Real minimum wages at constant prices,I,MEX,Mexico,SM_WG,Statutory minimum wages,USD_PPP,"US dollars, PPP converted",A,Annual,Q,Constant prices,_Z,Not applicable,_Z,Not applicable,2016,,2596.727984,,2024,,A,Normal value,0,Units,0,Zero
DATAFLOW,OECD.ELS.SAE:DSD_EARNINGS@RMW(1.0),Real minimum wages at constant prices,I,MEX,Mexico,SM_WG,Statutory minimum wages,USD_PPP,"US dollars, PPP converted",A,Annual,Q,Constant prices,_Z,Not applicable,_Z,Not applicable,2017,,2683.472827,,2024,,A,Normal value,0,Units,0,Zero
DATAFLOW,OECD.ELS.SAE:DSD_EARNINGS@RMW(1.0),Real minimum wages at constant prices,I,MEX,Mexico,SM_WG,Statutory minimum wages,USD_PPP,"US dollars, PPP converted",A,Annual,Q,Constant prices,_Z,Not applicable,_Z,Not applicable,2018,,2824.052691,,2024,,A,Normal value,0,Units,0,Zero
DATAFLOW,OECD.ELS.SAE:DSD_EARNINGS@RMW(1.0),Real minimum wages at constant prices,I,MEX,Mexico,SM_WG,Statutory minimum wages,USD_PPP,"US dollars, PPP converted",A,Annual,Q,Constant prices,_Z,Not applicable,_Z,Not applicable,2019,,3167.058605,,2024,,A,Normal value,0,Units,0,Zero
DATAFLOW,OECD.ELS.SAE:DSD_EARNINGS@RMW(1.0),Real minimum wages at constant prices,I,MEX,Mexico,SM_WG,Statutory minimum wages,USD_PPP,"US dollars, PPP converted",A,Annual,Q,Constant prices,_Z,Not applicable,_Z,Not applicable,2020,,3675.198492,,2024,,A,Normal value,0,Units,0,Zero
DATAFLOW,OECD.ELS.SAE:DSD_EARNINGS@RMW(1.0),Real minimum wages at constant prices,I,MEX,Mexico,SM_WG,Statutory minimum wages,USD_PPP,"US dollars, PPP converted",A,Annual,Q,Constant prices,_Z,Not applicable,_Z,Not applicable,2021,,3998.881721,,2024,,A,Normal value,0,Units,0,Zero
DATAFLOW,OECD.ELS.SAE:DSD_EARNINGS@RMW(1.0),Real minimum wages at constant prices,I,MEX,Mexico,SM_WG,Statutory minimum wages,USD_PPP,"US dollars, PPP converted",A,Annual,Q,Constant prices,_Z,Not applicable,_Z,Not applicable,2022,,4521.49371,,2024,,A,Normal value,0,Units,0,Zero
DATAFLOW,OECD.ELS.SAE:DSD_EARNINGS@RMW(1.0),Real minimum wages at constant prices,I,MEX,Mexico,SM_WG,Statutory minimum wages,USD_PPP,"US dollars, PPP converted",A,Annual,Q,Constant prices,_Z,Not applicable,_Z,Not applicable,2023,,5141.46844,,2024,,A,Normal value,0,Units,0,Zero
DATAFLOW,OECD.ELS.SAE:DSD_EARNINGS@RMW(1.0),Real minimum wages at constant prices,I,MEX,Mexico,SM_WG,Statutory minimum wages,USD_PPP,"US dollars, PPP converted",A,Annual,Q,Constant prices,_Z,Not applicable,_Z,Not applicable,2024,,5891.597261,,2024,,A,Normal value,0,Units,0,Zero
DATAFLOW,OECD.ELS.SAE:DSD_EARNINGS@RMW(1.0),Real minimum wages at constant prices,I,NLD,Netherlands,SM_WG,Statutory minimum wages,USD_PPP,"US dollars, PPP converted",A,Annual,Q,Constant prices,_Z,Not applicable,_Z,Not applicable,1961,,21297.39895,,2024,,A,Normal value,0,Units,0,Zero
DATAFLOW,OECD.ELS.SAE:DSD_EARNINGS@RMW(1.0),Real minimum wages at constant prices,I,NLD,Netherlands,SM_WG,Statutory minimum wages,USD_PPP,"US dollars, PPP converted",A,Annual,Q,Constant prices,_Z,Not applicable,_Z,Not applicable,1962,,21518.69111,,2024,,A,Normal value,0,Units,0,Zero
DATAFLOW,OECD.ELS.SAE:DSD_EARNINGS@RMW(1.0),Real minimum wages at constant prices,I,NLD,Netherlands,SM_WG,Statutory minimum wages,USD_PPP,"US dollars, PPP converted",A,Annual,Q,Constant prices,_Z,Not applicable,_Z,Not applicable,1963,,24046.04415,,2024,,A,Normal value,0,Units,0,Zero
DATAFLOW,OECD.ELS.SAE:DSD_EARNINGS@RMW(1.0),Real minimum wages at constant prices,I,NLD,Netherlands,SM_WG,Statutory minimum wages,USD_PPP,"US dollars, PPP converted",A,Annual,Q,Constant prices,_Z,Not applicable,_Z,Not applicable,1964,,24110.96846,,2024,,A,Normal value,0,Units,0,Zero
DATAFLOW,OECD.ELS.SAE:DSD_EARNINGS@RMW(1.0),Real minimum wages at constant prices,I,NLD,Netherlands,SM_WG,Statutory minimum wages,USD_PPP,"US dollars, PPP converted",A,Annual,Q,Constant prices,_Z,Not applicable,_Z,Not applicable,1965,,25532.90719,,2024,,A,Normal value,0,Units,0,Zero
DATAFLOW,OECD.ELS.SAE:DSD_EARNINGS@RMW(1.0),Real minimum wages at constant prices,I,NLD,Netherlands,SM_WG,Statutory minimum wages,USD_PPP,"US dollars, PPP converted",A,Annual,Q,Constant prices,_Z,Not applicable,_Z,Not applicable,1966,,26334.93166,,2024,,A,Normal value,0,Units,0,Zero
DATAFLOW,OECD.ELS.SAE:DSD_EARNINGS@RMW(1.0),Real minimum wages at constant prices,I,NLD,Netherlands,SM_WG,Statutory minimum wages,USD_PPP,"US dollars, PPP converted",A,Annual,Q,Constant prices,_Z,Not applicable,_Z,Not applicable,1967,,26939.27693,,2024,,A,Normal value,0,Units,0,Zero
DATAFLOW,OECD.ELS.SAE:DSD_EARNINGS@RMW(1.0),Real minimum wages at constant prices,I,NLD,Netherlands,SM_WG,Statutory minimum wages,USD_PPP,"US dollars, PPP converted",A,Annual,Q,Constant prices,_Z,Not applicable,_Z,Not applicable,1968,,27190.99484,,2024,,A,Normal value,0,Units,0,Zero
DATAFLOW,OECD.ELS.SAE:DSD_EARNINGS@RMW(1.0),Real minimum wages at constant prices,I,NLD,Netherlands,SM_WG,Statutory minimum wages,USD_PPP,"US dollars, PPP converted",A,Annual,Q,Constant prices,_Z,Not applicable,_Z,Not applicable,1969,,27329.13606,,2024,,A,Normal value,0,Units,0,Zero
DATAFLOW,OECD.ELS.SAE:DSD_EARNINGS@RMW(1.0),Real minimum wages at constant prices,I,NLD,Netherlands,SM_WG,Statutory minimum wages,USD_PPP,"US dollars, PPP converted",A,Annual,Q,Constant prices,_Z,Not applicable,_Z,Not applicable,1970,,27844.84148,,2024,,A,Normal value,0,Units,0,Zero
DATAFLOW,OECD.ELS.SAE:DSD_EARNINGS@RMW(1.0),Real minimum wages at constant prices,I,NLD,Netherlands,SM_WG,Statutory minimum wages,USD_PPP,"US dollars, PPP converted",A,Annual,Q,Constant prices,_Z,Not applicable,_Z,Not applicable,1971,,29459.33666,,2024,,A,Normal value,0,Units,0,Zero
DATAFLOW,OECD.ELS.SAE:DSD_EARNINGS@RMW(1.0),Real minimum wages at constant prices,I,NLD,Netherlands,SM_WG,Statutory minimum wages,USD_PPP,"US dollars, PPP converted",A,Annual,Q,Constant prices,_Z,Not applicable,_Z,Not applicable,1972,,30621.76732,,2024,,A,Normal value,0,Units,0,Zero
DATAFLOW,OECD.ELS.SAE:DSD_EARNINGS@RMW(1.0),Real minimum wages at constant prices,I,NLD,Netherlands,SM_WG,Statutory minimum wages,USD_PPP,"US dollars, PPP converted",A,Annual,Q,Constant prices,_Z,Not applicable,_Z,Not applicable,1973,,32594.23942,,2024,,A,Normal value,0,Units,0,Zero
DATAFLOW,OECD.ELS.SAE:DSD_EARNINGS@RMW(1.0),Real minimum wages at constant prices,I,NLD,Netherlands,SM_WG,Statutory minimum wages,USD_PPP,"US dollars, PPP converted",A,Annual,Q,Constant prices,_Z,Not applicable,_Z,Not applicable,1974,,34997.35728,,2024,,A,Normal value,0,Units,0,Zero
DATAFLOW,OECD.ELS.SAE:DSD_EARNINGS@RMW(1.0),Real minimum wages at constant prices,I,NLD,Netherlands,SM_WG,Statutory minimum wages,USD_PPP,"US dollars, PPP converted",A,Annual,Q,Constant prices,_Z,Not applicable,_Z,Not applicable,1975,,36910.01008,,2024,,A,Normal value,0,Units,0,Zero
DATAFLOW,OECD.ELS.SAE:DSD_EARNINGS@RMW(1.0),Real minimum wages at constant prices,I,NLD,Netherlands,SM_WG,Statutory minimum wages,USD_PPP,"US dollars, PPP converted",A,Annual,Q,Constant prices,_Z,Not applicable,_Z,Not applicable,1976,,37966.51932,,2024,,A,Normal value,0,Units,0,Zero
DATAFLOW,OECD.ELS.SAE:DSD_EARNINGS@RMW(1.0),Real minimum wages at constant prices,I,NLD,Netherlands,SM_WG,Statutory minimum wages,USD_PPP,"US dollars, PPP converted",A,Annual,Q,Constant prices,_Z,Not applicable,_Z,Not applicable,1977,,38228.54906,,2024,,A,Normal value,0,Units,0,Zero
DATAFLOW,OECD.ELS.SAE:DSD_EARNINGS@RMW(1.0),Real minimum wages at constant prices,I,NLD,Netherlands,SM_WG,Statutory minimum wages,USD_PPP,"US dollars, PPP converted",A,Annual,Q,Constant prices,_Z,Not applicable,_Z,Not applicable,1978,,39844.34779,,2024,,A,Normal value,0,Units,0,Zero
DATAFLOW,OECD.ELS.SAE:DSD_EARNINGS@RMW(1.0),Real minimum wages at constant prices,I,NLD,Netherlands,SM_WG,Statutory minimum wages,USD_PPP,"US dollars, PPP converted",A,Annual,Q,Constant prices,_Z,Not applicable,_Z,Not applicable,1979,,39881.47797,,2024,,A,Normal value,0,Units,0,Zero
DATAFLOW,OECD.ELS.SAE:DSD_EARNINGS@RMW(1.0),Real minimum wages at constant prices,I,NLD,Netherlands,SM_WG,Statutory minimum wages,USD_PPP,"US dollars, PPP converted",A,Annual,Q,Constant prices,_Z,Not applicable,_Z,Not applicable,1980,,39271.7979,,2024,,A,Normal value,0,Units,0,Zero
DATAFLOW,OECD.ELS.SAE:DSD_EARNINGS@RMW(1.0),Real minimum wages at constant prices,I,NLD,Netherlands,SM_WG,Statutory minimum wages,USD_PPP,"US dollars, PPP converted",A,Annual,Q,Constant prices,_Z,Not applicable,_Z,Not applicable,1981,,37894.0147,,2024,,A,Normal value,0,Units,0,Zero
DATAFLOW,OECD.ELS.SAE:DSD_EARNINGS@RMW(1.0),Real minimum wages at constant prices,I,NLD,Netherlands,SM_WG,Statutory minimum wages,USD_PPP,"US dollars, PPP converted",A,Annual,Q,Constant prices,_Z,Not applicable,_Z,Not applicable,1982,,37657.12092,,2024,,A,Normal value,0,Units,0,Zero
DATAFLOW,OECD.ELS.SAE:DSD_EARNINGS@RMW(1.0),Real minimum wages at constant prices,I,NLD,Netherlands,SM_WG,Statutory minimum wages,USD_PPP,"US dollars, PPP converted",A,Annual,Q,Constant prices,_Z,Not applicable,_Z,Not applicable,1983,,37474.32159,,2024,,A,Normal value,0,Units,0,Zero
DATAFLOW,OECD.ELS.SAE:DSD_EARNINGS@RMW(1.0),Real minimum wages at constant prices,I,NLD,Netherlands,SM_WG,Statutory minimum wages,USD_PPP,"US dollars, PPP converted",A,Annual,Q,Constant prices,_Z,Not applicable,_Z,Not applicable,1984,,35196.73672,,2024,,A,Normal value,0,Units,0,Zero
DATAFLOW,OECD.ELS.SAE:DSD_EARNINGS@RMW(1.0),Real minimum wages at constant prices,I,NLD,Netherlands,SM_WG,Statutory minimum wages,USD_PPP,"US dollars, PPP converted",A,Annual,Q,Constant prices,_Z,Not applicable,_Z,Not applicable,1985,,34419.3518,,2024,,A,Normal value,0,Units,0,Zero
DATAFLOW,OECD.ELS.SAE:DSD_EARNINGS@RMW(1.0),Real minimum wages at constant prices,I,NLD,Netherlands,SM_WG,Statutory minimum wages,USD_PPP,"US dollars, PPP converted",A,Annual,Q,Constant prices,_Z,Not applicable,_Z,Not applicable,1986,,34390.68777,,2024,,A,Normal value,0,Units,0,Zero
DATAFLOW,OECD.ELS.SAE:DSD_EARNINGS@RMW(1.0),Real minimum wages at constant prices,I,NLD,Netherlands,SM_WG,Statutory minimum wages,USD_PPP,"US dollars, PPP converted",A,Annual,Q,Constant prices,_Z,Not applicable,_Z,Not applicable,1987,,34737.19392,,2024,,A,Normal value,0,Units,0,Zero
DATAFLOW,OECD.ELS.SAE:DSD_EARNINGS@RMW(1.0),Real minimum wages at constant prices,I,NLD,Netherlands,SM_WG,Statutory minimum wages,USD_PPP,"US dollars, PPP converted",A,Annual,Q,Constant prices,_Z,Not applicable,_Z,Not applicable,1988,,34535.90347,,2024,,A,Normal value,0,Units,0,Zero
DATAFLOW,OECD.ELS.SAE:DSD_EARNINGS@RMW(1.0),Real minimum wages at constant prices,I,NLD,Netherlands,SM_WG,Statutory minimum wages,USD_PPP,"US dollars, PPP converted",A,Annual,Q,Constant prices,_Z,Not applicable,_Z,Not applicable,1989,,34166.17198,,2024,,A,Normal value,0,Units,0,Zero
DATAFLOW,OECD.ELS.SAE:DSD_EARNINGS@RMW(1.0),Real minimum wages at constant prices,I,NLD,Netherlands,SM_WG,Statutory minimum wages,USD_PPP,"US dollars, PPP converted",A,Annual,Q,Constant prices,_Z,Not applicable,_Z,Not applicable,1990,,33935.43944,,2024,,A,Normal value,0,Units,0,Zero
DATAFLOW,OECD.ELS.SAE:DSD_EARNINGS@RMW(1.0),Real minimum wages at constant prices,I,NLD,Netherlands,SM_WG,Statutory minimum wages,USD_PPP,"US dollars, PPP converted",A,Annual,Q,Constant prices,_Z,Not applicable,_Z,Not applicable,1991,,33900.32136,,2024,,A,Normal value,0,Units,0,Zero
DATAFLOW,OECD.ELS.SAE:DSD_EARNINGS@RMW(1.0),Real minimum wages at constant prices,I,NLD,Netherlands,SM_WG,Statutory minimum wages,USD_PPP,"US dollars, PPP converted",A,Annual,Q,Constant prices,_Z,Not applicable,_Z,Not applicable,1992,,33859.38366,,2024,,A,Normal value,0,Units,0,Zero
DATAFLOW,OECD.ELS.SAE:DSD_EARNINGS@RMW(1.0),Real minimum wages at constant prices,I,NLD,Netherlands,SM_WG,Statutory minimum wages,USD_PPP,"US dollars, PPP converted",A,Annual,Q,Constant prices,_Z,Not applicable,_Z,Not applicable,1993,,33233.72553,,2024,,A,Normal value,0,Units,0,Zero
DATAFLOW,OECD.ELS.SAE:DSD_EARNINGS@RMW(1.0),Real minimum wages at constant prices,I,NLD,Netherlands,SM_WG,Statutory minimum wages,USD_PPP,"US dollars, PPP converted",A,Annual,Q,Constant prices,_Z,Not applicable,_Z,Not applicable,1994,,32328.04603,,2024,,A,Normal value,0,Units,0,Zero
DATAFLOW,OECD.ELS.SAE:DSD_EARNINGS@RMW(1.0),Real minimum wages at constant prices,I,NLD,Netherlands,SM_WG,Statutory minimum wages,USD_PPP,"US dollars, PPP converted",A,Annual,Q,Constant prices,_Z,Not applicable,_Z,Not applicable,1995,,31718.03952,,2024,,A,Normal value,0,Units,0,Zero
DATAFLOW,OECD.ELS.SAE:DSD_EARNINGS@RMW(1.0),Real minimum wages at constant prices,I,NLD,Netherlands,SM_WG,Statutory minimum wages,USD_PPP,"US dollars, PPP converted",A,Annual,Q,Constant prices,_Z,Not applicable,_Z,Not applicable,1996,,31554.22765,,2024,,A,Normal value,0,Units,0,Zero
DATAFLOW,OECD.ELS.SAE:DSD_EARNINGS@RMW(1.0),Real minimum wages at constant prices,I,NLD,Netherlands,SM_WG,Statutory minimum wages,USD_PPP,"US dollars, PPP converted",A,Annual,Q,Constant prices,_Z,Not applicable,_Z,Not applicable,1997,,31441.33037,,2024,,A,Normal value,0,Units,0,Zero
DATAFLOW,OECD.ELS.SAE:DSD_EARNINGS@RMW(1.0),Real minimum wages at constant prices,I,NLD,Netherlands,SM_WG,Statutory minimum wages,USD_PPP,"US dollars, PPP converted",A,Annual,Q,Constant prices,_Z,Not applicable,_Z,Not applicable,1998,,31659.39051,,2024,,A,Normal value,0,Units,0,Zero
DATAFLOW,OECD.ELS.SAE:DSD_EARNINGS@RMW(1.0),Real minimum wages at constant prices,I,NLD,Netherlands,SM_WG,Statutory minimum wages,USD_PPP,"US dollars, PPP converted",A,Annual,Q,Constant prices,_Z,Not applicable,_Z,Not applicable,1999,,31924.47123,,2024,,A,Normal value,0,Units,0,Zero
DATAFLOW,OECD.ELS.SAE:DSD_EARNINGS@RMW(1.0),Real minimum wages at constant prices,I,NLD,Netherlands,SM_WG,Statutory minimum wages,USD_PPP,"US dollars, PPP converted",A,Annual,Q,Constant prices,_Z,Not applicable,_Z,Not applicable,2000,,32062.15819,,2024,,A,Normal value,0,Units,0,Zero
DATAFLOW,OECD.ELS.SAE:DSD_EARNINGS@RMW(1.0),Real minimum wages at constant prices,I,NLD,Netherlands,SM_WG,Statutory minimum wages,USD_PPP,"US dollars, PPP converted",A,Annual,Q,Constant prices,_Z,Not applicable,_Z,Not applicable,2001,,32633.46951,,2024,,A,Normal value,0,Units,0,Zero
DATAFLOW,OECD.ELS.SAE:DSD_EARNINGS@RMW(1.0),Real minimum wages at constant prices,I,NLD,Netherlands,SM_WG,Statutory minimum wages,USD_PPP,"US dollars, PPP converted",A,Annual,Q,Constant prices,_Z,Not applicable,_Z,Not applicable,2002,,32991.80092,,2024,,A,Normal value,0,Units,0,Zero
DATAFLOW,OECD.ELS.SAE:DSD_EARNINGS@RMW(1.0),Real minimum wages at constant prices,I,NLD,Netherlands,SM_WG,Statutory minimum wages,USD_PPP,"US dollars, PPP converted",A,Annual,Q,Constant prices,_Z,Not applicable,_Z,Not applicable,2003,,33322.10621,,2024,,A,Normal value,0,Units,0,Zero
DATAFLOW,OECD.ELS.SAE:DSD_EARNINGS@RMW(1.0),Real minimum wages at constant prices,I,NLD,Netherlands,SM_WG,Statutory minimum wages,USD_PPP,"US dollars, PPP converted",A,Annual,Q,Constant prices,_Z,Not applicable,_Z,Not applicable,2004,,33110.29593,,2024,,A,Normal value,0,Units,0,Zero
DATAFLOW,OECD.ELS.SAE:DSD_EARNINGS@RMW(1.0),Real minimum wages at constant prices,I,NLD,Netherlands,SM_WG,Statutory minimum wages,USD_PPP,"US dollars, PPP converted",A,Annual,Q,Constant prices,_Z,Not applicable,_Z,Not applicable,2005,,32560.63267,,2024,,A,Normal value,0,Units,0,Zero
DATAFLOW,OECD.ELS.SAE:DSD_EARNINGS@RMW(1.0),Real minimum wages at constant prices,I,NLD,Netherlands,SM_WG,Statutory minimum wages,USD_PPP,"US dollars, PPP converted",A,Annual,Q,Constant prices,_Z,Not applicable,_Z,Not applicable,2006,,32555.60295,,2024,,A,Normal value,0,Units,0,Zero
DATAFLOW,OECD.ELS.SAE:DSD_EARNINGS@RMW(1.0),Real minimum wages at constant prices,I,NLD,Netherlands,SM_WG,Statutory minimum wages,USD_PPP,"US dollars, PPP converted",A,Annual,Q,Constant prices,_Z,Not applicable,_Z,Not applicable,2007,,32800.35587,,2024,,A,Normal value,0,Units,0,Zero
DATAFLOW,OECD.ELS.SAE:DSD_EARNINGS@RMW(1.0),Real minimum wages at constant prices,I,NLD,Netherlands,SM_WG,Statutory minimum wages,USD_PPP,"US dollars, PPP converted",A,Annual,Q,Constant prices,_Z,Not applicable,_Z,Not applicable,2008,,32906.36574,,2024,,A,Normal value,0,Units,0,Zero
DATAFLOW,OECD.ELS.SAE:DSD_EARNINGS@RMW(1.0),Real minimum wages at constant prices,I,NLD,Netherlands,SM_WG,Statutory minimum wages,USD_PPP,"US dollars, PPP converted",A,Annual,Q,Constant prices,_Z,Not applicable,_Z,Not applicable,2009,,33584.04606,,2024,,A,Normal value,0,Units,0,Zero
DATAFLOW,OECD.ELS.SAE:DSD_EARNINGS@RMW(1.0),Real minimum wages at constant prices,I,NLD,Netherlands,SM_WG,Statutory minimum wages,USD_PPP,"US dollars, PPP converted",A,Annual,Q,Constant prices,_Z,Not applicable,_Z,Not applicable,2010,,33683.97659,,2024,,A,Normal value,0,Units,0,Zero
DATAFLOW,OECD.ELS.SAE:DSD_EARNINGS@RMW(1.0),Real minimum wages at constant prices,I,NLD,Netherlands,SM_WG,Statutory minimum wages,USD_PPP,"US dollars, PPP converted",A,Annual,Q,Constant prices,_Z,Not applicable,_Z,Not applicable,2011,,33147.29813,,2024,,A,Normal value,0,Units,0,Zero
DATAFLOW,OECD.ELS.SAE:DSD_EARNINGS@RMW(1.0),Real minimum wages at constant prices,I,NLD,Netherlands,SM_WG,Statutory minimum wages,USD_PPP,"US dollars, PPP converted",A,Annual,Q,Constant prices,_Z,Not applicable,_Z,Not applicable,2012,,33025.30214,,2024,,A,Normal value,0,Units,0,Zero
DATAFLOW,OECD.ELS.SAE:DSD_EARNINGS@RMW(1.0),Real minimum wages at constant prices,I,NLD,Netherlands,SM_WG,Statutory minimum wages,USD_PPP,"US dollars, PPP converted",A,Annual,Q,Constant prices,_Z,Not applicable,_Z,Not applicable,2013,,32618.43222,,2024,,A,Normal value,0,Units,0,Zero
DATAFLOW,OECD.ELS.SAE:DSD_EARNINGS@RMW(1.0),Real minimum wages at constant prices,I,NLD,Netherlands,SM_WG,Statutory minimum wages,USD_PPP,"US dollars, PPP converted",A,Annual,Q,Constant prices,_Z,Not applicable,_Z,Not applicable,2014,,32764.51656,,2024,,A,Normal value,0,Units,0,Zero
DATAFLOW,OECD.ELS.SAE:DSD_EARNINGS@RMW(1.0),Real minimum wages at constant prices,I,NLD,Netherlands,SM_WG,Statutory minimum wages,USD_PPP,"US dollars, PPP converted",A,Annual,Q,Constant prices,_Z,Not applicable,_Z,Not applicable,2015,,32818.56902,,2024,,A,Normal value,0,Units,0,Zero
DATAFLOW,OECD.ELS.SAE:DSD_EARNINGS@RMW(1.0),Real minimum wages at constant prices,I,NLD,Netherlands,SM_WG,Statutory minimum wages,USD_PPP,"US dollars, PPP converted",A,Annual,Q,Constant prices,_Z,Not applicable,_Z,Not applicable,2016,,33348.61981,,2024,,A,Normal value,0,Units,0,Zero
DATAFLOW,OECD.ELS.SAE:DSD_EARNINGS@RMW(1.0),Real minimum wages at constant prices,I,NLD,Netherlands,SM_WG,Statutory minimum wages,USD_PPP,"US dollars, PPP converted",A,Annual,Q,Constant prices,_Z,Not applicable,_Z,Not applicable,2017,,33486.07796,,2024,,A,Normal value,0,Units,0,Zero
DATAFLOW,OECD.ELS.SAE:DSD_EARNINGS@RMW(1.0),Real minimum wages at constant prices,I,NLD,Netherlands,SM_WG,Statutory minimum wages,USD_PPP,"US dollars, PPP converted",A,Annual,Q,Constant prices,_Z,Not applicable,_Z,Not applicable,2018,,33508.78145,,2024,,A,Normal value,0,Units,0,Zero
DATAFLOW,OECD.ELS.SAE:DSD_EARNINGS@RMW(1.0),Real minimum wages at constant prices,I,NLD,Netherlands,SM_WG,Statutory minimum wages,USD_PPP,"US dollars, PPP converted",A,Annual,Q,Constant prices,_Z,Not applicable,_Z,Not applicable,2019,,33463.69018,,2024,,A,Normal value,0,Units,0,Zero
DATAFLOW,OECD.ELS.SAE:DSD_EARNINGS@RMW(1.0),Real minimum wages at constant prices,I,NLD,Netherlands,SM_WG,Statutory minimum wages,USD_PPP,"US dollars, PPP converted",A,Annual,Q,Constant prices,_Z,Not applicable,_Z,Not applicable,2020,,33879.16084,,2024,,A,Normal value,0,Units,0,Zero
DATAFLOW,OECD.ELS.SAE:DSD_EARNINGS@RMW(1.0),Real minimum wages at constant prices,I,NLD,Netherlands,SM_WG,Statutory minimum wages,USD_PPP,"US dollars, PPP converted",A,Annual,Q,Constant prices,_Z,Not applicable,_Z,Not applicable,2021,,33512.54558,,2024,,A,Normal value,0,Units,0,Zero
DATAFLOW,OECD.ELS.SAE:DSD_EARNINGS@RMW(1.0),Real minimum wages at constant prices,I,NLD,Netherlands,SM_WG,Statutory minimum wages,USD_PPP,"US dollars, PPP converted",A,Annual,Q,Constant prices,_Z,Not applicable,_Z,Not applicable,2022,,31323.7641,,2024,,A,Normal value,0,Units,0,Zero
DATAFLOW,OECD.ELS.SAE:DSD_EARNINGS@RMW(1.0),Real minimum wages at constant prices,I,NLD,Netherlands,SM_WG,Statutory minimum wages,USD_PPP,"US dollars, PPP converted",A,Annual,Q,Constant prices,_Z,Not applicable,_Z,Not applicable,2023,,34049.2872,,2024,,A,Normal value,0,Units,0,Zero
DATAFLOW,OECD.ELS.SAE:DSD_EARNINGS@RMW(1.0),Real minimum wages at constant prices,I,POL,Poland,SM_WG,Statutory minimum wages,USD_PPP,"US dollars, PPP converted",A,Annual,Q,Constant prices,_Z,Not applicable,_Z,Not applicable,1992,,5730.598727,,2024,,A,Normal value,0,Units,0,Zero
DATAFLOW,OECD.ELS.SAE:DSD_EARNINGS@RMW(1.0),Real minimum wages at constant prices,I,POL,Poland,SM_WG,Statutory minimum wages,USD_PPP,"US dollars, PPP converted",A,Annual,Q,Constant prices,_Z,Not applicable,_Z,Not applicable,1993,,6155.791373,,2024,,A,Normal value,0,Units,0,Zero
DATAFLOW,OECD.ELS.SAE:DSD_EARNINGS@RMW(1.0),Real minimum wages at constant prices,I,POL,Poland,SM_WG,Statutory minimum wages,USD_PPP,"US dollars, PPP converted",A,Annual,Q,Constant prices,_Z,Not applicable,_Z,Not applicable,1994,,6219.839321,,2024,,A,Normal value,0,Units,0,Zero
DATAFLOW,OECD.ELS.SAE:DSD_EARNINGS@RMW(1.0),Real minimum wages at constant prices,I,POL,Poland,SM_WG,Statutory minimum wages,USD_PPP,"US dollars, PPP converted",A,Annual,Q,Constant prices,_Z,Not applicable,_Z,Not applicable,1995,,6443.77779,,2024,,A,Normal value,0,Units,0,Zero
DATAFLOW,OECD.ELS.SAE:DSD_EARNINGS@RMW(1.0),Real minimum wages at constant prices,I,POL,Poland,SM_WG,Statutory minimum wages,USD_PPP,"US dollars, PPP converted",A,Annual,Q,Constant prices,_Z,Not applicable,_Z,Not applicable,1996,,6676.573319,,2024,,A,Normal value,0,Units,0,Zero
DATAFLOW,OECD.ELS.SAE:DSD_EARNINGS@RMW(1.0),Real minimum wages at constant prices,I,POL,Poland,SM_WG,Statutory minimum wages,USD_PPP,"US dollars, PPP converted",A,Annual,Q,Constant prices,_Z,Not applicable,_Z,Not applicable,1997,,7009.079335,,2024,,A,Normal value,0,Units,0,Zero
DATAFLOW,OECD.ELS.SAE:DSD_EARNINGS@RMW(1.0),Real minimum wages at constant prices,I,POL,Poland,SM_WG,Statutory minimum wages,USD_PPP,"US dollars, PPP converted",A,Annual,Q,Constant prices,_Z,Not applicable,_Z,Not applicable,1998,,7297.386181,,2024,,A,Normal value,0,Units,0,Zero
DATAFLOW,OECD.ELS.SAE:DSD_EARNINGS@RMW(1.0),Real minimum wages at constant prices,I,POL,Poland,SM_WG,Statutory minimum wages,USD_PPP,"US dollars, PPP converted",A,Annual,Q,Constant prices,_Z,Not applicable,_Z,Not applicable,1999,,7251.983465,,2024,,A,Normal value,0,Units,0,Zero
DATAFLOW,OECD.ELS.SAE:DSD_EARNINGS@RMW(1.0),Real minimum wages at constant prices,I,POL,Poland,SM_WG,Statutory minimum wages,USD_PPP,"US dollars, PPP converted",A,Annual,Q,Constant prices,_Z,Not applicable,_Z,Not applicable,2000,,8435.839243,,2024,,A,Normal value,0,Units,0,Zero
DATAFLOW,OECD.ELS.SAE:DSD_EARNINGS@RMW(1.0),Real minimum wages at constant prices,I,POL,Poland,SM_WG,Statutory minimum wages,USD_PPP,"US dollars, PPP converted",A,Annual,Q,Constant prices,_Z,Not applicable,_Z,Not applicable,2001,,9010.795503,,2024,,A,Normal value,0,Units,0,Zero
DATAFLOW,OECD.ELS.SAE:DSD_EARNINGS@RMW(1.0),Real minimum wages at constant prices,I,POL,Poland,SM_WG,Statutory minimum wages,USD_PPP,"US dollars, PPP converted",A,Annual,Q,Constant prices,_Z,Not applicable,_Z,Not applicable,2002,,8842.324775,,2024,,A,Normal value,0,Units,0,Zero
DATAFLOW,OECD.ELS.SAE:DSD_EARNINGS@RMW(1.0),Real minimum wages at constant prices,I,POL,Poland,SM_WG,Statutory minimum wages,USD_PPP,"US dollars, PPP converted",A,Annual,Q,Constant prices,_Z,Not applicable,_Z,Not applicable,2003,,9244.597118,,2024,,A,Normal value,0,Units,0,Zero
DATAFLOW,OECD.ELS.SAE:DSD_EARNINGS@RMW(1.0),Real minimum wages at constant prices,I,POL,Poland,SM_WG,Statutory minimum wages,USD_PPP,"US dollars, PPP converted",A,Annual,Q,Constant prices,_Z,Not applicable,_Z,Not applicable,2004,,9210.379821,,2024,,A,Normal value,0,Units,0,Zero
DATAFLOW,OECD.ELS.SAE:DSD_EARNINGS@RMW(1.0),Real minimum wages at constant prices,I,POL,Poland,SM_WG,Statutory minimum wages,USD_PPP,"US dollars, PPP converted",A,Annual,Q,Constant prices,_Z,Not applicable,_Z,Not applicable,2005,,9287.01161,,2024,,A,Normal value,0,Units,0,Zero
DATAFLOW,OECD.ELS.SAE:DSD_EARNINGS@RMW(1.0),Real minimum wages at constant prices,I,POL,Poland,SM_WG,Statutory minimum wages,USD_PPP,"US dollars, PPP converted",A,Annual,Q,Constant prices,_Z,Not applicable,_Z,Not applicable,2006,,9709.216832,,2024,,A,Normal value,0,Units,0,Zero
DATAFLOW,OECD.ELS.SAE:DSD_EARNINGS@RMW(1.0),Real minimum wages at constant prices,I,POL,Poland,SM_WG,Statutory minimum wages,USD_PPP,"US dollars, PPP converted",A,Annual,Q,Constant prices,_Z,Not applicable,_Z,Not applicable,2007,,9866.231652,,2024,,A,Normal value,0,Units,0,Zero
DATAFLOW,OECD.ELS.SAE:DSD_EARNINGS@RMW(1.0),Real minimum wages at constant prices,I,POL,Poland,SM_WG,Statutory minimum wages,USD_PPP,"US dollars, PPP converted",A,Annual,Q,Constant prices,_Z,Not applicable,_Z,Not applicable,2008,,11394.41806,,2024,,A,Normal value,0,Units,0,Zero
DATAFLOW,OECD.ELS.SAE:DSD_EARNINGS@RMW(1.0),Real minimum wages at constant prices,I,POL,Poland,SM_WG,Statutory minimum wages,USD_PPP,"US dollars, PPP converted",A,Annual,Q,Constant prices,_Z,Not applicable,_Z,Not applicable,2009,,12440.17168,,2024,,A,Normal value,0,Units,0,Zero
DATAFLOW,OECD.ELS.SAE:DSD_EARNINGS@RMW(1.0),Real minimum wages at constant prices,I,POL,Poland,SM_WG,Statutory minimum wages,USD_PPP,"US dollars, PPP converted",A,Annual,Q,Constant prices,_Z,Not applicable,_Z,Not applicable,2010,,12516.87232,,2024,,A,Normal value,0,Units,0,Zero
DATAFLOW,OECD.ELS.SAE:DSD_EARNINGS@RMW(1.0),Real minimum wages at constant prices,I,POL,Poland,SM_WG,Statutory minimum wages,USD_PPP,"US dollars, PPP converted",A,Annual,Q,Constant prices,_Z,Not applicable,_Z,Not applicable,2011,,12636.92393,,2024,,A,Normal value,0,Units,0,Zero
DATAFLOW,OECD.ELS.SAE:DSD_EARNINGS@RMW(1.0),Real minimum wages at constant prices,I,POL,Poland,SM_WG,Statutory minimum wages,USD_PPP,"US dollars, PPP converted",A,Annual,Q,Constant prices,_Z,Not applicable,_Z,Not applicable,2012,,13206.13707,,2024,,A,Normal value,0,Units,0,Zero
DATAFLOW,OECD.ELS.SAE:DSD_EARNINGS@RMW(1.0),Real minimum wages at constant prices,I,POL,Poland,SM_WG,Statutory minimum wages,USD_PPP,"US dollars, PPP converted",A,Annual,Q,Constant prices,_Z,Not applicable,_Z,Not applicable,2013,,13948.17819,,2024,,A,Normal value,0,Units,0,Zero
DATAFLOW,OECD.ELS.SAE:DSD_EARNINGS@RMW(1.0),Real minimum wages at constant prices,I,POL,Poland,SM_WG,Statutory minimum wages,USD_PPP,"US dollars, PPP converted",A,Annual,Q,Constant prices,_Z,Not applicable,_Z,Not applicable,2014,,14637.71857,,2024,,A,Normal value,0,Units,0,Zero
DATAFLOW,OECD.ELS.SAE:DSD_EARNINGS@RMW(1.0),Real minimum wages at constant prices,I,POL,Poland,SM_WG,Statutory minimum wages,USD_PPP,"US dollars, PPP converted",A,Annual,Q,Constant prices,_Z,Not applicable,_Z,Not applicable,2015,,15382.07706,,2024,,A,Normal value,0,Units,0,Zero
DATAFLOW,OECD.ELS.SAE:DSD_EARNINGS@RMW(1.0),Real minimum wages at constant prices,I,POL,Poland,SM_WG,Statutory minimum wages,USD_PPP,"US dollars, PPP converted",A,Annual,Q,Constant prices,_Z,Not applicable,_Z,Not applicable,2016,,16369.87326,,2024,,A,Normal value,0,Units,0,Zero
DATAFLOW,OECD.ELS.SAE:DSD_EARNINGS@RMW(1.0),Real minimum wages at constant prices,I,POL,Poland,SM_WG,Statutory minimum wages,USD_PPP,"US dollars, PPP converted",A,Annual,Q,Constant prices,_Z,Not applicable,_Z,Not applicable,2017,,17337.24596,,2024,,A,Normal value,0,Units,0,Zero
DATAFLOW,OECD.ELS.SAE:DSD_EARNINGS@RMW(1.0),Real minimum wages at constant prices,I,POL,Poland,SM_WG,Statutory minimum wages,USD_PPP,"US dollars, PPP converted",A,Annual,Q,Constant prices,_Z,Not applicable,_Z,Not applicable,2018,,17879.9509,,2024,,A,Normal value,0,Units,0,Zero
DATAFLOW,OECD.ELS.SAE:DSD_EARNINGS@RMW(1.0),Real minimum wages at constant prices,I,POL,Poland,SM_WG,Statutory minimum wages,USD_PPP,"US dollars, PPP converted",A,Annual,Q,Constant prices,_Z,Not applicable,_Z,Not applicable,2019,,18739.67758,,2024,,A,Normal value,0,Units,0,Zero
DATAFLOW,OECD.ELS.SAE:DSD_EARNINGS@RMW(1.0),Real minimum wages at constant prices,I,POL,Poland,SM_WG,Statutory minimum wages,USD_PPP,"US dollars, PPP converted",A,Annual,Q,Constant prices,_Z,Not applicable,_Z,Not applicable,2020,,20947.85041,,2024,,A,Normal value,0,Units,0,Zero
DATAFLOW,OECD.ELS.SAE:DSD_EARNINGS@RMW(1.0),Real minimum wages at constant prices,I,POL,Poland,SM_WG,Statutory minimum wages,USD_PPP,"US dollars, PPP converted",A,Annual,Q,Constant prices,_Z,Not applicable,_Z,Not applicable,2021,,21473.7319,,2024,,A,Normal value,0,Units,0,Zero
DATAFLOW,OECD.ELS.SAE:DSD_EARNINGS@RMW(1.0),Real minimum wages at constant prices,I,POL,Poland,SM_WG,Statutory minimum wages,USD_PPP,"US dollars, PPP converted",A,Annual,Q,Constant prices,_Z,Not applicable,_Z,Not applicable,2022,,20173.35425,,2024,,A,Normal value,0,Units,0,Zero
DATAFLOW,OECD.ELS.SAE:DSD_EARNINGS@RMW(1.0),Real minimum wages at constant prices,I,POL,Poland,SM_WG,Statutory minimum wages,USD_PPP,"US dollars, PPP converted",A,Annual,Q,Constant prices,_Z,Not applicable,_Z,Not applicable,2023,,21302.97645,,2024,,A,Normal value,0,Units,0,Zero
DATAFLOW,OECD.ELS.SAE:DSD_EARNINGS@RMW(1.0),Real minimum wages at constant prices,I,POL,Poland,SM_WG,Statutory minimum wages,USD_PPP,"US dollars, PPP converted",A,Annual,Q,Constant prices,_Z,Not applicable,_Z,Not applicable,2024,,24729.88779,,2024,,A,Normal value,0,Units,0,Zero
DATAFLOW,OECD.ELS.SAE:DSD_EARNINGS@RMW(1.0),Real minimum wages at constant prices,I,PRT,Portugal,SM_WG,Statutory minimum wages,USD_PPP,"US dollars, PPP converted",A,Annual,Q,Constant prices,_Z,Not applicable,_Z,Not applicable,1977,,9301.76046,,2024,,A,Normal value,0,Units,0,Zero
DATAFLOW,OECD.ELS.SAE:DSD_EARNINGS@RMW(1.0),Real minimum wages at constant prices,I,PRT,Portugal,SM_WG,Statutory minimum wages,USD_PPP,"US dollars, PPP converted",A,Annual,Q,Constant prices,_Z,Not applicable,_Z,Not applicable,1978,,9298.781694,,2024,,A,Normal value,0,Units,0,Zero
DATAFLOW,OECD.ELS.SAE:DSD_EARNINGS@RMW(1.0),Real minimum wages at constant prices,I,PRT,Portugal,SM_WG,Statutory minimum wages,USD_PPP,"US dollars, PPP converted",A,Annual,Q,Constant prices,_Z,Not applicable,_Z,Not applicable,1979,,11581.97522,,2024,,A,Normal value,0,Units,0,Zero
DATAFLOW,OECD.ELS.SAE:DSD_EARNINGS@RMW(1.0),Real minimum wages at constant prices,I,PRT,Portugal,SM_WG,Statutory minimum wages,USD_PPP,"US dollars, PPP converted",A,Annual,Q,Constant prices,_Z,Not applicable,_Z,Not applicable,1980,,12187.82309,,2024,,A,Normal value,0,Units,0,Zero
DATAFLOW,OECD.ELS.SAE:DSD_EARNINGS@RMW(1.0),Real minimum wages at constant prices,I,PRT,Portugal,SM_WG,Statutory minimum wages,USD_PPP,"US dollars, PPP converted",A,Annual,Q,Constant prices,_Z,Not applicable,_Z,Not applicable,1981,,11648.77743,,2024,,A,Normal value,0,Units,0,Zero
DATAFLOW,OECD.ELS.SAE:DSD_EARNINGS@RMW(1.0),Real minimum wages at constant prices,I,PRT,Portugal,SM_WG,Statutory minimum wages,USD_PPP,"US dollars, PPP converted",A,Annual,Q,Constant prices,_Z,Not applicable,_Z,Not applicable,1982,,10100.77557,,2024,,A,Normal value,0,Units,0,Zero
DATAFLOW,OECD.ELS.SAE:DSD_EARNINGS@RMW(1.0),Real minimum wages at constant prices,I,PRT,Portugal,SM_WG,Statutory minimum wages,USD_PPP,"US dollars, PPP converted",A,Annual,Q,Constant prices,_Z,Not applicable,_Z,Not applicable,1983,,9421.601776,,2024,,A,Normal value,0,Units,0,Zero
DATAFLOW,OECD.ELS.SAE:DSD_EARNINGS@RMW(1.0),Real minimum wages at constant prices,I,PRT,Portugal,SM_WG,Statutory minimum wages,USD_PPP,"US dollars, PPP converted",A,Annual,Q,Constant prices,_Z,Not applicable,_Z,Not applicable,1984,,8736.946273,,2024,,A,Normal value,0,Units,0,Zero
DATAFLOW,OECD.ELS.SAE:DSD_EARNINGS@RMW(1.0),Real minimum wages at constant prices,I,PRT,Portugal,SM_WG,Statutory minimum wages,USD_PPP,"US dollars, PPP converted",A,Annual,Q,Constant prices,_Z,Not applicable,_Z,Not applicable,1985,,9287.129401,,2024,,A,Normal value,0,Units,0,Zero
DATAFLOW,OECD.ELS.SAE:DSD_EARNINGS@RMW(1.0),Real minimum wages at constant prices,I,PRT,Portugal,SM_WG,Statutory minimum wages,USD_PPP,"US dollars, PPP converted",A,Annual,Q,Constant prices,_Z,Not applicable,_Z,Not applicable,1986,,9774.739365,,2024,,A,Normal value,0,Units,0,Zero
DATAFLOW,OECD.ELS.SAE:DSD_EARNINGS@RMW(1.0),Real minimum wages at constant prices,I,PRT,Portugal,SM_WG,Statutory minimum wages,USD_PPP,"US dollars, PPP converted",A,Annual,Q,Constant prices,_Z,Not applicable,_Z,Not applicable,1987,,10235.40662,,2024,,A,Normal value,0,Units,0,Zero
DATAFLOW,OECD.ELS.SAE:DSD_EARNINGS@RMW(1.0),Real minimum wages at constant prices,I,PRT,Portugal,SM_WG,Statutory minimum wages,USD_PPP,"US dollars, PPP converted",A,Annual,Q,Constant prices,_Z,Not applicable,_Z,Not applicable,1988,,10295.16557,,2024,,A,Normal value,0,Units,0,Zero
DATAFLOW,OECD.ELS.SAE:DSD_EARNINGS@RMW(1.0),Real minimum wages at constant prices,I,PRT,Portugal,SM_WG,Statutory minimum wages,USD_PPP,"US dollars, PPP converted",A,Annual,Q,Constant prices,_Z,Not applicable,_Z,Not applicable,1989,,10465.70942,,2024,,A,Normal value,0,Units,0,Zero
DATAFLOW,OECD.ELS.SAE:DSD_EARNINGS@RMW(1.0),Real minimum wages at constant prices,I,PRT,Portugal,SM_WG,Statutory minimum wages,USD_PPP,"US dollars, PPP converted",A,Annual,Q,Constant prices,_Z,Not applicable,_Z,Not applicable,1990,,11188.30523,,2024,,A,Normal value,0,Units,0,Zero
DATAFLOW,OECD.ELS.SAE:DSD_EARNINGS@RMW(1.0),Real minimum wages at constant prices,I,PRT,Portugal,SM_WG,Statutory minimum wages,USD_PPP,"US dollars, PPP converted",A,Annual,Q,Constant prices,_Z,Not applicable,_Z,Not applicable,1991,,11622.01358,,2024,,A,Normal value,0,Units,0,Zero
DATAFLOW,OECD.ELS.SAE:DSD_EARNINGS@RMW(1.0),Real minimum wages at constant prices,I,PRT,Portugal,SM_WG,Statutory minimum wages,USD_PPP,"US dollars, PPP converted",A,Annual,Q,Constant prices,_Z,Not applicable,_Z,Not applicable,1992,,11776.52992,,2024,,A,Normal value,0,Units,0,Zero
DATAFLOW,OECD.ELS.SAE:DSD_EARNINGS@RMW(1.0),Real minimum wages at constant prices,I,PRT,Portugal,SM_WG,Statutory minimum wages,USD_PPP,"US dollars, PPP converted",A,Annual,Q,Constant prices,_Z,Not applicable,_Z,Not applicable,1993,,11743.7432,,2024,,A,Normal value,0,Units,0,Zero
DATAFLOW,OECD.ELS.SAE:DSD_EARNINGS@RMW(1.0),Real minimum wages at constant prices,I,PRT,Portugal,SM_WG,Statutory minimum wages,USD_PPP,"US dollars, PPP converted",A,Annual,Q,Constant prices,_Z,Not applicable,_Z,Not applicable,1994,,11588.2539,,2024,,A,Normal value,0,Units,0,Zero
DATAFLOW,OECD.ELS.SAE:DSD_EARNINGS@RMW(1.0),Real minimum wages at constant prices,I,PRT,Portugal,SM_WG,Statutory minimum wages,USD_PPP,"US dollars, PPP converted",A,Annual,Q,Constant prices,_Z,Not applicable,_Z,Not applicable,1995,,11727.18047,,2024,,A,Normal value,0,Units,0,Zero
DATAFLOW,OECD.ELS.SAE:DSD_EARNINGS@RMW(1.0),Real minimum wages at constant prices,I,PRT,Portugal,SM_WG,Statutory minimum wages,USD_PPP,"US dollars, PPP converted",A,Annual,Q,Constant prices,_Z,Not applicable,_Z,Not applicable,1996,,11945.76385,,2024,,A,Normal value,0,Units,0,Zero
DATAFLOW,OECD.ELS.SAE:DSD_EARNINGS@RMW(1.0),Real minimum wages at constant prices,I,PRT,Portugal,SM_WG,Statutory minimum wages,USD_PPP,"US dollars, PPP converted",A,Annual,Q,Constant prices,_Z,Not applicable,_Z,Not applicable,1997,,12121.23573,,2024,,A,Normal value,0,Units,0,Zero
DATAFLOW,OECD.ELS.SAE:DSD_EARNINGS@RMW(1.0),Real minimum wages at constant prices,I,PRT,Portugal,SM_WG,Statutory minimum wages,USD_PPP,"US dollars, PPP converted",A,Annual,Q,Constant prices,_Z,Not applicable,_Z,Not applicable,1998,,12279.29465,,2024,,A,Normal value,0,Units,0,Zero
DATAFLOW,OECD.ELS.SAE:DSD_EARNINGS@RMW(1.0),Real minimum wages at constant prices,I,PRT,Portugal,SM_WG,Statutory minimum wages,USD_PPP,"US dollars, PPP converted",A,Annual,Q,Constant prices,_Z,Not applicable,_Z,Not applicable,1999,,12485.73756,,2024,,A,Normal value,0,Units,0,Zero
DATAFLOW,OECD.ELS.SAE:DSD_EARNINGS@RMW(1.0),Real minimum wages at constant prices,I,PRT,Portugal,SM_WG,Statutory minimum wages,USD_PPP,"US dollars, PPP converted",A,Annual,Q,Constant prices,_Z,Not applicable,_Z,Not applicable,2000,,12634.54196,,2024,,A,Normal value,0,Units,0,Zero
DATAFLOW,OECD.ELS.SAE:DSD_EARNINGS@RMW(1.0),Real minimum wages at constant prices,I,PRT,Portugal,SM_WG,Statutory minimum wages,USD_PPP,"US dollars, PPP converted",A,Annual,Q,Constant prices,_Z,Not applicable,_Z,Not applicable,2001,,12712.6611,,2024,,A,Normal value,0,Units,0,Zero
DATAFLOW,OECD.ELS.SAE:DSD_EARNINGS@RMW(1.0),Real minimum wages at constant prices,I,PRT,Portugal,SM_WG,Statutory minimum wages,USD_PPP,"US dollars, PPP converted",A,Annual,Q,Constant prices,_Z,Not applicable,_Z,Not applicable,2002,,12778.20626,,2024,,A,Normal value,0,Units,0,Zero
DATAFLOW,OECD.ELS.SAE:DSD_EARNINGS@RMW(1.0),Real minimum wages at constant prices,I,PRT,Portugal,SM_WG,Statutory minimum wages,USD_PPP,"US dollars, PPP converted",A,Annual,Q,Constant prices,_Z,Not applicable,_Z,Not applicable,2003,,12685.2262,,2024,,A,Normal value,0,Units,0,Zero
DATAFLOW,OECD.ELS.SAE:DSD_EARNINGS@RMW(1.0),Real minimum wages at constant prices,I,PRT,Portugal,SM_WG,Statutory minimum wages,USD_PPP,"US dollars, PPP converted",A,Annual,Q,Constant prices,_Z,Not applicable,_Z,Not applicable,2004,,12687.58986,,2024,,A,Normal value,0,Units,0,Zero
DATAFLOW,OECD.ELS.SAE:DSD_EARNINGS@RMW(1.0),Real minimum wages at constant prices,I,PRT,Portugal,SM_WG,Statutory minimum wages,USD_PPP,"US dollars, PPP converted",A,Annual,Q,Constant prices,_Z,Not applicable,_Z,Not applicable,2005,,12731.28864,,2024,,A,Normal value,0,Units,0,Zero
DATAFLOW,OECD.ELS.SAE:DSD_EARNINGS@RMW(1.0),Real minimum wages at constant prices,I,PRT,Portugal,SM_WG,Statutory minimum wages,USD_PPP,"US dollars, PPP converted",A,Annual,Q,Constant prices,_Z,Not applicable,_Z,Not applicable,2006,,12709.95886,,2024,,A,Normal value,0,Units,0,Zero
DATAFLOW,OECD.ELS.SAE:DSD_EARNINGS@RMW(1.0),Real minimum wages at constant prices,I,PRT,Portugal,SM_WG,Statutory minimum wages,USD_PPP,"US dollars, PPP converted",A,Annual,Q,Constant prices,_Z,Not applicable,_Z,Not applicable,2007,,12962.15064,,2024,,A,Normal value,0,Units,0,Zero
DATAFLOW,OECD.ELS.SAE:DSD_EARNINGS@RMW(1.0),Real minimum wages at constant prices,I,PRT,Portugal,SM_WG,Statutory minimum wages,USD_PPP,"US dollars, PPP converted",A,Annual,Q,Constant prices,_Z,Not applicable,_Z,Not applicable,2008,,13356.10488,,2024,,A,Normal value,0,Units,0,Zero
DATAFLOW,OECD.ELS.SAE:DSD_EARNINGS@RMW(1.0),Real minimum wages at constant prices,I,PRT,Portugal,SM_WG,Statutory minimum wages,USD_PPP,"US dollars, PPP converted",A,Annual,Q,Constant prices,_Z,Not applicable,_Z,Not applicable,2009,,14227.43483,,2024,,A,Normal value,0,Units,0,Zero
DATAFLOW,OECD.ELS.SAE:DSD_EARNINGS@RMW(1.0),Real minimum wages at constant prices,I,PRT,Portugal,SM_WG,Statutory minimum wages,USD_PPP,"US dollars, PPP converted",A,Annual,Q,Constant prices,_Z,Not applicable,_Z,Not applicable,2010,,14810.21578,,2024,,A,Normal value,0,Units,0,Zero
DATAFLOW,OECD.ELS.SAE:DSD_EARNINGS@RMW(1.0),Real minimum wages at constant prices,I,PRT,Portugal,SM_WG,Statutory minimum wages,USD_PPP,"US dollars, PPP converted",A,Annual,Q,Constant prices,_Z,Not applicable,_Z,Not applicable,2011,,14588.89567,,2024,,A,Normal value,0,Units,0,Zero
DATAFLOW,OECD.ELS.SAE:DSD_EARNINGS@RMW(1.0),Real minimum wages at constant prices,I,PRT,Portugal,SM_WG,Statutory minimum wages,USD_PPP,"US dollars, PPP converted",A,Annual,Q,Constant prices,_Z,Not applicable,_Z,Not applicable,2012,,14195.21399,,2024,,A,Normal value,0,Units,0,Zero
DATAFLOW,OECD.ELS.SAE:DSD_EARNINGS@RMW(1.0),Real minimum wages at constant prices,I,PRT,Portugal,SM_WG,Statutory minimum wages,USD_PPP,"US dollars, PPP converted",A,Annual,Q,Constant prices,_Z,Not applicable,_Z,Not applicable,2013,,14156.36606,,2024,,A,Normal value,0,Units,0,Zero
DATAFLOW,OECD.ELS.SAE:DSD_EARNINGS@RMW(1.0),Real minimum wages at constant prices,I,PRT,Portugal,SM_WG,Statutory minimum wages,USD_PPP,"US dollars, PPP converted",A,Annual,Q,Constant prices,_Z,Not applicable,_Z,Not applicable,2014,,14195.85304,,2024,,A,Normal value,0,Units,0,Zero
DATAFLOW,OECD.ELS.SAE:DSD_EARNINGS@RMW(1.0),Real minimum wages at constant prices,I,PRT,Portugal,SM_WG,Statutory minimum wages,USD_PPP,"US dollars, PPP converted",A,Annual,Q,Constant prices,_Z,Not applicable,_Z,Not applicable,2015,,14709.64561,,2024,,A,Normal value,0,Units,0,Zero
DATAFLOW,OECD.ELS.SAE:DSD_EARNINGS@RMW(1.0),Real minimum wages at constant prices,I,PRT,Portugal,SM_WG,Statutory minimum wages,USD_PPP,"US dollars, PPP converted",A,Annual,Q,Constant prices,_Z,Not applicable,_Z,Not applicable,2016,,15344.47299,,2024,,A,Normal value,0,Units,0,Zero
DATAFLOW,OECD.ELS.SAE:DSD_EARNINGS@RMW(1.0),Real minimum wages at constant prices,I,PRT,Portugal,SM_WG,Statutory minimum wages,USD_PPP,"US dollars, PPP converted",A,Annual,Q,Constant prices,_Z,Not applicable,_Z,Not applicable,2017,,15908.45568,,2024,,A,Normal value,0,Units,0,Zero
DATAFLOW,OECD.ELS.SAE:DSD_EARNINGS@RMW(1.0),Real minimum wages at constant prices,I,PRT,Portugal,SM_WG,Statutory minimum wages,USD_PPP,"US dollars, PPP converted",A,Annual,Q,Constant prices,_Z,Not applicable,_Z,Not applicable,2018,,16402.51936,,2024,,A,Normal value,0,Units,0,Zero
DATAFLOW,OECD.ELS.SAE:DSD_EARNINGS@RMW(1.0),Real minimum wages at constant prices,I,PRT,Portugal,SM_WG,Statutory minimum wages,USD_PPP,"US dollars, PPP converted",A,Annual,Q,Constant prices,_Z,Not applicable,_Z,Not applicable,2019,,16910.85371,,2024,,A,Normal value,0,Units,0,Zero
DATAFLOW,OECD.ELS.SAE:DSD_EARNINGS@RMW(1.0),Real minimum wages at constant prices,I,PRT,Portugal,SM_WG,Statutory minimum wages,USD_PPP,"US dollars, PPP converted",A,Annual,Q,Constant prices,_Z,Not applicable,_Z,Not applicable,2020,,17899.55446,,2024,,A,Normal value,0,Units,0,Zero
DATAFLOW,OECD.ELS.SAE:DSD_EARNINGS@RMW(1.0),Real minimum wages at constant prices,I,PRT,Portugal,SM_WG,Statutory minimum wages,USD_PPP,"US dollars, PPP converted",A,Annual,Q,Constant prices,_Z,Not applicable,_Z,Not applicable,2021,,18510.90804,,2024,,A,Normal value,0,Units,0,Zero
DATAFLOW,OECD.ELS.SAE:DSD_EARNINGS@RMW(1.0),Real minimum wages at constant prices,I,PRT,Portugal,SM_WG,Statutory minimum wages,USD_PPP,"US dollars, PPP converted",A,Annual,Q,Constant prices,_Z,Not applicable,_Z,Not applicable,2022,,18198.88605,,2024,,A,Normal value,0,Units,0,Zero
DATAFLOW,OECD.ELS.SAE:DSD_EARNINGS@RMW(1.0),Real minimum wages at constant prices,I,PRT,Portugal,SM_WG,Statutory minimum wages,USD_PPP,"US dollars, PPP converted",A,Annual,Q,Constant prices,_Z,Not applicable,_Z,Not applicable,2023,,18807.80547,,2024,,A,Normal value,0,Units,0,Zero
DATAFLOW,OECD.ELS.SAE:DSD_EARNINGS@RMW(1.0),Real minimum wages at constant prices,I,PRT,Portugal,SM_WG,Statutory minimum wages,USD_PPP,"US dollars, PPP converted",A,Annual,Q,Constant prices,_Z,Not applicable,_Z,Not applicable,2024,,19813.90805,,2024,,A,Normal value,0,Units,0,Zero
DATAFLOW,OECD.ELS.SAE:DSD_EARNINGS@RMW(1.0),Real minimum wages at constant prices,I,SVK,Slovak Republic,SM_WG,Statutory minimum wages,USD_PPP,"US dollars, PPP converted",A,Annual,Q,Constant prices,_Z,Not applicable,_Z,Not applicable,1991,,7694.495474,,2024,,A,Normal value,0,Units,0,Zero
DATAFLOW,OECD.ELS.SAE:DSD_EARNINGS@RMW(1.0),Real minimum wages at constant prices,I,SVK,Slovak Republic,SM_WG,Statutory minimum wages,USD_PPP,"US dollars, PPP converted",A,Annual,Q,Constant prices,_Z,Not applicable,_Z,Not applicable,1992,,8402.129719,,2024,,A,Normal value,0,Units,0,Zero
DATAFLOW,OECD.ELS.SAE:DSD_EARNINGS@RMW(1.0),Real minimum wages at constant prices,I,SVK,Slovak Republic,SM_WG,Statutory minimum wages,USD_PPP,"US dollars, PPP converted",A,Annual,Q,Constant prices,_Z,Not applicable,_Z,Not applicable,1993,,7008.706947,,2024,,A,Normal value,0,Units,0,Zero
DATAFLOW,OECD.ELS.SAE:DSD_EARNINGS@RMW(1.0),Real minimum wages at constant prices,I,SVK,Slovak Republic,SM_WG,Statutory minimum wages,USD_PPP,"US dollars, PPP converted",A,Annual,Q,Constant prices,_Z,Not applicable,_Z,Not applicable,1994,,6691.799534,,2024,,A,Normal value,0,Units,0,Zero
DATAFLOW,OECD.ELS.SAE:DSD_EARNINGS@RMW(1.0),Real minimum wages at constant prices,I,SVK,Slovak Republic,SM_WG,Statutory minimum wages,USD_PPP,"US dollars, PPP converted",A,Annual,Q,Constant prices,_Z,Not applicable,_Z,Not applicable,1995,,6092.254658,,2024,,A,Normal value,0,Units,0,Zero
DATAFLOW,OECD.ELS.SAE:DSD_EARNINGS@RMW(1.0),Real minimum wages at constant prices,I,SVK,Slovak Republic,SM_WG,Statutory minimum wages,USD_PPP,"US dollars, PPP converted",A,Annual,Q,Constant prices,_Z,Not applicable,_Z,Not applicable,1996,,6200.375274,,2024,,A,Normal value,0,Units,0,Zero
DATAFLOW,OECD.ELS.SAE:DSD_EARNINGS@RMW(1.0),Real minimum wages at constant prices,I,SVK,Slovak Republic,SM_WG,Statutory minimum wages,USD_PPP,"US dollars, PPP converted",A,Annual,Q,Constant prices,_Z,Not applicable,_Z,Not applicable,1997,,5980.011604,,2024,,A,Normal value,0,Units,0,Zero
DATAFLOW,OECD.ELS.SAE:DSD_EARNINGS@RMW(1.0),Real minimum wages at constant prices,I,SVK,Slovak Republic,SM_WG,Statutory minimum wages,USD_PPP,"US dollars, PPP converted",A,Annual,Q,Constant prices,_Z,Not applicable,_Z,Not applicable,1998,,6229.238971,,2024,,A,Normal value,0,Units,0,Zero
DATAFLOW,OECD.ELS.SAE:DSD_EARNINGS@RMW(1.0),Real minimum wages at constant prices,I,SVK,Slovak Republic,SM_WG,Statutory minimum wages,USD_PPP,"US dollars, PPP converted",A,Annual,Q,Constant prices,_Z,Not applicable,_Z,Not applicable,1999,,6478.787831,,2024,,A,Normal value,0,Units,0,Zero
DATAFLOW,OECD.ELS.SAE:DSD_EARNINGS@RMW(1.0),Real minimum wages at constant prices,I,SVK,Slovak Republic,SM_WG,Statutory minimum wages,USD_PPP,"US dollars, PPP converted",A,Annual,Q,Constant prices,_Z,Not applicable,_Z,Not applicable,2000,,6872.294909,,2024,,A,Normal value,0,Units,0,Zero
DATAFLOW,OECD.ELS.SAE:DSD_EARNINGS@RMW(1.0),Real minimum wages at constant prices,I,SVK,Slovak Republic,SM_WG,Statutory minimum wages,USD_PPP,"US dollars, PPP converted",A,Annual,Q,Constant prices,_Z,Not applicable,_Z,Not applicable,2001,,7074.511984,,2024,,A,Normal value,0,Units,0,Zero
DATAFLOW,OECD.ELS.SAE:DSD_EARNINGS@RMW(1.0),Real minimum wages at constant prices,I,SVK,Slovak Republic,SM_WG,Statutory minimum wages,USD_PPP,"US dollars, PPP converted",A,Annual,Q,Constant prices,_Z,Not applicable,_Z,Not applicable,2002,,7696.667945,,2024,,A,Normal value,0,Units,0,Zero
DATAFLOW,OECD.ELS.SAE:DSD_EARNINGS@RMW(1.0),Real minimum wages at constant prices,I,SVK,Slovak Republic,SM_WG,Statutory minimum wages,USD_PPP,"US dollars, PPP converted",A,Annual,Q,Constant prices,_Z,Not applicable,_Z,Not applicable,2003,,7948.099617,,2024,,A,Normal value,0,Units,0,Zero
DATAFLOW,OECD.ELS.SAE:DSD_EARNINGS@RMW(1.0),Real minimum wages at constant prices,I,SVK,Slovak Republic,SM_WG,Statutory minimum wages,USD_PPP,"US dollars, PPP converted",A,Annual,Q,Constant prices,_Z,Not applicable,_Z,Not applicable,2004,,8022.584561,,2024,,A,Normal value,0,Units,0,Zero
DATAFLOW,OECD.ELS.SAE:DSD_EARNINGS@RMW(1.0),Real minimum wages at constant prices,I,SVK,Slovak Republic,SM_WG,Statutory minimum wages,USD_PPP,"US dollars, PPP converted",A,Annual,Q,Constant prices,_Z,Not applicable,_Z,Not applicable,2005,,8335.078277,,2024,,A,Normal value,0,Units,0,Zero
DATAFLOW,OECD.ELS.SAE:DSD_EARNINGS@RMW(1.0),Real minimum wages at constant prices,I,SVK,Slovak Republic,SM_WG,Statutory minimum wages,USD_PPP,"US dollars, PPP converted",A,Annual,Q,Constant prices,_Z,Not applicable,_Z,Not applicable,2006,,8551.556063,,2024,,A,Normal value,0,Units,0,Zero
DATAFLOW,OECD.ELS.SAE:DSD_EARNINGS@RMW(1.0),Real minimum wages at constant prices,I,SVK,Slovak Republic,SM_WG,Statutory minimum wages,USD_PPP,"US dollars, PPP converted",A,Annual,Q,Constant prices,_Z,Not applicable,_Z,Not applicable,2007,,9086.715833,,2024,,A,Normal value,0,Units,0,Zero
DATAFLOW,OECD.ELS.SAE:DSD_EARNINGS@RMW(1.0),Real minimum wages at constant prices,I,SVK,Slovak Republic,SM_WG,Statutory minimum wages,USD_PPP,"US dollars, PPP converted",A,Annual,Q,Constant prices,_Z,Not applicable,_Z,Not applicable,2008,,9108.971823,,2024,,A,Normal value,0,Units,0,Zero
DATAFLOW,OECD.ELS.SAE:DSD_EARNINGS@RMW(1.0),Real minimum wages at constant prices,I,SVK,Slovak Republic,SM_WG,Statutory minimum wages,USD_PPP,"US dollars, PPP converted",A,Annual,Q,Constant prices,_Z,Not applicable,_Z,Not applicable,2009,,9852.014342,,2024,,A,Normal value,0,Units,0,Zero
DATAFLOW,OECD.ELS.SAE:DSD_EARNINGS@RMW(1.0),Real minimum wages at constant prices,I,SVK,Slovak Republic,SM_WG,Statutory minimum wages,USD_PPP,"US dollars, PPP converted",A,Annual,Q,Constant prices,_Z,Not applicable,_Z,Not applicable,2010,,10161.51681,,2024,,A,Normal value,0,Units,0,Zero
DATAFLOW,OECD.ELS.SAE:DSD_EARNINGS@RMW(1.0),Real minimum wages at constant prices,I,SVK,Slovak Republic,SM_WG,Statutory minimum wages,USD_PPP,"US dollars, PPP converted",A,Annual,Q,Constant prices,_Z,Not applicable,_Z,Not applicable,2011,,10073.8186,,2024,,A,Normal value,0,Units,0,Zero
DATAFLOW,OECD.ELS.SAE:DSD_EARNINGS@RMW(1.0),Real minimum wages at constant prices,I,SVK,Slovak Republic,SM_WG,Statutory minimum wages,USD_PPP,"US dollars, PPP converted",A,Annual,Q,Constant prices,_Z,Not applicable,_Z,Not applicable,2012,,10036.05035,,2024,,A,Normal value,0,Units,0,Zero
DATAFLOW,OECD.ELS.SAE:DSD_EARNINGS@RMW(1.0),Real minimum wages at constant prices,I,SVK,Slovak Republic,SM_WG,Statutory minimum wages,USD_PPP,"US dollars, PPP converted",A,Annual,Q,Constant prices,_Z,Not applicable,_Z,Not applicable,2013,,10215.04805,,2024,,A,Normal value,0,Units,0,Zero
DATAFLOW,OECD.ELS.SAE:DSD_EARNINGS@RMW(1.0),Real minimum wages at constant prices,I,SVK,Slovak Republic,SM_WG,Statutory minimum wages,USD_PPP,"US dollars, PPP converted",A,Annual,Q,Constant prices,_Z,Not applicable,_Z,Not applicable,2014,,10655.72601,,2024,,A,Normal value,0,Units,0,Zero
DATAFLOW,OECD.ELS.SAE:DSD_EARNINGS@RMW(1.0),Real minimum wages at constant prices,I,SVK,Slovak Republic,SM_WG,Statutory minimum wages,USD_PPP,"US dollars, PPP converted",A,Annual,Q,Constant prices,_Z,Not applicable,_Z,Not applicable,2015,,11540.87598,,2024,,A,Normal value,0,Units,0,Zero
DATAFLOW,OECD.ELS.SAE:DSD_EARNINGS@RMW(1.0),Real minimum wages at constant prices,I,SVK,Slovak Republic,SM_WG,Statutory minimum wages,USD_PPP,"US dollars, PPP converted",A,Annual,Q,Constant prices,_Z,Not applicable,_Z,Not applicable,2016,,12364.44046,,2024,,A,Normal value,0,Units,0,Zero
DATAFLOW,OECD.ELS.SAE:DSD_EARNINGS@RMW(1.0),Real minimum wages at constant prices,I,SVK,Slovak Republic,SM_WG,Statutory minimum wages,USD_PPP,"US dollars, PPP converted",A,Annual,Q,Constant prices,_Z,Not applicable,_Z,Not applicable,2017,,13108.35225,,2024,,A,Normal value,0,Units,0,Zero
DATAFLOW,OECD.ELS.SAE:DSD_EARNINGS@RMW(1.0),Real minimum wages at constant prices,I,SVK,Slovak Republic,SM_WG,Statutory minimum wages,USD_PPP,"US dollars, PPP converted",A,Annual,Q,Constant prices,_Z,Not applicable,_Z,Not applicable,2018,,14109.663,,2024,,A,Normal value,0,Units,0,Zero
DATAFLOW,OECD.ELS.SAE:DSD_EARNINGS@RMW(1.0),Real minimum wages at constant prices,I,SVK,Slovak Republic,SM_WG,Statutory minimum wages,USD_PPP,"US dollars, PPP converted",A,Annual,Q,Constant prices,_Z,Not applicable,_Z,Not applicable,2019,,14888.74778,,2024,,A,Normal value,0,Units,0,Zero
DATAFLOW,OECD.ELS.SAE:DSD_EARNINGS@RMW(1.0),Real minimum wages at constant prices,I,SVK,Slovak Republic,SM_WG,Statutory minimum wages,USD_PPP,"US dollars, PPP converted",A,Annual,Q,Constant prices,_Z,Not applicable,_Z,Not applicable,2020,,16291.13818,,2024,,A,Normal value,0,Units,0,Zero
DATAFLOW,OECD.ELS.SAE:DSD_EARNINGS@RMW(1.0),Real minimum wages at constant prices,I,SVK,Slovak Republic,SM_WG,Statutory minimum wages,USD_PPP,"US dollars, PPP converted",A,Annual,Q,Constant prices,_Z,Not applicable,_Z,Not applicable,2021,,16964.60429,,2024,,A,Normal value,0,Units,0,Zero
DATAFLOW,OECD.ELS.SAE:DSD_EARNINGS@RMW(1.0),Real minimum wages at constant prices,I,SVK,Slovak Republic,SM_WG,Statutory minimum wages,USD_PPP,"US dollars, PPP converted",A,Annual,Q,Constant prices,_Z,Not applicable,_Z,Not applicable,2022,,15598.34501,,2024,,A,Normal value,0,Units,0,Zero
DATAFLOW,OECD.ELS.SAE:DSD_EARNINGS@RMW(1.0),Real minimum wages at constant prices,I,SVK,Slovak Republic,SM_WG,Statutory minimum wages,USD_PPP,"US dollars, PPP converted",A,Annual,Q,Constant prices,_Z,Not applicable,_Z,Not applicable,2023,,15291.71702,,2024,,A,Normal value,0,Units,0,Zero
DATAFLOW,OECD.ELS.SAE:DSD_EARNINGS@RMW(1.0),Real minimum wages at constant prices,I,SVK,Slovak Republic,SM_WG,Statutory minimum wages,USD_PPP,"US dollars, PPP converted",A,Annual,Q,Constant prices,_Z,Not applicable,_Z,Not applicable,2024,,15944.30124,,2024,,A,Normal value,0,Units,0,Zero
DATAFLOW,OECD.ELS.SAE:DSD_EARNINGS@RMW(1.0),Real minimum wages at constant prices,I,SVN,Slovenia,SM_WG,Statutory minimum wages,USD_PPP,"US dollars, PPP converted",A,Annual,Q,Constant prices,_Z,Not applicable,_Z,Not applicable,1995,,11427.59261,,2024,,A,Normal value,0,Units,0,Zero
DATAFLOW,OECD.ELS.SAE:DSD_EARNINGS@RMW(1.0),Real minimum wages at constant prices,I,SVN,Slovenia,SM_WG,Statutory minimum wages,USD_PPP,"US dollars, PPP converted",A,Annual,Q,Constant prices,_Z,Not applicable,_Z,Not applicable,1996,,12002.51236,,2024,,A,Normal value,0,Units,0,Zero
DATAFLOW,OECD.ELS.SAE:DSD_EARNINGS@RMW(1.0),Real minimum wages at constant prices,I,SVN,Slovenia,SM_WG,Statutory minimum wages,USD_PPP,"US dollars, PPP converted",A,Annual,Q,Constant prices,_Z,Not applicable,_Z,Not applicable,1997,,12274.61716,,2024,,A,Normal value,0,Units,0,Zero
DATAFLOW,OECD.ELS.SAE:DSD_EARNINGS@RMW(1.0),Real minimum wages at constant prices,I,SVN,Slovenia,SM_WG,Statutory minimum wages,USD_PPP,"US dollars, PPP converted",A,Annual,Q,Constant prices,_Z,Not applicable,_Z,Not applicable,1998,,12359.17942,,2024,,A,Normal value,0,Units,0,Zero
DATAFLOW,OECD.ELS.SAE:DSD_EARNINGS@RMW(1.0),Real minimum wages at constant prices,I,SVN,Slovenia,SM_WG,Statutory minimum wages,USD_PPP,"US dollars, PPP converted",A,Annual,Q,Constant prices,_Z,Not applicable,_Z,Not applicable,1999,,12880.2623,,2024,,A,Normal value,0,Units,0,Zero
DATAFLOW,OECD.ELS.SAE:DSD_EARNINGS@RMW(1.0),Real minimum wages at constant prices,I,SVN,Slovenia,SM_WG,Statutory minimum wages,USD_PPP,"US dollars, PPP converted",A,Annual,Q,Constant prices,_Z,Not applicable,_Z,Not applicable,2000,,13041.68241,,2024,,A,Normal value,0,Units,0,Zero
DATAFLOW,OECD.ELS.SAE:DSD_EARNINGS@RMW(1.0),Real minimum wages at constant prices,I,SVN,Slovenia,SM_WG,Statutory minimum wages,USD_PPP,"US dollars, PPP converted",A,Annual,Q,Constant prices,_Z,Not applicable,_Z,Not applicable,2001,,13661.40126,,2024,,A,Normal value,0,Units,0,Zero
DATAFLOW,OECD.ELS.SAE:DSD_EARNINGS@RMW(1.0),Real minimum wages at constant prices,I,SVN,Slovenia,SM_WG,Statutory minimum wages,USD_PPP,"US dollars, PPP converted",A,Annual,Q,Constant prices,_Z,Not applicable,_Z,Not applicable,2002,,14172.23549,,2024,,A,Normal value,0,Units,0,Zero
DATAFLOW,OECD.ELS.SAE:DSD_EARNINGS@RMW(1.0),Real minimum wages at constant prices,I,SVN,Slovenia,SM_WG,Statutory minimum wages,USD_PPP,"US dollars, PPP converted",A,Annual,Q,Constant prices,_Z,Not applicable,_Z,Not applicable,2003,,14637.92996,,2024,,A,Normal value,0,Units,0,Zero
DATAFLOW,OECD.ELS.SAE:DSD_EARNINGS@RMW(1.0),Real minimum wages at constant prices,I,SVN,Slovenia,SM_WG,Statutory minimum wages,USD_PPP,"US dollars, PPP converted",A,Annual,Q,Constant prices,_Z,Not applicable,_Z,Not applicable,2004,,15118.10807,,2024,,A,Normal value,0,Units,0,Zero
DATAFLOW,OECD.ELS.SAE:DSD_EARNINGS@RMW(1.0),Real minimum wages at constant prices,I,SVN,Slovenia,SM_WG,Statutory minimum wages,USD_PPP,"US dollars, PPP converted",A,Annual,Q,Constant prices,_Z,Not applicable,_Z,Not applicable,2005,,15485.73394,,2024,,A,Normal value,0,Units,0,Zero
DATAFLOW,OECD.ELS.SAE:DSD_EARNINGS@RMW(1.0),Real minimum wages at constant prices,I,SVN,Slovenia,SM_WG,Statutory minimum wages,USD_PPP,"US dollars, PPP converted",A,Annual,Q,Constant prices,_Z,Not applicable,_Z,Not applicable,2006,,15619.20287,,2024,,A,Normal value,0,Units,0,Zero
DATAFLOW,OECD.ELS.SAE:DSD_EARNINGS@RMW(1.0),Real minimum wages at constant prices,I,SVN,Slovenia,SM_WG,Statutory minimum wages,USD_PPP,"US dollars, PPP converted",A,Annual,Q,Constant prices,_Z,Not applicable,_Z,Not applicable,2007,,15445.6457,,2024,,A,Normal value,0,Units,0,Zero
DATAFLOW,OECD.ELS.SAE:DSD_EARNINGS@RMW(1.0),Real minimum wages at constant prices,I,SVN,Slovenia,SM_WG,Statutory minimum wages,USD_PPP,"US dollars, PPP converted",A,Annual,Q,Constant prices,_Z,Not applicable,_Z,Not applicable,2008,,15795.44987,,2024,,A,Normal value,0,Units,0,Zero
DATAFLOW,OECD.ELS.SAE:DSD_EARNINGS@RMW(1.0),Real minimum wages at constant prices,I,SVN,Slovenia,SM_WG,Statutory minimum wages,USD_PPP,"US dollars, PPP converted",A,Annual,Q,Constant prices,_Z,Not applicable,_Z,Not applicable,2009,,16248.49144,,2024,,A,Normal value,0,Units,0,Zero
DATAFLOW,OECD.ELS.SAE:DSD_EARNINGS@RMW(1.0),Real minimum wages at constant prices,I,SVN,Slovenia,SM_WG,Statutory minimum wages,USD_PPP,"US dollars, PPP converted",A,Annual,Q,Constant prices,_Z,Not applicable,_Z,Not applicable,2010,,19159.00738,,2024,,A,Normal value,0,Units,0,Zero
DATAFLOW,OECD.ELS.SAE:DSD_EARNINGS@RMW(1.0),Real minimum wages at constant prices,I,SVN,Slovenia,SM_WG,Statutory minimum wages,USD_PPP,"US dollars, PPP converted",A,Annual,Q,Constant prices,_Z,Not applicable,_Z,Not applicable,2011,,19730.10679,,2024,,A,Normal value,0,Units,0,Zero
DATAFLOW,OECD.ELS.SAE:DSD_EARNINGS@RMW(1.0),Real minimum wages at constant prices,I,SVN,Slovenia,SM_WG,Statutory minimum wages,USD_PPP,"US dollars, PPP converted",A,Annual,Q,Constant prices,_Z,Not applicable,_Z,Not applicable,2012,,19675.54562,,2024,,A,Normal value,0,Units,0,Zero
DATAFLOW,OECD.ELS.SAE:DSD_EARNINGS@RMW(1.0),Real minimum wages at constant prices,I,SVN,Slovenia,SM_WG,Statutory minimum wages,USD_PPP,"US dollars, PPP converted",A,Annual,Q,Constant prices,_Z,Not applicable,_Z,Not applicable,2013,,19856.20933,,2024,,A,Normal value,0,Units,0,Zero
DATAFLOW,OECD.ELS.SAE:DSD_EARNINGS@RMW(1.0),Real minimum wages at constant prices,I,SVN,Slovenia,SM_WG,Statutory minimum wages,USD_PPP,"US dollars, PPP converted",A,Annual,Q,Constant prices,_Z,Not applicable,_Z,Not applicable,2014,,19943.96468,,2024,,A,Normal value,0,Units,0,Zero
DATAFLOW,OECD.ELS.SAE:DSD_EARNINGS@RMW(1.0),Real minimum wages at constant prices,I,SVN,Slovenia,SM_WG,Statutory minimum wages,USD_PPP,"US dollars, PPP converted",A,Annual,Q,Constant prices,_Z,Not applicable,_Z,Not applicable,2015,,20101.14303,,2024,,A,Normal value,0,Units,0,Zero
DATAFLOW,OECD.ELS.SAE:DSD_EARNINGS@RMW(1.0),Real minimum wages at constant prices,I,SVN,Slovenia,SM_WG,Statutory minimum wages,USD_PPP,"US dollars, PPP converted",A,Annual,Q,Constant prices,_Z,Not applicable,_Z,Not applicable,2016,,20112.19861,,2024,,A,Normal value,0,Units,0,Zero
DATAFLOW,OECD.ELS.SAE:DSD_EARNINGS@RMW(1.0),Real minimum wages at constant prices,I,SVN,Slovenia,SM_WG,Statutory minimum wages,USD_PPP,"US dollars, PPP converted",A,Annual,Q,Constant prices,_Z,Not applicable,_Z,Not applicable,2017,,20185.6562,,2024,,A,Normal value,0,Units,0,Zero
DATAFLOW,OECD.ELS.SAE:DSD_EARNINGS@RMW(1.0),Real minimum wages at constant prices,I,SVN,Slovenia,SM_WG,Statutory minimum wages,USD_PPP,"US dollars, PPP converted",A,Annual,Q,Constant prices,_Z,Not applicable,_Z,Not applicable,2018,,20773.14031,,2024,,A,Normal value,0,Units,0,Zero
DATAFLOW,OECD.ELS.SAE:DSD_EARNINGS@RMW(1.0),Real minimum wages at constant prices,I,SVN,Slovenia,SM_WG,Statutory minimum wages,USD_PPP,"US dollars, PPP converted",A,Annual,Q,Constant prices,_Z,Not applicable,_Z,Not applicable,2019,,21503.11226,,2024,,A,Normal value,0,Units,0,Zero
DATAFLOW,OECD.ELS.SAE:DSD_EARNINGS@RMW(1.0),Real minimum wages at constant prices,I,SVN,Slovenia,SM_WG,Statutory minimum wages,USD_PPP,"US dollars, PPP converted",A,Annual,Q,Constant prices,_Z,Not applicable,_Z,Not applicable,2020,,22824.14327,,2024,,A,Normal value,0,Units,0,Zero
DATAFLOW,OECD.ELS.SAE:DSD_EARNINGS@RMW(1.0),Real minimum wages at constant prices,I,SVN,Slovenia,SM_WG,Statutory minimum wages,USD_PPP,"US dollars, PPP converted",A,Annual,Q,Constant prices,_Z,Not applicable,_Z,Not applicable,2021,,24386.62813,,2024,,A,Normal value,0,Units,0,Zero
DATAFLOW,OECD.ELS.SAE:DSD_EARNINGS@RMW(1.0),Real minimum wages at constant prices,I,SVN,Slovenia,SM_WG,Statutory minimum wages,USD_PPP,"US dollars, PPP converted",A,Annual,Q,Constant prices,_Z,Not applicable,_Z,Not applicable,2022,,23505.25787,,2024,,A,Normal value,0,Units,0,Zero
DATAFLOW,OECD.ELS.SAE:DSD_EARNINGS@RMW(1.0),Real minimum wages at constant prices,I,SVN,Slovenia,SM_WG,Statutory minimum wages,USD_PPP,"US dollars, PPP converted",A,Annual,Q,Constant prices,_Z,Not applicable,_Z,Not applicable,2023,,24501.26046,,2024,,A,Normal value,0,Units,0,Zero
DATAFLOW,OECD.ELS.SAE:DSD_EARNINGS@RMW(1.0),Real minimum wages at constant prices,I,SVN,Slovenia,SM_WG,Statutory minimum wages,USD_PPP,"US dollars, PPP converted",A,Annual,Q,Constant prices,_Z,Not applicable,_Z,Not applicable,2024,,25038.14762,,2024,,A,Normal value,0,Units,0,Zero
DATAFLOW,OECD.ELS.SAE:DSD_EARNINGS@RMW(1.0),Real minimum wages at constant prices,I,ESP,Spain,SM_WG,Statutory minimum wages,USD_PPP,"US dollars, PPP converted",A,Annual,Q,Constant prices,_Z,Not applicable,_Z,Not applicable,1963,,9929.594555,,2024,,A,Normal value,0,Units,0,Zero
DATAFLOW,OECD.ELS.SAE:DSD_EARNINGS@RMW(1.0),Real minimum wages at constant prices,I,ESP,Spain,SM_WG,Statutory minimum wages,USD_PPP,"US dollars, PPP converted",A,Annual,Q,Constant prices,_Z,Not applicable,_Z,Not applicable,1964,,9281.793671,,2024,,A,Normal value,0,Units,0,Zero
DATAFLOW,OECD.ELS.SAE:DSD_EARNINGS@RMW(1.0),Real minimum wages at constant prices,I,ESP,Spain,SM_WG,Statutory minimum wages,USD_PPP,"US dollars, PPP converted",A,Annual,Q,Constant prices,_Z,Not applicable,_Z,Not applicable,1965,,8198.440141,,2024,,A,Normal value,0,Units,0,Zero
DATAFLOW,OECD.ELS.SAE:DSD_EARNINGS@RMW(1.0),Real minimum wages at constant prices,I,ESP,Spain,SM_WG,Statutory minimum wages,USD_PPP,"US dollars, PPP converted",A,Annual,Q,Constant prices,_Z,Not applicable,_Z,Not applicable,1966,,8488.121601,,2024,,A,Normal value,0,Units,0,Zero
DATAFLOW,OECD.ELS.SAE:DSD_EARNINGS@RMW(1.0),Real minimum wages at constant prices,I,ESP,Spain,SM_WG,Statutory minimum wages,USD_PPP,"US dollars, PPP converted",A,Annual,Q,Constant prices,_Z,Not applicable,_Z,Not applicable,1967,,10515.51829,,2024,,A,Normal value,0,Units,0,Zero
DATAFLOW,OECD.ELS.SAE:DSD_EARNINGS@RMW(1.0),Real minimum wages at constant prices,I,ESP,Spain,SM_WG,Statutory minimum wages,USD_PPP,"US dollars, PPP converted",A,Annual,Q,Constant prices,_Z,Not applicable,_Z,Not applicable,1968,,11055.59589,,2024,,A,Normal value,0,Units,0,Zero
DATAFLOW,OECD.ELS.SAE:DSD_EARNINGS@RMW(1.0),Real minimum wages at constant prices,I,ESP,Spain,SM_WG,Statutory minimum wages,USD_PPP,"US dollars, PPP converted",A,Annual,Q,Constant prices,_Z,Not applicable,_Z,Not applicable,1969,,11497.56312,,2024,,A,Normal value,0,Units,0,Zero
DATAFLOW,OECD.ELS.SAE:DSD_EARNINGS@RMW(1.0),Real minimum wages at constant prices,I,ESP,Spain,SM_WG,Statutory minimum wages,USD_PPP,"US dollars, PPP converted",A,Annual,Q,Constant prices,_Z,Not applicable,_Z,Not applicable,1970,,12314.09604,,2024,,A,Normal value,0,Units,0,Zero
DATAFLOW,OECD.ELS.SAE:DSD_EARNINGS@RMW(1.0),Real minimum wages at constant prices,I,ESP,Spain,SM_WG,Statutory minimum wages,USD_PPP,"US dollars, PPP converted",A,Annual,Q,Constant prices,_Z,Not applicable,_Z,Not applicable,1971,,13002.4231,,2024,,A,Normal value,0,Units,0,Zero
DATAFLOW,OECD.ELS.SAE:DSD_EARNINGS@RMW(1.0),Real minimum wages at constant prices,I,ESP,Spain,SM_WG,Statutory minimum wages,USD_PPP,"US dollars, PPP converted",A,Annual,Q,Constant prices,_Z,Not applicable,_Z,Not applicable,1972,,13737.57114,,2024,,A,Normal value,0,Units,0,Zero
DATAFLOW,OECD.ELS.SAE:DSD_EARNINGS@RMW(1.0),Real minimum wages at constant prices,I,ESP,Spain,SM_WG,Statutory minimum wages,USD_PPP,"US dollars, PPP converted",A,Annual,Q,Constant prices,_Z,Not applicable,_Z,Not applicable,1973,,14575.41413,,2024,,A,Normal value,0,Units,0,Zero
DATAFLOW,OECD.ELS.SAE:DSD_EARNINGS@RMW(1.0),Real minimum wages at constant prices,I,ESP,Spain,SM_WG,Statutory minimum wages,USD_PPP,"US dollars, PPP converted",A,Annual,Q,Constant prices,_Z,Not applicable,_Z,Not applicable,1974,,15193.7921,,2024,,A,Normal value,0,Units,0,Zero
DATAFLOW,OECD.ELS.SAE:DSD_EARNINGS@RMW(1.0),Real minimum wages at constant prices,I,ESP,Spain,SM_WG,Statutory minimum wages,USD_PPP,"US dollars, PPP converted",A,Annual,Q,Constant prices,_Z,Not applicable,_Z,Not applicable,1975,,16069.42127,,2024,,A,Normal value,0,Units,0,Zero
DATAFLOW,OECD.ELS.SAE:DSD_EARNINGS@RMW(1.0),Real minimum wages at constant prices,I,ESP,Spain,SM_WG,Statutory minimum wages,USD_PPP,"US dollars, PPP converted",A,Annual,Q,Constant prices,_Z,Not applicable,_Z,Not applicable,1976,,17317.50335,,2024,,A,Normal value,0,Units,0,Zero
DATAFLOW,OECD.ELS.SAE:DSD_EARNINGS@RMW(1.0),Real minimum wages at constant prices,I,ESP,Spain,SM_WG,Statutory minimum wages,USD_PPP,"US dollars, PPP converted",A,Annual,Q,Constant prices,_Z,Not applicable,_Z,Not applicable,1977,,18128.49934,,2024,,A,Normal value,0,Units,0,Zero
DATAFLOW,OECD.ELS.SAE:DSD_EARNINGS@RMW(1.0),Real minimum wages at constant prices,I,ESP,Spain,SM_WG,Statutory minimum wages,USD_PPP,"US dollars, PPP converted",A,Annual,Q,Constant prices,_Z,Not applicable,_Z,Not applicable,1978,,18885.13732,,2024,,A,Normal value,0,Units,0,Zero
DATAFLOW,OECD.ELS.SAE:DSD_EARNINGS@RMW(1.0),Real minimum wages at constant prices,I,ESP,Spain,SM_WG,Statutory minimum wages,USD_PPP,"US dollars, PPP converted",A,Annual,Q,Constant prices,_Z,Not applicable,_Z,Not applicable,1979,,19099.04675,,2024,,A,Normal value,0,Units,0,Zero
DATAFLOW,OECD.ELS.SAE:DSD_EARNINGS@RMW(1.0),Real minimum wages at constant prices,I,ESP,Spain,SM_WG,Statutory minimum wages,USD_PPP,"US dollars, PPP converted",A,Annual,Q,Constant prices,_Z,Not applicable,_Z,Not applicable,1980,,18779.76613,,2024,,A,Normal value,0,Units,0,Zero
DATAFLOW,OECD.ELS.SAE:DSD_EARNINGS@RMW(1.0),Real minimum wages at constant prices,I,ESP,Spain,SM_WG,Statutory minimum wages,USD_PPP,"US dollars, PPP converted",A,Annual,Q,Constant prices,_Z,Not applicable,_Z,Not applicable,1981,,18653.71693,,2024,,A,Normal value,0,Units,0,Zero
DATAFLOW,OECD.ELS.SAE:DSD_EARNINGS@RMW(1.0),Real minimum wages at constant prices,I,ESP,Spain,SM_WG,Statutory minimum wages,USD_PPP,"US dollars, PPP converted",A,Annual,Q,Constant prices,_Z,Not applicable,_Z,Not applicable,1982,,18615.81298,,2024,,A,Normal value,0,Units,0,Zero
DATAFLOW,OECD.ELS.SAE:DSD_EARNINGS@RMW(1.0),Real minimum wages at constant prices,I,ESP,Spain,SM_WG,Statutory minimum wages,USD_PPP,"US dollars, PPP converted",A,Annual,Q,Constant prices,_Z,Not applicable,_Z,Not applicable,1983,,18766.18189,,2024,,A,Normal value,0,Units,0,Zero
DATAFLOW,OECD.ELS.SAE:DSD_EARNINGS@RMW(1.0),Real minimum wages at constant prices,I,ESP,Spain,SM_WG,Statutory minimum wages,USD_PPP,"US dollars, PPP converted",A,Annual,Q,Constant prices,_Z,Not applicable,_Z,Not applicable,1984,,18216.77306,,2024,,A,Normal value,0,Units,0,Zero
DATAFLOW,OECD.ELS.SAE:DSD_EARNINGS@RMW(1.0),Real minimum wages at constant prices,I,ESP,Spain,SM_WG,Statutory minimum wages,USD_PPP,"US dollars, PPP converted",A,Annual,Q,Constant prices,_Z,Not applicable,_Z,Not applicable,1985,,17912.14688,,2024,,A,Normal value,0,Units,0,Zero
DATAFLOW,OECD.ELS.SAE:DSD_EARNINGS@RMW(1.0),Real minimum wages at constant prices,I,ESP,Spain,SM_WG,Statutory minimum wages,USD_PPP,"US dollars, PPP converted",A,Annual,Q,Constant prices,_Z,Not applicable,_Z,Not applicable,1986,,17779.67219,,2024,,A,Normal value,0,Units,0,Zero
DATAFLOW,OECD.ELS.SAE:DSD_EARNINGS@RMW(1.0),Real minimum wages at constant prices,I,ESP,Spain,SM_WG,Statutory minimum wages,USD_PPP,"US dollars, PPP converted",A,Annual,Q,Constant prices,_Z,Not applicable,_Z,Not applicable,1987,,17739.03685,,2024,,A,Normal value,0,Units,0,Zero
DATAFLOW,OECD.ELS.SAE:DSD_EARNINGS@RMW(1.0),Real minimum wages at constant prices,I,ESP,Spain,SM_WG,Statutory minimum wages,USD_PPP,"US dollars, PPP converted",A,Annual,Q,Constant prices,_Z,Not applicable,_Z,Not applicable,1988,,17679.25901,,2024,,A,Normal value,0,Units,0,Zero
DATAFLOW,OECD.ELS.SAE:DSD_EARNINGS@RMW(1.0),Real minimum wages at constant prices,I,ESP,Spain,SM_WG,Statutory minimum wages,USD_PPP,"US dollars, PPP converted",A,Annual,Q,Constant prices,_Z,Not applicable,_Z,Not applicable,1989,,17547.33297,,2024,,A,Normal value,0,Units,0,Zero
DATAFLOW,OECD.ELS.SAE:DSD_EARNINGS@RMW(1.0),Real minimum wages at constant prices,I,ESP,Spain,SM_WG,Statutory minimum wages,USD_PPP,"US dollars, PPP converted",A,Annual,Q,Constant prices,_Z,Not applicable,_Z,Not applicable,1990,,17615.05306,,2024,,A,Normal value,0,Units,0,Zero
DATAFLOW,OECD.ELS.SAE:DSD_EARNINGS@RMW(1.0),Real minimum wages at constant prices,I,ESP,Spain,SM_WG,Statutory minimum wages,USD_PPP,"US dollars, PPP converted",A,Annual,Q,Constant prices,_Z,Not applicable,_Z,Not applicable,1991,,17705.59337,,2024,,A,Normal value,0,Units,0,Zero
DATAFLOW,OECD.ELS.SAE:DSD_EARNINGS@RMW(1.0),Real minimum wages at constant prices,I,ESP,Spain,SM_WG,Statutory minimum wages,USD_PPP,"US dollars, PPP converted",A,Annual,Q,Constant prices,_Z,Not applicable,_Z,Not applicable,1992,,17666.4122,,2024,,A,Normal value,0,Units,0,Zero
DATAFLOW,OECD.ELS.SAE:DSD_EARNINGS@RMW(1.0),Real minimum wages at constant prices,I,ESP,Spain,SM_WG,Statutory minimum wages,USD_PPP,"US dollars, PPP converted",A,Annual,Q,Constant prices,_Z,Not applicable,_Z,Not applicable,1993,,17569.91073,,2024,,A,Normal value,0,Units,0,Zero
DATAFLOW,OECD.ELS.SAE:DSD_EARNINGS@RMW(1.0),Real minimum wages at constant prices,I,ESP,Spain,SM_WG,Statutory minimum wages,USD_PPP,"US dollars, PPP converted",A,Annual,Q,Constant prices,_Z,Not applicable,_Z,Not applicable,1994,,17363.03264,,2024,,A,Normal value,0,Units,0,Zero
DATAFLOW,OECD.ELS.SAE:DSD_EARNINGS@RMW(1.0),Real minimum wages at constant prices,I,ESP,Spain,SM_WG,Statutory minimum wages,USD_PPP,"US dollars, PPP converted",A,Annual,Q,Constant prices,_Z,Not applicable,_Z,Not applicable,1995,,17171.07624,,2024,,A,Normal value,0,Units,0,Zero
DATAFLOW,OECD.ELS.SAE:DSD_EARNINGS@RMW(1.0),Real minimum wages at constant prices,I,ESP,Spain,SM_WG,Statutory minimum wages,USD_PPP,"US dollars, PPP converted",A,Annual,Q,Constant prices,_Z,Not applicable,_Z,Not applicable,1996,,17168.06266,,2024,,A,Normal value,0,Units,0,Zero
DATAFLOW,OECD.ELS.SAE:DSD_EARNINGS@RMW(1.0),Real minimum wages at constant prices,I,ESP,Spain,SM_WG,Statutory minimum wages,USD_PPP,"US dollars, PPP converted",A,Annual,Q,Constant prices,_Z,Not applicable,_Z,Not applicable,1997,,17279.67638,,2024,,A,Normal value,0,Units,0,Zero
DATAFLOW,OECD.ELS.SAE:DSD_EARNINGS@RMW(1.0),Real minimum wages at constant prices,I,ESP,Spain,SM_WG,Statutory minimum wages,USD_PPP,"US dollars, PPP converted",A,Annual,Q,Constant prices,_Z,Not applicable,_Z,Not applicable,1998,,17327.49919,,2024,,A,Normal value,0,Units,0,Zero
DATAFLOW,OECD.ELS.SAE:DSD_EARNINGS@RMW(1.0),Real minimum wages at constant prices,I,ESP,Spain,SM_WG,Statutory minimum wages,USD_PPP,"US dollars, PPP converted",A,Annual,Q,Constant prices,_Z,Not applicable,_Z,Not applicable,1999,,17242.45301,,2024,,A,Normal value,0,Units,0,Zero
DATAFLOW,OECD.ELS.SAE:DSD_EARNINGS@RMW(1.0),Real minimum wages at constant prices,I,ESP,Spain,SM_WG,Statutory minimum wages,USD_PPP,"US dollars, PPP converted",A,Annual,Q,Constant prices,_Z,Not applicable,_Z,Not applicable,2000,,17009.51932,,2024,,A,Normal value,0,Units,0,Zero
DATAFLOW,OECD.ELS.SAE:DSD_EARNINGS@RMW(1.0),Real minimum wages at constant prices,I,ESP,Spain,SM_WG,Statutory minimum wages,USD_PPP,"US dollars, PPP converted",A,Annual,Q,Constant prices,_Z,Not applicable,_Z,Not applicable,2001,,16754.36506,,2024,,A,Normal value,0,Units,0,Zero
DATAFLOW,OECD.ELS.SAE:DSD_EARNINGS@RMW(1.0),Real minimum wages at constant prices,I,ESP,Spain,SM_WG,Statutory minimum wages,USD_PPP,"US dollars, PPP converted",A,Annual,Q,Constant prices,_Z,Not applicable,_Z,Not applicable,2002,,16584.22341,,2024,,A,Normal value,0,Units,0,Zero
DATAFLOW,OECD.ELS.SAE:DSD_EARNINGS@RMW(1.0),Real minimum wages at constant prices,I,ESP,Spain,SM_WG,Statutory minimum wages,USD_PPP,"US dollars, PPP converted",A,Annual,Q,Constant prices,_Z,Not applicable,_Z,Not applicable,2003,,16422.69188,,2024,,A,Normal value,0,Units,0,Zero
DATAFLOW,OECD.ELS.SAE:DSD_EARNINGS@RMW(1.0),Real minimum wages at constant prices,I,ESP,Spain,SM_WG,Statutory minimum wages,USD_PPP,"US dollars, PPP converted",A,Annual,Q,Constant prices,_Z,Not applicable,_Z,Not applicable,2004,,16266.80267,,2024,,A,Normal value,0,Units,0,Zero
DATAFLOW,OECD.ELS.SAE:DSD_EARNINGS@RMW(1.0),Real minimum wages at constant prices,I,ESP,Spain,SM_WG,Statutory minimum wages,USD_PPP,"US dollars, PPP converted",A,Annual,Q,Constant prices,_Z,Not applicable,_Z,Not applicable,2005,,17151.42419,,2024,,A,Normal value,0,Units,0,Zero
DATAFLOW,OECD.ELS.SAE:DSD_EARNINGS@RMW(1.0),Real minimum wages at constant prices,I,ESP,Spain,SM_WG,Statutory minimum wages,USD_PPP,"US dollars, PPP converted",A,Annual,Q,Constant prices,_Z,Not applicable,_Z,Not applicable,2006,,17856.41661,,2024,,A,Normal value,0,Units,0,Zero
DATAFLOW,OECD.ELS.SAE:DSD_EARNINGS@RMW(1.0),Real minimum wages at constant prices,I,ESP,Spain,SM_WG,Statutory minimum wages,USD_PPP,"US dollars, PPP converted",A,Annual,Q,Constant prices,_Z,Not applicable,_Z,Not applicable,2007,,18326.17163,,2024,,A,Normal value,0,Units,0,Zero
DATAFLOW,OECD.ELS.SAE:DSD_EARNINGS@RMW(1.0),Real minimum wages at constant prices,I,ESP,Spain,SM_WG,Statutory minimum wages,USD_PPP,"US dollars, PPP converted",A,Annual,Q,Constant prices,_Z,Not applicable,_Z,Not applicable,2008,,18515.83933,,2024,,A,Normal value,0,Units,0,Zero
DATAFLOW,OECD.ELS.SAE:DSD_EARNINGS@RMW(1.0),Real minimum wages at constant prices,I,ESP,Spain,SM_WG,Statutory minimum wages,USD_PPP,"US dollars, PPP converted",A,Annual,Q,Constant prices,_Z,Not applicable,_Z,Not applicable,2009,,19312.0544,,2024,,A,Normal value,0,Units,0,Zero
DATAFLOW,OECD.ELS.SAE:DSD_EARNINGS@RMW(1.0),Real minimum wages at constant prices,I,ESP,Spain,SM_WG,Statutory minimum wages,USD_PPP,"US dollars, PPP converted",A,Annual,Q,Constant prices,_Z,Not applicable,_Z,Not applicable,2010,,19253.34368,,2024,,A,Normal value,0,Units,0,Zero
DATAFLOW,OECD.ELS.SAE:DSD_EARNINGS@RMW(1.0),Real minimum wages at constant prices,I,ESP,Spain,SM_WG,Statutory minimum wages,USD_PPP,"US dollars, PPP converted",A,Annual,Q,Constant prices,_Z,Not applicable,_Z,Not applicable,2011,,18895.67352,,2024,,A,Normal value,0,Units,0,Zero
DATAFLOW,OECD.ELS.SAE:DSD_EARNINGS@RMW(1.0),Real minimum wages at constant prices,I,ESP,Spain,SM_WG,Statutory minimum wages,USD_PPP,"US dollars, PPP converted",A,Annual,Q,Constant prices,_Z,Not applicable,_Z,Not applicable,2012,,18444.49701,,2024,,A,Normal value,0,Units,0,Zero
DATAFLOW,OECD.ELS.SAE:DSD_EARNINGS@RMW(1.0),Real minimum wages at constant prices,I,ESP,Spain,SM_WG,Statutory minimum wages,USD_PPP,"US dollars, PPP converted",A,Annual,Q,Constant prices,_Z,Not applicable,_Z,Not applicable,2013,,18298.89009,,2024,,A,Normal value,0,Units,0,Zero
DATAFLOW,OECD.ELS.SAE:DSD_EARNINGS@RMW(1.0),Real minimum wages at constant prices,I,ESP,Spain,SM_WG,Statutory minimum wages,USD_PPP,"US dollars, PPP converted",A,Annual,Q,Constant prices,_Z,Not applicable,_Z,Not applicable,2014,,18326.58343,,2024,,A,Normal value,0,Units,0,Zero
DATAFLOW,OECD.ELS.SAE:DSD_EARNINGS@RMW(1.0),Real minimum wages at constant prices,I,ESP,Spain,SM_WG,Statutory minimum wages,USD_PPP,"US dollars, PPP converted",A,Annual,Q,Constant prices,_Z,Not applicable,_Z,Not applicable,2015,,18512.93946,,2024,,A,Normal value,0,Units,0,Zero
DATAFLOW,OECD.ELS.SAE:DSD_EARNINGS@RMW(1.0),Real minimum wages at constant prices,I,ESP,Spain,SM_WG,Statutory minimum wages,USD_PPP,"US dollars, PPP converted",A,Annual,Q,Constant prices,_Z,Not applicable,_Z,Not applicable,2016,,18735.85645,,2024,,A,Normal value,0,Units,0,Zero
DATAFLOW,OECD.ELS.SAE:DSD_EARNINGS@RMW(1.0),Real minimum wages at constant prices,I,ESP,Spain,SM_WG,Statutory minimum wages,USD_PPP,"US dollars, PPP converted",A,Annual,Q,Constant prices,_Z,Not applicable,_Z,Not applicable,2017,,19852.50657,,2024,,A,Normal value,0,Units,0,Zero
DATAFLOW,OECD.ELS.SAE:DSD_EARNINGS@RMW(1.0),Real minimum wages at constant prices,I,ESP,Spain,SM_WG,Statutory minimum wages,USD_PPP,"US dollars, PPP converted",A,Annual,Q,Constant prices,_Z,Not applicable,_Z,Not applicable,2018,,20303.4945,,2024,,A,Normal value,0,Units,0,Zero
DATAFLOW,OECD.ELS.SAE:DSD_EARNINGS@RMW(1.0),Real minimum wages at constant prices,I,ESP,Spain,SM_WG,Statutory minimum wages,USD_PPP,"US dollars, PPP converted",A,Annual,Q,Constant prices,_Z,Not applicable,_Z,Not applicable,2019,,24658.52046,,2024,,A,Normal value,0,Units,0,Zero
DATAFLOW,OECD.ELS.SAE:DSD_EARNINGS@RMW(1.0),Real minimum wages at constant prices,I,ESP,Spain,SM_WG,Statutory minimum wages,USD_PPP,"US dollars, PPP converted",A,Annual,Q,Constant prices,_Z,Not applicable,_Z,Not applicable,2020,,26112.73394,,2024,,A,Normal value,0,Units,0,Zero
DATAFLOW,OECD.ELS.SAE:DSD_EARNINGS@RMW(1.0),Real minimum wages at constant prices,I,ESP,Spain,SM_WG,Statutory minimum wages,USD_PPP,"US dollars, PPP converted",A,Annual,Q,Constant prices,_Z,Not applicable,_Z,Not applicable,2021,,25329.25337,,2024,,A,Normal value,0,Units,0,Zero
DATAFLOW,OECD.ELS.SAE:DSD_EARNINGS@RMW(1.0),Real minimum wages at constant prices,I,ESP,Spain,SM_WG,Statutory minimum wages,USD_PPP,"US dollars, PPP converted",A,Annual,Q,Constant prices,_Z,Not applicable,_Z,Not applicable,2022,,24598.41841,,2024,,A,Normal value,0,Units,0,Zero
DATAFLOW,OECD.ELS.SAE:DSD_EARNINGS@RMW(1.0),Real minimum wages at constant prices,I,ESP,Spain,SM_WG,Statutory minimum wages,USD_PPP,"US dollars, PPP converted",A,Annual,Q,Constant prices,_Z,Not applicable,_Z,Not applicable,2023,,25659.89107,,2024,,A,Normal value,0,Units,0,Zero
DATAFLOW,OECD.ELS.SAE:DSD_EARNINGS@RMW(1.0),Real minimum wages at constant prices,I,ESP,Spain,SM_WG,Statutory minimum wages,USD_PPP,"US dollars, PPP converted",A,Annual,Q,Constant prices,_Z,Not applicable,_Z,Not applicable,2024,,26215.62667,,2024,,A,Normal value,0,Units,0,Zero
DATAFLOW,OECD.ELS.SAE:DSD_EARNINGS@RMW(1.0),Real minimum wages at constant prices,I,TUR,Türkiye,SM_WG,Statutory minimum wages,USD_PPP,"US dollars, PPP converted",A,Annual,Q,Constant prices,_Z,Not applicable,_Z,Not applicable,1994,,5606.848294,,2024,,A,Normal value,0,Units,0,Zero
DATAFLOW,OECD.ELS.SAE:DSD_EARNINGS@RMW(1.0),Real minimum wages at constant prices,I,TUR,Türkiye,SM_WG,Statutory minimum wages,USD_PPP,"US dollars, PPP converted",A,Annual,Q,Constant prices,_Z,Not applicable,_Z,Not applicable,1995,,5434.876635,,2024,,A,Normal value,0,Units,0,Zero
DATAFLOW,OECD.ELS.SAE:DSD_EARNINGS@RMW(1.0),Real minimum wages at constant prices,I,TUR,Türkiye,SM_WG,Statutory minimum wages,USD_PPP,"US dollars, PPP converted",A,Annual,Q,Constant prices,_Z,Not applicable,_Z,Not applicable,1996,,6464.527398,,2024,,A,Normal value,0,Units,0,Zero
DATAFLOW,OECD.ELS.SAE:DSD_EARNINGS@RMW(1.0),Real minimum wages at constant prices,I,TUR,Türkiye,SM_WG,Statutory minimum wages,USD_PPP,"US dollars, PPP converted",A,Annual,Q,Constant prices,_Z,Not applicable,_Z,Not applicable,1997,,7149.735319,,2024,,A,Normal value,0,Units,0,Zero
DATAFLOW,OECD.ELS.SAE:DSD_EARNINGS@RMW(1.0),Real minimum wages at constant prices,I,TUR,Türkiye,SM_WG,Statutory minimum wages,USD_PPP,"US dollars, PPP converted",A,Annual,Q,Constant prices,_Z,Not applicable,_Z,Not applicable,1998,,6368.72367,,2024,,A,Normal value,0,Units,0,Zero
DATAFLOW,OECD.ELS.SAE:DSD_EARNINGS@RMW(1.0),Real minimum wages at constant prices,I,TUR,Türkiye,SM_WG,Statutory minimum wages,USD_PPP,"US dollars, PPP converted",A,Annual,Q,Constant prices,_Z,Not applicable,_Z,Not applicable,1999,,8166.103867,,2024,,A,Normal value,0,Units,0,Zero
DATAFLOW,OECD.ELS.SAE:DSD_EARNINGS@RMW(1.0),Real minimum wages at constant prices,I,TUR,Türkiye,SM_WG,Statutory minimum wages,USD_PPP,"US dollars, PPP converted",A,Annual,Q,Constant prices,_Z,Not applicable,_Z,Not applicable,2000,,7019.229112,,2024,,A,Normal value,0,Units,0,Zero
DATAFLOW,OECD.ELS.SAE:DSD_EARNINGS@RMW(1.0),Real minimum wages at constant prices,I,TUR,Türkiye,SM_WG,Statutory minimum wages,USD_PPP,"US dollars, PPP converted",A,Annual,Q,Constant prices,_Z,Not applicable,_Z,Not applicable,2001,,6053.375594,,2024,,A,Normal value,0,Units,0,Zero
DATAFLOW,OECD.ELS.SAE:DSD_EARNINGS@RMW(1.0),Real minimum wages at constant prices,I,TUR,Türkiye,SM_WG,Statutory minimum wages,USD_PPP,"US dollars, PPP converted",A,Annual,Q,Constant prices,_Z,Not applicable,_Z,Not applicable,2002,,6487.120994,,2024,,A,Normal value,0,Units,0,Zero
DATAFLOW,OECD.ELS.SAE:DSD_EARNINGS@RMW(1.0),Real minimum wages at constant prices,I,TUR,Türkiye,SM_WG,Statutory minimum wages,USD_PPP,"US dollars, PPP converted",A,Annual,Q,Constant prices,_Z,Not applicable,_Z,Not applicable,2003,,6904.212759,,2024,,A,Normal value,0,Units,0,Zero
DATAFLOW,OECD.ELS.SAE:DSD_EARNINGS@RMW(1.0),Real minimum wages at constant prices,I,TUR,Türkiye,SM_WG,Statutory minimum wages,USD_PPP,"US dollars, PPP converted",A,Annual,Q,Constant prices,_Z,Not applicable,_Z,Not applicable,2004,,9008.117971,,2024,,A,Normal value,0,Units,0,Zero
DATAFLOW,OECD.ELS.SAE:DSD_EARNINGS@RMW(1.0),Real minimum wages at constant prices,I,TUR,Türkiye,SM_WG,Statutory minimum wages,USD_PPP,"US dollars, PPP converted",A,Annual,Q,Constant prices,_Z,Not applicable,_Z,Not applicable,2005,,9385.740264,,2024,,A,Normal value,0,Units,0,Zero
DATAFLOW,OECD.ELS.SAE:DSD_EARNINGS@RMW(1.0),Real minimum wages at constant prices,I,TUR,Türkiye,SM_WG,Statutory minimum wages,USD_PPP,"US dollars, PPP converted",A,Annual,Q,Constant prices,_Z,Not applicable,_Z,Not applicable,2006,,9305.101557,,2024,,A,Normal value,0,Units,0,Zero
DATAFLOW,OECD.ELS.SAE:DSD_EARNINGS@RMW(1.0),Real minimum wages at constant prices,I,TUR,Türkiye,SM_WG,Statutory minimum wages,USD_PPP,"US dollars, PPP converted",A,Annual,Q,Constant prices,_Z,Not applicable,_Z,Not applicable,2007,,9244.754291,,2024,,A,Normal value,0,Units,0,Zero
DATAFLOW,OECD.ELS.SAE:DSD_EARNINGS@RMW(1.0),Real minimum wages at constant prices,I,TUR,Türkiye,SM_WG,Statutory minimum wages,USD_PPP,"US dollars, PPP converted",A,Annual,Q,Constant prices,_Z,Not applicable,_Z,Not applicable,2008,,9097.064315,,2024,,A,Normal value,0,Units,0,Zero
DATAFLOW,OECD.ELS.SAE:DSD_EARNINGS@RMW(1.0),Real minimum wages at constant prices,I,TUR,Türkiye,SM_WG,Statutory minimum wages,USD_PPP,"US dollars, PPP converted",A,Annual,Q,Constant prices,_Z,Not applicable,_Z,Not applicable,2009,,9330.1049,,2024,,A,Normal value,0,Units,0,Zero
DATAFLOW,OECD.ELS.SAE:DSD_EARNINGS@RMW(1.0),Real minimum wages at constant prices,I,TUR,Türkiye,SM_WG,Statutory minimum wages,USD_PPP,"US dollars, PPP converted",A,Annual,Q,Constant prices,_Z,Not applicable,_Z,Not applicable,2010,,9419.155199,,2024,,A,Normal value,0,Units,0,Zero
DATAFLOW,OECD.ELS.SAE:DSD_EARNINGS@RMW(1.0),Real minimum wages at constant prices,I,TUR,Türkiye,SM_WG,Statutory minimum wages,USD_PPP,"US dollars, PPP converted",A,Annual,Q,Constant prices,_Z,Not applicable,_Z,Not applicable,2011,,9701.875557,,2024,,A,Normal value,0,Units,0,Zero
DATAFLOW,OECD.ELS.SAE:DSD_EARNINGS@RMW(1.0),Real minimum wages at constant prices,I,TUR,Türkiye,SM_WG,Statutory minimum wages,USD_PPP,"US dollars, PPP converted",A,Annual,Q,Constant prices,_Z,Not applicable,_Z,Not applicable,2012,,9965.080143,,2024,,A,Normal value,0,Units,0,Zero
DATAFLOW,OECD.ELS.SAE:DSD_EARNINGS@RMW(1.0),Real minimum wages at constant prices,I,TUR,Türkiye,SM_WG,Statutory minimum wages,USD_PPP,"US dollars, PPP converted",A,Annual,Q,Constant prices,_Z,Not applicable,_Z,Not applicable,2013,,10148.77071,,2024,,A,Normal value,0,Units,0,Zero
DATAFLOW,OECD.ELS.SAE:DSD_EARNINGS@RMW(1.0),Real minimum wages at constant prices,I,TUR,Türkiye,SM_WG,Statutory minimum wages,USD_PPP,"US dollars, PPP converted",A,Annual,Q,Constant prices,_Z,Not applicable,_Z,Not applicable,2014,,10278.35543,,2024,,A,Normal value,0,Units,0,Zero
DATAFLOW,OECD.ELS.SAE:DSD_EARNINGS@RMW(1.0),Real minimum wages at constant prices,I,TUR,Türkiye,SM_WG,Statutory minimum wages,USD_PPP,"US dollars, PPP converted",A,Annual,Q,Constant prices,_Z,Not applicable,_Z,Not applicable,2015,,10714.99832,,2024,,A,Normal value,0,Units,0,Zero
DATAFLOW,OECD.ELS.SAE:DSD_EARNINGS@RMW(1.0),Real minimum wages at constant prices,I,TUR,Türkiye,SM_WG,Statutory minimum wages,USD_PPP,"US dollars, PPP converted",A,Annual,Q,Constant prices,_Z,Not applicable,_Z,Not applicable,2016,,13231.89556,,2024,,A,Normal value,0,Units,0,Zero
DATAFLOW,OECD.ELS.SAE:DSD_EARNINGS@RMW(1.0),Real minimum wages at constant prices,I,TUR,Türkiye,SM_WG,Statutory minimum wages,USD_PPP,"US dollars, PPP converted",A,Annual,Q,Constant prices,_Z,Not applicable,_Z,Not applicable,2017,,12848.45207,,2024,,A,Normal value,0,Units,0,Zero
DATAFLOW,OECD.ELS.SAE:DSD_EARNINGS@RMW(1.0),Real minimum wages at constant prices,I,TUR,Türkiye,SM_WG,Statutory minimum wages,USD_PPP,"US dollars, PPP converted",A,Annual,Q,Constant prices,_Z,Not applicable,_Z,Not applicable,2018,,12610.41253,,2024,,A,Normal value,0,Units,0,Zero
DATAFLOW,OECD.ELS.SAE:DSD_EARNINGS@RMW(1.0),Real minimum wages at constant prices,I,TUR,Türkiye,SM_WG,Statutory minimum wages,USD_PPP,"US dollars, PPP converted",A,Annual,Q,Constant prices,_Z,Not applicable,_Z,Not applicable,2019,,13802.13865,,2024,,A,Normal value,0,Units,0,Zero
DATAFLOW,OECD.ELS.SAE:DSD_EARNINGS@RMW(1.0),Real minimum wages at constant prices,I,TUR,Türkiye,SM_WG,Statutory minimum wages,USD_PPP,"US dollars, PPP converted",A,Annual,Q,Constant prices,_Z,Not applicable,_Z,Not applicable,2020,,14140.57114,,2024,,A,Normal value,0,Units,0,Zero
DATAFLOW,OECD.ELS.SAE:DSD_EARNINGS@RMW(1.0),Real minimum wages at constant prices,I,TUR,Türkiye,SM_WG,Statutory minimum wages,USD_PPP,"US dollars, PPP converted",A,Annual,Q,Constant prices,_Z,Not applicable,_Z,Not applicable,2021,,14372.68662,,2024,,A,Normal value,0,Units,0,Zero
DATAFLOW,OECD.ELS.SAE:DSD_EARNINGS@RMW(1.0),Real minimum wages at constant prices,I,TUR,Türkiye,SM_WG,Statutory minimum wages,USD_PPP,"US dollars, PPP converted",A,Annual,Q,Constant prices,_Z,Not applicable,_Z,Not applicable,2022,,14697.62945,,2024,,A,Normal value,0,Units,0,Zero
DATAFLOW,OECD.ELS.SAE:DSD_EARNINGS@RMW(1.0),Real minimum wages at constant prices,I,TUR,Türkiye,SM_WG,Statutory minimum wages,USD_PPP,"US dollars, PPP converted",A,Annual,Q,Constant prices,_Z,Not applicable,_Z,Not applicable,2023,,17746.82368,,2024,,A,Normal value,0,Units,0,Zero
DATAFLOW,OECD.ELS.SAE:DSD_EARNINGS@RMW(1.0),Real minimum wages at constant prices,I,TUR,Türkiye,SM_WG,Statutory minimum wages,USD_PPP,"US dollars, PPP converted",A,Annual,Q,Constant prices,_Z,Not applicable,_Z,Not applicable,2024,,19123.35019,,2024,,A,Normal value,0,Units,0,Zero
DATAFLOW,OECD.ELS.SAE:DSD_EARNINGS@RMW(1.0),Real minimum wages at constant prices,I,GBR,United Kingdom,SM_WG,Statutory minimum wages,USD_PPP,"US dollars, PPP converted",A,Annual,Q,Constant prices,_Z,Not applicable,_Z,Not applicable,2000,,19406.1441,,2024,,A,Normal value,0,Units,0,Zero
DATAFLOW,OECD.ELS.SAE:DSD_EARNINGS@RMW(1.0),Real minimum wages at constant prices,I,GBR,United Kingdom,SM_WG,Statutory minimum wages,USD_PPP,"US dollars, PPP converted",A,Annual,Q,Constant prices,_Z,Not applicable,_Z,Not applicable,2001,,20015.75931,,2024,,A,Normal value,0,Units,0,Zero
DATAFLOW,OECD.ELS.SAE:DSD_EARNINGS@RMW(1.0),Real minimum wages at constant prices,I,GBR,United Kingdom,SM_WG,Statutory minimum wages,USD_PPP,"US dollars, PPP converted",A,Annual,Q,Constant prices,_Z,Not applicable,_Z,Not applicable,2002,,21411.90827,,2024,,A,Normal value,0,Units,0,Zero
DATAFLOW,OECD.ELS.SAE:DSD_EARNINGS@RMW(1.0),Real minimum wages at constant prices,I,GBR,United Kingdom,SM_WG,Statutory minimum wages,USD_PPP,"US dollars, PPP converted",A,Annual,Q,Constant prices,_Z,Not applicable,_Z,Not applicable,2003,,21901.2073,,2024,,A,Normal value,0,Units,0,Zero
DATAFLOW,OECD.ELS.SAE:DSD_EARNINGS@RMW(1.0),Real minimum wages at constant prices,I,GBR,United Kingdom,SM_WG,Statutory minimum wages,USD_PPP,"US dollars, PPP converted",A,Annual,Q,Constant prices,_Z,Not applicable,_Z,Not applicable,2004,,23169.87982,,2024,,A,Normal value,0,Units,0,Zero
DATAFLOW,OECD.ELS.SAE:DSD_EARNINGS@RMW(1.0),Real minimum wages at constant prices,I,GBR,United Kingdom,SM_WG,Statutory minimum wages,USD_PPP,"US dollars, PPP converted",A,Annual,Q,Constant prices,_Z,Not applicable,_Z,Not applicable,2005,,24249.50503,,2024,,A,Normal value,0,Units,0,Zero
DATAFLOW,OECD.ELS.SAE:DSD_EARNINGS@RMW(1.0),Real minimum wages at constant prices,I,GBR,United Kingdom,SM_WG,Statutory minimum wages,USD_PPP,"US dollars, PPP converted",A,Annual,Q,Constant prices,_Z,Not applicable,_Z,Not applicable,2006,,24739.83311,,2024,,A,Normal value,0,Units,0,Zero
DATAFLOW,OECD.ELS.SAE:DSD_EARNINGS@RMW(1.0),Real minimum wages at constant prices,I,GBR,United Kingdom,SM_WG,Statutory minimum wages,USD_PPP,"US dollars, PPP converted",A,Annual,Q,Constant prices,_Z,Not applicable,_Z,Not applicable,2007,,25436.47727,,2024,,A,Normal value,0,Units,0,Zero
DATAFLOW,OECD.ELS.SAE:DSD_EARNINGS@RMW(1.0),Real minimum wages at constant prices,I,GBR,United Kingdom,SM_WG,Statutory minimum wages,USD_PPP,"US dollars, PPP converted",A,Annual,Q,Constant prices,_Z,Not applicable,_Z,Not applicable,2008,,25402.56702,,2024,,A,Normal value,0,Units,0,Zero
DATAFLOW,OECD.ELS.SAE:DSD_EARNINGS@RMW(1.0),Real minimum wages at constant prices,I,GBR,United Kingdom,SM_WG,Statutory minimum wages,USD_PPP,"US dollars, PPP converted",A,Annual,Q,Constant prices,_Z,Not applicable,_Z,Not applicable,2009,,25693.58299,,2024,,A,Normal value,0,Units,0,Zero
DATAFLOW,OECD.ELS.SAE:DSD_EARNINGS@RMW(1.0),Real minimum wages at constant prices,I,GBR,United Kingdom,SM_WG,Statutory minimum wages,USD_PPP,"US dollars, PPP converted",A,Annual,Q,Constant prices,_Z,Not applicable,_Z,Not applicable,2010,,25437.33307,,2024,,A,Normal value,0,Units,0,Zero
DATAFLOW,OECD.ELS.SAE:DSD_EARNINGS@RMW(1.0),Real minimum wages at constant prices,I,GBR,United Kingdom,SM_WG,Statutory minimum wages,USD_PPP,"US dollars, PPP converted",A,Annual,Q,Constant prices,_Z,Not applicable,_Z,Not applicable,2011,,25051.27786,,2024,,A,Normal value,0,Units,0,Zero
DATAFLOW,OECD.ELS.SAE:DSD_EARNINGS@RMW(1.0),Real minimum wages at constant prices,I,GBR,United Kingdom,SM_WG,Statutory minimum wages,USD_PPP,"US dollars, PPP converted",A,Annual,Q,Constant prices,_Z,Not applicable,_Z,Not applicable,2012,,24999.60909,,2024,,A,Normal value,0,Units,0,Zero
DATAFLOW,OECD.ELS.SAE:DSD_EARNINGS@RMW(1.0),Real minimum wages at constant prices,I,GBR,United Kingdom,SM_WG,Statutory minimum wages,USD_PPP,"US dollars, PPP converted",A,Annual,Q,Constant prices,_Z,Not applicable,_Z,Not applicable,2013,,24889.69787,,2024,,A,Normal value,0,Units,0,Zero
DATAFLOW,OECD.ELS.SAE:DSD_EARNINGS@RMW(1.0),Real minimum wages at constant prices,I,GBR,United Kingdom,SM_WG,Statutory minimum wages,USD_PPP,"US dollars, PPP converted",A,Annual,Q,Constant prices,_Z,Not applicable,_Z,Not applicable,2014,,25082.30635,,2024,,A,Normal value,0,Units,0,Zero
DATAFLOW,OECD.ELS.SAE:DSD_EARNINGS@RMW(1.0),Real minimum wages at constant prices,I,GBR,United Kingdom,SM_WG,Statutory minimum wages,USD_PPP,"US dollars, PPP converted",A,Annual,Q,Constant prices,_Z,Not applicable,_Z,Not applicable,2015,,25737.63282,,2024,,A,Normal value,0,Units,0,Zero
DATAFLOW,OECD.ELS.SAE:DSD_EARNINGS@RMW(1.0),Real minimum wages at constant prices,I,GBR,United Kingdom,SM_WG,Statutory minimum wages,USD_PPP,"US dollars, PPP converted",A,Annual,Q,Constant prices,_Z,Not applicable,_Z,Not applicable,2016,,28011.63273,,2024,,A,Normal value,0,Units,0,Zero
DATAFLOW,OECD.ELS.SAE:DSD_EARNINGS@RMW(1.0),Real minimum wages at constant prices,I,GBR,United Kingdom,SM_WG,Statutory minimum wages,USD_PPP,"US dollars, PPP converted",A,Annual,Q,Constant prices,_Z,Not applicable,_Z,Not applicable,2017,,28162.03302,,2024,,A,Normal value,0,Units,0,Zero
DATAFLOW,OECD.ELS.SAE:DSD_EARNINGS@RMW(1.0),Real minimum wages at constant prices,I,GBR,United Kingdom,SM_WG,Statutory minimum wages,USD_PPP,"US dollars, PPP converted",A,Annual,Q,Constant prices,_Z,Not applicable,_Z,Not applicable,2018,,28720.26286,,2024,,A,Normal value,0,Units,0,Zero
DATAFLOW,OECD.ELS.SAE:DSD_EARNINGS@RMW(1.0),Real minimum wages at constant prices,I,GBR,United Kingdom,SM_WG,Statutory minimum wages,USD_PPP,"US dollars, PPP converted",A,Annual,Q,Constant prices,_Z,Not applicable,_Z,Not applicable,2019,,29579.57421,,2024,,A,Normal value,0,Units,0,Zero
DATAFLOW,OECD.ELS.SAE:DSD_EARNINGS@RMW(1.0),Real minimum wages at constant prices,I,GBR,United Kingdom,SM_WG,Statutory minimum wages,USD_PPP,"US dollars, PPP converted",A,Annual,Q,Constant prices,_Z,Not applicable,_Z,Not applicable,2020,,31003.39417,,2024,,A,Normal value,0,Units,0,Zero
DATAFLOW,OECD.ELS.SAE:DSD_EARNINGS@RMW(1.0),Real minimum wages at constant prices,I,GBR,United Kingdom,SM_WG,Statutory minimum wages,USD_PPP,"US dollars, PPP converted",A,Annual,Q,Constant prices,_Z,Not applicable,_Z,Not applicable,2021,,31204.65278,,2024,,A,Normal value,0,Units,0,Zero
DATAFLOW,OECD.ELS.SAE:DSD_EARNINGS@RMW(1.0),Real minimum wages at constant prices,I,GBR,United Kingdom,SM_WG,Statutory minimum wages,USD_PPP,"US dollars, PPP converted",A,Annual,Q,Constant prices,_Z,Not applicable,_Z,Not applicable,2022,,30497.44844,,2024,,A,Normal value,0,Units,0,Zero
DATAFLOW,OECD.ELS.SAE:DSD_EARNINGS@RMW(1.0),Real minimum wages at constant prices,I,GBR,United Kingdom,SM_WG,Statutory minimum wages,USD_PPP,"US dollars, PPP converted",A,Annual,Q,Constant prices,_Z,Not applicable,_Z,Not applicable,2023,,31135.54114,,2024,,A,Normal value,0,Units,0,Zero
DATAFLOW,OECD.ELS.SAE:DSD_EARNINGS@RMW(1.0),Real minimum wages at constant prices,I,GBR,United Kingdom,SM_WG,Statutory minimum wages,USD_PPP,"US dollars, PPP converted",A,Annual,Q,Constant prices,_Z,Not applicable,_Z,Not applicable,2024,,33070.59752,,2024,,A,Normal value,0,Units,0,Zero
DATAFLOW,OECD.ELS.SAE:DSD_EARNINGS@RMW(1.0),Real minimum wages at constant prices,I,BRA,Brazil,SM_WG,Statutory minimum wages,USD_PPP,"US dollars, PPP converted",A,Annual,Q,Constant prices,_Z,Not applicable,_Z,Not applicable,1980,,11932.70348,,2024,,A,Normal value,0,Units,0,Zero
DATAFLOW,OECD.ELS.SAE:DSD_EARNINGS@RMW(1.0),Real minimum wages at constant prices,I,BRA,Brazil,SM_WG,Statutory minimum wages,USD_PPP,"US dollars, PPP converted",A,Annual,Q,Constant prices,_Z,Not applicable,_Z,Not applicable,1981,,12000.8808,,2024,,A,Normal value,0,Units,0,Zero
DATAFLOW,OECD.ELS.SAE:DSD_EARNINGS@RMW(1.0),Real minimum wages at constant prices,I,BRA,Brazil,SM_WG,Statutory minimum wages,USD_PPP,"US dollars, PPP converted",A,Annual,Q,Constant prices,_Z,Not applicable,_Z,Not applicable,1982,,11900.81363,,2024,,A,Normal value,0,Units,0,Zero
DATAFLOW,OECD.ELS.SAE:DSD_EARNINGS@RMW(1.0),Real minimum wages at constant prices,I,BRA,Brazil,SM_WG,Statutory minimum wages,USD_PPP,"US dollars, PPP converted",A,Annual,Q,Constant prices,_Z,Not applicable,_Z,Not applicable,1983,,10860.70068,,2024,,A,Normal value,0,Units,0,Zero
DATAFLOW,OECD.ELS.SAE:DSD_EARNINGS@RMW(1.0),Real minimum wages at constant prices,I,BRA,Brazil,SM_WG,Statutory minimum wages,USD_PPP,"US dollars, PPP converted",A,Annual,Q,Constant prices,_Z,Not applicable,_Z,Not applicable,1984,,10201.35998,,2024,,A,Normal value,0,Units,0,Zero
DATAFLOW,OECD.ELS.SAE:DSD_EARNINGS@RMW(1.0),Real minimum wages at constant prices,I,BRA,Brazil,SM_WG,Statutory minimum wages,USD_PPP,"US dollars, PPP converted",A,Annual,Q,Constant prices,_Z,Not applicable,_Z,Not applicable,1985,,10566.33308,,2024,,A,Normal value,0,Units,0,Zero
DATAFLOW,OECD.ELS.SAE:DSD_EARNINGS@RMW(1.0),Real minimum wages at constant prices,I,BRA,Brazil,SM_WG,Statutory minimum wages,USD_PPP,"US dollars, PPP converted",A,Annual,Q,Constant prices,_Z,Not applicable,_Z,Not applicable,1986,,10221.23133,,2024,,A,Normal value,0,Units,0,Zero
DATAFLOW,OECD.ELS.SAE:DSD_EARNINGS@RMW(1.0),Real minimum wages at constant prices,I,BRA,Brazil,SM_WG,Statutory minimum wages,USD_PPP,"US dollars, PPP converted",A,Annual,Q,Constant prices,_Z,Not applicable,_Z,Not applicable,1987,,8037.623948,,2024,,A,Normal value,0,Units,0,Zero
DATAFLOW,OECD.ELS.SAE:DSD_EARNINGS@RMW(1.0),Real minimum wages at constant prices,I,BRA,Brazil,SM_WG,Statutory minimum wages,USD_PPP,"US dollars, PPP converted",A,Annual,Q,Constant prices,_Z,Not applicable,_Z,Not applicable,1988,,8513.400499,,2024,,A,Normal value,0,Units,0,Zero
DATAFLOW,OECD.ELS.SAE:DSD_EARNINGS@RMW(1.0),Real minimum wages at constant prices,I,BRA,Brazil,SM_WG,Statutory minimum wages,USD_PPP,"US dollars, PPP converted",A,Annual,Q,Constant prices,_Z,Not applicable,_Z,Not applicable,1989,,8352.361698,,2024,,A,Normal value,0,Units,0,Zero
DATAFLOW,OECD.ELS.SAE:DSD_EARNINGS@RMW(1.0),Real minimum wages at constant prices,I,BRA,Brazil,SM_WG,Statutory minimum wages,USD_PPP,"US dollars, PPP converted",A,Annual,Q,Constant prices,_Z,Not applicable,_Z,Not applicable,1990,,5737.250759,,2024,,A,Normal value,0,Units,0,Zero
DATAFLOW,OECD.ELS.SAE:DSD_EARNINGS@RMW(1.0),Real minimum wages at constant prices,I,BRA,Brazil,SM_WG,Statutory minimum wages,USD_PPP,"US dollars, PPP converted",A,Annual,Q,Constant prices,_Z,Not applicable,_Z,Not applicable,1991,,6715.742081,,2024,,A,Normal value,0,Units,0,Zero
DATAFLOW,OECD.ELS.SAE:DSD_EARNINGS@RMW(1.0),Real minimum wages at constant prices,I,BRA,Brazil,SM_WG,Statutory minimum wages,USD_PPP,"US dollars, PPP converted",A,Annual,Q,Constant prices,_Z,Not applicable,_Z,Not applicable,1992,,5995.982171,,2024,,A,Normal value,0,Units,0,Zero
DATAFLOW,OECD.ELS.SAE:DSD_EARNINGS@RMW(1.0),Real minimum wages at constant prices,I,BRA,Brazil,SM_WG,Statutory minimum wages,USD_PPP,"US dollars, PPP converted",A,Annual,Q,Constant prices,_Z,Not applicable,_Z,Not applicable,1993,,6808.789057,,2024,,A,Normal value,0,Units,0,Zero
DATAFLOW,OECD.ELS.SAE:DSD_EARNINGS@RMW(1.0),Real minimum wages at constant prices,I,BRA,Brazil,SM_WG,Statutory minimum wages,USD_PPP,"US dollars, PPP converted",A,Annual,Q,Constant prices,_Z,Not applicable,_Z,Not applicable,1994,,2982.317202,,2024,,A,Normal value,0,Units,0,Zero
DATAFLOW,OECD.ELS.SAE:DSD_EARNINGS@RMW(1.0),Real minimum wages at constant prices,I,BRA,Brazil,SM_WG,Statutory minimum wages,USD_PPP,"US dollars, PPP converted",A,Annual,Q,Constant prices,_Z,Not applicable,_Z,Not applicable,1995,,2606.243988,,2024,,A,Normal value,0,Units,0,Zero
DATAFLOW,OECD.ELS.SAE:DSD_EARNINGS@RMW(1.0),Real minimum wages at constant prices,I,BRA,Brazil,SM_WG,Statutory minimum wages,USD_PPP,"US dollars, PPP converted",A,Annual,Q,Constant prices,_Z,Not applicable,_Z,Not applicable,1996,,2701.757893,,2024,,A,Normal value,0,Units,0,Zero
DATAFLOW,OECD.ELS.SAE:DSD_EARNINGS@RMW(1.0),Real minimum wages at constant prices,I,BRA,Brazil,SM_WG,Statutory minimum wages,USD_PPP,"US dollars, PPP converted",A,Annual,Q,Constant prices,_Z,Not applicable,_Z,Not applicable,1997,,2745.09815,,2024,,A,Normal value,0,Units,0,Zero
DATAFLOW,OECD.ELS.SAE:DSD_EARNINGS@RMW(1.0),Real minimum wages at constant prices,I,BRA,Brazil,SM_WG,Statutory minimum wages,USD_PPP,"US dollars, PPP converted",A,Annual,Q,Constant prices,_Z,Not applicable,_Z,Not applicable,1998,,2871.70514,,2024,,A,Normal value,0,Units,0,Zero
DATAFLOW,OECD.ELS.SAE:DSD_EARNINGS@RMW(1.0),Real minimum wages at constant prices,I,BRA,Brazil,SM_WG,Statutory minimum wages,USD_PPP,"US dollars, PPP converted",A,Annual,Q,Constant prices,_Z,Not applicable,_Z,Not applicable,1999,,2897.202856,,2024,,A,Normal value,0,Units,0,Zero
DATAFLOW,OECD.ELS.SAE:DSD_EARNINGS@RMW(1.0),Real minimum wages at constant prices,I,BRA,Brazil,SM_WG,Statutory minimum wages,USD_PPP,"US dollars, PPP converted",A,Annual,Q,Constant prices,_Z,Not applicable,_Z,Not applicable,2000,,2974.174832,,2024,,A,Normal value,0,Units,0,Zero
DATAFLOW,OECD.ELS.SAE:DSD_EARNINGS@RMW(1.0),Real minimum wages at constant prices,I,BRA,Brazil,SM_WG,Statutory minimum wages,USD_PPP,"US dollars, PPP converted",A,Annual,Q,Constant prices,_Z,Not applicable,_Z,Not applicable,2001,,3265.832835,,2024,,A,Normal value,0,Units,0,Zero
DATAFLOW,OECD.ELS.SAE:DSD_EARNINGS@RMW(1.0),Real minimum wages at constant prices,I,BRA,Brazil,SM_WG,Statutory minimum wages,USD_PPP,"US dollars, PPP converted",A,Annual,Q,Constant prices,_Z,Not applicable,_Z,Not applicable,2002,,3399.227292,,2024,,A,Normal value,0,Units,0,Zero
DATAFLOW,OECD.ELS.SAE:DSD_EARNINGS@RMW(1.0),Real minimum wages at constant prices,I,BRA,Brazil,SM_WG,Statutory minimum wages,USD_PPP,"US dollars, PPP converted",A,Annual,Q,Constant prices,_Z,Not applicable,_Z,Not applicable,2003,,3495.051496,,2024,,A,Normal value,0,Units,0,Zero
DATAFLOW,OECD.ELS.SAE:DSD_EARNINGS@RMW(1.0),Real minimum wages at constant prices,I,BRA,Brazil,SM_WG,Statutory minimum wages,USD_PPP,"US dollars, PPP converted",A,Annual,Q,Constant prices,_Z,Not applicable,_Z,Not applicable,2004,,3611.372998,,2024,,A,Normal value,0,Units,0,Zero
DATAFLOW,OECD.ELS.SAE:DSD_EARNINGS@RMW(1.0),Real minimum wages at constant prices,I,BRA,Brazil,SM_WG,Statutory minimum wages,USD_PPP,"US dollars, PPP converted",A,Annual,Q,Constant prices,_Z,Not applicable,_Z,Not applicable,2005,,3823.871174,,2024,,A,Normal value,0,Units,0,Zero
DATAFLOW,OECD.ELS.SAE:DSD_EARNINGS@RMW(1.0),Real minimum wages at constant prices,I,BRA,Brazil,SM_WG,Statutory minimum wages,USD_PPP,"US dollars, PPP converted",A,Annual,Q,Constant prices,_Z,Not applicable,_Z,Not applicable,2006,,4321.162671,,2024,,A,Normal value,0,Units,0,Zero
DATAFLOW,OECD.ELS.SAE:DSD_EARNINGS@RMW(1.0),Real minimum wages at constant prices,I,BRA,Brazil,SM_WG,Statutory minimum wages,USD_PPP,"US dollars, PPP converted",A,Annual,Q,Constant prices,_Z,Not applicable,_Z,Not applicable,2007,,4601.721854,,2024,,A,Normal value,0,Units,0,Zero
DATAFLOW,OECD.ELS.SAE:DSD_EARNINGS@RMW(1.0),Real minimum wages at constant prices,I,BRA,Brazil,SM_WG,Statutory minimum wages,USD_PPP,"US dollars, PPP converted",A,Annual,Q,Constant prices,_Z,Not applicable,_Z,Not applicable,2008,,4783.077166,,2024,,A,Normal value,0,Units,0,Zero
DATAFLOW,OECD.ELS.SAE:DSD_EARNINGS@RMW(1.0),Real minimum wages at constant prices,I,BRA,Brazil,SM_WG,Statutory minimum wages,USD_PPP,"US dollars, PPP converted",A,Annual,Q,Constant prices,_Z,Not applicable,_Z,Not applicable,2009,,5136.000209,,2024,,A,Normal value,0,Units,0,Zero
DATAFLOW,OECD.ELS.SAE:DSD_EARNINGS@RMW(1.0),Real minimum wages at constant prices,I,BRA,Brazil,SM_WG,Statutory minimum wages,USD_PPP,"US dollars, PPP converted",A,Annual,Q,Constant prices,_Z,Not applicable,_Z,Not applicable,2010,,5411.303179,,2024,,A,Normal value,0,Units,0,Zero
DATAFLOW,OECD.ELS.SAE:DSD_EARNINGS@RMW(1.0),Real minimum wages at constant prices,I,BRA,Brazil,SM_WG,Statutory minimum wages,USD_PPP,"US dollars, PPP converted",A,Annual,Q,Constant prices,_Z,Not applicable,_Z,Not applicable,2011,,5414.495395,,2024,,A,Normal value,0,Units,0,Zero
DATAFLOW,OECD.ELS.SAE:DSD_EARNINGS@RMW(1.0),Real minimum wages at constant prices,I,BRA,Brazil,SM_WG,Statutory minimum wages,USD_PPP,"US dollars, PPP converted",A,Annual,Q,Constant prices,_Z,Not applicable,_Z,Not applicable,2012,,5871.666094,,2024,,A,Normal value,0,Units,0,Zero
DATAFLOW,OECD.ELS.SAE:DSD_EARNINGS@RMW(1.0),Real minimum wages at constant prices,I,BRA,Brazil,SM_WG,Statutory minimum wages,USD_PPP,"US dollars, PPP converted",A,Annual,Q,Constant prices,_Z,Not applicable,_Z,Not applicable,2013,,6026.40853,,2024,,A,Normal value,0,Units,0,Zero
DATAFLOW,OECD.ELS.SAE:DSD_EARNINGS@RMW(1.0),Real minimum wages at constant prices,I,BRA,Brazil,SM_WG,Statutory minimum wages,USD_PPP,"US dollars, PPP converted",A,Annual,Q,Constant prices,_Z,Not applicable,_Z,Not applicable,2014,,6052.231205,,2024,,A,Normal value,0,Units,0,Zero
DATAFLOW,OECD.ELS.SAE:DSD_EARNINGS@RMW(1.0),Real minimum wages at constant prices,I,BRA,Brazil,SM_WG,Statutory minimum wages,USD_PPP,"US dollars, PPP converted",A,Annual,Q,Constant prices,_Z,Not applicable,_Z,Not applicable,2015,,6041.677625,,2024,,A,Normal value,0,Units,0,Zero
DATAFLOW,OECD.ELS.SAE:DSD_EARNINGS@RMW(1.0),Real minimum wages at constant prices,I,BRA,Brazil,SM_WG,Statutory minimum wages,USD_PPP,"US dollars, PPP converted",A,Annual,Q,Constant prices,_Z,Not applicable,_Z,Not applicable,2016,,6204.806877,,2024,,A,Normal value,0,Units,0,Zero
DATAFLOW,OECD.ELS.SAE:DSD_EARNINGS@RMW(1.0),Real minimum wages at constant prices,I,BRA,Brazil,SM_WG,Statutory minimum wages,USD_PPP,"US dollars, PPP converted",A,Annual,Q,Constant prices,_Z,Not applicable,_Z,Not applicable,2017,,6386.600424,,2024,,A,Normal value,0,Units,0,Zero
DATAFLOW,OECD.ELS.SAE:DSD_EARNINGS@RMW(1.0),Real minimum wages at constant prices,I,BRA,Brazil,SM_WG,Statutory minimum wages,USD_PPP,"US dollars, PPP converted",A,Annual,Q,Constant prices,_Z,Not applicable,_Z,Not applicable,2018,,6272.58983,,2024,,A,Normal value,0,Units,0,Zero
DATAFLOW,OECD.ELS.SAE:DSD_EARNINGS@RMW(1.0),Real minimum wages at constant prices,I,BRA,Brazil,SM_WG,Statutory minimum wages,USD_PPP,"US dollars, PPP converted",A,Annual,Q,Constant prices,_Z,Not applicable,_Z,Not applicable,2019,,6325.75249,,2024,,A,Normal value,0,Units,0,Zero
DATAFLOW,OECD.ELS.SAE:DSD_EARNINGS@RMW(1.0),Real minimum wages at constant prices,I,BRA,Brazil,SM_WG,Statutory minimum wages,USD_PPP,"US dollars, PPP converted",A,Annual,Q,Constant prices,_Z,Not applicable,_Z,Not applicable,2020,,6417.543402,,2024,,A,Normal value,0,Units,0,Zero
DATAFLOW,OECD.ELS.SAE:DSD_EARNINGS@RMW(1.0),Real minimum wages at constant prices,I,BRA,Brazil,SM_WG,Statutory minimum wages,USD_PPP,"US dollars, PPP converted",A,Annual,Q,Constant prices,_Z,Not applicable,_Z,Not applicable,2021,,6237.492896,,2024,,A,Normal value,0,Units,0,Zero
DATAFLOW,OECD.ELS.SAE:DSD_EARNINGS@RMW(1.0),Real minimum wages at constant prices,I,BRA,Brazil,SM_WG,Statutory minimum wages,USD_PPP,"US dollars, PPP converted",A,Annual,Q,Constant prices,_Z,Not applicable,_Z,Not applicable,2022,,6288.959989,,2024,,A,Normal value,0,Units,0,Zero
DATAFLOW,OECD.ELS.SAE:DSD_EARNINGS@RMW(1.0),Real minimum wages at constant prices,I,BRA,Brazil,SM_WG,Statutory minimum wages,USD_PPP,"US dollars, PPP converted",A,Annual,Q,Constant prices,_Z,Not applicable,_Z,Not applicable,2023,,6369.954605,,2024,,A,Normal value,0,Units,0,Zero
DATAFLOW,OECD.ELS.SAE:DSD_EARNINGS@RMW(1.0),Real minimum wages at constant prices,I,BRA,Brazil,SM_WG,Statutory minimum wages,USD_PPP,"US dollars, PPP converted",A,Annual,Q,Constant prices,_Z,Not applicable,_Z,Not applicable,2024,,6711.8321,,2024,,A,Normal value,0,Units,0,Zero
DATAFLOW,OECD.ELS.SAE:DSD_EARNINGS@RMW(1.0),Real minimum wages at constant prices,I,BGR,Bulgaria,SM_WG,Statutory minimum wages,USD_PPP,"US dollars, PPP converted",A,Annual,Q,Constant prices,_Z,Not applicable,_Z,Not applicable,1998,,2864.889386,,2024,,A,Normal value,0,Units,0,Zero
DATAFLOW,OECD.ELS.SAE:DSD_EARNINGS@RMW(1.0),Real minimum wages at constant prices,I,BGR,Bulgaria,SM_WG,Statutory minimum wages,USD_PPP,"US dollars, PPP converted",A,Annual,Q,Constant prices,_Z,Not applicable,_Z,Not applicable,1999,,2901.260132,,2024,,A,Normal value,0,Units,0,Zero
DATAFLOW,OECD.ELS.SAE:DSD_EARNINGS@RMW(1.0),Real minimum wages at constant prices,I,BGR,Bulgaria,SM_WG,Statutory minimum wages,USD_PPP,"US dollars, PPP converted",A,Annual,Q,Constant prices,_Z,Not applicable,_Z,Not applicable,2000,,2812.973861,,2024,,A,Normal value,0,Units,0,Zero
DATAFLOW,OECD.ELS.SAE:DSD_EARNINGS@RMW(1.0),Real minimum wages at constant prices,I,BGR,Bulgaria,SM_WG,Statutory minimum wages,USD_PPP,"US dollars, PPP converted",A,Annual,Q,Constant prices,_Z,Not applicable,_Z,Not applicable,2001,,3016.213583,,2024,,A,Normal value,0,Units,0,Zero
DATAFLOW,OECD.ELS.SAE:DSD_EARNINGS@RMW(1.0),Real minimum wages at constant prices,I,BGR,Bulgaria,SM_WG,Statutory minimum wages,USD_PPP,"US dollars, PPP converted",A,Annual,Q,Constant prices,_Z,Not applicable,_Z,Not applicable,2002,,3454.887954,,2024,,A,Normal value,0,Units,0,Zero
DATAFLOW,OECD.ELS.SAE:DSD_EARNINGS@RMW(1.0),Real minimum wages at constant prices,I,BGR,Bulgaria,SM_WG,Statutory minimum wages,USD_PPP,"US dollars, PPP converted",A,Annual,Q,Constant prices,_Z,Not applicable,_Z,Not applicable,2003,,3685.213818,,2024,,A,Normal value,0,Units,0,Zero
DATAFLOW,OECD.ELS.SAE:DSD_EARNINGS@RMW(1.0),Real minimum wages at constant prices,I,BGR,Bulgaria,SM_WG,Statutory minimum wages,USD_PPP,"US dollars, PPP converted",A,Annual,Q,Constant prices,_Z,Not applicable,_Z,Not applicable,2004,,3816.059612,,2024,,A,Normal value,0,Units,0,Zero
DATAFLOW,OECD.ELS.SAE:DSD_EARNINGS@RMW(1.0),Real minimum wages at constant prices,I,BGR,Bulgaria,SM_WG,Statutory minimum wages,USD_PPP,"US dollars, PPP converted",A,Annual,Q,Constant prices,_Z,Not applicable,_Z,Not applicable,2005,,4498.48084,,2024,,A,Normal value,0,Units,0,Zero
DATAFLOW,OECD.ELS.SAE:DSD_EARNINGS@RMW(1.0),Real minimum wages at constant prices,I,BGR,Bulgaria,SM_WG,Statutory minimum wages,USD_PPP,"US dollars, PPP converted",A,Annual,Q,Constant prices,_Z,Not applicable,_Z,Not applicable,2006,,4467.630958,,2024,,A,Normal value,0,Units,0,Zero
DATAFLOW,OECD.ELS.SAE:DSD_EARNINGS@RMW(1.0),Real minimum wages at constant prices,I,BGR,Bulgaria,SM_WG,Statutory minimum wages,USD_PPP,"US dollars, PPP converted",A,Annual,Q,Constant prices,_Z,Not applicable,_Z,Not applicable,2007,,4672.083256,,2024,,A,Normal value,0,Units,0,Zero
DATAFLOW,OECD.ELS.SAE:DSD_EARNINGS@RMW(1.0),Real minimum wages at constant prices,I,BGR,Bulgaria,SM_WG,Statutory minimum wages,USD_PPP,"US dollars, PPP converted",A,Annual,Q,Constant prices,_Z,Not applicable,_Z,Not applicable,2008,,5100.931677,,2024,,A,Normal value,0,Units,0,Zero
DATAFLOW,OECD.ELS.SAE:DSD_EARNINGS@RMW(1.0),Real minimum wages at constant prices,I,BGR,Bulgaria,SM_WG,Statutory minimum wages,USD_PPP,"US dollars, PPP converted",A,Annual,Q,Constant prices,_Z,Not applicable,_Z,Not applicable,2009,,5430.593308,,2024,,A,Normal value,0,Units,0,Zero
DATAFLOW,OECD.ELS.SAE:DSD_EARNINGS@RMW(1.0),Real minimum wages at constant prices,I,BGR,Bulgaria,SM_WG,Statutory minimum wages,USD_PPP,"US dollars, PPP converted",A,Annual,Q,Constant prices,_Z,Not applicable,_Z,Not applicable,2010,,5270.473393,,2024,,A,Normal value,0,Units,0,Zero
DATAFLOW,OECD.ELS.SAE:DSD_EARNINGS@RMW(1.0),Real minimum wages at constant prices,I,BGR,Bulgaria,SM_WG,Statutory minimum wages,USD_PPP,"US dollars, PPP converted",A,Annual,Q,Constant prices,_Z,Not applicable,_Z,Not applicable,2011,,5309.893834,,2024,,A,Normal value,0,Units,0,Zero
DATAFLOW,OECD.ELS.SAE:DSD_EARNINGS@RMW(1.0),Real minimum wages at constant prices,I,BGR,Bulgaria,SM_WG,Statutory minimum wages,USD_PPP,"US dollars, PPP converted",A,Annual,Q,Constant prices,_Z,Not applicable,_Z,Not applicable,2012,,5877.327226,,2024,,A,Normal value,0,Units,0,Zero
DATAFLOW,OECD.ELS.SAE:DSD_EARNINGS@RMW(1.0),Real minimum wages at constant prices,I,BGR,Bulgaria,SM_WG,Statutory minimum wages,USD_PPP,"US dollars, PPP converted",A,Annual,Q,Constant prices,_Z,Not applicable,_Z,Not applicable,2013,,6406.072618,,2024,,A,Normal value,0,Units,0,Zero
DATAFLOW,OECD.ELS.SAE:DSD_EARNINGS@RMW(1.0),Real minimum wages at constant prices,I,BGR,Bulgaria,SM_WG,Statutory minimum wages,USD_PPP,"US dollars, PPP converted",A,Annual,Q,Constant prices,_Z,Not applicable,_Z,Not applicable,2014,,7140.010626,,2024,,A,Normal value,0,Units,0,Zero
DATAFLOW,OECD.ELS.SAE:DSD_EARNINGS@RMW(1.0),Real minimum wages at constant prices,I,BGR,Bulgaria,SM_WG,Statutory minimum wages,USD_PPP,"US dollars, PPP converted",A,Annual,Q,Constant prices,_Z,Not applicable,_Z,Not applicable,2015,,7853.927689,,2024,,A,Normal value,0,Units,0,Zero
DATAFLOW,OECD.ELS.SAE:DSD_EARNINGS@RMW(1.0),Real minimum wages at constant prices,I,BGR,Bulgaria,SM_WG,Statutory minimum wages,USD_PPP,"US dollars, PPP converted",A,Annual,Q,Constant prices,_Z,Not applicable,_Z,Not applicable,2016,,9034.524998,,2024,,A,Normal value,0,Units,0,Zero
DATAFLOW,OECD.ELS.SAE:DSD_EARNINGS@RMW(1.0),Real minimum wages at constant prices,I,BGR,Bulgaria,SM_WG,Statutory minimum wages,USD_PPP,"US dollars, PPP converted",A,Annual,Q,Constant prices,_Z,Not applicable,_Z,Not applicable,2017,,9779.011049,,2024,,A,Normal value,0,Units,0,Zero
DATAFLOW,OECD.ELS.SAE:DSD_EARNINGS@RMW(1.0),Real minimum wages at constant prices,I,BGR,Bulgaria,SM_WG,Statutory minimum wages,USD_PPP,"US dollars, PPP converted",A,Annual,Q,Constant prices,_Z,Not applicable,_Z,Not applicable,2018,,10563.70425,,2024,,A,Normal value,0,Units,0,Zero
DATAFLOW,OECD.ELS.SAE:DSD_EARNINGS@RMW(1.0),Real minimum wages at constant prices,I,BGR,Bulgaria,SM_WG,Statutory minimum wages,USD_PPP,"US dollars, PPP converted",A,Annual,Q,Constant prices,_Z,Not applicable,_Z,Not applicable,2019,,11322.05514,,2024,,A,Normal value,0,Units,0,Zero
DATAFLOW,OECD.ELS.SAE:DSD_EARNINGS@RMW(1.0),Real minimum wages at constant prices,I,BGR,Bulgaria,SM_WG,Statutory minimum wages,USD_PPP,"US dollars, PPP converted",A,Annual,Q,Constant prices,_Z,Not applicable,_Z,Not applicable,2020,,12184.40507,,2024,,A,Normal value,0,Units,0,Zero
DATAFLOW,OECD.ELS.SAE:DSD_EARNINGS@RMW(1.0),Real minimum wages at constant prices,I,BGR,Bulgaria,SM_WG,Statutory minimum wages,USD_PPP,"US dollars, PPP converted",A,Annual,Q,Constant prices,_Z,Not applicable,_Z,Not applicable,2021,,12623.45886,,2024,,A,Normal value,0,Units,0,Zero
DATAFLOW,OECD.ELS.SAE:DSD_EARNINGS@RMW(1.0),Real minimum wages at constant prices,I,BGR,Bulgaria,SM_WG,Statutory minimum wages,USD_PPP,"US dollars, PPP converted",A,Annual,Q,Constant prices,_Z,Not applicable,_Z,Not applicable,2022,,12201.30378,,2024,,A,Normal value,0,Units,0,Zero
DATAFLOW,OECD.ELS.SAE:DSD_EARNINGS@RMW(1.0),Real minimum wages at constant prices,I,BGR,Bulgaria,SM_WG,Statutory minimum wages,USD_PPP,"US dollars, PPP converted",A,Annual,Q,Constant prices,_Z,Not applicable,_Z,Not applicable,2023,,12342.10111,,2024,,A,Normal value,0,Units,0,Zero
DATAFLOW,OECD.ELS.SAE:DSD_EARNINGS@RMW(1.0),Real minimum wages at constant prices,I,BGR,Bulgaria,SM_WG,Statutory minimum wages,USD_PPP,"US dollars, PPP converted",A,Annual,Q,Constant prices,_Z,Not applicable,_Z,Not applicable,2024,,14389.76522,,2024,,A,Normal value,0,Units,0,Zero
DATAFLOW,OECD.ELS.SAE:DSD_EARNINGS@RMW(1.0),Real minimum wages at constant prices,I,HRV,Croatia,SM_WG,Statutory minimum wages,USD_PPP,"US dollars, PPP converted",A,Annual,Q,Constant prices,_Z,Not applicable,_Z,Not applicable,1998,,8865.276621,,2024,,A,Normal value,0,Units,0,Zero
DATAFLOW,OECD.ELS.SAE:DSD_EARNINGS@RMW(1.0),Real minimum wages at constant prices,I,HRV,Croatia,SM_WG,Statutory minimum wages,USD_PPP,"US dollars, PPP converted",A,Annual,Q,Constant prices,_Z,Not applicable,_Z,Not applicable,1999,,9355.511055,,2024,,A,Normal value,0,Units,0,Zero
DATAFLOW,OECD.ELS.SAE:DSD_EARNINGS@RMW(1.0),Real minimum wages at constant prices,I,HRV,Croatia,SM_WG,Statutory minimum wages,USD_PPP,"US dollars, PPP converted",A,Annual,Q,Constant prices,_Z,Not applicable,_Z,Not applicable,2000,,10151.69222,,2024,,A,Normal value,0,Units,0,Zero
DATAFLOW,OECD.ELS.SAE:DSD_EARNINGS@RMW(1.0),Real minimum wages at constant prices,I,HRV,Croatia,SM_WG,Statutory minimum wages,USD_PPP,"US dollars, PPP converted",A,Annual,Q,Constant prices,_Z,Not applicable,_Z,Not applicable,2001,,9735.961601,,2024,,A,Normal value,0,Units,0,Zero
DATAFLOW,OECD.ELS.SAE:DSD_EARNINGS@RMW(1.0),Real minimum wages at constant prices,I,HRV,Croatia,SM_WG,Statutory minimum wages,USD_PPP,"US dollars, PPP converted",A,Annual,Q,Constant prices,_Z,Not applicable,_Z,Not applicable,2002,,10054.11311,,2024,,A,Normal value,0,Units,0,Zero
DATAFLOW,OECD.ELS.SAE:DSD_EARNINGS@RMW(1.0),Real minimum wages at constant prices,I,HRV,Croatia,SM_WG,Statutory minimum wages,USD_PPP,"US dollars, PPP converted",A,Annual,Q,Constant prices,_Z,Not applicable,_Z,Not applicable,2003,,10138.72441,,2024,,A,Normal value,0,Units,0,Zero
DATAFLOW,OECD.ELS.SAE:DSD_EARNINGS@RMW(1.0),Real minimum wages at constant prices,I,HRV,Croatia,SM_WG,Statutory minimum wages,USD_PPP,"US dollars, PPP converted",A,Annual,Q,Constant prices,_Z,Not applicable,_Z,Not applicable,2004,,10421.11966,,2024,,A,Normal value,0,Units,0,Zero
DATAFLOW,OECD.ELS.SAE:DSD_EARNINGS@RMW(1.0),Real minimum wages at constant prices,I,HRV,Croatia,SM_WG,Statutory minimum wages,USD_PPP,"US dollars, PPP converted",A,Annual,Q,Constant prices,_Z,Not applicable,_Z,Not applicable,2005,,10789.77243,,2024,,A,Normal value,0,Units,0,Zero
DATAFLOW,OECD.ELS.SAE:DSD_EARNINGS@RMW(1.0),Real minimum wages at constant prices,I,HRV,Croatia,SM_WG,Statutory minimum wages,USD_PPP,"US dollars, PPP converted",A,Annual,Q,Constant prices,_Z,Not applicable,_Z,Not applicable,2006,,10891.91976,,2024,,A,Normal value,0,Units,0,Zero
DATAFLOW,OECD.ELS.SAE:DSD_EARNINGS@RMW(1.0),Real minimum wages at constant prices,I,HRV,Croatia,SM_WG,Statutory minimum wages,USD_PPP,"US dollars, PPP converted",A,Annual,Q,Constant prices,_Z,Not applicable,_Z,Not applicable,2007,,11237.53705,,2024,,A,Normal value,0,Units,0,Zero
DATAFLOW,OECD.ELS.SAE:DSD_EARNINGS@RMW(1.0),Real minimum wages at constant prices,I,HRV,Croatia,SM_WG,Statutory minimum wages,USD_PPP,"US dollars, PPP converted",A,Annual,Q,Constant prices,_Z,Not applicable,_Z,Not applicable,2008,,12696.75237,,2024,,A,Normal value,0,Units,0,Zero
DATAFLOW,OECD.ELS.SAE:DSD_EARNINGS@RMW(1.0),Real minimum wages at constant prices,I,HRV,Croatia,SM_WG,Statutory minimum wages,USD_PPP,"US dollars, PPP converted",A,Annual,Q,Constant prices,_Z,Not applicable,_Z,Not applicable,2009,,12570.86581,,2024,,A,Normal value,0,Units,0,Zero
DATAFLOW,OECD.ELS.SAE:DSD_EARNINGS@RMW(1.0),Real minimum wages at constant prices,I,HRV,Croatia,SM_WG,Statutory minimum wages,USD_PPP,"US dollars, PPP converted",A,Annual,Q,Constant prices,_Z,Not applicable,_Z,Not applicable,2010,,12586.23235,,2024,,A,Normal value,0,Units,0,Zero
DATAFLOW,OECD.ELS.SAE:DSD_EARNINGS@RMW(1.0),Real minimum wages at constant prices,I,HRV,Croatia,SM_WG,Statutory minimum wages,USD_PPP,"US dollars, PPP converted",A,Annual,Q,Constant prices,_Z,Not applicable,_Z,Not applicable,2011,,12314.78808,,2024,,A,Normal value,0,Units,0,Zero
DATAFLOW,OECD.ELS.SAE:DSD_EARNINGS@RMW(1.0),Real minimum wages at constant prices,I,HRV,Croatia,SM_WG,Statutory minimum wages,USD_PPP,"US dollars, PPP converted",A,Annual,Q,Constant prices,_Z,Not applicable,_Z,Not applicable,2012,,11915.46444,,2024,,A,Normal value,0,Units,0,Zero
DATAFLOW,OECD.ELS.SAE:DSD_EARNINGS@RMW(1.0),Real minimum wages at constant prices,I,HRV,Croatia,SM_WG,Statutory minimum wages,USD_PPP,"US dollars, PPP converted",A,Annual,Q,Constant prices,_Z,Not applicable,_Z,Not applicable,2013,,11997.27259,,2024,,A,Normal value,0,Units,0,Zero
DATAFLOW,OECD.ELS.SAE:DSD_EARNINGS@RMW(1.0),Real minimum wages at constant prices,I,HRV,Croatia,SM_WG,Statutory minimum wages,USD_PPP,"US dollars, PPP converted",A,Annual,Q,Constant prices,_Z,Not applicable,_Z,Not applicable,2014,,12459.00858,,2024,,A,Normal value,0,Units,0,Zero
DATAFLOW,OECD.ELS.SAE:DSD_EARNINGS@RMW(1.0),Real minimum wages at constant prices,I,HRV,Croatia,SM_WG,Statutory minimum wages,USD_PPP,"US dollars, PPP converted",A,Annual,Q,Constant prices,_Z,Not applicable,_Z,Not applicable,2015,,12540.82765,,2024,,A,Normal value,0,Units,0,Zero
DATAFLOW,OECD.ELS.SAE:DSD_EARNINGS@RMW(1.0),Real minimum wages at constant prices,I,HRV,Croatia,SM_WG,Statutory minimum wages,USD_PPP,"US dollars, PPP converted",A,Annual,Q,Constant prices,_Z,Not applicable,_Z,Not applicable,2016,,12997.12749,,2024,,A,Normal value,0,Units,0,Zero
DATAFLOW,OECD.ELS.SAE:DSD_EARNINGS@RMW(1.0),Real minimum wages at constant prices,I,HRV,Croatia,SM_WG,Statutory minimum wages,USD_PPP,"US dollars, PPP converted",A,Annual,Q,Constant prices,_Z,Not applicable,_Z,Not applicable,2017,,13470.75382,,2024,,A,Normal value,0,Units,0,Zero
DATAFLOW,OECD.ELS.SAE:DSD_EARNINGS@RMW(1.0),Real minimum wages at constant prices,I,HRV,Croatia,SM_WG,Statutory minimum wages,USD_PPP,"US dollars, PPP converted",A,Annual,Q,Constant prices,_Z,Not applicable,_Z,Not applicable,2018,,13928.45374,,2024,,A,Normal value,0,Units,0,Zero
DATAFLOW,OECD.ELS.SAE:DSD_EARNINGS@RMW(1.0),Real minimum wages at constant prices,I,HRV,Croatia,SM_WG,Statutory minimum wages,USD_PPP,"US dollars, PPP converted",A,Annual,Q,Constant prices,_Z,Not applicable,_Z,Not applicable,2019,,15065.15112,,2024,,A,Normal value,0,Units,0,Zero
DATAFLOW,OECD.ELS.SAE:DSD_EARNINGS@RMW(1.0),Real minimum wages at constant prices,I,HRV,Croatia,SM_WG,Statutory minimum wages,USD_PPP,"US dollars, PPP converted",A,Annual,Q,Constant prices,_Z,Not applicable,_Z,Not applicable,2020,,16317.41318,,2024,,A,Normal value,0,Units,0,Zero
DATAFLOW,OECD.ELS.SAE:DSD_EARNINGS@RMW(1.0),Real minimum wages at constant prices,I,HRV,Croatia,SM_WG,Statutory minimum wages,USD_PPP,"US dollars, PPP converted",A,Annual,Q,Constant prices,_Z,Not applicable,_Z,Not applicable,2021,,16625.2907,,2024,,A,Normal value,0,Units,0,Zero
DATAFLOW,OECD.ELS.SAE:DSD_EARNINGS@RMW(1.0),Real minimum wages at constant prices,I,HRV,Croatia,SM_WG,Statutory minimum wages,USD_PPP,"US dollars, PPP converted",A,Annual,Q,Constant prices,_Z,Not applicable,_Z,Not applicable,2022,,16568.96477,,2024,,A,Normal value,0,Units,0,Zero
DATAFLOW,OECD.ELS.SAE:DSD_EARNINGS@RMW(1.0),Real minimum wages at constant prices,I,HRV,Croatia,SM_WG,Statutory minimum wages,USD_PPP,"US dollars, PPP converted",A,Annual,Q,Constant prices,_Z,Not applicable,_Z,Not applicable,2023,,17196.85698,,2024,,A,Normal value,0,Units,0,Zero
DATAFLOW,OECD.ELS.SAE:DSD_EARNINGS@RMW(1.0),Real minimum wages at constant prices,I,HRV,Croatia,SM_WG,Statutory minimum wages,USD_PPP,"US dollars, PPP converted",A,Annual,Q,Constant prices,_Z,Not applicable,_Z,Not applicable,2024,,19839.16109,,2024,,A,Normal value,0,Units,0,Zero
DATAFLOW,OECD.ELS.SAE:DSD_EARNINGS@RMW(1.0),Real minimum wages at constant prices,I,MLT,Malta,SM_WG,Statutory minimum wages,USD_PPP,"US dollars, PPP converted",A,Annual,Q,Constant prices,_Z,Not applicable,_Z,Not applicable,1996,,16235.82163,,2024,,A,Normal value,0,Units,0,Zero
DATAFLOW,OECD.ELS.SAE:DSD_EARNINGS@RMW(1.0),Real minimum wages at constant prices,I,MLT,Malta,SM_WG,Statutory minimum wages,USD_PPP,"US dollars, PPP converted",A,Annual,Q,Constant prices,_Z,Not applicable,_Z,Not applicable,1997,,16244.52236,,2024,,A,Normal value,0,Units,0,Zero
DATAFLOW,OECD.ELS.SAE:DSD_EARNINGS@RMW(1.0),Real minimum wages at constant prices,I,MLT,Malta,SM_WG,Statutory minimum wages,USD_PPP,"US dollars, PPP converted",A,Annual,Q,Constant prices,_Z,Not applicable,_Z,Not applicable,1998,,16222.53732,,2024,,A,Normal value,0,Units,0,Zero
DATAFLOW,OECD.ELS.SAE:DSD_EARNINGS@RMW(1.0),Real minimum wages at constant prices,I,MLT,Malta,SM_WG,Statutory minimum wages,USD_PPP,"US dollars, PPP converted",A,Annual,Q,Constant prices,_Z,Not applicable,_Z,Not applicable,1999,,16515.39714,,2024,,A,Normal value,0,Units,0,Zero
DATAFLOW,OECD.ELS.SAE:DSD_EARNINGS@RMW(1.0),Real minimum wages at constant prices,I,MLT,Malta,SM_WG,Statutory minimum wages,USD_PPP,"US dollars, PPP converted",A,Annual,Q,Constant prices,_Z,Not applicable,_Z,Not applicable,2000,,16318.70852,,2024,,A,Normal value,0,Units,0,Zero
DATAFLOW,OECD.ELS.SAE:DSD_EARNINGS@RMW(1.0),Real minimum wages at constant prices,I,MLT,Malta,SM_WG,Statutory minimum wages,USD_PPP,"US dollars, PPP converted",A,Annual,Q,Constant prices,_Z,Not applicable,_Z,Not applicable,2001,,16411.16471,,2024,,A,Normal value,0,Units,0,Zero
DATAFLOW,OECD.ELS.SAE:DSD_EARNINGS@RMW(1.0),Real minimum wages at constant prices,I,MLT,Malta,SM_WG,Statutory minimum wages,USD_PPP,"US dollars, PPP converted",A,Annual,Q,Constant prices,_Z,Not applicable,_Z,Not applicable,2002,,16473.17444,,2024,,A,Normal value,0,Units,0,Zero
DATAFLOW,OECD.ELS.SAE:DSD_EARNINGS@RMW(1.0),Real minimum wages at constant prices,I,MLT,Malta,SM_WG,Statutory minimum wages,USD_PPP,"US dollars, PPP converted",A,Annual,Q,Constant prices,_Z,Not applicable,_Z,Not applicable,2003,,16714.0953,,2024,,A,Normal value,0,Units,0,Zero
DATAFLOW,OECD.ELS.SAE:DSD_EARNINGS@RMW(1.0),Real minimum wages at constant prices,I,MLT,Malta,SM_WG,Statutory minimum wages,USD_PPP,"US dollars, PPP converted",A,Annual,Q,Constant prices,_Z,Not applicable,_Z,Not applicable,2004,,16499.4466,,2024,,A,Normal value,0,Units,0,Zero
DATAFLOW,OECD.ELS.SAE:DSD_EARNINGS@RMW(1.0),Real minimum wages at constant prices,I,MLT,Malta,SM_WG,Statutory minimum wages,USD_PPP,"US dollars, PPP converted",A,Annual,Q,Constant prices,_Z,Not applicable,_Z,Not applicable,2005,,16615.34844,,2024,,A,Normal value,0,Units,0,Zero
DATAFLOW,OECD.ELS.SAE:DSD_EARNINGS@RMW(1.0),Real minimum wages at constant prices,I,MLT,Malta,SM_WG,Statutory minimum wages,USD_PPP,"US dollars, PPP converted",A,Annual,Q,Constant prices,_Z,Not applicable,_Z,Not applicable,2006,,16853.98124,,2024,,A,Normal value,0,Units,0,Zero
DATAFLOW,OECD.ELS.SAE:DSD_EARNINGS@RMW(1.0),Real minimum wages at constant prices,I,MLT,Malta,SM_WG,Statutory minimum wages,USD_PPP,"US dollars, PPP converted",A,Annual,Q,Constant prices,_Z,Not applicable,_Z,Not applicable,2007,,17242.6137,,2024,,A,Normal value,0,Units,0,Zero
DATAFLOW,OECD.ELS.SAE:DSD_EARNINGS@RMW(1.0),Real minimum wages at constant prices,I,MLT,Malta,SM_WG,Statutory minimum wages,USD_PPP,"US dollars, PPP converted",A,Annual,Q,Constant prices,_Z,Not applicable,_Z,Not applicable,2008,,16885.41089,,2024,,A,Normal value,0,Units,0,Zero
DATAFLOW,OECD.ELS.SAE:DSD_EARNINGS@RMW(1.0),Real minimum wages at constant prices,I,MLT,Malta,SM_WG,Statutory minimum wages,USD_PPP,"US dollars, PPP converted",A,Annual,Q,Constant prices,_Z,Not applicable,_Z,Not applicable,2009,,17056.42023,,2024,,A,Normal value,0,Units,0,Zero
DATAFLOW,OECD.ELS.SAE:DSD_EARNINGS@RMW(1.0),Real minimum wages at constant prices,I,MLT,Malta,SM_WG,Statutory minimum wages,USD_PPP,"US dollars, PPP converted",A,Annual,Q,Constant prices,_Z,Not applicable,_Z,Not applicable,2010,,17378.66416,,2024,,A,Normal value,0,Units,0,Zero
DATAFLOW,OECD.ELS.SAE:DSD_EARNINGS@RMW(1.0),Real minimum wages at constant prices,I,MLT,Malta,SM_WG,Statutory minimum wages,USD_PPP,"US dollars, PPP converted",A,Annual,Q,Constant prices,_Z,Not applicable,_Z,Not applicable,2011,,17081.1711,,2024,,A,Normal value,0,Units,0,Zero
DATAFLOW,OECD.ELS.SAE:DSD_EARNINGS@RMW(1.0),Real minimum wages at constant prices,I,MLT,Malta,SM_WG,Statutory minimum wages,USD_PPP,"US dollars, PPP converted",A,Annual,Q,Constant prices,_Z,Not applicable,_Z,Not applicable,2012,,17050.86138,,2024,,A,Normal value,0,Units,0,Zero
DATAFLOW,OECD.ELS.SAE:DSD_EARNINGS@RMW(1.0),Real minimum wages at constant prices,I,MLT,Malta,SM_WG,Statutory minimum wages,USD_PPP,"US dollars, PPP converted",A,Annual,Q,Constant prices,_Z,Not applicable,_Z,Not applicable,2013,,17321.43986,,2024,,A,Normal value,0,Units,0,Zero
DATAFLOW,OECD.ELS.SAE:DSD_EARNINGS@RMW(1.0),Real minimum wages at constant prices,I,MLT,Malta,SM_WG,Statutory minimum wages,USD_PPP,"US dollars, PPP converted",A,Annual,Q,Constant prices,_Z,Not applicable,_Z,Not applicable,2014,,17558.10828,,2024,,A,Normal value,0,Units,0,Zero
DATAFLOW,OECD.ELS.SAE:DSD_EARNINGS@RMW(1.0),Real minimum wages at constant prices,I,MLT,Malta,SM_WG,Statutory minimum wages,USD_PPP,"US dollars, PPP converted",A,Annual,Q,Constant prices,_Z,Not applicable,_Z,Not applicable,2015,,17415.18731,,2024,,A,Normal value,0,Units,0,Zero
DATAFLOW,OECD.ELS.SAE:DSD_EARNINGS@RMW(1.0),Real minimum wages at constant prices,I,MLT,Malta,SM_WG,Statutory minimum wages,USD_PPP,"US dollars, PPP converted",A,Annual,Q,Constant prices,_Z,Not applicable,_Z,Not applicable,2016,,17441.52036,,2024,,A,Normal value,0,Units,0,Zero
DATAFLOW,OECD.ELS.SAE:DSD_EARNINGS@RMW(1.0),Real minimum wages at constant prices,I,MLT,Malta,SM_WG,Statutory minimum wages,USD_PPP,"US dollars, PPP converted",A,Annual,Q,Constant prices,_Z,Not applicable,_Z,Not applicable,2017,,17402.42785,,2024,,A,Normal value,0,Units,0,Zero
DATAFLOW,OECD.ELS.SAE:DSD_EARNINGS@RMW(1.0),Real minimum wages at constant prices,I,MLT,Malta,SM_WG,Statutory minimum wages,USD_PPP,"US dollars, PPP converted",A,Annual,Q,Constant prices,_Z,Not applicable,_Z,Not applicable,2018,,17383.21714,,2024,,A,Normal value,0,Units,0,Zero
DATAFLOW,OECD.ELS.SAE:DSD_EARNINGS@RMW(1.0),Real minimum wages at constant prices,I,MLT,Malta,SM_WG,Statutory minimum wages,USD_PPP,"US dollars, PPP converted",A,Annual,Q,Constant prices,_Z,Not applicable,_Z,Not applicable,2019,,17451.8294,,2024,,A,Normal value,0,Units,0,Zero
DATAFLOW,OECD.ELS.SAE:DSD_EARNINGS@RMW(1.0),Real minimum wages at constant prices,I,MLT,Malta,SM_WG,Statutory minimum wages,USD_PPP,"US dollars, PPP converted",A,Annual,Q,Constant prices,_Z,Not applicable,_Z,Not applicable,2020,,17659.32759,,2024,,A,Normal value,0,Units,0,Zero
DATAFLOW,OECD.ELS.SAE:DSD_EARNINGS@RMW(1.0),Real minimum wages at constant prices,I,MLT,Malta,SM_WG,Statutory minimum wages,USD_PPP,"US dollars, PPP converted",A,Annual,Q,Constant prices,_Z,Not applicable,_Z,Not applicable,2021,,17706.80871,,2024,,A,Normal value,0,Units,0,Zero
DATAFLOW,OECD.ELS.SAE:DSD_EARNINGS@RMW(1.0),Real minimum wages at constant prices,I,MLT,Malta,SM_WG,Statutory minimum wages,USD_PPP,"US dollars, PPP converted",A,Annual,Q,Constant prices,_Z,Not applicable,_Z,Not applicable,2022,,16844.78866,,2024,,A,Normal value,0,Units,0,Zero
DATAFLOW,OECD.ELS.SAE:DSD_EARNINGS@RMW(1.0),Real minimum wages at constant prices,I,MLT,Malta,SM_WG,Statutory minimum wages,USD_PPP,"US dollars, PPP converted",A,Annual,Q,Constant prices,_Z,Not applicable,_Z,Not applicable,2023,,16821.79203,,2024,,A,Normal value,0,Units,0,Zero
DATAFLOW,OECD.ELS.SAE:DSD_EARNINGS@RMW(1.0),Real minimum wages at constant prices,I,MLT,Malta,SM_WG,Statutory minimum wages,USD_PPP,"US dollars, PPP converted",A,Annual,Q,Constant prices,_Z,Not applicable,_Z,Not applicable,2024,,18193.92513,,2024,,A,Normal value,0,Units,0,Zero
DATAFLOW,OECD.ELS.SAE:DSD_EARNINGS@RMW(1.0),Real minimum wages at constant prices,I,PER,Peru,SM_WG,Statutory minimum wages,USD_PPP,"US dollars, PPP converted",A,Annual,Q,Constant prices,_Z,Not applicable,_Z,Not applicable,1995,,2332.279527,,2024,,A,Normal value,0,Units,0,Zero
DATAFLOW,OECD.ELS.SAE:DSD_EARNINGS@RMW(1.0),Real minimum wages at constant prices,I,PER,Peru,SM_WG,Statutory minimum wages,USD_PPP,"US dollars, PPP converted",A,Annual,Q,Constant prices,_Z,Not applicable,_Z,Not applicable,1996,,3405.826342,,2024,,A,Normal value,0,Units,0,Zero
DATAFLOW,OECD.ELS.SAE:DSD_EARNINGS@RMW(1.0),Real minimum wages at constant prices,I,PER,Peru,SM_WG,Statutory minimum wages,USD_PPP,"US dollars, PPP converted",A,Annual,Q,Constant prices,_Z,Not applicable,_Z,Not applicable,1997,,5034.131336,,2024,,A,Normal value,0,Units,0,Zero
DATAFLOW,OECD.ELS.SAE:DSD_EARNINGS@RMW(1.0),Real minimum wages at constant prices,I,PER,Peru,SM_WG,Statutory minimum wages,USD_PPP,"US dollars, PPP converted",A,Annual,Q,Constant prices,_Z,Not applicable,_Z,Not applicable,1998,,4693.924085,,2024,,A,Normal value,0,Units,0,Zero
DATAFLOW,OECD.ELS.SAE:DSD_EARNINGS@RMW(1.0),Real minimum wages at constant prices,I,PER,Peru,SM_WG,Statutory minimum wages,USD_PPP,"US dollars, PPP converted",A,Annual,Q,Constant prices,_Z,Not applicable,_Z,Not applicable,1999,,4536.522191,,2024,,A,Normal value,0,Units,0,Zero
DATAFLOW,OECD.ELS.SAE:DSD_EARNINGS@RMW(1.0),Real minimum wages at constant prices,I,PER,Peru,SM_WG,Statutory minimum wages,USD_PPP,"US dollars, PPP converted",A,Annual,Q,Constant prices,_Z,Not applicable,_Z,Not applicable,2000,,5195.998044,,2024,,A,Normal value,0,Units,0,Zero
DATAFLOW,OECD.ELS.SAE:DSD_EARNINGS@RMW(1.0),Real minimum wages at constant prices,I,PER,Peru,SM_WG,Statutory minimum wages,USD_PPP,"US dollars, PPP converted",A,Annual,Q,Constant prices,_Z,Not applicable,_Z,Not applicable,2001,,5095.259726,,2024,,A,Normal value,0,Units,0,Zero
DATAFLOW,OECD.ELS.SAE:DSD_EARNINGS@RMW(1.0),Real minimum wages at constant prices,I,PER,Peru,SM_WG,Statutory minimum wages,USD_PPP,"US dollars, PPP converted",A,Annual,Q,Constant prices,_Z,Not applicable,_Z,Not applicable,2002,,5085.437965,,2024,,A,Normal value,0,Units,0,Zero
DATAFLOW,OECD.ELS.SAE:DSD_EARNINGS@RMW(1.0),Real minimum wages at constant prices,I,PER,Peru,SM_WG,Statutory minimum wages,USD_PPP,"US dollars, PPP converted",A,Annual,Q,Constant prices,_Z,Not applicable,_Z,Not applicable,2003,,5579.550222,,2024,,A,Normal value,0,Units,0,Zero
DATAFLOW,OECD.ELS.SAE:DSD_EARNINGS@RMW(1.0),Real minimum wages at constant prices,I,PER,Peru,SM_WG,Statutory minimum wages,USD_PPP,"US dollars, PPP converted",A,Annual,Q,Constant prices,_Z,Not applicable,_Z,Not applicable,2004,,5382.420513,,2024,,A,Normal value,0,Units,0,Zero
DATAFLOW,OECD.ELS.SAE:DSD_EARNINGS@RMW(1.0),Real minimum wages at constant prices,I,PER,Peru,SM_WG,Statutory minimum wages,USD_PPP,"US dollars, PPP converted",A,Annual,Q,Constant prices,_Z,Not applicable,_Z,Not applicable,2005,,5296.808101,,2024,,A,Normal value,0,Units,0,Zero
DATAFLOW,OECD.ELS.SAE:DSD_EARNINGS@RMW(1.0),Real minimum wages at constant prices,I,PER,Peru,SM_WG,Statutory minimum wages,USD_PPP,"US dollars, PPP converted",A,Annual,Q,Constant prices,_Z,Not applicable,_Z,Not applicable,2006,,5644.38496,,2024,,A,Normal value,0,Units,0,Zero
DATAFLOW,OECD.ELS.SAE:DSD_EARNINGS@RMW(1.0),Real minimum wages at constant prices,I,PER,Peru,SM_WG,Statutory minimum wages,USD_PPP,"US dollars, PPP converted",A,Annual,Q,Constant prices,_Z,Not applicable,_Z,Not applicable,2007,,5878.413101,,2024,,A,Normal value,0,Units,0,Zero
DATAFLOW,OECD.ELS.SAE:DSD_EARNINGS@RMW(1.0),Real minimum wages at constant prices,I,PER,Peru,SM_WG,Statutory minimum wages,USD_PPP,"US dollars, PPP converted",A,Annual,Q,Constant prices,_Z,Not applicable,_Z,Not applicable,2008,,5766.592141,,2024,,A,Normal value,0,Units,0,Zero
DATAFLOW,OECD.ELS.SAE:DSD_EARNINGS@RMW(1.0),Real minimum wages at constant prices,I,PER,Peru,SM_WG,Statutory minimum wages,USD_PPP,"US dollars, PPP converted",A,Annual,Q,Constant prices,_Z,Not applicable,_Z,Not applicable,2009,,5602.101471,,2024,,A,Normal value,0,Units,0,Zero
DATAFLOW,OECD.ELS.SAE:DSD_EARNINGS@RMW(1.0),Real minimum wages at constant prices,I,PER,Peru,SM_WG,Statutory minimum wages,USD_PPP,"US dollars, PPP converted",A,Annual,Q,Constant prices,_Z,Not applicable,_Z,Not applicable,2010,,5818.741615,,2024,,A,Normal value,0,Units,0,Zero
DATAFLOW,OECD.ELS.SAE:DSD_EARNINGS@RMW(1.0),Real minimum wages at constant prices,I,PER,Peru,SM_WG,Statutory minimum wages,USD_PPP,"US dollars, PPP converted",A,Annual,Q,Constant prices,_Z,Not applicable,_Z,Not applicable,2011,,6551.08494,,2024,,A,Normal value,0,Units,0,Zero
DATAFLOW,OECD.ELS.SAE:DSD_EARNINGS@RMW(1.0),Real minimum wages at constant prices,I,PER,Peru,SM_WG,Statutory minimum wages,USD_PPP,"US dollars, PPP converted",A,Annual,Q,Constant prices,_Z,Not applicable,_Z,Not applicable,2012,,6732.565037,,2024,,A,Normal value,0,Units,0,Zero
DATAFLOW,OECD.ELS.SAE:DSD_EARNINGS@RMW(1.0),Real minimum wages at constant prices,I,PER,Peru,SM_WG,Statutory minimum wages,USD_PPP,"US dollars, PPP converted",A,Annual,Q,Constant prices,_Z,Not applicable,_Z,Not applicable,2013,,6836.069905,,2024,,A,Normal value,0,Units,0,Zero
DATAFLOW,OECD.ELS.SAE:DSD_EARNINGS@RMW(1.0),Real minimum wages at constant prices,I,PER,Peru,SM_WG,Statutory minimum wages,USD_PPP,"US dollars, PPP converted",A,Annual,Q,Constant prices,_Z,Not applicable,_Z,Not applicable,2014,,6610.522462,,2024,,A,Normal value,0,Units,0,Zero
DATAFLOW,OECD.ELS.SAE:DSD_EARNINGS@RMW(1.0),Real minimum wages at constant prices,I,PER,Peru,SM_WG,Statutory minimum wages,USD_PPP,"US dollars, PPP converted",A,Annual,Q,Constant prices,_Z,Not applicable,_Z,Not applicable,2015,,6393.273162,,2024,,A,Normal value,0,Units,0,Zero
DATAFLOW,OECD.ELS.SAE:DSD_EARNINGS@RMW(1.0),Real minimum wages at constant prices,I,PER,Peru,SM_WG,Statutory minimum wages,USD_PPP,"US dollars, PPP converted",A,Annual,Q,Constant prices,_Z,Not applicable,_Z,Not applicable,2016,,6722.435215,,2024,,A,Normal value,0,Units,0,Zero
DATAFLOW,OECD.ELS.SAE:DSD_EARNINGS@RMW(1.0),Real minimum wages at constant prices,I,PER,Peru,SM_WG,Statutory minimum wages,USD_PPP,"US dollars, PPP converted",A,Annual,Q,Constant prices,_Z,Not applicable,_Z,Not applicable,2017,,6793.365782,,2024,,A,Normal value,0,Units,0,Zero
DATAFLOW,OECD.ELS.SAE:DSD_EARNINGS@RMW(1.0),Real minimum wages at constant prices,I,PER,Peru,SM_WG,Statutory minimum wages,USD_PPP,"US dollars, PPP converted",A,Annual,Q,Constant prices,_Z,Not applicable,_Z,Not applicable,2018,,7164.770054,,2024,,A,Normal value,0,Units,0,Zero
DATAFLOW,OECD.ELS.SAE:DSD_EARNINGS@RMW(1.0),Real minimum wages at constant prices,I,PER,Peru,SM_WG,Statutory minimum wages,USD_PPP,"US dollars, PPP converted",A,Annual,Q,Constant prices,_Z,Not applicable,_Z,Not applicable,2019,,7160.963891,,2024,,A,Normal value,0,Units,0,Zero
DATAFLOW,OECD.ELS.SAE:DSD_EARNINGS@RMW(1.0),Real minimum wages at constant prices,I,PER,Peru,SM_WG,Statutory minimum wages,USD_PPP,"US dollars, PPP converted",A,Annual,Q,Constant prices,_Z,Not applicable,_Z,Not applicable,2020,,7020.386819,,2024,,A,Normal value,0,Units,0,Zero
DATAFLOW,OECD.ELS.SAE:DSD_EARNINGS@RMW(1.0),Real minimum wages at constant prices,I,PER,Peru,SM_WG,Statutory minimum wages,USD_PPP,"US dollars, PPP converted",A,Annual,Q,Constant prices,_Z,Not applicable,_Z,Not applicable,2021,,6732.784883,,2024,,A,Normal value,0,Units,0,Zero
DATAFLOW,OECD.ELS.SAE:DSD_EARNINGS@RMW(1.0),Real minimum wages at constant prices,I,PER,Peru,SM_WG,Statutory minimum wages,USD_PPP,"US dollars, PPP converted",A,Annual,Q,Constant prices,_Z,Not applicable,_Z,Not applicable,2022,,6638.090944,,2024,,A,Normal value,0,Units,0,Zero
DATAFLOW,OECD.ELS.SAE:DSD_EARNINGS@RMW(1.0),Real minimum wages at constant prices,I,PER,Peru,SM_WG,Statutory minimum wages,USD_PPP,"US dollars, PPP converted",A,Annual,Q,Constant prices,_Z,Not applicable,_Z,Not applicable,2023,,6434.332313,,2024,,A,Normal value,0,Units,0,Zero
DATAFLOW,OECD.ELS.SAE:DSD_EARNINGS@RMW(1.0),Real minimum wages at constant prices,I,PER,Peru,SM_WG,Statutory minimum wages,USD_PPP,"US dollars, PPP converted",A,Annual,Q,Constant prices,_Z,Not applicable,_Z,Not applicable,2024,,6307.692308,,2024,,A,Normal value,0,Units,0,Zero
DATAFLOW,OECD.ELS.SAE:DSD_EARNINGS@RMW(1.0),Real minimum wages at constant prices,I,ROU,Romania,SM_WG,Statutory minimum wages,USD_PPP,"US dollars, PPP converted",A,Annual,Q,Constant prices,_Z,Not applicable,_Z,Not applicable,1996,,2208.10705,,2024,,A,Normal value,0,Units,0,Zero
DATAFLOW,OECD.ELS.SAE:DSD_EARNINGS@RMW(1.0),Real minimum wages at constant prices,I,ROU,Romania,SM_WG,Statutory minimum wages,USD_PPP,"US dollars, PPP converted",A,Annual,Q,Constant prices,_Z,Not applicable,_Z,Not applicable,1997,,1883.031729,,2024,,A,Normal value,0,Units,0,Zero
DATAFLOW,OECD.ELS.SAE:DSD_EARNINGS@RMW(1.0),Real minimum wages at constant prices,I,ROU,Romania,SM_WG,Statutory minimum wages,USD_PPP,"US dollars, PPP converted",A,Annual,Q,Constant prices,_Z,Not applicable,_Z,Not applicable,1998,,2100.883272,,2024,,A,Normal value,0,Units,0,Zero
DATAFLOW,OECD.ELS.SAE:DSD_EARNINGS@RMW(1.0),Real minimum wages at constant prices,I,ROU,Romania,SM_WG,Statutory minimum wages,USD_PPP,"US dollars, PPP converted",A,Annual,Q,Constant prices,_Z,Not applicable,_Z,Not applicable,1999,,1847.450589,,2024,,A,Normal value,0,Units,0,Zero
DATAFLOW,OECD.ELS.SAE:DSD_EARNINGS@RMW(1.0),Real minimum wages at constant prices,I,ROU,Romania,SM_WG,Statutory minimum wages,USD_PPP,"US dollars, PPP converted",A,Annual,Q,Constant prices,_Z,Not applicable,_Z,Not applicable,2000,,2143.510976,,2024,,A,Normal value,0,Units,0,Zero
DATAFLOW,OECD.ELS.SAE:DSD_EARNINGS@RMW(1.0),Real minimum wages at constant prices,I,ROU,Romania,SM_WG,Statutory minimum wages,USD_PPP,"US dollars, PPP converted",A,Annual,Q,Constant prices,_Z,Not applicable,_Z,Not applicable,2001,,3018.712677,,2024,,A,Normal value,0,Units,0,Zero
DATAFLOW,OECD.ELS.SAE:DSD_EARNINGS@RMW(1.0),Real minimum wages at constant prices,I,ROU,Romania,SM_WG,Statutory minimum wages,USD_PPP,"US dollars, PPP converted",A,Annual,Q,Constant prices,_Z,Not applicable,_Z,Not applicable,2002,,3126.083393,,2024,,A,Normal value,0,Units,0,Zero
DATAFLOW,OECD.ELS.SAE:DSD_EARNINGS@RMW(1.0),Real minimum wages at constant prices,I,ROU,Romania,SM_WG,Statutory minimum wages,USD_PPP,"US dollars, PPP converted",A,Annual,Q,Constant prices,_Z,Not applicable,_Z,Not applicable,2003,,4008.252142,,2024,,A,Normal value,0,Units,0,Zero
DATAFLOW,OECD.ELS.SAE:DSD_EARNINGS@RMW(1.0),Real minimum wages at constant prices,I,ROU,Romania,SM_WG,Statutory minimum wages,USD_PPP,"US dollars, PPP converted",A,Annual,Q,Constant prices,_Z,Not applicable,_Z,Not applicable,2004,,4011.727622,,2024,,A,Normal value,0,Units,0,Zero
DATAFLOW,OECD.ELS.SAE:DSD_EARNINGS@RMW(1.0),Real minimum wages at constant prices,I,ROU,Romania,SM_WG,Statutory minimum wages,USD_PPP,"US dollars, PPP converted",A,Annual,Q,Constant prices,_Z,Not applicable,_Z,Not applicable,2005,,4072.680626,,2024,,A,Normal value,0,Units,0,Zero
DATAFLOW,OECD.ELS.SAE:DSD_EARNINGS@RMW(1.0),Real minimum wages at constant prices,I,ROU,Romania,SM_WG,Statutory minimum wages,USD_PPP,"US dollars, PPP converted",A,Annual,Q,Constant prices,_Z,Not applicable,_Z,Not applicable,2006,,4066.623509,,2024,,A,Normal value,0,Units,0,Zero
DATAFLOW,OECD.ELS.SAE:DSD_EARNINGS@RMW(1.0),Real minimum wages at constant prices,I,ROU,Romania,SM_WG,Statutory minimum wages,USD_PPP,"US dollars, PPP converted",A,Annual,Q,Constant prices,_Z,Not applicable,_Z,Not applicable,2007,,4581.534917,,2024,,A,Normal value,0,Units,0,Zero
DATAFLOW,OECD.ELS.SAE:DSD_EARNINGS@RMW(1.0),Real minimum wages at constant prices,I,ROU,Romania,SM_WG,Statutory minimum wages,USD_PPP,"US dollars, PPP converted",A,Annual,Q,Constant prices,_Z,Not applicable,_Z,Not applicable,2008,,5551.436892,,2024,,A,Normal value,0,Units,0,Zero
DATAFLOW,OECD.ELS.SAE:DSD_EARNINGS@RMW(1.0),Real minimum wages at constant prices,I,ROU,Romania,SM_WG,Statutory minimum wages,USD_PPP,"US dollars, PPP converted",A,Annual,Q,Constant prices,_Z,Not applicable,_Z,Not applicable,2009,,6185.98836,,2024,,A,Normal value,0,Units,0,Zero
DATAFLOW,OECD.ELS.SAE:DSD_EARNINGS@RMW(1.0),Real minimum wages at constant prices,I,ROU,Romania,SM_WG,Statutory minimum wages,USD_PPP,"US dollars, PPP converted",A,Annual,Q,Constant prices,_Z,Not applicable,_Z,Not applicable,2010,,5831.314686,,2024,,A,Normal value,0,Units,0,Zero
DATAFLOW,OECD.ELS.SAE:DSD_EARNINGS@RMW(1.0),Real minimum wages at constant prices,I,ROU,Romania,SM_WG,Statutory minimum wages,USD_PPP,"US dollars, PPP converted",A,Annual,Q,Constant prices,_Z,Not applicable,_Z,Not applicable,2011,,6153.228297,,2024,,A,Normal value,0,Units,0,Zero
DATAFLOW,OECD.ELS.SAE:DSD_EARNINGS@RMW(1.0),Real minimum wages at constant prices,I,ROU,Romania,SM_WG,Statutory minimum wages,USD_PPP,"US dollars, PPP converted",A,Annual,Q,Constant prices,_Z,Not applicable,_Z,Not applicable,2012,,6218.428599,,2024,,A,Normal value,0,Units,0,Zero
DATAFLOW,OECD.ELS.SAE:DSD_EARNINGS@RMW(1.0),Real minimum wages at constant prices,I,ROU,Romania,SM_WG,Statutory minimum wages,USD_PPP,"US dollars, PPP converted",A,Annual,Q,Constant prices,_Z,Not applicable,_Z,Not applicable,2013,,6671.975279,,2024,,A,Normal value,0,Units,0,Zero
DATAFLOW,OECD.ELS.SAE:DSD_EARNINGS@RMW(1.0),Real minimum wages at constant prices,I,ROU,Romania,SM_WG,Statutory minimum wages,USD_PPP,"US dollars, PPP converted",A,Annual,Q,Constant prices,_Z,Not applicable,_Z,Not applicable,2014,,7465.477728,,2024,,A,Normal value,0,Units,0,Zero
DATAFLOW,OECD.ELS.SAE:DSD_EARNINGS@RMW(1.0),Real minimum wages at constant prices,I,ROU,Romania,SM_WG,Statutory minimum wages,USD_PPP,"US dollars, PPP converted",A,Annual,Q,Constant prices,_Z,Not applicable,_Z,Not applicable,2015,,8686.223093,,2024,,A,Normal value,0,Units,0,Zero
DATAFLOW,OECD.ELS.SAE:DSD_EARNINGS@RMW(1.0),Real minimum wages at constant prices,I,ROU,Romania,SM_WG,Statutory minimum wages,USD_PPP,"US dollars, PPP converted",A,Annual,Q,Constant prices,_Z,Not applicable,_Z,Not applicable,2016,,10055.00147,,2024,,A,Normal value,0,Units,0,Zero
DATAFLOW,OECD.ELS.SAE:DSD_EARNINGS@RMW(1.0),Real minimum wages at constant prices,I,ROU,Romania,SM_WG,Statutory minimum wages,USD_PPP,"US dollars, PPP converted",A,Annual,Q,Constant prices,_Z,Not applicable,_Z,Not applicable,2017,,12221.10734,,2024,,A,Normal value,0,Units,0,Zero
DATAFLOW,OECD.ELS.SAE:DSD_EARNINGS@RMW(1.0),Real minimum wages at constant prices,I,ROU,Romania,SM_WG,Statutory minimum wages,USD_PPP,"US dollars, PPP converted",A,Annual,Q,Constant prices,_Z,Not applicable,_Z,Not applicable,2018,,15565.01971,,2024,,A,Normal value,0,Units,0,Zero
DATAFLOW,OECD.ELS.SAE:DSD_EARNINGS@RMW(1.0),Real minimum wages at constant prices,I,ROU,Romania,SM_WG,Statutory minimum wages,USD_PPP,"US dollars, PPP converted",A,Annual,Q,Constant prices,_Z,Not applicable,_Z,Not applicable,2019,,16398.35065,,2024,,A,Normal value,0,Units,0,Zero
DATAFLOW,OECD.ELS.SAE:DSD_EARNINGS@RMW(1.0),Real minimum wages at constant prices,I,ROU,Romania,SM_WG,Statutory minimum wages,USD_PPP,"US dollars, PPP converted",A,Annual,Q,Constant prices,_Z,Not applicable,_Z,Not applicable,2020,,17180.59937,,2024,,A,Normal value,0,Units,0,Zero
DATAFLOW,OECD.ELS.SAE:DSD_EARNINGS@RMW(1.0),Real minimum wages at constant prices,I,ROU,Romania,SM_WG,Statutory minimum wages,USD_PPP,"US dollars, PPP converted",A,Annual,Q,Constant prices,_Z,Not applicable,_Z,Not applicable,2021,,17021.62495,,2024,,A,Normal value,0,Units,0,Zero
DATAFLOW,OECD.ELS.SAE:DSD_EARNINGS@RMW(1.0),Real minimum wages at constant prices,I,ROU,Romania,SM_WG,Statutory minimum wages,USD_PPP,"US dollars, PPP converted",A,Annual,Q,Constant prices,_Z,Not applicable,_Z,Not applicable,2022,,16846.58499,,2024,,A,Normal value,0,Units,0,Zero
DATAFLOW,OECD.ELS.SAE:DSD_EARNINGS@RMW(1.0),Real minimum wages at constant prices,I,ROU,Romania,SM_WG,Statutory minimum wages,USD_PPP,"US dollars, PPP converted",A,Annual,Q,Constant prices,_Z,Not applicable,_Z,Not applicable,2023,,18059.20776,,2024,,A,Normal value,0,Units,0,Zero
DATAFLOW,OECD.ELS.SAE:DSD_EARNINGS@RMW(1.0),Real minimum wages at constant prices,I,ROU,Romania,SM_WG,Statutory minimum wages,USD_PPP,"US dollars, PPP converted",A,Annual,Q,Constant prices,_Z,Not applicable,_Z,Not applicable,2024,,19906.76996,,2024,,A,Normal value,0,Units,0,Zero
DATAFLOW,OECD.ELS.SAE:DSD_EARNINGS@RMW(1.0),Real minimum wages at constant prices,I,USA,United States,SM_WG,Statutory minimum wages,USD_PPP,"US dollars, PPP converted",A,Annual,Q,Constant prices,_Z,Not applicable,_Z,Not applicable,1960,,22061.63451,,2024,,A,Normal value,0,Units,0,Zero
DATAFLOW,OECD.ELS.SAE:DSD_EARNINGS@RMW(1.0),Real minimum wages at constant prices,I,USA,United States,SM_WG,Statutory minimum wages,USD_PPP,"US dollars, PPP converted",A,Annual,Q,Constant prices,_Z,Not applicable,_Z,Not applicable,1961,,22919.32281,,2024,,A,Normal value,0,Units,0,Zero
DATAFLOW,OECD.ELS.SAE:DSD_EARNINGS@RMW(1.0),Real minimum wages at constant prices,I,USA,United States,SM_WG,Statutory minimum wages,USD_PPP,"US dollars, PPP converted",A,Annual,Q,Constant prices,_Z,Not applicable,_Z,Not applicable,1962,,24804.75212,,2024,,A,Normal value,0,Units,0,Zero
DATAFLOW,OECD.ELS.SAE:DSD_EARNINGS@RMW(1.0),Real minimum wages at constant prices,I,USA,United States,SM_WG,Statutory minimum wages,USD_PPP,"US dollars, PPP converted",A,Annual,Q,Constant prices,_Z,Not applicable,_Z,Not applicable,1963,,25207.79341,,2024,,A,Normal value,0,Units,0,Zero
DATAFLOW,OECD.ELS.SAE:DSD_EARNINGS@RMW(1.0),Real minimum wages at constant prices,I,USA,United States,SM_WG,Statutory minimum wages,USD_PPP,"US dollars, PPP converted",A,Annual,Q,Constant prices,_Z,Not applicable,_Z,Not applicable,1964,,26295.26083,,2024,,A,Normal value,0,Units,0,Zero
DATAFLOW,OECD.ELS.SAE:DSD_EARNINGS@RMW(1.0),Real minimum wages at constant prices,I,USA,United States,SM_WG,Statutory minimum wages,USD_PPP,"US dollars, PPP converted",A,Annual,Q,Constant prices,_Z,Not applicable,_Z,Not applicable,1965,,25884.93948,,2024,,A,Normal value,0,Units,0,Zero
DATAFLOW,OECD.ELS.SAE:DSD_EARNINGS@RMW(1.0),Real minimum wages at constant prices,I,USA,United States,SM_WG,Statutory minimum wages,USD_PPP,"US dollars, PPP converted",A,Annual,Q,Constant prices,_Z,Not applicable,_Z,Not applicable,1966,,25127.32246,,2024,,A,Normal value,0,Units,0,Zero
DATAFLOW,OECD.ELS.SAE:DSD_EARNINGS@RMW(1.0),Real minimum wages at constant prices,I,USA,United States,SM_WG,Statutory minimum wages,USD_PPP,"US dollars, PPP converted",A,Annual,Q,Constant prices,_Z,Not applicable,_Z,Not applicable,1967,,27138.82584,,2024,,A,Normal value,0,Units,0,Zero
DATAFLOW,OECD.ELS.SAE:DSD_EARNINGS@RMW(1.0),Real minimum wages at constant prices,I,USA,United States,SM_WG,Statutory minimum wages,USD_PPP,"US dollars, PPP converted",A,Annual,Q,Constant prices,_Z,Not applicable,_Z,Not applicable,1968,,29697.48608,,2024,,A,Normal value,0,Units,0,Zero
DATAFLOW,OECD.ELS.SAE:DSD_EARNINGS@RMW(1.0),Real minimum wages at constant prices,I,USA,United States,SM_WG,Statutory minimum wages,USD_PPP,"US dollars, PPP converted",A,Annual,Q,Constant prices,_Z,Not applicable,_Z,Not applicable,1969,,28458.61035,,2024,,A,Normal value,0,Units,0,Zero
DATAFLOW,OECD.ELS.SAE:DSD_EARNINGS@RMW(1.0),Real minimum wages at constant prices,I,USA,United States,SM_WG,Statutory minimum wages,USD_PPP,"US dollars, PPP converted",A,Annual,Q,Constant prices,_Z,Not applicable,_Z,Not applicable,1970,,26888.77834,,2024,,A,Normal value,0,Units,0,Zero
DATAFLOW,OECD.ELS.SAE:DSD_EARNINGS@RMW(1.0),Real minimum wages at constant prices,I,USA,United States,SM_WG,Statutory minimum wages,USD_PPP,"US dollars, PPP converted",A,Annual,Q,Constant prices,_Z,Not applicable,_Z,Not applicable,1971,,25782.00803,,2024,,A,Normal value,0,Units,0,Zero
DATAFLOW,OECD.ELS.SAE:DSD_EARNINGS@RMW(1.0),Real minimum wages at constant prices,I,USA,United States,SM_WG,Statutory minimum wages,USD_PPP,"US dollars, PPP converted",A,Annual,Q,Constant prices,_Z,Not applicable,_Z,Not applicable,1972,,24965.08361,,2024,,A,Normal value,0,Units,0,Zero
DATAFLOW,OECD.ELS.SAE:DSD_EARNINGS@RMW(1.0),Real minimum wages at constant prices,I,USA,United States,SM_WG,Statutory minimum wages,USD_PPP,"US dollars, PPP converted",A,Annual,Q,Constant prices,_Z,Not applicable,_Z,Not applicable,1973,,23512.54314,,2024,,A,Normal value,0,Units,0,Zero
DATAFLOW,OECD.ELS.SAE:DSD_EARNINGS@RMW(1.0),Real minimum wages at constant prices,I,USA,United States,SM_WG,Statutory minimum wages,USD_PPP,"US dollars, PPP converted",A,Annual,Q,Constant prices,_Z,Not applicable,_Z,Not applicable,1974,,24702.80551,,2024,,A,Normal value,0,Units,0,Zero
DATAFLOW,OECD.ELS.SAE:DSD_EARNINGS@RMW(1.0),Real minimum wages at constant prices,I,USA,United States,SM_WG,Statutory minimum wages,USD_PPP,"US dollars, PPP converted",A,Annual,Q,Constant prices,_Z,Not applicable,_Z,Not applicable,1975,,25460.38271,,2024,,A,Normal value,0,Units,0,Zero
DATAFLOW,OECD.ELS.SAE:DSD_EARNINGS@RMW(1.0),Real minimum wages at constant prices,I,USA,United States,SM_WG,Statutory minimum wages,USD_PPP,"US dollars, PPP converted",A,Annual,Q,Constant prices,_Z,Not applicable,_Z,Not applicable,1976,,26370.26721,,2024,,A,Normal value,0,Units,0,Zero
DATAFLOW,OECD.ELS.SAE:DSD_EARNINGS@RMW(1.0),Real minimum wages at constant prices,I,USA,United States,SM_WG,Statutory minimum wages,USD_PPP,"US dollars, PPP converted",A,Annual,Q,Constant prices,_Z,Not applicable,_Z,Not applicable,1977,,24760.42207,,2024,,A,Normal value,0,Units,0,Zero
DATAFLOW,OECD.ELS.SAE:DSD_EARNINGS@RMW(1.0),Real minimum wages at constant prices,I,USA,United States,SM_WG,Statutory minimum wages,USD_PPP,"US dollars, PPP converted",A,Annual,Q,Constant prices,_Z,Not applicable,_Z,Not applicable,1978,,26505.67076,,2024,,A,Normal value,0,Units,0,Zero
DATAFLOW,OECD.ELS.SAE:DSD_EARNINGS@RMW(1.0),Real minimum wages at constant prices,I,USA,United States,SM_WG,Statutory minimum wages,USD_PPP,"US dollars, PPP converted",A,Annual,Q,Constant prices,_Z,Not applicable,_Z,Not applicable,1979,,26071.94403,,2024,,A,Normal value,0,Units,0,Zero
DATAFLOW,OECD.ELS.SAE:DSD_EARNINGS@RMW(1.0),Real minimum wages at constant prices,I,USA,United States,SM_WG,Statutory minimum wages,USD_PPP,"US dollars, PPP converted",A,Annual,Q,Constant prices,_Z,Not applicable,_Z,Not applicable,1980,,24544.43324,,2024,,A,Normal value,0,Units,0,Zero
DATAFLOW,OECD.ELS.SAE:DSD_EARNINGS@RMW(1.0),Real minimum wages at constant prices,I,USA,United States,SM_WG,Statutory minimum wages,USD_PPP,"US dollars, PPP converted",A,Annual,Q,Constant prices,_Z,Not applicable,_Z,Not applicable,1981,,24039.41954,,2024,,A,Normal value,0,Units,0,Zero
DATAFLOW,OECD.ELS.SAE:DSD_EARNINGS@RMW(1.0),Real minimum wages at constant prices,I,USA,United States,SM_WG,Statutory minimum wages,USD_PPP,"US dollars, PPP converted",A,Annual,Q,Constant prices,_Z,Not applicable,_Z,Not applicable,1982,,22650.61488,,2024,,A,Normal value,0,Units,0,Zero
DATAFLOW,OECD.ELS.SAE:DSD_EARNINGS@RMW(1.0),Real minimum wages at constant prices,I,USA,United States,SM_WG,Statutory minimum wages,USD_PPP,"US dollars, PPP converted",A,Annual,Q,Constant prices,_Z,Not applicable,_Z,Not applicable,1983,,21945.62748,,2024,,A,Normal value,0,Units,0,Zero
DATAFLOW,OECD.ELS.SAE:DSD_EARNINGS@RMW(1.0),Real minimum wages at constant prices,I,USA,United States,SM_WG,Statutory minimum wages,USD_PPP,"US dollars, PPP converted",A,Annual,Q,Constant prices,_Z,Not applicable,_Z,Not applicable,1984,,21040.75912,,2024,,A,Normal value,0,Units,0,Zero
DATAFLOW,OECD.ELS.SAE:DSD_EARNINGS@RMW(1.0),Real minimum wages at constant prices,I,USA,United States,SM_WG,Statutory minimum wages,USD_PPP,"US dollars, PPP converted",A,Annual,Q,Constant prices,_Z,Not applicable,_Z,Not applicable,1985,,20320.27797,,2024,,A,Normal value,0,Units,0,Zero
DATAFLOW,OECD.ELS.SAE:DSD_EARNINGS@RMW(1.0),Real minimum wages at constant prices,I,USA,United States,SM_WG,Statutory minimum wages,USD_PPP,"US dollars, PPP converted",A,Annual,Q,Constant prices,_Z,Not applicable,_Z,Not applicable,1986,,19941.76965,,2024,,A,Normal value,0,Units,0,Zero
DATAFLOW,OECD.ELS.SAE:DSD_EARNINGS@RMW(1.0),Real minimum wages at constant prices,I,USA,United States,SM_WG,Statutory minimum wages,USD_PPP,"US dollars, PPP converted",A,Annual,Q,Constant prices,_Z,Not applicable,_Z,Not applicable,1987,,19236.82596,,2024,,A,Normal value,0,Units,0,Zero
DATAFLOW,OECD.ELS.SAE:DSD_EARNINGS@RMW(1.0),Real minimum wages at constant prices,I,USA,United States,SM_WG,Statutory minimum wages,USD_PPP,"US dollars, PPP converted",A,Annual,Q,Constant prices,_Z,Not applicable,_Z,Not applicable,1988,,18483.13273,,2024,,A,Normal value,0,Units,0,Zero
DATAFLOW,OECD.ELS.SAE:DSD_EARNINGS@RMW(1.0),Real minimum wages at constant prices,I,USA,United States,SM_WG,Statutory minimum wages,USD_PPP,"US dollars, PPP converted",A,Annual,Q,Constant prices,_Z,Not applicable,_Z,Not applicable,1989,,17632.03277,,2024,,A,Normal value,0,Units,0,Zero
DATAFLOW,OECD.ELS.SAE:DSD_EARNINGS@RMW(1.0),Real minimum wages at constant prices,I,USA,United States,SM_WG,Statutory minimum wages,USD_PPP,"US dollars, PPP converted",A,Annual,Q,Constant prices,_Z,Not applicable,_Z,Not applicable,1990,,18414.39522,,2024,,A,Normal value,0,Units,0,Zero
DATAFLOW,OECD.ELS.SAE:DSD_EARNINGS@RMW(1.0),Real minimum wages at constant prices,I,USA,United States,SM_WG,Statutory minimum wages,USD_PPP,"US dollars, PPP converted",A,Annual,Q,Constant prices,_Z,Not applicable,_Z,Not applicable,1991,,19822.11348,,2024,,A,Normal value,0,Units,0,Zero
DATAFLOW,OECD.ELS.SAE:DSD_EARNINGS@RMW(1.0),Real minimum wages at constant prices,I,USA,United States,SM_WG,Statutory minimum wages,USD_PPP,"US dollars, PPP converted",A,Annual,Q,Constant prices,_Z,Not applicable,_Z,Not applicable,1992,,19762.51299,,2024,,A,Normal value,0,Units,0,Zero
DATAFLOW,OECD.ELS.SAE:DSD_EARNINGS@RMW(1.0),Real minimum wages at constant prices,I,USA,United States,SM_WG,Statutory minimum wages,USD_PPP,"US dollars, PPP converted",A,Annual,Q,Constant prices,_Z,Not applicable,_Z,Not applicable,1993,,19195.91649,,2024,,A,Normal value,0,Units,0,Zero
DATAFLOW,OECD.ELS.SAE:DSD_EARNINGS@RMW(1.0),Real minimum wages at constant prices,I,USA,United States,SM_WG,Statutory minimum wages,USD_PPP,"US dollars, PPP converted",A,Annual,Q,Constant prices,_Z,Not applicable,_Z,Not applicable,1994,,18708.1124,,2024,,A,Normal value,0,Units,0,Zero
DATAFLOW,OECD.ELS.SAE:DSD_EARNINGS@RMW(1.0),Real minimum wages at constant prices,I,USA,United States,SM_WG,Statutory minimum wages,USD_PPP,"US dollars, PPP converted",A,Annual,Q,Constant prices,_Z,Not applicable,_Z,Not applicable,1995,,18197.59501,,2024,,A,Normal value,0,Units,0,Zero
DATAFLOW,OECD.ELS.SAE:DSD_EARNINGS@RMW(1.0),Real minimum wages at constant prices,I,USA,United States,SM_WG,Statutory minimum wages,USD_PPP,"US dollars, PPP converted",A,Annual,Q,Constant prices,_Z,Not applicable,_Z,Not applicable,1996,,18199.35645,,2024,,A,Normal value,0,Units,0,Zero
DATAFLOW,OECD.ELS.SAE:DSD_EARNINGS@RMW(1.0),Real minimum wages at constant prices,I,USA,United States,SM_WG,Statutory minimum wages,USD_PPP,"US dollars, PPP converted",A,Annual,Q,Constant prices,_Z,Not applicable,_Z,Not applicable,1997,,19849.26908,,2024,,A,Normal value,0,Units,0,Zero
DATAFLOW,OECD.ELS.SAE:DSD_EARNINGS@RMW(1.0),Real minimum wages at constant prices,I,USA,United States,SM_WG,Statutory minimum wages,USD_PPP,"US dollars, PPP converted",A,Annual,Q,Constant prices,_Z,Not applicable,_Z,Not applicable,1998,,20613.8873,,2024,,A,Normal value,0,Units,0,Zero
DATAFLOW,OECD.ELS.SAE:DSD_EARNINGS@RMW(1.0),Real minimum wages at constant prices,I,USA,United States,SM_WG,Statutory minimum wages,USD_PPP,"US dollars, PPP converted",A,Annual,Q,Constant prices,_Z,Not applicable,_Z,Not applicable,1999,,20172.50874,,2024,,A,Normal value,0,Units,0,Zero
DATAFLOW,OECD.ELS.SAE:DSD_EARNINGS@RMW(1.0),Real minimum wages at constant prices,I,USA,United States,SM_WG,Statutory minimum wages,USD_PPP,"US dollars, PPP converted",A,Annual,Q,Constant prices,_Z,Not applicable,_Z,Not applicable,2000,,19513.56288,,2024,,A,Normal value,0,Units,0,Zero
DATAFLOW,OECD.ELS.SAE:DSD_EARNINGS@RMW(1.0),Real minimum wages at constant prices,I,USA,United States,SM_WG,Statutory minimum wages,USD_PPP,"US dollars, PPP converted",A,Annual,Q,Constant prices,_Z,Not applicable,_Z,Not applicable,2001,,18977.23598,,2024,,A,Normal value,0,Units,0,Zero
DATAFLOW,OECD.ELS.SAE:DSD_EARNINGS@RMW(1.0),Real minimum wages at constant prices,I,USA,United States,SM_WG,Statutory minimum wages,USD_PPP,"US dollars, PPP converted",A,Annual,Q,Constant prices,_Z,Not applicable,_Z,Not applicable,2002,,18680.94915,,2024,,A,Normal value,0,Units,0,Zero
DATAFLOW,OECD.ELS.SAE:DSD_EARNINGS@RMW(1.0),Real minimum wages at constant prices,I,USA,United States,SM_WG,Statutory minimum wages,USD_PPP,"US dollars, PPP converted",A,Annual,Q,Constant prices,_Z,Not applicable,_Z,Not applicable,2003,,18266.28752,,2024,,A,Normal value,0,Units,0,Zero
DATAFLOW,OECD.ELS.SAE:DSD_EARNINGS@RMW(1.0),Real minimum wages at constant prices,I,USA,United States,SM_WG,Statutory minimum wages,USD_PPP,"US dollars, PPP converted",A,Annual,Q,Constant prices,_Z,Not applicable,_Z,Not applicable,2004,,17790.00692,,2024,,A,Normal value,0,Units,0,Zero
DATAFLOW,OECD.ELS.SAE:DSD_EARNINGS@RMW(1.0),Real minimum wages at constant prices,I,USA,United States,SM_WG,Statutory minimum wages,USD_PPP,"US dollars, PPP converted",A,Annual,Q,Constant prices,_Z,Not applicable,_Z,Not applicable,2005,,17206.24143,,2024,,A,Normal value,0,Units,0,Zero
DATAFLOW,OECD.ELS.SAE:DSD_EARNINGS@RMW(1.0),Real minimum wages at constant prices,I,USA,United States,SM_WG,Statutory minimum wages,USD_PPP,"US dollars, PPP converted",A,Annual,Q,Constant prices,_Z,Not applicable,_Z,Not applicable,2006,,16668.52558,,2024,,A,Normal value,0,Units,0,Zero
DATAFLOW,OECD.ELS.SAE:DSD_EARNINGS@RMW(1.0),Real minimum wages at constant prices,I,USA,United States,SM_WG,Statutory minimum wages,USD_PPP,"US dollars, PPP converted",A,Annual,Q,Constant prices,_Z,Not applicable,_Z,Not applicable,2007,,17171.44591,,2024,,A,Normal value,0,Units,0,Zero
DATAFLOW,OECD.ELS.SAE:DSD_EARNINGS@RMW(1.0),Real minimum wages at constant prices,I,USA,United States,SM_WG,Statutory minimum wages,USD_PPP,"US dollars, PPP converted",A,Annual,Q,Constant prices,_Z,Not applicable,_Z,Not applicable,2008,,18657.93628,,2024,,A,Normal value,0,Units,0,Zero
DATAFLOW,OECD.ELS.SAE:DSD_EARNINGS@RMW(1.0),Real minimum wages at constant prices,I,USA,United States,SM_WG,Statutory minimum wages,USD_PPP,"US dollars, PPP converted",A,Annual,Q,Constant prices,_Z,Not applicable,_Z,Not applicable,2009,,20853.42513,,2024,,A,Normal value,0,Units,0,Zero
DATAFLOW,OECD.ELS.SAE:DSD_EARNINGS@RMW(1.0),Real minimum wages at constant prices,I,USA,United States,SM_WG,Statutory minimum wages,USD_PPP,"US dollars, PPP converted",A,Annual,Q,Constant prices,_Z,Not applicable,_Z,Not applicable,2010,,21693.69237,,2024,,A,Normal value,0,Units,0,Zero
DATAFLOW,OECD.ELS.SAE:DSD_EARNINGS@RMW(1.0),Real minimum wages at constant prices,I,USA,United States,SM_WG,Statutory minimum wages,USD_PPP,"US dollars, PPP converted",A,Annual,Q,Constant prices,_Z,Not applicable,_Z,Not applicable,2011,,21029.81275,,2024,,A,Normal value,0,Units,0,Zero
DATAFLOW,OECD.ELS.SAE:DSD_EARNINGS@RMW(1.0),Real minimum wages at constant prices,I,USA,United States,SM_WG,Statutory minimum wages,USD_PPP,"US dollars, PPP converted",A,Annual,Q,Constant prices,_Z,Not applicable,_Z,Not applicable,2012,,20603.45959,,2024,,A,Normal value,0,Units,0,Zero
DATAFLOW,OECD.ELS.SAE:DSD_EARNINGS@RMW(1.0),Real minimum wages at constant prices,I,USA,United States,SM_WG,Statutory minimum wages,USD_PPP,"US dollars, PPP converted",A,Annual,Q,Constant prices,_Z,Not applicable,_Z,Not applicable,2013,,20306.00966,,2024,,A,Normal value,0,Units,0,Zero
DATAFLOW,OECD.ELS.SAE:DSD_EARNINGS@RMW(1.0),Real minimum wages at constant prices,I,USA,United States,SM_WG,Statutory minimum wages,USD_PPP,"US dollars, PPP converted",A,Annual,Q,Constant prices,_Z,Not applicable,_Z,Not applicable,2014,,19981.85847,,2024,,A,Normal value,0,Units,0,Zero
DATAFLOW,OECD.ELS.SAE:DSD_EARNINGS@RMW(1.0),Real minimum wages at constant prices,I,USA,United States,SM_WG,Statutory minimum wages,USD_PPP,"US dollars, PPP converted",A,Annual,Q,Constant prices,_Z,Not applicable,_Z,Not applicable,2015,,19958.18396,,2024,,A,Normal value,0,Units,0,Zero
DATAFLOW,OECD.ELS.SAE:DSD_EARNINGS@RMW(1.0),Real minimum wages at constant prices,I,USA,United States,SM_WG,Statutory minimum wages,USD_PPP,"US dollars, PPP converted",A,Annual,Q,Constant prices,_Z,Not applicable,_Z,Not applicable,2016,,19709.52855,,2024,,A,Normal value,0,Units,0,Zero
DATAFLOW,OECD.ELS.SAE:DSD_EARNINGS@RMW(1.0),Real minimum wages at constant prices,I,USA,United States,SM_WG,Statutory minimum wages,USD_PPP,"US dollars, PPP converted",A,Annual,Q,Constant prices,_Z,Not applicable,_Z,Not applicable,2017,,19298.44724,,2024,,A,Normal value,0,Units,0,Zero
DATAFLOW,OECD.ELS.SAE:DSD_EARNINGS@RMW(1.0),Real minimum wages at constant prices,I,USA,United States,SM_WG,Statutory minimum wages,USD_PPP,"US dollars, PPP converted",A,Annual,Q,Constant prices,_Z,Not applicable,_Z,Not applicable,2018,,18838.32112,,2024,,A,Normal value,0,Units,0,Zero
DATAFLOW,OECD.ELS.SAE:DSD_EARNINGS@RMW(1.0),Real minimum wages at constant prices,I,USA,United States,SM_WG,Statutory minimum wages,USD_PPP,"US dollars, PPP converted",A,Annual,Q,Constant prices,_Z,Not applicable,_Z,Not applicable,2019,,18502.99724,,2024,,A,Normal value,0,Units,0,Zero
DATAFLOW,OECD.ELS.SAE:DSD_EARNINGS@RMW(1.0),Real minimum wages at constant prices,I,USA,United States,SM_WG,Statutory minimum wages,USD_PPP,"US dollars, PPP converted",A,Annual,Q,Constant prices,_Z,Not applicable,_Z,Not applicable,2020,,18277.52865,,2024,,A,Normal value,0,Units,0,Zero
DATAFLOW,OECD.ELS.SAE:DSD_EARNINGS@RMW(1.0),Real minimum wages at constant prices,I,USA,United States,SM_WG,Statutory minimum wages,USD_PPP,"US dollars, PPP converted",A,Annual,Q,Constant prices,_Z,Not applicable,_Z,Not applicable,2021,,17457.40998,,2024,,A,Normal value,0,Units,0,Zero
DATAFLOW,OECD.ELS.SAE:DSD_EARNINGS@RMW(1.0),Real minimum wages at constant prices,I,USA,United States,SM_WG,Statutory minimum wages,USD_PPP,"US dollars, PPP converted",A,Annual,Q,Constant prices,_Z,Not applicable,_Z,Not applicable,2022,,16163.84958,,2024,,A,Normal value,0,Units,0,Zero
DATAFLOW,OECD.ELS.SAE:DSD_EARNINGS@RMW(1.0),Real minimum wages at constant prices,I,USA,United States,SM_WG,Statutory minimum wages,USD_PPP,"US dollars, PPP converted",A,Annual,Q,Constant prices,_Z,Not applicable,_Z,Not applicable,2023,,15524.78627,,2024,,A,Normal value,0,Units,0,Zero
DATAFLOW,OECD.ELS.SAE:DSD_EARNINGS@RMW(1.0),Real minimum wages at constant prices,I,USA,United States,SM_WG,Statutory minimum wages,USD_PPP,"US dollars, PPP converted",A,Annual,Q,Constant prices,_Z,Not applicable,_Z,Not applicable,2024,,15080,,2024,,A,Normal value,0,Units,0,Zero
DATAFLOW,OECD.ELS.SAE:DSD_EARNINGS@RMW(1.0),Real minimum wages at constant prices,I,NZL,New Zealand,SM_WG,Statutory minimum wages,USD_PPP,"US dollars, PPP converted",A,Annual,Q,Constant prices,_Z,Not applicable,_Z,Not applicable,1960,,19501.45147,,2024,,A,Normal value,0,Units,0,Zero
DATAFLOW,OECD.ELS.SAE:DSD_EARNINGS@RMW(1.0),Real minimum wages at constant prices,I,NZL,New Zealand,SM_WG,Statutory minimum wages,USD_PPP,"US dollars, PPP converted",A,Annual,Q,Constant prices,_Z,Not applicable,_Z,Not applicable,1961,,19157.06525,,2024,,A,Normal value,0,Units,0,Zero
DATAFLOW,OECD.ELS.SAE:DSD_EARNINGS@RMW(1.0),Real minimum wages at constant prices,I,NZL,New Zealand,SM_WG,Statutory minimum wages,USD_PPP,"US dollars, PPP converted",A,Annual,Q,Constant prices,_Z,Not applicable,_Z,Not applicable,1962,,19204.80015,,2024,,A,Normal value,0,Units,0,Zero
DATAFLOW,OECD.ELS.SAE:DSD_EARNINGS@RMW(1.0),Real minimum wages at constant prices,I,NZL,New Zealand,SM_WG,Statutory minimum wages,USD_PPP,"US dollars, PPP converted",A,Annual,Q,Constant prices,_Z,Not applicable,_Z,Not applicable,1963,,18834.0494,,2024,,A,Normal value,0,Units,0,Zero
DATAFLOW,OECD.ELS.SAE:DSD_EARNINGS@RMW(1.0),Real minimum wages at constant prices,I,NZL,New Zealand,SM_WG,Statutory minimum wages,USD_PPP,"US dollars, PPP converted",A,Annual,Q,Constant prices,_Z,Not applicable,_Z,Not applicable,1964,,19401.27218,,2024,,A,Normal value,0,Units,0,Zero
DATAFLOW,OECD.ELS.SAE:DSD_EARNINGS@RMW(1.0),Real minimum wages at constant prices,I,NZL,New Zealand,SM_WG,Statutory minimum wages,USD_PPP,"US dollars, PPP converted",A,Annual,Q,Constant prices,_Z,Not applicable,_Z,Not applicable,1965,,18763.77687,,2024,,A,Normal value,0,Units,0,Zero
DATAFLOW,OECD.ELS.SAE:DSD_EARNINGS@RMW(1.0),Real minimum wages at constant prices,I,NZL,New Zealand,SM_WG,Statutory minimum wages,USD_PPP,"US dollars, PPP converted",A,Annual,Q,Constant prices,_Z,Not applicable,_Z,Not applicable,1966,,18260.61012,,2024,,A,Normal value,0,Units,0,Zero
DATAFLOW,OECD.ELS.SAE:DSD_EARNINGS@RMW(1.0),Real minimum wages at constant prices,I,NZL,New Zealand,SM_WG,Statutory minimum wages,USD_PPP,"US dollars, PPP converted",A,Annual,Q,Constant prices,_Z,Not applicable,_Z,Not applicable,1967,,17678.57923,,2024,,A,Normal value,0,Units,0,Zero
DATAFLOW,OECD.ELS.SAE:DSD_EARNINGS@RMW(1.0),Real minimum wages at constant prices,I,NZL,New Zealand,SM_WG,Statutory minimum wages,USD_PPP,"US dollars, PPP converted",A,Annual,Q,Constant prices,_Z,Not applicable,_Z,Not applicable,1968,,17899.92654,,2024,,A,Normal value,0,Units,0,Zero
DATAFLOW,OECD.ELS.SAE:DSD_EARNINGS@RMW(1.0),Real minimum wages at constant prices,I,NZL,New Zealand,SM_WG,Statutory minimum wages,USD_PPP,"US dollars, PPP converted",A,Annual,Q,Constant prices,_Z,Not applicable,_Z,Not applicable,1969,,18874.55705,,2024,,A,Normal value,0,Units,0,Zero
DATAFLOW,OECD.ELS.SAE:DSD_EARNINGS@RMW(1.0),Real minimum wages at constant prices,I,NZL,New Zealand,SM_WG,Statutory minimum wages,USD_PPP,"US dollars, PPP converted",A,Annual,Q,Constant prices,_Z,Not applicable,_Z,Not applicable,1970,,17719.72886,,2024,,A,Normal value,0,Units,0,Zero
DATAFLOW,OECD.ELS.SAE:DSD_EARNINGS@RMW(1.0),Real minimum wages at constant prices,I,NZL,New Zealand,SM_WG,Statutory minimum wages,USD_PPP,"US dollars, PPP converted",A,Annual,Q,Constant prices,_Z,Not applicable,_Z,Not applicable,1971,,16669.68326,,2024,,A,Normal value,0,Units,0,Zero
DATAFLOW,OECD.ELS.SAE:DSD_EARNINGS@RMW(1.0),Real minimum wages at constant prices,I,NZL,New Zealand,SM_WG,Statutory minimum wages,USD_PPP,"US dollars, PPP converted",A,Annual,Q,Constant prices,_Z,Not applicable,_Z,Not applicable,1972,,15588.93044,,2024,,A,Normal value,0,Units,0,Zero
DATAFLOW,OECD.ELS.SAE:DSD_EARNINGS@RMW(1.0),Real minimum wages at constant prices,I,NZL,New Zealand,SM_WG,Statutory minimum wages,USD_PPP,"US dollars, PPP converted",A,Annual,Q,Constant prices,_Z,Not applicable,_Z,Not applicable,1973,,24019.92319,,2024,,A,Normal value,0,Units,0,Zero
DATAFLOW,OECD.ELS.SAE:DSD_EARNINGS@RMW(1.0),Real minimum wages at constant prices,I,NZL,New Zealand,SM_WG,Statutory minimum wages,USD_PPP,"US dollars, PPP converted",A,Annual,Q,Constant prices,_Z,Not applicable,_Z,Not applicable,1974,,23251.64549,,2024,,A,Normal value,0,Units,0,Zero
DATAFLOW,OECD.ELS.SAE:DSD_EARNINGS@RMW(1.0),Real minimum wages at constant prices,I,NZL,New Zealand,SM_WG,Statutory minimum wages,USD_PPP,"US dollars, PPP converted",A,Annual,Q,Constant prices,_Z,Not applicable,_Z,Not applicable,1975,,22988.7913,,2024,,A,Normal value,0,Units,0,Zero
DATAFLOW,OECD.ELS.SAE:DSD_EARNINGS@RMW(1.0),Real minimum wages at constant prices,I,NZL,New Zealand,SM_WG,Statutory minimum wages,USD_PPP,"US dollars, PPP converted",A,Annual,Q,Constant prices,_Z,Not applicable,_Z,Not applicable,1976,,21771.05721,,2024,,A,Normal value,0,Units,0,Zero
DATAFLOW,OECD.ELS.SAE:DSD_EARNINGS@RMW(1.0),Real minimum wages at constant prices,I,NZL,New Zealand,SM_WG,Statutory minimum wages,USD_PPP,"US dollars, PPP converted",A,Annual,Q,Constant prices,_Z,Not applicable,_Z,Not applicable,1977,,20176.75902,,2024,,A,Normal value,0,Units,0,Zero
DATAFLOW,OECD.ELS.SAE:DSD_EARNINGS@RMW(1.0),Real minimum wages at constant prices,I,NZL,New Zealand,SM_WG,Statutory minimum wages,USD_PPP,"US dollars, PPP converted",A,Annual,Q,Constant prices,_Z,Not applicable,_Z,Not applicable,1978,,20635.28461,,2024,,A,Normal value,0,Units,0,Zero
DATAFLOW,OECD.ELS.SAE:DSD_EARNINGS@RMW(1.0),Real minimum wages at constant prices,I,NZL,New Zealand,SM_WG,Statutory minimum wages,USD_PPP,"US dollars, PPP converted",A,Annual,Q,Constant prices,_Z,Not applicable,_Z,Not applicable,1979,,18965.9621,,2024,,A,Normal value,0,Units,0,Zero
DATAFLOW,OECD.ELS.SAE:DSD_EARNINGS@RMW(1.0),Real minimum wages at constant prices,I,NZL,New Zealand,SM_WG,Statutory minimum wages,USD_PPP,"US dollars, PPP converted",A,Annual,Q,Constant prices,_Z,Not applicable,_Z,Not applicable,1980,,16838.47785,,2024,,A,Normal value,0,Units,0,Zero
DATAFLOW,OECD.ELS.SAE:DSD_EARNINGS@RMW(1.0),Real minimum wages at constant prices,I,NZL,New Zealand,SM_WG,Statutory minimum wages,USD_PPP,"US dollars, PPP converted",A,Annual,Q,Constant prices,_Z,Not applicable,_Z,Not applicable,1981,,15007.2291,,2024,,A,Normal value,0,Units,0,Zero
DATAFLOW,OECD.ELS.SAE:DSD_EARNINGS@RMW(1.0),Real minimum wages at constant prices,I,NZL,New Zealand,SM_WG,Statutory minimum wages,USD_PPP,"US dollars, PPP converted",A,Annual,Q,Constant prices,_Z,Not applicable,_Z,Not applicable,1982,,13193.33332,,2024,,A,Normal value,0,Units,0,Zero
DATAFLOW,OECD.ELS.SAE:DSD_EARNINGS@RMW(1.0),Real minimum wages at constant prices,I,NZL,New Zealand,SM_WG,Statutory minimum wages,USD_PPP,"US dollars, PPP converted",A,Annual,Q,Constant prices,_Z,Not applicable,_Z,Not applicable,1983,,12291.03738,,2024,,A,Normal value,0,Units,0,Zero
DATAFLOW,OECD.ELS.SAE:DSD_EARNINGS@RMW(1.0),Real minimum wages at constant prices,I,NZL,New Zealand,SM_WG,Statutory minimum wages,USD_PPP,"US dollars, PPP converted",A,Annual,Q,Constant prices,_Z,Not applicable,_Z,Not applicable,1984,,11576.61599,,2024,,A,Normal value,0,Units,0,Zero
DATAFLOW,OECD.ELS.SAE:DSD_EARNINGS@RMW(1.0),Real minimum wages at constant prices,I,NZL,New Zealand,SM_WG,Statutory minimum wages,USD_PPP,"US dollars, PPP converted",A,Annual,Q,Constant prices,_Z,Not applicable,_Z,Not applicable,1985,,14540.00195,,2024,,A,Normal value,0,Units,0,Zero
DATAFLOW,OECD.ELS.SAE:DSD_EARNINGS@RMW(1.0),Real minimum wages at constant prices,I,NZL,New Zealand,SM_WG,Statutory minimum wages,USD_PPP,"US dollars, PPP converted",A,Annual,Q,Constant prices,_Z,Not applicable,_Z,Not applicable,1986,,17893.16962,,2024,,A,Normal value,0,Units,0,Zero
DATAFLOW,OECD.ELS.SAE:DSD_EARNINGS@RMW(1.0),Real minimum wages at constant prices,I,NZL,New Zealand,SM_WG,Statutory minimum wages,USD_PPP,"US dollars, PPP converted",A,Annual,Q,Constant prices,_Z,Not applicable,_Z,Not applicable,1987,,18717.20283,,2024,,A,Normal value,0,Units,0,Zero
DATAFLOW,OECD.ELS.SAE:DSD_EARNINGS@RMW(1.0),Real minimum wages at constant prices,I,NZL,New Zealand,SM_WG,Statutory minimum wages,USD_PPP,"US dollars, PPP converted",A,Annual,Q,Constant prices,_Z,Not applicable,_Z,Not applicable,1988,,19101.32711,,2024,,A,Normal value,0,Units,0,Zero
DATAFLOW,OECD.ELS.SAE:DSD_EARNINGS@RMW(1.0),Real minimum wages at constant prices,I,NZL,New Zealand,SM_WG,Statutory minimum wages,USD_PPP,"US dollars, PPP converted",A,Annual,Q,Constant prices,_Z,Not applicable,_Z,Not applicable,1989,,18699.89579,,2024,,A,Normal value,0,Units,0,Zero
DATAFLOW,OECD.ELS.SAE:DSD_EARNINGS@RMW(1.0),Real minimum wages at constant prices,I,NZL,New Zealand,SM_WG,Statutory minimum wages,USD_PPP,"US dollars, PPP converted",A,Annual,Q,Constant prices,_Z,Not applicable,_Z,Not applicable,1990,,18133.64119,,2024,,A,Normal value,0,Units,0,Zero
DATAFLOW,OECD.ELS.SAE:DSD_EARNINGS@RMW(1.0),Real minimum wages at constant prices,I,NZL,New Zealand,SM_WG,Statutory minimum wages,USD_PPP,"US dollars, PPP converted",A,Annual,Q,Constant prices,_Z,Not applicable,_Z,Not applicable,1991,,18199.39783,,2024,,A,Normal value,0,Units,0,Zero
DATAFLOW,OECD.ELS.SAE:DSD_EARNINGS@RMW(1.0),Real minimum wages at constant prices,I,NZL,New Zealand,SM_WG,Statutory minimum wages,USD_PPP,"US dollars, PPP converted",A,Annual,Q,Constant prices,_Z,Not applicable,_Z,Not applicable,1992,,18016.60735,,2024,,A,Normal value,0,Units,0,Zero
DATAFLOW,OECD.ELS.SAE:DSD_EARNINGS@RMW(1.0),Real minimum wages at constant prices,I,NZL,New Zealand,SM_WG,Statutory minimum wages,USD_PPP,"US dollars, PPP converted",A,Annual,Q,Constant prices,_Z,Not applicable,_Z,Not applicable,1993,,17787.46695,,2024,,A,Normal value,0,Units,0,Zero
DATAFLOW,OECD.ELS.SAE:DSD_EARNINGS@RMW(1.0),Real minimum wages at constant prices,I,NZL,New Zealand,SM_WG,Statutory minimum wages,USD_PPP,"US dollars, PPP converted",A,Annual,Q,Constant prices,_Z,Not applicable,_Z,Not applicable,1994,,17482.3365,,2024,,A,Normal value,0,Units,0,Zero
DATAFLOW,OECD.ELS.SAE:DSD_EARNINGS@RMW(1.0),Real minimum wages at constant prices,I,NZL,New Zealand,SM_WG,Statutory minimum wages,USD_PPP,"US dollars, PPP converted",A,Annual,Q,Constant prices,_Z,Not applicable,_Z,Not applicable,1995,,17114.15794,,2024,,A,Normal value,0,Units,0,Zero
DATAFLOW,OECD.ELS.SAE:DSD_EARNINGS@RMW(1.0),Real minimum wages at constant prices,I,NZL,New Zealand,SM_WG,Statutory minimum wages,USD_PPP,"US dollars, PPP converted",A,Annual,Q,Constant prices,_Z,Not applicable,_Z,Not applicable,1996,,17075.6617,,2024,,A,Normal value,0,Units,0,Zero
DATAFLOW,OECD.ELS.SAE:DSD_EARNINGS@RMW(1.0),Real minimum wages at constant prices,I,NZL,New Zealand,SM_WG,Statutory minimum wages,USD_PPP,"US dollars, PPP converted",A,Annual,Q,Constant prices,_Z,Not applicable,_Z,Not applicable,1997,,18328.24667,,2024,,A,Normal value,0,Units,0,Zero
DATAFLOW,OECD.ELS.SAE:DSD_EARNINGS@RMW(1.0),Real minimum wages at constant prices,I,NZL,New Zealand,SM_WG,Statutory minimum wages,USD_PPP,"US dollars, PPP converted",A,Annual,Q,Constant prices,_Z,Not applicable,_Z,Not applicable,1998,,18373.07576,,2024,,A,Normal value,0,Units,0,Zero
DATAFLOW,OECD.ELS.SAE:DSD_EARNINGS@RMW(1.0),Real minimum wages at constant prices,I,NZL,New Zealand,SM_WG,Statutory minimum wages,USD_PPP,"US dollars, PPP converted",A,Annual,Q,Constant prices,_Z,Not applicable,_Z,Not applicable,1999,,18394.09347,,2024,,A,Normal value,0,Units,0,Zero
DATAFLOW,OECD.ELS.SAE:DSD_EARNINGS@RMW(1.0),Real minimum wages at constant prices,I,NZL,New Zealand,SM_WG,Statutory minimum wages,USD_PPP,"US dollars, PPP converted",A,Annual,Q,Constant prices,_Z,Not applicable,_Z,Not applicable,2000,,19083.80299,,2024,,A,Normal value,0,Units,0,Zero
DATAFLOW,OECD.ELS.SAE:DSD_EARNINGS@RMW(1.0),Real minimum wages at constant prices,I,NZL,New Zealand,SM_WG,Statutory minimum wages,USD_PPP,"US dollars, PPP converted",A,Annual,Q,Constant prices,_Z,Not applicable,_Z,Not applicable,2001,,19148.5493,,2024,,A,Normal value,0,Units,0,Zero
DATAFLOW,OECD.ELS.SAE:DSD_EARNINGS@RMW(1.0),Real minimum wages at constant prices,I,NZL,New Zealand,SM_WG,Statutory minimum wages,USD_PPP,"US dollars, PPP converted",A,Annual,Q,Constant prices,_Z,Not applicable,_Z,Not applicable,2002,,19289.5487,,2024,,A,Normal value,0,Units,0,Zero
DATAFLOW,OECD.ELS.SAE:DSD_EARNINGS@RMW(1.0),Real minimum wages at constant prices,I,NZL,New Zealand,SM_WG,Statutory minimum wages,USD_PPP,"US dollars, PPP converted",A,Annual,Q,Constant prices,_Z,Not applicable,_Z,Not applicable,2003,,20028.41162,,2024,,A,Normal value,0,Units,0,Zero
DATAFLOW,OECD.ELS.SAE:DSD_EARNINGS@RMW(1.0),Real minimum wages at constant prices,I,NZL,New Zealand,SM_WG,Statutory minimum wages,USD_PPP,"US dollars, PPP converted",A,Annual,Q,Constant prices,_Z,Not applicable,_Z,Not applicable,2004,,20721.57601,,2024,,A,Normal value,0,Units,0,Zero
DATAFLOW,OECD.ELS.SAE:DSD_EARNINGS@RMW(1.0),Real minimum wages at constant prices,I,NZL,New Zealand,SM_WG,Statutory minimum wages,USD_PPP,"US dollars, PPP converted",A,Annual,Q,Constant prices,_Z,Not applicable,_Z,Not applicable,2005,,21279.76085,,2024,,A,Normal value,0,Units,0,Zero
DATAFLOW,OECD.ELS.SAE:DSD_EARNINGS@RMW(1.0),Real minimum wages at constant prices,I,NZL,New Zealand,SM_WG,Statutory minimum wages,USD_PPP,"US dollars, PPP converted",A,Annual,Q,Constant prices,_Z,Not applicable,_Z,Not applicable,2006,,22086.70759,,2024,,A,Normal value,0,Units,0,Zero
DATAFLOW,OECD.ELS.SAE:DSD_EARNINGS@RMW(1.0),Real minimum wages at constant prices,I,NZL,New Zealand,SM_WG,Statutory minimum wages,USD_PPP,"US dollars, PPP converted",A,Annual,Q,Constant prices,_Z,Not applicable,_Z,Not applicable,2007,,23554.82423,,2024,,A,Normal value,0,Units,0,Zero
DATAFLOW,OECD.ELS.SAE:DSD_EARNINGS@RMW(1.0),Real minimum wages at constant prices,I,NZL,New Zealand,SM_WG,Statutory minimum wages,USD_PPP,"US dollars, PPP converted",A,Annual,Q,Constant prices,_Z,Not applicable,_Z,Not applicable,2008,,24331.39993,,2024,,A,Normal value,0,Units,0,Zero
DATAFLOW,OECD.ELS.SAE:DSD_EARNINGS@RMW(1.0),Real minimum wages at constant prices,I,NZL,New Zealand,SM_WG,Statutory minimum wages,USD_PPP,"US dollars, PPP converted",A,Annual,Q,Constant prices,_Z,Not applicable,_Z,Not applicable,2009,,24961.933,,2024,,A,Normal value,0,Units,0,Zero
DATAFLOW,OECD.ELS.SAE:DSD_EARNINGS@RMW(1.0),Real minimum wages at constant prices,I,NZL,New Zealand,SM_WG,Statutory minimum wages,USD_PPP,"US dollars, PPP converted",A,Annual,Q,Constant prices,_Z,Not applicable,_Z,Not applicable,2010,,25016.39708,,2024,,A,Normal value,0,Units,0,Zero
DATAFLOW,OECD.ELS.SAE:DSD_EARNINGS@RMW(1.0),Real minimum wages at constant prices,I,NZL,New Zealand,SM_WG,Statutory minimum wages,USD_PPP,"US dollars, PPP converted",A,Annual,Q,Constant prices,_Z,Not applicable,_Z,Not applicable,2011,,24521.62616,,2024,,A,Normal value,0,Units,0,Zero
DATAFLOW,OECD.ELS.SAE:DSD_EARNINGS@RMW(1.0),Real minimum wages at constant prices,I,NZL,New Zealand,SM_WG,Statutory minimum wages,USD_PPP,"US dollars, PPP converted",A,Annual,Q,Constant prices,_Z,Not applicable,_Z,Not applicable,2012,,25084.98017,,2024,,A,Normal value,0,Units,0,Zero
DATAFLOW,OECD.ELS.SAE:DSD_EARNINGS@RMW(1.0),Real minimum wages at constant prices,I,NZL,New Zealand,SM_WG,Statutory minimum wages,USD_PPP,"US dollars, PPP converted",A,Annual,Q,Constant prices,_Z,Not applicable,_Z,Not applicable,2013,,25383.12639,,2024,,A,Normal value,0,Units,0,Zero
DATAFLOW,OECD.ELS.SAE:DSD_EARNINGS@RMW(1.0),Real minimum wages at constant prices,I,NZL,New Zealand,SM_WG,Statutory minimum wages,USD_PPP,"US dollars, PPP converted",A,Annual,Q,Constant prices,_Z,Not applicable,_Z,Not applicable,2014,,25876.81757,,2024,,A,Normal value,0,Units,0,Zero
DATAFLOW,OECD.ELS.SAE:DSD_EARNINGS@RMW(1.0),Real minimum wages at constant prices,I,NZL,New Zealand,SM_WG,Statutory minimum wages,USD_PPP,"US dollars, PPP converted",A,Annual,Q,Constant prices,_Z,Not applicable,_Z,Not applicable,2015,,26714.61629,,2024,,A,Normal value,0,Units,0,Zero
DATAFLOW,OECD.ELS.SAE:DSD_EARNINGS@RMW(1.0),Real minimum wages at constant prices,I,NZL,New Zealand,SM_WG,Statutory minimum wages,USD_PPP,"US dollars, PPP converted",A,Annual,Q,Constant prices,_Z,Not applicable,_Z,Not applicable,2016,,27450.55105,,2024,,A,Normal value,0,Units,0,Zero
DATAFLOW,OECD.ELS.SAE:DSD_EARNINGS@RMW(1.0),Real minimum wages at constant prices,I,NZL,New Zealand,SM_WG,Statutory minimum wages,USD_PPP,"US dollars, PPP converted",A,Annual,Q,Constant prices,_Z,Not applicable,_Z,Not applicable,2017,,27842.68379,,2024,,A,Normal value,0,Units,0,Zero
DATAFLOW,OECD.ELS.SAE:DSD_EARNINGS@RMW(1.0),Real minimum wages at constant prices,I,NZL,New Zealand,SM_WG,Statutory minimum wages,USD_PPP,"US dollars, PPP converted",A,Annual,Q,Constant prices,_Z,Not applicable,_Z,Not applicable,2018,,28391.24353,,2024,,A,Normal value,0,Units,0,Zero
DATAFLOW,OECD.ELS.SAE:DSD_EARNINGS@RMW(1.0),Real minimum wages at constant prices,I,NZL,New Zealand,SM_WG,Statutory minimum wages,USD_PPP,"US dollars, PPP converted",A,Annual,Q,Constant prices,_Z,Not applicable,_Z,Not applicable,2019,,29384.21921,,2024,,A,Normal value,0,Units,0,Zero
DATAFLOW,OECD.ELS.SAE:DSD_EARNINGS@RMW(1.0),Real minimum wages at constant prices,I,NZL,New Zealand,SM_WG,Statutory minimum wages,USD_PPP,"US dollars, PPP converted",A,Annual,Q,Constant prices,_Z,Not applicable,_Z,Not applicable,2020,,31561.44054,,2024,,A,Normal value,0,Units,0,Zero
DATAFLOW,OECD.ELS.SAE:DSD_EARNINGS@RMW(1.0),Real minimum wages at constant prices,I,NZL,New Zealand,SM_WG,Statutory minimum wages,USD_PPP,"US dollars, PPP converted",A,Annual,Q,Constant prices,_Z,Not applicable,_Z,Not applicable,2021,,32201.32619,,2024,,A,Normal value,0,Units,0,Zero
DATAFLOW,OECD.ELS.SAE:DSD_EARNINGS@RMW(1.0),Real minimum wages at constant prices,I,NZL,New Zealand,SM_WG,Statutory minimum wages,USD_PPP,"US dollars, PPP converted",A,Annual,Q,Constant prices,_Z,Not applicable,_Z,Not applicable,2022,,31417.24356,,2024,,A,Normal value,0,Units,0,Zero
DATAFLOW,OECD.ELS.SAE:DSD_EARNINGS@RMW(1.0),Real minimum wages at constant prices,I,NZL,New Zealand,SM_WG,Statutory minimum wages,USD_PPP,"US dollars, PPP converted",A,Annual,Q,Constant prices,_Z,Not applicable,_Z,Not applicable,2023,,32162.84026,,2024,,A,Normal value,0,Units,0,Zero
DATAFLOW,OECD.ELS.SAE:DSD_EARNINGS@RMW(1.0),Real minimum wages at constant prices,I,NZL,New Zealand,SM_WG,Statutory minimum wages,USD_PPP,"US dollars, PPP converted",A,Annual,Q,Constant prices,_Z,Not applicable,_Z,Not applicable,2024,,32246.8196,,2024,,A,Normal value,0,Units,0,Zero
DATAFLOW,OECD.ELS.SAE:DSD_EARNINGS@RMW(1.0),Real minimum wages at constant prices,I,LUX,Luxembourg,SM_WG,Statutory minimum wages,USD_PPP,"US dollars, PPP converted",A,Annual,Q,Constant prices,_Z,Not applicable,_Z,Not applicable,1960,,10436.17355,,2024,,A,Normal value,0,Units,0,Zero
DATAFLOW,OECD.ELS.SAE:DSD_EARNINGS@RMW(1.0),Real minimum wages at constant prices,I,LUX,Luxembourg,SM_WG,Statutory minimum wages,USD_PPP,"US dollars, PPP converted",A,Annual,Q,Constant prices,_Z,Not applicable,_Z,Not applicable,1961,,10386.066,,2024,,A,Normal value,0,Units,0,Zero
DATAFLOW,OECD.ELS.SAE:DSD_EARNINGS@RMW(1.0),Real minimum wages at constant prices,I,LUX,Luxembourg,SM_WG,Statutory minimum wages,USD_PPP,"US dollars, PPP converted",A,Annual,Q,Constant prices,_Z,Not applicable,_Z,Not applicable,1962,,10293.83599,,2024,,A,Normal value,0,Units,0,Zero
DATAFLOW,OECD.ELS.SAE:DSD_EARNINGS@RMW(1.0),Real minimum wages at constant prices,I,LUX,Luxembourg,SM_WG,Statutory minimum wages,USD_PPP,"US dollars, PPP converted",A,Annual,Q,Constant prices,_Z,Not applicable,_Z,Not applicable,1963,,11003.1176,,2024,,A,Normal value,0,Units,0,Zero
DATAFLOW,OECD.ELS.SAE:DSD_EARNINGS@RMW(1.0),Real minimum wages at constant prices,I,LUX,Luxembourg,SM_WG,Statutory minimum wages,USD_PPP,"US dollars, PPP converted",A,Annual,Q,Constant prices,_Z,Not applicable,_Z,Not applicable,1964,,11371.76232,,2024,,A,Normal value,0,Units,0,Zero
DATAFLOW,OECD.ELS.SAE:DSD_EARNINGS@RMW(1.0),Real minimum wages at constant prices,I,LUX,Luxembourg,SM_WG,Statutory minimum wages,USD_PPP,"US dollars, PPP converted",A,Annual,Q,Constant prices,_Z,Not applicable,_Z,Not applicable,1965,,11398.15858,,2024,,A,Normal value,0,Units,0,Zero
DATAFLOW,OECD.ELS.SAE:DSD_EARNINGS@RMW(1.0),Real minimum wages at constant prices,I,LUX,Luxembourg,SM_WG,Statutory minimum wages,USD_PPP,"US dollars, PPP converted",A,Annual,Q,Constant prices,_Z,Not applicable,_Z,Not applicable,1966,,11378.14854,,2024,,A,Normal value,0,Units,0,Zero
DATAFLOW,OECD.ELS.SAE:DSD_EARNINGS@RMW(1.0),Real minimum wages at constant prices,I,LUX,Luxembourg,SM_WG,Statutory minimum wages,USD_PPP,"US dollars, PPP converted",A,Annual,Q,Constant prices,_Z,Not applicable,_Z,Not applicable,1967,,11443.74756,,2024,,A,Normal value,0,Units,0,Zero
DATAFLOW,OECD.ELS.SAE:DSD_EARNINGS@RMW(1.0),Real minimum wages at constant prices,I,LUX,Luxembourg,SM_WG,Statutory minimum wages,USD_PPP,"US dollars, PPP converted",A,Annual,Q,Constant prices,_Z,Not applicable,_Z,Not applicable,1968,,11861.14482,,2024,,A,Normal value,0,Units,0,Zero
DATAFLOW,OECD.ELS.SAE:DSD_EARNINGS@RMW(1.0),Real minimum wages at constant prices,I,LUX,Luxembourg,SM_WG,Statutory minimum wages,USD_PPP,"US dollars, PPP converted",A,Annual,Q,Constant prices,_Z,Not applicable,_Z,Not applicable,1969,,11992.14937,,2024,,A,Normal value,0,Units,0,Zero
DATAFLOW,OECD.ELS.SAE:DSD_EARNINGS@RMW(1.0),Real minimum wages at constant prices,I,LUX,Luxembourg,SM_WG,Statutory minimum wages,USD_PPP,"US dollars, PPP converted",A,Annual,Q,Constant prices,_Z,Not applicable,_Z,Not applicable,1970,,12554.47651,,2024,,A,Normal value,0,Units,0,Zero
DATAFLOW,OECD.ELS.SAE:DSD_EARNINGS@RMW(1.0),Real minimum wages at constant prices,I,LUX,Luxembourg,SM_WG,Statutory minimum wages,USD_PPP,"US dollars, PPP converted",A,Annual,Q,Constant prices,_Z,Not applicable,_Z,Not applicable,1971,,14003.89431,,2024,,A,Normal value,0,Units,0,Zero
DATAFLOW,OECD.ELS.SAE:DSD_EARNINGS@RMW(1.0),Real minimum wages at constant prices,I,LUX,Luxembourg,SM_WG,Statutory minimum wages,USD_PPP,"US dollars, PPP converted",A,Annual,Q,Constant prices,_Z,Not applicable,_Z,Not applicable,1972,,14057.093,,2024,,A,Normal value,0,Units,0,Zero
DATAFLOW,OECD.ELS.SAE:DSD_EARNINGS@RMW(1.0),Real minimum wages at constant prices,I,LUX,Luxembourg,SM_WG,Statutory minimum wages,USD_PPP,"US dollars, PPP converted",A,Annual,Q,Constant prices,_Z,Not applicable,_Z,Not applicable,1973,,16651.78433,,2024,,A,Normal value,0,Units,0,Zero
DATAFLOW,OECD.ELS.SAE:DSD_EARNINGS@RMW(1.0),Real minimum wages at constant prices,I,LUX,Luxembourg,SM_WG,Statutory minimum wages,USD_PPP,"US dollars, PPP converted",A,Annual,Q,Constant prices,_Z,Not applicable,_Z,Not applicable,1974,,16441.57148,,2024,,A,Normal value,0,Units,0,Zero
DATAFLOW,OECD.ELS.SAE:DSD_EARNINGS@RMW(1.0),Real minimum wages at constant prices,I,LUX,Luxembourg,SM_WG,Statutory minimum wages,USD_PPP,"US dollars, PPP converted",A,Annual,Q,Constant prices,_Z,Not applicable,_Z,Not applicable,1975,,18911.30507,,2024,,A,Normal value,0,Units,0,Zero
DATAFLOW,OECD.ELS.SAE:DSD_EARNINGS@RMW(1.0),Real minimum wages at constant prices,I,LUX,Luxembourg,SM_WG,Statutory minimum wages,USD_PPP,"US dollars, PPP converted",A,Annual,Q,Constant prices,_Z,Not applicable,_Z,Not applicable,1976,,18920.28033,,2024,,A,Normal value,0,Units,0,Zero
DATAFLOW,OECD.ELS.SAE:DSD_EARNINGS@RMW(1.0),Real minimum wages at constant prices,I,LUX,Luxembourg,SM_WG,Statutory minimum wages,USD_PPP,"US dollars, PPP converted",A,Annual,Q,Constant prices,_Z,Not applicable,_Z,Not applicable,1977,,19782.94505,,2024,,A,Normal value,0,Units,0,Zero
DATAFLOW,OECD.ELS.SAE:DSD_EARNINGS@RMW(1.0),Real minimum wages at constant prices,I,LUX,Luxembourg,SM_WG,Statutory minimum wages,USD_PPP,"US dollars, PPP converted",A,Annual,Q,Constant prices,_Z,Not applicable,_Z,Not applicable,1978,,20751.54714,,2024,,A,Normal value,0,Units,0,Zero
DATAFLOW,OECD.ELS.SAE:DSD_EARNINGS@RMW(1.0),Real minimum wages at constant prices,I,LUX,Luxembourg,SM_WG,Statutory minimum wages,USD_PPP,"US dollars, PPP converted",A,Annual,Q,Constant prices,_Z,Not applicable,_Z,Not applicable,1979,,20640.8815,,2024,,A,Normal value,0,Units,0,Zero
DATAFLOW,OECD.ELS.SAE:DSD_EARNINGS@RMW(1.0),Real minimum wages at constant prices,I,LUX,Luxembourg,SM_WG,Statutory minimum wages,USD_PPP,"US dollars, PPP converted",A,Annual,Q,Constant prices,_Z,Not applicable,_Z,Not applicable,1980,,20612.40081,,2024,,A,Normal value,0,Units,0,Zero
DATAFLOW,OECD.ELS.SAE:DSD_EARNINGS@RMW(1.0),Real minimum wages at constant prices,I,LUX,Luxembourg,SM_WG,Statutory minimum wages,USD_PPP,"US dollars, PPP converted",A,Annual,Q,Constant prices,_Z,Not applicable,_Z,Not applicable,1981,,21093.47211,,2024,,A,Normal value,0,Units,0,Zero
DATAFLOW,OECD.ELS.SAE:DSD_EARNINGS@RMW(1.0),Real minimum wages at constant prices,I,LUX,Luxembourg,SM_WG,Statutory minimum wages,USD_PPP,"US dollars, PPP converted",A,Annual,Q,Constant prices,_Z,Not applicable,_Z,Not applicable,1982,,21094.11439,,2024,,A,Normal value,0,Units,0,Zero
DATAFLOW,OECD.ELS.SAE:DSD_EARNINGS@RMW(1.0),Real minimum wages at constant prices,I,LUX,Luxembourg,SM_WG,Statutory minimum wages,USD_PPP,"US dollars, PPP converted",A,Annual,Q,Constant prices,_Z,Not applicable,_Z,Not applicable,1983,,21261.90671,,2024,,A,Normal value,0,Units,0,Zero
DATAFLOW,OECD.ELS.SAE:DSD_EARNINGS@RMW(1.0),Real minimum wages at constant prices,I,LUX,Luxembourg,SM_WG,Statutory minimum wages,USD_PPP,"US dollars, PPP converted",A,Annual,Q,Constant prices,_Z,Not applicable,_Z,Not applicable,1984,,21112.64766,,2024,,A,Normal value,0,Units,0,Zero
DATAFLOW,OECD.ELS.SAE:DSD_EARNINGS@RMW(1.0),Real minimum wages at constant prices,I,LUX,Luxembourg,SM_WG,Statutory minimum wages,USD_PPP,"US dollars, PPP converted",A,Annual,Q,Constant prices,_Z,Not applicable,_Z,Not applicable,1985,,20832.06525,,2024,,A,Normal value,0,Units,0,Zero
DATAFLOW,OECD.ELS.SAE:DSD_EARNINGS@RMW(1.0),Real minimum wages at constant prices,I,LUX,Luxembourg,SM_WG,Statutory minimum wages,USD_PPP,"US dollars, PPP converted",A,Annual,Q,Constant prices,_Z,Not applicable,_Z,Not applicable,1986,,21651.54525,,2024,,A,Normal value,0,Units,0,Zero
DATAFLOW,OECD.ELS.SAE:DSD_EARNINGS@RMW(1.0),Real minimum wages at constant prices,I,LUX,Luxembourg,SM_WG,Statutory minimum wages,USD_PPP,"US dollars, PPP converted",A,Annual,Q,Constant prices,_Z,Not applicable,_Z,Not applicable,1987,,22039.14806,,2024,,A,Normal value,0,Units,0,Zero
DATAFLOW,OECD.ELS.SAE:DSD_EARNINGS@RMW(1.0),Real minimum wages at constant prices,I,LUX,Luxembourg,SM_WG,Statutory minimum wages,USD_PPP,"US dollars, PPP converted",A,Annual,Q,Constant prices,_Z,Not applicable,_Z,Not applicable,1988,,21772.27103,,2024,,A,Normal value,0,Units,0,Zero
DATAFLOW,OECD.ELS.SAE:DSD_EARNINGS@RMW(1.0),Real minimum wages at constant prices,I,LUX,Luxembourg,SM_WG,Statutory minimum wages,USD_PPP,"US dollars, PPP converted",A,Annual,Q,Constant prices,_Z,Not applicable,_Z,Not applicable,1989,,22484.00621,,2024,,A,Normal value,0,Units,0,Zero
DATAFLOW,OECD.ELS.SAE:DSD_EARNINGS@RMW(1.0),Real minimum wages at constant prices,I,LUX,Luxembourg,SM_WG,Statutory minimum wages,USD_PPP,"US dollars, PPP converted",A,Annual,Q,Constant prices,_Z,Not applicable,_Z,Not applicable,1990,,22503.96151,,2024,,A,Normal value,0,Units,0,Zero
DATAFLOW,OECD.ELS.SAE:DSD_EARNINGS@RMW(1.0),Real minimum wages at constant prices,I,LUX,Luxembourg,SM_WG,Statutory minimum wages,USD_PPP,"US dollars, PPP converted",A,Annual,Q,Constant prices,_Z,Not applicable,_Z,Not applicable,1991,,23922.733,,2024,,A,Normal value,0,Units,0,Zero
DATAFLOW,OECD.ELS.SAE:DSD_EARNINGS@RMW(1.0),Real minimum wages at constant prices,I,LUX,Luxembourg,SM_WG,Statutory minimum wages,USD_PPP,"US dollars, PPP converted",A,Annual,Q,Constant prices,_Z,Not applicable,_Z,Not applicable,1992,,24341.50705,,2024,,A,Normal value,0,Units,0,Zero
DATAFLOW,OECD.ELS.SAE:DSD_EARNINGS@RMW(1.0),Real minimum wages at constant prices,I,LUX,Luxembourg,SM_WG,Statutory minimum wages,USD_PPP,"US dollars, PPP converted",A,Annual,Q,Constant prices,_Z,Not applicable,_Z,Not applicable,1993,,25169.00499,,2024,,A,Normal value,0,Units,0,Zero
DATAFLOW,OECD.ELS.SAE:DSD_EARNINGS@RMW(1.0),Real minimum wages at constant prices,I,LUX,Luxembourg,SM_WG,Statutory minimum wages,USD_PPP,"US dollars, PPP converted",A,Annual,Q,Constant prices,_Z,Not applicable,_Z,Not applicable,1994,,25483.12723,,2024,,A,Normal value,0,Units,0,Zero
DATAFLOW,OECD.ELS.SAE:DSD_EARNINGS@RMW(1.0),Real minimum wages at constant prices,I,LUX,Luxembourg,SM_WG,Statutory minimum wages,USD_PPP,"US dollars, PPP converted",A,Annual,Q,Constant prices,_Z,Not applicable,_Z,Not applicable,1995,,26325.46269,,2024,,A,Normal value,0,Units,0,Zero
DATAFLOW,OECD.ELS.SAE:DSD_EARNINGS@RMW(1.0),Real minimum wages at constant prices,I,LUX,Luxembourg,SM_WG,Statutory minimum wages,USD_PPP,"US dollars, PPP converted",A,Annual,Q,Constant prices,_Z,Not applicable,_Z,Not applicable,1996,,26230.72131,,2024,,A,Normal value,0,Units,0,Zero
DATAFLOW,OECD.ELS.SAE:DSD_EARNINGS@RMW(1.0),Real minimum wages at constant prices,I,LUX,Luxembourg,SM_WG,Statutory minimum wages,USD_PPP,"US dollars, PPP converted",A,Annual,Q,Constant prices,_Z,Not applicable,_Z,Not applicable,1997,,27318.36025,,2024,,A,Normal value,0,Units,0,Zero
DATAFLOW,OECD.ELS.SAE:DSD_EARNINGS@RMW(1.0),Real minimum wages at constant prices,I,LUX,Luxembourg,SM_WG,Statutory minimum wages,USD_PPP,"US dollars, PPP converted",A,Annual,Q,Constant prices,_Z,Not applicable,_Z,Not applicable,1998,,27114.11496,,2024,,A,Normal value,0,Units,0,Zero
DATAFLOW,OECD.ELS.SAE:DSD_EARNINGS@RMW(1.0),Real minimum wages at constant prices,I,LUX,Luxembourg,SM_WG,Statutory minimum wages,USD_PPP,"US dollars, PPP converted",A,Annual,Q,Constant prices,_Z,Not applicable,_Z,Not applicable,1999,,27471.93813,,2024,,A,Normal value,0,Units,0,Zero
DATAFLOW,OECD.ELS.SAE:DSD_EARNINGS@RMW(1.0),Real minimum wages at constant prices,I,LUX,Luxembourg,SM_WG,Statutory minimum wages,USD_PPP,"US dollars, PPP converted",A,Annual,Q,Constant prices,_Z,Not applicable,_Z,Not applicable,2000,,27354.56108,,2024,,A,Normal value,0,Units,0,Zero
DATAFLOW,OECD.ELS.SAE:DSD_EARNINGS@RMW(1.0),Real minimum wages at constant prices,I,LUX,Luxembourg,SM_WG,Statutory minimum wages,USD_PPP,"US dollars, PPP converted",A,Annual,Q,Constant prices,_Z,Not applicable,_Z,Not applicable,2001,,28331.40165,,2024,,A,Normal value,0,Units,0,Zero
DATAFLOW,OECD.ELS.SAE:DSD_EARNINGS@RMW(1.0),Real minimum wages at constant prices,I,LUX,Luxembourg,SM_WG,Statutory minimum wages,USD_PPP,"US dollars, PPP converted",A,Annual,Q,Constant prices,_Z,Not applicable,_Z,Not applicable,2002,,28275.08364,,2024,,A,Normal value,0,Units,0,Zero
DATAFLOW,OECD.ELS.SAE:DSD_EARNINGS@RMW(1.0),Real minimum wages at constant prices,I,LUX,Luxembourg,SM_WG,Statutory minimum wages,USD_PPP,"US dollars, PPP converted",A,Annual,Q,Constant prices,_Z,Not applicable,_Z,Not applicable,2003,,29333.0347,,2024,,A,Normal value,0,Units,0,Zero
DATAFLOW,OECD.ELS.SAE:DSD_EARNINGS@RMW(1.0),Real minimum wages at constant prices,I,LUX,Luxembourg,SM_WG,Statutory minimum wages,USD_PPP,"US dollars, PPP converted",A,Annual,Q,Constant prices,_Z,Not applicable,_Z,Not applicable,2004,,29290.35804,,2024,,A,Normal value,0,Units,0,Zero
DATAFLOW,OECD.ELS.SAE:DSD_EARNINGS@RMW(1.0),Real minimum wages at constant prices,I,LUX,Luxembourg,SM_WG,Statutory minimum wages,USD_PPP,"US dollars, PPP converted",A,Annual,Q,Constant prices,_Z,Not applicable,_Z,Not applicable,2005,,29879.27977,,2024,,A,Normal value,0,Units,0,Zero
DATAFLOW,OECD.ELS.SAE:DSD_EARNINGS@RMW(1.0),Real minimum wages at constant prices,I,LUX,Luxembourg,SM_WG,Statutory minimum wages,USD_PPP,"US dollars, PPP converted",A,Annual,Q,Constant prices,_Z,Not applicable,_Z,Not applicable,2006,,29707.05724,,2024,,A,Normal value,0,Units,0,Zero
DATAFLOW,OECD.ELS.SAE:DSD_EARNINGS@RMW(1.0),Real minimum wages at constant prices,I,LUX,Luxembourg,SM_WG,Statutory minimum wages,USD_PPP,"US dollars, PPP converted",A,Annual,Q,Constant prices,_Z,Not applicable,_Z,Not applicable,2007,,30263.85393,,2024,,A,Normal value,0,Units,0,Zero
DATAFLOW,OECD.ELS.SAE:DSD_EARNINGS@RMW(1.0),Real minimum wages at constant prices,I,LUX,Luxembourg,SM_WG,Statutory minimum wages,USD_PPP,"US dollars, PPP converted",A,Annual,Q,Constant prices,_Z,Not applicable,_Z,Not applicable,2008,,29877.83059,,2024,,A,Normal value,0,Units,0,Zero
DATAFLOW,OECD.ELS.SAE:DSD_EARNINGS@RMW(1.0),Real minimum wages at constant prices,I,LUX,Luxembourg,SM_WG,Statutory minimum wages,USD_PPP,"US dollars, PPP converted",A,Annual,Q,Constant prices,_Z,Not applicable,_Z,Not applicable,2009,,31122.70686,,2024,,A,Normal value,0,Units,0,Zero
DATAFLOW,OECD.ELS.SAE:DSD_EARNINGS@RMW(1.0),Real minimum wages at constant prices,I,LUX,Luxembourg,SM_WG,Statutory minimum wages,USD_PPP,"US dollars, PPP converted",A,Annual,Q,Constant prices,_Z,Not applicable,_Z,Not applicable,2010,,30936.71112,,2024,,A,Normal value,0,Units,0,Zero
DATAFLOW,OECD.ELS.SAE:DSD_EARNINGS@RMW(1.0),Real minimum wages at constant prices,I,LUX,Luxembourg,SM_WG,Statutory minimum wages,USD_PPP,"US dollars, PPP converted",A,Annual,Q,Constant prices,_Z,Not applicable,_Z,Not applicable,2011,,31053.42159,,2024,,A,Normal value,0,Units,0,Zero
DATAFLOW,OECD.ELS.SAE:DSD_EARNINGS@RMW(1.0),Real minimum wages at constant prices,I,LUX,Luxembourg,SM_WG,Statutory minimum wages,USD_PPP,"US dollars, PPP converted",A,Annual,Q,Constant prices,_Z,Not applicable,_Z,Not applicable,2012,,31003.975,,2024,,A,Normal value,0,Units,0,Zero
DATAFLOW,OECD.ELS.SAE:DSD_EARNINGS@RMW(1.0),Real minimum wages at constant prices,I,LUX,Luxembourg,SM_WG,Statutory minimum wages,USD_PPP,"US dollars, PPP converted",A,Annual,Q,Constant prices,_Z,Not applicable,_Z,Not applicable,2013,,30890.57396,,2024,,A,Normal value,0,Units,0,Zero
DATAFLOW,OECD.ELS.SAE:DSD_EARNINGS@RMW(1.0),Real minimum wages at constant prices,I,LUX,Luxembourg,SM_WG,Statutory minimum wages,USD_PPP,"US dollars, PPP converted",A,Annual,Q,Constant prices,_Z,Not applicable,_Z,Not applicable,2014,,32094.25735,,2024,,A,Normal value,0,Units,0,Zero
DATAFLOW,OECD.ELS.SAE:DSD_EARNINGS@RMW(1.0),Real minimum wages at constant prices,I,LUX,Luxembourg,SM_WG,Statutory minimum wages,USD_PPP,"US dollars, PPP converted",A,Annual,Q,Constant prices,_Z,Not applicable,_Z,Not applicable,2015,,31974.70375,,2024,,A,Normal value,0,Units,0,Zero
DATAFLOW,OECD.ELS.SAE:DSD_EARNINGS@RMW(1.0),Real minimum wages at constant prices,I,LUX,Luxembourg,SM_WG,Statutory minimum wages,USD_PPP,"US dollars, PPP converted",A,Annual,Q,Constant prices,_Z,Not applicable,_Z,Not applicable,2016,,31881.99092,,2024,,A,Normal value,0,Units,0,Zero
DATAFLOW,OECD.ELS.SAE:DSD_EARNINGS@RMW(1.0),Real minimum wages at constant prices,I,LUX,Luxembourg,SM_WG,Statutory minimum wages,USD_PPP,"US dollars, PPP converted",A,Annual,Q,Constant prices,_Z,Not applicable,_Z,Not applicable,2017,,32572.12922,,2024,,A,Normal value,0,Units,0,Zero
DATAFLOW,OECD.ELS.SAE:DSD_EARNINGS@RMW(1.0),Real minimum wages at constant prices,I,LUX,Luxembourg,SM_WG,Statutory minimum wages,USD_PPP,"US dollars, PPP converted",A,Annual,Q,Constant prices,_Z,Not applicable,_Z,Not applicable,2018,,32415.96419,,2024,,A,Normal value,0,Units,0,Zero
DATAFLOW,OECD.ELS.SAE:DSD_EARNINGS@RMW(1.0),Real minimum wages at constant prices,I,LUX,Luxembourg,SM_WG,Statutory minimum wages,USD_PPP,"US dollars, PPP converted",A,Annual,Q,Constant prices,_Z,Not applicable,_Z,Not applicable,2019,,32970.399,,2024,,A,Normal value,0,Units,0,Zero
DATAFLOW,OECD.ELS.SAE:DSD_EARNINGS@RMW(1.0),Real minimum wages at constant prices,I,LUX,Luxembourg,SM_WG,Statutory minimum wages,USD_PPP,"US dollars, PPP converted",A,Annual,Q,Constant prices,_Z,Not applicable,_Z,Not applicable,2020,,33519.92976,,2024,,A,Normal value,0,Units,0,Zero
DATAFLOW,OECD.ELS.SAE:DSD_EARNINGS@RMW(1.0),Real minimum wages at constant prices,I,LUX,Luxembourg,SM_WG,Statutory minimum wages,USD_PPP,"US dollars, PPP converted",A,Annual,Q,Constant prices,_Z,Not applicable,_Z,Not applicable,2021,,33818.1731,,2024,,A,Normal value,0,Units,0,Zero
DATAFLOW,OECD.ELS.SAE:DSD_EARNINGS@RMW(1.0),Real minimum wages at constant prices,I,LUX,Luxembourg,SM_WG,Statutory minimum wages,USD_PPP,"US dollars, PPP converted",A,Annual,Q,Constant prices,_Z,Not applicable,_Z,Not applicable,2022,,33003.18116,,2024,,A,Normal value,0,Units,0,Zero
DATAFLOW,OECD.ELS.SAE:DSD_EARNINGS@RMW(1.0),Real minimum wages at constant prices,I,LUX,Luxembourg,SM_WG,Statutory minimum wages,USD_PPP,"US dollars, PPP converted",A,Annual,Q,Constant prices,_Z,Not applicable,_Z,Not applicable,2023,,33878.70648,,2024,,A,Normal value,0,Units,0,Zero
DATAFLOW,OECD.ELS.SAE:DSD_EARNINGS@RMW(1.0),Real minimum wages at constant prices,I,LUX,Luxembourg,SM_WG,Statutory minimum wages,USD_PPP,"US dollars, PPP converted",A,Annual,Q,Constant prices,_Z,Not applicable,_Z,Not applicable,2024,,34856.64121,,2024,,A,Normal value,0,Units,0,Zero
DATAFLOW,OECD.ELS.SAE:DSD_EARNINGS@RMW(1.0),Real minimum wages at constant prices,I,GRC,Greece,SM_WG,Statutory minimum wages,USD_PPP,"US dollars, PPP converted",A,Annual,Q,Constant prices,_Z,Not applicable,_Z,Not applicable,1960,,8086.353658,,2024,,A,Normal value,0,Units,0,Zero
DATAFLOW,OECD.ELS.SAE:DSD_EARNINGS@RMW(1.0),Real minimum wages at constant prices,I,GRC,Greece,SM_WG,Statutory minimum wages,USD_PPP,"US dollars, PPP converted",A,Annual,Q,Constant prices,_Z,Not applicable,_Z,Not applicable,1961,,8412.482625,,2024,,A,Normal value,0,Units,0,Zero
DATAFLOW,OECD.ELS.SAE:DSD_EARNINGS@RMW(1.0),Real minimum wages at constant prices,I,GRC,Greece,SM_WG,Statutory minimum wages,USD_PPP,"US dollars, PPP converted",A,Annual,Q,Constant prices,_Z,Not applicable,_Z,Not applicable,1962,,8924.084279,,2024,,A,Normal value,0,Units,0,Zero
DATAFLOW,OECD.ELS.SAE:DSD_EARNINGS@RMW(1.0),Real minimum wages at constant prices,I,GRC,Greece,SM_WG,Statutory minimum wages,USD_PPP,"US dollars, PPP converted",A,Annual,Q,Constant prices,_Z,Not applicable,_Z,Not applicable,1963,,8974.979257,,2024,,A,Normal value,0,Units,0,Zero
DATAFLOW,OECD.ELS.SAE:DSD_EARNINGS@RMW(1.0),Real minimum wages at constant prices,I,GRC,Greece,SM_WG,Statutory minimum wages,USD_PPP,"US dollars, PPP converted",A,Annual,Q,Constant prices,_Z,Not applicable,_Z,Not applicable,1964,,10013.86488,,2024,,A,Normal value,0,Units,0,Zero
DATAFLOW,OECD.ELS.SAE:DSD_EARNINGS@RMW(1.0),Real minimum wages at constant prices,I,GRC,Greece,SM_WG,Statutory minimum wages,USD_PPP,"US dollars, PPP converted",A,Annual,Q,Constant prices,_Z,Not applicable,_Z,Not applicable,1965,,9701.400301,,2024,,A,Normal value,0,Units,0,Zero
DATAFLOW,OECD.ELS.SAE:DSD_EARNINGS@RMW(1.0),Real minimum wages at constant prices,I,GRC,Greece,SM_WG,Statutory minimum wages,USD_PPP,"US dollars, PPP converted",A,Annual,Q,Constant prices,_Z,Not applicable,_Z,Not applicable,1966,,10841.06343,,2024,,A,Normal value,0,Units,0,Zero
DATAFLOW,OECD.ELS.SAE:DSD_EARNINGS@RMW(1.0),Real minimum wages at constant prices,I,GRC,Greece,SM_WG,Statutory minimum wages,USD_PPP,"US dollars, PPP converted",A,Annual,Q,Constant prices,_Z,Not applicable,_Z,Not applicable,1967,,12292.05052,,2024,,A,Normal value,0,Units,0,Zero
DATAFLOW,OECD.ELS.SAE:DSD_EARNINGS@RMW(1.0),Real minimum wages at constant prices,I,GRC,Greece,SM_WG,Statutory minimum wages,USD_PPP,"US dollars, PPP converted",A,Annual,Q,Constant prices,_Z,Not applicable,_Z,Not applicable,1968,,12968.73585,,2024,,A,Normal value,0,Units,0,Zero
DATAFLOW,OECD.ELS.SAE:DSD_EARNINGS@RMW(1.0),Real minimum wages at constant prices,I,GRC,Greece,SM_WG,Statutory minimum wages,USD_PPP,"US dollars, PPP converted",A,Annual,Q,Constant prices,_Z,Not applicable,_Z,Not applicable,1969,,13957.76817,,2024,,A,Normal value,0,Units,0,Zero
DATAFLOW,OECD.ELS.SAE:DSD_EARNINGS@RMW(1.0),Real minimum wages at constant prices,I,GRC,Greece,SM_WG,Statutory minimum wages,USD_PPP,"US dollars, PPP converted",A,Annual,Q,Constant prices,_Z,Not applicable,_Z,Not applicable,1970,,13896.95131,,2024,,A,Normal value,0,Units,0,Zero
DATAFLOW,OECD.ELS.SAE:DSD_EARNINGS@RMW(1.0),Real minimum wages at constant prices,I,GRC,Greece,SM_WG,Statutory minimum wages,USD_PPP,"US dollars, PPP converted",A,Annual,Q,Constant prices,_Z,Not applicable,_Z,Not applicable,1971,,13664.05019,,2024,,A,Normal value,0,Units,0,Zero
DATAFLOW,OECD.ELS.SAE:DSD_EARNINGS@RMW(1.0),Real minimum wages at constant prices,I,GRC,Greece,SM_WG,Statutory minimum wages,USD_PPP,"US dollars, PPP converted",A,Annual,Q,Constant prices,_Z,Not applicable,_Z,Not applicable,1972,,14009.55853,,2024,,A,Normal value,0,Units,0,Zero
DATAFLOW,OECD.ELS.SAE:DSD_EARNINGS@RMW(1.0),Real minimum wages at constant prices,I,GRC,Greece,SM_WG,Statutory minimum wages,USD_PPP,"US dollars, PPP converted",A,Annual,Q,Constant prices,_Z,Not applicable,_Z,Not applicable,1973,,13853.15868,,2024,,A,Normal value,0,Units,0,Zero
DATAFLOW,OECD.ELS.SAE:DSD_EARNINGS@RMW(1.0),Real minimum wages at constant prices,I,GRC,Greece,SM_WG,Statutory minimum wages,USD_PPP,"US dollars, PPP converted",A,Annual,Q,Constant prices,_Z,Not applicable,_Z,Not applicable,1974,,14599.56024,,2024,,A,Normal value,0,Units,0,Zero
DATAFLOW,OECD.ELS.SAE:DSD_EARNINGS@RMW(1.0),Real minimum wages at constant prices,I,GRC,Greece,SM_WG,Statutory minimum wages,USD_PPP,"US dollars, PPP converted",A,Annual,Q,Constant prices,_Z,Not applicable,_Z,Not applicable,1975,,15513.88048,,2024,,A,Normal value,0,Units,0,Zero
DATAFLOW,OECD.ELS.SAE:DSD_EARNINGS@RMW(1.0),Real minimum wages at constant prices,I,GRC,Greece,SM_WG,Statutory minimum wages,USD_PPP,"US dollars, PPP converted",A,Annual,Q,Constant prices,_Z,Not applicable,_Z,Not applicable,1976,,16324.03271,,2024,,A,Normal value,0,Units,0,Zero
DATAFLOW,OECD.ELS.SAE:DSD_EARNINGS@RMW(1.0),Real minimum wages at constant prices,I,GRC,Greece,SM_WG,Statutory minimum wages,USD_PPP,"US dollars, PPP converted",A,Annual,Q,Constant prices,_Z,Not applicable,_Z,Not applicable,1977,,16840.29448,,2024,,A,Normal value,0,Units,0,Zero
DATAFLOW,OECD.ELS.SAE:DSD_EARNINGS@RMW(1.0),Real minimum wages at constant prices,I,GRC,Greece,SM_WG,Statutory minimum wages,USD_PPP,"US dollars, PPP converted",A,Annual,Q,Constant prices,_Z,Not applicable,_Z,Not applicable,1978,,18182.14892,,2024,,A,Normal value,0,Units,0,Zero
DATAFLOW,OECD.ELS.SAE:DSD_EARNINGS@RMW(1.0),Real minimum wages at constant prices,I,GRC,Greece,SM_WG,Statutory minimum wages,USD_PPP,"US dollars, PPP converted",A,Annual,Q,Constant prices,_Z,Not applicable,_Z,Not applicable,1979,,17959.15343,,2024,,A,Normal value,0,Units,0,Zero
DATAFLOW,OECD.ELS.SAE:DSD_EARNINGS@RMW(1.0),Real minimum wages at constant prices,I,GRC,Greece,SM_WG,Statutory minimum wages,USD_PPP,"US dollars, PPP converted",A,Annual,Q,Constant prices,_Z,Not applicable,_Z,Not applicable,1980,,16840.12177,,2024,,A,Normal value,0,Units,0,Zero
DATAFLOW,OECD.ELS.SAE:DSD_EARNINGS@RMW(1.0),Real minimum wages at constant prices,I,GRC,Greece,SM_WG,Statutory minimum wages,USD_PPP,"US dollars, PPP converted",A,Annual,Q,Constant prices,_Z,Not applicable,_Z,Not applicable,1981,,16664.44503,,2024,,A,Normal value,0,Units,0,Zero
DATAFLOW,OECD.ELS.SAE:DSD_EARNINGS@RMW(1.0),Real minimum wages at constant prices,I,GRC,Greece,SM_WG,Statutory minimum wages,USD_PPP,"US dollars, PPP converted",A,Annual,Q,Constant prices,_Z,Not applicable,_Z,Not applicable,1982,,20465.29782,,2024,,A,Normal value,0,Units,0,Zero
DATAFLOW,OECD.ELS.SAE:DSD_EARNINGS@RMW(1.0),Real minimum wages at constant prices,I,GRC,Greece,SM_WG,Statutory minimum wages,USD_PPP,"US dollars, PPP converted",A,Annual,Q,Constant prices,_Z,Not applicable,_Z,Not applicable,1983,,19620.09834,,2024,,A,Normal value,0,Units,0,Zero
DATAFLOW,OECD.ELS.SAE:DSD_EARNINGS@RMW(1.0),Real minimum wages at constant prices,I,GRC,Greece,SM_WG,Statutory minimum wages,USD_PPP,"US dollars, PPP converted",A,Annual,Q,Constant prices,_Z,Not applicable,_Z,Not applicable,1984,,20894.32493,,2024,,A,Normal value,0,Units,0,Zero
DATAFLOW,OECD.ELS.SAE:DSD_EARNINGS@RMW(1.0),Real minimum wages at constant prices,I,GRC,Greece,SM_WG,Statutory minimum wages,USD_PPP,"US dollars, PPP converted",A,Annual,Q,Constant prices,_Z,Not applicable,_Z,Not applicable,1985,,20668.23233,,2024,,A,Normal value,0,Units,0,Zero
DATAFLOW,OECD.ELS.SAE:DSD_EARNINGS@RMW(1.0),Real minimum wages at constant prices,I,GRC,Greece,SM_WG,Statutory minimum wages,USD_PPP,"US dollars, PPP converted",A,Annual,Q,Constant prices,_Z,Not applicable,_Z,Not applicable,1986,,18625.45945,,2024,,A,Normal value,0,Units,0,Zero
DATAFLOW,OECD.ELS.SAE:DSD_EARNINGS@RMW(1.0),Real minimum wages at constant prices,I,GRC,Greece,SM_WG,Statutory minimum wages,USD_PPP,"US dollars, PPP converted",A,Annual,Q,Constant prices,_Z,Not applicable,_Z,Not applicable,1987,,17626.38178,,2024,,A,Normal value,0,Units,0,Zero
DATAFLOW,OECD.ELS.SAE:DSD_EARNINGS@RMW(1.0),Real minimum wages at constant prices,I,GRC,Greece,SM_WG,Statutory minimum wages,USD_PPP,"US dollars, PPP converted",A,Annual,Q,Constant prices,_Z,Not applicable,_Z,Not applicable,1988,,18204.42555,,2024,,A,Normal value,0,Units,0,Zero
DATAFLOW,OECD.ELS.SAE:DSD_EARNINGS@RMW(1.0),Real minimum wages at constant prices,I,GRC,Greece,SM_WG,Statutory minimum wages,USD_PPP,"US dollars, PPP converted",A,Annual,Q,Constant prices,_Z,Not applicable,_Z,Not applicable,1989,,19026.93026,,2024,,A,Normal value,0,Units,0,Zero
DATAFLOW,OECD.ELS.SAE:DSD_EARNINGS@RMW(1.0),Real minimum wages at constant prices,I,GRC,Greece,SM_WG,Statutory minimum wages,USD_PPP,"US dollars, PPP converted",A,Annual,Q,Constant prices,_Z,Not applicable,_Z,Not applicable,1990,,18725.62238,,2024,,A,Normal value,0,Units,0,Zero
DATAFLOW,OECD.ELS.SAE:DSD_EARNINGS@RMW(1.0),Real minimum wages at constant prices,I,GRC,Greece,SM_WG,Statutory minimum wages,USD_PPP,"US dollars, PPP converted",A,Annual,Q,Constant prices,_Z,Not applicable,_Z,Not applicable,1991,,17721.92911,,2024,,A,Normal value,0,Units,0,Zero
DATAFLOW,OECD.ELS.SAE:DSD_EARNINGS@RMW(1.0),Real minimum wages at constant prices,I,GRC,Greece,SM_WG,Statutory minimum wages,USD_PPP,"US dollars, PPP converted",A,Annual,Q,Constant prices,_Z,Not applicable,_Z,Not applicable,1992,,17032.6807,,2024,,A,Normal value,0,Units,0,Zero
DATAFLOW,OECD.ELS.SAE:DSD_EARNINGS@RMW(1.0),Real minimum wages at constant prices,I,GRC,Greece,SM_WG,Statutory minimum wages,USD_PPP,"US dollars, PPP converted",A,Annual,Q,Constant prices,_Z,Not applicable,_Z,Not applicable,1993,,16654.19044,,2024,,A,Normal value,0,Units,0,Zero
DATAFLOW,OECD.ELS.SAE:DSD_EARNINGS@RMW(1.0),Real minimum wages at constant prices,I,GRC,Greece,SM_WG,Statutory minimum wages,USD_PPP,"US dollars, PPP converted",A,Annual,Q,Constant prices,_Z,Not applicable,_Z,Not applicable,1994,,16920.50181,,2024,,A,Normal value,0,Units,0,Zero
DATAFLOW,OECD.ELS.SAE:DSD_EARNINGS@RMW(1.0),Real minimum wages at constant prices,I,GRC,Greece,SM_WG,Statutory minimum wages,USD_PPP,"US dollars, PPP converted",A,Annual,Q,Constant prices,_Z,Not applicable,_Z,Not applicable,1995,,16997.42057,,2024,,A,Normal value,0,Units,0,Zero
DATAFLOW,OECD.ELS.SAE:DSD_EARNINGS@RMW(1.0),Real minimum wages at constant prices,I,GRC,Greece,SM_WG,Statutory minimum wages,USD_PPP,"US dollars, PPP converted",A,Annual,Q,Constant prices,_Z,Not applicable,_Z,Not applicable,1996,,16934.68868,,2024,,A,Normal value,0,Units,0,Zero
DATAFLOW,OECD.ELS.SAE:DSD_EARNINGS@RMW(1.0),Real minimum wages at constant prices,I,GRC,Greece,SM_WG,Statutory minimum wages,USD_PPP,"US dollars, PPP converted",A,Annual,Q,Constant prices,_Z,Not applicable,_Z,Not applicable,1997,,17341.72602,,2024,,A,Normal value,0,Units,0,Zero
DATAFLOW,OECD.ELS.SAE:DSD_EARNINGS@RMW(1.0),Real minimum wages at constant prices,I,GRC,Greece,SM_WG,Statutory minimum wages,USD_PPP,"US dollars, PPP converted",A,Annual,Q,Constant prices,_Z,Not applicable,_Z,Not applicable,1998,,17450.18197,,2024,,A,Normal value,0,Units,0,Zero
DATAFLOW,OECD.ELS.SAE:DSD_EARNINGS@RMW(1.0),Real minimum wages at constant prices,I,GRC,Greece,SM_WG,Statutory minimum wages,USD_PPP,"US dollars, PPP converted",A,Annual,Q,Constant prices,_Z,Not applicable,_Z,Not applicable,1999,,17606.01497,,2024,,A,Normal value,0,Units,0,Zero
DATAFLOW,OECD.ELS.SAE:DSD_EARNINGS@RMW(1.0),Real minimum wages at constant prices,I,GRC,Greece,SM_WG,Statutory minimum wages,USD_PPP,"US dollars, PPP converted",A,Annual,Q,Constant prices,_Z,Not applicable,_Z,Not applicable,2000,,17786.19211,,2024,,A,Normal value,0,Units,0,Zero
DATAFLOW,OECD.ELS.SAE:DSD_EARNINGS@RMW(1.0),Real minimum wages at constant prices,I,GRC,Greece,SM_WG,Statutory minimum wages,USD_PPP,"US dollars, PPP converted",A,Annual,Q,Constant prices,_Z,Not applicable,_Z,Not applicable,2001,,17778.72081,,2024,,A,Normal value,0,Units,0,Zero
DATAFLOW,OECD.ELS.SAE:DSD_EARNINGS@RMW(1.0),Real minimum wages at constant prices,I,GRC,Greece,SM_WG,Statutory minimum wages,USD_PPP,"US dollars, PPP converted",A,Annual,Q,Constant prices,_Z,Not applicable,_Z,Not applicable,2002,,18070.07609,,2024,,A,Normal value,0,Units,0,Zero
DATAFLOW,OECD.ELS.SAE:DSD_EARNINGS@RMW(1.0),Real minimum wages at constant prices,I,GRC,Greece,SM_WG,Statutory minimum wages,USD_PPP,"US dollars, PPP converted",A,Annual,Q,Constant prices,_Z,Not applicable,_Z,Not applicable,2003,,18348.02418,,2024,,A,Normal value,0,Units,0,Zero
DATAFLOW,OECD.ELS.SAE:DSD_EARNINGS@RMW(1.0),Real minimum wages at constant prices,I,GRC,Greece,SM_WG,Statutory minimum wages,USD_PPP,"US dollars, PPP converted",A,Annual,Q,Constant prices,_Z,Not applicable,_Z,Not applicable,2004,,18744.62284,,2024,,A,Normal value,0,Units,0,Zero
DATAFLOW,OECD.ELS.SAE:DSD_EARNINGS@RMW(1.0),Real minimum wages at constant prices,I,GRC,Greece,SM_WG,Statutory minimum wages,USD_PPP,"US dollars, PPP converted",A,Annual,Q,Constant prices,_Z,Not applicable,_Z,Not applicable,2005,,19108.57292,,2024,,A,Normal value,0,Units,0,Zero
DATAFLOW,OECD.ELS.SAE:DSD_EARNINGS@RMW(1.0),Real minimum wages at constant prices,I,GRC,Greece,SM_WG,Statutory minimum wages,USD_PPP,"US dollars, PPP converted",A,Annual,Q,Constant prices,_Z,Not applicable,_Z,Not applicable,2006,,19660.76486,,2024,,A,Normal value,0,Units,0,Zero
DATAFLOW,OECD.ELS.SAE:DSD_EARNINGS@RMW(1.0),Real minimum wages at constant prices,I,GRC,Greece,SM_WG,Statutory minimum wages,USD_PPP,"US dollars, PPP converted",A,Annual,Q,Constant prices,_Z,Not applicable,_Z,Not applicable,2007,,20133.40356,,2024,,A,Normal value,0,Units,0,Zero
DATAFLOW,OECD.ELS.SAE:DSD_EARNINGS@RMW(1.0),Real minimum wages at constant prices,I,GRC,Greece,SM_WG,Statutory minimum wages,USD_PPP,"US dollars, PPP converted",A,Annual,Q,Constant prices,_Z,Not applicable,_Z,Not applicable,2008,,20529.81175,,2024,,A,Normal value,0,Units,0,Zero
DATAFLOW,OECD.ELS.SAE:DSD_EARNINGS@RMW(1.0),Real minimum wages at constant prices,I,GRC,Greece,SM_WG,Statutory minimum wages,USD_PPP,"US dollars, PPP converted",A,Annual,Q,Constant prices,_Z,Not applicable,_Z,Not applicable,2009,,21446.86114,,2024,,A,Normal value,0,Units,0,Zero
DATAFLOW,OECD.ELS.SAE:DSD_EARNINGS@RMW(1.0),Real minimum wages at constant prices,I,GRC,Greece,SM_WG,Statutory minimum wages,USD_PPP,"US dollars, PPP converted",A,Annual,Q,Constant prices,_Z,Not applicable,_Z,Not applicable,2010,,20843.19676,,2024,,A,Normal value,0,Units,0,Zero
DATAFLOW,OECD.ELS.SAE:DSD_EARNINGS@RMW(1.0),Real minimum wages at constant prices,I,GRC,Greece,SM_WG,Statutory minimum wages,USD_PPP,"US dollars, PPP converted",A,Annual,Q,Constant prices,_Z,Not applicable,_Z,Not applicable,2011,,20333.36177,,2024,,A,Normal value,0,Units,0,Zero
DATAFLOW,OECD.ELS.SAE:DSD_EARNINGS@RMW(1.0),Real minimum wages at constant prices,I,GRC,Greece,SM_WG,Statutory minimum wages,USD_PPP,"US dollars, PPP converted",A,Annual,Q,Constant prices,_Z,Not applicable,_Z,Not applicable,2012,,16777.95668,,2024,,A,Normal value,0,Units,0,Zero
DATAFLOW,OECD.ELS.SAE:DSD_EARNINGS@RMW(1.0),Real minimum wages at constant prices,I,GRC,Greece,SM_WG,Statutory minimum wages,USD_PPP,"US dollars, PPP converted",A,Annual,Q,Constant prices,_Z,Not applicable,_Z,Not applicable,2013,,16376.44726,,2024,,A,Normal value,0,Units,0,Zero
DATAFLOW,OECD.ELS.SAE:DSD_EARNINGS@RMW(1.0),Real minimum wages at constant prices,I,GRC,Greece,SM_WG,Statutory minimum wages,USD_PPP,"US dollars, PPP converted",A,Annual,Q,Constant prices,_Z,Not applicable,_Z,Not applicable,2014,,16594.20641,,2024,,A,Normal value,0,Units,0,Zero
DATAFLOW,OECD.ELS.SAE:DSD_EARNINGS@RMW(1.0),Real minimum wages at constant prices,I,GRC,Greece,SM_WG,Statutory minimum wages,USD_PPP,"US dollars, PPP converted",A,Annual,Q,Constant prices,_Z,Not applicable,_Z,Not applicable,2015,,16887.35966,,2024,,A,Normal value,0,Units,0,Zero
DATAFLOW,OECD.ELS.SAE:DSD_EARNINGS@RMW(1.0),Real minimum wages at constant prices,I,GRC,Greece,SM_WG,Statutory minimum wages,USD_PPP,"US dollars, PPP converted",A,Annual,Q,Constant prices,_Z,Not applicable,_Z,Not applicable,2016,,17027.95265,,2024,,A,Normal value,0,Units,0,Zero
DATAFLOW,OECD.ELS.SAE:DSD_EARNINGS@RMW(1.0),Real minimum wages at constant prices,I,GRC,Greece,SM_WG,Statutory minimum wages,USD_PPP,"US dollars, PPP converted",A,Annual,Q,Constant prices,_Z,Not applicable,_Z,Not applicable,2017,,16839.14918,,2024,,A,Normal value,0,Units,0,Zero
DATAFLOW,OECD.ELS.SAE:DSD_EARNINGS@RMW(1.0),Real minimum wages at constant prices,I,GRC,Greece,SM_WG,Statutory minimum wages,USD_PPP,"US dollars, PPP converted",A,Annual,Q,Constant prices,_Z,Not applicable,_Z,Not applicable,2018,,16734.1956,,2024,,A,Normal value,0,Units,0,Zero
DATAFLOW,OECD.ELS.SAE:DSD_EARNINGS@RMW(1.0),Real minimum wages at constant prices,I,GRC,Greece,SM_WG,Statutory minimum wages,USD_PPP,"US dollars, PPP converted",A,Annual,Q,Constant prices,_Z,Not applicable,_Z,Not applicable,2019,,18360.1464,,2024,,A,Normal value,0,Units,0,Zero
DATAFLOW,OECD.ELS.SAE:DSD_EARNINGS@RMW(1.0),Real minimum wages at constant prices,I,GRC,Greece,SM_WG,Statutory minimum wages,USD_PPP,"US dollars, PPP converted",A,Annual,Q,Constant prices,_Z,Not applicable,_Z,Not applicable,2020,,18746.6842,,2024,,A,Normal value,0,Units,0,Zero
DATAFLOW,OECD.ELS.SAE:DSD_EARNINGS@RMW(1.0),Real minimum wages at constant prices,I,GRC,Greece,SM_WG,Statutory minimum wages,USD_PPP,"US dollars, PPP converted",A,Annual,Q,Constant prices,_Z,Not applicable,_Z,Not applicable,2021,,18519.94649,,2024,,A,Normal value,0,Units,0,Zero
DATAFLOW,OECD.ELS.SAE:DSD_EARNINGS@RMW(1.0),Real minimum wages at constant prices,I,GRC,Greece,SM_WG,Statutory minimum wages,USD_PPP,"US dollars, PPP converted",A,Annual,Q,Constant prices,_Z,Not applicable,_Z,Not applicable,2022,,18094.82198,,2024,,A,Normal value,0,Units,0,Zero
DATAFLOW,OECD.ELS.SAE:DSD_EARNINGS@RMW(1.0),Real minimum wages at constant prices,I,GRC,Greece,SM_WG,Statutory minimum wages,USD_PPP,"US dollars, PPP converted",A,Annual,Q,Constant prices,_Z,Not applicable,_Z,Not applicable,2023,,19169.5728,,2024,,A,Normal value,0,Units,0,Zero
DATAFLOW,OECD.ELS.SAE:DSD_EARNINGS@RMW(1.0),Real minimum wages at constant prices,I,GRC,Greece,SM_WG,Statutory minimum wages,USD_PPP,"US dollars, PPP converted",A,Annual,Q,Constant prices,_Z,Not applicable,_Z,Not applicable,2024,,19984.19769,,2024,,A,Normal value,0,Units,0,Zero
DATAFLOW,OECD.ELS.SAE:DSD_EARNINGS@RMW(1.0),Real minimum wages at constant prices,I,FRA,France,SM_WG,Statutory minimum wages,USD_PPP,"US dollars, PPP converted",A,Annual,Q,Constant prices,_Z,Not applicable,_Z,Not applicable,1960,,8253.670818,,2024,,A,Normal value,0,Units,0,Zero
DATAFLOW,OECD.ELS.SAE:DSD_EARNINGS@RMW(1.0),Real minimum wages at constant prices,I,FRA,France,SM_WG,Statutory minimum wages,USD_PPP,"US dollars, PPP converted",A,Annual,Q,Constant prices,_Z,Not applicable,_Z,Not applicable,1961,,8336.800752,,2024,,A,Normal value,0,Units,0,Zero
DATAFLOW,OECD.ELS.SAE:DSD_EARNINGS@RMW(1.0),Real minimum wages at constant prices,I,FRA,France,SM_WG,Statutory minimum wages,USD_PPP,"US dollars, PPP converted",A,Annual,Q,Constant prices,_Z,Not applicable,_Z,Not applicable,1962,,8310.20396,,2024,,A,Normal value,0,Units,0,Zero
DATAFLOW,OECD.ELS.SAE:DSD_EARNINGS@RMW(1.0),Real minimum wages at constant prices,I,FRA,France,SM_WG,Statutory minimum wages,USD_PPP,"US dollars, PPP converted",A,Annual,Q,Constant prices,_Z,Not applicable,_Z,Not applicable,1963,,8565.32667,,2024,,A,Normal value,0,Units,0,Zero
DATAFLOW,OECD.ELS.SAE:DSD_EARNINGS@RMW(1.0),Real minimum wages at constant prices,I,FRA,France,SM_WG,Statutory minimum wages,USD_PPP,"US dollars, PPP converted",A,Annual,Q,Constant prices,_Z,Not applicable,_Z,Not applicable,1964,,8444.987442,,2024,,A,Normal value,0,Units,0,Zero
DATAFLOW,OECD.ELS.SAE:DSD_EARNINGS@RMW(1.0),Real minimum wages at constant prices,I,FRA,France,SM_WG,Statutory minimum wages,USD_PPP,"US dollars, PPP converted",A,Annual,Q,Constant prices,_Z,Not applicable,_Z,Not applicable,1965,,8552.859109,,2024,,A,Normal value,0,Units,0,Zero
DATAFLOW,OECD.ELS.SAE:DSD_EARNINGS@RMW(1.0),Real minimum wages at constant prices,I,FRA,France,SM_WG,Statutory minimum wages,USD_PPP,"US dollars, PPP converted",A,Annual,Q,Constant prices,_Z,Not applicable,_Z,Not applicable,1966,,8635.137502,,2024,,A,Normal value,0,Units,0,Zero
DATAFLOW,OECD.ELS.SAE:DSD_EARNINGS@RMW(1.0),Real minimum wages at constant prices,I,FRA,France,SM_WG,Statutory minimum wages,USD_PPP,"US dollars, PPP converted",A,Annual,Q,Constant prices,_Z,Not applicable,_Z,Not applicable,1967,,8737.167663,,2024,,A,Normal value,0,Units,0,Zero
DATAFLOW,OECD.ELS.SAE:DSD_EARNINGS@RMW(1.0),Real minimum wages at constant prices,I,FRA,France,SM_WG,Statutory minimum wages,USD_PPP,"US dollars, PPP converted",A,Annual,Q,Constant prices,_Z,Not applicable,_Z,Not applicable,1968,,10563.97534,,2024,,A,Normal value,0,Units,0,Zero
DATAFLOW,OECD.ELS.SAE:DSD_EARNINGS@RMW(1.0),Real minimum wages at constant prices,I,FRA,France,SM_WG,Statutory minimum wages,USD_PPP,"US dollars, PPP converted",A,Annual,Q,Constant prices,_Z,Not applicable,_Z,Not applicable,1969,,11700.12497,,2024,,A,Normal value,0,Units,0,Zero
DATAFLOW,OECD.ELS.SAE:DSD_EARNINGS@RMW(1.0),Real minimum wages at constant prices,I,FRA,France,SM_WG,Statutory minimum wages,USD_PPP,"US dollars, PPP converted",A,Annual,Q,Constant prices,_Z,Not applicable,_Z,Not applicable,1970,,11935.84224,,2024,,A,Normal value,0,Units,0,Zero
DATAFLOW,OECD.ELS.SAE:DSD_EARNINGS@RMW(1.0),Real minimum wages at constant prices,I,FRA,France,SM_WG,Statutory minimum wages,USD_PPP,"US dollars, PPP converted",A,Annual,Q,Constant prices,_Z,Not applicable,_Z,Not applicable,1971,,12525.96728,,2024,,A,Normal value,0,Units,0,Zero
DATAFLOW,OECD.ELS.SAE:DSD_EARNINGS@RMW(1.0),Real minimum wages at constant prices,I,FRA,France,SM_WG,Statutory minimum wages,USD_PPP,"US dollars, PPP converted",A,Annual,Q,Constant prices,_Z,Not applicable,_Z,Not applicable,1972,,13183.87673,,2024,,A,Normal value,0,Units,0,Zero
DATAFLOW,OECD.ELS.SAE:DSD_EARNINGS@RMW(1.0),Real minimum wages at constant prices,I,FRA,France,SM_WG,Statutory minimum wages,USD_PPP,"US dollars, PPP converted",A,Annual,Q,Constant prices,_Z,Not applicable,_Z,Not applicable,1973,,14483.40257,,2024,,A,Normal value,0,Units,0,Zero
DATAFLOW,OECD.ELS.SAE:DSD_EARNINGS@RMW(1.0),Real minimum wages at constant prices,I,FRA,France,SM_WG,Statutory minimum wages,USD_PPP,"US dollars, PPP converted",A,Annual,Q,Constant prices,_Z,Not applicable,_Z,Not applicable,1974,,15711.96194,,2024,,A,Normal value,0,Units,0,Zero
DATAFLOW,OECD.ELS.SAE:DSD_EARNINGS@RMW(1.0),Real minimum wages at constant prices,I,FRA,France,SM_WG,Statutory minimum wages,USD_PPP,"US dollars, PPP converted",A,Annual,Q,Constant prices,_Z,Not applicable,_Z,Not applicable,1975,,16775.9708,,2024,,A,Normal value,0,Units,0,Zero
DATAFLOW,OECD.ELS.SAE:DSD_EARNINGS@RMW(1.0),Real minimum wages at constant prices,I,FRA,France,SM_WG,Statutory minimum wages,USD_PPP,"US dollars, PPP converted",A,Annual,Q,Constant prices,_Z,Not applicable,_Z,Not applicable,1976,,17531.85542,,2024,,A,Normal value,0,Units,0,Zero
DATAFLOW,OECD.ELS.SAE:DSD_EARNINGS@RMW(1.0),Real minimum wages at constant prices,I,FRA,France,SM_WG,Statutory minimum wages,USD_PPP,"US dollars, PPP converted",A,Annual,Q,Constant prices,_Z,Not applicable,_Z,Not applicable,1977,,18015.56185,,2024,,A,Normal value,0,Units,0,Zero
DATAFLOW,OECD.ELS.SAE:DSD_EARNINGS@RMW(1.0),Real minimum wages at constant prices,I,FRA,France,SM_WG,Statutory minimum wages,USD_PPP,"US dollars, PPP converted",A,Annual,Q,Constant prices,_Z,Not applicable,_Z,Not applicable,1978,,18622.10537,,2024,,A,Normal value,0,Units,0,Zero
DATAFLOW,OECD.ELS.SAE:DSD_EARNINGS@RMW(1.0),Real minimum wages at constant prices,I,FRA,France,SM_WG,Statutory minimum wages,USD_PPP,"US dollars, PPP converted",A,Annual,Q,Constant prices,_Z,Not applicable,_Z,Not applicable,1979,,18930.83867,,2024,,A,Normal value,0,Units,0,Zero
DATAFLOW,OECD.ELS.SAE:DSD_EARNINGS@RMW(1.0),Real minimum wages at constant prices,I,FRA,France,SM_WG,Statutory minimum wages,USD_PPP,"US dollars, PPP converted",A,Annual,Q,Constant prices,_Z,Not applicable,_Z,Not applicable,1980,,19284.01952,,2024,,A,Normal value,0,Units,0,Zero
DATAFLOW,OECD.ELS.SAE:DSD_EARNINGS@RMW(1.0),Real minimum wages at constant prices,I,FRA,France,SM_WG,Statutory minimum wages,USD_PPP,"US dollars, PPP converted",A,Annual,Q,Constant prices,_Z,Not applicable,_Z,Not applicable,1981,,20107.45846,,2024,,A,Normal value,0,Units,0,Zero
DATAFLOW,OECD.ELS.SAE:DSD_EARNINGS@RMW(1.0),Real minimum wages at constant prices,I,FRA,France,SM_WG,Statutory minimum wages,USD_PPP,"US dollars, PPP converted",A,Annual,Q,Constant prices,_Z,Not applicable,_Z,Not applicable,1982,,21119.06084,,2024,,A,Normal value,0,Units,0,Zero
DATAFLOW,OECD.ELS.SAE:DSD_EARNINGS@RMW(1.0),Real minimum wages at constant prices,I,FRA,France,SM_WG,Statutory minimum wages,USD_PPP,"US dollars, PPP converted",A,Annual,Q,Constant prices,_Z,Not applicable,_Z,Not applicable,1983,,21627.19452,,2024,,A,Normal value,0,Units,0,Zero
DATAFLOW,OECD.ELS.SAE:DSD_EARNINGS@RMW(1.0),Real minimum wages at constant prices,I,FRA,France,SM_WG,Statutory minimum wages,USD_PPP,"US dollars, PPP converted",A,Annual,Q,Constant prices,_Z,Not applicable,_Z,Not applicable,1984,,21976.90654,,2024,,A,Normal value,0,Units,0,Zero
DATAFLOW,OECD.ELS.SAE:DSD_EARNINGS@RMW(1.0),Real minimum wages at constant prices,I,FRA,France,SM_WG,Statutory minimum wages,USD_PPP,"US dollars, PPP converted",A,Annual,Q,Constant prices,_Z,Not applicable,_Z,Not applicable,1985,,22089.46036,,2024,,A,Normal value,0,Units,0,Zero
DATAFLOW,OECD.ELS.SAE:DSD_EARNINGS@RMW(1.0),Real minimum wages at constant prices,I,FRA,France,SM_WG,Statutory minimum wages,USD_PPP,"US dollars, PPP converted",A,Annual,Q,Constant prices,_Z,Not applicable,_Z,Not applicable,1986,,22271.62193,,2024,,A,Normal value,0,Units,0,Zero
DATAFLOW,OECD.ELS.SAE:DSD_EARNINGS@RMW(1.0),Real minimum wages at constant prices,I,FRA,France,SM_WG,Statutory minimum wages,USD_PPP,"US dollars, PPP converted",A,Annual,Q,Constant prices,_Z,Not applicable,_Z,Not applicable,1987,,22424.95419,,2024,,A,Normal value,0,Units,0,Zero
DATAFLOW,OECD.ELS.SAE:DSD_EARNINGS@RMW(1.0),Real minimum wages at constant prices,I,FRA,France,SM_WG,Statutory minimum wages,USD_PPP,"US dollars, PPP converted",A,Annual,Q,Constant prices,_Z,Not applicable,_Z,Not applicable,1988,,22432.61757,,2024,,A,Normal value,0,Units,0,Zero
DATAFLOW,OECD.ELS.SAE:DSD_EARNINGS@RMW(1.0),Real minimum wages at constant prices,I,FRA,France,SM_WG,Statutory minimum wages,USD_PPP,"US dollars, PPP converted",A,Annual,Q,Constant prices,_Z,Not applicable,_Z,Not applicable,1989,,22602.92815,,2024,,A,Normal value,0,Units,0,Zero
DATAFLOW,OECD.ELS.SAE:DSD_EARNINGS@RMW(1.0),Real minimum wages at constant prices,I,FRA,France,SM_WG,Statutory minimum wages,USD_PPP,"US dollars, PPP converted",A,Annual,Q,Constant prices,_Z,Not applicable,_Z,Not applicable,1990,,22839.5568,,2024,,A,Normal value,0,Units,0,Zero
DATAFLOW,OECD.ELS.SAE:DSD_EARNINGS@RMW(1.0),Real minimum wages at constant prices,I,FRA,France,SM_WG,Statutory minimum wages,USD_PPP,"US dollars, PPP converted",A,Annual,Q,Constant prices,_Z,Not applicable,_Z,Not applicable,1991,,23208.39438,,2024,,A,Normal value,0,Units,0,Zero
DATAFLOW,OECD.ELS.SAE:DSD_EARNINGS@RMW(1.0),Real minimum wages at constant prices,I,FRA,France,SM_WG,Statutory minimum wages,USD_PPP,"US dollars, PPP converted",A,Annual,Q,Constant prices,_Z,Not applicable,_Z,Not applicable,1992,,23562.49065,,2024,,A,Normal value,0,Units,0,Zero
DATAFLOW,OECD.ELS.SAE:DSD_EARNINGS@RMW(1.0),Real minimum wages at constant prices,I,FRA,France,SM_WG,Statutory minimum wages,USD_PPP,"US dollars, PPP converted",A,Annual,Q,Constant prices,_Z,Not applicable,_Z,Not applicable,1993,,23670.48997,,2024,,A,Normal value,0,Units,0,Zero
DATAFLOW,OECD.ELS.SAE:DSD_EARNINGS@RMW(1.0),Real minimum wages at constant prices,I,FRA,France,SM_WG,Statutory minimum wages,USD_PPP,"US dollars, PPP converted",A,Annual,Q,Constant prices,_Z,Not applicable,_Z,Not applicable,1994,,23795.05451,,2024,,A,Normal value,0,Units,0,Zero
DATAFLOW,OECD.ELS.SAE:DSD_EARNINGS@RMW(1.0),Real minimum wages at constant prices,I,FRA,France,SM_WG,Statutory minimum wages,USD_PPP,"US dollars, PPP converted",A,Annual,Q,Constant prices,_Z,Not applicable,_Z,Not applicable,1995,,24094.02204,,2024,,A,Normal value,0,Units,0,Zero
DATAFLOW,OECD.ELS.SAE:DSD_EARNINGS@RMW(1.0),Real minimum wages at constant prices,I,FRA,France,SM_WG,Statutory minimum wages,USD_PPP,"US dollars, PPP converted",A,Annual,Q,Constant prices,_Z,Not applicable,_Z,Not applicable,1996,,24472.88482,,2024,,A,Normal value,0,Units,0,Zero
DATAFLOW,OECD.ELS.SAE:DSD_EARNINGS@RMW(1.0),Real minimum wages at constant prices,I,FRA,France,SM_WG,Statutory minimum wages,USD_PPP,"US dollars, PPP converted",A,Annual,Q,Constant prices,_Z,Not applicable,_Z,Not applicable,1997,,24885.32073,,2024,,A,Normal value,0,Units,0,Zero
DATAFLOW,OECD.ELS.SAE:DSD_EARNINGS@RMW(1.0),Real minimum wages at constant prices,I,FRA,France,SM_WG,Statutory minimum wages,USD_PPP,"US dollars, PPP converted",A,Annual,Q,Constant prices,_Z,Not applicable,_Z,Not applicable,1998,,25458.30595,,2024,,A,Normal value,0,Units,0,Zero
DATAFLOW,OECD.ELS.SAE:DSD_EARNINGS@RMW(1.0),Real minimum wages at constant prices,I,FRA,France,SM_WG,Statutory minimum wages,USD_PPP,"US dollars, PPP converted",A,Annual,Q,Constant prices,_Z,Not applicable,_Z,Not applicable,1999,,25739.46383,,2024,,A,Normal value,0,Units,0,Zero
DATAFLOW,OECD.ELS.SAE:DSD_EARNINGS@RMW(1.0),Real minimum wages at constant prices,I,FRA,France,SM_WG,Statutory minimum wages,USD_PPP,"US dollars, PPP converted",A,Annual,Q,Constant prices,_Z,Not applicable,_Z,Not applicable,2000,,23234.21673,,2024,,A,Normal value,0,Units,0,Zero
DATAFLOW,OECD.ELS.SAE:DSD_EARNINGS@RMW(1.0),Real minimum wages at constant prices,I,FRA,France,SM_WG,Statutory minimum wages,USD_PPP,"US dollars, PPP converted",A,Annual,Q,Constant prices,_Z,Not applicable,_Z,Not applicable,2001,,23693.80788,,2024,,A,Normal value,0,Units,0,Zero
DATAFLOW,OECD.ELS.SAE:DSD_EARNINGS@RMW(1.0),Real minimum wages at constant prices,I,FRA,France,SM_WG,Statutory minimum wages,USD_PPP,"US dollars, PPP converted",A,Annual,Q,Constant prices,_Z,Not applicable,_Z,Not applicable,2002,,23993.13137,,2024,,A,Normal value,0,Units,0,Zero
DATAFLOW,OECD.ELS.SAE:DSD_EARNINGS@RMW(1.0),Real minimum wages at constant prices,I,FRA,France,SM_WG,Statutory minimum wages,USD_PPP,"US dollars, PPP converted",A,Annual,Q,Constant prices,_Z,Not applicable,_Z,Not applicable,2003,,24405.096,,2024,,A,Normal value,0,Units,0,Zero
DATAFLOW,OECD.ELS.SAE:DSD_EARNINGS@RMW(1.0),Real minimum wages at constant prices,I,FRA,France,SM_WG,Statutory minimum wages,USD_PPP,"US dollars, PPP converted",A,Annual,Q,Constant prices,_Z,Not applicable,_Z,Not applicable,2004,,25222.58667,,2024,,A,Normal value,0,Units,0,Zero
DATAFLOW,OECD.ELS.SAE:DSD_EARNINGS@RMW(1.0),Real minimum wages at constant prices,I,FRA,France,SM_WG,Statutory minimum wages,USD_PPP,"US dollars, PPP converted",A,Annual,Q,Constant prices,_Z,Not applicable,_Z,Not applicable,2005,,26196.78152,,2024,,A,Normal value,0,Units,0,Zero
DATAFLOW,OECD.ELS.SAE:DSD_EARNINGS@RMW(1.0),Real minimum wages at constant prices,I,FRA,France,SM_WG,Statutory minimum wages,USD_PPP,"US dollars, PPP converted",A,Annual,Q,Constant prices,_Z,Not applicable,_Z,Not applicable,2006,,26852.45918,,2024,,A,Normal value,0,Units,0,Zero
DATAFLOW,OECD.ELS.SAE:DSD_EARNINGS@RMW(1.0),Real minimum wages at constant prices,I,FRA,France,SM_WG,Statutory minimum wages,USD_PPP,"US dollars, PPP converted",A,Annual,Q,Constant prices,_Z,Not applicable,_Z,Not applicable,2007,,27124.35554,,2024,,A,Normal value,0,Units,0,Zero
DATAFLOW,OECD.ELS.SAE:DSD_EARNINGS@RMW(1.0),Real minimum wages at constant prices,I,FRA,France,SM_WG,Statutory minimum wages,USD_PPP,"US dollars, PPP converted",A,Annual,Q,Constant prices,_Z,Not applicable,_Z,Not applicable,2008,,27176.98334,,2024,,A,Normal value,0,Units,0,Zero
DATAFLOW,OECD.ELS.SAE:DSD_EARNINGS@RMW(1.0),Real minimum wages at constant prices,I,FRA,France,SM_WG,Statutory minimum wages,USD_PPP,"US dollars, PPP converted",A,Annual,Q,Constant prices,_Z,Not applicable,_Z,Not applicable,2009,,27652.70437,,2024,,A,Normal value,0,Units,0,Zero
DATAFLOW,OECD.ELS.SAE:DSD_EARNINGS@RMW(1.0),Real minimum wages at constant prices,I,FRA,France,SM_WG,Statutory minimum wages,USD_PPP,"US dollars, PPP converted",A,Annual,Q,Constant prices,_Z,Not applicable,_Z,Not applicable,2010,,27468.74247,,2024,,A,Normal value,0,Units,0,Zero
DATAFLOW,OECD.ELS.SAE:DSD_EARNINGS@RMW(1.0),Real minimum wages at constant prices,I,FRA,France,SM_WG,Statutory minimum wages,USD_PPP,"US dollars, PPP converted",A,Annual,Q,Constant prices,_Z,Not applicable,_Z,Not applicable,2011,,27435.75167,,2024,,A,Normal value,0,Units,0,Zero
DATAFLOW,OECD.ELS.SAE:DSD_EARNINGS@RMW(1.0),Real minimum wages at constant prices,I,FRA,France,SM_WG,Statutory minimum wages,USD_PPP,"US dollars, PPP converted",A,Annual,Q,Constant prices,_Z,Not applicable,_Z,Not applicable,2012,,27787.94977,,2024,,A,Normal value,0,Units,0,Zero
DATAFLOW,OECD.ELS.SAE:DSD_EARNINGS@RMW(1.0),Real minimum wages at constant prices,I,FRA,France,SM_WG,Statutory minimum wages,USD_PPP,"US dollars, PPP converted",A,Annual,Q,Constant prices,_Z,Not applicable,_Z,Not applicable,2013,,27905.0964,,2024,,A,Normal value,0,Units,0,Zero
DATAFLOW,OECD.ELS.SAE:DSD_EARNINGS@RMW(1.0),Real minimum wages at constant prices,I,FRA,France,SM_WG,Statutory minimum wages,USD_PPP,"US dollars, PPP converted",A,Annual,Q,Constant prices,_Z,Not applicable,_Z,Not applicable,2014,,28058.41487,,2024,,A,Normal value,0,Units,0,Zero
DATAFLOW,OECD.ELS.SAE:DSD_EARNINGS@RMW(1.0),Real minimum wages at constant prices,I,FRA,France,SM_WG,Statutory minimum wages,USD_PPP,"US dollars, PPP converted",A,Annual,Q,Constant prices,_Z,Not applicable,_Z,Not applicable,2015,,28283.47205,,2024,,A,Normal value,0,Units,0,Zero
DATAFLOW,OECD.ELS.SAE:DSD_EARNINGS@RMW(1.0),Real minimum wages at constant prices,I,FRA,France,SM_WG,Statutory minimum wages,USD_PPP,"US dollars, PPP converted",A,Annual,Q,Constant prices,_Z,Not applicable,_Z,Not applicable,2016,,28407.97862,,2024,,A,Normal value,0,Units,0,Zero
DATAFLOW,OECD.ELS.SAE:DSD_EARNINGS@RMW(1.0),Real minimum wages at constant prices,I,FRA,France,SM_WG,Statutory minimum wages,USD_PPP,"US dollars, PPP converted",A,Annual,Q,Constant prices,_Z,Not applicable,_Z,Not applicable,2017,,28379.40973,,2024,,A,Normal value,0,Units,0,Zero
DATAFLOW,OECD.ELS.SAE:DSD_EARNINGS@RMW(1.0),Real minimum wages at constant prices,I,FRA,France,SM_WG,Statutory minimum wages,USD_PPP,"US dollars, PPP converted",A,Annual,Q,Constant prices,_Z,Not applicable,_Z,Not applicable,2018,,28206.29914,,2024,,A,Normal value,0,Units,0,Zero
DATAFLOW,OECD.ELS.SAE:DSD_EARNINGS@RMW(1.0),Real minimum wages at constant prices,I,FRA,France,SM_WG,Statutory minimum wages,USD_PPP,"US dollars, PPP converted",A,Annual,Q,Constant prices,_Z,Not applicable,_Z,Not applicable,2019,,28320.66629,,2024,,A,Normal value,0,Units,0,Zero
DATAFLOW,OECD.ELS.SAE:DSD_EARNINGS@RMW(1.0),Real minimum wages at constant prices,I,FRA,France,SM_WG,Statutory minimum wages,USD_PPP,"US dollars, PPP converted",A,Annual,Q,Constant prices,_Z,Not applicable,_Z,Not applicable,2020,,28523.57343,,2024,,A,Normal value,0,Units,0,Zero
DATAFLOW,OECD.ELS.SAE:DSD_EARNINGS@RMW(1.0),Real minimum wages at constant prices,I,FRA,France,SM_WG,Statutory minimum wages,USD_PPP,"US dollars, PPP converted",A,Annual,Q,Constant prices,_Z,Not applicable,_Z,Not applicable,2021,,28498.61672,,2024,,A,Normal value,0,Units,0,Zero
DATAFLOW,OECD.ELS.SAE:DSD_EARNINGS@RMW(1.0),Real minimum wages at constant prices,I,FRA,France,SM_WG,Statutory minimum wages,USD_PPP,"US dollars, PPP converted",A,Annual,Q,Constant prices,_Z,Not applicable,_Z,Not applicable,2022,,28504.81882,,2024,,A,Normal value,0,Units,0,Zero
DATAFLOW,OECD.ELS.SAE:DSD_EARNINGS@RMW(1.0),Real minimum wages at constant prices,I,FRA,France,SM_WG,Statutory minimum wages,USD_PPP,"US dollars, PPP converted",A,Annual,Q,Constant prices,_Z,Not applicable,_Z,Not applicable,2023,,28652.84234,,2024,,A,Normal value,0,Units,0,Zero
DATAFLOW,OECD.ELS.SAE:DSD_EARNINGS@RMW(1.0),Real minimum wages at constant prices,I,FRA,France,SM_WG,Statutory minimum wages,USD_PPP,"US dollars, PPP converted",A,Annual,Q,Constant prices,_Z,Not applicable,_Z,Not applicable,2024,,28709.51068,,2024,,A,Normal value,0,Units,0,Zero
DATAFLOW,OECD.ELS.SAE:DSD_EARNINGS@RMW(1.0),Real minimum wages at constant prices,I,CAN,Canada,SM_WG,Statutory minimum wages,USD_PPP,"US dollars, PPP converted",A,Annual,Q,Constant prices,_Z,Not applicable,_Z,Not applicable,2017,,24336.9948835298,,2024,,A,Normal value,0,Units,0,Zero
DATAFLOW,OECD.ELS.SAE:DSD_EARNINGS@RMW(1.0),Real minimum wages at constant prices,I,CAN,Canada,SM_WG,Statutory minimum wages,USD_PPP,"US dollars, PPP converted",A,Annual,Q,Constant prices,_Z,Not applicable,_Z,Not applicable,2024,,27984.8471435563,,2024,,A,Normal value,0,Units,0,Zero
DATAFLOW,OECD.ELS.SAE:DSD_EARNINGS@RMW(1.0),Real minimum wages at constant prices,I,NLD,Netherlands,SM_WG,Statutory minimum wages,USD_PPP,"US dollars, PPP converted",A,Annual,Q,Constant prices,_Z,Not applicable,_Z,Not applicable,2024,,35250,,2024,,A,Normal value,0,Units,0,Zero
