country,year,value,pop,start_val,end_val,diff_end_start,country_val_str,facet_id,var,start_year
Észtország,2004,72.3751,1362623,72.3751,79.1535,6.778399999999991,Észtország (+6.8),év,value,2004
Észtország,2005,73.0276,1354799,72.3751,79.1535,6.778399999999991,Észtország (+6.8),év,value,2004
Észtország,2006,73.1995,1346833,72.3751,79.1535,6.778399999999991,Észtország (+6.8),év,value,2004
Észtország,2007,73.1534,1340672,72.3751,79.1535,6.778399999999991,Észtország (+6.8),év,value,2004
Észtország,2008,74.2787,1337032,72.3751,79.1535,6.778399999999991,Észtország (+6.8),év,value,2004
Észtország,2009,75.1519,1334487,72.3751,79.1535,6.778399999999991,Észtország (+6.8),év,value,2004
Észtország,2010,75.8816,1331406,72.3751,79.1535,6.778399999999991,Észtország (+6.8),év,value,2004
Észtország,2011,76.3462,1327315,72.3751,79.1535,6.778399999999991,Észtország (+6.8),év,value,2004
Észtország,2012,76.4159,1322570,72.3751,79.1535,6.778399999999991,Észtország (+6.8),év,value,2004
Észtország,2013,77.252,1317872,72.3751,79.1535,6.778399999999991,Észtország (+6.8),év,value,2004
Észtország,2014,77.1104,1314402,72.3751,79.1535,6.778399999999991,Észtország (+6.8),év,value,2004
Észtország,2015,77.665,1314538,72.3751,79.1535,6.778399999999991,Észtország (+6.8),év,value,2004
Észtország,2016,77.7631,1315802,72.3751,79.1535,6.778399999999991,Észtország (+6.8),év,value,2004
Észtország,2017,78.1814,1317381,72.3751,79.1535,6.778399999999991,Észtország (+6.8),év,value,2004
Észtország,2018,78.3339,1321918,72.3751,79.1535,6.778399999999991,Észtország (+6.8),év,value,2004
Észtország,2019,78.7728,1326772,72.3751,79.1535,6.778399999999991,Észtország (+6.8),év,value,2004
Észtország,2020,78.8929,1329618,72.3751,79.1535,6.778399999999991,Észtország (+6.8),év,value,2004
Észtország,2021,77.4095,1331699,72.3751,79.1535,6.778399999999991,Észtország (+6.8),év,value,2004
Észtország,2022,78.1674,1350038,72.3751,79.1535,6.778399999999991,Észtország (+6.8),év,value,2004
Észtország,2023,79.1535,1367143,72.3751,79.1535,6.778399999999991,Észtország (+6.8),év,value,2004
Lettország,2004,70.9395,2264130,70.9395,76.1898,5.25030000000001,Lettország (+5.3),év,value,2004
Lettország,2005,70.6324,2239738,70.9395,76.1898,5.25030000000001,Lettország (+5.3),év,value,2004
Lettország,2006,70.5501,2218989,70.9395,76.1898,5.25030000000001,Lettország (+5.3),év,value,2004
Lettország,2007,70.7894,2200711,70.9395,76.1898,5.25030000000001,Lettország (+5.3),év,value,2004
Lettország,2008,71.999,2177658,70.9395,76.1898,5.25030000000001,Lettország (+5.3),év,value,2004
Lettország,2009,72.6966,2141988,70.9395,76.1898,5.25030000000001,Lettország (+5.3),év,value,2004
Lettország,2010,73.0285,2097787,70.9395,76.1898,5.25030000000001,Lettország (+5.3),év,value,2004
Lettország,2011,73.7176,2059892,70.9395,76.1898,5.25030000000001,Lettország (+5.3),év,value,2004
Lettország,2012,73.9387,2034577,70.9395,76.1898,5.25030000000001,Lettország (+5.3),év,value,2004
Lettország,2013,74.1873,2012960,70.9395,76.1898,5.25030000000001,Lettország (+5.3),év,value,2004
Lettország,2014,74.306,1994096,70.9395,76.1898,5.25030000000001,Lettország (+5.3),év,value,2004
Lettország,2015,74.6646,1977815,70.9395,76.1898,5.25030000000001,Lettország (+5.3),év,value,2004
Lettország,2016,74.7568,1959817,70.9395,76.1898,5.25030000000001,Lettország (+5.3),év,value,2004
Lettország,2017,74.8005,1942550,70.9395,76.1898,5.25030000000001,Lettország (+5.3),év,value,2004
Lettország,2018,74.9793,1927526,70.9395,76.1898,5.25030000000001,Lettország (+5.3),év,value,2004
Lettország,2019,75.6278,1914220,70.9395,76.1898,5.25030000000001,Lettország (+5.3),év,value,2004
Lettország,2020,75.4781,1901069,70.9395,76.1898,5.25030000000001,Lettország (+5.3),év,value,2004
Lettország,2021,73.1809,1885546,70.9395,76.1898,5.25030000000001,Lettország (+5.3),év,value,2004
Lettország,2022,74.8706,1881016,70.9395,76.1898,5.25030000000001,Lettország (+5.3),év,value,2004
Lettország,2023,76.1898,1882336,70.9395,76.1898,5.25030000000001,Lettország (+5.3),év,value,2004
Románia,2004,71.0957,21403163,71.0957,75.9381,4.842400000000012,Románia (+4.8),év,value,2004
Románia,2005,71.5808,21213352,71.0957,75.9381,4.842400000000012,Románia (+4.8),év,value,2004
Románia,2006,72.1693,21035673,71.0957,75.9381,4.842400000000012,Románia (+4.8),év,value,2004
Románia,2007,72.7922,20870655,71.0957,75.9381,4.842400000000012,Románia (+4.8),év,value,2004
Románia,2008,73.2158,20718693,71.0957,75.9381,4.842400000000012,Románia (+4.8),év,value,2004
Románia,2009,73.457,20576869,71.0957,75.9381,4.842400000000012,Románia (+4.8),év,value,2004
Románia,2010,73.5793,20432524,71.0957,75.9381,4.842400000000012,Románia (+4.8),év,value,2004
Románia,2011,74.2877,20281955,71.0957,75.9381,4.842400000000012,Románia (+4.8),év,value,2004
Románia,2012,74.314,20158399,71.0957,75.9381,4.842400000000012,Románia (+4.8),év,value,2004
Románia,2013,74.9179,20062861,71.0957,75.9381,4.842400000000012,Románia (+4.8),év,value,2004
Románia,2014,74.7654,19968125,71.0957,75.9381,4.842400000000012,Románia (+4.8),év,value,2004
Románia,2015,74.7371,19870968,71.0957,75.9381,4.842400000000012,Románia (+4.8),év,value,2004
Románia,2016,75.0209,19777001,71.0957,75.9381,4.842400000000012,Románia (+4.8),év,value,2004
Románia,2017,75.0236,19689357,71.0957,75.9381,4.842400000000012,Románia (+4.8),év,value,2004
Románia,2018,75.1033,19597823,71.0957,75.9381,4.842400000000012,Románia (+4.8),év,value,2004
Románia,2019,75.3288,19501499,71.0957,75.9381,4.842400000000012,Románia (+4.8),év,value,2004
Románia,2020,74.0464,19392420,71.0957,75.9381,4.842400000000012,Románia (+4.8),év,value,2004
Románia,2021,72.7405,19248115,71.0957,75.9381,4.842400000000012,Románia (+4.8),év,value,2004
Románia,2022,75.2614,19166726,71.0957,75.9381,4.842400000000012,Románia (+4.8),év,value,2004
Románia,2023,75.9381,19118433,71.0957,75.9381,4.842400000000012,Románia (+4.8),év,value,2004
Szlovénia,2004,76.9319,1993503,76.9319,81.6034,4.671499999999995,Szlovénia (+4.7),év,value,2004
Szlovénia,2005,77.5029,1996858,76.9319,81.6034,4.671499999999995,Szlovénia (+4.7),év,value,2004
Szlovénia,2006,77.8204,2003069,76.9319,81.6034,4.671499999999995,Szlovénia (+4.7),év,value,2004
Szlovénia,2007,78.2855,2014110,76.9319,81.6034,4.671499999999995,Szlovénia (+4.7),év,value,2004
Szlovénia,2008,78.595,2025041,76.9319,81.6034,4.671499999999995,Szlovénia (+4.7),év,value,2004
Szlovénia,2009,79.027,2035555,76.9319,81.6034,4.671499999999995,Szlovénia (+4.7),év,value,2004
Szlovénia,2010,79.3008,2044566,76.9319,81.6034,4.671499999999995,Szlovénia (+4.7),év,value,2004
Szlovénia,2011,79.5884,2048754,76.9319,81.6034,4.671499999999995,Szlovénia (+4.7),év,value,2004
Szlovénia,2012,79.7652,2053274,76.9319,81.6034,4.671499999999995,Szlovénia (+4.7),év,value,2004
Szlovénia,2013,80.0884,2056403,76.9319,81.6034,4.671499999999995,Szlovénia (+4.7),év,value,2004
Szlovénia,2014,80.2517,2058351,76.9319,81.6034,4.671499999999995,Szlovénia (+4.7),év,value,2004
Szlovénia,2015,80.4994,2059899,76.9319,81.6034,4.671499999999995,Szlovénia (+4.7),év,value,2004
Szlovénia,2016,80.512,2061329,76.9319,81.6034,4.671499999999995,Szlovénia (+4.7),év,value,2004
Szlovénia,2017,80.6163,2062366,76.9319,81.6034,4.671499999999995,Szlovénia (+4.7),év,value,2004
Szlovénia,2018,80.861,2069431,76.9319,81.6034,4.671499999999995,Szlovénia (+4.7),év,value,2004
Szlovénia,2019,81.007,2083395,76.9319,81.6034,4.671499999999995,Szlovénia (+4.7),év,value,2004
Szlovénia,2020,80.3641,2102370,76.9319,81.6034,4.671499999999995,Szlovénia (+4.7),év,value,2004
Szlovénia,2021,80.434,2113450,76.9319,81.6034,4.671499999999995,Szlovénia (+4.7),év,value,2004
Szlovénia,2022,80.7933,2115184,76.9319,81.6034,4.671499999999995,Szlovénia (+4.7),év,value,2004
Szlovénia,2023,81.6034,2118353,76.9319,81.6034,4.671499999999995,Szlovénia (+4.7),év,value,2004
Szlovákia,2004,74.2172,5375995,74.2172,78.3414,4.124199999999988,Szlovákia (+4.1),év,value,2004
Szlovákia,2005,74.1562,5376650,74.2172,78.3414,4.124199999999988,Szlovákia (+4.1),év,value,2004
Szlovákia,2006,74.4161,5376793,74.2172,78.3414,4.124199999999988,Szlovákia (+4.1),év,value,2004
Szlovákia,2007,74.4947,5376949,74.2172,78.3414,4.124199999999988,Szlovákia (+4.1),év,value,2004
Szlovákia,2008,74.8643,5379075,74.2172,78.3414,4.124199999999988,Szlovákia (+4.1),év,value,2004
Szlovákia,2009,75.2175,5385027,74.2172,78.3414,4.124199999999988,Szlovákia (+4.1),év,value,2004
Szlovákia,2010,75.4963,5391807,74.2172,78.3414,4.124199999999988,Szlovákia (+4.1),év,value,2004
Szlovákia,2011,76.0181,5398048,74.2172,78.3414,4.124199999999988,Szlovákia (+4.1),év,value,2004
Szlovákia,2012,76.1764,5404834,74.2172,78.3414,4.124199999999988,Szlovákia (+4.1),év,value,2004
Szlovákia,2013,76.5139,5410370,74.2172,78.3414,4.124199999999988,Szlovákia (+4.1),év,value,2004
Szlovákia,2014,76.8484,5415184,74.2172,78.3414,4.124199999999988,Szlovákia (+4.1),év,value,2004
Szlovákia,2015,76.6505,5420221,74.2172,78.3414,4.124199999999988,Szlovákia (+4.1),év,value,2004
Szlovákia,2016,77.2156,5427217,74.2172,78.3414,4.124199999999988,Szlovákia (+4.1),év,value,2004
Szlovákia,2017,77.22,5435643,74.2172,78.3414,4.124199999999988,Szlovákia (+4.1),év,value,2004
Szlovákia,2018,77.265,5443188,74.2172,78.3414,4.124199999999988,Szlovákia (+4.1),év,value,2004
Szlovákia,2019,77.6863,5450575,74.2172,78.3414,4.124199999999988,Szlovákia (+4.1),év,value,2004
Szlovákia,2020,76.8643,5454981,74.2172,78.3414,4.124199999999988,Szlovákia (+4.1),év,value,2004
Szlovákia,2021,74.5901,5442712,74.2172,78.3414,4.124199999999988,Szlovákia (+4.1),év,value,2004
Szlovákia,2022,77.0356,5473145,74.2172,78.3414,4.124199999999988,Szlovákia (+4.1),év,value,2004
Szlovákia,2023,78.3414,5518008,74.2172,78.3414,4.124199999999988,Szlovákia (+4.1),év,value,2004
Magyarország,2004,72.906,10085736,72.906,77.024,4.117999999999995,Magyarország (+4.1),év,value,2004
Magyarország,2005,72.8649,10065654,72.906,77.024,4.117999999999995,Magyarország (+4.1),év,value,2004
Magyarország,2006,73.3441,10049900,72.906,77.024,4.117999999999995,Magyarország (+4.1),év,value,2004
Magyarország,2007,73.4314,10034027,72.906,77.024,4.117999999999995,Magyarország (+4.1),év,value,2004
Magyarország,2008,73.9571,10016610,72.906,77.024,4.117999999999995,Magyarország (+4.1),év,value,2004
Magyarország,2009,74.179,10001329,72.906,77.024,4.117999999999995,Magyarország (+4.1),év,value,2004
Magyarország,2010,74.5189,9979076,72.906,77.024,4.117999999999995,Magyarország (+4.1),év,value,2004
Magyarország,2011,74.9226,9946626,72.906,77.024,4.117999999999995,Magyarország (+4.1),év,value,2004
Magyarország,2012,75.1826,9916568,72.906,77.024,4.117999999999995,Magyarország (+4.1),év,value,2004
Magyarország,2013,75.6827,9889294,72.906,77.024,4.117999999999995,Magyarország (+4.1),év,value,2004
Magyarország,2014,75.8493,9862785,72.906,77.024,4.117999999999995,Magyarország (+4.1),év,value,2004
Magyarország,2015,75.6536,9839162,72.906,77.024,4.117999999999995,Magyarország (+4.1),év,value,2004
Magyarország,2016,76.1569,9810479,72.906,77.024,4.117999999999995,Magyarország (+4.1),év,value,2004
Magyarország,2017,76.007,9785561,72.906,77.024,4.117999999999995,Magyarország (+4.1),év,value,2004
Magyarország,2018,76.2049,9774342,72.906,77.024,4.117999999999995,Magyarország (+4.1),év,value,2004
Magyarország,2019,76.4546,9770300,72.906,77.024,4.117999999999995,Magyarország (+4.1),év,value,2004
Magyarország,2020,75.7302,9749421,72.906,77.024,4.117999999999995,Magyarország (+4.1),év,value,2004
Magyarország,2021,74.1851,9707794,72.906,77.024,4.117999999999995,Magyarország (+4.1),év,value,2004
Magyarország,2022,76.2118,9684259,72.906,77.024,4.117999999999995,Magyarország (+4.1),év,value,2004
Magyarország,2023,77.024,9686418,72.906,77.024,4.117999999999995,Magyarország (+4.1),év,value,2004
Litvánia,2004,72.0009,3376654,72.0009,76.025,4.024100000000004,Litvánia (+4),év,value,2004
Litvánia,2005,71.2464,3322225,72.0009,76.025,4.024100000000004,Litvánia (+4),év,value,2004
Litvánia,2006,70.9639,3269761,72.0009,76.025,4.024100000000004,Litvánia (+4),év,value,2004
Litvánia,2007,70.6982,3231322,72.0009,76.025,4.024100000000004,Litvánia (+4),év,value,2004
Litvánia,2008,71.6959,3198432,72.0009,76.025,4.024100000000004,Litvánia (+4),év,value,2004
Litvánia,2009,72.8496,3163204,72.0009,76.025,4.024100000000004,Litvánia (+4),év,value,2004
Litvánia,2010,73.1962,3097660,72.0009,76.025,4.024100000000004,Litvánia (+4),év,value,2004
Litvánia,2011,73.608,3028588,72.0009,76.025,4.024100000000004,Litvánia (+4),év,value,2004
Litvánia,2012,73.9644,2988281,72.0009,76.025,4.024100000000004,Litvánia (+4),év,value,2004
Litvánia,2013,74.0268,2958306,72.0009,76.025,4.024100000000004,Litvánia (+4),év,value,2004
Litvánia,2014,74.596,2933118,72.0009,76.025,4.024100000000004,Litvánia (+4),év,value,2004
Litvánia,2015,74.4737,2905726,72.0009,76.025,4.024100000000004,Litvánia (+4),év,value,2004
Litvánia,2016,74.8195,2869051,72.0009,76.025,4.024100000000004,Litvánia (+4),év,value,2004
Litvánia,2017,75.7015,2829273,72.0009,76.025,4.024100000000004,Litvánia (+4),év,value,2004
Litvánia,2018,75.9091,2802430,72.0009,76.025,4.024100000000004,Litvánia (+4),év,value,2004
Litvánia,2019,76.4245,2795011,72.0009,76.025,4.024100000000004,Litvánia (+4),év,value,2004
Litvánia,2020,75.105,2795711,72.0009,76.025,4.024100000000004,Litvánia (+4),év,value,2004
Litvánia,2021,74.2967,2794443,72.0009,76.025,4.024100000000004,Litvánia (+4),év,value,2004
Litvánia,2022,74.696,2816872,72.0009,76.025,4.024100000000004,Litvánia (+4),év,value,2004
Litvánia,2023,76.025,2854061,72.0009,76.025,4.024100000000004,Litvánia (+4),év,value,2004
Csehország,2004,75.9416,10261411,75.9416,79.8341,3.8925000000000125,Csehország (+3.9),év,value,2004
Csehország,2005,76.1561,10280103,75.9416,79.8341,3.8925000000000125,Csehország (+3.9),év,value,2004
Csehország,2006,76.708,10304542,75.9416,79.8341,3.8925000000000125,Csehország (+3.9),év,value,2004
Csehország,2007,76.9189,10337488,75.9416,79.8341,3.8925000000000125,Csehország (+3.9),év,value,2004
Csehország,2008,77.1722,10378248,75.9416,79.8341,3.8925000000000125,Csehország (+3.9),év,value,2004
Csehország,2009,77.2578,10420931,75.9416,79.8341,3.8925000000000125,Csehország (+3.9),év,value,2004
Csehország,2010,77.5677,10463981,75.9416,79.8341,3.8925000000000125,Csehország (+3.9),év,value,2004
Csehország,2011,77.8144,10495455,75.9416,79.8341,3.8925000000000125,Csehország (+3.9),év,value,2004
Csehország,2012,77.9977,10507287,75.9416,79.8341,3.8925000000000125,Csehország (+3.9),év,value,2004
Csehország,2013,78.169,10511117,75.9416,79.8341,3.8925000000000125,Csehország (+3.9),év,value,2004
Csehország,2014,78.7439,10517176,75.9416,79.8341,3.8925000000000125,Csehország (+3.9),év,value,2004
Csehország,2015,78.5609,10524367,75.9416,79.8341,3.8925000000000125,Csehország (+3.9),év,value,2004
Csehország,2016,78.9744,10531895,75.9416,79.8341,3.8925000000000125,Csehország (+3.9),év,value,2004
Csehország,2017,78.926,10541301,75.9416,79.8341,3.8925000000000125,Csehország (+3.9),év,value,2004
Csehország,2018,78.9612,10548878,75.9416,79.8341,3.8925000000000125,Csehország (+3.9),év,value,2004
Csehország,2019,79.1853,10554819,75.9416,79.8341,3.8925000000000125,Csehország (+3.9),év,value,2004
Csehország,2020,78.237,10550083,75.9416,79.8341,3.8925000000000125,Csehország (+3.9),év,value,2004
Csehország,2021,77.2342,10530619,75.9416,79.8341,3.8925000000000125,Csehország (+3.9),év,value,2004
Csehország,2022,79.1648,10673169,75.9416,79.8341,3.8925000000000125,Csehország (+3.9),év,value,2004
Csehország,2023,79.8341,10809674,75.9416,79.8341,3.8925000000000125,Csehország (+3.9),év,value,2004
Lengyelország,2004,74.9434,38167521,74.9434,78.6329,3.6895000000000095,Lengyelország (+3.7),év,value,2004
Lengyelország,2005,75.127,38124333,74.9434,78.6329,3.6895000000000095,Lengyelország (+3.7),év,value,2004
Lengyelország,2006,75.2504,38071124,74.9434,78.6329,3.6895000000000095,Lengyelország (+3.7),év,value,2004
Lengyelország,2007,75.4143,38020368,74.9434,78.6329,3.6895000000000095,Lengyelország (+3.7),év,value,2004
Lengyelország,2008,75.5829,37995854,74.9434,78.6329,3.6895000000000095,Lengyelország (+3.7),év,value,2004
Lengyelország,2009,75.9063,38002108,74.9434,78.6329,3.6895000000000095,Lengyelország (+3.7),év,value,2004
Lengyelország,2010,76.2823,38095304,74.9434,78.6329,3.6895000000000095,Lengyelország (+3.7),év,value,2004
Lengyelország,2011,76.5683,38208597,74.9434,78.6329,3.6895000000000095,Lengyelország (+3.7),év,value,2004
Lengyelország,2012,76.7748,38247820,74.9434,78.6329,3.6895000000000095,Lengyelország (+3.7),év,value,2004
Lengyelország,2013,77.0758,38259214,74.9434,78.6329,3.6895000000000095,Lengyelország (+3.7),év,value,2004
Lengyelország,2014,77.312,38265064,74.9434,78.6329,3.6895000000000095,Lengyelország (+3.7),év,value,2004
Lengyelország,2015,77.5894,38266267,74.9434,78.6329,3.6895000000000095,Lengyelország (+3.7),év,value,2004
Lengyelország,2016,77.6395,38263203,74.9434,78.6329,3.6895000000000095,Lengyelország (+3.7),év,value,2004
Lengyelország,2017,77.7155,38254908,74.9434,78.6329,3.6895000000000095,Lengyelország (+3.7),év,value,2004
Lengyelország,2018,77.6232,38241017,74.9434,78.6329,3.6895000000000095,Lengyelország (+3.7),év,value,2004
Lengyelország,2019,77.9213,38225836,74.9434,78.6329,3.6895000000000095,Lengyelország (+3.7),év,value,2004
Lengyelország,2020,76.5951,38170958,74.9434,78.6329,3.6895000000000095,Lengyelország (+3.7),év,value,2004
Lengyelország,2021,75.6387,38040252,74.9434,78.6329,3.6895000000000095,Lengyelország (+3.7),év,value,2004
Lengyelország,2022,77.9229,38385689,74.9434,78.6329,3.6895000000000095,Lengyelország (+3.7),év,value,2004
Lengyelország,2023,78.6329,38762796,74.9434,78.6329,3.6895000000000095,Lengyelország (+3.7),év,value,2004
Horvátország,2004,75.2665,4310013,75.2665,78.5803,3.3138000000000005,Horvátország (+3.3),év,value,2004
Horvátország,2005,75.5705,4313901,75.2665,78.5803,3.3138000000000005,Horvátország (+3.3),év,value,2004
Horvátország,2006,75.6767,4315751,75.2665,78.5803,3.3138000000000005,Horvátország (+3.3),év,value,2004
Horvátország,2007,75.886,4315907,75.2665,78.5803,3.3138000000000005,Horvátország (+3.3),év,value,2004
Horvátország,2008,76.0009,4314591,75.2665,78.5803,3.3138000000000005,Horvátország (+3.3),év,value,2004
Horvátország,2009,76.3127,4310491,75.2665,78.5803,3.3138000000000005,Horvátország (+3.3),év,value,2004
Horvátország,2010,76.6761,4301108,75.2665,78.5803,3.3138000000000005,Horvátország (+3.3),év,value,2004
Horvátország,2011,76.9926,4280782,75.2665,78.5803,3.3138000000000005,Horvátország (+3.3),év,value,2004
Horvátország,2012,77.2841,4259181,75.2665,78.5803,3.3138000000000005,Horvátország (+3.3),év,value,2004
Horvátország,2013,77.51,4242353,75.2665,78.5803,3.3138000000000005,Horvátország (+3.3),év,value,2004
Horvátország,2014,77.5144,4219439,75.2665,78.5803,3.3138000000000005,Horvátország (+3.3),év,value,2004
Horvátország,2015,77.6329,4183681,75.2665,78.5803,3.3138000000000005,Horvátország (+3.3),év,value,2004
Horvátország,2016,77.6294,4136388,75.2665,78.5803,3.3138000000000005,Horvátország (+3.3),év,value,2004
Horvátország,2017,77.7264,4079152,75.2665,78.5803,3.3138000000000005,Horvátország (+3.3),év,value,2004
Horvátország,2018,77.8654,4024820,75.2665,78.5803,3.3138000000000005,Horvátország (+3.3),év,value,2004
Horvátország,2019,78.197,3986292,75.2665,78.5803,3.3138000000000005,Horvátország (+3.3),év,value,2004
Horvátország,2020,77.4972,3953898,75.2665,78.5803,3.3138000000000005,Horvátország (+3.3),év,value,2004
Horvátország,2021,77.1412,3924558,75.2665,78.5803,3.3138000000000005,Horvátország (+3.3),év,value,2004
Horvátország,2022,78.2779,3906988,75.2665,78.5803,3.3138000000000005,Horvátország (+3.3),év,value,2004
Horvátország,2023,78.5803,3895973,75.2665,78.5803,3.3138000000000005,Horvátország (+3.3),év,value,2004
Bulgária,2004,72.5754,7749383,72.5754,75.6363,3.0609000000000037,Bulgária (+3.1),év,value,2004
Bulgária,2005,72.5591,7695001,72.5754,75.6363,3.0609000000000037,Bulgária (+3.1),év,value,2004
Bulgária,2006,72.6899,7640243,72.5754,75.6363,3.0609000000000037,Bulgária (+3.1),év,value,2004
Bulgária,2007,73.008,7586847,72.5754,75.6363,3.0609000000000037,Bulgária (+3.1),év,value,2004
Bulgária,2008,73.3385,7535541,72.5754,75.6363,3.0609000000000037,Bulgária (+3.1),év,value,2004
Bulgária,2009,73.6808,7487966,72.5754,75.6363,3.0609000000000037,Bulgária (+3.1),év,value,2004
Bulgária,2010,73.814,7437542,72.5754,75.6363,3.0609000000000037,Bulgária (+3.1),év,value,2004
Bulgária,2011,74.1693,7379973,72.5754,75.6363,3.0609000000000037,Bulgária (+3.1),év,value,2004
Bulgária,2012,74.3373,7316974,72.5754,75.6363,3.0609000000000037,Bulgária (+3.1),év,value,2004
Bulgária,2013,74.8277,7264556,72.5754,75.6363,3.0609000000000037,Bulgária (+3.1),év,value,2004
Bulgária,2014,74.4664,7223406,72.5754,75.6363,3.0609000000000037,Bulgária (+3.1),év,value,2004
Bulgária,2015,74.6208,7177463,72.5754,75.6363,3.0609000000000037,Bulgária (+3.1),év,value,2004
Bulgária,2016,74.8271,7127389,72.5754,75.6363,3.0609000000000037,Bulgária (+3.1),év,value,2004
Bulgária,2017,74.7977,7075586,72.5754,75.6363,3.0609000000000037,Bulgária (+3.1),év,value,2004
Bulgária,2018,74.9325,7024687,72.5754,75.6363,3.0609000000000037,Bulgária (+3.1),év,value,2004
Bulgária,2019,75.0874,6975420,72.5754,75.6363,3.0609000000000037,Bulgária (+3.1),év,value,2004
Bulgária,2020,73.5992,6933606,72.5754,75.6363,3.0609000000000037,Bulgária (+3.1),év,value,2004
Bulgária,2021,71.4137,6877173,72.5754,75.6363,3.0609000000000037,Bulgária (+3.1),év,value,2004
Bulgária,2022,74.0342,6825817,72.5754,75.6363,3.0609000000000037,Bulgária (+3.1),év,value,2004
Bulgária,2023,75.6363,6795757,72.5754,75.6363,3.0609000000000037,Bulgária (+3.1),év,value,2004
Észtország,2004,91.0058208399338,1362623,91.0058208399338,96.24274030340331,5.236919463469505,Észtország (+5.2%),EU8 átlag %-a,% of EU8,2004
Észtország,2005,91.70111239886289,1354799,91.0058208399338,96.24274030340331,5.236919463469505,Észtország (+5.2%),EU8 átlag %-a,% of EU8,2004
Észtország,2006,91.5123656121757,1346833,91.0058208399338,96.24274030340331,5.236919463469505,Észtország (+5.2%),EU8 átlag %-a,% of EU8,2004
Észtország,2007,91.23969956280706,1340672,91.0058208399338,96.24274030340331,5.236919463469505,Észtország (+5.2%),EU8 átlag %-a,% of EU8,2004
Észtország,2008,92.51767437199743,1337032,91.0058208399338,96.24274030340331,5.236919463469505,Észtország (+5.2%),EU8 átlag %-a,% of EU8,2004
Észtország,2009,93.45021017479054,1334487,91.0058208399338,96.24274030340331,5.236919463469505,Észtország (+5.2%),EU8 átlag %-a,% of EU8,2004
Észtország,2010,94.12465961909157,1331406,91.0058208399338,96.24274030340331,5.236919463469505,Észtország (+5.2%),EU8 átlag %-a,% of EU8,2004
Észtország,2011,94.32312486465115,1327315,91.0058208399338,96.24274030340331,5.236919463469505,Észtország (+5.2%),EU8 átlag %-a,% of EU8,2004
Észtország,2012,94.35441130132996,1322570,91.0058208399338,96.24274030340331,5.236919463469505,Észtország (+5.2%),EU8 átlag %-a,% of EU8,2004
Észtország,2013,95.23968963742986,1317872,91.0058208399338,96.24274030340331,5.236919463469505,Észtország (+5.2%),EU8 átlag %-a,% of EU8,2004
Észtország,2014,94.56371737269914,1314402,91.0058208399338,96.24274030340331,5.236919463469505,Észtország (+5.2%),EU8 átlag %-a,% of EU8,2004
Észtország,2015,95.53958989038706,1314538,91.0058208399338,96.24274030340331,5.236919463469505,Észtország (+5.2%),EU8 átlag %-a,% of EU8,2004
Észtország,2016,95.37767265219333,1315802,91.0058208399338,96.24274030340331,5.236919463469505,Észtország (+5.2%),EU8 átlag %-a,% of EU8,2004
Észtország,2017,95.78394211594812,1317381,91.0058208399338,96.24274030340331,5.236919463469505,Észtország (+5.2%),EU8 átlag %-a,% of EU8,2004
Észtország,2018,95.93175415586246,1321918,91.0058208399338,96.24274030340331,5.236919463469505,Észtország (+5.2%),EU8 átlag %-a,% of EU8,2004
Észtország,2019,96.1471968736165,1326772,91.0058208399338,96.24274030340331,5.236919463469505,Észtország (+5.2%),EU8 átlag %-a,% of EU8,2004
Észtország,2020,96.75041122117807,1329618,91.0058208399338,96.24274030340331,5.236919463469505,Észtország (+5.2%),EU8 átlag %-a,% of EU8,2004
Észtország,2021,94.7557051411077,1331699,91.0058208399338,96.24274030340331,5.236919463469505,Észtország (+5.2%),EU8 átlag %-a,% of EU8,2004
Észtország,2022,95.89779178225376,1350038,91.0058208399338,96.24274030340331,5.236919463469505,Észtország (+5.2%),EU8 átlag %-a,% of EU8,2004
Észtország,2023,96.24274030340331,1367143,91.0058208399338,96.24274030340331,5.236919463469505,Észtország (+5.2%),EU8 átlag %-a,% of EU8,2004
Lettország,2004,89.20067022324645,2264130,89.20067022324645,92.63917748638075,3.438507263134298,Lettország (+3.4%),EU8 átlag %-a,% of EU8,2004
Lettország,2005,88.69344811278809,2239738,89.20067022324645,92.63917748638075,3.438507263134298,Lettország (+3.4%),EU8 átlag %-a,% of EU8,2004
Lettország,2006,88.20014542688895,2218989,89.20067022324645,92.63917748638075,3.438507263134298,Lettország (+3.4%),EU8 átlag %-a,% of EU8,2004
Lettország,2007,88.29122895492723,2200711,89.20067022324645,92.63917748638075,3.438507263134298,Lettország (+3.4%),EU8 átlag %-a,% of EU8,2004
Lettország,2008,89.6781989602597,2177658,89.20067022324645,92.63917748638075,3.438507263134298,Lettország (+3.4%),EU8 átlag %-a,% of EU8,2004
Lettország,2009,90.39708309427546,2141988,89.20067022324645,92.63917748638075,3.438507263134298,Lettország (+3.4%),EU8 átlag %-a,% of EU8,2004
Lettország,2010,90.58563215579045,2097787,89.20067022324645,92.63917748638075,3.438507263134298,Lettország (+3.4%),EU8 átlag %-a,% of EU8,2004
Lettország,2011,91.07557926291561,2059892,89.20067022324645,92.63917748638075,3.438507263134298,Lettország (+3.4%),EU8 átlag %-a,% of EU8,2004
Lettország,2012,91.29569253107856,2034577,89.20067022324645,92.63917748638075,3.438507263134298,Lettország (+3.4%),EU8 átlag %-a,% of EU8,2004
Lettország,2013,91.46139164084943,2012960,89.20067022324645,92.63917748638075,3.438507263134298,Lettország (+3.4%),EU8 átlag %-a,% of EU8,2004
Lettország,2014,91.12456404189035,1994096,89.20067022324645,92.63917748638075,3.438507263134298,Lettország (+3.4%),EU8 átlag %-a,% of EU8,2004
Lettország,2015,91.8486482112894,1977815,89.20067022324645,92.63917748638075,3.438507263134298,Lettország (+3.4%),EU8 átlag %-a,% of EU8,2004
Lettország,2016,91.6903981313179,1959817,89.20067022324645,92.63917748638075,3.438507263134298,Lettország (+3.4%),EU8 átlag %-a,% of EU8,2004
Lettország,2017,91.64183248501534,1942550,89.20067022324645,92.63917748638075,3.438507263134298,Lettország (+3.4%),EU8 átlag %-a,% of EU8,2004
Lettország,2018,91.82353711967178,1927526,89.20067022324645,92.63917748638075,3.438507263134298,Lettország (+3.4%),EU8 átlag %-a,% of EU8,2004
Lettország,2019,92.3085249695135,1914220,89.20067022324645,92.63917748638075,3.438507263134298,Lettország (+3.4%),EU8 átlag %-a,% of EU8,2004
Lettország,2020,92.56266676967383,1901069,89.20067022324645,92.63917748638075,3.438507263134298,Lettország (+3.4%),EU8 átlag %-a,% of EU8,2004
Lettország,2021,89.57954491840003,1885546,89.20067022324645,92.63917748638075,3.438507263134298,Lettország (+3.4%),EU8 átlag %-a,% of EU8,2004
Lettország,2022,91.85319211605359,1881016,89.20067022324645,92.63917748638075,3.438507263134298,Lettország (+3.4%),EU8 átlag %-a,% of EU8,2004
Lettország,2023,92.63917748638075,1882336,89.20067022324645,92.63917748638075,3.438507263134298,Lettország (+3.4%),EU8 átlag %-a,% of EU8,2004
Románia,2004,89.39707906019724,21403163,89.39707906019724,92.3331354574829,2.936056397285654,Románia (+2.9%),EU8 átlag %-a,% of EU8,2004
Románia,2005,89.88435860415137,21213352,89.39707906019724,92.3331354574829,2.936056397285654,Románia (+2.9%),EU8 átlag %-a,% of EU8,2004
Románia,2006,90.22443278403257,21035673,89.39707906019724,92.3331354574829,2.936056397285654,Románia (+2.9%),EU8 átlag %-a,% of EU8,2004
Románia,2007,90.78919720089242,20870655,89.39707906019724,92.3331354574829,2.936056397285654,Románia (+2.9%),EU8 átlag %-a,% of EU8,2004
Románia,2008,91.19378157244661,20718693,89.39707906019724,92.3331354574829,2.936056397285654,Románia (+2.9%),EU8 átlag %-a,% of EU8,2004
Románia,2009,91.3426285803764,20576869,89.39707906019724,92.3331354574829,2.936056397285654,Románia (+2.9%),EU8 átlag %-a,% of EU8,2004
Románia,2010,91.26885262713259,20432524,89.39707906019724,92.3331354574829,2.936056397285654,Románia (+2.9%),EU8 átlag %-a,% of EU8,2004
Románia,2011,91.77991835884099,20281955,89.39707906019724,92.3331354574829,2.936056397285654,Románia (+2.9%),EU8 átlag %-a,% of EU8,2004
Románia,2012,91.75909361071497,20158399,89.39707906019724,92.3331354574829,2.936056397285654,Románia (+2.9%),EU8 átlag %-a,% of EU8,2004
Románia,2013,92.36210770320518,20062861,89.39707906019724,92.3331354574829,2.936056397285654,Románia (+2.9%),EU8 átlag %-a,% of EU8,2004
Románia,2014,91.68794552818817,19968125,89.39707906019724,92.3331354574829,2.936056397285654,Románia (+2.9%),EU8 átlag %-a,% of EU8,2004
Románia,2015,91.9378340770855,19870968,89.39707906019724,92.3331354574829,2.936056397285654,Románia (+2.9%),EU8 átlag %-a,% of EU8,2004
Románia,2016,92.01432096036463,19777001,89.39707906019724,92.3331354574829,2.936056397285654,Románia (+2.9%),EU8 átlag %-a,% of EU8,2004
Románia,2017,91.91516344974696,19689357,89.39707906019724,92.3331354574829,2.936056397285654,Románia (+2.9%),EU8 átlag %-a,% of EU8,2004
Románia,2018,91.97539394686063,19597823,89.39707906019724,92.3331354574829,2.936056397285654,Románia (+2.9%),EU8 átlag %-a,% of EU8,2004
Románia,2019,91.94357651185791,19501499,89.39707906019724,92.3331354574829,2.936056397285654,Románia (+2.9%),EU8 átlag %-a,% of EU8,2004
Románia,2020,90.80689959993663,19392420,89.39707906019724,92.3331354574829,2.936056397285654,Románia (+2.9%),EU8 átlag %-a,% of EU8,2004
Románia,2021,89.04045846849216,19248115,89.39707906019724,92.3331354574829,2.936056397285654,Románia (+2.9%),EU8 átlag %-a,% of EU8,2004
Románia,2022,92.33263568240612,19166726,89.39707906019724,92.3331354574829,2.936056397285654,Románia (+2.9%),EU8 átlag %-a,% of EU8,2004
Románia,2023,92.3331354574829,19118433,89.39707906019724,92.3331354574829,2.936056397285654,Románia (+2.9%),EU8 átlag %-a,% of EU8,2004
Szlovénia,2004,96.73562742263158,1993503,96.73562742263158,99.22157370267571,2.485946280044132,Szlovénia (+2.5%),EU8 átlag %-a,% of EU8,2004
Szlovénia,2005,97.32076836891574,1996858,96.73562742263158,99.22157370267571,2.485946280044132,Szlovénia (+2.5%),EU8 átlag %-a,% of EU8,2004
Szlovénia,2006,97.28931067679095,2003069,96.73562742263158,99.22157370267571,2.485946280044132,Szlovénia (+2.5%),EU8 átlag %-a,% of EU8,2004
Szlovénia,2007,97.64064965024362,2014110,96.73562742263158,99.22157370267571,2.485946280044132,Szlovénia (+2.5%),EU8 átlag %-a,% of EU8,2004
Szlovénia,2008,97.893832515474,2025041,96.73562742263158,99.22157370267571,2.485946280044132,Szlovénia (+2.5%),EU8 átlag %-a,% of EU8,2004
Szlovénia,2009,98.26883630996917,2035555,96.73562742263158,99.22157370267571,2.485946280044132,Szlovénia (+2.5%),EU8 átlag %-a,% of EU8,2004
Szlovénia,2010,98.36588590016099,2044566,96.73562742263158,99.22157370267571,2.485946280044132,Szlovénia (+2.5%),EU8 átlag %-a,% of EU8,2004
Szlovénia,2011,98.3287523279194,2048754,96.73562742263158,99.22157370267571,2.485946280044132,Szlovénia (+2.5%),EU8 átlag %-a,% of EU8,2004
Szlovénia,2012,98.48995416311061,2053274,96.73562742263158,99.22157370267571,2.485946280044132,Szlovénia (+2.5%),EU8 átlag %-a,% of EU8,2004
Szlovénia,2013,98.73652927507815,2056403,96.73562742263158,99.22157370267571,2.485946280044132,Szlovénia (+2.5%),EU8 átlag %-a,% of EU8,2004
Szlovénia,2014,98.4160253024059,2058351,96.73562742263158,99.22157370267571,2.485946280044132,Szlovénia (+2.5%),EU8 átlag %-a,% of EU8,2004
Szlovénia,2015,99.02632669055846,2059899,96.73562742263158,99.22157370267571,2.485946280044132,Szlovénia (+2.5%),EU8 átlag %-a,% of EU8,2004
Szlovénia,2016,98.74924200004102,2061329,96.73562742263158,99.22157370267571,2.485946280044132,Szlovénia (+2.5%),EU8 átlag %-a,% of EU8,2004
Szlovénia,2017,98.76705984801895,2062366,96.73562742263158,99.22157370267571,2.485946280044132,Szlovénia (+2.5%),EU8 átlag %-a,% of EU8,2004
Szlovénia,2018,99.02657180093415,2069431,96.73562742263158,99.22157370267571,2.485946280044132,Szlovénia (+2.5%),EU8 átlag %-a,% of EU8,2004
Szlovénia,2019,98.87417962978402,2083395,96.73562742263158,99.22157370267571,2.485946280044132,Szlovénia (+2.5%),EU8 átlag %-a,% of EU8,2004
Szlovénia,2020,98.55461926763847,2102370,96.73562742263158,99.22157370267571,2.485946280044132,Szlovénia (+2.5%),EU8 átlag %-a,% of EU8,2004
Szlovénia,2021,98.45794621228475,2113450,96.73562742263158,99.22157370267571,2.485946280044132,Szlovénia (+2.5%),EU8 átlag %-a,% of EU8,2004
Szlovénia,2022,99.11931394419109,2115184,96.73562742263158,99.22157370267571,2.485946280044132,Szlovénia (+2.5%),EU8 átlag %-a,% of EU8,2004
Szlovénia,2023,99.22157370267571,2118353,96.73562742263158,99.22157370267571,2.485946280044132,Szlovénia (+2.5%),EU8 átlag %-a,% of EU8,2004
Magyarország,2004,91.67338455015903,10085736,91.67338455015903,93.65348126272795,1.9800967125689226,Magyarország (+2%),EU8 átlag %-a,% of EU8,2004
Magyarország,2005,91.4968092177739,10065654,91.67338455015903,93.65348126272795,1.9800967125689226,Magyarország (+2%),EU8 átlag %-a,% of EU8,2004
Magyarország,2006,91.69314127413406,10049900,91.67338455015903,93.65348126272795,1.9800967125689226,Magyarország (+2%),EU8 átlag %-a,% of EU8,2004
Magyarország,2007,91.58643172397058,10034027,91.67338455015903,93.65348126272795,1.9800967125689226,Magyarország (+2%),EU8 átlag %-a,% of EU8,2004
Magyarország,2008,92.11710618652792,10016610,91.67338455015903,93.65348126272795,1.9800967125689226,Magyarország (+2%),EU8 átlag %-a,% of EU8,2004
Magyarország,2009,92.24042426812613,10001329,91.67338455015903,93.65348126272795,1.9800967125689226,Magyarország (+2%),EU8 átlag %-a,% of EU8,2004
Magyarország,2010,92.4343463723633,9979076,91.67338455015903,93.65348126272795,1.9800967125689226,Magyarország (+2%),EU8 átlag %-a,% of EU8,2004
Magyarország,2011,92.56431564353318,9946626,91.67338455015903,93.65348126272795,1.9800967125689226,Magyarország (+2%),EU8 átlag %-a,% of EU8,2004
Magyarország,2012,92.83159608279651,9916568,91.67338455015903,93.65348126272795,1.9800967125689226,Magyarország (+2%),EU8 átlag %-a,% of EU8,2004
Magyarország,2013,93.30498704140622,9889294,91.67338455015903,93.65348126272795,1.9800967125689226,Magyarország (+2%),EU8 átlag %-a,% of EU8,2004
Magyarország,2014,93.0171775547406,9862785,91.67338455015903,93.65348126272795,1.9800967125689226,Magyarország (+2%),EU8 átlag %-a,% of EU8,2004
Magyarország,2015,93.06526643573534,9839162,91.67338455015903,93.65348126272795,1.9800967125689226,Magyarország (+2%),EU8 átlag %-a,% of EU8,2004
Magyarország,2016,93.40764293612037,9810479,91.67338455015903,93.65348126272795,1.9800967125689226,Magyarország (+2%),EU8 átlag %-a,% of EU8,2004
Magyarország,2017,93.11997595856393,9785561,91.67338455015903,93.65348126272795,1.9800967125689226,Magyarország (+2%),EU8 átlag %-a,% of EU8,2004
Magyarország,2018,93.32447040517685,9774342,91.67338455015903,93.65348126272795,1.9800967125689226,Magyarország (+2%),EU8 átlag %-a,% of EU8,2004
Magyarország,2019,93.3176867915524,9770300,91.67338455015903,93.65348126272795,1.9800967125689226,Magyarország (+2%),EU8 átlag %-a,% of EU8,2004
Magyarország,2020,92.87182993478575,9749421,91.67338455015903,93.65348126272795,1.9800967125689226,Magyarország (+2%),EU8 átlag %-a,% of EU8,2004
Magyarország,2021,90.8087697435533,9707794,91.67338455015903,93.65348126272795,1.9800967125689226,Magyarország (+2%),EU8 átlag %-a,% of EU8,2004
Magyarország,2022,93.49861102903213,9684259,91.67338455015903,93.65348126272795,1.9800967125689226,Magyarország (+2%),EU8 átlag %-a,% of EU8,2004
Magyarország,2023,93.65348126272795,9686418,91.67338455015903,93.65348126272795,1.9800967125689226,Magyarország (+2%),EU8 átlag %-a,% of EU8,2004
Szlovákia,2004,93.32211225188684,5375995,93.32211225188684,95.25530791695932,1.933195665072489,Szlovákia (+1.9%),EU8 átlag %-a,% of EU8,2004
Szlovákia,2005,93.11830090640466,5376650,93.32211225188684,95.25530791695932,1.933195665072489,Szlovákia (+1.9%),EU8 átlag %-a,% of EU8,2004
Szlovákia,2006,93.03333152046433,5376793,93.32211225188684,95.25530791695932,1.933195665072489,Szlovákia (+1.9%),EU8 átlag %-a,% of EU8,2004
Szlovákia,2007,92.9126198785216,5376949,93.32211225188684,95.25530791695932,1.933195665072489,Szlovákia (+1.9%),EU8 átlag %-a,% of EU8,2004
Szlovákia,2008,93.24706718732999,5379075,93.32211225188684,95.25530791695932,1.933195665072489,Szlovákia (+1.9%),EU8 átlag %-a,% of EU8,2004
Szlovákia,2009,93.5317827469739,5385027,93.32211225188684,95.25530791695932,1.933195665072489,Szlovákia (+1.9%),EU8 átlag %-a,% of EU8,2004
Szlovákia,2010,93.64672779699984,5391807,93.32211225188684,95.25530791695932,1.933195665072489,Szlovákia (+1.9%),EU8 átlag %-a,% of EU8,2004
Szlovákia,2011,93.91776851072532,5398048,93.32211225188684,95.25530791695932,1.933195665072489,Szlovákia (+1.9%),EU8 átlag %-a,% of EU8,2004
Szlovákia,2012,94.05868905626488,5404834,93.32211225188684,95.25530791695932,1.933195665072489,Szlovákia (+1.9%),EU8 átlag %-a,% of EU8,2004
Szlovákia,2013,94.32972724265191,5410370,93.32211225188684,95.25530791695932,1.933195665072489,Szlovákia (+1.9%),EU8 átlag %-a,% of EU8,2004
Szlovákia,2014,94.2424157849542,5415184,93.32211225188684,95.25530791695932,1.933195665072489,Szlovákia (+1.9%),EU8 átlag %-a,% of EU8,2004
Szlovákia,2015,94.29160284417834,5420221,93.32211225188684,95.25530791695932,1.933195665072489,Szlovákia (+1.9%),EU8 átlag %-a,% of EU8,2004
Szlovákia,2016,94.7061552387019,5427217,93.32211225188684,95.25530791695932,1.933195665072489,Szlovákia (+1.9%),EU8 átlag %-a,% of EU8,2004
Szlovákia,2017,94.60608290710469,5435643,93.32211225188684,95.25530791695932,1.933195665072489,Szlovákia (+1.9%),EU8 átlag %-a,% of EU8,2004
Szlovákia,2018,94.62272381245812,5443188,93.32211225188684,95.25530791695932,1.933195665072489,Szlovákia (+1.9%),EU8 átlag %-a,% of EU8,2004
Szlovákia,2019,94.82105473568075,5450575,93.32211225188684,95.25530791695932,1.933195665072489,Szlovákia (+1.9%),EU8 átlag %-a,% of EU8,2004
Szlovákia,2020,94.26263495483114,5454981,93.32211225188684,95.25530791695932,1.933195665072489,Szlovákia (+1.9%),EU8 átlag %-a,% of EU8,2004
Szlovákia,2021,91.30452363141136,5442712,93.32211225188684,95.25530791695932,1.933195665072489,Szlovákia (+1.9%),EU8 átlag %-a,% of EU8,2004
Szlovákia,2022,94.50927021521744,5473145,93.32211225188684,95.25530791695932,1.933195665072489,Szlovákia (+1.9%),EU8 átlag %-a,% of EU8,2004
Szlovákia,2023,95.25530791695932,5518008,93.32211225188684,95.25530791695932,1.933195665072489,Szlovákia (+1.9%),EU8 átlag %-a,% of EU8,2004
Litvánia,2004,90.53529467612466,3376654,90.53529467612466,92.43879716710238,1.903502490977715,Litvánia (+1.9%),EU8 átlag %-a,% of EU8,2004
Litvánia,2005,89.46445089821307,3322225,90.53529467612466,92.43879716710238,1.903502490977715,Litvánia (+1.9%),EU8 átlag %-a,% of EU8,2004
Litvánia,2006,88.71746886339217,3269761,90.53529467612466,92.43879716710238,1.903502490977715,Litvánia (+1.9%),EU8 átlag %-a,% of EU8,2004
Litvánia,2007,88.17748085025775,3231322,90.53529467612466,92.43879716710238,1.903502490977715,Litvánia (+1.9%),EU8 átlag %-a,% of EU8,2004
Litvánia,2008,89.30067340983742,3198432,90.53529467612466,92.43879716710238,1.903502490977715,Litvánia (+1.9%),EU8 átlag %-a,% of EU8,2004
Litvánia,2009,90.58733619708113,3163204,90.53529467612466,92.43879716710238,1.903502490977715,Litvánia (+1.9%),EU8 átlag %-a,% of EU8,2004
Litvánia,2010,90.79364971759888,3097660,90.53529467612466,92.43879716710238,1.903502490977715,Litvánia (+1.9%),EU8 átlag %-a,% of EU8,2004
Litvánia,2011,90.94017220290259,3028588,90.53529467612466,92.43879716710238,1.903502490977715,Litvánia (+1.9%),EU8 átlag %-a,% of EU8,2004
Litvánia,2012,91.32742556530891,2988281,90.53529467612466,92.43879716710238,1.903502490977715,Litvánia (+1.9%),EU8 átlag %-a,% of EU8,2004
Litvánia,2013,91.26352012701409,2958306,90.53529467612466,92.43879716710238,1.903502490977715,Litvánia (+1.9%),EU8 átlag %-a,% of EU8,2004
Litvánia,2014,91.48020320389811,2933118,90.53529467612466,92.43879716710238,1.903502490977715,Litvánia (+1.9%),EU8 átlag %-a,% of EU8,2004
Litvánia,2015,91.61381260052426,2905726,90.53529467612466,92.43879716710238,1.903502490977715,Litvánia (+1.9%),EU8 átlag %-a,% of EU8,2004
Litvánia,2016,91.7673006734657,2869051,90.53529467612466,92.43879716710238,1.903502490977715,Litvánia (+1.9%),EU8 átlag %-a,% of EU8,2004
Litvánia,2017,92.74569263393143,2829273,90.53529467612466,92.43879716710238,1.903502490977715,Litvánia (+1.9%),EU8 átlag %-a,% of EU8,2004
Litvánia,2018,92.96221839322158,2802430,90.53529467612466,92.43879716710238,1.903502490977715,Litvánia (+1.9%),EU8 átlag %-a,% of EU8,2004
Litvánia,2019,93.28094783310614,2795011,90.53529467612466,92.43879716710238,1.903502490977715,Litvánia (+1.9%),EU8 átlag %-a,% of EU8,2004
Litvánia,2020,92.10511509611865,2795711,90.53529467612466,92.43879716710238,1.903502490977715,Litvánia (+1.9%),EU8 átlag %-a,% of EU8,2004
Litvánia,2021,90.94537748154085,2794443,90.53529467612466,92.43879716710238,1.903502490977715,Litvánia (+1.9%),EU8 átlag %-a,% of EU8,2004
Litvánia,2022,91.63898831184389,2816872,90.53529467612466,92.43879716710238,1.903502490977715,Litvánia (+1.9%),EU8 átlag %-a,% of EU8,2004
Litvánia,2023,92.43879716710238,2854061,90.53529467612466,92.43879716710238,1.903502490977715,Litvánia (+1.9%),EU8 átlag %-a,% of EU8,2004
Csehország,2004,95.49040545571498,10261411,95.49040545571498,97.07028184042312,1.5798763847081432,Csehország (+1.6%),EU8 átlag %-a,% of EU8,2004
Csehország,2005,95.62958506042978,10280103,95.49040545571498,97.07028184042312,1.5798763847081432,Csehország (+1.6%),EU8 átlag %-a,% of EU8,2004
Csehország,2006,95.89861326072958,10304542,95.49040545571498,97.07028184042312,1.5798763847081432,Csehország (+1.6%),EU8 átlag %-a,% of EU8,2004
Csehország,2007,95.93617421338719,10337488,95.49040545571498,97.07028184042312,1.5798763847081432,Csehország (+1.6%),EU8 átlag %-a,% of EU8,2004
Csehország,2008,96.12166704816671,10378248,95.49040545571498,97.07028184042312,1.5798763847081432,Csehország (+1.6%),EU8 átlag %-a,% of EU8,2004
Csehország,2009,96.06886382968274,10420931,95.49040545571498,97.07028184042312,1.5798763847081432,Csehország (+1.6%),EU8 átlag %-a,% of EU8,2004
Csehország,2010,96.21612301184753,10463981,95.49040545571498,97.07028184042312,1.5798763847081432,Csehország (+1.6%),EU8 átlag %-a,% of EU8,2004
Csehország,2011,96.13703586384013,10495455,95.49040545571498,97.07028184042312,1.5798763847081432,Csehország (+1.6%),EU8 átlag %-a,% of EU8,2004
Csehország,2012,96.30753634201447,10507287,95.49040545571498,97.07028184042312,1.5798763847081432,Csehország (+1.6%),EU8 átlag %-a,% of EU8,2004
Csehország,2013,96.37020788158566,10511117,95.49040545571498,97.07028184042312,1.5798763847081432,Csehország (+1.6%),EU8 átlag %-a,% of EU8,2004
Csehország,2014,96.56694692835316,10517176,95.49040545571498,97.07028184042312,1.5798763847081432,Csehország (+1.6%),EU8 átlag %-a,% of EU8,2004
Csehország,2015,96.64168116165207,10524367,95.49040545571498,97.07028184042312,1.5798763847081432,Csehország (+1.6%),EU8 átlag %-a,% of EU8,2004
Csehország,2016,96.86335126947586,10531895,95.49040545571498,97.07028184042312,1.5798763847081432,Csehország (+1.6%),EU8 átlag %-a,% of EU8,2004
Csehország,2017,96.69618880505239,10541301,95.49040545571498,97.07028184042312,1.5798763847081432,Csehország (+1.6%),EU8 átlag %-a,% of EU8,2004
Csehország,2018,96.69997825018145,10548878,95.49040545571498,97.07028184042312,1.5798763847081432,Csehország (+1.6%),EU8 átlag %-a,% of EU8,2004
Csehország,2019,96.65067927757275,10554819,95.49040545571498,97.07028184042312,1.5798763847081432,Csehország (+1.6%),EU8 átlag %-a,% of EU8,2004
Csehország,2020,95.94604739731089,10550083,95.49040545571498,97.07028184042312,1.5798763847081432,Csehország (+1.6%),EU8 átlag %-a,% of EU8,2004
Csehország,2021,94.54112327310395,10530619,95.49040545571498,97.07028184042312,1.5798763847081432,Csehország (+1.6%),EU8 átlag %-a,% of EU8,2004
Csehország,2022,97.1214279467369,10673169,95.49040545571498,97.07028184042312,1.5798763847081432,Csehország (+1.6%),EU8 átlag %-a,% of EU8,2004
Csehország,2023,97.07028184042312,10809674,95.49040545571498,97.07028184042312,1.5798763847081432,Csehország (+1.6%),EU8 átlag %-a,% of EU8,2004
Lengyelország,2004,94.23524987924708,38167521,94.23524987924708,95.60974276568292,1.3744928864358457,Lengyelország (+1.4%),EU8 átlag %-a,% of EU8,2004
Lengyelország,2005,94.33733918668247,38124333,94.23524987924708,95.60974276568292,1.3744928864358457,Lengyelország (+1.4%),EU8 átlag %-a,% of EU8,2004
Lengyelország,2006,94.07635458251036,38071124,94.23524987924708,95.60974276568292,1.3744928864358457,Lengyelország (+1.4%),EU8 átlag %-a,% of EU8,2004
Lengyelország,2007,94.0595799339388,38020368,94.23524987924708,95.60974276568292,1.3744928864358457,Lengyelország (+1.4%),EU8 átlag %-a,% of EU8,2004
Lengyelország,2008,94.14211786543443,37995854,94.23524987924708,95.60974276568292,1.3744928864358457,Lengyelország (+1.4%),EU8 átlag %-a,% of EU8,2004
Lengyelország,2009,94.38829475489914,38002108,94.23524987924708,95.60974276568292,1.3744928864358457,Lengyelország (+1.4%),EU8 átlag %-a,% of EU8,2004
Lengyelország,2010,94.62169382908938,38095304,94.23524987924708,95.60974276568292,1.3744928864358457,Lengyelország (+1.4%),EU8 átlag %-a,% of EU8,2004
Lengyelország,2011,94.59752183571766,38208597,94.23524987924708,95.60974276568292,1.3744928864358457,Lengyelország (+1.4%),EU8 átlag %-a,% of EU8,2004
Lengyelország,2012,94.7975625069828,38247820,94.23524987924708,95.60974276568292,1.3744928864358457,Lengyelország (+1.4%),EU8 átlag %-a,% of EU8,2004
Lengyelország,2013,95.02246246772403,38259214,94.23524987924708,95.60974276568292,1.3744928864358457,Lengyelország (+1.4%),EU8 átlag %-a,% of EU8,2004
Lengyelország,2014,94.81094790739142,38265064,94.23524987924708,95.60974276568292,1.3744928864358457,Lengyelország (+1.4%),EU8 átlag %-a,% of EU8,2004
Lengyelország,2015,95.4465905599845,38266267,94.23524987924708,95.60974276568292,1.3744928864358457,Lengyelország (+1.4%),EU8 átlag %-a,% of EU8,2004
Lengyelország,2016,95.22607529638047,38263203,94.23524987924708,95.60974276568292,1.3744928864358457,Lengyelország (+1.4%),EU8 átlag %-a,% of EU8,2004
Lengyelország,2017,95.2131447315086,38254908,94.23524987924708,95.60974276568292,1.3744928864358457,Lengyelország (+1.4%),EU8 átlag %-a,% of EU8,2004
Lengyelország,2018,95.06139409874069,38241017,94.23524987924708,95.60974276568292,1.3744928864358457,Lengyelország (+1.4%),EU8 átlag %-a,% of EU8,2004
Lengyelország,2019,95.10788713551038,38225836,94.23524987924708,95.60974276568292,1.3744928864358457,Lengyelország (+1.4%),EU8 átlag %-a,% of EU8,2004
Lengyelország,2020,93.93250118232764,38170958,94.23524987924708,95.60974276568292,1.3744928864358457,Lengyelország (+1.4%),EU8 átlag %-a,% of EU8,2004
Lengyelország,2021,92.58809777167794,38040252,94.23524987924708,95.60974276568292,1.3744928864358457,Lengyelország (+1.4%),EU8 átlag %-a,% of EU8,2004
Lengyelország,2022,95.59783284680546,38385689,94.23524987924708,95.60974276568292,1.3744928864358457,Lengyelország (+1.4%),EU8 átlag %-a,% of EU8,2004
Lengyelország,2023,95.60974276568292,38762796,94.23524987924708,95.60974276568292,1.3744928864358457,Lengyelország (+1.4%),EU8 átlag %-a,% of EU8,2004
Horvátország,2004,94.64152193570547,4310013,94.64152193570547,95.545786425913235,0.9042644902077654,Horvátország (+0.9%),EU8 átlag %-a,% of EU8,2004
Horvátország,2005,94.89424429309285,4313901,94.64152193570547,95.545786425913235,0.9042644902077654,Horvátország (+0.9%),EU8 átlag %-a,% of EU8,2004
Horvátország,2006,94.60930523737099,4315751,94.64152193570547,95.545786425913235,0.9042644902077654,Horvátország (+0.9%),EU8 átlag %-a,% of EU8,2004
Horvátország,2007,94.647902093726,4315907,94.64152193570547,95.545786425913235,0.9042644902077654,Horvátország (+0.9%),EU8 átlag %-a,% of EU8,2004
Horvátország,2008,94.66275686271757,4314591,94.64152193570547,95.545786425913235,0.9042644902077654,Horvátország (+0.9%),EU8 átlag %-a,% of EU8,2004
Horvátország,2009,94.89364678744968,4310491,94.64152193570547,95.545786425913235,0.9042644902077654,Horvátország (+0.9%),EU8 átlag %-a,% of EU8,2004
Horvátország,2010,95.11016917697344,4301108,94.64152193570547,95.545786425913235,0.9042644902077654,Horvátország (+0.9%),EU8 átlag %-a,% of EU8,2004
Horvátország,2011,95.12173000691769,4280782,94.64152193570547,95.545786425913235,0.9042644902077654,Horvátország (+0.9%),EU8 átlag %-a,% of EU8,2004
Horvátország,2012,95.42641987404605,4259181,94.64152193570547,95.545786425913235,0.9042644902077654,Horvátország (+0.9%),EU8 átlag %-a,% of EU8,2004
Horvátország,2013,95.55776347275398,4242353,94.64152193570547,95.545786425913235,0.9042644902077654,Horvátország (+0.9%),EU8 átlag %-a,% of EU8,2004
Horvátország,2014,95.05915951563408,4219439,94.64152193570547,95.545786425913235,0.9042644902077654,Horvátország (+0.9%),EU8 átlag %-a,% of EU8,2004
Horvátország,2015,95.50010207946217,4183681,94.64152193570547,95.545786425913235,0.9042644902077654,Horvátország (+0.9%),EU8 átlag %-a,% of EU8,2004
Horvátország,2016,95.21368748656081,4136388,94.64152193570547,95.545786425913235,0.9042644902077654,Horvátország (+0.9%),EU8 átlag %-a,% of EU8,2004
Horvátország,2017,95.22649886649549,4079152,94.64152193570547,95.545786425913235,0.9042644902077654,Horvátország (+0.9%),EU8 átlag %-a,% of EU8,2004
Horvátország,2018,95.35800477249175,4024820,94.64152193570547,95.545786425913235,0.9042644902077654,Horvátország (+0.9%),EU8 átlag %-a,% of EU8,2004
Horvátország,2019,95.4443964658637,3986292,94.64152193570547,95.545786425913235,0.9042644902077654,Horvátország (+0.9%),EU8 átlag %-a,% of EU8,2004
Horvátország,2020,95.038792698581,3953898,94.64152193570547,95.545786425913235,0.9042644902077654,Horvátország (+0.9%),EU8 átlag %-a,% of EU8,2004
Horvátország,2021,94.42728349144765,3924558,94.64152193570547,95.545786425913235,0.9042644902077654,Horvátország (+0.9%),EU8 átlag %-a,% of EU8,2004
Horvátország,2022,96.03335604551363,3906988,94.64152193570547,95.545786425913235,0.9042644902077654,Horvátország (+0.9%),EU8 átlag %-a,% of EU8,2004
Horvátország,2023,95.545786425913235,3895973,94.64152193570547,95.545786425913235,0.9042644902077654,Horvátország (+0.9%),EU8 átlag %-a,% of EU8,2004
Bulgária,2004,91.25768185172154,7749383,91.25768185172154,91.96617683880442,0.7084949870828723,Bulgária (+0.7%),EU8 átlag %-a,% of EU8,2004
Bulgária,2005,91.1128146708961,7695001,91.25768185172154,91.96617683880442,0.7084949870828723,Bulgária (+0.7%),EU8 átlag %-a,% of EU8,2004
Bulgária,2006,90.8752751741814,7640243,91.25768185172154,91.96617683880442,0.7084949870828723,Bulgária (+0.7%),EU8 átlag %-a,% of EU8,2004
Bulgária,2007,91.05835115909058,7586847,91.25768185172154,91.96617683880442,0.7084949870828723,Bulgária (+0.7%),EU8 átlag %-a,% of EU8,2004
Bulgária,2008,91.34661029246249,7535541,91.25768185172154,91.96617683880442,0.7084949870828723,Bulgária (+0.7%),EU8 átlag %-a,% of EU8,2004
Bulgária,2009,91.62092037389219,7487966,91.25768185172154,91.96617683880442,0.7084949870828723,Bulgária (+0.7%),EU8 átlag %-a,% of EU8,2004
Bulgária,2010,91.55997798048044,7437542,91.25768185172154,91.96617683880442,0.7084949870828723,Bulgária (+0.7%),EU8 átlag %-a,% of EU8,2004
Bulgária,2011,91.63363919911889,7379973,91.25768185172154,91.96617683880442,0.7084949870828723,Bulgária (+0.7%),EU8 átlag %-a,% of EU8,2004
Bulgária,2012,91.78786324875261,7316974,91.25768185172154,91.96617683880442,0.7084949870828723,Bulgária (+0.7%),EU8 átlag %-a,% of EU8,2004
Bulgária,2013,92.25090514527405,7264556,91.25768185172154,91.96617683880442,0.7084949870828723,Bulgária (+0.7%),EU8 átlag %-a,% of EU8,2004
Bulgária,2014,91.32126928873878,7223406,91.25768185172154,91.96617683880442,0.7084949870828723,Bulgária (+0.7%),EU8 átlag %-a,% of EU8,2004
Bulgária,2015,91.79476764684985,7177463,91.25768185172154,91.96617683880442,0.7084949870828723,Bulgária (+0.7%),EU8 átlag %-a,% of EU8,2004
Bulgária,2016,91.77662219372603,7127389,91.25768185172154,91.96617683880442,0.7084949870828723,Bulgária (+0.7%),EU8 átlag %-a,% of EU8,2004
Bulgária,2017,91.63840206501871,7075586,91.25768185172154,91.96617683880442,0.7084949870828723,Bulgária (+0.7%),EU8 átlag %-a,% of EU8,2004
Bulgária,2018,91.76622341392634,7024687,91.25768185172154,91.96617683880442,0.7084949870828723,Bulgária (+0.7%),EU8 átlag %-a,% of EU8,2004
Bulgária,2019,91.64893250624569,6975420,91.25768185172154,91.96617683880442,0.7084949870828723,Bulgária (+0.7%),EU8 átlag %-a,% of EU8,2004
Bulgária,2020,90.25847529435131,6933606,91.25768185172154,91.96617683880442,0.7084949870828723,Bulgária (+0.7%),EU8 átlag %-a,% of EU8,2004
Bulgária,2021,87.41634425019569,6877173,91.25768185172154,91.96617683880442,0.7084949870828723,Bulgária (+0.7%),EU8 átlag %-a,% of EU8,2004
Bulgária,2022,90.82707492337894,6825817,91.25768185172154,91.96617683880442,0.7084949870828723,Bulgária (+0.7%),EU8 átlag %-a,% of EU8,2004
Bulgária,2023,91.96617683880442,6795757,91.25768185172154,91.96617683880442,0.7084949870828723,Bulgária (+0.7%),EU8 átlag %-a,% of EU8,2004
Észtország,2004,100,1362623,100,109.36565199909913,9.365651999099128,Észtország (+9%),2004-hez (=100) képest,rel_val,2004
Észtország,2005,100.90155315847578,1354799,100,109.36565199909913,9.365651999099128,Észtország (+9%),2004-hez (=100) képest,rel_val,2004
Észtország,2006,101.13906578367421,1346833,100,109.36565199909913,9.365651999099128,Észtország (+9%),2004-hez (=100) képest,rel_val,2004
Észtország,2007,101.07536984404857,1340672,100,109.36565199909913,9.365651999099128,Észtország (+9%),2004-hez (=100) képest,rel_val,2004
Észtország,2008,102.63018634861989,1337032,100,109.36565199909913,9.365651999099128,Észtország (+9%),2004-hez (=100) képest,rel_val,2004
Észtország,2009,103.83667863671344,1334487,100,109.36565199909913,9.365651999099128,Észtország (+9%),2004-hez (=100) képest,rel_val,2004
Észtország,2010,104.84489831447556,1331406,100,109.36565199909913,9.365651999099128,Észtország (+9%),2004-hez (=100) képest,rel_val,2004
Észtország,2011,105.48683179712359,1327315,100,109.36565199909913,9.365651999099128,Észtország (+9%),2004-hez (=100) képest,rel_val,2004
Észtország,2012,105.58313563642743,1322570,100,109.36565199909913,9.365651999099128,Észtország (+9%),2004-hez (=100) képest,rel_val,2004
Észtország,2013,106.73836720087432,1317872,100,109.36565199909913,9.365651999099128,Észtország (+9%),2004-hez (=100) képest,rel_val,2004
Észtország,2014,106.54271980280511,1314402,100,109.36565199909913,9.365651999099128,Észtország (+9%),2004-hez (=100) képest,rel_val,2004
Észtország,2015,107.30900544524292,1314538,100,109.36565199909913,9.365651999099128,Észtország (+9%),2004-hez (=100) képest,rel_val,2004
Észtország,2016,107.44454929941374,1315802,100,109.36565199909913,9.365651999099128,Észtország (+9%),2004-hez (=100) képest,rel_val,2004
Észtország,2017,108.02251050430326,1317381,100,109.36565199909913,9.365651999099128,Észtország (+9%),2004-hez (=100) képest,rel_val,2004
Észtország,2018,108.23321833061371,1321918,100,109.36565199909913,9.365651999099128,Észtország (+9%),2004-hez (=100) képest,rel_val,2004
Észtország,2019,108.83964236318845,1326772,100,109.36565199909913,9.365651999099128,Észtország (+9%),2004-hez (=100) képest,rel_val,2004
Észtország,2020,109.00558341197456,1329618,100,109.36565199909913,9.365651999099128,Észtország (+9%),2004-hez (=100) képest,rel_val,2004
Észtország,2021,106.9559834805064,1331699,100,109.36565199909913,9.365651999099128,Észtország (+9%),2004-hez (=100) képest,rel_val,2004
Észtország,2022,108.00316683500265,1350038,100,109.36565199909913,9.365651999099128,Észtország (+9%),2004-hez (=100) képest,rel_val,2004
Észtország,2023,109.36565199909913,1367143,100,109.36565199909913,9.365651999099128,Észtország (+9%),2004-hez (=100) képest,rel_val,2004
Lettország,2004,100,2264130,100,107.4010952995158,7.401095299515802,Lettország (+7%),2004-hez (=100) képest,rel_val,2004
Lettország,2005,99.56709590566611,2239738,100,107.4010952995158,7.401095299515802,Lettország (+7%),2004-hez (=100) képest,rel_val,2004
Lettország,2006,99.4510815554099,2218989,100,107.4010952995158,7.401095299515802,Lettország (+7%),2004-hez (=100) képest,rel_val,2004
Lettország,2007,99.78841125184137,2200711,100,107.4010952995158,7.401095299515802,Lettország (+7%),2004-hez (=100) képest,rel_val,2004
Lettország,2008,101.4935261737114,2177658,100,107.4010952995158,7.401095299515802,Lettország (+7%),2004-hez (=100) képest,rel_val,2004
Lettország,2009,102.47689932971055,2141988,100,107.4010952995158,7.401095299515802,Lettország (+7%),2004-hez (=100) képest,rel_val,2004
Lettország,2010,102.9447627908288,2097787,100,107.4010952995158,7.401095299515802,Lettország (+7%),2004-hez (=100) képest,rel_val,2004
Lettország,2011,103.91615390579297,2059892,100,107.4010952995158,7.401095299515802,Lettország (+7%),2004-hez (=100) képest,rel_val,2004
Lettország,2012,104.22782793789074,2034577,100,107.4010952995158,7.401095299515802,Lettország (+7%),2004-hez (=100) képest,rel_val,2004
Lettország,2013,104.57826739686635,2012960,100,107.4010952995158,7.401095299515802,Lettország (+7%),2004-hez (=100) képest,rel_val,2004
Lettország,2014,104.74559307578993,1994096,100,107.4010952995158,7.401095299515802,Lettország (+7%),2004-hez (=100) képest,rel_val,2004
Lettország,2015,105.25109424227686,1977815,100,107.4010952995158,7.401095299515802,Lettország (+7%),2004-hez (=100) képest,rel_val,2004
Lettország,2016,105.3810641462091,1959817,100,107.4010952995158,7.401095299515802,Lettország (+7%),2004-hez (=100) képest,rel_val,2004
Lettország,2017,105.44266593364769,1942550,100,107.4010952995158,7.401095299515802,Lettország (+7%),2004-hez (=100) képest,rel_val,2004
Lettország,2018,105.69471169094791,1927526,100,107.4010952995158,7.401095299515802,Lettország (+7%),2004-hez (=100) képest,rel_val,2004
Lettország,2019,106.60887093932153,1914220,100,107.4010952995158,7.401095299515802,Lettország (+7%),2004-hez (=100) képest,rel_val,2004
Lettország,2020,106.39784605191748,1901069,100,107.4010952995158,7.401095299515802,Lettország (+7%),2004-hez (=100) képest,rel_val,2004
Lettország,2021,103.15959373832632,1885546,100,107.4010952995158,7.401095299515802,Lettország (+7%),2004-hez (=100) képest,rel_val,2004
Lettország,2022,105.541482530889,1881016,100,107.4010952995158,7.401095299515802,Lettország (+7%),2004-hez (=100) képest,rel_val,2004
Lettország,2023,107.4010952995158,1882336,100,107.4010952995158,7.401095299515802,Lettország (+7%),2004-hez (=100) képest,rel_val,2004
Románia,2004,100,21403163,100,106.81110109331509,6.811101093315088,Románia (+7%),2004-hez (=100) képest,rel_val,2004
Románia,2005,100.68231974648256,21213352,100,106.81110109331509,6.811101093315088,Románia (+7%),2004-hez (=100) képest,rel_val,2004
Románia,2006,101.51007726205665,21035673,100,106.81110109331509,6.811101093315088,Románia (+7%),2004-hez (=100) képest,rel_val,2004
Románia,2007,102.38622026367277,20870655,100,106.81110109331509,6.811101093315088,Románia (+7%),2004-hez (=100) képest,rel_val,2004
Románia,2008,102.9820368883069,20718693,100,106.81110109331509,6.811101093315088,Románia (+7%),2004-hez (=100) képest,rel_val,2004
Románia,2009,103.32129791253197,20576869,100,106.81110109331509,6.811101093315088,Románia (+7%),2004-hez (=100) képest,rel_val,2004
Románia,2010,103.49331956785011,20432524,100,106.81110109331509,6.811101093315088,Románia (+7%),2004-hez (=100) képest,rel_val,2004
Románia,2011,104.48972300715798,20281955,100,106.81110109331509,6.811101093315088,Románia (+7%),2004-hez (=100) képest,rel_val,2004
Románia,2012,104.5267153991029,20158399,100,106.81110109331509,6.811101093315088,Románia (+7%),2004-hez (=100) képest,rel_val,2004
Románia,2013,105.37613385900977,20062861,100,106.81110109331509,6.811101093315088,Románia (+7%),2004-hez (=100) képest,rel_val,2004
Románia,2014,105.16163424792218,19968125,100,106.81110109331509,6.811101093315088,Románia (+7%),2004-hez (=100) képest,rel_val,2004
Románia,2015,105.12182874632363,19870968,100,106.81110109331509,6.811101093315088,Románia (+7%),2004-hez (=100) képest,rel_val,2004
Románia,2016,105.52100900617057,19777001,100,106.81110109331509,6.811101093315088,Románia (+7%),2004-hez (=100) képest,rel_val,2004
Románia,2017,105.52480670420294,19689357,100,106.81110109331509,6.811101093315088,Románia (+7%),2004-hez (=100) képest,rel_val,2004
Románia,2018,105.63690912389922,19597823,100,106.81110109331509,6.811101093315088,Románia (+7%),2004-hez (=100) képest,rel_val,2004
Románia,2019,105.95408723734347,19501499,100,106.81110109331509,6.811101093315088,Románia (+7%),2004-hez (=100) képest,rel_val,2004
Románia,2020,104.1503213274502,19392420,100,106.81110109331509,6.811101093315088,Románia (+7%),2004-hez (=100) képest,rel_val,2004
Románia,2021,102.313501379127,19248115,100,106.81110109331509,6.811101093315088,Románia (+7%),2004-hez (=100) képest,rel_val,2004
Románia,2022,105.85928544201688,19166726,100,106.81110109331509,6.811101093315088,Románia (+7%),2004-hez (=100) képest,rel_val,2004
Románia,2023,106.81110109331509,19118433,100,106.81110109331509,6.811101093315088,Románia (+7%),2004-hez (=100) képest,rel_val,2004
Szlovénia,2004,100,1993503,100,106.07225351252211,6.07225351252211,Szlovénia (+6%),2004-hez (=100) képest,rel_val,2004
Szlovénia,2005,100.74221486795464,1996858,100,106.07225351252211,6.07225351252211,Szlovénia (+6%),2004-hez (=100) képest,rel_val,2004
Szlovénia,2006,101.15491753095921,2003069,100,106.07225351252211,6.07225351252211,Szlovénia (+6%),2004-hez (=100) képest,rel_val,2004
Szlovénia,2007,101.75947818785185,2014110,100,106.07225351252211,6.07225351252211,Szlovénia (+6%),2004-hez (=100) képest,rel_val,2004
Szlovénia,2008,102.1617820435996,2025041,100,106.07225351252211,6.07225351252211,Szlovénia (+6%),2004-hez (=100) képest,rel_val,2004
Szlovénia,2009,102.72331763546721,2035555,100,106.07225351252211,6.07225351252211,Szlovénia (+6%),2004-hez (=100) képest,rel_val,2004
Szlovénia,2010,103.07921681383145,2044566,100,106.07225351252211,6.07225351252211,Szlovénia (+6%),2004-hez (=100) képest,rel_val,2004
Szlovénia,2011,103.45305393471368,2048754,100,106.07225351252211,6.07225351252211,Szlovénia (+6%),2004-hez (=100) képest,rel_val,2004
Szlovénia,2012,103.68286757508913,2053274,100,106.07225351252211,6.07225351252211,Szlovénia (+6%),2004-hez (=100) képest,rel_val,2004
Szlovénia,2013,104.10297938826416,2056403,100,106.07225351252211,6.07225351252211,Szlovénia (+6%),2004-hez (=100) képest,rel_val,2004
Szlovénia,2014,104.31524504139375,2058351,100,106.07225351252211,6.07225351252211,Szlovénia (+6%),2004-hez (=100) képest,rel_val,2004
Szlovénia,2015,104.63721811108266,2059899,100,106.07225351252211,6.07225351252211,Szlovénia (+6%),2004-hez (=100) képest,rel_val,2004
Szlovénia,2016,104.65359623251213,2061329,100,106.07225351252211,6.07225351252211,Szlovénia (+6%),2004-hez (=100) képest,rel_val,2004
Szlovénia,2017,104.78917068212276,2062366,100,106.07225351252211,6.07225351252211,Szlovénia (+6%),2004-hez (=100) képest,rel_val,2004
Szlovénia,2018,105.10724419909037,2069431,100,106.07225351252211,6.07225351252211,Szlovénia (+6%),2004-hez (=100) képest,rel_val,2004
Szlovénia,2019,105.29702243152711,2083395,100,106.07225351252211,6.07225351252211,Szlovénia (+6%),2004-hez (=100) képest,rel_val,2004
Szlovénia,2020,104.46134828335188,2102370,100,106.07225351252211,6.07225351252211,Szlovénia (+6%),2004-hez (=100) képest,rel_val,2004
Szlovénia,2021,104.55220786175825,2113450,100,106.07225351252211,6.07225351252211,Szlovénia (+6%),2004-hez (=100) képest,rel_val,2004
Szlovénia,2022,105.01924429267963,2115184,100,106.07225351252211,6.07225351252211,Szlovénia (+6%),2004-hez (=100) képest,rel_val,2004
Szlovénia,2023,106.07225351252211,2118353,100,106.07225351252211,6.07225351252211,Szlovénia (+6%),2004-hez (=100) képest,rel_val,2004
Magyarország,2004,100,10085736,100,105.64836913285599,5.64836913285599,Magyarország (+6%),2004-hez (=100) képest,rel_val,2004
Magyarország,2005,99.94362603900913,10065654,100,105.64836913285599,5.64836913285599,Magyarország (+6%),2004-hez (=100) képest,rel_val,2004
Magyarország,2006,100.60091076180287,10049900,100,105.64836913285599,5.64836913285599,Magyarország (+6%),2004-hez (=100) képest,rel_val,2004
Magyarország,2007,100.72065399281264,10034027,100,105.64836913285599,5.64836913285599,Magyarország (+6%),2004-hez (=100) képest,rel_val,2004
Magyarország,2008,101.44171947439168,10016610,100,105.64836913285599,5.64836913285599,Magyarország (+6%),2004-hez (=100) képest,rel_val,2004
Magyarország,2009,101.74608399857351,10001329,100,105.64836913285599,5.64836913285599,Magyarország (+6%),2004-hez (=100) képest,rel_val,2004
Magyarország,2010,102.21230077085562,9979076,100,105.64836913285599,5.64836913285599,Magyarország (+6%),2004-hez (=100) képest,rel_val,2004
Magyarország,2011,102.76602748744959,9946626,100,105.64836913285599,5.64836913285599,Magyarország (+6%),2004-hez (=100) képest,rel_val,2004
Magyarország,2012,103.12265108495869,9916568,100,105.64836913285599,5.64836913285599,Magyarország (+6%),2004-hez (=100) képest,rel_val,2004
Magyarország,2013,103.80860285847528,9889294,100,105.64836913285599,5.64836913285599,Magyarország (+6%),2004-hez (=100) képest,rel_val,2004
Magyarország,2014,104.03711628672536,9862785,100,105.64836913285599,5.64836913285599,Magyarország (+6%),2004-hez (=100) képest,rel_val,2004
Magyarország,2015,103.76868844813869,9839162,100,105.64836913285599,5.64836913285599,Magyarország (+6%),2004-hez (=100) képest,rel_val,2004
Magyarország,2016,104.45902943516307,9810479,100,105.64836913285599,5.64836913285599,Magyarország (+6%),2004-hez (=100) képest,rel_val,2004
Magyarország,2017,104.25342221490686,9785561,100,105.64836913285599,5.64836913285599,Magyarország (+6%),2004-hez (=100) képest,rel_val,2004
Magyarország,2018,104.52486763778015,9774342,100,105.64836913285599,5.64836913285599,Magyarország (+6%),2004-hez (=100) képest,rel_val,2004
Magyarország,2019,104.86736345431102,9770300,100,105.64836913285599,5.64836913285599,Magyarország (+6%),2004-hez (=100) képest,rel_val,2004
Magyarország,2020,103.87375524648175,9749421,100,105.64836913285599,5.64836913285599,Magyarország (+6%),2004-hez (=100) képest,rel_val,2004
Magyarország,2021,101.75445093682275,9707794,100,105.64836913285599,5.64836913285599,Magyarország (+6%),2004-hez (=100) képest,rel_val,2004
Magyarország,2022,104.53433187940634,9684259,100,105.64836913285599,5.64836913285599,Magyarország (+6%),2004-hez (=100) képest,rel_val,2004
Magyarország,2023,105.64836913285599,9686418,100,105.64836913285599,5.64836913285599,Magyarország (+6%),2004-hez (=100) képest,rel_val,2004
Litvánia,2004,100,3376654,100,105.58895791580385,5.588957915803846,Litvánia (+6%),2004-hez (=100) képest,rel_val,2004
Litvánia,2005,98.95209643212792,3322225,100,105.58895791580385,5.588957915803846,Litvánia (+6%),2004-hez (=100) képest,rel_val,2004
Litvánia,2006,98.5597402254694,3269761,100,105.58895791580385,5.588957915803846,Litvánia (+6%),2004-hez (=100) képest,rel_val,2004
Litvánia,2007,98.19071706048118,3231322,100,105.58895791580385,5.588957915803846,Litvánia (+6%),2004-hez (=100) képest,rel_val,2004
Litvánia,2008,99.57639418396158,3198432,100,105.58895791580385,5.588957915803846,Litvánia (+6%),2004-hez (=100) képest,rel_val,2004
Litvánia,2009,101.17873526580917,3163204,100,105.58895791580385,5.588957915803846,Litvánia (+6%),2004-hez (=100) képest,rel_val,2004
Litvánia,2010,101.66011813741218,3097660,100,105.58895791580385,5.588957915803846,Litvánia (+6%),2004-hez (=100) képest,rel_val,2004
Litvánia,2011,102.23205543264042,3028588,100,105.58895791580385,5.588957915803846,Litvánia (+6%),2004-hez (=100) képest,rel_val,2004
Litvánia,2012,102.72704924521776,2988281,100,105.58895791580385,5.588957915803846,Litvánia (+6%),2004-hez (=100) képest,rel_val,2004
Litvánia,2013,102.81371482856463,2958306,100,105.58895791580385,5.588957915803846,Litvánia (+6%),2004-hez (=100) képest,rel_val,2004
Litvánia,2014,103.60426050229928,2933118,100,105.58895791580385,5.588957915803846,Litvánia (+6%),2004-hez (=100) képest,rel_val,2004
Litvánia,2015,103.4344015144255,2905726,100,105.58895791580385,5.588957915803846,Litvánia (+6%),2004-hez (=100) képest,rel_val,2004
Litvánia,2016,103.91467328880611,2869051,100,105.58895791580385,5.588957915803846,Litvánia (+6%),2004-hez (=100) képest,rel_val,2004
Litvánia,2017,105.1396579764975,2829273,100,105.58895791580385,5.588957915803846,Litvánia (+6%),2004-hez (=100) képest,rel_val,2004
Litvánia,2018,105.42798770570923,2802430,100,105.58895791580385,5.588957915803846,Litvánia (+6%),2004-hez (=100) képest,rel_val,2004
Litvánia,2019,106.14381209123775,2795011,100,105.58895791580385,5.588957915803846,Litvánia (+6%),2004-hez (=100) képest,rel_val,2004
Litvánia,2020,104.31119611004863,2795711,100,105.58895791580385,5.588957915803846,Litvánia (+6%),2004-hez (=100) képest,rel_val,2004
Litvánia,2021,103.18857125397044,2794443,100,105.58895791580385,5.588957915803846,Litvánia (+6%),2004-hez (=100) képest,rel_val,2004
Litvánia,2022,103.74314765509875,2816872,100,105.58895791580385,5.588957915803846,Litvánia (+6%),2004-hez (=100) képest,rel_val,2004
Litvánia,2023,105.58895791580385,2854061,100,105.58895791580385,5.588957915803846,Litvánia (+6%),2004-hez (=100) képest,rel_val,2004
Szlovákia,2004,100,5375995,100,105.55693289426169,5.556932894261692,Szlovákia (+6%),2004-hez (=100) képest,rel_val,2004
Szlovákia,2005,99.91780880981766,5376650,100,105.55693289426169,5.556932894261692,Szlovákia (+6%),2004-hez (=100) képest,rel_val,2004
Szlovákia,2006,100.26799717585679,5376793,100,105.55693289426169,5.556932894261692,Szlovákia (+6%),2004-hez (=100) képest,rel_val,2004
Szlovákia,2007,100.37390254550156,5376949,100,105.55693289426169,5.556932894261692,Szlovákia (+6%),2004-hez (=100) képest,rel_val,2004
Szlovákia,2008,100.87190031421288,5379075,100,105.55693289426169,5.556932894261692,Szlovákia (+6%),2004-hez (=100) képest,rel_val,2004
Szlovákia,2009,101.34780077933416,5385027,100,105.55693289426169,5.556932894261692,Szlovákia (+6%),2004-hez (=100) képest,rel_val,2004
Szlovákia,2010,101.72345494036422,5391807,100,105.55693289426169,5.556932894261692,Szlovákia (+6%),2004-hez (=100) képest,rel_val,2004
Szlovákia,2011,102.42652646556324,5398048,100,105.55693289426169,5.556932894261692,Szlovákia (+6%),2004-hez (=100) képest,rel_val,2004
Szlovákia,2012,102.63981934106918,5404834,100,105.55693289426169,5.556932894261692,Szlovákia (+6%),2004-hez (=100) képest,rel_val,2004
Szlovákia,2013,103.09456568019273,5410370,100,105.55693289426169,5.556932894261692,Szlovákia (+6%),2004-hez (=100) képest,rel_val,2004
Szlovákia,2014,103.54526982963517,5415184,100,105.55693289426169,5.556932894261692,Szlovákia (+6%),2004-hez (=100) képest,rel_val,2004
Szlovákia,2015,103.27862005033872,5420221,100,105.55693289426169,5.556932894261692,Szlovákia (+6%),2004-hez (=100) képest,rel_val,2004
Szlovákia,2016,104.04003384660159,5427217,100,105.55693289426169,5.556932894261692,Szlovákia (+6%),2004-hez (=100) képest,rel_val,2004
Szlovákia,2017,104.0459623914672,5435643,100,105.55693289426169,5.556932894261692,Szlovákia (+6%),2004-hez (=100) képest,rel_val,2004
Szlovákia,2018,104.10659523668367,5443188,100,105.55693289426169,5.556932894261692,Szlovákia (+6%),2004-hez (=100) képest,rel_val,2004
Szlovákia,2019,104.6742534075659,5450575,100,105.55693289426169,5.556932894261692,Szlovákia (+6%),2004-hez (=100) képest,rel_val,2004
Szlovákia,2020,103.566693434945,5454981,100,105.55693289426169,5.556932894261692,Szlovákia (+6%),2004-hez (=100) képest,rel_val,2004
Szlovákia,2021,100.5024441773605,5442712,100,105.55693289426169,5.556932894261692,Szlovákia (+6%),2004-hez (=100) képest,rel_val,2004
Szlovákia,2022,103.7975024657357,5473145,100,105.55693289426169,5.556932894261692,Szlovákia (+6%),2004-hez (=100) képest,rel_val,2004
Szlovákia,2023,105.55693289426169,5518008,100,105.55693289426169,5.556932894261692,Szlovákia (+6%),2004-hez (=100) képest,rel_val,2004
Csehország,2004,100,10261411,100,105.12564918305647,5.125649183056467,Csehország (+5%),2004-hez (=100) képest,rel_val,2004
Csehország,2005,100.28245388561737,10280103,100,105.12564918305647,5.125649183056467,Csehország (+5%),2004-hez (=100) képest,rel_val,2004
Csehország,2006,101.00919654049956,10304542,100,105.12564918305647,5.125649183056467,Csehország (+5%),2004-hez (=100) képest,rel_val,2004
Csehország,2007,101.28690994132333,10337488,100,105.12564918305647,5.125649183056467,Csehország (+5%),2004-hez (=100) képest,rel_val,2004
Csehország,2008,101.62045571860483,10378248,100,105.12564918305647,5.125649183056467,Csehország (+5%),2004-hez (=100) képest,rel_val,2004
Csehország,2009,101.73317391258547,10420931,100,105.12564918305647,5.125649183056467,Csehország (+5%),2004-hez (=100) képest,rel_val,2004
Csehország,2010,102.14125064523266,10463981,100,105.12564918305647,5.125649183056467,Csehország (+5%),2004-hez (=100) képest,rel_val,2004
Csehország,2011,102.46610553372594,10495455,100,105.12564918305647,5.125649183056467,Csehország (+5%),2004-hez (=100) képest,rel_val,2004
Csehország,2012,102.70747521779894,10507287,100,105.12564918305647,5.125649183056467,Csehország (+5%),2004-hez (=100) képest,rel_val,2004
Csehország,2013,102.93304328589338,10511117,100,105.12564918305647,5.125649183056467,Csehország (+5%),2004-hez (=100) képest,rel_val,2004
Csehország,2014,103.69007237140119,10517176,100,105.12564918305647,5.125649183056467,Csehország (+5%),2004-hez (=100) képest,rel_val,2004
Csehország,2015,103.44909772772763,10524367,100,105.12564918305647,5.125649183056467,Csehország (+5%),2004-hez (=100) képest,rel_val,2004
Csehország,2016,103.99359507832335,10531895,100,105.12564918305647,5.125649183056467,Csehország (+5%),2004-hez (=100) képest,rel_val,2004
Csehország,2017,103.92986189387636,10541301,100,105.12564918305647,5.125649183056467,Csehország (+5%),2004-hez (=100) képest,rel_val,2004
Csehország,2018,103.9762133007469,10548878,100,105.12564918305647,5.125649183056467,Csehország (+5%),2004-hez (=100) képest,rel_val,2004
Csehország,2019,104.27130847914714,10554819,100,105.12564918305647,5.125649183056467,Csehország (+5%),2004-hez (=100) képest,rel_val,2004
Csehország,2020,103.02258577643875,10550083,100,105.12564918305647,5.125649183056467,Csehország (+5%),2004-hez (=100) képest,rel_val,2004
Csehország,2021,101.7020974011609,10530619,100,105.12564918305647,5.125649183056467,Csehország (+5%),2004-hez (=100) képest,rel_val,2004
Csehország,2022,104.24431405185037,10673169,100,105.12564918305647,5.125649183056467,Csehország (+5%),2004-hez (=100) képest,rel_val,2004
Csehország,2023,105.12564918305647,10809674,100,105.12564918305647,5.125649183056467,Csehország (+5%),2004-hez (=100) képest,rel_val,2004
Lengyelország,2004,100,38167521,100,104.92304859400562,4.923048594005621,Lengyelország (+5%),2004-hez (=100) képest,rel_val,2004
Lengyelország,2005,100.24498488192422,38124333,100,104.92304859400562,4.923048594005621,Lengyelország (+5%),2004-hez (=100) képest,rel_val,2004
Lengyelország,2006,100.40964247685586,38071124,100,104.92304859400562,4.923048594005621,Lengyelország (+5%),2004-hez (=100) képest,rel_val,2004
Lengyelország,2007,100.62834085456491,38020368,100,104.92304859400562,4.923048594005621,Lengyelország (+5%),2004-hez (=100) képest,rel_val,2004
Lengyelország,2008,100.85331063175676,37995854,100,104.92304859400562,4.923048594005621,Lengyelország (+5%),2004-hez (=100) képest,rel_val,2004
Lengyelország,2009,101.2848362897867,38002108,100,104.92304859400562,4.923048594005621,Lengyelország (+5%),2004-hez (=100) képest,rel_val,2004
Lengyelország,2010,101.78654824841148,38095304,100,104.92304859400562,4.923048594005621,Lengyelország (+5%),2004-hez (=100) képest,rel_val,2004
Lengyelország,2011,102.16816957864201,38208597,100,104.92304859400562,4.923048594005621,Lengyelország (+5%),2004-hez (=100) képest,rel_val,2004
Lengyelország,2012,102.44371085379099,38247820,100,104.92304859400562,4.923048594005621,Lengyelország (+5%),2004-hez (=100) képest,rel_val,2004
Lengyelország,2013,102.84534728875391,38259214,100,104.92304859400562,4.923048594005621,Lengyelország (+5%),2004-hez (=100) képest,rel_val,2004
Lengyelország,2014,103.160518471273,38265064,100,104.92304859400562,4.923048594005621,Lengyelország (+5%),2004-hez (=100) képest,rel_val,2004
Lengyelország,2015,103.53066447479031,38266267,100,104.92304859400562,4.923048594005621,Lengyelország (+5%),2004-hez (=100) képest,rel_val,2004
Lengyelország,2016,103.59751492459642,38263203,100,104.92304859400562,4.923048594005621,Lengyelország (+5%),2004-hez (=100) képest,rel_val,2004
Lengyelország,2017,103.69892478857378,38254908,100,104.92304859400562,4.923048594005621,Lengyelország (+5%),2004-hez (=100) képest,rel_val,2004
Lengyelország,2018,103.57576517745392,38241017,100,104.92304859400562,4.923048594005621,Lengyelország (+5%),2004-hez (=100) képest,rel_val,2004
Lengyelország,2019,103.97353202550192,38225836,100,104.92304859400562,4.923048594005621,Lengyelország (+5%),2004-hez (=100) képest,rel_val,2004
Lengyelország,2020,102.20392989909719,38170958,100,104.92304859400562,4.923048594005621,Lengyelország (+5%),2004-hez (=100) képest,rel_val,2004
Lengyelország,2021,100.92776682136119,38040252,100,104.92304859400562,4.923048594005621,Lengyelország (+5%),2004-hez (=100) képest,rel_val,2004
Lengyelország,2022,103.9756669700067,38385689,100,104.92304859400562,4.923048594005621,Lengyelország (+5%),2004-hez (=100) képest,rel_val,2004
Lengyelország,2023,104.92304859400562,38762796,100,104.92304859400562,4.923048594005621,Lengyelország (+5%),2004-hez (=100) képest,rel_val,2004
Horvátország,2004,100,4310013,100,104.40275554197419,4.402755541974187,Horvátország (+4%),2004-hez (=100) képest,rel_val,2004
Horvátország,2005,100.40389814857872,4313901,100,104.40275554197419,4.402755541974187,Horvátország (+4%),2004-hez (=100) képest,rel_val,2004
Horvátország,2006,100.5449967781151,4315751,100,104.40275554197419,4.402755541974187,Horvátország (+4%),2004-hez (=100) képest,rel_val,2004
Horvátország,2007,100.82307533896223,4315907,100,104.40275554197419,4.402755541974187,Horvátország (+4%),2004-hez (=100) képest,rel_val,2004
Horvátország,2008,100.97573289577701,4314591,100,104.40275554197419,4.402755541974187,Horvátország (+4%),2004-hez (=100) képest,rel_val,2004
Horvátország,2009,101.38999422053638,4310491,100,104.40275554197419,4.402755541974187,Horvátország (+4%),2004-hez (=100) képest,rel_val,2004
Horvátország,2010,101.87281194156765,4301108,100,104.40275554197419,4.402755541974187,Horvátország (+4%),2004-hez (=100) képest,rel_val,2004
Horvátország,2011,102.29331774428198,4280782,100,104.40275554197419,4.402755541974187,Horvátország (+4%),2004-hez (=100) képest,rel_val,2004
Horvátország,2012,102.68060823872507,4259181,100,104.40275554197419,4.402755541974187,Horvátország (+4%),2004-hez (=100) képest,rel_val,2004
Horvátország,2013,102.98074176426434,4242353,100,104.40275554197419,4.402755541974187,Horvátország (+4%),2004-hez (=100) képest,rel_val,2004
Horvátország,2014,102.98658765852007,4219439,100,104.40275554197419,4.402755541974187,Horvátország (+4%),2004-hez (=100) képest,rel_val,2004
Horvátország,2015,103.14402821972593,4183681,100,104.40275554197419,4.402755541974187,Horvátország (+4%),2004-hez (=100) képest,rel_val,2004
Horvátország,2016,103.13937807656795,4136388,100,104.40275554197419,4.402755541974187,Horvátország (+4%),2004-hez (=100) képest,rel_val,2004
Horvátország,2017,103.26825347266048,4079152,100,104.40275554197419,4.402755541974187,Horvátország (+4%),2004-hez (=100) képest,rel_val,2004
Horvátország,2018,103.45293058664878,4024820,100,104.40275554197419,4.402755541974187,Horvátország (+4%),2004-hez (=100) képest,rel_val,2004
Horvátország,2019,103.893498435559,3986292,100,104.40275554197419,4.402755541974187,Horvátország (+4%),2004-hez (=100) képest,rel_val,2004
Horvátország,2020,102.96373552642943,3953898,100,104.40275554197419,4.402755541974187,Horvátország (+4%),2004-hez (=100) képest,rel_val,2004
Horvátország,2021,102.49074953664646,3924558,100,104.40275554197419,4.402755541974187,Horvátország (+4%),2004-hez (=100) képest,rel_val,2004
Horvátország,2022,104.00098317312484,3906988,100,104.40275554197419,4.402755541974187,Horvátország (+4%),2004-hez (=100) képest,rel_val,2004
Horvátország,2023,104.40275554197419,3895973,100,104.40275554197419,4.402755541974187,Horvátország (+4%),2004-hez (=100) képest,rel_val,2004
Bulgária,2004,100,7749383,100,104.21754478790335,4.21754478790335,Bulgária (+4%),2004-hez (=100) képest,rel_val,2004
Bulgária,2005,99.97754059915619,7695001,100,104.21754478790335,4.21754478790335,Bulgária (+4%),2004-hez (=100) képest,rel_val,2004
Bulgária,2006,100.15776695684764,7640243,100,104.21754478790335,4.21754478790335,Bulgária (+4%),2004-hez (=100) képest,rel_val,2004
Bulgária,2007,100.59606974264005,7586847,100,104.21754478790335,4.21754478790335,Bulgária (+4%),2004-hez (=100) képest,rel_val,2004
Bulgária,2008,101.05145820760201,7535541,100,104.21754478790335,4.21754478790335,Bulgária (+4%),2004-hez (=100) képest,rel_val,2004
Bulgária,2009,101.52310562532209,7487966,100,104.21754478790335,4.21754478790335,Bulgária (+4%),2004-hez (=100) képest,rel_val,2004
Bulgária,2010,101.70663888865924,7437542,100,104.21754478790335,4.21754478790335,Bulgária (+4%),2004-hez (=100) képest,rel_val,2004
Bulgária,2011,102.19619871196025,7379973,100,104.21754478790335,4.21754478790335,Bulgária (+4%),2004-hez (=100) képest,rel_val,2004
Bulgária,2012,102.42768210716027,7316974,100,104.21754478790335,4.21754478790335,Bulgária (+4%),2004-hez (=100) képest,rel_val,2004
Bulgária,2013,103.10339316076796,7264556,100,104.21754478790335,4.21754478790335,Bulgária (+4%),2004-hez (=100) képest,rel_val,2004
Bulgária,2014,102.60556607335266,7223406,100,104.21754478790335,4.21754478790335,Bulgária (+4%),2004-hez (=100) képest,rel_val,2004
Bulgária,2015,102.81831033656032,7177463,100,104.21754478790335,4.21754478790335,Bulgária (+4%),2004-hez (=100) képest,rel_val,2004
Bulgária,2016,103.10256643435655,7127389,100,104.21754478790335,4.21754478790335,Bulgária (+4%),2004-hez (=100) képest,rel_val,2004
Bulgária,2017,103.06205684019655,7075586,100,104.21754478790335,4.21754478790335,Bulgária (+4%),2004-hez (=100) képest,rel_val,2004
Bulgária,2018,103.24779470729752,7024687,100,104.21754478790335,4.21754478790335,Bulgária (+4%),2004-hez (=100) képest,rel_val,2004
Bulgária,2019,103.46122790918135,6975420,100,104.21754478790335,4.21754478790335,Bulgária (+4%),2004-hez (=100) képest,rel_val,2004
Bulgária,2020,101.41067083336777,6933606,100,104.21754478790335,4.21754478790335,Bulgária (+4%),2004-hez (=100) képest,rel_val,2004
Bulgária,2021,98.39931987973887,6877173,100,104.21754478790335,4.21754478790335,Bulgária (+4%),2004-hez (=100) képest,rel_val,2004
Bulgária,2022,102.01004748165356,6825817,100,104.21754478790335,4.21754478790335,Bulgária (+4%),2004-hez (=100) képest,rel_val,2004
Bulgária,2023,104.21754478790335,6795757,100,104.21754478790335,4.21754478790335,Bulgária (+4%),2004-hez (=100) képest,rel_val,2004
Lettország,2010,100,2097787,100,104.32885791163726,4.328857911637257,Lettország (+4%),2010-hez (=100) képest,rel_val,2010
Lettország,2011,100.94360420931555,2059892,100,104.32885791163726,4.328857911637257,Lettország (+4%),2010-hez (=100) képest,rel_val,2010
Lettország,2012,101.2463627214033,2034577,100,104.32885791163726,4.328857911637257,Lettország (+4%),2010-hez (=100) képest,rel_val,2010
Lettország,2013,101.58677776484524,2012960,100,104.32885791163726,4.328857911637257,Lettország (+4%),2010-hez (=100) képest,rel_val,2010
Lettország,2014,101.74931704745407,1994096,100,104.32885791163726,4.328857911637257,Lettország (+4%),2010-hez (=100) képest,rel_val,2010
Lettország,2015,102.2403582163128,1977815,100,104.32885791163726,4.328857911637257,Lettország (+4%),2010-hez (=100) képest,rel_val,2010
Lettország,2016,102.36661029598035,1959817,100,104.32885791163726,4.328857911637257,Lettország (+4%),2010-hez (=100) képest,rel_val,2010
Lettország,2017,102.4264499476232,1942550,100,104.32885791163726,4.328857911637257,Lettország (+4%),2010-hez (=100) képest,rel_val,2010
Lettország,2018,102.67128586784611,1927526,100,104.32885791163726,4.328857911637257,Lettország (+4%),2010-hez (=100) képest,rel_val,2010
Lettország,2019,103.55929534359873,1914220,100,104.32885791163726,4.328857911637257,Lettország (+4%),2010-hez (=100) képest,rel_val,2010
Lettország,2020,103.3543068801906,1901069,100,104.32885791163726,4.328857911637257,Lettország (+4%),2010-hez (=100) képest,rel_val,2010
Lettország,2021,100.20868565012289,1885546,100,104.32885791163726,4.328857911637257,Lettország (+4%),2010-hez (=100) képest,rel_val,2010
Lettország,2022,102.52243986936607,1881016,100,104.32885791163726,4.328857911637257,Lettország (+4%),2010-hez (=100) képest,rel_val,2010
Lettország,2023,104.32885791163726,1882336,100,104.32885791163726,4.328857911637257,Lettország (+4%),2010-hez (=100) képest,rel_val,2010
Észtország,2010,100,1331406,100,104.31184898578837,4.311848985788373,Észtország (+4%),2010-hez (=100) képest,rel_val,2010
Észtország,2011,100.61226964112511,1327315,100,104.31184898578837,4.311848985788373,Észtország (+4%),2010-hez (=100) képest,rel_val,2010
Észtország,2012,100.7041232657192,1322570,100,104.31184898578837,4.311848985788373,Észtország (+4%),2010-hez (=100) képest,rel_val,2010
Észtország,2013,101.80597140808838,1317872,100,104.31184898578837,4.311848985788373,Észtország (+4%),2010-hez (=100) képest,rel_val,2010
Észtország,2014,101.61936490532618,1314402,100,104.31184898578837,4.311848985788373,Észtország (+4%),2010-hez (=100) képest,rel_val,2010
Észtország,2015,102.35024037447813,1314538,100,104.31184898578837,4.311848985788373,Észtország (+4%),2010-hez (=100) képest,rel_val,2010
Észtország,2016,102.47952072702735,1315802,100,104.31184898578837,4.311848985788373,Észtország (+4%),2010-hez (=100) képest,rel_val,2010
Észtország,2017,103.03077425884534,1317381,100,104.31184898578837,4.311848985788373,Észtország (+4%),2010-hez (=100) képest,rel_val,2010
Észtország,2018,103.23174524522413,1321918,100,104.31184898578837,4.311848985788373,Észtország (+4%),2010-hez (=100) képest,rel_val,2010
Észtország,2019,103.81014633323494,1326772,100,104.31184898578837,4.311848985788373,Észtország (+4%),2010-hez (=100) képest,rel_val,2010
Észtország,2020,103.96841922152404,1329618,100,104.31184898578837,4.311848985788373,Észtország (+4%),2010-hez (=100) képest,rel_val,2010
Észtország,2021,102.01353160713532,1331699,100,104.31184898578837,4.311848985788373,Észtország (+4%),2010-hez (=100) képest,rel_val,2010
Észtország,2022,103.01232446337451,1350038,100,104.31184898578837,4.311848985788373,Észtország (+4%),2010-hez (=100) képest,rel_val,2010
Észtország,2023,104.31184898578837,1367143,100,104.31184898578837,4.311848985788373,Észtország (+4%),2010-hez (=100) képest,rel_val,2010
Litvánia,2010,100,3097660,100,103.86468149985929,3.8646814998592873,Litvánia (+4%),2010-hez (=100) képest,rel_val,2010
Litvánia,2011,100.56259751189269,3028588,100,103.86468149985929,3.8646814998592873,Litvánia (+4%),2010-hez (=100) képest,rel_val,2010
Litvánia,2012,101.0495080345701,2988281,100,103.86468149985929,3.8646814998592873,Litvánia (+4%),2010-hez (=100) képest,rel_val,2010
Litvánia,2013,101.13475836177287,2958306,100,103.86468149985929,3.8646814998592873,Litvánia (+4%),2010-hez (=100) képest,rel_val,2010
Litvánia,2014,101.91239435927001,2933118,100,103.86468149985929,3.8646814998592873,Litvánia (+4%),2010-hez (=100) képest,rel_val,2010
Litvánia,2015,101.74530918271712,2905726,100,103.86468149985929,3.8646814998592873,Litvánia (+4%),2010-hez (=100) képest,rel_val,2010
Litvánia,2016,102.2177380792992,2869051,100,103.86468149985929,3.8646814998592873,Litvánia (+4%),2010-hez (=100) képest,rel_val,2010
Litvánia,2017,103.42271866572307,2829273,100,103.86468149985929,3.8646814998592873,Litvánia (+4%),2010-hez (=100) képest,rel_val,2010
Litvánia,2018,103.70633994660925,2802430,100,103.86468149985929,3.8646814998592873,Litvánia (+4%),2010-hez (=100) képest,rel_val,2010
Litvánia,2019,104.4104748607168,2795011,100,103.86468149985929,3.8646814998592873,Litvánia (+4%),2010-hez (=100) képest,rel_val,2010
Litvánia,2020,102.60778565007472,2795711,100,103.86468149985929,3.8646814998592873,Litvánia (+4%),2010-hez (=100) képest,rel_val,2010
Litvánia,2021,101.50349335074772,2794443,100,103.86468149985929,3.8646814998592873,Litvánia (+4%),2010-hez (=100) képest,rel_val,2010
Litvánia,2022,102.04901347337702,2816872,100,103.86468149985929,3.8646814998592873,Litvánia (+4%),2010-hez (=100) képest,rel_val,2010
Litvánia,2023,103.86468149985929,2854061,100,103.86468149985929,3.8646814998592873,Litvánia (+4%),2010-hez (=100) képest,rel_val,2010
Szlovákia,2010,100,5391807,100,103.76852905374169,3.7685290537416876,Szlovákia (+4%),2010-hez (=100) képest,rel_val,2010
Szlovákia,2011,100.69115969921705,5398048,100,103.76852905374169,3.7685290537416876,Szlovákia (+4%),2010-hez (=100) képest,rel_val,2010
Szlovákia,2012,100.90083884905617,5404834,100,103.76852905374169,3.7685290537416876,Szlovákia (+4%),2010-hez (=100) képest,rel_val,2010
Szlovákia,2013,101.3478806246134,5410370,100,103.76852905374169,3.7685290537416876,Szlovákia (+4%),2010-hez (=100) képest,rel_val,2010
Szlovákia,2014,101.79094869549898,5415184,100,103.76852905374169,3.7685290537416876,Szlovákia (+4%),2010-hez (=100) képest,rel_val,2010
Szlovákia,2015,101.52881664399446,5420221,100,103.76852905374169,3.7685290537416876,Szlovákia (+4%),2010-hez (=100) képest,rel_val,2010
Szlovákia,2016,102.27733014730522,5427217,100,103.76852905374169,3.7685290537416876,Szlovákia (+4%),2010-hez (=100) képest,rel_val,2010
Szlovákia,2017,102.28315824749026,5435643,100,103.76852905374169,3.7685290537416876,Szlovákia (+4%),2010-hez (=100) képest,rel_val,2010
Szlovákia,2018,102.34276381756456,5443188,100,103.76852905374169,3.7685290537416876,Szlovákia (+4%),2010-hez (=100) képest,rel_val,2010
Szlovákia,2019,102.90080441028235,5450575,100,103.76852905374169,3.7685290537416876,Szlovákia (+4%),2010-hez (=100) képest,rel_val,2010
Szlovákia,2020,101.81200933025856,5454981,100,103.76852905374169,3.7685290537416876,Szlovákia (+4%),2010-hez (=100) képest,rel_val,2010
Szlovákia,2021,98.79967627552608,5442712,100,103.76852905374169,3.7685290537416876,Szlovákia (+4%),2010-hez (=100) képest,rel_val,2010
Szlovákia,2022,102.03890786700805,5473145,100,103.76852905374169,3.7685290537416876,Szlovákia (+4%),2010-hez (=100) képest,rel_val,2010
Szlovákia,2023,103.76852905374169,5518008,100,103.76852905374169,3.7685290537416876,Szlovákia (+4%),2010-hez (=100) képest,rel_val,2010
Magyarország,2010,100,9979076,100,103.36169750224438,3.3616975022443825,Magyarország (+3%),2010-hez (=100) képest,rel_val,2010
Magyarország,2011,100.5417417594731,9946626,100,103.36169750224438,3.3616975022443825,Magyarország (+3%),2010-hez (=100) képest,rel_val,2010
Magyarország,2012,100.89064653396653,9916568,100,103.36169750224438,3.3616975022443825,Magyarország (+3%),2010-hez (=100) képest,rel_val,2010
Magyarország,2013,101.5617514482903,9889294,100,103.36169750224438,3.3616975022443825,Magyarország (+3%),2010-hez (=100) képest,rel_val,2010
Magyarország,2014,101.78531889225418,9862785,100,103.36169750224438,3.3616975022443825,Magyarország (+3%),2010-hez (=100) képest,rel_val,2010
Magyarország,2015,101.52270095237583,9839162,100,103.36169750224438,3.3616975022443825,Magyarország (+3%),2010-hez (=100) képest,rel_val,2010
Magyarország,2016,102.19810007930873,9810479,100,103.36169750224438,3.3616975022443825,Magyarország (+3%),2010-hez (=100) képest,rel_val,2010
Magyarország,2017,101.99694305739887,9785561,100,103.36169750224438,3.3616975022443825,Magyarország (+3%),2010-hez (=100) képest,rel_val,2010
Magyarország,2018,102.26251326844599,9774342,100,103.36169750224438,3.3616975022443825,Magyarország (+3%),2010-hez (=100) képest,rel_val,2010
Magyarország,2019,102.59759604610373,9770300,100,103.36169750224438,3.3616975022443825,Magyarország (+3%),2010-hez (=100) képest,rel_val,2010
Magyarország,2020,101.62549366670736,9749421,100,103.36169750224438,3.3616975022443825,Magyarország (+3%),2010-hez (=100) képest,rel_val,2010
Magyarország,2021,99.55205994720802,9707794,100,103.36169750224438,3.3616975022443825,Magyarország (+3%),2010-hez (=100) képest,rel_val,2010
Magyarország,2022,102.27177266438446,9684259,100,103.36169750224438,3.3616975022443825,Magyarország (+3%),2010-hez (=100) képest,rel_val,2010
Magyarország,2023,103.36169750224438,9686418,100,103.36169750224438,3.3616975022443825,Magyarország (+3%),2010-hez (=100) képest,rel_val,2010
Románia,2010,100,20432524,100,103.20579293361041,3.205792933610411,Románia (+3%),2010-hez (=100) képest,rel_val,2010
Románia,2011,100.96277077928167,20281955,100,103.20579293361041,3.205792933610411,Románia (+3%),2010-hez (=100) képest,rel_val,2010
Románia,2012,100.99851452786312,20158399,100,103.20579293361041,3.205792933610411,Románia (+3%),2010-hez (=100) képest,rel_val,2010
Románia,2013,101.81926166734394,20062861,100,103.20579293361041,3.205792933610411,Románia (+3%),2010-hez (=100) képest,rel_val,2010
Románia,2014,101.61200228868717,19968125,100,103.20579293361041,3.205792933610411,Románia (+3%),2010-hez (=100) képest,rel_val,2010
Románia,2015,101.57354038432004,19870968,100,103.20579293361041,3.205792933610411,Románia (+3%),2010-hez (=100) képest,rel_val,2010
Románia,2016,101.95924669030556,19777001,100,103.20579293361041,3.205792933610411,Románia (+3%),2010-hez (=100) képest,rel_val,2010
Románia,2017,101.9629162006162,19689357,100,103.20579293361041,3.205792933610411,Románia (+3%),2010-hez (=100) képest,rel_val,2010
Románia,2018,102.07123470867487,19597823,100,103.20579293361041,3.205792933610411,Románia (+3%),2010-hez (=100) képest,rel_val,2010
Románia,2019,102.37770677350831,19501499,100,103.20579293361041,3.205792933610411,Románia (+3%),2010-hez (=100) képest,rel_val,2010
Románia,2020,100.63482528374149,19392420,100,103.20579293361041,3.205792933610411,Románia (+3%),2010-hez (=100) képest,rel_val,2010
Románia,2021,98.86000546349311,19248115,100,103.20579293361041,3.205792933610411,Románia (+3%),2010-hez (=100) képest,rel_val,2010
Románia,2022,102.28610492353147,19166726,100,103.20579293361041,3.205792933610411,Románia (+3%),2010-hez (=100) képest,rel_val,2010
Románia,2023,103.20579293361041,19118433,100,103.20579293361041,3.205792933610411,Románia (+3%),2010-hez (=100) képest,rel_val,2010
Lengyelország,2010,100,38095304,100,103.08144877645273,3.0814487764527314,Lengyelország (+3%),2010-hez (=100) képest,rel_val,2010
Lengyelország,2011,100.37492314730937,38208597,100,103.08144877645273,3.0814487764527314,Lengyelország (+3%),2010-hez (=100) képest,rel_val,2010
Lengyelország,2012,100.64562814702754,38247820,100,103.08144877645273,3.0814487764527314,Lengyelország (+3%),2010-hez (=100) képest,rel_val,2010
Lengyelország,2013,101.04021509576926,38259214,100,103.08144877645273,3.0814487764527314,Lengyelország (+3%),2010-hez (=100) képest,rel_val,2010
Lengyelország,2014,101.34985442232339,38265064,100,103.08144877645273,3.0814487764527314,Lengyelország (+3%),2010-hez (=100) képest,rel_val,2010
Lengyelország,2015,101.7135036568116,38266267,100,103.08144877645273,3.0814487764527314,Lengyelország (+3%),2010-hez (=100) képest,rel_val,2010
Lengyelország,2016,101.77918075359551,38263203,100,103.08144877645273,3.0814487764527314,Lengyelország (+3%),2010-hez (=100) képest,rel_val,2010
Lengyelország,2017,101.87881068085257,38254908,100,103.08144877645273,3.0814487764527314,Lengyelország (+3%),2010-hez (=100) képest,rel_val,2010
Lengyelország,2018,101.75781275603907,38241017,100,103.08144877645273,3.0814487764527314,Lengyelország (+3%),2010-hez (=100) képest,rel_val,2010
Lengyelország,2019,102.14859803650387,38225836,100,103.08144877645273,3.0814487764527314,Lengyelország (+3%),2010-hez (=100) képest,rel_val,2010
Lengyelország,2020,100.41005580586845,38170958,100,103.08144877645273,3.0814487764527314,Lengyelország (+3%),2010-hez (=100) képest,rel_val,2010
Lengyelország,2021,99.15629182654429,38040252,100,103.08144877645273,3.0814487764527314,Lengyelország (+3%),2010-hez (=100) képest,rel_val,2010
Lengyelország,2022,102.15069550865665,38385689,100,103.08144877645273,3.0814487764527314,Lengyelország (+3%),2010-hez (=100) képest,rel_val,2010
Lengyelország,2023,103.08144877645273,38762796,100,103.08144877645273,3.0814487764527314,Lengyelország (+3%),2010-hez (=100) képest,rel_val,2010
Csehország,2010,100,10463981,100,102.92183473275604,2.9218347327560394,Csehország (+3%),2010-hez (=100) képest,rel_val,2010
Csehország,2011,100.31804475316402,10495455,100,102.92183473275604,2.9218347327560394,Csehország (+3%),2010-hez (=100) képest,rel_val,2010
Csehország,2012,100.55435445423804,10507287,100,102.92183473275604,2.9218347327560394,Csehország (+3%),2010-hez (=100) képest,rel_val,2010
Csehország,2013,100.7751937984496,10511117,100,102.92183473275604,2.9218347327560394,Csehország (+3%),2010-hez (=100) képest,rel_val,2010
Csehország,2014,101.51635281180181,10517176,100,102.92183473275604,2.9218347327560394,Csehország (+3%),2010-hez (=100) képest,rel_val,2010
Csehország,2015,101.28042986964935,10524367,100,102.92183473275604,2.9218347327560394,Csehország (+3%),2010-hez (=100) képest,rel_val,2010
Csehország,2016,101.81351258320151,10531895,100,102.92183473275604,2.9218347327560394,Csehország (+3%),2010-hez (=100) képest,rel_val,2010
Csehország,2017,101.7511154771896,10541301,100,102.92183473275604,2.9218347327560394,Csehország (+3%),2010-hez (=100) képest,rel_val,2010
Csehország,2018,101.79649519065282,10548878,100,102.92183473275604,2.9218347327560394,Csehország (+3%),2010-hez (=100) képest,rel_val,2010
Csehország,2019,102.08540410505918,10554819,100,102.92183473275604,2.9218347327560394,Csehország (+3%),2010-hez (=100) képest,rel_val,2010
Csehország,2020,100.86285915400353,10550083,100,102.92183473275604,2.9218347327560394,Csehország (+3%),2010-hez (=100) képest,rel_val,2010
Csehország,2021,99.57005299886421,10530619,100,102.92183473275604,2.9218347327560394,Csehország (+3%),2010-hez (=100) képest,rel_val,2010
Csehország,2022,102.05897557875248,10673169,100,102.92183473275604,2.9218347327560394,Csehország (+3%),2010-hez (=100) képest,rel_val,2010
Csehország,2023,102.92183473275604,10809674,100,102.92183473275604,2.9218347327560394,Csehország (+3%),2010-hez (=100) képest,rel_val,2010
Szlovénia,2010,100,2044566,100,102.90362770615177,2.9036277061517666,Szlovénia (+3%),2010-hez (=100) képest,rel_val,2010
Szlovénia,2011,100.36266973347053,2048754,100,102.90362770615177,2.9036277061517666,Szlovénia (+3%),2010-hez (=100) képest,rel_val,2010
Szlovénia,2012,100.58561830397676,2053274,100,102.90362770615177,2.9036277061517666,Szlovénia (+3%),2010-hez (=100) képest,rel_val,2010
Szlovénia,2013,100.99318039666686,2056403,100,102.90362770615177,2.9036277061517666,Szlovénia (+3%),2010-hez (=100) képest,rel_val,2010
Szlovénia,2014,101.1991051792668,2058351,100,102.90362770615177,2.9036277061517666,Szlovénia (+3%),2010-hez (=100) képest,rel_val,2010
Szlovénia,2015,101.51146016181426,2059899,100,102.90362770615177,2.9036277061517666,Szlovénia (+3%),2010-hez (=100) képest,rel_val,2010
Szlovénia,2016,101.5273490305268,2061329,100,102.90362770615177,2.9036277061517666,Szlovénia (+3%),2010-hez (=100) képest,rel_val,2010
Szlovénia,2017,101.65887355486956,2062366,100,102.90362770615177,2.9036277061517666,Szlovénia (+3%),2010-hez (=100) képest,rel_val,2010
Szlovénia,2018,101.96744547343786,2069431,100,102.90362770615177,2.9036277061517666,Szlovénia (+3%),2010-hez (=100) képest,rel_val,2010
Szlovénia,2019,102.1515545870912,2083395,100,102.90362770615177,2.9036277061517666,Szlovénia (+3%),2010-hez (=100) képest,rel_val,2010
Szlovénia,2020,101.34084397635333,2102370,100,102.90362770615177,2.9036277061517666,Szlovénia (+3%),2010-hez (=100) képest,rel_val,2010
Szlovénia,2021,101.42898936706818,2113450,100,102.90362770615177,2.9036277061517666,Szlovénia (+3%),2010-hez (=100) képest,rel_val,2010
Szlovénia,2022,101.88207432964107,2115184,100,102.90362770615177,2.9036277061517666,Szlovénia (+3%),2010-hez (=100) képest,rel_val,2010
Szlovénia,2023,102.90362770615177,2118353,100,102.90362770615177,2.9036277061517666,Szlovénia (+3%),2010-hez (=100) képest,rel_val,2010
Horvátország,2010,100,4301108,100,102.4834335601315,2.483433560131502,Horvátország (+2%),2010-hez (=100) képest,rel_val,2010
Horvátország,2011,100.41277529764814,4280782,100,102.4834335601315,2.483433560131502,Horvátország (+2%),2010-hez (=100) képest,rel_val,2010
Horvátország,2012,100.79294591143784,4259181,100,102.4834335601315,2.483433560131502,Horvátország (+2%),2010-hez (=100) képest,rel_val,2010
Horvátország,2013,101.08756183478295,4242353,100,102.4834335601315,2.483433560131502,Horvátország (+2%),2010-hez (=100) képest,rel_val,2010
Horvátország,2014,101.09330025914201,4219439,100,102.4834335601315,2.483433560131502,Horvátország (+2%),2010-hez (=100) képest,rel_val,2010
Horvátország,2015,101.24784646063115,4183681,100,102.4834335601315,2.483433560131502,Horvátország (+2%),2010-hez (=100) képest,rel_val,2010
Horvátország,2016,101.24328180489097,4136388,100,102.4834335601315,2.483433560131502,Horvátország (+2%),2010-hez (=100) képest,rel_val,2010
Horvátország,2017,101.3697879782618,4079152,100,102.4834335601315,2.483433560131502,Horvátország (+2%),2010-hez (=100) képest,rel_val,2010
Horvátország,2018,101.55107002051484,4024820,100,102.4834335601315,2.483433560131502,Horvátország (+2%),2010-hez (=100) képest,rel_val,2010
Horvátország,2019,101.98353854721354,3986292,100,102.4834335601315,2.483433560131502,Horvátország (+2%),2010-hez (=100) képest,rel_val,2010
Horvátország,2020,101.0708682366474,3953898,100,102.4834335601315,2.483433560131502,Horvátország (+2%),2010-hez (=100) képest,rel_val,2010
Horvátország,2021,100.60657753850286,3924558,100,102.4834335601315,2.483433560131502,Horvátország (+2%),2010-hez (=100) képest,rel_val,2010
Horvátország,2022,102.08904730417952,3906988,100,102.4834335601315,2.483433560131502,Horvátország (+2%),2010-hez (=100) képest,rel_val,2010
Horvátország,2023,102.4834335601315,3895973,100,102.4834335601315,2.483433560131502,Horvátország (+2%),2010-hez (=100) képest,rel_val,2010
Bulgária,2010,100,7437542,100,102.46877286151681,2.468772861516811,Bulgária (+2%),2010-hez (=100) képest,rel_val,2010
Bulgária,2011,100.4813450023031,7379973,100,102.46877286151681,2.468772861516811,Bulgária (+2%),2010-hez (=100) képest,rel_val,2010
Bulgária,2012,100.70894410274474,7316974,100,102.46877286151681,2.468772861516811,Bulgária (+2%),2010-hez (=100) képest,rel_val,2010
Bulgária,2013,101.37331671498632,7264556,100,102.46877286151681,2.468772861516811,Bulgária (+2%),2010-hez (=100) képest,rel_val,2010
Bulgária,2014,100.88384317338175,7223406,100,102.46877286151681,2.468772861516811,Bulgária (+2%),2010-hez (=100) képest,rel_val,2010
Bulgária,2015,101.09301758474002,7177463,100,102.46877286151681,2.468772861516811,Bulgária (+2%),2010-hez (=100) képest,rel_val,2010
Bulgária,2016,101.37250386105617,7127389,100,102.46877286151681,2.468772861516811,Bulgária (+2%),2010-hez (=100) képest,rel_val,2010
Bulgária,2017,101.3326740184789,7075586,100,102.46877286151681,2.468772861516811,Bulgária (+2%),2010-hez (=100) képest,rel_val,2010
Bulgária,2018,101.5152952014523,7024687,100,102.46877286151681,2.468772861516811,Bulgária (+2%),2010-hez (=100) képest,rel_val,2010
Bulgária,2019,101.72514699108571,6975420,100,102.46877286151681,2.468772861516811,Bulgária (+2%),2010-hez (=100) képest,rel_val,2010
Bulgária,2020,99.70899829300676,6933606,100,102.46877286151681,2.468772861516811,Bulgária (+2%),2010-hez (=100) képest,rel_val,2010
Bulgária,2021,96.74817785243994,6877173,100,102.46877286151681,2.468772861516811,Bulgária (+2%),2010-hez (=100) képest,rel_val,2010
Bulgária,2022,100.29831739236461,6825817,100,102.46877286151681,2.468772861516811,Bulgária (+2%),2010-hez (=100) képest,rel_val,2010
Bulgária,2023,102.46877286151681,6795757,100,102.46877286151681,2.468772861516811,Bulgária (+2%),2010-hez (=100) képest,rel_val,2010
