country,region,start_yr,end_yr,start,end,pop_start,pop_end,mean_end,mean_start,scaling,change,log_change,mean_lin_diff,mean_log_diff,label_color,label_txt_linear,label_txt_log,label_final,x_text,mean_start_end_lin,mean_start_end_log,mean_label_val,mean_label_txt,region_lab,x_start,x_end,type_scale,sel_var
"South
Korea",Asia,1990,2023,13.8399889843663,50.414208339176405,51748695,44081380,24520.678714915768,3112.786826501071,0.001,36.574219354810104,1.292710892577424,21.4078918884147,2.0639983801008817,black,$37k,1.29,$37k,32.127098661771356,3 → 25,1.14 → 3.2,21,+21k (3 → 25),"Asia
+21k (3 → 25)",13.8399889843663,50.414208339176405,linear,value
Poland,CEE,1990,2024,12.8214636316574,45.112599399319606,36554707,38055404,42744.38364939381,17407.840888858314,0.001,32.291135767662205,1.258040960519972,25.336542760535494,0.8983170796141121,black,$32k,1.26,$32k,28.967031515488504,17 → 43,2.86 → 3.76,25,+25k (17 → 43),"CEE
+25k (17 → 43)",12.8214636316574,45.112599399319606,linear,value
Lithuania,CEE,1990,2024,20.586227753241,47.1690084190287,2888055,3694967,42744.38364939381,17407.840888858314,0.001,26.5827806657877,0.8291147790980861,25.336542760535494,0.8983170796141121,black,$27k,0.83,$27k,33.87761808613485,17 → 43,2.86 → 3.76,25,+25k (17 → 43),"CEE
+25k (17 → 43)",20.586227753241,47.1690084190287,linear,value
Panama,Latin America,1990,2024,11.3359353672029,36.426007943645004,4515577,2455535,21301.134080557873,13523.408872798123,0.001,25.090072576442104,1.1673052226327596,7.77772520775975,0.4543381401207085,black,$25k,1.17,$25k,23.880971655423952,14 → 21,2.6 → 3.06,8,+8k (14 → 21),"Latin America
+8k (14 → 21)",11.3359353672029,36.426007943645004,linear,value
Romania,CEE,1990,2024,16.3160306942767,40.610754138069304,19069340,22939481,42744.38364939381,17407.840888858314,0.001,24.294723443792602,0.9118848090897311,25.336542760535494,0.8983170796141121,black,$24k,0.91,$24k,28.463392416173,17 → 43,2.86 → 3.76,25,+25k (17 → 43),"CEE
+25k (17 → 43)",16.3160306942767,40.610754138069304,linear,value
Slovenia,CEE,1990,2024,25.351411330939,48.495889687081,2126324,1997968,42744.38364939381,17407.840888858314,0.001,23.144478356141995,0.648644643340319,25.336542760535494,0.8983170796141121,black,$23k,0.65,$23k,36.92365050901,17 → 43,2.86 → 3.76,25,+25k (17 → 43),"CEE
+25k (17 → 43)",25.351411330939,48.495889687081,linear,value
Slovakia,CEE,1990,2024,17.5209907344944,40.3465748138478,5422069,5266022,42744.38364939381,17407.840888858314,0.001,22.8255840793534,0.8341068715374392,25.336542760535494,0.8983170796141121,black,$23k,0.83,$23k,28.9337827741711,17 → 43,2.86 → 3.76,25,+25k (17 → 43),"CEE
+25k (17 → 43)",17.5209907344944,40.3465748138478,linear,value
Estonia,CEE,1990,2024,19.360027121927303,41.5461201868122,1371986,1570254,42744.38364939381,17407.840888858314,0.001,22.1860930648849,0.7635936571960809,25.336542760535494,0.8983170796141121,black,$22k,0.76,$22k,30.453073654369753,17 → 43,2.86 → 3.76,25,+25k (17 → 43),"CEE
+25k (17 → 43)",19.360027121927303,41.5461201868122,linear,value
China,Asia,1990,2024,1.66692774090575,23.8456197217259,1408975000,1153582668,24520.678714915768,3112.786826501071,0.001,22.17869198082015,2.6606182849585007,21.4078918884147,2.0639983801008817,black,$22k,2.66,$22k,12.756273731315824,3 → 25,1.14 → 3.2,21,+21k (3 → 25),"Asia
+21k (3 → 25)",1.66692774090575,23.8456197217259,linear,value
Malaysia,Asia,1990,2024,12.013696948311201,34.0719449554711,35557673,17833124,24520.678714915768,3112.786826501071,0.001,22.058248007159904,1.0424269058525673,21.4078918884147,2.0639983801008817,black,$22k,1.04,$22k,23.04282095189115,3 → 25,1.14 → 3.2,21,+21k (3 → 25),"Asia
+21k (3 → 25)",12.013696948311201,34.0719449554711,linear,value
Israel,Asia,1990,2024,25.3352722247493,47.3388424624205,9974400,4544949,24520.678714915768,3112.786826501071,0.001,22.0035702376712,0.6251335683344662,21.4078918884147,2.0639983801008817,black,$22k,0.63,$22k,36.3370573435849,3 → 25,1.14 → 3.2,21,+21k (3 → 25),"Asia
+21k (3 → 25)",25.3352722247493,47.3388424624205,linear,value
Latvia,CEE,1990,2024,17.5087863191492,38.936045387045404,1862441,2660082,42744.38364939381,17407.840888858314,0.001,21.427259067896205,0.7992176079020342,25.336542760535494,0.8983170796141121,black,$21k,0.8,$21k,28.222415853097303,17 → 43,2.86 → 3.76,25,+25k (17 → 43),"CEE
+25k (17 → 43)",17.5087863191492,38.936045387045404,linear,value
Czechia,CEE,1990,2024,27.9181375190566,47.9618095131483,10882164,10301937,42744.38364939381,17407.840888858314,0.001,20.043671994091703,0.541128491180588,25.336542760535494,0.8983170796141121,black,$20k,0.54,$20k,37.939973516102455,17 → 43,2.86 → 3.76,25,+25k (17 → 43),"CEE
+25k (17 → 43)",27.9181375190566,47.9618095131483,linear,value
Hungary,CEE,1990,2024,21.2970006409015,40.7021535135968,9562314,10381231,42744.38364939381,17407.840888858314,0.001,19.405152872695297,0.6477147551118813,25.336542760535494,0.8983170796141121,black,$19k,0.65,$19k,30.99957707724915,17 → 43,2.86 → 3.76,25,+25k (17 → 43),"CEE
+25k (17 → 43)",21.2970006409015,40.7021535135968,linear,value
Croatia,CEE,1990,2024,23.3996954608454,42.6337666808329,3866300,4835027,42744.38364939381,17407.840888858314,0.001,19.2340712199875,0.5999235766029034,25.336542760535494,0.8983170796141121,black,$19k,0.6,$19k,33.01673107083915,17 → 43,2.86 → 3.76,25,+25k (17 → 43),"CEE
+25k (17 → 43)",23.3996954608454,42.6337666808329,linear,value
Chile,Latin America,1990,2024,10.9526557541746,30.1827871224714,19764771,13437138,21301.134080557873,13523.408872798123,0.001,19.2301313682968,1.0136898375746317,7.77772520775975,0.4543381401207085,black,$19k,1.01,$19k,20.567721438322998,14 → 21,2.6 → 3.06,8,+8k (14 → 21),"Latin America
+8k (14 → 21)",10.9526557541746,30.1827871224714,linear,value
Bulgaria,CEE,1990,2024,14.9550762626823,34.0851952950467,6444366,8822320,42744.38364939381,17407.840888858314,0.001,19.1301190323644,0.8238123429000156,25.336542760535494,0.8983170796141121,black,$19k,0.82,$19k,24.5201357788645,17 → 43,2.86 → 3.76,25,+25k (17 → 43),"CEE
+25k (17 → 43)",14.9550762626823,34.0851952950467,linear,value
Kazakhstan,ex-USSR/Balkans,1990,2024,16.837690749004,35.90544149389051,20592571,17154015,33905.67801333279,25293.575516631612,0.001,19.067750744886506,0.7572689871619354,8.61210249670118,0.29303206204138216,black,$19k,0.76,$19k,26.371566121447252,25 → 34,3.23 → 3.52,9,+9k (25 → 34),"ex-USSR/Balkans
+9k (25 → 34)",16.837690749004,35.90544149389051,linear,value
Uruguay,Latin America,1990,2024,14.0608454762218,32.0387727288227,3386588,3104365,21301.134080557873,13523.408872798123,0.001,17.9779272526009,0.8235527991041516,7.77772520775975,0.4543381401207085,black,$18k,0.82,$18k,23.04980910252225,14 → 21,2.6 → 3.06,8,+8k (14 → 21),"Latin America
+8k (14 → 21)",14.0608454762218,32.0387727288227,linear,value
"Dominican
Republic",Latin America,1990,2024,7.327726701337511,24.2294681222745,11427557,7151120,21301.134080557873,13523.408872798123,0.001,16.90174142093699,1.1959042518281406,7.77772520775975,0.4543381401207085,black,$17k,1.2,$17k,15.778597411806006,14 → 21,2.6 → 3.06,8,+8k (14 → 21),"Latin America
+8k (14 → 21)",7.327726701337511,24.2294681222745,linear,value
Belarus,ex-USSR/Balkans,1990,2024,12.3516357106896,29.0375291400434,9133712,10186209,33905.67801333279,25293.575516631612,0.001,16.6858934293538,0.8548006011139914,8.61210249670118,0.29303206204138216,black,$17k,0.85,$17k,20.694582425366498,25 → 34,3.23 → 3.52,9,+9k (25 → 34),"ex-USSR/Balkans
+9k (25 → 34)",12.3516357106896,29.0375291400434,linear,value
Spain,Southern Europe,1990,2024,31.7732267420042,48.373045569918496,48807137,39084924,49203.84660871572,35982.26485886288,0.001,16.599818827914294,0.42031874006333053,13.221581749852842,0.31294562928769326,black,$17k,0.42,$17k,40.07313615596135,36 → 49,3.58 → 3.9,13,+13k (36 → 49),"Southern Europe
+13k (36 → 49)",31.7732267420042,48.373045569918496,linear,value
Costa Rica,Latin America,1990,2024,10.9534262046456,26.9734361581028,5129910,3121652,21301.134080557873,13523.408872798123,0.001,16.020009953457198,0.9012002329916138,7.77772520775975,0.4543381401207085,black,$16k,0.9,$16k,18.9634311813742,14 → 21,2.6 → 3.06,8,+8k (14 → 21),"Latin America
+8k (14 → 21)",10.9534262046456,26.9734361581028,linear,value
Portugal,Southern Europe,1990,2024,27.1905717704405,41.8838514202164,10701636,9989475,49203.84660871572,35982.26485886288,0.001,14.693279649775903,0.43203005788091836,13.221581749852842,0.31294562928769326,black,$15k,0.43,$15k,34.53721159532845,36 → 49,3.58 → 3.9,13,+13k (36 → 49),"Southern Europe
+13k (36 → 49)",27.1905717704405,41.8838514202164,linear,value
Thailand,Asia,1990,2024,8.701954360532572,21.7371779720129,71668011,54738282,24520.678714915768,3112.786826501071,0.001,13.03522361148033,0.9154764255975617,21.4078918884147,2.0639983801008817,black,$13k,0.92,$13k,15.219566166272736,3 → 25,1.14 → 3.2,21,+21k (3 → 25),"Asia
+21k (3 → 25)",8.701954360532572,21.7371779720129,linear,value
Georgia,ex-USSR/Balkans,1990,2024,12.917094426936101,25.0006326416981,3673850,5448811,33905.67801333279,25293.575516631612,0.001,12.083538214762,0.6603495467089634,8.61210249670118,0.29303206204138216,black,$12k,0.66,$12k,18.9588635343171,25 → 34,3.23 → 3.52,9,+9k (25 → 34),"ex-USSR/Balkans
+9k (25 → 34)",12.917094426936101,25.0006326416981,linear,value
Russia,ex-USSR/Balkans,1990,2024,29.643595703125,41.7047109375,143533851,148979487,33905.67801333279,25293.575516631612,0.001,12.061115234375002,0.34136798895498466,8.61210249670118,0.29303206204138216,black,$12k,0.34,$12k,35.6741533203125,25 → 34,3.23 → 3.52,9,+9k (25 → 34),"ex-USSR/Balkans
+9k (25 → 34)",29.643595703125,41.7047109375,linear,value
"North
Macedonia",ex-USSR/Balkans,1990,2024,12.9045181514137,24.465391930675104,1792179,2063645,33905.67801333279,25293.575516631612,0.001,11.560873779261403,0.6396820503269275,8.61210249670118,0.29303206204138216,black,$12k,0.64,$12k,18.684955041044404,25 → 34,3.23 → 3.52,9,+9k (25 → 34),"ex-USSR/Balkans
+9k (25 → 34)",12.9045181514137,24.465391930675104,linear,value
Azerbaijan,ex-USSR/Balkans,1990,2024,10.776067700076501,22.0721058327346,10202850,7231035,33905.67801333279,25293.575516631612,0.001,11.296038132658099,0.7169869102149677,8.61210249670118,0.29303206204138216,black,$11k,0.72,$11k,16.42408676640555,25 → 34,3.23 → 3.52,9,+9k (25 → 34),"ex-USSR/Balkans
+9k (25 → 34)",10.776067700076501,22.0721058327346,linear,value
Greece,Southern Europe,1990,2024,26.9163125225704,37.7526321172664,10388805,10258439,49203.84660871572,35982.26485886288,0.001,10.836319594696,0.33832268193316767,13.221581749852842,0.31294562928769326,black,$11k,0.34,$11k,32.334472319918405,36 → 49,3.58 → 3.9,13,+13k (36 → 49),"Southern Europe
+13k (36 → 49)",26.9163125225704,37.7526321172664,linear,value
Italy,Southern Europe,1990,2024,42.65674451016591,53.1151350996573,58986023,57031408,49203.84660871572,35982.26485886288,0.001,10.458390589491394,0.2192765200954465,13.221581749852842,0.31294562928769326,black,$10k,0.22,$10k,47.8859398049116,36 → 49,3.58 → 3.9,13,+13k (36 → 49),"Southern Europe
+13k (36 → 49)",42.65674451016591,53.1151350996573,linear,value
Argentina,Latin America,1990,2024,17.0072844317191,26.5470503429365,45696159,32755859,21301.134080557873,13523.408872798123,0.001,9.539765911217401,0.44527689506009877,7.77772520775975,0.4543381401207085,black,$10k,0.45,$10k,21.7771673873278,14 → 21,2.6 → 3.06,8,+8k (14 → 21),"Latin America
+8k (14 → 21)",17.0072844317191,26.5470503429365,linear,value
Egypt,Africa,1990,2024,8.00662143741369,16.798151577863997,116538258,58396583,14335.010170851734,8735.575992476372,0.001,8.791530140450307,0.7409999762102539,5.599434178375363,0.4953009266819871,black,$9k,0.74,$9k,12.402386507638845,9 → 14,2.17 → 2.66,6,+6k (9 → 14),"Africa
+6k (9 → 14)",8.00662143741369,16.798151577863997,linear,value
Colombia,Latin America,1990,2024,9.99881069684463,18.5036706011465,52886363,32440020,21301.134080557873,13523.408872798123,0.001,8.504859904301869,0.615502967670491,7.77772520775975,0.4543381401207085,black,$9k,0.62,$9k,14.251240648995566,14 → 21,2.6 → 3.06,8,+8k (14 → 21),"Latin America
+8k (14 → 21)",9.99881069684463,18.5036706011465,linear,value
Iran,Asia,1990,2024,9.04658484470857,16.224035344583502,91567738,58380046,24520.678714915768,3112.786826501071,0.001,7.177450499874931,0.5841064846772633,21.4078918884147,2.0639983801008817,black,$7k,0.58,$7k,12.635310094646037,3 → 25,1.14 → 3.2,21,+21k (3 → 25),"Asia
+21k (3 → 25)",9.04658484470857,16.224035344583502,linear,value
Brazil,Latin America,1990,2024,12.6332884560597,19.6479096329925,211998573,149143183,21301.134080557873,13523.408872798123,0.001,7.014621176932801,0.44163568153296245,7.77772520775975,0.4543381401207085,black,$7k,0.44,$7k,16.140599044526102,14 → 21,2.6 → 3.06,8,+8k (14 → 21),"Latin America
+8k (14 → 21)",12.6332884560597,19.6479096329925,linear,value
Paraguay,Latin America,1990,2024,9.962480278429862,16.2962836189267,6929153,4035697,21301.134080557873,13523.408872798123,0.001,6.333803340496839,0.4921110184442437,7.77772520775975,0.4543381401207085,black,$6k,0.49,$6k,13.129381948678281,14 → 21,2.6 → 3.06,8,+8k (14 → 21),"Latin America
+8k (14 → 21)",9.962480278429862,16.2962836189267,linear,value
Tunisia,Africa,1990,2024,6.74257685903794,12.713549847382101,12277109,8324459,14335.010170851734,8735.575992476372,0.001,5.970972988344161,0.6342261666730006,5.599434178375363,0.4953009266819871,black,$6k,0.63,$6k,9.72806335321002,9 → 14,2.17 → 2.66,6,+6k (9 → 14),"Africa
+6k (9 → 14)",6.74257685903794,12.713549847382101,linear,value
Mexico,Latin America,1990,2024,17.1695925839593,22.033274449661903,130861007,82820134,21301.134080557873,13523.408872798123,0.001,4.863681865702603,0.24941383944258735,7.77772520775975,0.4543381401207085,black,$5k,0.25,$5k,19.6014335168106,14 → 21,2.6 → 3.06,8,+8k (14 → 21),"Latin America
+8k (14 → 21)",17.1695925839593,22.033274449661903,linear,value
Ecuador,Latin America,1990,2024,9.10481599790272,13.9355391125402,18135478,10473624,21301.134080557873,13523.408872798123,0.001,4.830723114637479,0.42563884377695343,7.77772520775975,0.4543381401207085,black,$5k,0.43,$5k,11.52017755522146,14 → 21,2.6 → 3.06,8,+8k (14 → 21),"Latin America
+8k (14 → 21)",9.10481599790272,13.9355391125402,linear,value
Morocco,Africa,1990,2024,4.4186601562500005,9.065914062500001,38081173,24375508,14335.010170851734,8735.575992476372,0.001,4.6472539062500005,0.7186851553103446,5.599434178375363,0.4953009266819871,black,$5k,0.72,$5k,6.742287109375001,9 → 14,2.17 → 2.66,6,+6k (9 → 14),"Africa
+6k (9 → 14)",4.4186601562500005,9.065914062500001,linear,value
Algeria,Africa,1990,2024,11.728545728679102,15.442124446054201,46814308,25375759,14335.010170851734,8735.575992476372,0.001,3.7135787173751,0.27507345260820965,5.599434178375363,0.4953009266819871,black,$4k,0.28,$4k,13.585335087366651,9 → 14,2.17 → 2.66,6,+6k (9 → 14),"Africa
+6k (9 → 14)",11.728545728679102,15.442124446054201,linear,value
"South
Africa",Africa,1990,2024,10.8243847590107,13.598788865698399,64007187,40746216,14335.010170851734,8735.575992476372,0.001,2.774404106687699,0.22817929770564307,5.599434178375363,0.4953009266819871,black,$3k,0.23,$3k,12.21158681235455,9 → 14,2.17 → 2.66,6,+6k (9 → 14),"Africa
+6k (9 → 14)",10.8243847590107,13.598788865698399,linear,value
Jamaica,Latin America,1990,2024,8.742165149465372,10.2599951095504,2839175,2379829,21301.134080557873,13523.408872798123,0.001,1.5178299600850291,0.16009447533098178,7.77772520775975,0.4543381401207085,black,$2k,0.16,$2k,9.501080129507887,14 → 21,2.6 → 3.06,8,+8k (14 → 21),"Latin America
+8k (14 → 21)",8.742165149465372,10.2599951095504,linear,value
Moldova,ex-USSR/Balkans,1990,2024,15.9028943232278,16.4659286876097,2389275,4451100,33905.67801333279,25293.575516631612,0.001,0.5630343643819007,0.03479219241193965,8.61210249670118,0.29303206204138216,black,$1k,0.03,$1k,16.18441150541875,25 → 34,3.23 → 3.52,9,+9k (25 → 34),"ex-USSR/Balkans
+9k (25 → 34)",15.9028943232278,16.4659286876097,linear,value
Ukraine,ex-USSR/Balkans,1990,2024,22.815798828125,16.3198447265625,37860221,52054034,33905.67801333279,25293.575516631612,0.001,-6.4959541015625,-0.335071391865699,8.61210249670118,0.29303206204138216,red,$-6k,-0.34,$-6k,19.567821777343752,25 → 34,3.23 → 3.52,9,+9k (25 → 34),"ex-USSR/Balkans
+9k (25 → 34)",22.815798828125,16.3198447265625,linear,value
"South
Korea",Asia,1990,2023,32.66187441598503,80.42269944378843,51748695,44081380,39.03321309255282,7.34606454714355,1,47.7608250278034,0.9010879900380585,31.687148545409272,1.6702481674017102,black,+48%,0.9,+48%,56.54228692988673,7 → 39,1.99 → 3.66,32,+32% (7 → 39),"Asia
+32% (7 → 39)",32.66187441598503,80.42269944378843,linear,% of DE
Poland,CEE,1990,2024,30.25819134967237,71.80128262246758,36554707,38055404,68.03202679071505,41.08187612053746,1,41.54309127279521,0.8641354034780855,26.950150670177592,0.5044115225722257,black,+42%,0.86,+42%,51.02973698606998,41 → 68,3.72 → 4.22,27,+27% (41 → 68),"CEE
+27% (41 → 68)",30.25819134967237,71.80128262246758,linear,% of DE
China,Asia,1990,2024,3.933889296840227,37.952725042338194,1408975000,1153582668,39.03321309255282,7.34606454714355,1,34.01883574549797,2.266712727916614,31.687148545409272,1.6702481674017102,black,+34%,2.27,+34%,20.94330716958921,7 → 39,1.99 → 3.66,32,+32% (7 → 39),"Asia
+32% (7 → 39)",3.933889296840227,37.952725042338194,linear,% of DE
Panama,Latin America,1990,2024,26.75239826921417,57.975690294834806,4515577,2455535,33.90291778044338,31.914756780391638,1,31.223292025620637,0.7733996655908733,1.9881610000517433,0.06043258307882192,black,+31%,0.77,+31%,42.36404428202449,32 → 34,3.46 → 3.52,2,+2% (32 → 34),"Latin America
+2% (32 → 34)",26.75239826921417,57.975690294834806,linear,% of DE
Lithuania,CEE,1990,2024,48.58275438909318,75.07426638260425,2888055,3694967,68.03202679071505,41.08187612053746,1,26.491511993511068,0.4352092220561995,26.950150670177592,0.5044115225722257,black,+26%,0.44,+26%,61.828510385848716,41 → 68,3.72 → 4.22,27,+27% (41 → 68),"CEE
+27% (41 → 68)",48.58275438909318,75.07426638260425,linear,% of DE
Romania,CEE,1990,2024,38.50524347279481,64.6361387772977,19069340,22939481,68.03202679071505,41.08187612053746,1,26.130895304502893,0.5179792520478447,26.950150670177592,0.5044115225722257,black,+26%,0.52,+26%,51.57069112504625,41 → 68,3.72 → 4.22,27,+27% (41 → 68),"CEE
+27% (41 → 68)",38.50524347279481,64.6361387772977,linear,% of DE
Malaysia,Asia,1990,2024,28.351891135223298,54.228960020464626,35557673,17833124,39.03321309255282,7.34606454714355,1,25.87706888524133,0.6485213488106809,31.687148545409272,1.6702481674017102,black,+26%,0.65,+26%,41.29042557784396,7 → 39,1.99 → 3.66,32,+32% (7 → 39),"Asia
+32% (7 → 39)",28.351891135223298,54.228960020464626,linear,% of DE
Slovakia,CEE,1990,2024,41.34890567182747,64.21567055835206,5422069,5266022,68.03202679071505,41.08187612053746,1,22.866764886524592,0.44020131449555283,26.950150670177592,0.5044115225722257,black,+23%,0.44,+23%,52.78228811508976,41 → 68,3.72 → 4.22,27,+27% (41 → 68),"CEE
+27% (41 → 68)",41.34890567182747,64.21567055835206,linear,% of DE
Chile,Latin America,1990,2024,25.84787221785107,48.038970428891524,19764771,13437138,33.90291778044338,31.914756780391638,1,22.191098211040455,0.6197842805327453,1.9881610000517433,0.06043258307882192,black,+22%,0.62,+22%,36.9434213233713,32 → 34,3.46 → 3.52,2,+2% (32 → 34),"Latin America
+2% (32 → 34)",25.84787221785107,48.038970428891524,linear,% of DE
"Dominican
Republic",Latin America,1990,2024,17.293170503538853,38.56365874731082,11427557,7151120,33.90291778044338,31.914756780391638,1,21.270488243771965,0.8019986947862541,1.9881610000517433,0.06043258307882192,black,+21%,0.8,+21%,27.928414625424836,32 → 34,3.46 → 3.52,2,+2% (32 → 34),"Latin America
+2% (32 → 34)",17.293170503538853,38.56365874731082,linear,% of DE
Latvia,CEE,1990,2024,41.32010369216002,61.97066975215436,1862441,2660082,68.03202679071505,41.08187612053746,1,20.65056605999434,0.40531205086014743,26.950150670177592,0.5044115225722257,black,+21%,0.41,+21%,51.645386722157184,41 → 68,3.72 → 4.22,27,+27% (41 → 68),"CEE
+27% (41 → 68)",41.32010369216002,61.97066975215436,linear,% of DE
Estonia,CEE,1990,2024,45.68896516180332,66.12486881980247,1371986,1570254,68.03202679071505,41.08187612053746,1,20.435903657999155,0.3696881001541943,26.950150670177592,0.5044115225722257,black,+20%,0.37,+20%,55.9069169908029,41 → 68,3.72 → 4.22,27,+27% (41 → 68),"CEE
+27% (41 → 68)",45.68896516180332,66.12486881980247,linear,% of DE
Bulgaria,CEE,1990,2024,35.29344014109946,54.25004928132255,6444366,8822320,68.03202679071505,41.08187612053746,1,18.956609140223094,0.42990678585812925,26.950150670177592,0.5044115225722257,black,+19%,0.43,+19%,44.77174471121101,41 → 68,3.72 → 4.22,27,+27% (41 → 68),"CEE
+27% (41 → 68)",35.29344014109946,54.25004928132255,linear,% of DE
Uruguay,Latin America,1990,2024,33.183087764426844,50.992959975919746,3386588,3104365,33.90291778044338,31.914756780391638,1,17.809872211492902,0.4296472420622648,1.9881610000517433,0.06043258307882192,black,+18%,0.43,+18%,42.088023870173295,32 → 34,3.46 → 3.52,2,+2% (32 → 34),"Latin America
+2% (32 → 34)",33.183087764426844,50.992959975919746,linear,% of DE
Kazakhstan,ex-USSR/Balkans,1990,2024,39.73634237139838,57.14715593236664,20592571,17154015,53.96432929950852,59.691925187849556,1,17.410813560968258,0.363363430120049,-5.727595888341035,-0.10087349500050401,black,+17%,0.36,+17%,48.441749151882505,60 → 54,4.09 → 3.99,-6,-6% (60 → 54),"ex-USSR/Balkans
-6% (60 → 54)",39.73634237139838,57.14715593236664,linear,% of DE
Slovenia,CEE,1990,2024,59.828415621894564,77.1861326506189,2126324,1997968,68.03202679071505,41.08187612053746,1,17.357717028724338,0.2547390862984326,26.950150670177592,0.5044115225722257,black,+17%,0.25,+17%,68.50727413625674,41 → 68,3.72 → 4.22,27,+27% (41 → 68),"CEE
+27% (41 → 68)",59.828415621894564,77.1861326506189,linear,% of DE
Costa Rica,Latin America,1990,2024,25.849690453151403,42.93096249550708,5129910,3121652,33.90291778044338,31.914756780391638,1,17.08127204235568,0.5072946759497271,1.9881610000517433,0.06043258307882192,black,+17%,0.51,+17%,34.39032647432924,32 → 34,3.46 → 3.52,2,+2% (32 → 34),"Latin America
+2% (32 → 34)",25.849690453151403,42.93096249550708,linear,% of DE
Belarus,ex-USSR/Balkans,1990,2024,29.149414415737823,46.21617606175536,9133712,10186209,53.96432929950852,59.691925187849556,1,17.06676164601754,0.4608950440721045,-5.727595888341035,-0.10087349500050401,black,+17%,0.46,+17%,37.68279523874659,60 → 54,4.09 → 3.99,-6,-6% (60 → 54),"ex-USSR/Balkans
-6% (60 → 54)",29.149414415737823,46.21617606175536,linear,% of DE
Israel,Asia,1990,2024,59.79032791386606,75.34457450740442,9974400,4544949,39.03321309255282,7.34606454714355,1,15.554246593538359,0.23122801129257975,31.687148545409272,1.6702481674017102,black,+16%,0.23,+16%,67.56745121063524,7 → 39,1.99 → 3.66,32,+32% (7 → 39),"Asia
+32% (7 → 39)",59.79032791386606,75.34457450740442,linear,% of DE
Hungary,CEE,1990,2024,50.26015274694435,64.7816101640311,9562314,10381231,68.03202679071505,41.08187612053746,1,14.521457417086744,0.2538091980699948,26.950150670177592,0.5044115225722257,black,+15%,0.25,+15%,57.520881455487725,41 → 68,3.72 → 4.22,27,+27% (41 → 68),"CEE
+27% (41 → 68)",50.26015274694435,64.7816101640311,linear,% of DE
Thailand,Asia,1990,2024,20.53629817324323,34.596925909060225,71668011,54738282,39.03321309255282,7.34606454714355,1,14.060627735816993,0.5215708685556755,31.687148545409272,1.6702481674017102,black,+14%,0.52,+14%,27.56661204115173,7 → 39,1.99 → 3.66,32,+32% (7 → 39),"Asia
+32% (7 → 39)",20.53629817324323,34.596925909060225,linear,% of DE
Croatia,CEE,1990,2024,55.22243662027176,67.85596865333798,3866300,4835027,68.03202679071505,41.08187612053746,1,12.633532033066224,0.20601801956101698,26.950150670177592,0.5044115225722257,black,+13%,0.21,+13%,61.53920263680487,41 → 68,3.72 → 4.22,27,+27% (41 → 68),"CEE
+27% (41 → 68)",55.22243662027176,67.85596865333798,linear,% of DE
Czechia,CEE,1990,2024,65.88579677380272,76.33608982395403,10882164,10301937,68.03202679071505,41.08187612053746,1,10.450293050151302,0.14722293413870155,26.950150670177592,0.5044115225722257,black,+10%,0.15,+10%,71.11094329887837,41 → 68,3.72 → 4.22,27,+27% (41 → 68),"CEE
+27% (41 → 68)",65.88579677380272,76.33608982395403,linear,% of DE
Azerbaijan,ex-USSR/Balkans,1990,2024,25.431130784542816,35.12999760756625,10202850,7231035,53.96432929950852,59.691925187849556,1,9.698866823023437,0.3230813531730812,-5.727595888341035,-0.10087349500050401,black,+10%,0.32,+10%,30.280564196054534,60 → 54,4.09 → 3.99,-6,-6% (60 → 54),"ex-USSR/Balkans
-6% (60 → 54)",25.431130784542816,35.12999760756625,linear,% of DE
Georgia,ex-USSR/Balkans,1990,2024,30.483876574510482,39.79104538308044,3673850,5448811,53.96432929950852,59.691925187849556,1,9.307168808569955,0.266443989667077,-5.727595888341035,-0.10087349500050401,black,+9%,0.27,+9%,35.13746097879546,60 → 54,4.09 → 3.99,-6,-6% (60 → 54),"ex-USSR/Balkans
-6% (60 → 54)",30.483876574510482,39.79104538308044,linear,% of DE
"North
Macedonia",ex-USSR/Balkans,1990,2024,30.454197018248014,38.939155443796814,1792179,2063645,53.96432929950852,59.691925187849556,1,8.4849584255488,0.24577649328504086,-5.727595888341035,-0.10087349500050401,black,+8%,0.25,+8%,34.696676231022415,60 → 54,4.09 → 3.99,-6,-6% (60 → 54),"ex-USSR/Balkans
-6% (60 → 54)",30.454197018248014,38.939155443796814,linear,% of DE
Egypt,Africa,1990,2024,18.895337574368266,26.73596390004194,116538258,58396583,22.81562424640058,20.61564401097832,1,7.840626325673675,0.34709441916836753,2.199980235422263,0.10139536964010058,black,+8%,0.35,+8%,22.815650737205104,21 → 23,3.03 → 3.13,2,+2% (21 → 23),"Africa
+2% (21 → 23)",18.895337574368266,26.73596390004194,linear,% of DE
Colombia,Latin America,1990,2024,23.59683231384453,29.450470601922408,52886363,32440020,33.90291778044338,31.914756780391638,1,5.853638288077878,0.22159741062860447,1.9881610000517433,0.06043258307882192,black,+6%,0.22,+6%,26.523651457883467,32 → 34,3.46 → 3.52,2,+2% (32 → 34),"Latin America
+2% (32 → 34)",23.59683231384453,29.450470601922408,linear,% of DE
Iran,Asia,1990,2024,21.349613675646573,25.822199619712283,91567738,58380046,39.03321309255282,7.34606454714355,1,4.47258594406571,0.190200927635377,31.687148545409272,1.6702481674017102,black,+4%,0.19,+4%,23.58590664767943,7 → 39,1.99 → 3.66,32,+32% (7 → 39),"Asia
+32% (7 → 39)",21.349613675646573,25.822199619712283,linear,% of DE
Tunisia,Africa,1990,2024,15.912237998078693,20.23490550049039,12277109,8324459,22.81562424640058,20.61564401097832,1,4.322667502411699,0.24032060963111385,2.199980235422263,0.10139536964010058,black,+4%,0.24,+4%,18.073571749284543,21 → 23,3.03 → 3.13,2,+2% (21 → 23),"Africa
+2% (21 → 23)",15.912237998078693,20.23490550049039,linear,% of DE
Morocco,Africa,1990,2024,10.427878466766165,14.429322772351341,38081173,24375508,22.81562424640058,20.61564401097832,1,4.001444305585176,0.32477959826845826,2.199980235422263,0.10139536964010058,black,+4%,0.32,+4%,12.428600619558754,21 → 23,3.03 → 3.13,2,+2% (21 → 23),"Africa
+2% (21 → 23)",10.427878466766165,14.429322772351341,linear,% of DE
Portugal,Southern Europe,1990,2024,64.16876787027435,66.66240237058375,10701636,9989475,78.31291797648495,84.91684620200601,1,2.4936345003093976,0.03812450083903183,-6.603928225521059,-0.08095992775419333,black,+2%,0.04,+2%,65.41558512042906,85 → 78,4.44 → 4.36,-7,-7% (85 → 78),"Southern Europe
-7% (85 → 78)",64.16876787027435,66.66240237058375,linear,% of DE
Paraguay,Latin America,1990,2024,23.51109383781801,25.93719008433135,6929153,4035697,33.90291778044338,31.914756780391638,1,2.426096246513339,0.09820546140235717,1.9881610000517433,0.06043258307882192,black,+2%,0.1,+2%,24.72414196107468,32 → 34,3.46 → 3.52,2,+2% (32 → 34),"Latin America
+2% (32 → 34)",23.51109383781801,25.93719008433135,linear,% of DE
Argentina,Latin America,1990,2024,40.13657734072113,42.252326175973074,45696159,32755859,33.90291778044338,31.914756780391638,1,2.1157488352519422,0.05137133801821238,1.9881610000517433,0.06043258307882192,black,+2%,0.05,+2%,41.1944517583471,32 → 34,3.46 → 3.52,2,+2% (32 → 34),"Latin America
+2% (32 → 34)",40.13657734072113,42.252326175973074,linear,% of DE
Spain,Southern Europe,1990,2024,74.98366818140033,76.9906137647126,48807137,39084924,78.31291797648495,84.91684620200601,1,2.006945583312273,0.026413183021443933,-6.603928225521059,-0.08095992775419333,black,+2%,0.03,+2%,75.98714097305647,85 → 78,4.44 → 4.36,-7,-7% (85 → 78),"Southern Europe
-7% (85 → 78)",74.98366818140033,76.9906137647126,linear,% of DE
Brazil,Latin America,1990,2024,29.814104727889596,31.271643205744315,211998573,149143183,33.90291778044338,31.914756780391638,1,1.457538477854719,0.047730124491076095,1.9881610000517433,0.06043258307882192,black,+1%,0.05,+1%,30.542873966816956,32 → 34,3.46 → 3.52,2,+2% (32 → 34),"Latin America
+2% (32 → 34)",29.814104727889596,31.271643205744315,linear,% of DE
Ecuador,Latin America,1990,2024,21.487037095193642,22.179825495292587,18135478,10473624,33.90291778044338,31.914756780391638,1,0.6927884000989444,0.03173328673506688,1.9881610000517433,0.06043258307882192,black,+1%,0.03,+1%,21.833431295243116,32 → 34,3.46 → 3.52,2,+2% (32 → 34),"Latin America
+2% (32 → 34)",21.487037095193642,22.179825495292587,linear,% of DE
Algeria,Africa,1990,2024,27.6789445500989,24.577709030421687,46814308,25375759,22.81562424640058,20.61564401097832,1,-3.101235519677214,-0.11883210443367707,2.199980235422263,0.10139536964010058,red,-3%,-0.12,-3%,26.128326790260296,21 → 23,3.03 → 3.13,2,+2% (21 → 23),"Africa
+2% (21 → 23)",27.6789445500989,24.577709030421687,linear,% of DE
Greece,Southern Europe,1990,2024,63.521525945336805,60.08714737095763,10388805,10258439,78.31291797648495,84.91684620200601,1,-3.434378574379174,-0.055582875108718795,-6.603928225521059,-0.08095992775419333,red,-3%,-0.06,-3%,61.80433665814722,85 → 78,4.44 → 4.36,-7,-7% (85 → 78),"Southern Europe
-7% (85 → 78)",63.521525945336805,60.08714737095763,linear,% of DE
Russia,ex-USSR/Balkans,1990,2024,69.9578158037121,66.37728210263396,143533851,148979487,53.96432929950852,59.691925187849556,1,-3.5805337010781386,-0.052537568086901944,-5.727595888341035,-0.10087349500050401,red,-4%,-0.05,-4%,68.16754895317302,60 → 54,4.09 → 3.99,-6,-6% (60 → 54),"ex-USSR/Balkans
-6% (60 → 54)",69.9578158037121,66.37728210263396,linear,% of DE
"South
Africa",Africa,1990,2024,25.545157299509064,21.64385328423355,64007187,40746216,22.81562424640058,20.61564401097832,1,-3.901304015275514,-0.1657262593362435,2.199980235422263,0.10139536964010058,red,-4%,-0.17,-4%,23.594505291871307,21 → 23,3.03 → 3.13,2,+2% (21 → 23),"Africa
+2% (21 → 23)",25.545157299509064,21.64385328423355,linear,% of DE
Jamaica,Latin America,1990,2024,20.631194183621158,16.329824004268623,2839175,2379829,33.90291778044338,31.914756780391638,1,-4.301370179352535,-0.23381108171090462,1.9881610000517433,0.06043258307882192,red,-4%,-0.23,-4%,18.48050909394489,32 → 34,3.46 → 3.52,2,+2% (32 → 34),"Latin America
+2% (32 → 34)",20.631194183621158,16.329824004268623,linear,% of DE
Mexico,Latin America,1990,2024,40.51961872111156,35.06819351851466,130861007,82820134,33.90291778044338,31.914756780391638,1,-5.4514252025969014,-0.14449171759929935,1.9881610000517433,0.06043258307882192,red,-5%,-0.14,-5%,37.793906119813116,32 → 34,3.46 → 3.52,2,+2% (32 → 34),"Latin America
+2% (32 → 34)",40.51961872111156,35.06819351851466,linear,% of DE
Moldova,ex-USSR/Balkans,1990,2024,37.53025655025335,26.207197436694194,2389275,4451100,53.96432929950852,59.691925187849556,1,-11.323059113559154,-0.35911336462994686,-5.727595888341035,-0.10087349500050401,red,-11%,-0.36,-11%,31.86872699347377,60 → 54,4.09 → 3.99,-6,-6% (60 → 54),"ex-USSR/Balkans
-6% (60 → 54)",37.53025655025335,26.207197436694194,linear,% of DE
Italy,Southern Europe,1990,2024,100.66837724796,84.53813075729263,58986023,57031408,78.31291797648495,84.91684620200601,1,-16.13024649066736,-0.17462903694643991,-6.603928225521059,-0.08095992775419333,red,-16%,-0.17,-16%,92.60325400262631,85 → 78,4.44 → 4.36,-7,-7% (85 → 78),"Southern Europe
-7% (85 → 78)",100.66837724796,84.53813075729263,linear,% of DE
Ukraine,ex-USSR/Balkans,1990,2024,53.844461644180875,25.974689979499924,37860221,52054034,53.96432929950852,59.691925187849556,1,-27.86977166468095,-0.7289769489075856,-5.727595888341035,-0.10087349500050401,red,-28%,-0.73,-28%,39.9095758118404,60 → 54,4.09 → 3.99,-6,-6% (60 → 54),"ex-USSR/Balkans
-6% (60 → 54)",53.844461644180875,25.974689979499924,linear,% of DE
"South
Korea",Asia,1990,2023,33.45961033651213,88.23753508228859,51748695,44081380,42.73374657964596,7.525485344894796,1,54.77792474577646,0.9696933904711373,35.20826123475116,1.736693619906739,black,+55%,0.97,+55%,60.84857270940036,8 → 43,2.02 → 3.75,35,+35% (8 → 43),"Asia
+35% (8 → 43)",33.45961033651213,88.23753508228859,linear,% of W_EUR3
Poland,CEE,1990,2024,30.99721954573948,78.59595802135784,36554707,38055404,74.47001120949017,42.08526275556652,1,47.59873847561836,0.9304227650585573,32.38474845392365,0.5706988841526975,black,+48%,0.93,+48%,54.796588783548664,42 → 74,3.74 → 4.31,32,+32% (42 → 74),"CEE
+32% (42 → 74)",30.99721954573948,78.59595802135784,linear,% of W_EUR3
China,Asia,1990,2024,4.029970886019648,41.544254855558115,1408975000,1153582668,42.73374657964596,7.525485344894796,1,37.51428396953847,2.333000089497086,35.20826123475116,1.736693619906739,black,+38%,2.33,+38%,22.78711287078888,8 → 43,2.02 → 3.75,35,+35% (8 → 43),"Asia
+35% (8 → 43)",4.029970886019648,41.544254855558115,linear,% of W_EUR3
Panama,Latin America,1990,2024,27.405800728233924,63.46202678065032,4515577,2455535,37.11120756273894,32.69424504718088,1,36.05622605241639,0.8396870271713452,4.416962515558062,0.126719944659294,black,+36%,0.84,+36%,45.43391375444212,33 → 37,3.49 → 3.61,4,+4% (33 → 37),"Latin America
+4% (33 → 37)",27.405800728233924,63.46202678065032,linear,% of W_EUR3
Lithuania,CEE,1990,2024,49.76934300310602,82.17866970589526,2888055,3694967,74.47001120949017,42.08526275556652,1,32.40932670278924,0.5014965836366714,32.38474845392365,0.5706988841526975,black,+32%,0.5,+32%,65.97400635450064,42 → 74,3.74 → 4.31,32,+32% (42 → 74),"CEE
+32% (42 → 74)",49.76934300310602,82.17866970589526,linear,% of W_EUR3
Romania,CEE,1990,2024,39.4456982506093,70.75276463673515,19069340,22939481,74.47001120949017,42.08526275556652,1,31.307066386125854,0.5842666136283167,32.38474845392365,0.5706988841526975,black,+31%,0.58,+31%,55.099231443672224,42 → 74,3.74 → 4.31,32,+32% (42 → 74),"CEE
+32% (42 → 74)",39.4456982506093,70.75276463673515,linear,% of W_EUR3
Malaysia,Asia,1990,2024,29.044359720626108,59.36073715731421,35557673,17833124,42.73374657964596,7.525485344894796,1,30.316377436688104,0.7148087103911526,35.20826123475116,1.736693619906739,black,+30%,0.71,+30%,44.20254843897016,8 → 43,2.02 → 3.75,35,+35% (8 → 43),"Asia
+35% (8 → 43)",29.044359720626108,59.36073715731421,linear,% of W_EUR3
Slovakia,CEE,1990,2024,42.35881425541935,70.29250680736837,5422069,5266022,74.47001120949017,42.08526275556652,1,27.933692551949022,0.5064886760760247,32.38474845392365,0.5706988841526975,black,+28%,0.51,+28%,56.32566053139386,42 → 74,3.74 → 4.31,32,+32% (42 → 74),"CEE
+32% (42 → 74)",42.35881425541935,70.29250680736837,linear,% of W_EUR3
Chile,Latin America,1990,2024,26.479182468902756,52.58497850339169,19764771,13437138,37.11120756273894,32.69424504718088,1,26.105796034488932,0.686071642113217,4.416962515558062,0.126719944659294,black,+26%,0.69,+26%,39.53208048614722,33 → 37,3.49 → 3.61,4,+4% (33 → 37),"Latin America
+4% (33 → 37)",26.479182468902756,52.58497850339169,linear,% of W_EUR3
Estonia,CEE,1990,2024,46.80487566397106,72.38237569175028,1371986,1570254,74.47001120949017,42.08526275556652,1,25.577500027779223,0.4359754617346662,32.38474845392365,0.5706988841526975,black,+26%,0.44,+26%,59.59362567786067,42 → 74,3.74 → 4.31,32,+32% (42 → 74),"CEE
+32% (42 → 74)",46.80487566397106,72.38237569175028,linear,% of W_EUR3
Latvia,CEE,1990,2024,42.32930881417249,67.83505782209612,1862441,2660082,74.47001120949017,42.08526275556652,1,25.505749007923626,0.4715994124406192,32.38474845392365,0.5706988841526975,black,+26%,0.47,+26%,55.082183318134305,42 → 74,3.74 → 4.31,32,+32% (42 → 74),"CEE
+32% (42 → 74)",42.32930881417249,67.83505782209612,linear,% of W_EUR3
"Dominican
Republic",Latin America,1990,2024,17.71554011756569,42.21300223828016,11427557,7151120,37.11120756273894,32.69424504718088,1,24.49746212071447,0.868286056366726,4.416962515558062,0.126719944659294,black,+24%,0.87,+24%,29.964271177922924,33 → 37,3.49 → 3.61,4,+4% (33 → 37),"Latin America
+4% (33 → 37)",17.71554011756569,42.21300223828016,linear,% of W_EUR3
Bulgaria,CEE,1990,2024,36.155449608190814,59.38382213018031,6444366,8822320,74.47001120949017,42.08526275556652,1,23.2283725219895,0.4961941474386011,32.38474845392365,0.5706988841526975,black,+23%,0.5,+23%,47.769635869185564,42 → 74,3.74 → 4.31,32,+32% (42 → 74),"CEE
+32% (42 → 74)",36.155449608190814,59.38382213018031,linear,% of W_EUR3
Slovenia,CEE,1990,2024,61.28966905768794,84.49038540908609,2126324,1997968,74.47001120949017,42.08526275556652,1,23.20071635139815,0.3210264478789044,32.38474845392365,0.5706988841526975,black,+23%,0.32,+23%,72.89002723338702,42 → 74,3.74 → 4.31,32,+32% (42 → 74),"CEE
+32% (42 → 74)",61.28966905768794,84.49038540908609,linear,% of W_EUR3
Kazakhstan,ex-USSR/Balkans,1990,2024,40.70686559539662,62.55508682646872,20592571,17154015,59.07106398887251,61.14984497167124,1,21.848221231072095,0.42965079170052073,-2.078780982798733,-0.03458613342003247,black,+22%,0.43,+22%,51.63097621093267,61 → 59,4.11 → 4.08,-2,-2% (61 → 59),"ex-USSR/Balkans
-2% (61 → 59)",40.70686559539662,62.55508682646872,linear,% of W_EUR3
Uruguay,Latin America,1990,2024,33.993553836476,55.81850901919769,3386588,3104365,37.11120756273894,32.69424504718088,1,21.824955182721688,0.49593460364273684,4.416962515558062,0.126719944659294,black,+22%,0.5,+22%,44.90603142783685,33 → 37,3.49 → 3.61,4,+4% (33 → 37),"Latin America
+4% (33 → 37)",33.993553836476,55.81850901919769,linear,% of W_EUR3
Israel,Asia,1990,2024,61.25065109279671,82.47455754039723,9974400,4544949,42.73374657964596,7.525485344894796,1,21.22390644760052,0.2975153728730516,35.20826123475116,1.736693619906739,black,+21%,0.3,+21%,71.86260431659697,8 → 43,2.02 → 3.75,35,+35% (8 → 43),"Asia
+35% (8 → 43)",61.25065109279671,82.47455754039723,linear,% of W_EUR3
Belarus,ex-USSR/Balkans,1990,2024,29.861361765899204,50.58969005827731,9133712,10186209,59.07106398887251,61.14984497167124,1,20.72832829237811,0.5271824056525765,-2.078780982798733,-0.03458613342003247,black,+21%,0.53,+21%,40.22552591208826,61 → 59,4.11 → 4.08,-2,-2% (61 → 59),"ex-USSR/Balkans
-2% (61 → 59)",29.861361765899204,50.58969005827731,linear,% of W_EUR3
Costa Rica,Latin America,1990,2024,26.481045112910092,46.993591240632384,5129910,3121652,37.11120756273894,32.69424504718088,1,20.512546127722292,0.573582037530199,4.416962515558062,0.126719944659294,black,+21%,0.57,+21%,36.73731817677124,33 → 37,3.49 → 3.61,4,+4% (33 → 37),"Latin America
+4% (33 → 37)",26.481045112910092,46.993591240632384,linear,% of W_EUR3
Hungary,CEE,1990,2024,51.48771025655848,70.91200222396773,9562314,10381231,74.47001120949017,42.08526275556652,1,19.424291967409253,0.3200965596504668,32.38474845392365,0.5706988841526975,black,+19%,0.32,+19%,61.1998562402631,42 → 74,3.74 → 4.31,32,+32% (42 → 74),"CEE
+32% (42 → 74)",51.48771025655848,70.91200222396773,linear,% of W_EUR3
Croatia,CEE,1990,2024,56.571193300612855,74.27729239627114,3866300,4835027,74.47001120949017,42.08526275556652,1,17.70609909565828,0.27230538114148894,32.38474845392365,0.5706988841526975,black,+18%,0.27,+18%,65.42424284844199,42 → 74,3.74 → 4.31,32,+32% (42 → 74),"CEE
+32% (42 → 74)",56.571193300612855,74.27729239627114,linear,% of W_EUR3
Thailand,Asia,1990,2024,21.03787816583035,37.870890840683366,71668011,54738282,42.73374657964596,7.525485344894796,1,16.833012674853016,0.5878582301361474,35.20826123475116,1.736693619906739,black,+17%,0.59,+17%,29.454384503256858,8 → 43,2.02 → 3.75,35,+35% (8 → 43),"Asia
+35% (8 → 43)",21.03787816583035,37.870890840683366,linear,% of W_EUR3
Czechia,CEE,1990,2024,67.49499611336321,83.5599016087869,10882164,10301937,74.47001120949017,42.08526275556652,1,16.064905495423687,0.21351029571917335,32.38474845392365,0.5706988841526975,black,+16%,0.21,+16%,75.52744886107506,42 → 74,3.74 → 4.31,32,+32% (42 → 74),"CEE
+32% (42 → 74)",67.49499611336321,83.5599016087869,linear,% of W_EUR3
Azerbaijan,ex-USSR/Balkans,1990,2024,26.052262513483743,38.45440800511133,10202850,7231035,59.07106398887251,61.14984497167124,1,12.40214549162759,0.38936871475355295,-2.078780982798733,-0.03458613342003247,black,+12%,0.39,+12%,32.253335259297536,61 → 59,4.11 → 4.08,-2,-2% (61 → 59),"ex-USSR/Balkans
-2% (61 → 59)",26.052262513483743,38.45440800511133,linear,% of W_EUR3
Georgia,ex-USSR/Balkans,1990,2024,31.228416922400008,43.55653852311441,3673850,5448811,59.07106398887251,61.14984497167124,1,12.328121600714404,0.3327313512475487,-2.078780982798733,-0.03458613342003247,black,+12%,0.33,+12%,37.39247772275721,61 → 59,4.11 → 4.08,-2,-2% (61 → 59),"ex-USSR/Balkans
-2% (61 → 59)",31.228416922400008,43.55653852311441,linear,% of W_EUR3
"North
Macedonia",ex-USSR/Balkans,1990,2024,31.198012470565587,42.62403281484171,1792179,2063645,59.07106398887251,61.14984497167124,1,11.426020344276125,0.31206385486551264,-2.078780982798733,-0.03458613342003247,black,+11%,0.31,+11%,36.91102264270365,61 → 59,4.11 → 4.08,-2,-2% (61 → 59),"ex-USSR/Balkans
-2% (61 → 59)",31.198012470565587,42.62403281484171,linear,% of W_EUR3
Egypt,Africa,1990,2024,19.356838629744985,29.266032856225028,116538258,58396583,24.97470490784872,21.119161951893183,1,9.909194226480043,0.4133817807488394,3.8555429559555385,0.16768273122057234,black,+10%,0.41,+10%,24.311435742985005,21 → 25,3.05 → 3.22,4,+4% (21 → 25),"Africa
+4% (21 → 25)",19.356838629744985,29.266032856225028,linear,% of W_EUR3
Colombia,Latin America,1990,2024,24.173163007780317,32.237417864923074,52886363,32440020,37.11120756273894,32.69424504718088,1,8.064254857142757,0.2878847722090765,4.416962515558062,0.126719944659294,black,+8%,0.29,+8%,28.205290436351696,33 → 37,3.49 → 3.61,4,+4% (33 → 37),"Latin America
+4% (33 → 37)",24.173163007780317,32.237417864923074,linear,% of W_EUR3
Spain,Southern Europe,1990,2024,76.81507457282018,84.27636424417356,48807137,39084924,79.17380209643878,73.37360729766914,1,7.461289671353384,0.09270054460191596,5.800194798769638,0.0760811651323108,black,+7%,0.09,+7%,80.54571940849686,73 → 79,4.3 → 4.37,6,+6% (73 → 79),"Southern Europe
+6% (73 → 79)",76.81507457282018,84.27636424417356,linear,% of W_EUR3
Portugal,Southern Europe,1990,2024,65.73603037499545,72.97077694099282,10701636,9989475,79.17380209643878,73.37360729766914,1,7.234746565997369,0.1044118624195037,5.800194798769638,0.0760811651323108,black,+7%,0.1,+7%,69.35340365799414,73 → 79,4.3 → 4.37,6,+6% (73 → 79),"Southern Europe
+6% (73 → 79)",65.73603037499545,72.97077694099282,linear,% of W_EUR3
Iran,Asia,1990,2024,21.87105814333164,28.26579753458283,91567738,58380046,42.73374657964596,7.525485344894796,1,6.394739391251189,0.25648828921584876,35.20826123475116,1.736693619906739,black,+6%,0.26,+6%,25.068427838957234,8 → 43,2.02 → 3.75,35,+35% (8 → 43),"Asia
+35% (8 → 43)",21.87105814333164,28.26579753458283,linear,% of W_EUR3
Tunisia,Africa,1990,2024,16.300879619357815,22.149768433036794,12277109,8324459,24.97470490784872,21.119161951893183,1,5.848888813678979,0.3066079712115858,3.8555429559555385,0.16768273122057234,black,+6%,0.31,+6%,19.225324026197306,21 → 25,3.05 → 3.22,4,+4% (21 → 25),"Africa
+4% (21 → 25)",16.300879619357815,22.149768433036794,linear,% of W_EUR3
Argentina,Latin America,1990,2024,41.11687593179149,46.25073443176009,45696159,32755859,37.11120756273894,32.69424504718088,1,5.133858499968596,0.11765869959868407,4.416962515558062,0.126719944659294,black,+5%,0.12,+5%,43.68380518177579,33 → 37,3.49 → 3.61,4,+4% (33 → 37),"Latin America
+4% (33 → 37)",41.11687593179149,46.25073443176009,linear,% of W_EUR3
Morocco,Africa,1990,2024,10.682569704687255,15.794793706616572,38081173,24375508,24.97470490784872,21.119161951893183,1,5.112224001929317,0.39106695984893003,3.8555429559555385,0.16768273122057234,black,+5%,0.39,+5%,13.238681705651913,21 → 25,3.05 → 3.22,4,+4% (21 → 25),"Africa
+4% (21 → 25)",10.682569704687255,15.794793706616572,linear,% of W_EUR3
Paraguay,Latin America,1990,2024,24.0853304491783,28.391669739088943,6929153,4035697,37.11120756273894,32.69424504718088,1,4.3063392899106425,0.16449282298282916,4.416962515558062,0.126719944659294,black,+4%,0.16,+4%,26.23850009413362,33 → 37,3.49 → 3.61,4,+4% (33 → 37),"Latin America
+4% (33 → 37)",24.0853304491783,28.391669739088943,linear,% of W_EUR3
Brazil,Latin America,1990,2024,30.542286521037216,34.2309310765498,211998573,149143183,37.11120756273894,32.69424504718088,1,3.6886445555125853,0.11401748607154785,4.416962515558062,0.126719944659294,black,+4%,0.11,+4%,32.38660879879351,33 → 37,3.49 → 3.61,4,+4% (33 → 37),"Latin America
+4% (33 → 37)",30.542286521037216,34.2309310765498,linear,% of W_EUR3
Ecuador,Latin America,1990,2024,22.011838002153997,24.278739458110657,18135478,10473624,37.11120756273894,32.69424504718088,1,2.26690145595666,0.09802064831553879,4.416962515558062,0.126719944659294,black,+2%,0.1,+2%,23.14528873013233,33 → 37,3.49 → 3.61,4,+4% (33 → 37),"Latin America
+4% (33 → 37)",22.011838002153997,24.278739458110657,linear,% of W_EUR3
Russia,ex-USSR/Balkans,1990,2024,71.66647042277849,72.65867526547473,143533851,148979487,59.07106398887251,61.14984497167124,1,0.9922048426962391,0.013749793493570027,-2.078780982798733,-0.03458613342003247,black,+1%,0.01,+1%,72.1625728441266,61 → 59,4.11 → 4.08,-2,-2% (61 → 59),"ex-USSR/Balkans
-2% (61 → 59)",71.66647042277849,72.65867526547473,linear,% of W_EUR3
Greece,Southern Europe,1990,2024,65.07298016770957,65.77329456943659,10388805,10258439,79.17380209643878,73.37360729766914,1,0.7003144017270131,0.010704486471753092,5.800194798769638,0.0760811651323108,black,+1%,0.01,+1%,65.42313736857308,73 → 79,4.3 → 4.37,6,+6% (73 → 79),"Southern Europe
+6% (73 → 79)",65.07298016770957,65.77329456943659,linear,% of W_EUR3
Algeria,Africa,1990,2024,28.35497704072305,26.903538720514625,46814308,25375759,24.97470490784872,21.119161951893183,1,-1.4514383202084247,-0.05254474285320509,3.8555429559555385,0.16768273122057234,red,-1%,-0.05,-1%,27.629257880618837,21 → 25,3.05 → 3.22,4,+4% (21 → 25),"Africa
+4% (21 → 25)",28.35497704072305,26.903538720514625,linear,% of W_EUR3
"South
Africa",Africa,1990,2024,26.169074020080373,23.692047300778235,64007187,40746216,24.97470490784872,21.119161951893183,1,-2.4770267193021382,-0.09943889775577162,3.8555429559555385,0.16768273122057234,red,-2%,-0.1,-2%,24.930560660429304,21 → 25,3.05 → 3.22,4,+4% (21 → 25),"Africa
+4% (21 → 25)",26.169074020080373,23.692047300778235,linear,% of W_EUR3
Mexico,Latin America,1990,2024,41.509272741827324,38.38675529179995,130861007,82820134,37.11120756273894,32.69424504718088,1,-3.122517450027374,-0.07820435601882753,4.416962515558062,0.126719944659294,red,-3%,-0.08,-3%,39.94801401681364,33 → 37,3.49 → 3.61,4,+4% (33 → 37),"Latin America
+4% (33 → 37)",41.509272741827324,38.38675529179995,linear,% of W_EUR3
Jamaica,Latin America,1990,2024,21.135091923047572,17.875142547022513,2839175,2379829,37.11120756273894,32.69424504718088,1,-3.259949376025059,-0.16752372013043265,4.416962515558062,0.126719944659294,red,-3%,-0.17,-3%,19.505117235035044,33 → 37,3.49 → 3.61,4,+4% (33 → 37),"Latin America
+4% (33 → 37)",21.135091923047572,17.875142547022513,linear,% of W_EUR3
Moldova,ex-USSR/Balkans,1990,2024,38.44689817882081,28.687228338555073,2389275,4451100,59.07106398887251,61.14984497167124,1,-9.759669840265737,-0.292826003049475,-2.078780982798733,-0.03458613342003247,red,-10%,-0.29,-10%,33.56706325868794,61 → 59,4.11 → 4.08,-2,-2% (61 → 59),"ex-USSR/Balkans
-2% (61 → 59)",38.44689817882081,28.687228338555073,linear,% of W_EUR3
Ukraine,ex-USSR/Balkans,1990,2024,55.15956256667982,28.43271831202283,37860221,52054034,59.07106398887251,61.14984497167124,1,-26.72684425465699,-0.6626895873271137,-2.078780982798733,-0.03458613342003247,red,-27%,-0.66,-27%,41.79614043935132,61 → 59,4.11 → 4.08,-2,-2% (61 → 59),"ex-USSR/Balkans
-2% (61 → 59)",55.15956256667982,28.43271831202283,linear,% of W_EUR3
"South
Korea",Asia,1990,2023,38.14163457185109,103.87406505330853,51748695,44081380,49.933981046452686,8.578531223586237,1,65.73243048145744,1.0018727960370686,41.35544982286645,1.7614390411050225,black,+66%,1,+66%,71.0078498125798,9 → 50,2.15 → 3.91,41,+41% (9 → 50),"Asia
+41% (9 → 50)",38.14163457185109,103.87406505330853,linear,% of S_EUR4
Poland,CEE,1990,2024,35.33467989514783,91.78842338284596,36554707,38055404,86.96992937428764,47.974279937489605,1,56.453743487698134,0.9546212677758067,38.99564943679804,0.5948973868699469,black,+56%,0.95,+56%,63.561551638996896,48 → 87,3.87 → 4.47,39,+39% (48 → 87),"CEE
+39% (48 → 87)",35.33467989514783,91.78842338284596,linear,% of S_EUR4
China,Asia,1990,2024,4.59388723669707,48.51752876109218,1408975000,1153582668,49.933981046452686,8.578531223586237,1,43.92364152439511,2.3571985922143353,41.35544982286645,1.7614390411050225,black,+44%,2.36,+44%,26.555707998894626,9 → 50,2.15 → 3.91,41,+41% (9 → 50),"Asia
+41% (9 → 50)",4.59388723669707,48.51752876109218,linear,% of S_EUR4
Panama,Latin America,1990,2024,31.240711592645305,74.11423601825581,4515577,2455535,43.34038693302395,37.26917123811657,1,42.873524425610505,0.8638855298885947,6.07121569490738,0.15091844737654334,black,+43%,0.86,+43%,52.67747380545056,37 → 43,3.62 → 3.77,6,+6% (37 → 43),"Latin America
+6% (37 → 43)",31.240711592645305,74.11423601825581,linear,% of S_EUR4
Lithuania,CEE,1990,2024,56.73359834780024,95.97249932310775,2888055,3694967,86.96992937428764,47.974279937489605,1,39.238900975307516,0.5256950863539207,38.99564943679804,0.5948973868699469,black,+39%,0.53,+39%,76.35304883545399,48 → 87,3.87 → 4.47,39,+39% (48 → 87),"CEE
+39% (48 → 87)",56.73359834780024,95.97249932310775,linear,% of S_EUR4
Romania,CEE,1990,2024,44.96535951778449,82.62873663577872,19069340,22939481,86.96992937428764,47.974279937489605,1,37.66337711799423,0.6084651163455659,38.99564943679804,0.5948973868699469,black,+38%,0.61,+38%,63.79704807678161,48 → 87,3.87 → 4.47,39,+39% (48 → 87),"CEE
+39% (48 → 87)",44.96535951778449,82.62873663577872,linear,% of S_EUR4
Malaysia,Asia,1990,2024,33.10855517132692,69.32453794930231,35557673,17833124,49.933981046452686,8.578531223586237,1,36.21598277797539,0.739007213108402,41.35544982286645,1.7614390411050225,black,+36%,0.74,+36%,51.21654656031461,9 → 50,2.15 → 3.91,41,+41% (9 → 50),"Asia
+41% (9 → 50)",33.10855517132692,69.32453794930231,linear,% of S_EUR4
Slovakia,CEE,1990,2024,48.28610967008463,82.09122374617559,5422069,5266022,86.96992937428764,47.974279937489605,1,33.80511407609096,0.5306871787932741,38.99564943679804,0.5948973868699469,black,+34%,0.53,+34%,65.18866670813011,48 → 87,3.87 → 4.47,39,+39% (48 → 87),"CEE
+39% (48 → 87)",48.28610967008463,82.09122374617559,linear,% of S_EUR4
Chile,Latin America,1990,2024,30.18443105980099,61.411456669763524,19764771,13437138,43.34038693302395,37.26917123811657,1,31.227025609962535,0.7102701448304665,6.07121569490738,0.15091844737654334,black,+31%,0.71,+31%,45.797943864782255,37 → 43,3.62 → 3.77,6,+6% (37 → 43),"Latin America
+6% (37 → 43)",30.18443105980099,61.411456669763524,linear,% of S_EUR4
Estonia,CEE,1990,2024,53.35431123679379,84.53188068074918,1371986,1570254,86.96992937428764,47.974279937489605,1,31.17756944395539,0.4601739644519155,38.99564943679804,0.5948973868699469,black,+31%,0.46,+31%,68.9430959587715,48 → 87,3.87 → 4.47,39,+39% (48 → 87),"CEE
+39% (48 → 87)",53.35431123679379,84.53188068074918,linear,% of S_EUR4
Latvia,CEE,1990,2024,48.252475513960256,79.22128776498151,1862441,2660082,86.96992937428764,47.974279937489605,1,30.968812251021255,0.4957979151578688,38.99564943679804,0.5948973868699469,black,+31%,0.5,+31%,63.73688163947088,48 → 87,3.87 → 4.47,39,+39% (48 → 87),"CEE
+39% (48 → 87)",48.252475513960256,79.22128776498151,linear,% of S_EUR4
"Dominican
Republic",Latin America,1990,2024,20.194486744210973,49.29852653052939,11427557,7151120,43.34038693302395,37.26917123811657,1,29.104039786318413,0.8924845590839754,6.07121569490738,0.15091844737654334,black,+29%,0.89,+29%,34.74650663737018,37 → 43,3.62 → 3.77,6,+6% (37 → 43),"Latin America
+6% (37 → 43)",20.194486744210973,49.29852653052939,linear,% of S_EUR4
Slovenia,CEE,1990,2024,69.86597084416933,98.67224044271589,2126324,1997968,86.96992937428764,47.974279937489605,1,28.806269598546564,0.3452249505961538,38.99564943679804,0.5948973868699469,black,+29%,0.35,+29%,84.2691056434426,48 → 87,3.87 → 4.47,39,+39% (48 → 87),"CEE
+39% (48 → 87)",69.86597084416933,98.67224044271589,linear,% of S_EUR4
Bulgaria,CEE,1990,2024,41.214704321638635,69.35149777416557,6444366,8822320,86.96992937428764,47.974279937489605,1,28.13679345252693,0.5203926501558503,38.99564943679804,0.5948973868699469,black,+28%,0.52,+28%,55.2831010479021,48 → 87,3.87 → 4.47,39,+39% (48 → 87),"CEE
+39% (48 → 87)",41.214704321638635,69.35149777416557,linear,% of S_EUR4
Kazakhstan,ex-USSR/Balkans,1990,2024,46.40300279919289,73.0550646487228,20592571,17154015,68.98624264637654,69.70658108620276,1,26.652061849529915,0.4538492944177702,-0.7203384398262216,-0.010387630702782754,black,+27%,0.45,+27%,59.72903372395785,70 → 69,4.24 → 4.23,-1,-1% (70 → 69),"ex-USSR/Balkans
-1% (70 → 69)",46.40300279919289,73.0550646487228,linear,% of S_EUR4
Israel,Asia,1990,2024,69.82149307100785,96.31805243437233,9974400,4544949,49.933981046452686,8.578531223586237,1,26.496559363364483,0.32171387559030096,41.35544982286645,1.7614390411050225,black,+26%,0.32,+26%,83.06977275269008,9 → 50,2.15 → 3.91,41,+41% (9 → 50),"Asia
+41% (9 → 50)",69.82149307100785,96.31805243437233,linear,% of S_EUR4
Uruguay,Latin America,1990,2024,38.750293120256664,65.18774078765036,3386588,3104365,43.34038693302395,37.26917123811657,1,26.43744766739369,0.5201331063599862,6.07121569490738,0.15091844737654334,black,+26%,0.52,+26%,51.96901695395351,37 → 43,3.62 → 3.77,6,+6% (37 → 43),"Latin America
+6% (37 → 43)",38.750293120256664,65.18774078765036,linear,% of S_EUR4
Belarus,ex-USSR/Balkans,1990,2024,34.03988082461036,59.08125566220929,9133712,10186209,68.98624264637654,69.70658108620276,1,25.04137483759893,0.5513809083698259,-0.7203384398262216,-0.010387630702782754,black,+25%,0.55,+25%,46.56056824340982,70 → 69,4.24 → 4.23,-1,-1% (70 → 69),"ex-USSR/Balkans
-1% (70 → 69)",34.03988082461036,59.08125566220929,linear,% of S_EUR4
Costa Rica,Latin America,1990,2024,30.186554344751134,54.88154553575662,5129910,3121652,43.34038693302395,37.26917123811657,1,24.69499119100549,0.5977805402474484,6.07121569490738,0.15091844737654334,black,+25%,0.6,+25%,42.53404994025388,37 → 43,3.62 → 3.77,6,+6% (37 → 43),"Latin America
+6% (37 → 43)",30.186554344751134,54.88154553575662,linear,% of S_EUR4
Hungary,CEE,1990,2024,58.6924178075086,82.81470252312621,9562314,10381231,86.96992937428764,47.974279937489605,1,24.122284715617617,0.3442950623677163,38.99564943679804,0.5948973868699469,black,+24%,0.34,+24%,70.75356016531741,48 → 87,3.87 → 4.47,39,+39% (48 → 87),"CEE
+39% (48 → 87)",58.6924178075086,82.81470252312621,linear,% of S_EUR4
Croatia,CEE,1990,2024,64.4872358184925,86.74486238017097,3866300,4835027,86.96992937428764,47.974279937489605,1,22.257626561678478,0.29650388385873827,38.99564943679804,0.5948973868699469,black,+22%,0.3,+22%,75.61604909933173,48 → 87,3.87 → 4.47,39,+39% (48 → 87),"CEE
+39% (48 → 87)",64.4872358184925,86.74486238017097,linear,% of S_EUR4
Czechia,CEE,1990,2024,76.93961320210538,97.58557335241167,10882164,10301937,86.96992937428764,47.974279937489605,1,20.645960150306294,0.2377087984364227,38.99564943679804,0.5948973868699469,black,+21%,0.24,+21%,87.26259327725853,48 → 87,3.87 → 4.47,39,+39% (48 → 87),"CEE
+39% (48 → 87)",76.93961320210538,97.58557335241167,linear,% of S_EUR4
Thailand,Asia,1990,2024,23.981721636865643,44.22758434251266,71668011,54738282,49.933981046452686,8.578531223586237,1,20.245862705647014,0.6120567328533968,41.35544982286645,1.7614390411050225,black,+20%,0.61,+20%,34.10465298968915,9 → 50,2.15 → 3.91,41,+41% (9 → 50),"Asia
+41% (9 → 50)",23.981721636865643,44.22758434251266,linear,% of S_EUR4
Georgia,ex-USSR/Balkans,1990,2024,35.59822886555929,50.86757766810915,3673850,5448811,68.98624264637654,69.70658108620276,1,15.269348802549857,0.35692985396479815,-0.7203384398262216,-0.010387630702782754,black,+15%,0.36,+15%,43.23290326683422,70 → 69,4.24 → 4.23,-1,-1% (70 → 69),"ex-USSR/Balkans
-1% (70 → 69)",35.59822886555929,50.86757766810915,linear,% of S_EUR4
Azerbaijan,ex-USSR/Balkans,1990,2024,29.697771927573918,44.90904585641287,10202850,7231035,68.98624264637654,69.70658108620276,1,15.21127392883895,0.4135672174708024,-0.7203384398262216,-0.010387630702782754,black,+15%,0.41,+15%,37.30340889199339,70 → 69,4.24 → 4.23,-1,-1% (70 → 69),"ex-USSR/Balkans
-1% (70 → 69)",29.697771927573918,44.90904585641287,linear,% of S_EUR4
"North
Macedonia",ex-USSR/Balkans,1990,2024,35.56356989973265,49.77854928913582,1792179,2063645,68.98624264637654,69.70658108620276,1,14.214979389403169,0.3362623575827621,-0.7203384398262216,-0.010387630702782754,black,+14%,0.34,+14%,42.67105959443423,70 → 69,4.24 → 4.23,-1,-1% (70 → 69),"ex-USSR/Balkans
-1% (70 → 69)",35.56356989973265,49.77854928913582,linear,% of S_EUR4
Egypt,Africa,1990,2024,22.065453185399697,34.178386295812906,116538258,58396583,29.166751645425848,24.074379514032913,1,12.11293311041321,0.4375802834660887,5.092372131392935,0.19188123393782178,black,+12%,0.44,+12%,28.1219197406063,24 → 29,3.18 → 3.37,5,+5% (24 → 29),"Africa
+5% (24 → 29)",22.065453185399697,34.178386295812906,linear,% of S_EUR4
Colombia,Latin America,1990,2024,27.555728850865535,37.64852333692771,52886363,32440020,43.34038693302395,37.26917123811657,1,10.092794486062175,0.3120832749263257,6.07121569490738,0.15091844737654334,black,+10%,0.31,+10%,32.60212609389662,37 → 43,3.62 → 3.77,6,+6% (37 → 43),"Latin America
+6% (37 → 43)",27.555728850865535,37.64852333692771,linear,% of S_EUR4
Iran,Asia,1990,2024,24.93148901056872,33.01025977255808,91567738,58380046,49.933981046452686,8.578531223586237,1,8.078770761989361,0.28068679193309815,41.35544982286645,1.7614390411050225,black,+8%,0.28,+8%,28.9708743915634,9 → 50,2.15 → 3.91,41,+41% (9 → 50),"Asia
+41% (9 → 50)",24.93148901056872,33.01025977255808,linear,% of S_EUR4
Tunisia,Africa,1990,2024,18.58187191626728,25.867644773934824,12277109,8324459,29.166751645425848,24.074379514032913,1,7.285772857667546,0.3308064739288353,5.092372131392935,0.19188123393782178,black,+7%,0.33,+7%,22.22475834510105,24 → 29,3.18 → 3.37,5,+5% (24 → 29),"Africa
+5% (24 → 29)",18.58187191626728,25.867644773934824,linear,% of S_EUR4
Argentina,Latin America,1990,2024,46.870386138812655,54.01399894682045,45696159,32755859,43.34038693302395,37.26917123811657,1,7.143612808007795,0.14185720231593357,6.07121569490738,0.15091844737654334,black,+7%,0.14,+7%,50.44219254281656,37 → 43,3.62 → 3.77,6,+6% (37 → 43),"Latin America
+6% (37 → 43)",46.870386138812655,54.01399894682045,linear,% of S_EUR4
Morocco,Africa,1990,2024,12.177388375616742,18.445976720503445,38081173,24375508,29.166751645425848,24.074379514032913,1,6.2685883448867035,0.4152654625661796,5.092372131392935,0.19188123393782178,black,+6%,0.42,+6%,15.311682548060094,24 → 29,3.18 → 3.37,5,+5% (24 → 29),"Africa
+5% (24 → 29)",12.177388375616742,18.445976720503445,linear,% of S_EUR4
Paraguay,Latin America,1990,2024,27.455605827315164,33.15725984088475,6929153,4035697,43.34038693302395,37.26917123811657,1,5.701654013569584,0.18869132570007857,6.07121569490738,0.15091844737654334,black,+6%,0.19,+6%,30.306432834099958,37 → 43,3.62 → 3.77,6,+6% (37 → 43),"Latin America
+6% (37 → 43)",27.455605827315164,33.15725984088475,linear,% of S_EUR4
Brazil,Latin America,1990,2024,34.81608780730376,39.976651135031105,211998573,149143183,43.34038693302395,37.26917123811657,1,5.1605633277273455,0.13821598878879743,6.07121569490738,0.15091844737654334,black,+5%,0.14,+5%,37.39636947116743,37 → 43,3.62 → 3.77,6,+6% (37 → 43),"Latin America
+6% (37 → 43)",34.81608780730376,39.976651135031105,linear,% of S_EUR4
Ecuador,Latin America,1990,2024,25.091968283228375,28.353967210085912,18135478,10473624,43.34038693302395,37.26917123811657,1,3.2619989268575367,0.12221915103278821,6.07121569490738,0.15091844737654334,black,+3%,0.12,+3%,26.722967746657144,37 → 43,3.62 → 3.77,6,+6% (37 → 43),"Latin America
+6% (37 → 43)",25.091968283228375,28.353967210085912,linear,% of S_EUR4
Russia,ex-USSR/Balkans,1990,2024,81.69480452487939,84.85455760831623,143533851,148979487,68.98624264637654,69.70658108620276,1,3.15975308343684,0.03794829621081959,-0.7203384398262216,-0.010387630702782754,black,+3%,0.04,+3%,83.27468106659781,70 → 69,4.24 → 4.23,-1,-1% (70 → 69),"ex-USSR/Balkans
-1% (70 → 69)",81.69480452487939,84.85455760831623,linear,% of S_EUR4
Algeria,Africa,1990,2024,32.32270674115758,31.419343497337827,46814308,25375759,29.166751645425848,24.074379514032913,1,-0.9033632438197543,-0.02834624013595577,5.092372131392935,0.19188123393782178,red,-1%,-0.03,-1%,31.871025119247705,24 → 29,3.18 → 3.37,5,+5% (24 → 29),"Africa
+5% (24 → 29)",32.32270674115758,31.419343497337827,linear,% of S_EUR4
"South
Africa",Africa,1990,2024,29.830928941465803,27.668797775316893,64007187,40746216,29.166751645425848,24.074379514032913,1,-2.16213116614891,-0.07524039503852209,5.092372131392935,0.19188123393782178,red,-2%,-0.08,-2%,28.749863358391348,24 → 29,3.18 → 3.37,5,+5% (24 → 29),"Africa
+5% (24 → 29)",29.830928941465803,27.668797775316893,linear,% of S_EUR4
Mexico,Latin America,1990,2024,47.31769128029587,44.830037519995166,130861007,82820134,43.34038693302395,37.26917123811657,1,-2.4876537603007023,-0.05400585330157792,6.07121569490738,0.15091844737654334,red,-2%,-0.05,-2%,46.07386440014552,37 → 43,3.62 → 3.77,6,+6% (37 → 43),"Latin America
+6% (37 → 43)",47.31769128029587,44.830037519995166,linear,% of S_EUR4
Jamaica,Latin America,1990,2024,24.092538576030346,20.87551565551208,2839175,2379829,43.34038693302395,37.26917123811657,1,-3.217022920518268,-0.14332521741318344,6.07121569490738,0.15091844737654334,red,-3%,-0.14,-3%,22.484027115771212,37 → 43,3.62 → 3.77,6,+6% (37 → 43),"Latin America
+6% (37 → 43)",24.092538576030346,20.87551565551208,linear,% of S_EUR4
Moldova,ex-USSR/Balkans,1990,2024,43.826796726247025,33.5024284544522,2389275,4451100,68.98624264637654,69.70658108620276,1,-10.324368271794825,-0.2686275003322257,-0.7203384398262216,-0.010387630702782754,red,-10%,-0.27,-10%,38.66461259034961,70 → 69,4.24 → 4.23,-1,-1% (70 → 69),"ex-USSR/Balkans
-1% (70 → 69)",43.826796726247025,33.5024284544522,linear,% of S_EUR4
Ukraine,ex-USSR/Balkans,1990,2024,62.87807471163663,33.20519848666973,37860221,52054034,68.98624264637654,69.70658108620276,1,-29.6728762249669,-0.6384910846098643,-0.7203384398262216,-0.010387630702782754,red,-30%,-0.64,-30%,48.04163659915318,70 → 69,4.24 → 4.23,-1,-1% (70 → 69),"ex-USSR/Balkans
-1% (70 → 69)",62.87807471163663,33.20519848666973,linear,% of S_EUR4
"South
Korea",Asia,1990,2023,33.98218809298647,80.78925695333858,51748695,44081380,38.95815147617544,7.643019626028496,1,46.80706886035211,0.8660074904637559,31.31513185014694,1.6286952668375956,black,+47%,0.87,+47%,57.38572252316253,8 → 39,2.03 → 3.66,31,+31% (8 → 39),"Asia
+31% (8 → 39)",33.98218809298647,80.78925695333858,linear,% of G7
Poland,CEE,1990,2024,31.48133927350209,71.62918786735422,36554707,38055404,67.86896626362149,42.74255738542771,1,40.14784859385213,0.8221076764026871,25.12640887819378,0.4623837954968275,black,+40%,0.82,+40%,51.55526357042815,43 → 68,3.76 → 4.22,25,+25% (43 → 68),"CEE
+25% (43 → 68)",31.48133927350209,71.62918786735422,linear,% of G7
China,Asia,1990,2024,4.092911641249394,37.86175918931314,1408975000,1153582668,38.95815147617544,7.643019626028496,1,33.768847548063746,2.2246850008412156,31.31513185014694,1.6286952668375956,black,+34%,2.22,+34%,20.977335415281267,8 → 39,2.03 → 3.66,31,+31% (8 → 39),"Asia
+31% (8 → 39)",4.092911641249394,37.86175918931314,linear,% of G7
Panama,Latin America,1990,2024,27.8338290798766,57.836732996867326,4515577,2455535,33.821658586736056,33.20486920133411,1,30.002903916990725,0.731371938515475,0.616789385401944,0.018404856003423817,black,+30%,0.73,+30%,42.83528103837196,33 → 34,3.5 → 3.52,1,+1% (33 → 34),"Latin America
+1% (33 → 34)",27.8338290798766,57.836732996867326,linear,% of G7
Malaysia,Asia,1990,2024,29.497979359001754,54.09898296080896,35557673,17833124,38.95815147617544,7.643019626028496,1,24.601003601807207,0.6064936217352827,31.31513185014694,1.6286952668375956,black,+25%,0.61,+25%,41.79848115990536,8 → 39,2.03 → 3.66,31,+31% (8 → 39),"Asia
+31% (8 → 39)",29.497979359001754,54.09898296080896,linear,% of G7
Romania,CEE,1990,2024,40.06176772323772,64.48121758274412,19069340,22939481,67.86896626362149,42.74255738542771,1,24.4194498595064,0.47595152497244636,25.12640887819378,0.4623837954968275,black,+24%,0.48,+24%,52.27149265299092,43 → 68,3.76 → 4.22,25,+25% (43 → 68),"CEE
+25% (43 → 68)",40.06176772323772,64.48121758274412,linear,% of G7
Lithuania,CEE,1990,2024,50.54664887565482,74.89432687433164,2888055,3694967,67.86896626362149,42.74255738542771,1,24.347677998676822,0.39318149498080124,25.12640887819378,0.4623837954968275,black,+24%,0.39,+24%,62.720487874993225,43 → 68,3.76 → 4.22,25,+25% (43 → 68),"CEE
+25% (43 → 68)",50.54664887565482,74.89432687433164,linear,% of G7
Slovakia,CEE,1990,2024,43.02038125807973,64.06175715046369,5422069,5266022,67.86896626362149,42.74255738542771,1,21.04137589238396,0.3981735874201546,25.12640887819378,0.4623837954968275,black,+21%,0.4,+21%,53.54106920427171,43 → 68,3.76 → 4.22,25,+25% (43 → 68),"CEE
+25% (43 → 68)",43.02038125807973,64.06175715046369,linear,% of G7
Chile,Latin America,1990,2024,26.892738742532586,47.923829660511004,19764771,13437138,33.821658586736056,33.20486920133411,1,21.031090917978418,0.577756553457347,0.616789385401944,0.018404856003423817,black,+21%,0.58,+21%,37.408284201521795,33 → 34,3.5 → 3.52,1,+1% (33 → 34),"Latin America
+1% (33 → 34)",26.892738742532586,47.923829660511004,linear,% of G7
"Dominican
Republic",Latin America,1990,2024,17.9922243681072,38.471228596121335,11427557,7151120,33.821658586736056,33.20486920133411,1,20.479004228014137,0.7599709677108559,0.616789385401944,0.018404856003423817,black,+20%,0.76,+20%,28.23172648211427,33 → 34,3.5 → 3.52,1,+1% (33 → 34),"Latin America
+1% (33 → 34)",17.9922243681072,38.471228596121335,linear,% of G7
Latvia,CEE,1990,2024,42.990414995946566,61.82213720725145,1862441,2660082,67.86896626362149,42.74255738542771,1,18.831722211304886,0.36328432378474923,25.12640887819378,0.4623837954968275,black,+19%,0.36,+19%,52.406276101599005,43 → 68,3.76 → 4.22,25,+25% (43 → 68),"CEE
+25% (43 → 68)",42.990414995946566,61.82213720725145,linear,% of G7
Estonia,CEE,1990,2024,47.5358819928119,65.96637940720686,1371986,1570254,67.86896626362149,42.74255738542771,1,18.430497414394956,0.3276603730787959,25.12640887819378,0.4623837954968275,black,+18%,0.33,+18%,56.751130700009384,43 → 68,3.76 → 4.22,25,+25% (43 → 68),"CEE
+25% (43 → 68)",47.5358819928119,65.96637940720686,linear,% of G7
Bulgaria,CEE,1990,2024,36.720131430559555,54.120021674503235,6444366,8822320,67.86896626362149,42.74255738542771,1,17.39989024394368,0.38787905878273093,25.12640887819378,0.4623837954968275,black,+17%,0.39,+17%,45.4200765525314,43 → 68,3.76 → 4.22,25,+25% (43 → 68),"CEE
+25% (43 → 68)",36.720131430559555,54.120021674503235,linear,% of G7
Uruguay,Latin America,1990,2024,34.524470811294165,50.8707390261116,3386588,3104365,33.821658586736056,33.20486920133411,1,16.346268214817435,0.3876195149868668,0.616789385401944,0.018404856003423817,black,+16%,0.39,+16%,42.69760491870288,33 → 34,3.5 → 3.52,1,+1% (33 → 34),"Latin America
+1% (33 → 34)",34.524470811294165,50.8707390261116,linear,% of G7
Costa Rica,Latin America,1990,2024,26.894630477623668,42.82806470304991,5129910,3121652,33.821658586736056,33.20486920133411,1,15.933434225426243,0.46526694887432885,0.616789385401944,0.018404856003423817,black,+16%,0.47,+16%,34.86134759033679,33 → 34,3.5 → 3.52,1,+1% (33 → 34),"Latin America
+1% (33 → 34)",26.894630477623668,42.82806470304991,linear,% of G7
Belarus,ex-USSR/Balkans,1990,2024,30.327741478034223,46.10540420349423,9133712,10186209,53.8349865120755,62.104893415830176,1,15.777662725460008,0.4188673169967064,-8.269906903754674,-0.14290122207590253,black,+16%,0.42,+16%,38.21657284076423,62 → 54,4.13 → 3.99,-8,-8% (62 → 54),"ex-USSR/Balkans
-8% (62 → 54)",30.327741478034223,46.10540420349423,linear,% of G7
Kazakhstan,ex-USSR/Balkans,1990,2024,41.34263218926911,57.010184482186325,20592571,17154015,53.8349865120755,62.104893415830176,1,15.667552292917215,0.32133570304465053,-8.269906903754674,-0.14290122207590253,black,+16%,0.32,+16%,49.176408335727714,62 → 54,4.13 → 3.99,-8,-8% (62 → 54),"ex-USSR/Balkans
-8% (62 → 54)",41.34263218926911,57.010184482186325,linear,% of G7
Slovenia,CEE,1990,2024,62.24690129766627,77.00113137889373,2126324,1997968,67.86896626362149,42.74255738542771,1,14.754230081227462,0.21271135922303436,25.12640887819378,0.4623837954968275,black,+15%,0.21,+15%,69.62401633828,43 → 68,3.76 → 4.22,25,+25% (43 → 68),"CEE
+25% (43 → 68)",62.24690129766627,77.00113137889373,linear,% of G7
Thailand,Asia,1990,2024,21.3664512443065,34.51400330274272,71668011,54738282,38.95815147617544,7.643019626028496,1,13.147552058436222,0.4795431414802772,31.31513185014694,1.6286952668375956,black,+13%,0.48,+13%,27.940227273524613,8 → 39,2.03 → 3.66,31,+31% (8 → 39),"Asia
+31% (8 → 39)",21.3664512443065,34.51400330274272,linear,% of G7
Israel,Asia,1990,2024,62.207273943713126,75.16398711919369,9974400,4544949,38.95815147617544,7.643019626028496,1,12.956713175480566,0.18920028421718138,31.31513185014694,1.6286952668375956,black,+13%,0.19,+13%,68.68563053145341,8 → 39,2.03 → 3.66,31,+31% (8 → 39),"Asia
+31% (8 → 39)",62.207273943713126,75.16398711919369,linear,% of G7
Hungary,CEE,1990,2024,52.291853874528606,64.62634030073845,9562314,10381231,67.86896626362149,42.74255738542771,1,12.334486426209843,0.2117814709945967,25.12640887819378,0.4623837954968275,black,+12%,0.21,+12%,58.45909708763352,43 → 68,3.76 → 4.22,25,+25% (43 → 68),"CEE
+25% (43 → 68)",52.291853874528606,64.62634030073845,linear,% of G7
Croatia,CEE,1990,2024,57.454731601830034,67.69333010592126,3866300,4835027,67.86896626362149,42.74255738542771,1,10.238598504091229,0.1639902924856188,25.12640887819378,0.4623837954968275,black,+10%,0.16,+10%,62.57403085387565,43 → 68,3.76 → 4.22,25,+25% (43 → 68),"CEE
+25% (43 → 68)",57.454731601830034,67.69333010592126,linear,% of G7
Azerbaijan,ex-USSR/Balkans,1990,2024,26.459151080279774,35.04579732430397,10202850,7231035,53.8349865120755,62.104893415830176,1,8.586646244024195,0.2810536260976829,-8.269906903754674,-0.14290122207590253,black,+9%,0.28,+9%,30.75247420229187,62 → 54,4.13 → 3.99,-8,-8% (62 → 54),"ex-USSR/Balkans
-8% (62 → 54)",26.459151080279774,35.04579732430397,linear,% of G7
Georgia,ex-USSR/Balkans,1990,2024,31.716147529224955,39.695673406970876,3673850,5448811,53.8349865120755,62.104893415830176,1,7.979525877745921,0.22441626259167857,-8.269906903754674,-0.14290122207590253,black,+8%,0.22,+8%,35.70591046809791,62 → 54,4.13 → 3.99,-8,-8% (62 → 54),"ex-USSR/Balkans
-8% (62 → 54)",31.716147529224955,39.695673406970876,linear,% of G7
Czechia,CEE,1990,2024,68.54914418285453,76.15312595193464,10882164,10301937,67.86896626362149,42.74255738542771,1,7.603981769080107,0.10519520706330324,25.12640887819378,0.4623837954968275,black,+8%,0.11,+8%,72.35113506739458,43 → 68,3.76 → 4.22,25,+25% (43 → 68),"CEE
+25% (43 → 68)",68.54914418285453,76.15312595193464,linear,% of G7
"North
Macedonia",ex-USSR/Balkans,1990,2024,31.685268215607426,38.845825294589645,1792179,2063645,53.8349865120755,62.104893415830176,1,7.160557078982219,0.2037487662096425,-8.269906903754674,-0.14290122207590253,black,+7%,0.2,+7%,35.265546755098534,62 → 54,4.13 → 3.99,-8,-8% (62 → 54),"ex-USSR/Balkans
-8% (62 → 54)",31.685268215607426,38.845825294589645,linear,% of G7
Egypt,Africa,1990,2024,19.65915695329491,26.671882605223157,116538258,58396583,22.760939300337878,21.44900453405247,1,7.012725651928246,0.30506669209296905,1.3119347662854075,0.05936764256470227,black,+7%,0.31,+7%,23.165519779259036,21 → 23,3.07 → 3.13,1,+1% (21 → 23),"Africa
+1% (21 → 23)",19.65915695329491,26.671882605223157,linear,% of G7
Colombia,Latin America,1990,2024,24.55070348611965,29.379883122965243,52886363,32440020,33.821658586736056,33.20486920133411,1,4.829179636845591,0.1795696835532063,0.616789385401944,0.018404856003423817,black,+5%,0.18,+5%,26.96529330454245,33 → 34,3.5 → 3.52,1,+1% (33 → 34),"Latin America
+1% (33 → 34)",24.55070348611965,29.379883122965243,linear,% of G7
Tunisia,Africa,1990,2024,16.55546946706883,20.186406072908312,12277109,8324459,22.760939300337878,21.44900453405247,1,3.6309366058394836,0.19829288255571567,1.3119347662854075,0.05936764256470227,black,+4%,0.2,+4%,18.370937769988572,21 → 23,3.07 → 3.13,1,+1% (21 → 23),"Africa
+1% (21 → 23)",16.55546946706883,20.186406072908312,linear,% of G7
Iran,Asia,1990,2024,22.212643965202084,25.76030845345821,91567738,58380046,38.95815147617544,7.643019626028496,1,3.547664488256128,0.14817320055997854,31.31513185014694,1.6286952668375956,black,+4%,0.15,+4%,23.98647620933015,8 → 39,2.03 → 3.66,31,+31% (8 → 39),"Asia
+31% (8 → 39)",22.212643965202084,25.76030845345821,linear,% of G7
Morocco,Africa,1990,2024,10.849411854177697,14.394738281959766,38081173,24375508,22.760939300337878,21.44900453405247,1,3.5453264277820686,0.2827518711930599,1.3119347662854075,0.05936764256470227,black,+4%,0.28,+4%,12.622075068068732,21 → 23,3.07 → 3.13,1,+1% (21 → 23),"Africa
+1% (21 → 23)",10.849411854177697,14.394738281959766,linear,% of G7
Paraguay,Latin America,1990,2024,24.461499144016333,25.875023306624026,6929153,4035697,33.821658586736056,33.20486920133411,1,1.4135241626076933,0.05617773432695897,0.616789385401944,0.018404856003423817,black,+1%,0.06,+1%,25.16826122532018,33 → 34,3.5 → 3.52,1,+1% (33 → 34),"Latin America
+1% (33 → 34)",24.461499144016333,25.875023306624026,linear,% of G7
Argentina,Latin America,1990,2024,41.75904613525685,42.15105495266559,45696159,32755859,33.821658586736056,33.20486920133411,1,0.39200881740873683,0.009343610942814133,0.616789385401944,0.018404856003423817,black,+0%,0.01,+0%,41.95505054396122,33 → 34,3.5 → 3.52,1,+1% (33 → 34),"Latin America
+1% (33 → 34)",41.75904613525685,42.15105495266559,linear,% of G7
Brazil,Latin America,1990,2024,31.01930102919314,31.196690703742618,211998573,149143183,33.821658586736056,33.20486920133411,1,0.1773896745494774,0.005702397415677627,0.616789385401944,0.018404856003423817,black,+0%,0.01,+0%,31.10799586646788,33 → 34,3.5 → 3.52,1,+1% (33 → 34),"Latin America
+1% (33 → 34)",31.01930102919314,31.196690703742618,linear,% of G7
Ecuador,Latin America,1990,2024,22.355622547262403,22.126664444435885,18135478,10473624,33.821658586736056,33.20486920133411,1,-0.22895810282651752,-0.010294440340331421,0.616789385401944,0.018404856003423817,red,0%,-0.01,0%,22.241143495849144,33 → 34,3.5 → 3.52,1,+1% (33 → 34),"Latin America
+1% (33 → 34)",22.355622547262403,22.126664444435885,linear,% of G7
Portugal,Southern Europe,1990,2024,66.76270662517905,66.50262458678628,10701636,9989475,72.15581166397189,74.51956849388199,1,-0.2600820383927669,-0.003903226236366377,-2.363756829910102,-0.032233923523559235,red,0%,0,0%,66.63266560598267,75 → 72,4.31 → 4.28,-2,-2% (75 → 72),"Southern Europe
-2% (75 → 72)",66.76270662517905,66.50262458678628,linear,% of G7
Spain,Southern Europe,1990,2024,78.01478517703693,76.80608111657689,48807137,39084924,72.15581166397189,74.51956849388199,1,-1.208704060460036,-0.01561454405395405,-2.363756829910102,-0.032233923523559235,red,-1%,-0.02,-1%,77.41043314680691,75 → 72,4.31 → 4.28,-2,-2% (75 → 72),"Southern Europe
-2% (75 → 72)",78.01478517703693,76.80608111657689,linear,% of G7
Algeria,Africa,1990,2024,28.797829785802783,24.518800684186736,46814308,25375759,22.760939300337878,21.44900453405247,1,-4.279029101616047,-0.1608598315090752,1.3119347662854075,0.05936764256470227,red,-4%,-0.16,-4%,26.65831523499476,21 → 23,3.07 → 3.13,1,+1% (21 → 23),"Africa
+1% (21 → 23)",28.797829785802783,24.518800684186736,linear,% of G7
"South
Africa",Africa,1990,2024,26.577786968404872,21.591976862328323,64007187,40746216,22.760939300337878,21.44900453405247,1,-4.985810106076549,-0.20775398641164183,1.3119347662854075,0.05936764256470227,red,-5%,-0.21,-5%,24.084881915366598,21 → 23,3.07 → 3.13,1,+1% (21 → 23),"Africa
+1% (21 → 23)",26.577786968404872,21.591976862328323,linear,% of G7
Jamaica,Latin America,1990,2024,21.465183302144506,16.290684354384716,2839175,2379829,33.821658586736056,33.20486920133411,1,-5.1744989477597905,-0.275838808786303,0.616789385401944,0.018404856003423817,red,-5%,-0.28,-5%,18.87793382826461,33 → 34,3.5 → 3.52,1,+1% (33 → 34),"Latin America
+1% (33 → 34)",21.465183302144506,16.290684354384716,linear,% of G7
Greece,Southern Europe,1990,2024,66.08930078953203,59.943129290296916,10388805,10258439,72.15581166397189,74.51956849388199,1,-6.146171499235116,-0.0976106021841171,-2.363756829910102,-0.032233923523559235,red,-6%,-0.1,-6%,63.01621503991447,75 → 72,4.31 → 4.28,-2,-2% (75 → 72),"Southern Europe
-2% (75 → 72)",66.08930078953203,59.943129290296916,linear,% of G7
Russia,ex-USSR/Balkans,1990,2024,72.78576927148931,66.21818770081656,143533851,148979487,53.8349865120755,62.104893415830176,1,-6.567581570672758,-0.09456529516230039,-8.269906903754674,-0.14290122207590253,red,-7%,-0.09,-7%,69.50197848615294,62 → 54,4.13 → 3.99,-8,-8% (62 → 54),"ex-USSR/Balkans
-8% (62 → 54)",72.78576927148931,66.21818770081656,linear,% of G7
Mexico,Latin America,1990,2024,42.15757146390285,34.984141368533315,130861007,82820134,33.821658586736056,33.20486920133411,1,-7.1734300953695325,-0.18651944467469758,0.616789385401944,0.018404856003423817,red,-7%,-0.19,-7%,38.57085641621808,33 → 34,3.5 → 3.52,1,+1% (33 → 34),"Latin America
+1% (33 → 34)",42.15757146390285,34.984141368533315,linear,% of G7
Moldova,ex-USSR/Balkans,1990,2024,39.04736822589011,26.144383499946162,2389275,4451100,53.8349865120755,62.104893415830176,1,-12.902984725943949,-0.40114109170534523,-8.269906903754674,-0.14290122207590253,red,-13%,-0.4,-13%,32.595875862918135,62 → 54,4.13 → 3.99,-8,-8% (62 → 54),"ex-USSR/Balkans
-8% (62 → 54)",39.04736822589011,26.144383499946162,linear,% of G7
Ukraine,ex-USSR/Balkans,1990,2024,56.02105378442861,25.912433321291306,37860221,52054034,53.8349865120755,62.104893415830176,1,-30.108620463137303,-0.7710046759829838,-8.269906903754674,-0.14290122207590253,red,-30%,-0.77,-30%,40.96674355285996,62 → 54,4.13 → 3.99,-8,-8% (62 → 54),"ex-USSR/Balkans
-8% (62 → 54)",56.02105378442861,25.912433321291306,linear,% of G7
"South
Korea",Asia,1990,2023,123.3652874401266,242.54763231818094,51748695,44081380,115.47738818907668,27.74639792162573,1,119.18234487805435,0.6760483422547131,87.73099026745095,1.4259687104000216,black,+119%,0.68,+119%,182.95645987915378,28 → 115,3.32 → 4.75,88,+88% (28 → 115),"Asia
+88% (28 → 115)",123.3652874401266,242.54763231818094,linear,% of World
Poland,CEE,1990,2024,114.286474368532,212.11805424213065,36554707,38055404,200.98277665696443,155.16799163582024,1,97.83157987359866,0.6184347500007612,45.81478502114419,0.2587108690949018,black,+98%,0.62,+98%,163.2022643053313,155 → 201,5.04 → 5.3,46,+46% (155 → 201),"CEE
+46% (155 → 201)",114.286474368532,212.11805424213065,linear,% of World
China,Asia,1990,2024,14.858467021256413,112.12137019190614,1408975000,1153582668,115.47738818907668,27.74639792162573,1,97.26290317064972,2.02101207443929,87.73099026745095,1.4259687104000216,black,+97%,2.02,+97%,63.48991860658128,28 → 115,3.32 → 4.75,88,+88% (28 → 115),"Asia
+88% (28 → 115)",14.858467021256413,112.12137019190614,linear,% of World
Panama,Latin America,1990,2024,101.0449449459381,171.27396850758524,4515577,2455535,100.15727700201688,120.54339238619612,1,70.22902356164714,0.5276990121135493,-20.386115384179234,-0.1852680703985019,black,+70%,0.53,+70%,136.15945672676168,121 → 100,4.79 → 4.61,-20,-20% (121 → 100),"Latin America
-20% (121 → 100)",101.0449449459381,171.27396850758524,linear,% of World
Malaysia,Asia,1990,2024,107.08629746173483,160.20523677269,35557673,17833124,115.47738818907668,27.74639792162573,1,53.11893931095517,0.4028206953333568,87.73099026745095,1.4259687104000216,black,+53%,0.4,+53%,133.64576711721242,28 → 115,3.32 → 4.75,88,+88% (28 → 115),"Asia
+88% (28 → 115)",107.08629746173483,160.20523677269,linear,% of World
"Dominican
Republic",Latin America,1990,2024,65.31703976168909,113.92621356011051,11427557,7151120,100.15727700201688,120.54339238619612,1,48.60917379842142,0.55629804130893,-20.386115384179234,-0.1852680703985019,black,+49%,0.56,+49%,89.6216266608998,121 → 100,4.79 → 4.61,-20,-20% (121 → 100),"Latin America
-20% (121 → 100)",65.31703976168909,113.92621356011051,linear,% of World
Romania,CEE,1990,2024,145.4359406467068,190.9505163473852,19069340,22939481,200.98277665696443,155.16799163582024,1,45.51457570067839,0.2722785985705208,45.81478502114419,0.2587108690949018,black,+46%,0.27,+46%,168.193228497046,155 → 201,5.04 → 5.3,46,+46% (155 → 201),"CEE
+46% (155 → 201)",145.4359406467068,190.9505163473852,linear,% of World
Chile,Latin America,1990,2024,97.62851161751651,141.9185363129315,19764771,13437138,100.15727700201688,120.54339238619612,1,44.290024695415,0.3740836270554212,-20.386115384179234,-0.1852680703985019,black,+44%,0.37,+44%,119.773523965224,121 → 100,4.79 → 4.61,-20,-20% (121 → 100),"Latin America
-20% (121 → 100)",97.62851161751651,141.9185363129315,linear,% of World
Lithuania,CEE,1990,2024,183.49912756110265,221.78722617624095,2888055,3694967,200.98277665696443,155.16799163582024,1,38.288098615138296,0.18950856857887563,45.81478502114419,0.2587108690949018,black,+38%,0.19,+38%,202.6431768686718,155 → 201,5.04 → 5.3,46,+46% (155 → 201),"CEE
+46% (155 → 201)",183.49912756110265,221.78722617624095,linear,% of World
Slovakia,CEE,1990,2024,156.17657359686586,189.70835329380353,5422069,5266022,200.98277665696443,155.16799163582024,1,33.53177969693766,0.19450066101822885,45.81478502114419,0.2587108690949018,black,+34%,0.19,+34%,172.94246344533468,155 → 201,5.04 → 5.3,46,+46% (155 → 201),"CEE
+46% (155 → 201)",156.17657359686586,189.70835329380353,linear,% of World
Costa Rica,Latin America,1990,2024,97.6353791695009,126.82826683153603,5129910,3121652,100.15727700201688,120.54339238619612,1,29.192887662035133,0.2615940224724032,-20.386115384179234,-0.1852680703985019,black,+29%,0.26,+29%,112.23182300051846,121 → 100,4.79 → 4.61,-20,-20% (121 → 100),"Latin America
-20% (121 → 100)",97.6353791695009,126.82826683153603,linear,% of World
Latvia,CEE,1990,2024,156.06778729589408,183.0760873315565,1862441,2660082,200.98277665696443,155.16799163582024,1,27.008300035662415,0.15961139738282362,45.81478502114419,0.2587108690949018,black,+27%,0.16,+27%,169.5719373137253,155 → 201,5.04 → 5.3,46,+46% (155 → 201),"CEE
+46% (155 → 201)",156.06778729589408,183.0760873315565,linear,% of World
Bulgaria,CEE,1990,2024,133.30482299652576,160.267539461656,6444366,8822320,200.98277665696443,155.16799163582024,1,26.962716465130256,0.1842061323808052,45.81478502114419,0.2587108690949018,black,+27%,0.18,+27%,146.7861812290909,155 → 201,5.04 → 5.3,46,+46% (155 → 201),"CEE
+46% (155 → 201)",133.30482299652576,160.267539461656,linear,% of World
Belarus,ex-USSR/Balkans,1990,2024,110.09857677821874,136.5335685196201,9133712,10186209,159.42345472685875,225.4589376857571,1,26.43499174140136,0.21519439059478068,-66.03548295889834,-0.3465741484778279,black,+26%,0.22,+26%,123.31607264891943,225 → 159,5.42 → 5.07,-66,-66% (225 → 159),"ex-USSR/Balkans
-66% (225 → 159)",110.09857677821874,136.5335685196201,linear,% of World
Uruguay,Latin America,1990,2024,125.33393240303435,150.64532352454535,3386588,3104365,100.15727700201688,120.54339238619612,1,25.311391121510994,0.18394658858494115,-20.386115384179234,-0.1852680703985019,black,+25%,0.18,+25%,137.98962796378984,121 → 100,4.79 → 4.61,-20,-20% (121 → 100),"Latin America
-20% (121 → 100)",125.33393240303435,150.64532352454535,linear,% of World
Thailand,Asia,1990,2024,77.56647076747059,102.2075419623863,71668011,54738282,115.47738818907668,27.74639792162573,1,24.64107119491571,0.2758702150783513,87.73099026745095,1.4259687104000216,black,+25%,0.28,+25%,89.88700636492845,28 → 115,3.32 → 4.75,88,+88% (28 → 115),"Asia
+88% (28 → 115)",77.56647076747059,102.2075419623863,linear,% of World
Estonia,CEE,1990,2024,172.56916269536796,195.34857872697148,1371986,1570254,200.98277665696443,155.16799163582024,1,22.779416031603517,0.12398744667687031,45.81478502114419,0.2587108690949018,black,+23%,0.12,+23%,183.9588707111697,155 → 201,5.04 → 5.3,46,+46% (155 → 201),"CEE
+46% (155 → 201)",172.56916269536796,195.34857872697148,linear,% of World
Kazakhstan,ex-USSR/Balkans,1990,2024,150.08585349491506,168.826281078886,20592571,17154015,159.42345472685875,225.4589376857571,1,18.740427583970956,0.11766277664272473,-66.03548295889834,-0.3465741484778279,black,+19%,0.12,+19%,159.45606728690052,225 → 159,5.42 → 5.07,-66,-66% (225 → 159),"ex-USSR/Balkans
-66% (225 → 159)",150.08585349491506,168.826281078886,linear,% of World
Azerbaijan,ex-USSR/Balkans,1990,2024,96.05446151697721,103.78236245762997,10202850,7231035,159.42345472685875,225.4589376857571,1,7.727900940652759,0.07738069969575725,-66.03548295889834,-0.3465741484778279,black,+8%,0.08,+8%,99.91841198730359,225 → 159,5.42 → 5.07,-66,-66% (225 → 159),"ex-USSR/Balkans
-66% (225 → 159)",96.05446151697721,103.78236245762997,linear,% of World
Egypt,Africa,1990,2024,71.36849286271637,78.98439183299709,116538258,58396583,67.40277672911226,77.86616336792268,1,7.615898970280725,0.10139376569104332,-10.46338663881042,-0.14430528383722335,black,+8%,0.1,+8%,75.17644234785672,78 → 67,4.35 → 4.21,-10,-10% (78 → 67),"Africa
-10% (78 → 67)",71.36849286271637,78.98439183299709,linear,% of World
Morocco,Africa,1990,2024,39.38654003928567,42.62764895992391,38081173,24375508,67.40277672911226,77.86616336792268,1,3.24110892063824,0.0790789447911341,-10.46338663881042,-0.14430528383722335,black,+3%,0.08,+3%,41.00709449960479,78 → 67,4.35 → 4.21,-10,-10% (78 → 67),"Africa
-10% (78 → 67)",39.38654003928567,42.62764895992391,linear,% of World
Georgia,ex-USSR/Balkans,1990,2024,115.13889705188899,117.55220540138689,3673850,5448811,159.42345472685875,225.4589376857571,1,2.413308349497896,0.020743336189753138,-66.03548295889834,-0.3465741484778279,black,+2%,0.02,+2%,116.34555122663794,225 → 159,5.42 → 5.07,-66,-66% (225 → 159),"ex-USSR/Balkans
-66% (225 → 159)",115.13889705188899,117.55220540138689,linear,% of World
Slovenia,CEE,1990,2024,225.97446785448955,228.02618106993367,2126324,1997968,200.98277665696443,155.16799163582024,1,2.051713215444124,0.009038432821108637,45.81478502114419,0.2587108690949018,black,+2%,0.01,+2%,227.0003244622116,155 → 201,5.04 → 5.3,46,+46% (155 → 201),"CEE
+46% (155 → 201)",225.97446785448955,228.02618106993367,linear,% of World
Hungary,CEE,1990,2024,189.83473242971456,191.38027339871866,9562314,10381231,200.98277665696443,155.16799163582024,1,1.5455409690040938,0.008108544592670972,45.81478502114419,0.2587108690949018,black,+2%,0.01,+2%,190.6075029142166,155 → 201,5.04 → 5.3,46,+46% (155 → 201),"CEE
+46% (155 → 201)",189.83473242971456,191.38027339871866,linear,% of World
"North
Macedonia",ex-USSR/Balkans,1990,2024,115.02679610683047,115.03552004773631,1792179,2063645,159.42345472685875,225.4589376857571,1,0.00872394090583839,7.583980771667198e-5,-66.03548295889834,-0.3465741484778279,black,+0%,0,+0%,115.0311580772834,225 → 159,5.42 → 5.07,-66,-66% (225 → 159),"ex-USSR/Balkans
-66% (225 → 159)",115.02679610683047,115.03552004773631,linear,% of World
Tunisia,Africa,1990,2024,60.101199014100764,59.77872018116744,12277109,8324459,67.40277672911226,77.86616336792268,1,-0.3224788329333279,-0.005380043846209933,-10.46338663881042,-0.14430528383722335,red,0%,-0.01,0%,59.9399595976341,78 → 67,4.35 → 4.21,-10,-10% (78 → 67),"Africa
-10% (78 → 67)",60.101199014100764,59.77872018116744,linear,% of World
Colombia,Latin America,1990,2024,89.1262382556101,87.00368980094083,52886363,32440020,100.15727700201688,120.54339238619612,1,-2.1225484546692712,-0.024103242848719397,-20.386115384179234,-0.1852680703985019,red,-2%,-0.02,-2%,88.06496402827547,121 → 100,4.79 → 4.61,-20,-20% (121 → 100),"Latin America
-20% (121 → 100)",89.1262382556101,87.00368980094083,linear,% of World
Israel,Asia,1990,2024,225.83060896295657,222.58578062240497,9974400,4544949,115.47738818907668,27.74639792162573,1,-3.2448283405516065,-0.014472642184744207,87.73099026745095,1.4259687104000216,red,-3%,-0.01,-3%,224.20819479268079,28 → 115,3.32 → 4.75,88,+88% (28 → 115),"Asia
+88% (28 → 115)",225.83060896295657,222.58578062240497,linear,% of World
Iran,Asia,1990,2024,80.63839797702455,76.28491496990777,91567738,58380046,115.47738818907668,27.74639792162573,1,-4.353483007116779,-0.05549972584194704,87.73099026745095,1.4259687104000216,red,-4%,-0.06,-4%,78.46165647346616,28 → 115,3.32 → 4.75,88,+88% (28 → 115),"Asia
+88% (28 → 115)",80.63839797702455,76.28491496990777,linear,% of World
Croatia,CEE,1990,2024,208.57748946183816,200.46265907452127,3866300,4835027,200.98277665696443,155.16799163582024,1,-8.114830387316886,-0.03968263391630682,45.81478502114419,0.2587108690949018,red,-8%,-0.04,-8%,204.5200742681797,155 → 201,5.04 → 5.3,46,+46% (155 → 201),"CEE
+46% (155 → 201)",208.57748946183816,200.46265907452127,linear,% of World
Paraguay,Latin America,1990,2024,88.80240038871433,76.62462413276,6929153,4035697,100.15727700201688,120.54339238619612,1,-12.177776255954328,-0.14749519207496678,-20.386115384179234,-0.1852680703985019,red,-12%,-0.15,-12%,82.71351226073716,121 → 100,4.79 → 4.61,-20,-20% (121 → 100),"Latin America
-20% (121 → 100)",88.80240038871433,76.62462413276,linear,% of World
Ecuador,Latin America,1990,2024,81.1574520716399,65.52447610482224,18135478,10473624,100.15727700201688,120.54339238619612,1,-15.632975966817654,-0.2139673667422571,-20.386115384179234,-0.1852680703985019,red,-16%,-0.21,-16%,73.34096408823106,121 → 100,4.79 → 4.61,-20,-20% (121 → 100),"Latin America
-20% (121 → 100)",81.1574520716399,65.52447610482224,linear,% of World
Brazil,Latin America,1990,2024,112.60914032925426,92.38386651996922,211998573,149143183,100.15727700201688,120.54339238619612,1,-20.225273809285042,-0.197970528986248,-20.386115384179234,-0.1852680703985019,red,-20%,-0.2,-20%,102.49650342461175,121 → 100,4.79 → 4.61,-20,-20% (121 → 100),"Latin America
-20% (121 → 100)",112.60914032925426,92.38386651996922,linear,% of World
Czechia,CEE,1990,2024,248.85345383741998,225.51495252597152,10882164,10301937,200.98277665696443,155.16799163582024,1,-23.338501311448454,-0.0984777193386225,45.81478502114419,0.2587108690949018,red,-23%,-0.1,-23%,237.18420318169575,155 → 201,5.04 → 5.3,46,+46% (155 → 201),"CEE
+46% (155 → 201)",248.85345383741998,225.51495252597152,linear,% of World
Argentina,Latin America,1990,2024,151.59755797963766,124.82341384869319,45696159,32755859,100.15727700201688,120.54339238619612,1,-26.774144130944464,-0.19432931545911167,-20.386115384179234,-0.1852680703985019,red,-27%,-0.19,-27%,138.21048591416542,121 → 100,4.79 → 4.61,-20,-20% (121 → 100),"Latin America
-20% (121 → 100)",151.59755797963766,124.82341384869319,linear,% of World
Jamaica,Latin America,1990,2024,77.92489703070625,48.24218130078381,2839175,2379829,100.15727700201688,120.54339238619612,1,-29.682715729922435,-0.47951173518822865,-20.386115384179234,-0.1852680703985019,red,-30%,-0.48,-30%,63.08353916574503,121 → 100,4.79 → 4.61,-20,-20% (121 → 100),"Latin America
-20% (121 → 100)",77.92489703070625,48.24218130078381,linear,% of World
Algeria,Africa,1990,2024,104.54454961688079,72.60839398474697,46814308,25375759,67.40277672911226,77.86616336792268,1,-31.93615563213382,-0.364532757911001,-10.46338663881042,-0.14430528383722335,red,-32%,-0.36,-32%,88.57647180081388,78 → 67,4.35 → 4.21,-10,-10% (78 → 67),"Africa
-10% (78 → 67)",104.54454961688079,72.60839398474697,linear,% of World
"South
Africa",Africa,1990,2024,96.48514450887932,63.94108680611743,64007187,40746216,67.40277672911226,77.86616336792268,1,-32.54405770276188,-0.41142691281356747,-10.46338663881042,-0.14430528383722335,red,-33%,-0.41,-33%,80.21311565749838,78 → 67,4.35 → 4.21,-10,-10% (78 → 67),"Africa
-10% (78 → 67)",96.48514450887932,63.94108680611743,linear,% of World
Portugal,Southern Europe,1990,2024,242.3681627139223,196.93658059430732,10701636,9989475,231.35497273133083,320.7345361383345,1,-45.43158211961497,-0.2075761526382922,-89.37956340700364,-0.32666058123151714,red,-45%,-0.21,-45%,219.6523716541148,321 → 231,5.77 → 5.44,-89,-89% (321 → 231),"Southern Europe
-89% (321 → 231)",242.3681627139223,196.93658059430732,linear,% of World
Mexico,Latin America,1990,2024,153.0443215484242,103.59977848927996,130861007,82820134,100.15727700201688,120.54339238619612,1,-49.44454305914424,-0.3901923710766233,-20.386115384179234,-0.1852680703985019,red,-49%,-0.39,-49%,128.32205001885208,121 → 100,4.79 → 4.61,-20,-20% (121 → 100),"Latin America
-20% (121 → 100)",153.0443215484242,103.59977848927996,linear,% of World
Spain,Southern Europe,1990,2024,283.21650070353286,227.44857181100025,48807137,39084924,231.35497273133083,320.7345361383345,1,-55.76792889253261,-0.21928747045587993,-89.37956340700364,-0.32666058123151714,red,-56%,-0.22,-56%,255.33253625726655,321 → 231,5.77 → 5.44,-89,-89% (321 → 231),"Southern Europe
-89% (321 → 231)",283.21650070353286,227.44857181100025,linear,% of World
Greece,Southern Europe,1990,2024,239.92350246275976,177.51171455117478,10388805,10258439,231.35497273133083,320.7345361383345,1,-62.41178791158498,-0.30128352858604274,-89.37956340700364,-0.32666058123151714,red,-62%,-0.3,-62%,208.71760850696728,321 → 231,5.77 → 5.44,-89,-89% (321 → 231),"Southern Europe
-89% (321 → 231)",239.92350246275976,177.51171455117478,linear,% of World
Moldova,ex-USSR/Balkans,1990,2024,141.75337361403137,77.42229002565806,2389275,4451100,159.42345472685875,225.4589376857571,1,-64.33108358837332,-0.604814018107271,-66.03548295889834,-0.3465741484778279,red,-64%,-0.6,-64%,109.58783181984472,225 → 159,5.42 → 5.07,-66,-66% (225 → 159),"ex-USSR/Balkans
-66% (225 → 159)",141.75337361403137,77.42229002565806,linear,% of World
Russia,ex-USSR/Balkans,1990,2024,264.23364272947515,196.09426755680207,143533851,148979487,159.42345472685875,225.4589376857571,1,-68.13937517267308,-0.29823822156422575,-66.03548295889834,-0.3465741484778279,red,-68%,-0.3,-68%,230.1639551431386,225 → 159,5.42 → 5.07,-66,-66% (225 → 159),"ex-USSR/Balkans
-66% (225 → 159)",264.23364272947515,196.09426755680207,linear,% of World
Ukraine,ex-USSR/Balkans,1990,2024,203.3728194283401,76.73540773587845,37860221,52054034,159.42345472685875,225.4589376857571,1,-126.63741169246165,-0.9746776023849094,-66.03548295889834,-0.3465741484778279,red,-127%,-0.97,-127%,140.05411358210927,225 → 159,5.42 → 5.07,-66,-66% (225 → 159),"ex-USSR/Balkans
-66% (225 → 159)",203.3728194283401,76.73540773587845,linear,% of World
Italy,Southern Europe,1990,2024,380.22873816597973,249.74573086376247,58986023,57031408,231.35497273133083,320.7345361383345,1,-130.48300730221726,-0.4203296904237639,-89.37956340700364,-0.32666058123151714,red,-130%,-0.42,-130%,314.9872345148711,321 → 231,5.77 → 5.44,-89,-89% (321 → 231),"Southern Europe
-89% (321 → 231)",380.22873816597973,249.74573086376247,linear,% of World
"South
Korea",Asia,1990,2023,102.20014204132066,240.34373035143057,51748695,44081380,115.42972484536084,22.98609169213349,1,138.14358831010992,0.8551370408999419,92.44363315322735,1.61377257790682,black,+138%,0.86,+138%,171.2719361963756,23 → 115,3.13 → 4.75,92,+92% (23 → 115),"Asia
+92% (23 → 115)",102.20014204132066,240.34373035143057,linear,% of LAT_AM
Poland,CEE,1990,2024,94.67893405212932,212.1678168656436,36554707,38055404,201.02992695863534,128.54662048385214,1,117.48888281351428,0.8068860243641934,72.4833064747832,0.44716214345833394,black,+117%,0.81,+117%,153.42337545888645,129 → 201,4.86 → 5.3,72,+72% (129 → 201),"CEE
+72% (129 → 201)",94.67893405212932,212.1678168656436,linear,% of LAT_AM
China,Asia,1990,2024,12.309276552577096,112.14767372157291,1408975000,1153582668,115.42972484536084,22.98609169213349,1,99.83839716899581,2.209463348802722,92.44363315322735,1.61377257790682,black,+100%,2.21,+100%,62.22847513707501,23 → 115,3.13 → 4.75,92,+92% (23 → 115),"Asia
+92% (23 → 115)",12.309276552577096,112.14767372157291,linear,% of LAT_AM
Malaysia,Asia,1990,2024,88.71405432083176,160.2428207157957,35557673,17833124,115.42972484536084,22.98609169213349,1,71.52876639496392,0.5912719696967891,92.44363315322735,1.61377257790682,black,+72%,0.59,+72%,124.47843751831373,23 → 115,3.13 → 4.75,92,+92% (23 → 115),"Asia
+92% (23 → 115)",88.71405432083176,160.2428207157957,linear,% of LAT_AM
Romania,CEE,1990,2024,120.48424723381217,190.9953130936525,19069340,22939481,201.02992695863534,128.54662048385214,1,70.51106585984033,0.460729872933953,72.4833064747832,0.44716214345833394,black,+71%,0.46,+71%,155.73978016373235,129 → 201,4.86 → 5.3,72,+72% (129 → 201),"CEE
+72% (129 → 201)",120.48424723381217,190.9953130936525,linear,% of LAT_AM
Lithuania,CEE,1990,2024,152.01712969951046,221.83925717509027,2888055,3694967,201.02992695863534,128.54662048385214,1,69.8221274755798,0.3779598429423077,72.4833064747832,0.44716214345833394,black,+70%,0.38,+70%,186.92819343730037,129 → 201,4.86 → 5.3,72,+72% (129 → 201),"CEE
+72% (129 → 201)",152.01712969951046,221.83925717509027,linear,% of LAT_AM
Slovakia,CEE,1990,2024,129.38216524541406,189.75285863021136,5422069,5266022,201.02992695863534,128.54662048385214,1,60.370693384797306,0.38295193538166106,72.4833064747832,0.44716214345833394,black,+60%,0.38,+60%,159.5675119378127,129 → 201,4.86 → 5.3,72,+72% (129 → 201),"CEE
+72% (129 → 201)",129.38216524541406,189.75285863021136,linear,% of LAT_AM
Latvia,CEE,1990,2024,129.29204284840782,183.11903674687454,1862441,2660082,201.02992695863534,128.54662048385214,1,53.826993898466725,0.3480626717462557,72.4833064747832,0.44716214345833394,black,+54%,0.35,+54%,156.20553979764117,129 → 201,4.86 → 5.3,72,+72% (129 → 201),"CEE
+72% (129 → 201)",129.29204284840782,183.11903674687454,linear,% of LAT_AM
Estonia,CEE,1990,2024,142.96236247151796,195.3944072530331,1371986,1570254,201.02992695863534,128.54662048385214,1,52.432044781515145,0.31243872104030246,72.4833064747832,0.44716214345833394,black,+52%,0.31,+52%,169.17838486227555,129 → 201,4.86 → 5.3,72,+72% (129 → 201),"CEE
+72% (129 → 201)",142.96236247151796,195.3944072530331,linear,% of LAT_AM
Bulgaria,CEE,1990,2024,110.43440280273431,160.30513802089263,6444366,8822320,201.02992695863534,128.54662048385214,1,49.870735218158316,0.3726574067442374,72.4833064747832,0.44716214345833394,black,+50%,0.37,+50%,135.36977041181348,129 → 201,4.86 → 5.3,72,+72% (129 → 201),"CEE
+72% (129 → 201)",110.43440280273431,160.30513802089263,linear,% of LAT_AM
Belarus,ex-USSR/Balkans,1990,2024,91.20953242817376,136.56559911970928,9133712,10186209,159.460855264899,186.77811185056967,1,45.35606669153552,0.403645664958213,-27.317256585670663,-0.15812287411439585,black,+45%,0.4,+45%,113.88756577394152,187 → 159,5.23 → 5.07,-27,-27% (187 → 159),"ex-USSR/Balkans
-27% (187 → 159)",91.20953242817376,136.56559911970928,linear,% of LAT_AM
Kazakhstan,ex-USSR/Balkans,1990,2024,124.33639854337149,168.8658875079306,20592571,17154015,159.460855264899,186.77811185056967,1,44.52948896455912,0.3061140510061571,-27.317256585670663,-0.15812287411439585,black,+45%,0.31,+45%,146.60114302565106,187 → 159,5.23 → 5.07,-27,-27% (187 → 159),"ex-USSR/Balkans
-27% (187 → 159)",124.33639854337149,168.8658875079306,linear,% of LAT_AM
Slovenia,CEE,1990,2024,187.20519517006997,228.07967571960046,2126324,1997968,201.02992695863534,128.54662048385214,1,40.87448054953049,0.1974897071845409,72.4833064747832,0.44716214345833394,black,+41%,0.2,+41%,207.6424354448352,129 → 201,4.86 → 5.3,72,+72% (129 → 201),"CEE
+72% (129 → 201)",187.20519517006997,228.07967571960046,linear,% of LAT_AM
Thailand,Asia,1990,2024,64.25879187390402,102.23151972066354,71668011,54738282,115.42972484536084,22.98609169213349,1,37.972727846759526,0.46432148944178364,92.44363315322735,1.61377257790682,black,+38%,0.46,+38%,83.24515579728379,23 → 115,3.13 → 4.75,92,+92% (23 → 115),"Asia
+92% (23 → 115)",64.25879187390402,102.23151972066354,linear,% of LAT_AM
Israel,Asia,1990,2024,187.08601740577618,222.6379989611033,9974400,4544949,115.42972484536084,22.98609169213349,1,35.55198155532713,0.173978632178688,92.44363315322735,1.61377257790682,black,+36%,0.17,+36%,204.86200818343974,23 → 115,3.13 → 4.75,92,+92% (23 → 115),"Asia
+92% (23 → 115)",187.08601740577618,222.6379989611033,linear,% of LAT_AM
Hungary,CEE,1990,2024,157.26576755320224,191.4251709654391,9562314,10381231,201.02992695863534,128.54662048385214,1,34.159403412236856,0.1965598189561032,72.4833064747832,0.44716214345833394,black,+34%,0.2,+34%,174.34546925932068,129 → 201,4.86 → 5.3,72,+72% (129 → 201),"CEE
+72% (129 → 201)",157.26576755320224,191.4251709654391,linear,% of LAT_AM
Croatia,CEE,1990,2024,172.79292653508892,200.50968735727434,3866300,4835027,201.02992695863534,128.54662048385214,1,27.71676082218542,0.14876864044712543,72.4833064747832,0.44716214345833394,black,+28%,0.15,+28%,186.65130694618165,129 → 201,4.86 → 5.3,72,+72% (129 → 201),"CEE
+72% (129 → 201)",172.79292653508892,200.50968735727434,linear,% of LAT_AM
Azerbaijan,ex-USSR/Balkans,1990,2024,79.57489350885727,103.80670966677592,10202850,7231035,159.460855264899,186.77811185056967,1,24.231816157918644,0.2658319740591893,-27.317256585670663,-0.15812287411439585,black,+24%,0.27,+24%,91.6908015878166,187 → 159,5.23 → 5.07,-27,-27% (187 → 159),"ex-USSR/Balkans
-27% (187 → 159)",79.57489350885727,103.80670966677592,linear,% of LAT_AM
Georgia,ex-USSR/Balkans,1990,2024,95.38511097698438,117.5797829980295,3673850,5448811,159.460855264899,186.77811185056967,1,22.194672021045122,0.2091946105531852,-27.317256585670663,-0.15812287411439585,black,+22%,0.21,+22%,106.48244698750693,187 → 159,5.23 → 5.07,-27,-27% (187 → 159),"ex-USSR/Balkans
-27% (187 → 159)",95.38511097698438,117.5797829980295,linear,% of LAT_AM
Egypt,Africa,1990,2024,59.1241690364849,79.00292147003448,116538258,58396583,67.41858933409812,64.50706776228796,1,19.87875243354958,0.2898450400544756,2.9115215718101553,0.044145990526208836,black,+20%,0.29,+20%,69.06354525325969,65 → 67,4.17 → 4.21,3,+3% (65 → 67),"Africa
+3% (65 → 67)",59.1241690364849,79.00292147003448,linear,% of LAT_AM
"North
Macedonia",ex-USSR/Balkans,1990,2024,95.292242612263,115.06250723322228,1792179,2063645,159.460855264899,186.77811185056967,1,19.77026462095928,0.18852711417114912,-27.317256585670663,-0.15812287411439585,black,+20%,0.19,+20%,105.17737492274264,187 → 159,5.23 → 5.07,-27,-27% (187 → 159),"ex-USSR/Balkans
-27% (187 → 159)",95.292242612263,115.06250723322228,linear,% of LAT_AM
Czechia,CEE,1990,2024,206.15895165810718,225.56785804464218,10882164,10301937,201.02992695863534,128.54662048385214,1,19.408906386534994,0.08997355502480969,72.4833064747832,0.44716214345833394,black,+19%,0.09,+19%,215.8634048513747,129 → 201,4.86 → 5.3,72,+72% (129 → 201),"CEE
+72% (129 → 201)",206.15895165810718,225.56785804464218,linear,% of LAT_AM
Morocco,Africa,1990,2024,32.629194727769594,42.63764935170581,38081173,24375508,67.41858933409812,64.50706776228796,1,10.008454623936217,0.26753021915456643,2.9115215718101553,0.044145990526208836,black,+10%,0.27,+10%,37.6334220397377,65 → 67,4.17 → 4.21,3,+3% (65 → 67),"Africa
+3% (65 → 67)",32.629194727769594,42.63764935170581,linear,% of LAT_AM
Tunisia,Africa,1990,2024,49.78994661748649,59.79274419226394,12277109,8324459,67.41858933409812,64.50706776228796,1,10.002797574777446,0.18307123051722207,2.9115215718101553,0.044145990526208836,black,+10%,0.18,+10%,54.791345404875216,65 → 67,4.17 → 4.21,3,+3% (65 → 67),"Africa
+3% (65 → 67)",49.78994661748649,59.79274419226394,linear,% of LAT_AM
Iran,Asia,1990,2024,66.80368439327974,76.3028113131348,91567738,58380046,115.42972484536084,22.98609169213349,1,9.499126919855058,0.13295154852148536,92.44363315322735,1.61377257790682,black,+9%,0.13,+9%,71.55324785320727,23 → 115,3.13 → 4.75,92,+92% (23 → 115),"Asia
+92% (23 → 115)",66.80368439327974,76.3028113131348,linear,% of LAT_AM
Portugal,Southern Europe,1990,2024,200.78630844741102,196.98278166357065,10701636,9989475,231.40924831125267,265.7077678095121,1,-3.8035267838403684,-0.01912487827486,-34.29851949825945,-0.13820930686808489,red,-4%,-0.02,-4%,198.88454505549083,266 → 231,5.58 → 5.44,-34,-34% (266 → 231),"Southern Europe
-34% (266 → 231)",200.78630844741102,196.98278166357065,linear,% of LAT_AM
Spain,Southern Europe,1990,2024,234.626507998814,227.5019309542756,48807137,39084924,231.40924831125267,265.7077678095121,1,-7.124577044538398,-0.03083619609244749,-34.29851949825945,-0.13820930686808489,red,-7%,-0.03,-7%,231.0642194765448,266 → 231,5.58 → 5.44,-34,-34% (266 → 231),"Southern Europe
-34% (266 → 231)",234.626507998814,227.5019309542756,linear,% of LAT_AM
Algeria,Africa,1990,2024,86.60838103000937,72.62542782086551,46814308,25375759,67.41858933409812,64.50706776228796,1,-13.982953209143858,-0.17608148354756867,2.9115215718101553,0.044145990526208836,red,-14%,-0.18,-14%,79.61690442543744,65 → 67,4.17 → 4.21,3,+3% (65 → 67),"Africa
+3% (65 → 67)",86.60838103000937,72.62542782086551,linear,% of LAT_AM
"South
Africa",Africa,1990,2024,79.93168644356784,63.95608730308649,64007187,40746216,67.41858933409812,64.50706776228796,1,-15.97559914048135,-0.2229756384501353,2.9115215718101553,0.044145990526208836,red,-16%,-0.22,-16%,71.94388687332716,65 → 67,4.17 → 4.21,3,+3% (65 → 67),"Africa
+3% (65 → 67)",79.93168644356784,63.95608730308649,linear,% of LAT_AM
Greece,Southern Europe,1990,2024,198.7610659331191,177.5533585717741,10388805,10258439,231.40924831125267,265.7077678095121,1,-21.207707361345,-0.11283225422261038,-34.29851949825945,-0.13820930686808489,red,-21%,-0.11,-21%,188.1572122524466,266 → 231,5.58 → 5.44,-34,-34% (266 → 231),"Southern Europe
-34% (266 → 231)",198.7610659331191,177.5533585717741,linear,% of LAT_AM
Russia,ex-USSR/Balkans,1990,2024,218.9004409538968,196.14027102050693,143533851,148979487,159.460855264899,186.77811185056967,1,-22.760169933389875,-0.10978694720079361,-27.317256585670663,-0.15812287411439585,red,-23%,-0.11,-23%,207.52035598720187,187 → 159,5.23 → 5.07,-27,-27% (187 → 159),"ex-USSR/Balkans
-27% (187 → 159)",218.9004409538968,196.14027102050693,linear,% of LAT_AM
Moldova,ex-USSR/Balkans,1990,2024,117.43347921287457,77.44045319561464,2389275,4451100,159.460855264899,186.77811185056967,1,-39.993026017259936,-0.4163627437438387,-27.317256585670663,-0.15812287411439585,red,-40%,-0.42,-40%,97.43696620424461,187 → 159,5.23 → 5.07,-27,-27% (187 → 159),"ex-USSR/Balkans
-27% (187 → 159)",117.43347921287457,77.44045319561464,linear,% of LAT_AM
Italy,Southern Europe,1990,2024,314.9948567794248,249.80432089195855,58986023,57031408,231.40924831125267,265.7077678095121,1,-65.19053588746627,-0.23187841606033158,-34.29851949825945,-0.13820930686808489,red,-65%,-0.23,-65%,282.3995888356917,266 → 231,5.58 → 5.44,-34,-34% (266 → 231),"Southern Europe
-34% (266 → 231)",314.9948567794248,249.80432089195855,linear,% of LAT_AM
Ukraine,ex-USSR/Balkans,1990,2024,168.48119486616332,76.75340976413067,37860221,52054034,159.460855264899,186.77811185056967,1,-91.72778510203266,-0.7862263280214773,-27.317256585670663,-0.15812287411439585,red,-92%,-0.79,-92%,122.61730231514699,187 → 159,5.23 → 5.07,-27,-27% (187 → 159),"ex-USSR/Balkans
-27% (187 → 159)",168.48119486616332,76.75340976413067,linear,% of LAT_AM
China,Asia,1990,2024,1666.92774090575,23845.6197217259,1408975000,1153582668,24520.678714915768,3112.786826501071,1,22178.69198082015,2.6606182849585007,21407.8918884147,2.0639983801008817,black,$22179k,2.66,2.66,8.749046677503353,3113 → 24521,8.04 → 10.11,2.06,+2.06 (8.04 → 10.11),"Asia
+2.06 (8.04 → 10.11)",7.4187375350241025,10.079355819982602,logratio,value
"South
Korea",Asia,1990,2023,13839.9889843663,50414.2083391764,51748695,44081380,24520.678714915768,3112.786826501071,1,36574.219354810106,1.292710892577424,21407.8918884147,2.0639983801008817,black,$36574k,1.29,1.29,10.181672879532766,3113 → 24521,8.04 → 10.11,2.06,+2.06 (8.04 → 10.11),"Asia
+2.06 (8.04 → 10.11)",9.535317433244053,10.828028325821478,logratio,value
Poland,CEE,1990,2024,12821.4636316574,45112.5993993196,36554707,38055404,42744.38364939381,17407.840888858314,1,32291.135767662203,1.2580409605199718,25336.542760535493,0.8983170796141121,black,$32291k,1.26,1.26,10.087896372053986,17408 → 42744,9.76 → 10.66,0.9,+0.9 (9.76 → 10.66),"CEE
+0.9 (9.76 → 10.66)",9.458875891794,10.716916852313972,logratio,value
"Dominican
Republic",Latin America,1990,2024,7327.72670133751,24229.4681222745,11427557,7151120,21301.134080557873,13523.408872798123,1,16901.74142093699,1.1959042518281406,7777.7252077597495,0.4543381401207085,black,$16902k,1.2,1.2,9.4973727364494,13523 → 21301,9.51 → 9.97,0.45,+0.45 (9.51 → 9.97),"Latin America
+0.45 (9.51 → 9.97)",8.89942061053533,10.09532486236347,logratio,value
Panama,Latin America,1990,2024,11335.9353672029,36426.007943645,4515577,2455535,21301.134080557873,13523.408872798123,1,25090.072576442104,1.1673052226327598,7777.7252077597495,0.4543381401207085,black,$25090k,1.17,1.17,9.919385691118322,13523 → 21301,9.51 → 9.97,0.45,+0.45 (9.51 → 9.97),"Latin America
+0.45 (9.51 → 9.97)",9.335733079801942,10.503038302434701,logratio,value
Malaysia,Asia,1990,2024,12013.6969483112,34071.9449554711,35557673,17833124,24520.678714915768,3112.786826501071,1,22058.248007159902,1.0424269058525675,21407.8918884147,2.0639983801008817,black,$22058k,1.04,1.04,9.915016143139862,3113 → 24521,8.04 → 10.11,2.06,+2.06 (8.04 → 10.11),"Asia
+2.06 (8.04 → 10.11)",9.39380269021358,10.436229596066147,logratio,value
Chile,Latin America,1990,2024,10952.6557541746,30182.7871224714,19764771,13437138,21301.134080557873,13523.408872798123,1,19230.1313682968,1.0136898375746317,7777.7252077597495,0.4543381401207085,black,$19230k,1.01,1.01,9.808182159253011,13523 → 21301,9.51 → 9.97,0.45,+0.45 (9.51 → 9.97),"Latin America
+0.45 (9.51 → 9.97)",9.301337240465696,10.315027078040329,logratio,value
Thailand,Asia,1990,2024,8701.95436053257,21737.1779720129,71668011,54738282,24520.678714915768,3112.786826501071,1,13035.22361148033,0.9154764255975619,21407.8918884147,2.0639983801008817,black,$13035k,0.92,0.92,9.529041131355537,3113 → 24521,8.04 → 10.11,2.06,+2.06 (8.04 → 10.11),"Asia
+2.06 (8.04 → 10.11)",9.071302918556755,9.986779344154318,logratio,value
Romania,CEE,1990,2024,16316.0306942767,40610.7541380693,19069340,22939481,42744.38364939381,17407.840888858314,1,24294.7234437926,0.9118848090897311,25336.542760535493,0.8983170796141121,black,$24295k,0.91,0.91,10.155845786218391,17408 → 42744,9.76 → 10.66,0.9,+0.9 (9.76 → 10.66),"CEE
+0.9 (9.76 → 10.66)",9.699903381673526,10.611788190763257,logratio,value
Costa Rica,Latin America,1990,2024,10953.4262046456,26973.4361581028,5129910,3121652,21301.134080557873,13523.408872798123,1,16020.009953457198,0.9012002329916138,7777.7252077597495,0.4543381401207085,black,$16020k,0.9,0.9,9.752007698200321,13523 → 21301,9.51 → 9.97,0.45,+0.45 (9.51 → 9.97),"Latin America
+0.45 (9.51 → 9.97)",9.301407581704515,10.202607814696128,logratio,value
Belarus,ex-USSR/Balkans,1990,2024,12351.6357106896,29037.5291400434,9133712,10186209,33905.67801333279,25293.575516631612,1,16685.8934293538,0.8548006011139914,8612.10249670118,0.29303206204138216,black,$16686k,0.85,0.85,9.84894408005258,25294 → 33906,10.14 → 10.43,0.29,+0.29 (10.14 → 10.43),"ex-USSR/Balkans
+0.29 (10.14 → 10.43)",9.421543779495583,10.276344380609574,logratio,value
Slovakia,CEE,1990,2024,17520.9907344944,40346.5748138478,5422069,5266022,42744.38364939381,17407.840888858314,1,22825.5840793534,0.8341068715374392,25336.542760535493,0.8983170796141121,black,$22826k,0.83,0.83,10.188208347432791,17408 → 42744,9.76 → 10.66,0.9,+0.9 (9.76 → 10.66),"CEE
+0.9 (9.76 → 10.66)",9.771154911664071,10.605261783201511,logratio,value
Lithuania,CEE,1990,2024,20586.227753241,47169.0084190287,2888055,3694967,42744.38364939381,17407.840888858314,1,26582.7806657877,0.8291147790980863,25336.542760535493,0.8983170796141121,black,$26583k,0.83,0.83,10.346934965075803,17408 → 42744,9.76 → 10.66,0.9,+0.9 (9.76 → 10.66),"CEE
+0.9 (9.76 → 10.66)",9.932377575526761,10.761492354624847,logratio,value
Bulgaria,CEE,1990,2024,14955.0762626823,34085.1952950467,6444366,8822320,42744.38364939381,17407.840888858314,1,19130.119032364404,0.8238123429000156,25336.542760535493,0.8983170796141121,black,$19130k,0.82,0.82,10.024712241978307,17408 → 42744,9.76 → 10.66,0.9,+0.9 (9.76 → 10.66),"CEE
+0.9 (9.76 → 10.66)",9.612806070528299,10.436618413428313,logratio,value
Uruguay,Latin America,1990,2024,14060.8454762218,32038.7727288227,3386588,3104365,21301.134080557873,13523.408872798123,1,17977.9272526009,0.8235527991041514,7777.7252077597495,0.4543381401207085,black,$17978k,0.82,0.82,9.96292569655273,13523 → 21301,9.51 → 9.97,0.45,+0.45 (9.51 → 9.97),"Latin America
+0.45 (9.51 → 9.97)",9.551149297000654,10.374702096104805,logratio,value
Latvia,CEE,1990,2024,17508.7863191492,38936.0453870454,1862441,2660082,42744.38364939381,17407.840888858314,1,21427.2590678962,0.799217607902034,25336.542760535493,0.8983170796141121,black,$21427k,0.8,0.8,10.170066913244906,17408 → 42744,9.76 → 10.66,0.9,+0.9 (9.76 → 10.66),"CEE
+0.9 (9.76 → 10.66)",9.770458109293887,10.569675717195922,logratio,value
Estonia,CEE,1990,2024,19360.0271219273,41546.1201868122,1371986,1570254,42744.38364939381,17407.840888858314,1,22186.0930648849,0.7635936571960809,25336.542760535493,0.8983170796141121,black,$22186k,0.76,0.76,10.252762590353623,17408 → 42744,9.76 → 10.66,0.9,+0.9 (9.76 → 10.66),"CEE
+0.9 (9.76 → 10.66)",9.870965761755583,10.634559418951664,logratio,value
Kazakhstan,ex-USSR/Balkans,1990,2024,16837.690749004,35905.4414938905,20592571,17154015,33905.67801333279,25293.575516631612,1,19067.750744886504,0.7572689871619354,8612.10249670118,0.29303206204138216,black,$19068k,0.76,0.76,10.110009643055253,25294 → 33906,10.14 → 10.43,0.29,+0.29 (10.14 → 10.43),"ex-USSR/Balkans
+0.29 (10.14 → 10.43)",9.731375149474285,10.488644136636221,logratio,value
Egypt,Africa,1990,2024,8006.62143741369,16798.151577864,116538258,58396583,14335.010170851734,8735.575992476372,1,8791.530140450308,0.7409999762102539,5599.4341783753625,0.4953009266819871,black,$8792k,0.74,0.74,9.358524146105871,8736 → 14335,9.08 → 9.57,0.5,+0.5 (9.08 → 9.57),"Africa
+0.5 (9.08 → 9.57)",8.988024158000744,9.729024134210999,logratio,value
Morocco,Africa,1990,2024,4418.66015625,9065.9140625,38081173,24375508,14335.010170851734,8735.575992476372,1,4647.25390625,0.7186851553103446,5599.4341783753625,0.4953009266819871,black,$4647k,0.72,0.72,8.752934374702967,8736 → 14335,9.08 → 9.57,0.5,+0.5 (9.08 → 9.57),"Africa
+0.5 (9.08 → 9.57)",8.393591797047796,9.11227695235814,logratio,value
Azerbaijan,ex-USSR/Balkans,1990,2024,10776.0677000765,22072.1058327346,10202850,7231035,33905.67801333279,25293.575516631612,1,11296.0381326581,0.7169869102149677,8612.10249670118,0.29303206204138216,black,$11296k,0.72,0.72,9.643576455664633,25294 → 33906,10.14 → 10.43,0.29,+0.29 (10.14 → 10.43),"ex-USSR/Balkans
+0.29 (10.14 → 10.43)",9.28508300055715,10.002069910772116,logratio,value
Georgia,ex-USSR/Balkans,1990,2024,12917.0944269361,25000.6326416981,3673850,5448811,33905.67801333279,25293.575516631612,1,12083.538214761998,0.6603495467089634,8612.10249670118,0.29303206204138216,black,$12084k,0.66,0.66,9.796481635843598,25294 → 33906,10.14 → 10.43,0.29,+0.29 (10.14 → 10.43),"ex-USSR/Balkans
+0.29 (10.14 → 10.43)",9.466306862489116,10.126656409198079,logratio,value
Slovenia,CEE,1990,2024,25351.411330939,48495.889687081,2126324,1997968,42744.38364939381,17407.840888858314,1,23144.478356141997,0.6486446433403191,25336.542760535493,0.8983170796141121,black,$23144k,0.65,0.65,10.46491200294406,17408 → 42744,9.76 → 10.66,0.9,+0.9 (9.76 → 10.66),"CEE
+0.9 (9.76 → 10.66)",10.1405896812739,10.789234324614219,logratio,value
Hungary,CEE,1990,2024,21297.0006409015,40702.1535135968,9562314,10381231,42744.38364939381,17407.840888858314,1,19405.1528726953,0.6477147551118814,25336.542760535493,0.8983170796141121,black,$19405k,0.65,0.65,10.290178904356946,17408 → 42744,9.76 → 10.66,0.9,+0.9 (9.76 → 10.66),"CEE
+0.9 (9.76 → 10.66)",9.966321526801005,10.614036281912888,logratio,value
"North
Macedonia",ex-USSR/Balkans,1990,2024,12904.5181514137,24465.3919306751,1792179,2063645,33905.67801333279,25293.575516631612,1,11560.873779261401,0.6396820503269274,8612.10249670118,0.29303206204138216,black,$11561k,0.64,0.64,9.785173798487648,25294 → 33906,10.14 → 10.43,0.29,+0.29 (10.14 → 10.43),"ex-USSR/Balkans
+0.29 (10.14 → 10.43)",9.465332773324183,10.10501482365111,logratio,value
Tunisia,Africa,1990,2024,6742.57685903794,12713.5498473821,12277109,8324459,14335.010170851734,8735.575992476372,1,5970.9729883441605,0.6342261666730006,5599.4341783753625,0.4953009266819871,black,$5971k,0.63,0.63,9.133310537475321,8736 → 14335,9.08 → 9.57,0.5,+0.5 (9.08 → 9.57),"Africa
+0.5 (9.08 → 9.57)",8.8161974541388215,9.45042362081182,logratio,value
Israel,Asia,1990,2024,25335.2722247493,47338.8424624205,9974400,4544949,24520.678714915768,3112.786826501071,1,22003.5702376712,0.6251335683344662,21407.8918884147,2.0639983801008817,black,$22004k,0.63,0.63,10.452519647026396,3113 → 24521,8.04 → 10.11,2.06,+2.06 (8.04 → 10.11),"Asia
+2.06 (8.04 → 10.11)",10.139952862859163,10.765086431193629,logratio,value
Colombia,Latin America,1990,2024,9998.81069684463,18503.6706011465,52886363,32440020,21301.134080557873,13523.408872798123,1,8504.85990430187,0.615502967670491,7777.7252077597495,0.4543381401207085,black,$8505k,0.62,0.62,9.517972918423121,13523 → 21301,9.51 → 9.97,0.45,+0.45 (9.51 → 9.97),"Latin America
+0.45 (9.51 → 9.97)",9.210221434587876,9.825724402258366,logratio,value
Croatia,CEE,1990,2024,23399.6954608454,42633.7666808329,3866300,4835027,42744.38364939381,17407.840888858314,1,19234.0712199875,0.5999235766029035,25336.542760535493,0.8983170796141121,black,$19234k,0.6,0.6,10.36044007506877,17408 → 42744,9.76 → 10.66,0.9,+0.9 (9.76 → 10.66),"CEE
+0.9 (9.76 → 10.66)",10.060478286767317,10.66040186337022,logratio,value
Iran,Asia,1990,2024,9046.58484470857,16224.0353445835,91567738,58380046,24520.678714915768,3112.786826501071,1,7177.450499874931,0.5841064846772633,21407.8918884147,2.0639983801008817,black,$7177k,0.58,0.58,9.402195842586856,3113 → 24521,8.04 → 10.11,2.06,+2.06 (8.04 → 10.11),"Asia
+2.06 (8.04 → 10.11)",9.110142600248224,9.694249084925488,logratio,value
Czechia,CEE,1990,2024,27918.1375190566,47961.8095131483,10882164,10301937,42744.38364939381,17407.840888858314,1,20043.6719940917,0.541128491180588,25336.542760535493,0.8983170796141121,black,$20044k,0.54,0.54,10.50759609247136,17408 → 42744,9.76 → 10.66,0.9,+0.9 (9.76 → 10.66),"CEE
+0.9 (9.76 → 10.66)",10.237031846881067,10.778160338061655,logratio,value
Paraguay,Latin America,1990,2024,9962.48027842986,16296.2836189267,6929153,4035697,21301.134080557873,13523.408872798123,1,6333.803340496839,0.4921110184442437,7777.7252077597495,0.4543381401207085,black,$6334k,0.49,0.49,9.452636852738191,13523 → 21301,9.51 → 9.97,0.45,+0.45 (9.51 → 9.97),"Latin America
+0.45 (9.51 → 9.97)",9.20658134351607,9.698692361960314,logratio,value
Argentina,Latin America,1990,2024,17007.2844317191,26547.0503429365,45696159,32755859,21301.134080557873,13523.408872798123,1,9539.7659112174,0.44527689506009877,7777.7252077597495,0.4543381401207085,black,$9540k,0.45,0.45,9.964035474773691,13523 → 21301,9.51 → 9.97,0.45,+0.45 (9.51 → 9.97),"Latin America
+0.45 (9.51 → 9.97)",9.741397027243643,10.186673922303742,logratio,value
Brazil,Latin America,1990,2024,12633.2884560597,19647.9096329925,211998573,149143183,21301.134080557873,13523.408872798123,1,7014.621176932802,0.44163568153296245,7777.7252077597495,0.4543381401207085,black,$7015k,0.44,0.44,9.66490839087179,13523 → 21301,9.51 → 9.97,0.45,+0.45 (9.51 → 9.97),"Latin America
+0.45 (9.51 → 9.97)",9.44409055010531,9.885726231638271,logratio,value
Portugal,Southern Europe,1990,2024,27190.5717704405,41883.8514202164,10701636,9989475,49203.84660871572,35982.26485886288,1,14693.279649775901,0.4320300578809182,13221.581749852841,0.31294562928769326,black,$14693k,0.43,0.43,10.426640595049093,35982 → 49204,10.49 → 10.8,0.31,+0.31 (10.49 → 10.8),"Southern Europe
+0.31 (10.49 → 10.8)",10.210625566108634,10.642655623989553,logratio,value
Ecuador,Latin America,1990,2024,9104.81599790272,13935.5391125402,18135478,10473624,21301.134080557873,13523.408872798123,1,4830.72311463748,0.42563884377695343,7777.7252077597495,0.4543381401207085,black,$4831k,0.43,0.43,9.329378204939086,13523 → 21301,9.51 → 9.97,0.45,+0.45 (9.51 → 9.97),"Latin America
+0.45 (9.51 → 9.97)",9.11655878305061,9.542197626827564,logratio,value
Spain,Southern Europe,1990,2024,31773.2267420042,48373.0455699185,48807137,39084924,49203.84660871572,35982.26485886288,1,16599.818827914296,0.4203187400633307,13221.581749852841,0.31294562928769326,black,$16600k,0.42,0.42,10.576538657828817,35982 → 49204,10.49 → 10.8,0.31,+0.31 (10.49 → 10.8),"Southern Europe
+0.31 (10.49 → 10.8)",10.366379287797152,10.786698027860483,logratio,value
Russia,ex-USSR/Balkans,1990,2024,29643.595703125,41704.7109375,143533851,148979487,33905.67801333279,25293.575516631612,1,12061.115234375,0.34136798895498466,8612.10249670118,0.29303206204138216,black,$12061k,0.34,0.34,10.467685379050833,25294 → 33906,10.14 → 10.43,0.29,+0.29 (10.14 → 10.43),"ex-USSR/Balkans
+0.29 (10.14 → 10.43)",10.29700138457334,10.638369373528326,logratio,value
Greece,Southern Europe,1990,2024,26916.3125225704,37752.6321172664,10388805,10258439,49203.84660871572,35982.26485886288,1,10836.319594696004,0.3383226819331678,13221.581749852841,0.31294562928769326,black,$10836k,0.34,0.34,10.369649136240614,35982 → 49204,10.49 → 10.8,0.31,+0.31 (10.49 → 10.8),"Southern Europe
+0.31 (10.49 → 10.8)",10.20048779527403,10.538810477207198,logratio,value
Algeria,Africa,1990,2024,11728.5457286791,15442.1244460542,46814308,25375759,14335.010170851734,8735.575992476372,1,3713.5787173750996,0.27507345260820965,5599.4341783753625,0.4953009266819871,black,$3714k,0.28,0.28,9.507317681465885,8736 → 14335,9.08 → 9.57,0.5,+0.5 (9.08 → 9.57),"Africa
+0.5 (9.08 → 9.57)",9.36978095516178,9.644854407769989,logratio,value
Mexico,Latin America,1990,2024,17169.5925839593,22033.2744496619,130861007,82820134,21301.134080557873,13523.408872798123,1,4863.6818657026015,0.2494138394425872,7777.7252077597495,0.4543381401207085,black,$4864k,0.25,0.25,9.875602144965498,13523 → 21301,9.51 → 9.97,0.45,+0.45 (9.51 → 9.97),"Latin America
+0.45 (9.51 → 9.97)",9.750895225244204,10.00030906468679,logratio,value
"South
Africa",Africa,1990,2024,10824.3847590107,13598.7888656984,64007187,40746216,14335.010170851734,8735.575992476372,1,2774.4041066877,0.22817929770564307,5599.4341783753625,0.4953009266819871,black,$2774k,0.23,0.23,9.403646364913016,8736 → 14335,9.08 → 9.57,0.5,+0.5 (9.08 → 9.57),"Africa
+0.5 (9.08 → 9.57)",9.289556716060194,9.517736013765836,logratio,value
Italy,Southern Europe,1990,2024,42656.7445101659,53115.1350996573,58986023,57031408,49203.84660871572,35982.26485886288,1,10458.390589491399,0.2192765200954465,13221.581749852841,0.31294562928769326,black,$10458k,0.22,0.22,10.77057893669431,35982 → 49204,10.49 → 10.8,0.31,+0.31 (10.49 → 10.8),"Southern Europe
+0.31 (10.49 → 10.8)",10.660940676646588,10.880217196742034,logratio,value
Jamaica,Latin America,1990,2024,8742.16514946537,10259.9951095504,2839175,2379829,21301.134080557873,13523.408872798123,1,1517.8299600850296,0.16009447533098198,7777.7252077597495,0.4543381401207085,black,$1518k,0.16,0.16,9.155960404407148,13523 → 21301,9.51 → 9.97,0.45,+0.45 (9.51 → 9.97),"Latin America
+0.45 (9.51 → 9.97)",9.075913166741657,9.23600764207264,logratio,value
Moldova,ex-USSR/Balkans,1990,2024,15902.8943232278,16465.9286876097,2389275,4451100,33905.67801333279,25293.575516631612,1,563.0343643818996,0.034792192411939434,8612.10249670118,0.29303206204138216,black,$563k,0.03,0.03,9.691652500755723,25294 → 33906,10.14 → 10.43,0.29,+0.29 (10.14 → 10.43),"ex-USSR/Balkans
+0.29 (10.14 → 10.43)",9.674256404549752,9.709048596961692,logratio,value
Ukraine,ex-USSR/Balkans,1990,2024,22815.798828125,16319.8447265625,37860221,52054034,33905.67801333279,25293.575516631612,1,-6495.9541015625,-0.335071391865699,8612.10249670118,0.29303206204138216,red,$-6496k,-0.34,-0.34,9.867672810101919,25294 → 33906,10.14 → 10.43,0.29,+0.29 (10.14 → 10.43),"ex-USSR/Balkans
+0.29 (10.14 → 10.43)",10.035208506034767,9.700137114169069,logratio,value
China,Asia,1990,2024,0.03933889296840227,0.379527250423382,1408975000,1153582668,39.03321309255282,7.34606454714355,0.01,0.3401883574549797,2.266712727916614,0.3168714854540927,1.6702481674017102,black,+0%,2.27,2.27,-2.102185242560477,0 → 0,-2.61 → -0.94,1.67,+1.67 (-2.61 → -0.94),"Asia
+1.67 (-2.61 → -0.94)",-3.235541606518784,-0.9688288786021699,logratio,% of DE
"South
Korea",Asia,1990,2023,0.3266187441598503,0.8042269944378844,51748695,44081380,39.03321309255282,7.34606454714355,0.01,0.47760825027803405,0.9010879900380587,0.3168714854540927,1.6702481674017102,black,+0%,0.9,0.9,-0.6684177132798035,0 → 0,-2.61 → -0.94,1.67,+1.67 (-2.61 → -0.94),"Asia
+1.67 (-2.61 → -0.94)",-1.1189617082988328,-0.2178737182607742,logratio,% of DE
Poland,CEE,1990,2024,0.3025819134967237,0.7180128262246759,36554707,38055404,68.03202679071505,41.08187612053746,0.01,0.4154309127279522,0.8641354034780855,0.2695015067017759,0.5044115225722257,black,+0%,0.86,0.86,-0.7633355480098435,0 → 1,-0.89 → -0.39,0.5,+0.5 (-0.89 → -0.39),"CEE
+0.5 (-0.89 → -0.39)",-1.1954032497488862,-0.3312678462708007,logratio,% of DE
"Dominican
Republic",Latin America,1990,2024,0.17293170503538854,0.3856365874731082,11427557,7151120,33.90291778044338,31.914756780391638,0.01,0.21270488243771965,0.8019986947862541,0.019881610000517434,0.06043258307882192,black,+0%,0.8,0.8,-1.35385918361443,0 → 0,-1.14 → -1.08,0.06,+0.06 (-1.14 → -1.08),"Latin America
+0.06 (-1.14 → -1.08)",-1.754858531007557,-0.9528598362213029,logratio,% of DE
Panama,Latin America,1990,2024,0.26752398269214167,0.579756902948348,4515577,2455535,33.90291778044338,31.914756780391638,0.01,0.31223292025620636,0.7733996655908733,0.019881610000517434,0.06043258307882192,black,+0%,0.77,0.77,-0.9318462289455075,0 → 0,-1.14 → -1.08,0.06,+0.06 (-1.14 → -1.08),"Latin America
+0.06 (-1.14 → -1.08)",-1.3185460617409441,-0.5451463961500709,logratio,% of DE
Malaysia,Asia,1990,2024,0.283518911352233,0.5422896002046462,35557673,17833124,39.03321309255282,7.34606454714355,0.01,0.2587706888524132,0.6485213488106807,0.3168714854540927,1.6702481674017102,black,+0%,0.65,0.65,-0.936215776923967,0 → 0,-2.61 → -0.94,1.67,+1.67 (-2.61 → -0.94),"Asia
+1.67 (-2.61 → -0.94)",-1.2604764513293074,-0.6119551025186266,logratio,% of DE
Chile,Latin America,1990,2024,0.2584787221785107,0.48038970428891525,19764771,13437138,33.90291778044338,31.914756780391638,0.01,0.22191098211040455,0.6197842805327453,0.019881610000517434,0.06043258307882192,black,+0%,0.62,0.62,-1.0430497608108178,0 → 0,-1.14 → -1.08,0.06,+0.06 (-1.14 → -1.08),"Latin America
+0.06 (-1.14 → -1.08)",-1.3529419010771904,-0.7331576205444451,logratio,% of DE
Thailand,Asia,1990,2024,0.2053629817324323,0.3459692590906023,71668011,54738282,39.03321309255282,7.34606454714355,0.01,0.14060627735816997,0.5215708685556756,0.3168714854540927,1.6702481674017102,black,+0%,0.52,0.52,-1.3221907887082929,0 → 0,-2.61 → -0.94,1.67,+1.67 (-2.61 → -0.94),"Asia
+1.67 (-2.61 → -0.94)",-1.5829762229861306,-1.0614053544304551,logratio,% of DE
Romania,CEE,1990,2024,0.3850524347279481,0.646361387772977,19069340,22939481,68.03202679071505,41.08187612053746,0.01,0.26130895304502894,0.5179792520478447,0.2695015067017759,0.5044115225722257,black,+0%,0.52,0.52,-0.6953861338454382,0 → 1,-0.89 → -0.39,0.5,+0.5 (-0.89 → -0.39),"CEE
+0.5 (-0.89 → -0.39)",-0.9543757598693606,-0.4363965078215159,logratio,% of DE
Costa Rica,Latin America,1990,2024,0.258496904531514,0.4293096249550708,5129910,3121652,33.90291778044338,31.914756780391638,0.01,0.17081272042355677,0.5072946759497271,0.019881610000517434,0.06043258307882192,black,+0%,0.51,0.51,-1.0992242218635084,0 → 0,-1.14 → -1.08,0.06,+0.06 (-1.14 → -1.08),"Latin America
+0.06 (-1.14 → -1.08)",-1.352871559838372,-0.8455768838886449,logratio,% of DE
Belarus,ex-USSR/Balkans,1990,2024,0.29149414415737823,0.46216176061755365,9133712,10186209,53.96432929950852,59.691925187849556,0.01,0.17066761646017542,0.4608950440721045,-0.057275958883410354,-0.10087349500050401,black,+0%,0.46,0.46,-1.0022878400112514,1 → 1,-0.52 → -0.62,-0.1,-0.1 (-0.52 → -0.62),"ex-USSR/Balkans
-0.1 (-0.52 → -0.62)",-1.2327353620473036,-0.7718403179751991,logratio,% of DE
Slovakia,CEE,1990,2024,0.4134890567182747,0.6421567055835206,5422069,5266022,68.03202679071505,41.08187612053746,0.01,0.22866764886524588,0.4402013144955527,0.2695015067017759,0.5044115225722257,black,+0%,0.44,0.44,-0.6630235726310376,0 → 1,-0.89 → -0.39,0.5,+0.5 (-0.89 → -0.39),"CEE
+0.5 (-0.89 → -0.39)",-0.883124229878814,-0.44292291538326123,logratio,% of DE
Lithuania,CEE,1990,2024,0.48582754389093186,0.7507426638260425,2888055,3694967,68.03202679071505,41.08187612053746,0.01,0.26491511993511063,0.4352092220561995,0.2695015067017759,0.5044115225722257,black,+0%,0.44,0.44,-0.5042969549880246,0 → 1,-0.89 → -0.39,0.5,+0.5 (-0.89 → -0.39),"CEE
+0.5 (-0.89 → -0.39)",-0.7219015660161243,-0.2866923439599249,logratio,% of DE
Bulgaria,CEE,1990,2024,0.3529344014109946,0.5425004928132255,6444366,8822320,68.03202679071505,41.08187612053746,0.01,0.18956609140223096,0.42990678585812925,0.2695015067017759,0.5044115225722257,black,+0%,0.43,0.43,-0.8265196780855241,0 → 1,-0.89 → -0.39,0.5,+0.5 (-0.89 → -0.39),"CEE
+0.5 (-0.89 → -0.39)",-1.0414730710145887,-0.6115662851564594,logratio,% of DE
Uruguay,Latin America,1990,2024,0.33183087764426844,0.5099295997591975,3386588,3104365,33.90291778044338,31.914756780391638,0.01,0.17809872211492905,0.42964724206226496,0.019881610000517434,0.06043258307882192,black,+0%,0.43,0.43,-0.8883062235111007,0 → 0,-1.14 → -1.08,0.06,+0.06 (-1.14 → -1.08),"Latin America
+0.06 (-1.14 → -1.08)",-1.103129844542233,-0.6734826024799683,logratio,% of DE
Latvia,CEE,1990,2024,0.4132010369216002,0.6197066975215436,1862441,2660082,68.03202679071505,41.08187612053746,0.01,0.2065056605999434,0.40531205086014743,0.2695015067017759,0.5044115225722257,black,+0%,0.41,0.41,-0.6811650068189246,0 → 1,-0.89 → -0.39,0.5,+0.5 (-0.89 → -0.39),"CEE
+0.5 (-0.89 → -0.39)",-0.8838210322489983,-0.4785089813888509,logratio,% of DE
Estonia,CEE,1990,2024,0.4568896516180332,0.6612486881980247,1371986,1570254,68.03202679071505,41.08187612053746,0.01,0.20435903657999155,0.3696881001541943,0.2695015067017759,0.5044115225722257,black,+0%,0.37,0.37,-0.5984693297102055,0 → 1,-0.89 → -0.39,0.5,+0.5 (-0.89 → -0.39),"CEE
+0.5 (-0.89 → -0.39)",-0.7833133797873026,-0.41362527963310836,logratio,% of DE
Kazakhstan,ex-USSR/Balkans,1990,2024,0.3973634237139838,0.5714715593236663,20592571,17154015,53.96432929950852,59.691925187849556,0.01,0.17410813560968252,0.36336343012004885,-0.057275958883410354,-0.10087349500050401,black,+0%,0.36,0.36,-0.7412222770085766,1 → 1,-0.52 → -0.62,-0.1,-0.1 (-0.52 → -0.62),"ex-USSR/Balkans
-0.1 (-0.52 → -0.62)",-0.922903992068601,-0.5595405619485521,logratio,% of DE
Egypt,Africa,1990,2024,0.18895337574368268,0.2673596390004194,116538258,58396583,22.81562424640058,20.61564401097832,0.01,0.07840626325673675,0.34709441916836736,0.021999802354222633,0.10139536964010058,black,+0%,0.35,0.35,-1.4927077739579575,0 → 0,-1.58 → -1.48,0.1,+0.1 (-1.58 → -1.48),"Africa
+0.1 (-1.58 → -1.48)",-1.6662549835421414,-1.3191605643737738,logratio,% of DE
Morocco,Africa,1990,2024,0.10427878466766165,0.1442932277235134,38081173,24375508,22.81562424640058,20.61564401097832,0.01,0.040014443055851764,0.3247795982684584,0.021999802354222633,0.10139536964010058,black,+0%,0.32,0.32,-2.0982975453608623,0 → 0,-1.58 → -1.48,0.1,+0.1 (-1.58 → -1.48),"Africa
+0.1 (-1.58 → -1.48)",-2.2606873444950915,-1.935907746226633,logratio,% of DE
Azerbaijan,ex-USSR/Balkans,1990,2024,0.25431130784542816,0.35129997607566255,10202850,7231035,53.96432929950852,59.691925187849556,0.01,0.09698866823023439,0.3230813531730812,-0.057275958883410354,-0.10087349500050401,black,+0%,0.32,0.32,-1.2076554643991972,1 → 1,-0.52 → -0.62,-0.1,-0.1 (-0.52 → -0.62),"ex-USSR/Balkans
-0.1 (-0.52 → -0.62)",-1.3691961409857378,-1.0461147878126564,logratio,% of DE
Georgia,ex-USSR/Balkans,1990,2024,0.3048387657451048,0.39791045383080437,3673850,5448811,53.96432929950852,59.691925187849556,0.01,0.09307168808569954,0.266443989667077,-0.057275958883410354,-0.10087349500050401,black,+0%,0.27,0.27,-1.0547502842202325,1 → 1,-0.52 → -0.62,-0.1,-0.1 (-0.52 → -0.62),"ex-USSR/Balkans
-0.1 (-0.52 → -0.62)",-1.187972279053771,-0.9215282893866942,logratio,% of DE
Slovenia,CEE,1990,2024,0.5982841562189457,0.771861326506189,2126324,1997968,68.03202679071505,41.08187612053746,0.01,0.1735771702872433,0.25473908629843245,0.2695015067017759,0.5044115225722257,black,+0%,0.25,0.25,-0.38631991711976976,0 → 1,-0.89 → -0.39,0.5,+0.5 (-0.89 → -0.39),"CEE
+0.5 (-0.89 → -0.39)",-0.513689460268986,-0.2589503739705536,logratio,% of DE
Hungary,CEE,1990,2024,0.5026015274694435,0.6478161016403109,9562314,10381231,68.03202679071505,41.08187612053746,0.01,0.14521457417086736,0.25380919806999463,0.2695015067017759,0.5044115225722257,black,+0%,0.25,0.25,-0.5610530157068829,0 → 1,-0.89 → -0.39,0.5,+0.5 (-0.89 → -0.39),"CEE
+0.5 (-0.89 → -0.39)",-0.6879576147418803,-0.43414841667188564,logratio,% of DE
"North
Macedonia",ex-USSR/Balkans,1990,2024,0.30454197018248014,0.38939155443796813,1792179,2063645,53.96432929950852,59.691925187849556,0.01,0.084849584255488,0.24577649328504086,-0.057275958883410354,-0.10087349500050401,black,+0%,0.25,0.25,-1.0660581215761824,1 → 1,-0.52 → -0.62,-0.1,-0.1 (-0.52 → -0.62),"ex-USSR/Balkans
-0.1 (-0.52 → -0.62)",-1.1889463682187027,-0.9431698749336619,logratio,% of DE
Tunisia,Africa,1990,2024,0.15912237998078693,0.2023490550049039,12277109,8324459,22.81562424640058,20.61564401097832,0.01,0.04322667502411698,0.24032060963111385,0.021999802354222633,0.10139536964010058,black,+0%,0.24,0.24,-1.717921382588509,0 → 0,-1.58 → -1.48,0.1,+0.1 (-1.58 → -1.48),"Africa
+0.1 (-1.58 → -1.48)",-1.8380816874040657,-1.5977610777729518,logratio,% of DE
Israel,Asia,1990,2024,0.5979032791386606,0.7534457450740442,9974400,4544949,39.03321309255282,7.34606454714355,0.01,0.15554246593538357,0.23122801129257958,0.3168714854540927,1.6702481674017102,black,+0%,0.23,0.23,-0.39871227303743384,0 → 0,-2.61 → -0.94,1.67,+1.67 (-2.61 → -0.94),"Asia
+1.67 (-2.61 → -0.94)",-0.5143262786837237,-0.283098267391144,logratio,% of DE
Colombia,Latin America,1990,2024,0.2359683231384453,0.29450470601922407,52886363,32440020,33.90291778044338,31.914756780391638,0.01,0.05853638288077878,0.22159741062860447,0.019881610000517434,0.06043258307882192,black,+0%,0.22,0.22,-1.3332590016407093,0 → 0,-1.14 → -1.08,0.06,+0.06 (-1.14 → -1.08),"Latin America
+0.06 (-1.14 → -1.08)",-1.4440577069550113,-1.222460296326407,logratio,% of DE
Croatia,CEE,1990,2024,0.5522243662027176,0.6785596865333798,3866300,4835027,68.03202679071505,41.08187612053746,0.01,0.1263353203306622,0.20601801956101698,0.2695015067017759,0.5044115225722257,black,+0%,0.21,0.21,-0.4907918449950607,0 → 1,-0.89 → -0.39,0.5,+0.5 (-0.89 → -0.39),"CEE
+0.5 (-0.89 → -0.39)",-0.5938008547755691,-0.3877828352145522,logratio,% of DE
Iran,Asia,1990,2024,0.21349613675646573,0.2582219961971228,91567738,58380046,39.03321309255282,7.34606454714355,0.01,0.0447258594406571,0.190200927635377,0.3168714854540927,1.6702481674017102,black,+0%,0.19,0.19,-1.4490360774769733,0 → 0,-2.61 → -0.94,1.67,+1.67 (-2.61 → -0.94),"Asia
+1.67 (-2.61 → -0.94)",-1.5441365412946617,-1.3539356136592848,logratio,% of DE
Czechia,CEE,1990,2024,0.6588579677380273,0.7633608982395402,10882164,10301937,68.03202679071505,41.08187612053746,0.01,0.10450293050151294,0.14722293413870136,0.2695015067017759,0.5044115225722257,black,+0%,0.15,0.15,-0.3436358275924682,0 → 1,-0.89 → -0.39,0.5,+0.5 (-0.89 → -0.39),"CEE
+0.5 (-0.89 → -0.39)",-0.4172472946618189,-0.27002436052311746,logratio,% of DE
Paraguay,Latin America,1990,2024,0.2351109383781801,0.25937190084331346,6929153,4035697,33.90291778044338,31.914756780391638,0.01,0.024260962465133373,0.09820546140235717,0.019881610000517434,0.06043258307882192,black,+0%,0.1,0.1,-1.3985950673256373,0 → 0,-1.14 → -1.08,0.06,+0.06 (-1.14 → -1.08),"Latin America
+0.06 (-1.14 → -1.08)",-1.447697798026816,-1.3494923366244587,logratio,% of DE
Argentina,Latin America,1990,2024,0.40136577340721136,0.42252326175973076,45696159,32755859,33.90291778044338,31.914756780391638,0.01,0.021157488352519405,0.05137133801821238,0.019881610000517434,0.06043258307882192,black,+0%,0.05,0.05,-0.8871964452901377,0 → 0,-1.14 → -1.08,0.06,+0.06 (-1.14 → -1.08),"Latin America
+0.06 (-1.14 → -1.08)",-0.9128821142992438,-0.8615107762810316,logratio,% of DE
Brazil,Latin America,1990,2024,0.29814104727889595,0.31271643205744315,211998573,149143183,33.90291778044338,31.914756780391638,0.01,0.014575384778547196,0.047730124491076095,0.019881610000517434,0.06043258307882192,black,+0%,0.05,0.05,-1.1863235291920389,0 → 0,-1.14 → -1.08,0.06,+0.06 (-1.14 → -1.08),"Latin America
+0.06 (-1.14 → -1.08)",-1.210188591437577,-1.1624584669465008,logratio,% of DE
Portugal,Southern Europe,1990,2024,0.6416876787027436,0.6666240237058375,10701636,9989475,78.31291797648495,84.91684620200601,0.01,0.02493634500309394,0.03812450083903183,-0.0660392822552106,-0.08095992775419333,black,+0%,0.04,0.04,-0.4245913250147361,1 → 1,-0.16 → -0.24,-0.08,-0.08 (-0.16 → -0.24),"Southern Europe
-0.08 (-0.16 → -0.24)",-0.443653575434252,-0.40552907459522025,logratio,% of DE
Ecuador,Latin America,1990,2024,0.21487037095193642,0.22179825495292588,18135478,10473624,33.90291778044338,31.914756780391638,0.01,0.006927884000989454,0.03173328673506688,0.019881610000517434,0.06043258307882192,black,+0%,0.03,0.03,-1.5218537151247422,0 → 0,-1.14 → -1.08,0.06,+0.06 (-1.14 → -1.08),"Latin America
+0.06 (-1.14 → -1.08)",-1.5377203584922758,-1.5059870717572088,logratio,% of DE
Spain,Southern Europe,1990,2024,0.7498366818140033,0.7699061376471261,48807137,39084924,78.31291797648495,84.91684620200601,0.01,0.020069455833122807,0.02641318302144415,-0.0660392822552106,-0.08095992775419333,black,+0%,0.03,0.03,-0.2746932622350124,1 → 1,-0.16 → -0.24,-0.08,-0.08 (-0.16 → -0.24),"Southern Europe
-0.08 (-0.16 → -0.24)",-0.2878998537457344,-0.2614866707242904,logratio,% of DE
Russia,ex-USSR/Balkans,1990,2024,0.699578158037121,0.6637728210263396,143533851,148979487,53.96432929950852,59.691925187849556,0.01,-0.03580533701078137,-0.052537568086901826,-0.057275958883410354,-0.10087349500050401,red,0%,-0.05,-0.05,-0.38354654101299657,1 → 1,-0.52 → -0.62,-0.1,-0.1 (-0.52 → -0.62),"ex-USSR/Balkans
-0.1 (-0.52 → -0.62)",-0.35727775696954567,-0.4098153250564475,logratio,% of DE
Greece,Southern Europe,1990,2024,0.6352152594533681,0.6008714737095763,10388805,10258439,78.31291797648495,84.91684620200601,0.01,-0.03434378574379182,-0.05558287510871891,-0.0660392822552106,-0.08095992775419333,red,0%,-0.06,-0.06,-0.4815827838232154,1 → 1,-0.16 → -0.24,-0.08,-0.08 (-0.16 → -0.24),"Southern Europe
-0.08 (-0.16 → -0.24)",-0.4537913462688559,-0.5093742213775749,logratio,% of DE
Algeria,Africa,1990,2024,0.276789445500989,0.24577709030421688,46814308,25375759,22.81562424640058,20.61564401097832,0.01,-0.031012355196772118,-0.11883210443367695,0.021999802354222633,0.10139536964010058,red,0%,-0.12,-0.12,-1.3439142385979461,0 → 0,-1.58 → -1.48,0.1,+0.1 (-1.58 → -1.48),"Africa
+0.1 (-1.58 → -1.48)",-1.2844981863811076,-1.4033302908147844,logratio,% of DE
Mexico,Latin America,1990,2024,0.4051961872111156,0.3506819351851466,130861007,82820134,33.90291778044338,31.914756780391638,0.01,-0.05451425202596899,-0.1444917175992992,0.019881610000517434,0.06043258307882192,red,0%,-0.14,-0.14,-0.9756297750983319,0 → 0,-1.14 → -1.08,0.06,+0.06 (-1.14 → -1.08),"Latin America
+0.06 (-1.14 → -1.08)",-0.9033839162986823,-1.0478756338979816,logratio,% of DE
"South
Africa",Africa,1990,2024,0.25545157299509064,0.2164385328423355,64007187,40746216,22.81562424640058,20.61564401097832,0.01,-0.03901304015275514,-0.1657262593362435,0.021999802354222633,0.10139536964010058,red,0%,-0.17,-0.17,-1.4475855551508148,0 → 0,-1.58 → -1.48,0.1,+0.1 (-1.58 → -1.48),"Africa
+0.1 (-1.58 → -1.48)",-1.364722425482693,-1.5304486848189367,logratio,% of DE
Italy,Southern Europe,1990,2024,1.0066837724796,0.8453813075729264,58986023,57031408,78.31291797648495,84.91684620200601,0.01,-0.16130246490667366,-0.17462903694644002,-0.0660392822552106,-0.08095992775419333,red,0%,-0.17,-0.17,-0.08065298336951879,1 → 1,-0.16 → -0.24,-0.08,-0.08 (-0.16 → -0.24),"Southern Europe
-0.08 (-0.16 → -0.24)",0.006661535103701218,-0.1679675018427388,logratio,% of DE
Jamaica,Latin America,1990,2024,0.2063119418362116,0.16329824004268623,2839175,2379829,33.90291778044338,31.914756780391638,0.01,-0.04301370179352537,-0.23381108171090476,0.019881610000517434,0.06043258307882192,red,0%,-0.23,-0.23,-1.6952715156566813,0 → 0,-1.14 → -1.08,0.06,+0.06 (-1.14 → -1.08),"Latin America
+0.06 (-1.14 → -1.08)",-1.578365974801229,-1.8121770565121338,logratio,% of DE
Moldova,ex-USSR/Balkans,1990,2024,0.3753025655025335,0.26207197436694196,2389275,4451100,53.96432929950852,59.691925187849556,0.01,-0.11323059113559153,-0.35911336462994686,-0.057275958883410354,-0.10087349500050401,red,0%,-0.36,-0.36,-1.1595794193081075,1 → 1,-0.52 → -0.62,-0.1,-0.1 (-0.52 → -0.62),"ex-USSR/Balkans
-0.1 (-0.52 → -0.62)",-0.9800227369931341,-1.339136101623081,logratio,% of DE
Ukraine,ex-USSR/Balkans,1990,2024,0.5384446164418087,0.25974689979499926,37860221,52054034,53.96432929950852,59.691925187849556,0.01,-0.2786977166468095,-0.7289769489075855,-0.057275958883410354,-0.10087349500050401,red,0%,-0.73,-0.73,-0.9835591099619119,1 → 1,-0.52 → -0.62,-0.1,-0.1 (-0.52 → -0.62),"ex-USSR/Balkans
-0.1 (-0.52 → -0.62)",-0.6190706355081191,-1.3480475844157045,logratio,% of DE
China,Asia,1990,2024,0.04029970886019649,0.41544254855558116,1408975000,1153582668,42.73374657964596,7.525485344894796,0.01,0.37514283969538464,2.333000089497086,0.35208261234751165,1.736693619906739,black,+0%,2.33,2.33,-2.044910989619795,0 → 0,-2.59 → -0.85,1.74,+1.74 (-2.59 → -0.85),"Asia
+1.74 (-2.59 → -0.85)",-3.2114110343683375,-0.8784109448712516,logratio,% of W_EUR3
"South
Korea",Asia,1990,2023,0.3345961033651213,0.8823753508228859,51748695,44081380,42.73374657964596,7.525485344894796,0.01,0.5477792474577645,0.9696933904711373,0.35208261234751165,1.736693619906739,black,+1%,0.97,0.97,-0.6099844409128176,0 → 0,-2.59 → -0.85,1.74,+1.74 (-2.59 → -0.85),"Asia
+1.74 (-2.59 → -0.85)",-1.0948311361483862,-0.12513774567724892,logratio,% of W_EUR3
Poland,CEE,1990,2024,0.3099721954573948,0.7859595802135785,36554707,38055404,74.47001120949017,42.08526275556652,0.01,0.4759873847561837,0.9304227650585573,0.3238474845392365,0.5706988841526975,black,+0%,0.93,0.93,-0.706061295069161,0 → 1,-0.87 → -0.29,0.57,+0.57 (-0.87 → -0.29),"CEE
+0.57 (-0.87 → -0.29)",-1.1712726775984397,-0.24084991253988233,logratio,% of W_EUR3
"Dominican
Republic",Latin America,1990,2024,0.17715540117565692,0.4221300223828016,11427557,7151120,37.11120756273894,32.69424504718088,0.01,0.2449746212071447,0.868286056366726,0.04416962515558062,0.126719944659294,black,+0%,0.87,0.87,-1.2965849306737474,0 → 0,-1.12 → -0.99,0.13,+0.13 (-1.12 → -0.99),"Latin America
+0.13 (-1.12 → -0.99)",-1.7307279588571103,-0.8624419024903844,logratio,% of W_EUR3
Panama,Latin America,1990,2024,0.27405800728233926,0.6346202678065032,4515577,2455535,37.11120756273894,32.69424504718088,0.01,0.3605622605241639,0.8396870271713451,0.04416962515558062,0.126719944659294,black,+0%,0.84,0.84,-0.874571976004825,0 → 0,-1.12 → -0.99,0.13,+0.13 (-1.12 → -0.99),"Latin America
+0.13 (-1.12 → -0.99)",-1.2944154895904976,-0.45472846241915243,logratio,% of W_EUR3
Malaysia,Asia,1990,2024,0.29044359720626106,0.5936073715731421,35557673,17833124,42.73374657964596,7.525485344894796,0.01,0.3031637743668811,0.7148087103911528,0.35208261234751165,1.736693619906739,black,+0%,0.71,0.71,-0.8789415239832845,0 → 0,-2.59 → -0.85,1.74,+1.74 (-2.59 → -0.85),"Asia
+1.74 (-2.59 → -0.85)",-1.2363458791788609,-0.5215371687877082,logratio,% of W_EUR3
Chile,Latin America,1990,2024,0.26479182468902757,0.5258497850339169,19764771,13437138,37.11120756273894,32.69424504718088,0.01,0.2610579603448893,0.686071642113217,0.04416962515558062,0.126719944659294,black,+0%,0.69,0.69,-0.9857755078701353,0 → 0,-1.12 → -0.99,0.13,+0.13 (-1.12 → -0.99),"Latin America
+0.13 (-1.12 → -0.99)",-1.3288113289267438,-0.6427396868135268,logratio,% of W_EUR3
Thailand,Asia,1990,2024,0.2103787816583035,0.3787089084068337,71668011,54738282,42.73374657964596,7.525485344894796,0.01,0.16833012674853018,0.5878582301361474,0.35208261234751165,1.736693619906739,black,+0%,0.59,0.59,-1.2649165357676102,0 → 0,-2.59 → -0.85,1.74,+1.74 (-2.59 → -0.85),"Asia
+1.74 (-2.59 → -0.85)",-1.5588456508356838,-0.9709874206995366,logratio,% of W_EUR3
Romania,CEE,1990,2024,0.39445698250609296,0.7075276463673515,19069340,22939481,74.47001120949017,42.08526275556652,0.01,0.3130706638612586,0.5842666136283168,0.3238474845392365,0.5706988841526975,black,+0%,0.58,0.58,-0.6381118809047557,0 → 1,-0.87 → -0.29,0.57,+0.57 (-0.87 → -0.29),"CEE
+0.57 (-0.87 → -0.29)",-0.9302451877189141,-0.3459785740905974,logratio,% of W_EUR3
Costa Rica,Latin America,1990,2024,0.2648104511291009,0.4699359124063238,5129910,3121652,37.11120756273894,32.69424504718088,0.01,0.20512546127722292,0.5735820375301991,0.04416962515558062,0.126719944659294,black,+0%,0.57,0.57,-1.041949968922826,0 → 0,-1.12 → -0.99,0.13,+0.13 (-1.12 → -0.99),"Latin America
+0.13 (-1.12 → -0.99)",-1.3287409876879255,-0.7551589501577265,logratio,% of W_EUR3
Belarus,ex-USSR/Balkans,1990,2024,0.298613617658992,0.5058969005827731,9133712,10186209,59.07106398887251,61.14984497167124,0.01,0.20728328292378112,0.5271824056525766,-0.020787809827987332,-0.03458613342003247,black,+0%,0.53,0.53,-0.9450135870705689,1 → 1,-0.49 → -0.53,-0.03,-0.03 (-0.49 → -0.53),"ex-USSR/Balkans
-0.03 (-0.49 → -0.53)",-1.2086047898968573,-0.6814223842442807,logratio,% of W_EUR3
Slovakia,CEE,1990,2024,0.42358814255419347,0.7029250680736837,5422069,5266022,74.47001120949017,42.08526275556652,0.01,0.27933692551949024,0.5064886760760247,0.3238474845392365,0.5706988841526975,black,+0%,0.51,0.51,-0.6057493196903552,0 → 1,-0.87 → -0.29,0.57,+0.57 (-0.87 → -0.29),"CEE
+0.57 (-0.87 → -0.29)",-0.8589936577283676,-0.3525049816523429,logratio,% of W_EUR3
Lithuania,CEE,1990,2024,0.49769343003106026,0.8217866970589526,2888055,3694967,74.47001120949017,42.08526275556652,0.01,0.3240932670278923,0.5014965836366713,0.3238474845392365,0.5706988841526975,black,+0%,0.5,0.5,-0.44702270204734207,0 → 1,-0.87 → -0.29,0.57,+0.57 (-0.87 → -0.29),"CEE
+0.57 (-0.87 → -0.29)",-0.6977709938656778,-0.19627441022900644,logratio,% of W_EUR3
Bulgaria,CEE,1990,2024,0.36155449608190815,0.5938382213018032,6444366,8822320,74.47001120949017,42.08526275556652,0.01,0.23228372521989504,0.4961941474386011,0.3238474845392365,0.5706988841526975,black,+0%,0.5,0.5,-0.7692454251448415,0 → 1,-0.87 → -0.29,0.57,+0.57 (-0.87 → -0.29),"CEE
+0.57 (-0.87 → -0.29)",-1.017342498864142,-0.521148351425541,logratio,% of W_EUR3
Uruguay,Latin America,1990,2024,0.33993553836476004,0.5581850901919769,3386588,3104365,37.11120756273894,32.69424504718088,0.01,0.2182495518272169,0.49593460364273684,0.04416962515558062,0.126719944659294,black,+0%,0.5,0.5,-0.8310319705704183,0 → 0,-1.12 → -0.99,0.13,+0.13 (-1.12 → -0.99),"Latin America
+0.13 (-1.12 → -0.99)",-1.0789992723917867,-0.5830646687490498,logratio,% of W_EUR3
Latvia,CEE,1990,2024,0.42329308814172495,0.6783505782209612,1862441,2660082,74.47001120949017,42.08526275556652,0.01,0.2550574900792363,0.4715994124406192,0.3238474845392365,0.5706988841526975,black,+0%,0.47,0.47,-0.6238907538782422,0 → 1,-0.87 → -0.29,0.57,+0.57 (-0.87 → -0.29),"CEE
+0.57 (-0.87 → -0.29)",-0.8596904600985519,-0.3880910476579326,logratio,% of W_EUR3
Estonia,CEE,1990,2024,0.46804875663971063,0.7238237569175029,1371986,1570254,74.47001120949017,42.08526275556652,0.01,0.25577500027779226,0.4359754617346662,0.3238474845392365,0.5706988841526975,black,+0%,0.44,0.44,-0.5411950767695229,0 → 1,-0.87 → -0.29,0.57,+0.57 (-0.87 → -0.29),"CEE
+0.57 (-0.87 → -0.29)",-0.7591828076368561,-0.32320734590218986,logratio,% of W_EUR3
Kazakhstan,ex-USSR/Balkans,1990,2024,0.40706865595396624,0.6255508682646872,20592571,17154015,59.07106398887251,61.14984497167124,0.01,0.21848221231072096,0.42965079170052073,-0.020787809827987332,-0.03458613342003247,black,+0%,0.43,0.43,-0.6839480240678939,1 → 1,-0.49 → -0.53,-0.03,-0.03 (-0.49 → -0.53),"ex-USSR/Balkans
-0.03 (-0.49 → -0.53)",-0.8987734199181543,-0.4691226282176336,logratio,% of W_EUR3
Egypt,Africa,1990,2024,0.19356838629744985,0.29266032856225027,116538258,58396583,24.97470490784872,21.119161951893183,0.01,0.09909194226480042,0.41338178074883924,0.03855542955955538,0.16768273122057234,black,+0%,0.41,0.41,-1.4354335210172753,0 → 0,-1.55 → -1.39,0.17,+0.17 (-1.55 → -1.39),"Africa
+0.17 (-1.55 → -1.39)",-1.6421244113916948,-1.2287426306428555,logratio,% of W_EUR3
Morocco,Africa,1990,2024,0.10682569704687256,0.15794793706616572,38081173,24375508,24.97470490784872,21.119161951893183,0.01,0.051122240019293164,0.39106695984893003,0.03855542955955538,0.16768273122057234,black,+0%,0.39,0.39,-2.0410232924201797,0 → 0,-1.55 → -1.39,0.17,+0.17 (-1.55 → -1.39),"Africa
+0.17 (-1.55 → -1.39)",-2.2365567723446445,-1.8454898124957146,logratio,% of W_EUR3
Azerbaijan,ex-USSR/Balkans,1990,2024,0.2605226251348374,0.38454408005111335,10202850,7231035,59.07106398887251,61.14984497167124,0.01,0.12402145491627592,0.3893687147535531,-0.020787809827987332,-0.03458613342003247,black,+0%,0.39,0.39,-1.1503812114585146,1 → 1,-0.49 → -0.53,-0.03,-0.03 (-0.49 → -0.53),"ex-USSR/Balkans
-0.03 (-0.49 → -0.53)",-1.3450655688352913,-0.9556968540817381,logratio,% of W_EUR3
Georgia,ex-USSR/Balkans,1990,2024,0.3122841692240001,0.43556538523114413,3673850,5448811,59.07106398887251,61.14984497167124,0.01,0.12328121600714403,0.3327313512475487,-0.020787809827987332,-0.03458613342003247,black,+0%,0.33,0.33,-0.9974760312795501,1 → 1,-0.49 → -0.53,-0.03,-0.03 (-0.49 → -0.53),"ex-USSR/Balkans
-0.03 (-0.49 → -0.53)",-1.1638417069033244,-0.8311103556557758,logratio,% of W_EUR3
Slovenia,CEE,1990,2024,0.6128966905768793,0.8449038540908609,2126324,1997968,74.47001120949017,42.08526275556652,0.01,0.23200716351398154,0.32102644787890455,0.3238474845392365,0.5706988841526975,black,+0%,0.32,0.32,-0.32904566417908737,0 → 1,-0.87 → -0.29,0.57,+0.57 (-0.87 → -0.29),"CEE
+0.57 (-0.87 → -0.29)",-0.4895588881185396,-0.16853244023963512,logratio,% of W_EUR3
Hungary,CEE,1990,2024,0.5148771025655848,0.7091200222396773,9562314,10381231,74.47001120949017,42.08526275556652,0.01,0.19424291967409246,0.32009655965046663,0.3238474845392365,0.5706988841526975,black,+0%,0.32,0.32,-0.5037787627662005,0 → 1,-0.87 → -0.29,0.57,+0.57 (-0.87 → -0.29),"CEE
+0.57 (-0.87 → -0.29)",-0.6638270425914338,-0.34373048294096714,logratio,% of W_EUR3
"North
Macedonia",ex-USSR/Balkans,1990,2024,0.3119801247056559,0.4262403281484171,1792179,2063645,59.07106398887251,61.14984497167124,0.01,0.11426020344276122,0.31206385486551247,-0.020787809827987332,-0.03458613342003247,black,+0%,0.31,0.31,-1.0087838686354997,1 → 1,-0.49 → -0.53,-0.03,-0.03 (-0.49 → -0.53),"ex-USSR/Balkans
-0.03 (-0.49 → -0.53)",-1.164815796068256,-0.8527519412027434,logratio,% of W_EUR3
Tunisia,Africa,1990,2024,0.16300879619357816,0.22149768433036796,12277109,8324459,24.97470490784872,21.119161951893183,0.01,0.05848888813678979,0.3066079712115858,0.03855542955955538,0.16768273122057234,black,+0%,0.31,0.31,-1.6606471296478262,0 → 0,-1.55 → -1.39,0.17,+0.17 (-1.55 → -1.39),"Africa
+0.17 (-1.55 → -1.39)",-1.8139511152536192,-1.5073431440420335,logratio,% of W_EUR3
Israel,Asia,1990,2024,0.6125065109279672,0.8247455754039723,9974400,4544949,42.73374657964596,7.525485344894796,0.01,0.21223906447600516,0.2975153728730514,0.35208261234751165,1.736693619906739,black,+0%,0.3,0.3,-0.3414380200967513,0 → 0,-2.59 → -0.85,1.74,+1.74 (-2.59 → -0.85),"Asia
+1.74 (-2.59 → -0.85)",-0.490195706533277,-0.19268033366022552,logratio,% of W_EUR3
Colombia,Latin America,1990,2024,0.24173163007780318,0.32237417864923074,52886363,32440020,37.11120756273894,32.69424504718088,0.01,0.08064254857142755,0.2878847722090763,0.04416962515558062,0.126719944659294,black,+0%,0.29,0.29,-1.2759847487000266,0 → 0,-1.12 → -0.99,0.13,+0.13 (-1.12 → -0.99),"Latin America
+0.13 (-1.12 → -0.99)",-1.419927134804565,-1.1320423625954885,logratio,% of W_EUR3
Croatia,CEE,1990,2024,0.5657119330061285,0.7427729239627113,3866300,4835027,74.47001120949017,42.08526275556652,0.01,0.1770609909565828,0.27230538114148894,0.3238474845392365,0.5706988841526975,black,+0%,0.27,0.27,-0.43351759205437823,0 → 1,-0.87 → -0.29,0.57,+0.57 (-0.87 → -0.29),"CEE
+0.57 (-0.87 → -0.29)",-0.5696702826251226,-0.29736490148363376,logratio,% of W_EUR3
Iran,Asia,1990,2024,0.21871058143331643,0.2826579753458283,91567738,58380046,42.73374657964596,7.525485344894796,0.01,0.06394739391251189,0.25648828921584876,0.35208261234751165,1.736693619906739,black,+0%,0.26,0.26,-1.3917618245362906,0 → 0,-2.59 → -0.85,1.74,+1.74 (-2.59 → -0.85),"Asia
+1.74 (-2.59 → -0.85)",-1.520005969144215,-1.2635176799283663,logratio,% of W_EUR3
Czechia,CEE,1990,2024,0.6749499611336321,0.835599016087869,10882164,10301937,74.47001120949017,42.08526275556652,0.01,0.16064905495423687,0.21351029571917335,0.3238474845392365,0.5706988841526975,black,+0%,0.21,0.21,-0.28636157465178574,0 → 1,-0.87 → -0.29,0.57,+0.57 (-0.87 → -0.29),"CEE
+0.57 (-0.87 → -0.29)",-0.39311672251137236,-0.17960642679219913,logratio,% of W_EUR3
Paraguay,Latin America,1990,2024,0.24085330449178302,0.2839166973908894,6929153,4035697,37.11120756273894,32.69424504718088,0.01,0.043063392899106406,0.16449282298282897,0.04416962515558062,0.126719944659294,black,+0%,0.16,0.16,-1.3413208143849549,0 → 0,-1.12 → -0.99,0.13,+0.13 (-1.12 → -0.99),"Latin America
+0.13 (-1.12 → -0.99)",-1.4235672258763694,-1.2590744028935403,logratio,% of W_EUR3
Argentina,Latin America,1990,2024,0.4111687593179149,0.4625073443176009,45696159,32755859,37.11120756273894,32.69424504718088,0.01,0.051338584999685966,0.11765869959868407,0.04416962515558062,0.126719944659294,black,+0%,0.12,0.12,-0.8299221923494553,0 → 0,-1.12 → -0.99,0.13,+0.13 (-1.12 → -0.99),"Latin America
+0.13 (-1.12 → -0.99)",-0.8887515421487974,-0.7710928425501132,logratio,% of W_EUR3
Brazil,Latin America,1990,2024,0.30542286521037215,0.34230931076549803,211998573,149143183,37.11120756273894,32.69424504718088,0.01,0.03688644555512588,0.11401748607154805,0.04416962515558062,0.126719944659294,black,+0%,0.11,0.11,-1.1290492762513562,0 → 0,-1.12 → -0.99,0.13,+0.13 (-1.12 → -0.99),"Latin America
+0.13 (-1.12 → -0.99)",-1.1860580192871302,-1.0720405332155822,logratio,% of W_EUR3
Portugal,Southern Europe,1990,2024,0.6573603037499546,0.7297077694099282,10701636,9989475,79.17380209643878,73.37360729766914,0.01,0.07234746565997363,0.1044118624195037,0.05800194798769638,0.0760811651323108,black,+0%,0.1,0.1,-0.3673170720740537,1 → 1,-0.31 → -0.23,0.08,+0.08 (-0.31 → -0.23),"Southern Europe
+0.08 (-0.31 → -0.23)",-0.4195230032838055,-0.31511114086430186,logratio,% of W_EUR3
Ecuador,Latin America,1990,2024,0.22011838002153997,0.24278739458110657,18135478,10473624,37.11120756273894,32.69424504718088,0.01,0.022669014559566603,0.09802064831553879,0.04416962515558062,0.126719944659294,black,+0%,0.1,0.1,-1.46457946218406,0 → 0,-1.12 → -0.99,0.13,+0.13 (-1.12 → -0.99),"Latin America
+0.13 (-1.12 → -0.99)",-1.5135897863418293,-1.4155691380262905,logratio,% of W_EUR3
Spain,Southern Europe,1990,2024,0.7681507457282019,0.8427636424417356,48807137,39084924,79.17380209643878,73.37360729766914,0.01,0.07461289671353377,0.09270054460191596,0.05800194798769638,0.0760811651323108,black,+0%,0.09,0.09,-0.21741900929432997,1 → 1,-0.31 → -0.23,0.08,+0.08 (-0.31 → -0.23),"Southern Europe
+0.08 (-0.31 → -0.23)",-0.2637692815952879,-0.17106873699337205,logratio,% of W_EUR3
Russia,ex-USSR/Balkans,1990,2024,0.7166647042277849,0.7265867526547473,143533851,148979487,59.07106398887251,61.14984497167124,0.01,0.009922048426962315,0.013749793493569806,-0.020787809827987332,-0.03458613342003247,black,+0%,0.01,0.01,-0.3262722880723142,1 → 1,-0.49 → -0.53,-0.03,-0.03 (-0.49 → -0.53),"ex-USSR/Balkans
-0.03 (-0.49 → -0.53)",-0.3331471848190991,-0.31939739132552925,logratio,% of W_EUR3
Greece,Southern Europe,1990,2024,0.6507298016770957,0.6577329456943659,10388805,10258439,79.17380209643878,73.37360729766914,0.01,0.007003144017270202,0.010704486471753092,0.05800194798769638,0.0760811651323108,black,+0%,0.01,0.01,-0.42430853088253295,1 → 1,-0.31 → -0.23,0.08,+0.08 (-0.31 → -0.23),"Southern Europe
+0.08 (-0.31 → -0.23)",-0.4296607741184095,-0.4189562876466563,logratio,% of W_EUR3
Algeria,Africa,1990,2024,0.2835497704072305,0.26903538720514625,46814308,25375759,24.97470490784872,21.119161951893183,0.01,-0.014514383202084258,-0.052544742853205206,0.03855542955955538,0.16768273122057234,red,0%,-0.05,-0.05,-1.2866399856572635,0 → 0,-1.55 → -1.39,0.17,+0.17 (-1.55 → -1.39),"Africa
+0.17 (-1.55 → -1.39)",-1.260367614230661,-1.3129123570838661,logratio,% of W_EUR3
Mexico,Latin America,1990,2024,0.41509272741827324,0.3838675529179995,130861007,82820134,37.11120756273894,32.69424504718088,0.01,-0.031225174500273734,-0.07820435601882753,0.04416962515558062,0.126719944659294,red,0%,-0.08,-0.08,-0.9183555221576495,0 → 0,-1.12 → -0.99,0.13,+0.13 (-1.12 → -0.99),"Latin America
+0.13 (-1.12 → -0.99)",-0.8792533441482357,-0.9574577001670632,logratio,% of W_EUR3
"South
Africa",Africa,1990,2024,0.26169074020080374,0.23692047300778235,64007187,40746216,24.97470490784872,21.119161951893183,0.01,-0.02477026719302139,-0.09943889775577162,0.03855542955955538,0.16768273122057234,red,0%,-0.1,-0.1,-1.3903113022101323,0 → 0,-1.55 → -1.39,0.17,+0.17 (-1.55 → -1.39),"Africa
+0.17 (-1.55 → -1.39)",-1.3405918533322465,-1.4400307510880181,logratio,% of W_EUR3
Jamaica,Latin America,1990,2024,0.21135091923047572,0.17875142547022513,2839175,2379829,37.11120756273894,32.69424504718088,0.01,-0.03259949376025059,-0.16752372013043265,0.04416962515558062,0.126719944659294,red,0%,-0.17,-0.17,-1.6379972627159989,0 → 0,-1.12 → -0.99,0.13,+0.13 (-1.12 → -0.99),"Latin America
+0.13 (-1.12 → -0.99)",-1.5542354026507825,-1.7217591227812152,logratio,% of W_EUR3
Moldova,ex-USSR/Balkans,1990,2024,0.3844689817882081,0.28687228338555076,2389275,4451100,59.07106398887251,61.14984497167124,0.01,-0.09759669840265733,-0.2928260030494748,-0.020787809827987332,-0.03458613342003247,red,0%,-0.29,-0.29,-1.102305166367425,1 → 1,-0.49 → -0.53,-0.03,-0.03 (-0.49 → -0.53),"ex-USSR/Balkans
-0.03 (-0.49 → -0.53)",-0.9558921648426877,-1.2487181678921624,logratio,% of W_EUR3
Ukraine,ex-USSR/Balkans,1990,2024,0.5515956256667982,0.2843271831202283,37860221,52054034,59.07106398887251,61.14984497167124,0.01,-0.2672684425465699,-0.6626895873271137,-0.020787809827987332,-0.03458613342003247,red,0%,-0.66,-0.66,-0.9262848570212292,1 → 1,-0.49 → -0.53,-0.03,-0.03 (-0.49 → -0.53),"ex-USSR/Balkans
-0.03 (-0.49 → -0.53)",-0.5949400633576725,-1.257629650684786,logratio,% of W_EUR3
China,Asia,1990,2024,0.0459388723669707,0.4851752876109218,1408975000,1153582668,49.933981046452686,8.578531223586237,0.01,0.43923641524395113,2.3571985922143353,0.41355449822866447,1.7614390411050225,black,+0%,2.36,2.36,-1.901844331693008,0 → 0,-2.46 → -0.69,1.76,+1.76 (-2.46 → -0.69),"Asia
+1.76 (-2.46 → -0.69)",-3.0804436278001757,-0.7232450355858403,logratio,% of S_EUR4
"South
Korea",Asia,1990,2023,0.3814163457185109,1.0387406505330854,51748695,44081380,49.933981046452686,8.578531223586237,0.01,0.6573243048145745,1.0018727960370686,0.41355449822866447,1.7614390411050225,black,+1%,1,1,-0.46292733156169036,0 → 0,-2.46 → -0.69,1.76,+1.76 (-2.46 → -0.69),"Asia
+1.76 (-2.46 → -0.69)",-0.9638637295802247,0.038009066456843946,logratio,% of S_EUR4
Poland,CEE,1990,2024,0.3533467989514783,0.9178842338284596,36554707,38055404,86.96992937428764,47.974279937489605,0.01,0.5645374348769814,0.9546212677758065,0.3899564943679804,0.5948973868699469,black,+1%,0.95,0.95,-0.5629946371423745,0 → 1,-0.73 → -0.14,0.59,+0.59 (-0.73 → -0.14),"CEE
+0.59 (-0.73 → -0.14)",-1.0403052710302778,-0.08568400325447117,logratio,% of S_EUR4
"Dominican
Republic",Latin America,1990,2024,0.20194486744210974,0.49298526530529385,11427557,7151120,43.34038693302395,37.26917123811657,0.01,0.29104039786318414,0.8924845590839752,0.0607121569490738,0.15091844737654334,black,+0%,0.89,0.89,-1.153518272746961,0 → 0,-0.99 → -0.84,0.15,+0.15 (-0.99 → -0.84),"Latin America
+0.15 (-0.99 → -0.84)",-1.5997605522889486,-0.7072759932049733,logratio,% of S_EUR4
Panama,Latin America,1990,2024,0.31240711592645304,0.7411423601825581,4515577,2455535,43.34038693302395,37.26917123811657,0.01,0.42873524425610504,0.8638855298885947,0.0607121569490738,0.15091844737654334,black,+0%,0.86,0.86,-0.7315053180780384,0 → 0,-0.99 → -0.84,0.15,+0.15 (-0.99 → -0.84),"Latin America
+0.15 (-0.99 → -0.84)",-1.1634480830223357,-0.2995625531337411,logratio,% of S_EUR4
Malaysia,Asia,1990,2024,0.3310855517132692,0.6932453794930231,35557673,17833124,49.933981046452686,8.578531223586237,0.01,0.3621598277797539,0.739007213108402,0.41355449822866447,1.7614390411050225,black,+0%,0.74,0.74,-0.735874866056498,0 → 0,-2.46 → -0.69,1.76,+1.76 (-2.46 → -0.69),"Asia
+1.76 (-2.46 → -0.69)",-1.105378472610699,-0.36637125950229693,logratio,% of S_EUR4
Chile,Latin America,1990,2024,0.3018443105980099,0.6141145666976352,19764771,13437138,43.34038693302395,37.26917123811657,0.01,0.3122702560996253,0.7102701448304662,0.0607121569490738,0.15091844737654334,black,+0%,0.71,0.71,-0.8427088499433488,0 → 0,-0.99 → -0.84,0.15,+0.15 (-0.99 → -0.84),"Latin America
+0.15 (-0.99 → -0.84)",-1.197843922358582,-0.4875737775281156,logratio,% of S_EUR4
Thailand,Asia,1990,2024,0.23981721636865644,0.4422758434251266,71668011,54738282,49.933981046452686,8.578531223586237,0.01,0.20245862705647016,0.6120567328533968,0.41355449822866447,1.7614390411050225,black,+0%,0.61,0.61,-1.1218498778408237,0 → 0,-2.46 → -0.69,1.76,+1.76 (-2.46 → -0.69),"Asia
+1.76 (-2.46 → -0.69)",-1.4278782442675222,-0.8158215114141253,logratio,% of S_EUR4
Romania,CEE,1990,2024,0.4496535951778449,0.8262873663577872,19069340,22939481,86.96992937428764,47.974279937489605,0.01,0.3766337711799423,0.6084651163455659,0.3899564943679804,0.5948973868699469,black,+0%,0.61,0.61,-0.49504522297796927,0 → 1,-0.73 → -0.14,0.59,+0.59 (-0.73 → -0.14),"CEE
+0.59 (-0.73 → -0.14)",-0.7992777811507522,-0.19081266480518627,logratio,% of S_EUR4
Costa Rica,Latin America,1990,2024,0.3018655434475113,0.5488154553575663,5129910,3121652,43.34038693302395,37.26917123811657,0.01,0.24694991191005494,0.5977805402474485,0.0607121569490738,0.15091844737654334,black,+0%,0.6,0.6,-0.8988833109960395,0 → 0,-0.99 → -0.84,0.15,+0.15 (-0.99 → -0.84),"Latin America
+0.15 (-0.99 → -0.84)",-1.1977735811197636,-0.5999930408723152,logratio,% of S_EUR4
Belarus,ex-USSR/Balkans,1990,2024,0.3403988082461036,0.5908125566220929,9133712,10186209,68.98624264637654,69.70658108620276,0.01,0.2504137483759893,0.5513809083698258,-0.007203384398262216,-0.010387630702782754,black,+0%,0.55,0.55,-0.8019469291437824,1 → 1,-0.36 → -0.37,-0.01,-0.01 (-0.36 → -0.37),"ex-USSR/Balkans
-0.01 (-0.36 → -0.37)",-1.0776373833286954,-0.5262564749588695,logratio,% of S_EUR4
Slovakia,CEE,1990,2024,0.48286109670084626,0.8209122374617559,5422069,5266022,86.96992937428764,47.974279937489605,0.01,0.33805114076090964,0.5306871787932741,0.3899564943679804,0.5948973868699469,black,+0%,0.53,0.53,-0.46268266176356865,0 → 1,-0.73 → -0.14,0.59,+0.59 (-0.73 → -0.14),"CEE
+0.59 (-0.73 → -0.14)",-0.7280262511602057,-0.19733907236693154,logratio,% of S_EUR4
Lithuania,CEE,1990,2024,0.5673359834780024,0.9597249932310775,2888055,3694967,86.96992937428764,47.974279937489605,0.01,0.3923890097530751,0.5256950863539207,0.3899564943679804,0.5948973868699469,black,+0%,0.53,0.53,-0.3039560441205556,0 → 1,-0.73 → -0.14,0.59,+0.59 (-0.73 → -0.14),"CEE
+0.59 (-0.73 → -0.14)",-0.5668035872975159,-0.04110850094359528,logratio,% of S_EUR4
Bulgaria,CEE,1990,2024,0.41214704321638634,0.6935149777416557,6444366,8822320,86.96992937428764,47.974279937489605,0.01,0.28136793452526937,0.5203926501558505,0.3899564943679804,0.5948973868699469,black,+0%,0.52,0.52,-0.6261787672180549,0 → 1,-0.73 → -0.14,0.59,+0.59 (-0.73 → -0.14),"CEE
+0.59 (-0.73 → -0.14)",-0.8863750922959801,-0.36598244214012965,logratio,% of S_EUR4
Uruguay,Latin America,1990,2024,0.3875029312025666,0.6518774078765036,3386588,3104365,43.34038693302395,37.26917123811657,0.01,0.264374476673937,0.5201331063599863,0.0607121569490738,0.15091844737654334,black,+0%,0.52,0.52,-0.6879653126436318,0 → 0,-0.99 → -0.84,0.15,+0.15 (-0.99 → -0.84),"Latin America
+0.15 (-0.99 → -0.84)",-0.948031865823625,-0.42789875946363853,logratio,% of S_EUR4
Latvia,CEE,1990,2024,0.4825247551396026,0.7922128776498152,1862441,2660082,86.96992937428764,47.974279937489605,0.01,0.3096881225102126,0.4957979151578688,0.3899564943679804,0.5948973868699469,black,+0%,0.5,0.5,-0.4808240959514556,0 → 1,-0.73 → -0.14,0.59,+0.59 (-0.73 → -0.14),"CEE
+0.59 (-0.73 → -0.14)",-0.72872305353039,-0.23292513837252116,logratio,% of S_EUR4
Estonia,CEE,1990,2024,0.5335431123679379,0.8453188068074918,1371986,1570254,86.96992937428764,47.974279937489605,0.01,0.3117756944395539,0.4601739644519155,0.3899564943679804,0.5948973868699469,black,+0%,0.46,0.46,-0.3981284188427365,0 → 1,-0.73 → -0.14,0.59,+0.59 (-0.73 → -0.14),"CEE
+0.59 (-0.73 → -0.14)",-0.6282154010686942,-0.16804143661677876,logratio,% of S_EUR4
Kazakhstan,ex-USSR/Balkans,1990,2024,0.46403002799192894,0.7305506464872281,20592571,17154015,68.98624264637654,69.70658108620276,0.01,0.2665206184952992,0.4538492944177702,-0.007203384398262216,-0.010387630702782754,black,+0%,0.45,0.45,-0.5408813661411074,1 → 1,-0.36 → -0.37,-0.01,-0.01 (-0.36 → -0.37),"ex-USSR/Balkans
-0.01 (-0.36 → -0.37)",-0.7678060133499925,-0.31395671893222227,logratio,% of S_EUR4
Egypt,Africa,1990,2024,0.22065453185399697,0.34178386295812907,116538258,58396583,29.166751645425848,24.074379514032913,0.01,0.1211293311041321,0.4375802834660887,0.05092372131392935,0.19188123393782178,black,+0%,0.44,0.44,-1.2923668630904888,0 → 0,-1.42 → -1.23,0.19,+0.19 (-1.42 → -1.23),"Africa
+0.19 (-1.42 → -1.23)",-1.511157004823533,-1.0735767213574443,logratio,% of S_EUR4
Morocco,Africa,1990,2024,0.12177388375616742,0.18445976720503446,38081173,24375508,29.166751645425848,24.074379514032913,0.01,0.06268588344886704,0.4152654625661796,0.05092372131392935,0.19188123393782178,black,+0%,0.42,0.42,-1.8979566344933931,0 → 0,-1.42 → -1.23,0.19,+0.19 (-1.42 → -1.23),"Africa
+0.19 (-1.42 → -1.23)",-2.105589365776483,-1.6903239032103035,logratio,% of S_EUR4
Azerbaijan,ex-USSR/Balkans,1990,2024,0.2969777192757392,0.44909045856412866,10202850,7231035,68.98624264637654,69.70658108620276,0.01,0.15211273928838948,0.4135672174708024,-0.007203384398262216,-0.010387630702782754,black,+0%,0.41,0.41,-1.0073145535317283,1 → 1,-0.36 → -0.37,-0.01,-0.01 (-0.36 → -0.37),"ex-USSR/Balkans
-0.01 (-0.36 → -0.37)",-1.2140981622671294,-0.800530944796327,logratio,% of S_EUR4
Georgia,ex-USSR/Balkans,1990,2024,0.35598228865559295,0.5086757766810915,3673850,5448811,68.98624264637654,69.70658108620276,0.01,0.1526934880254986,0.35692985396479815,-0.007203384398262216,-0.010387630702782754,black,+0%,0.36,0.36,-0.8544093733527636,1 → 1,-0.36 → -0.37,-0.01,-0.01 (-0.36 → -0.37),"ex-USSR/Balkans
-0.01 (-0.36 → -0.37)",-1.0328743003351626,-0.6759444463703644,logratio,% of S_EUR4
Slovenia,CEE,1990,2024,0.6986597084416932,0.9867224044271589,2126324,1997968,86.96992937428764,47.974279937489605,0.01,0.28806269598546563,0.3452249505961538,0.3899564943679804,0.5948973868699469,black,+0%,0.35,0.35,-0.18597900625230074,0 → 1,-0.73 → -0.14,0.59,+0.59 (-0.73 → -0.14),"CEE
+0.59 (-0.73 → -0.14)",-0.3585914815503777,-0.013366530954223821,logratio,% of S_EUR4
Hungary,CEE,1990,2024,0.586924178075086,0.8281470252312622,9562314,10381231,86.96992937428764,47.974279937489605,0.01,0.24122284715617615,0.3442950623677163,0.3899564943679804,0.5948973868699469,black,+0%,0.34,0.34,-0.3607121048394139,0 → 1,-0.73 → -0.14,0.59,+0.59 (-0.73 → -0.14),"CEE
+0.59 (-0.73 → -0.14)",-0.532859636023272,-0.18856457365555576,logratio,% of S_EUR4
"North
Macedonia",ex-USSR/Balkans,1990,2024,0.3556356989973265,0.4977854928913582,1792179,2063645,68.98624264637654,69.70658108620276,0.01,0.1421497938940317,0.3362623575827621,-0.007203384398262216,-0.010387630702782754,black,+0%,0.34,0.34,-0.8657172107087132,1 → 1,-0.36 → -0.37,-0.01,-0.01 (-0.36 → -0.37),"ex-USSR/Balkans
-0.01 (-0.36 → -0.37)",-1.0338483895000943,-0.697586031917332,logratio,% of S_EUR4
Tunisia,Africa,1990,2024,0.18581871916267279,0.2586764477393482,12277109,8324459,29.166751645425848,24.074379514032913,0.01,0.07285772857667544,0.3308064739288351,0.05092372131392935,0.19188123393782178,black,+0%,0.33,0.33,-1.5175804717210397,0 → 0,-1.42 → -1.23,0.19,+0.19 (-1.42 → -1.23),"Africa
+0.19 (-1.42 → -1.23)",-1.6829837086854573,-1.3521772347566223,logratio,% of S_EUR4
Israel,Asia,1990,2024,0.6982149307100786,0.9631805243437234,9974400,4544949,49.933981046452686,8.578531223586237,0.01,0.2649655936336448,0.3217138755903008,0.41355449822866447,1.7614390411050225,black,+0%,0.32,0.32,-0.19837136216996476,0 → 0,-2.46 → -0.69,1.76,+1.76 (-2.46 → -0.69),"Asia
+1.76 (-2.46 → -0.69)",-0.3592282999651152,-0.03751442437481434,logratio,% of S_EUR4
Colombia,Latin America,1990,2024,0.27555728850865535,0.3764852333692771,52886363,32440020,43.34038693302395,37.26917123811657,0.01,0.10092794486062173,0.3120832749263257,0.0607121569490738,0.15091844737654334,black,+0%,0.31,0.31,-1.1329180907732401,0 → 0,-0.99 → -0.84,0.15,+0.15 (-0.99 → -0.84),"Latin America
+0.15 (-0.99 → -0.84)",-1.288959728236403,-0.9768764533100772,logratio,% of S_EUR4
Croatia,CEE,1990,2024,0.6448723581849249,0.8674486238017097,3866300,4835027,86.96992937428764,47.974279937489605,0.01,0.22257626561678479,0.29650388385873827,0.3899564943679804,0.5948973868699469,black,+0%,0.3,0.3,-0.2904509341275916,0 → 1,-0.73 → -0.14,0.59,+0.59 (-0.73 → -0.14),"CEE
+0.59 (-0.73 → -0.14)",-0.43870287605696073,-0.1421989921982224,logratio,% of S_EUR4
Iran,Asia,1990,2024,0.2493148901056872,0.3301025977255808,91567738,58380046,49.933981046452686,8.578531223586237,0.01,0.08078770761989362,0.28068679193309815,0.41355449822866447,1.7614390411050225,black,+0%,0.28,0.28,-1.248695166609504,0 → 0,-2.46 → -0.69,1.76,+1.76 (-2.46 → -0.69),"Asia
+1.76 (-2.46 → -0.69)",-1.3890385625760533,-1.108351770642955,logratio,% of S_EUR4
Czechia,CEE,1990,2024,0.7693961320210538,0.9758557335241167,10882164,10301937,86.96992937428764,47.974279937489605,0.01,0.20645960150306286,0.23770879843642254,0.3899564943679804,0.5948973868699469,black,+0%,0.24,0.24,-0.1432949167249991,0 → 1,-0.73 → -0.14,0.59,+0.59 (-0.73 → -0.14),"CEE
+0.59 (-0.73 → -0.14)",-0.2621493159432104,-0.024440517506787825,logratio,% of S_EUR4
Paraguay,Latin America,1990,2024,0.27455605827315166,0.3315725984088475,6929153,4035697,43.34038693302395,37.26917123811657,0.01,0.05701654013569585,0.18869132570007857,0.0607121569490738,0.15091844737654334,black,+0%,0.19,0.19,-1.1982541564581681,0 → 0,-0.99 → -0.84,0.15,+0.15 (-0.99 → -0.84),"Latin America
+0.15 (-0.99 → -0.84)",-1.2925998193082073,-1.103908493608129,logratio,% of S_EUR4
Argentina,Latin America,1990,2024,0.4687038613881266,0.5401399894682045,45696159,32755859,43.34038693302395,37.26917123811657,0.01,0.07143612808007793,0.14185720231593357,0.0607121569490738,0.15091844737654334,black,+0%,0.14,0.14,-0.6868555344226688,0 → 0,-0.99 → -0.84,0.15,+0.15 (-0.99 → -0.84),"Latin America
+0.15 (-0.99 → -0.84)",-0.7577841355806355,-0.6159269332647019,logratio,% of S_EUR4
Brazil,Latin America,1990,2024,0.3481608780730376,0.39976651135031105,211998573,149143183,43.34038693302395,37.26917123811657,0.01,0.051605633277273466,0.13821598878879743,0.0607121569490738,0.15091844737654334,black,+0%,0.14,0.14,-0.9859826183245699,0 → 0,-0.99 → -0.84,0.15,+0.15 (-0.99 → -0.84),"Latin America
+0.15 (-0.99 → -0.84)",-1.0550906127189685,-0.9168746239301712,logratio,% of S_EUR4
Ecuador,Latin America,1990,2024,0.2509196828322838,0.2835396721008591,18135478,10473624,43.34038693302395,37.26917123811657,0.01,0.032619989268575345,0.12221915103278802,0.0607121569490738,0.15091844737654334,black,+0%,0.12,0.12,-1.3215128042572735,0 → 0,-0.99 → -0.84,0.15,+0.15 (-0.99 → -0.84),"Latin America
+0.15 (-0.99 → -0.84)",-1.3826223797736674,-1.2604032287408793,logratio,% of S_EUR4
Russia,ex-USSR/Balkans,1990,2024,0.8169480452487939,0.8485455760831623,143533851,148979487,68.98624264637654,69.70658108620276,0.01,0.03159753083436834,0.037948296210819375,-0.007203384398262216,-0.010387630702782754,black,+0%,0.04,0.04,-0.18320563014552757,1 → 1,-0.36 → -0.37,-0.01,-0.01 (-0.36 → -0.37),"ex-USSR/Balkans
-0.01 (-0.36 → -0.37)",-0.20217977825093728,-0.16423148204011787,logratio,% of S_EUR4
Algeria,Africa,1990,2024,0.3232270674115758,0.31419343497337826,46814308,25375759,29.166751645425848,24.074379514032913,0.01,-0.009033632438197547,-0.02834624013595577,0.05092372131392935,0.19188123393782178,red,0%,-0.03,-0.03,-1.143573327730477,0 → 0,-1.42 → -1.23,0.19,+0.19 (-1.42 → -1.23),"Africa
+0.19 (-1.42 → -1.23)",-1.1294002076624992,-1.157746447798455,logratio,% of S_EUR4
Mexico,Latin America,1990,2024,0.4731769128029587,0.4483003751999517,130861007,82820134,43.34038693302395,37.26917123811657,0.01,-0.02487653760300701,-0.05400585330157792,0.0607121569490738,0.15091844737654334,red,0%,-0.05,-0.05,-0.7752888642308629,0 → 0,-0.99 → -0.84,0.15,+0.15 (-0.99 → -0.84),"Latin America
+0.15 (-0.99 → -0.84)",-0.7482859375800739,-0.8022917908816518,logratio,% of S_EUR4
"South
Africa",Africa,1990,2024,0.29830928941465806,0.27668797775316895,64007187,40746216,29.166751645425848,24.074379514032913,0.01,-0.021621311661489118,-0.07524039503852221,0.05092372131392935,0.19188123393782178,red,0%,-0.08,-0.08,-1.2472446442833456,0 → 0,-1.42 → -1.23,0.19,+0.19 (-1.42 → -1.23),"Africa
+0.19 (-1.42 → -1.23)",-1.2096244467640846,-1.2848648418026067,logratio,% of S_EUR4
Jamaica,Latin America,1990,2024,0.24092538576030348,0.20875515655512078,2839175,2379829,43.34038693302395,37.26917123811657,0.01,-0.0321702292051827,-0.14332521741318344,0.0607121569490738,0.15091844737654334,red,0%,-0.14,-0.14,-1.4949306047892126,0 → 0,-0.99 → -0.84,0.15,+0.15 (-0.99 → -0.84),"Latin America
+0.15 (-0.99 → -0.84)",-1.4232679960826207,-1.5665932134958043,logratio,% of S_EUR4
Moldova,ex-USSR/Balkans,1990,2024,0.43826796726247025,0.335024284544522,2389275,4451100,68.98624264637654,69.70658108620276,0.01,-0.10324368271794826,-0.2686275003322257,-0.007203384398262216,-0.010387630702782754,red,0%,-0.27,-0.27,-0.9592385084406386,1 → 1,-0.36 → -0.37,-0.01,-0.01 (-0.36 → -0.37),"ex-USSR/Balkans
-0.01 (-0.36 → -0.37)",-0.8249247582745258,-1.0935522586067514,logratio,% of S_EUR4
Ukraine,ex-USSR/Balkans,1990,2024,0.6287807471163663,0.3320519848666973,37860221,52054034,68.98624264637654,69.70658108620276,0.01,-0.29672876224966904,-0.6384910846098643,-0.007203384398262216,-0.010387630702782754,red,0%,-0.64,-0.64,-0.7832181990944427,1 → 1,-0.36 → -0.37,-0.01,-0.01 (-0.36 → -0.37),"ex-USSR/Balkans
-0.01 (-0.36 → -0.37)",-0.46397265678951055,-1.1024637413993748,logratio,% of S_EUR4
China,Asia,1990,2024,0.04092911641249394,0.37861759189313143,1408975000,1153582668,38.95815147617544,7.643019626028496,0.01,0.3376884754806375,2.2246850008412156,0.31315131850146943,1.6286952668375956,black,+0%,2.22,2.22,-2.0835710760621904,0 → 0,-2.57 → -0.94,1.63,+1.63 (-2.57 → -0.94),"Asia
+1.63 (-2.57 → -0.94)",-3.1959135764827984,-0.9712285756415824,logratio,% of G7
"South
Korea",Asia,1990,2023,0.3398218809298647,0.8078925695333858,51748695,44081380,38.95815147617544,7.643019626028496,0.01,0.46807068860352113,0.8660074904637559,0.31315131850146943,1.6286952668375956,black,+0%,0.87,0.87,-0.6463299330309692,0 → 0,-2.57 → -0.94,1.63,+1.63 (-2.57 → -0.94),"Asia
+1.63 (-2.57 → -0.94)",-1.079333678262847,-0.2133261877990912,logratio,% of G7
Poland,CEE,1990,2024,0.3148133927350209,0.7162918786735422,36554707,38055404,67.86896626362149,42.74255738542771,0.01,0.40147848593852126,0.8221076764026871,0.2512640887819378,0.4623837954968275,black,+0%,0.82,0.82,-0.7447213815115568,0 → 1,-0.85 → -0.39,0.46,+0.46 (-0.85 → -0.39),"CEE
+0.46 (-0.85 → -0.39)",-1.1557752197129003,-0.3336675433102133,logratio,% of G7
"Dominican
Republic",Latin America,1990,2024,0.17992224368107199,0.3847122859612134,11427557,7151120,33.821658586736056,33.20486920133411,0.01,0.2047900422801414,0.7599709677108559,0.006167893854019439,0.018404856003423817,black,+0%,0.76,0.76,-1.3352450171161432,0 → 0,-1.1 → -1.08,0.02,+0.02 (-1.1 → -1.08),"Latin America
+0.02 (-1.1 → -1.08)",-1.7152305009715711,-0.9552595332607152,logratio,% of G7
Panama,Latin America,1990,2024,0.27833829079876604,0.5783673299686732,4515577,2455535,33.821658586736056,33.20486920133411,0.01,0.3000290391699072,0.7313719385154748,0.006167893854019439,0.018404856003423817,black,+0%,0.73,0.73,-0.9132320624472207,0 → 0,-1.1 → -1.08,0.02,+0.02 (-1.1 → -1.08),"Latin America
+0.02 (-1.1 → -1.08)",-1.278918031704958,-0.5475460931894833,logratio,% of G7
Malaysia,Asia,1990,2024,0.2949797935900175,0.5409898296080896,35557673,17833124,38.95815147617544,7.643019626028496,0.01,0.2460100360180721,0.6064936217352827,0.31315131850146943,1.6286952668375956,black,+0%,0.61,0.61,-0.9176016104256802,0 → 0,-2.57 → -0.94,1.63,+1.63 (-2.57 → -0.94),"Asia
+1.63 (-2.57 → -0.94)",-1.2208484212933215,-0.614354799558039,logratio,% of G7
Chile,Latin America,1990,2024,0.26892738742532585,0.47923829660511,19764771,13437138,33.821658586736056,33.20486920133411,0.01,0.21031090917978418,0.577756553457347,0.006167893854019439,0.018404856003423817,black,+0%,0.58,0.58,-1.024435594312531,0 → 0,-1.1 → -1.08,0.02,+0.02 (-1.1 → -1.08),"Latin America
+0.02 (-1.1 → -1.08)",-1.3133138710412045,-0.7355573175838576,logratio,% of G7
Thailand,Asia,1990,2024,0.213664512443065,0.34514003302742724,71668011,54738282,38.95815147617544,7.643019626028496,0.01,0.13147552058436224,0.4795431414802772,0.31315131850146943,1.6286952668375956,black,+0%,0.48,0.48,-1.3035766222100063,0 → 0,-2.57 → -0.94,1.63,+1.63 (-2.57 → -0.94),"Asia
+1.63 (-2.57 → -0.94)",-1.5433481929501447,-1.0638050514698676,logratio,% of G7
Romania,CEE,1990,2024,0.40061767723237723,0.6448121758274412,19069340,22939481,67.86896626362149,42.74255738542771,0.01,0.24419449859506398,0.47595152497244636,0.2512640887819378,0.4623837954968275,black,+0%,0.48,0.48,-0.6767719673471515,0 → 1,-0.85 → -0.39,0.46,+0.46 (-0.85 → -0.39),"CEE
+0.46 (-0.85 → -0.39)",-0.9147477298333746,-0.4387962048609283,logratio,% of G7
Costa Rica,Latin America,1990,2024,0.2689463047762367,0.4282806470304991,5129910,3121652,33.821658586736056,33.20486920133411,0.01,0.1593343422542624,0.4652669488743287,0.006167893854019439,0.018404856003423817,black,+0%,0.47,0.47,-1.0806100553652218,0 → 0,-1.1 → -1.08,0.02,+0.02 (-1.1 → -1.08),"Latin America
+0.02 (-1.1 → -1.08)",-1.3132435298023861,-0.8479765809280574,logratio,% of G7
Belarus,ex-USSR/Balkans,1990,2024,0.30327741478034226,0.4610540420349423,9133712,10186209,53.8349865120755,62.104893415830176,0.01,0.15777662725460007,0.4188673169967064,-0.08269906903754674,-0.14290122207590253,black,+0%,0.42,0.42,-0.9836736735129648,1 → 1,-0.48 → -0.62,-0.14,-0.14 (-0.48 → -0.62),"ex-USSR/Balkans
-0.14 (-0.48 → -0.62)",-1.193107332011318,-0.7742400150146115,logratio,% of G7
Slovakia,CEE,1990,2024,0.4302038125807973,0.6406175715046369,5422069,5266022,67.86896626362149,42.74255738542771,0.01,0.21041375892383962,0.3981735874201546,0.2512640887819378,0.4623837954968275,black,+0%,0.4,0.4,-0.6444094061327509,0 → 1,-0.85 → -0.39,0.46,+0.46 (-0.85 → -0.39),"CEE
+0.46 (-0.85 → -0.39)",-0.8434961998428281,-0.4453226124226736,logratio,% of G7
Lithuania,CEE,1990,2024,0.5054664887565482,0.7489432687433164,2888055,3694967,67.86896626362149,42.74255738542771,0.01,0.2434767799867682,0.39318149498080124,0.2512640887819378,0.4623837954968275,black,+0%,0.39,0.39,-0.4856827884897379,0 → 1,-0.85 → -0.39,0.46,+0.46 (-0.85 → -0.39),"CEE
+0.46 (-0.85 → -0.39)",-0.6822735359801385,-0.28909204099933733,logratio,% of G7
Bulgaria,CEE,1990,2024,0.36720131430559555,0.5412002167450324,6444366,8822320,67.86896626362149,42.74255738542771,0.01,0.17399890243943683,0.38787905878273093,0.2512640887819378,0.4623837954968275,black,+0%,0.39,0.39,-0.8079055115872373,0 → 1,-0.85 → -0.39,0.46,+0.46 (-0.85 → -0.39),"CEE
+0.46 (-0.85 → -0.39)",-1.0018450409786028,-0.6139659821958718,logratio,% of G7
Uruguay,Latin America,1990,2024,0.34524470811294167,0.508707390261116,3386588,3104365,33.821658586736056,33.20486920133411,0.01,0.16346268214817433,0.38761951498686664,0.006167893854019439,0.018404856003423817,black,+0%,0.39,0.39,-0.869692057012814,0 → 0,-1.1 → -1.08,0.02,+0.02 (-1.1 → -1.08),"Latin America
+0.02 (-1.1 → -1.08)",-1.0635018145062474,-0.6758822995193807,logratio,% of G7
Latvia,CEE,1990,2024,0.4299041499594657,0.6182213720725145,1862441,2660082,67.86896626362149,42.74255738542771,0.01,0.1883172221130488,0.36328432378474923,0.2512640887819378,0.4623837954968275,black,+0%,0.36,0.36,-0.662550840320638,0 → 1,-0.85 → -0.39,0.46,+0.46 (-0.85 → -0.39),"CEE
+0.46 (-0.85 → -0.39)",-0.8441930022130126,-0.48090867842826346,logratio,% of G7
Estonia,CEE,1990,2024,0.475358819928119,0.6596637940720685,1371986,1570254,67.86896626362149,42.74255738542771,0.01,0.18430497414394953,0.3276603730787959,0.2512640887819378,0.4623837954968275,black,+0%,0.33,0.33,-0.5798551632119188,0 → 1,-0.85 → -0.39,0.46,+0.46 (-0.85 → -0.39),"CEE
+0.46 (-0.85 → -0.39)",-0.7436853497513167,-0.4160249766725208,logratio,% of G7
Kazakhstan,ex-USSR/Balkans,1990,2024,0.41342632189269113,0.5701018448218632,20592571,17154015,53.8349865120755,62.104893415830176,0.01,0.15667552292917208,0.32133570304465037,-0.08269906903754674,-0.14290122207590253,black,+0%,0.32,0.32,-0.7226081105102898,1 → 1,-0.48 → -0.62,-0.14,-0.14 (-0.48 → -0.62),"ex-USSR/Balkans
-0.14 (-0.48 → -0.62)",-0.883275962032615,-0.5619402589879646,logratio,% of G7
Egypt,Africa,1990,2024,0.19659156953294912,0.2667188260522316,116538258,58396583,22.760939300337878,21.44900453405247,0.01,0.07012725651928245,0.30506669209296905,0.013119347662854075,0.05936764256470227,black,+0%,0.31,0.31,-1.4740936074596709,0 → 0,-1.54 → -1.48,0.06,+0.06 (-1.54 → -1.48),"Africa
+0.06 (-1.54 → -1.48)",-1.6266269535061553,-1.3215602614131863,logratio,% of G7
Morocco,Africa,1990,2024,0.10849411854177697,0.14394738281959765,38081173,24375508,22.760939300337878,21.44900453405247,0.01,0.03545326427782068,0.2827518711930597,0.013119347662854075,0.05936764256470227,black,+0%,0.28,0.28,-2.0796833788625753,0 → 0,-1.54 → -1.48,0.06,+0.06 (-1.54 → -1.48),"Africa
+0.06 (-1.54 → -1.48)",-2.2210593144591053,-1.9383074432660456,logratio,% of G7
Azerbaijan,ex-USSR/Balkans,1990,2024,0.26459151080279775,0.3504579732430397,10202850,7231035,53.8349865120755,62.104893415830176,0.01,0.08586646244024193,0.28105362609768275,-0.08269906903754674,-0.14290122207590253,black,+0%,0.28,0.28,-1.1890412979009106,1 → 1,-0.48 → -0.62,-0.14,-0.14 (-0.48 → -0.62),"ex-USSR/Balkans
-0.14 (-0.48 → -0.62)",-1.329568110949752,-1.048514484852069,logratio,% of G7
Georgia,ex-USSR/Balkans,1990,2024,0.31716147529224953,0.39695673406970877,3673850,5448811,53.8349865120755,62.104893415830176,0.01,0.07979525877745924,0.22441626259167877,-0.08269906903754674,-0.14290122207590253,black,+0%,0.22,0.22,-1.036136117721946,1 → 1,-0.48 → -0.62,-0.14,-0.14 (-0.48 → -0.62),"ex-USSR/Balkans
-0.14 (-0.48 → -0.62)",-1.1483442490177853,-0.9239279864261066,logratio,% of G7
Slovenia,CEE,1990,2024,0.6224690129766627,0.7700113137889373,2126324,1997968,67.86896626362149,42.74255738542771,0.01,0.1475423008122746,0.21271135922303436,0.2512640887819378,0.4623837954968275,black,+0%,0.21,0.21,-0.36770575062148314,0 → 1,-0.85 → -0.39,0.46,+0.46 (-0.85 → -0.39),"CEE
+0.46 (-0.85 → -0.39)",-0.4740614302330003,-0.26135007100996593,logratio,% of G7
Hungary,CEE,1990,2024,0.522918538745286,0.6462634030073845,9562314,10381231,67.86896626362149,42.74255738542771,0.01,0.12334486426209845,0.2117814709945969,0.2512640887819378,0.4623837954968275,black,+0%,0.21,0.21,-0.5424388492085962,0 → 1,-0.85 → -0.39,0.46,+0.46 (-0.85 → -0.39),"CEE
+0.46 (-0.85 → -0.39)",-0.6483295847058946,-0.4365481137112978,logratio,% of G7
"North
Macedonia",ex-USSR/Balkans,1990,2024,0.31685268215607426,0.3884582529458965,1792179,2063645,53.8349865120755,62.104893415830176,0.01,0.07160557078982221,0.20374876620964266,-0.08269906903754674,-0.14290122207590253,black,+0%,0.2,0.2,-1.0474439550778953,1 → 1,-0.48 → -0.62,-0.14,-0.14 (-0.48 → -0.62),"ex-USSR/Balkans
-0.14 (-0.48 → -0.62)",-1.1493183381827168,-0.9455695719730741,logratio,% of G7
Tunisia,Africa,1990,2024,0.16555469467068828,0.20186406072908314,12277109,8324459,22.760939300337878,21.44900453405247,0.01,0.036309366058394854,0.19829288255571567,0.013119347662854075,0.05936764256470227,black,+0%,0.2,0.2,-1.699307216090222,0 → 0,-1.54 → -1.48,0.06,+0.06 (-1.54 → -1.48),"Africa
+0.06 (-1.54 → -1.48)",-1.7984536573680798,-1.6001607748123643,logratio,% of G7
Israel,Asia,1990,2024,0.6220727394371313,0.751639871191937,9974400,4544949,38.95815147617544,7.643019626028496,0.01,0.12956713175480572,0.18920028421718157,0.31315131850146943,1.6286952668375956,black,+0%,0.19,0.19,-0.380098106539147,0 → 0,-2.57 → -0.94,1.63,+1.63 (-2.57 → -0.94),"Asia
+1.63 (-2.57 → -0.94)",-0.4746982486477378,-0.28549796443055625,logratio,% of G7
Colombia,Latin America,1990,2024,0.24550703486119652,0.29379883122965245,52886363,32440020,33.821658586736056,33.20486920133411,0.01,0.04829179636845593,0.1795696835532063,0.006167893854019439,0.018404856003423817,black,+0%,0.18,0.18,-1.3146448351424225,0 → 0,-1.1 → -1.08,0.02,+0.02 (-1.1 → -1.08),"Latin America
+0.02 (-1.1 → -1.08)",-1.4044296769190256,-1.2248599933658193,logratio,% of G7
Croatia,CEE,1990,2024,0.5745473160183003,0.6769333010592127,3866300,4835027,67.86896626362149,42.74255738542771,0.01,0.10238598504091234,0.16399029248561897,0.2512640887819378,0.4623837954968275,black,+0%,0.16,0.16,-0.47217767849677394,0 → 1,-0.85 → -0.39,0.46,+0.46 (-0.85 → -0.39),"CEE
+0.46 (-0.85 → -0.39)",-0.5541728247395834,-0.3901825322539645,logratio,% of G7
Iran,Asia,1990,2024,0.22212643965202084,0.25760308453458214,91567738,58380046,38.95815147617544,7.643019626028496,0.01,0.0354766448825613,0.14817320055997873,0.31315131850146943,1.6286952668375956,black,+0%,0.15,0.15,-1.4304219109786864,0 → 0,-2.57 → -0.94,1.63,+1.63 (-2.57 → -0.94),"Asia
+1.63 (-2.57 → -0.94)",-1.5045085112586758,-1.356335310698697,logratio,% of G7
Czechia,CEE,1990,2024,0.6854914418285454,0.7615312595193464,10882164,10301937,67.86896626362149,42.74255738542771,0.01,0.07603981769080104,0.10519520706330304,0.2512640887819378,0.4623837954968275,black,+0%,0.11,0.11,-0.3250216610941815,0 → 1,-0.85 → -0.39,0.46,+0.46 (-0.85 → -0.39),"CEE
+0.46 (-0.85 → -0.39)",-0.37761926462583306,-0.2724240575625299,logratio,% of G7
Paraguay,Latin America,1990,2024,0.24461499144016333,0.2587502330662403,6929153,4035697,33.821658586736056,33.20486920133411,0.01,0.014135241626076961,0.05617773432695897,0.006167893854019439,0.018404856003423817,black,+0%,0.06,0.06,-1.3799809008273505,0 → 0,-1.1 → -1.08,0.02,+0.02 (-1.1 → -1.08),"Latin America
+0.02 (-1.1 → -1.08)",-1.40806976799083,-1.351892033663871,logratio,% of G7
Argentina,Latin America,1990,2024,0.41759046135256855,0.4215105495266559,45696159,32755859,33.821658586736056,33.20486920133411,0.01,0.003920088174087344,0.009343610942814133,0.006167893854019439,0.018404856003423817,black,+0%,0.01,0.01,-0.8685822787918509,0 → 0,-1.1 → -1.08,0.02,+0.02 (-1.1 → -1.08),"Latin America
+0.02 (-1.1 → -1.08)",-0.873254084263258,-0.8639104733204439,logratio,% of G7
Brazil,Latin America,1990,2024,0.3101930102919314,0.3119669070374262,211998573,149143183,33.821658586736056,33.20486920133411,0.01,0.001773896745494774,0.005702397415677627,0.006167893854019439,0.018404856003423817,black,+0%,0.01,0.01,-1.167709362693752,0 → 0,-1.1 → -1.08,0.02,+0.02 (-1.1 → -1.08),"Latin America
+0.02 (-1.1 → -1.08)",-1.1705605614015908,-1.1648581639859132,logratio,% of G7
Portugal,Southern Europe,1990,2024,0.6676270662517905,0.6650262458678629,10701636,9989475,72.15581166397189,74.51956849388199,0.01,-0.0026008203839276156,-0.0039032262363662656,-0.02363756829910102,-0.032233923523559235,red,0%,0,0,-0.40597715851644944,1 → 1,-0.29 → -0.33,-0.03,-0.03 (-0.29 → -0.33),"Southern Europe
-0.03 (-0.29 → -0.33)",-0.4040255453982663,-0.4079287716346326,logratio,% of G7
Ecuador,Latin America,1990,2024,0.22355622547262402,0.22126664444435887,18135478,10473624,33.821658586736056,33.20486920133411,0.01,-0.002289581028265153,-0.01029444034033131,0.006167893854019439,0.018404856003423817,red,0%,-0.01,-0.01,-1.5032395486264556,0 → 0,-1.1 → -1.08,0.02,+0.02 (-1.1 → -1.08),"Latin America
+0.02 (-1.1 → -1.08)",-1.49809232845629,-1.5083867687966213,logratio,% of G7
Spain,Southern Europe,1990,2024,0.7801478517703693,0.768060811165769,48807137,39084924,72.15581166397189,74.51956849388199,0.01,-0.012087040604600308,-0.01561454405395405,-0.02363756829910102,-0.032233923523559235,red,0%,-0.02,-0.02,-0.2560790957367257,1 → 1,-0.29 → -0.33,-0.03,-0.03 (-0.29 → -0.33),"Southern Europe
-0.03 (-0.29 → -0.33)",-0.2482718237097487,-0.2638863677637027,logratio,% of G7
Russia,ex-USSR/Balkans,1990,2024,0.7278576927148932,0.6621818770081656,143533851,148979487,53.8349865120755,62.104893415830176,0.01,-0.06567581570672765,-0.09456529516230039,-0.08269906903754674,-0.14290122207590253,red,0%,-0.09,-0.09,-0.36493237451470995,1 → 1,-0.48 → -0.62,-0.14,-0.14 (-0.48 → -0.62),"ex-USSR/Balkans
-0.14 (-0.48 → -0.62)",-0.3176497269335597,-0.41221502209586014,logratio,% of G7
Greece,Southern Europe,1990,2024,0.6608930078953204,0.5994312929029691,10388805,10258439,72.15581166397189,74.51956849388199,0.01,-0.0614617149923512,-0.0976106021841171,-0.02363756829910102,-0.032233923523559235,red,0%,-0.1,-0.1,-0.4629686173249288,1 → 1,-0.29 → -0.33,-0.03,-0.03 (-0.29 → -0.33),"Southern Europe
-0.03 (-0.29 → -0.33)",-0.41416331623287017,-0.5117739184169874,logratio,% of G7
Algeria,Africa,1990,2024,0.2879782978580278,0.24518800684186737,46814308,25375759,22.760939300337878,21.44900453405247,0.01,-0.04279029101616044,-0.1608598315090752,0.013119347662854075,0.05936764256470227,red,0%,-0.16,-0.16,-1.3253000720996595,0 → 0,-1.54 → -1.48,0.06,+0.06 (-1.54 → -1.48),"Africa
+0.06 (-1.54 → -1.48)",-1.2448701563451219,-1.405729987854197,logratio,% of G7
Mexico,Latin America,1990,2024,0.4215757146390285,0.34984141368533317,130861007,82820134,33.821658586736056,33.20486920133411,0.01,-0.07173430095369532,-0.18651944467469758,0.006167893854019439,0.018404856003423817,red,0%,-0.19,-0.19,-0.9570156086000452,0 → 0,-1.1 → -1.08,0.02,+0.02 (-1.1 → -1.08),"Latin America
+0.02 (-1.1 → -1.08)",-0.8637558862626964,-1.050275330937394,logratio,% of G7
"South
Africa",Africa,1990,2024,0.2657778696840487,0.21591976862328324,64007187,40746216,22.760939300337878,21.44900453405247,0.01,-0.049858101060765464,-0.2077539864116417,0.013119347662854075,0.05936764256470227,red,0%,-0.21,-0.21,-1.4289713886525282,0 → 0,-1.54 → -1.48,0.06,+0.06 (-1.54 → -1.48),"Africa
+0.06 (-1.54 → -1.48)",-1.3250943954467074,-1.532848381858349,logratio,% of G7
Jamaica,Latin America,1990,2024,0.21465183302144508,0.16290684354384716,2839175,2379829,33.821658586736056,33.20486920133411,0.01,-0.051744989477597925,-0.2758388087863031,0.006167893854019439,0.018404856003423817,red,0%,-0.28,-0.28,-1.6766573491583947,0 → 0,-1.1 → -1.08,0.02,+0.02 (-1.1 → -1.08),"Latin America
+0.02 (-1.1 → -1.08)",-1.5387379447652432,-1.8145767535515462,logratio,% of G7
Moldova,ex-USSR/Balkans,1990,2024,0.3904736822589011,0.2614438349994616,2389275,4451100,53.8349865120755,62.104893415830176,0.01,-0.1290298472594395,-0.40114109170534523,-0.08269906903754674,-0.14290122207590253,red,0%,-0.4,-0.4,-1.1409652528098209,1 → 1,-0.48 → -0.62,-0.14,-0.14 (-0.48 → -0.62),"ex-USSR/Balkans
-0.14 (-0.48 → -0.62)",-0.9403947069571482,-1.3415357986624936,logratio,% of G7
Ukraine,ex-USSR/Balkans,1990,2024,0.5602105378442861,0.25912433321291306,37860221,52054034,53.8349865120755,62.104893415830176,0.01,-0.30108620463137303,-0.7710046759829838,-0.08269906903754674,-0.14290122207590253,red,0%,-0.77,-0.77,-0.964944943463625,1 → 1,-0.48 → -0.62,-0.14,-0.14 (-0.48 → -0.62),"ex-USSR/Balkans
-0.14 (-0.48 → -0.62)",-0.5794426054721332,-1.350447281455117,logratio,% of G7
China,Asia,1990,2024,0.14858467021256413,1.1212137019190613,1408975000,1153582668,115.47738818907668,27.74639792162573,0.01,0.9726290317064972,2.02101207443929,0.8773099026745095,1.4259687104000216,black,+1%,2.02,2.02,-0.8960942762231913,0 → 1,-1.28 → 0.14,1.43,+1.43 (-1.28 → 0.14),"Asia
+1.43 (-1.28 → 0.14)",-1.9066003134428362,0.11441176099645377,logratio,% of World
"South
Korea",Asia,1990,2023,1.233652874401266,2.4254763231818095,51748695,44081380,115.47738818907668,27.74639792162573,0.01,1.1918234487805435,0.6760483422547131,0.8773099026745095,1.4259687104000216,black,+1%,0.68,0.68,0.5480037559044714,0 → 1,-1.28 → 0.14,1.43,+1.43 (-1.28 → 0.14),"Asia
+1.43 (-1.28 → 0.14)",0.20997958477711492,0.8860279270318279,logratio,% of World
Poland,CEE,1990,2024,1.14286474368532,2.1211805424213064,36554707,38055404,200.98277665696443,155.16799163582024,0.01,0.9783157987359863,0.6184347500007611,0.4581478502114419,0.2587108690949018,black,+1%,0.62,0.62,0.4427554183274423,2 → 2,0.44 → 0.7,0.26,+0.26 (0.44 → 0.7),"CEE
+0.26 (0.44 → 0.7)",0.13353804332706173,0.7519727933278229,logratio,% of World
"Dominican
Republic",Latin America,1990,2024,0.6531703976168909,1.1392621356011052,11427557,7151120,100.15727700201688,120.54339238619612,0.01,0.48609173798421434,0.5562980413089301,-0.20386115384179235,-0.1852680703985019,black,+0%,0.56,0.56,-0.147768217277144,1 → 1,0.19 → 0,-0.19,-0.19 (0.19 → 0),"Latin America
-0.19 (0.19 → 0)",-0.42591723793160907,0.13038080337732105,logratio,% of World
Panama,Latin America,1990,2024,1.010449449459381,1.7127396850758525,4515577,2455535,100.15727700201688,120.54339238619612,0.01,0.7022902356164715,0.5276990121135494,-0.20386115384179235,-0.1852680703985019,black,+1%,0.53,0.53,0.27424473739177846,1 → 1,0.19 → 0,-0.19,-0.19 (0.19 → 0),"Latin America
-0.19 (0.19 → 0)",0.010395231335003719,0.5380942434485532,logratio,% of World
Malaysia,Asia,1990,2024,1.0708629746173484,1.6020523677269,35557673,17833124,115.47738818907668,27.74639792162573,0.01,0.5311893931095517,0.4028206953333568,0.8773099026745095,1.4259687104000216,black,+1%,0.4,0.4,0.26987518941331884,0 → 1,-1.28 → 0.14,1.43,+1.43 (-1.28 → 0.14),"Asia
+1.43 (-1.28 → 0.14)",0.0684648417466405,0.4712855370799972,logratio,% of World
Chile,Latin America,1990,2024,0.9762851161751651,1.4191853631293152,19764771,13437138,100.15727700201688,120.54339238619612,0.01,0.4429002469541501,0.37408362705542136,-0.20386115384179235,-0.1852680703985019,black,+0%,0.37,0.37,0.16304120552646806,1 → 1,0.19 → 0,-0.19,-0.19 (0.19 → 0),"Latin America
-0.19 (0.19 → 0)",-0.024000608001242586,0.3500830190541787,logratio,% of World
Thailand,Asia,1990,2024,0.775664707674706,1.022075419623863,71668011,54738282,115.47738818907668,27.74639792162573,0.01,0.2464107119491571,0.2758702150783513,0.8773099026745095,1.4259687104000216,black,+0%,0.28,0.28,-0.11609982237100686,0 → 1,-1.28 → 0.14,1.43,+1.43 (-1.28 → 0.14),"Asia
+1.43 (-1.28 → 0.14)",-0.2540349299101825,0.021835285168168805,logratio,% of World
Romania,CEE,1990,2024,1.454359406467068,1.909505163473852,19069340,22939481,200.98277665696443,155.16799163582024,0.01,0.45514575700678406,0.2722785985705208,0.4581478502114419,0.2587108690949018,black,+0%,0.27,0.27,0.5107048324918476,2 → 2,0.44 → 0.7,0.26,+0.26 (0.44 → 0.7),"CEE
+0.26 (0.44 → 0.7)",0.3745655332065872,0.646844131777108,logratio,% of World
Costa Rica,Latin America,1990,2024,0.9763537916950089,1.2682826683153603,5129910,3121652,100.15727700201688,120.54339238619612,0.01,0.2919288766203514,0.2615940224724034,-0.20386115384179235,-0.1852680703985019,black,+0%,0.26,0.26,0.10686674447377731,1 → 1,0.19 → 0,-0.19,-0.19 (0.19 → 0),"Latin America
-0.19 (0.19 → 0)",-0.023930266762424372,0.237663755709979,logratio,% of World
Belarus,ex-USSR/Balkans,1990,2024,1.1009857677821875,1.365335685196201,9133712,10186209,159.42345472685875,225.4589376857571,0.01,0.2643499174140136,0.21519439059478068,-0.6603548295889834,-0.3465741484778279,black,+0%,0.22,0.22,0.2038031263260344,2 → 2,0.81 → 0.47,-0.35,-0.35 (0.81 → 0.47),"ex-USSR/Balkans
-0.35 (0.81 → 0.47)",0.0962059310286441,0.3114003216234247,logratio,% of World
Slovakia,CEE,1990,2024,1.5617657359686588,1.8970835329380353,5422069,5266022,200.98277665696443,155.16799163582024,0.01,0.3353177969693766,0.19450066101822885,0.4581478502114419,0.2587108690949018,black,+0%,0.19,0.19,0.5430673937062482,2 → 2,0.44 → 0.7,0.26,+0.26 (0.44 → 0.7),"CEE
+0.26 (0.44 → 0.7)",0.44581706319713377,0.6403177242153626,logratio,% of World
Lithuania,CEE,1990,2024,1.8349912756110265,2.2178722617624094,2888055,3694967,200.98277665696443,155.16799163582024,0.01,0.3828809861513829,0.18950856857887563,0.4581478502114419,0.2587108690949018,black,+0%,0.19,0.19,0.7017940113492611,2 → 2,0.44 → 0.7,0.26,+0.26 (0.44 → 0.7),"CEE
+0.26 (0.44 → 0.7)",0.6070397270598233,0.7965482956386989,logratio,% of World
Bulgaria,CEE,1990,2024,1.3330482299652575,1.6026753946165602,6444366,8822320,200.98277665696443,155.16799163582024,0.01,0.26962716465130265,0.1842061323808052,0.4581478502114419,0.2587108690949018,black,+0%,0.18,0.18,0.3795712882517618,2 → 2,0.44 → 0.7,0.26,+0.26 (0.44 → 0.7),"CEE
+0.26 (0.44 → 0.7)",0.2874682220613592,0.4716743544421644,logratio,% of World
Uruguay,Latin America,1990,2024,1.2533393240303436,1.5064532352454536,3386588,3104365,100.15727700201688,120.54339238619612,0.01,0.25311391121510995,0.18394658858494115,-0.20386115384179235,-0.1852680703985019,black,+0%,0.18,0.18,0.3177847428261852,1 → 1,0.19 → 0,-0.19,-0.19 (0.19 → 0),"Latin America
-0.19 (0.19 → 0)",0.2258114485337146,0.4097580371186557,logratio,% of World
Latvia,CEE,1990,2024,1.5606778729589408,1.830760873315565,1862441,2660082,200.98277665696443,155.16799163582024,0.01,0.27008300035662414,0.15961139738282362,0.4581478502114419,0.2587108690949018,black,+0%,0.16,0.16,0.5249259595183611,2 → 2,0.44 → 0.7,0.26,+0.26 (0.44 → 0.7),"CEE
+0.26 (0.44 → 0.7)",0.4451202608269493,0.6047316582097728,logratio,% of World
Estonia,CEE,1990,2024,1.7256916269536797,1.953485787269715,1371986,1570254,200.98277665696443,155.16799163582024,0.01,0.22779416031603517,0.12398744667687031,0.4581478502114419,0.2587108690949018,black,+0%,0.12,0.12,0.6076216366270804,2 → 2,0.44 → 0.7,0.26,+0.26 (0.44 → 0.7),"CEE
+0.26 (0.44 → 0.7)",0.5456279132886452,0.6696153599655156,logratio,% of World
Kazakhstan,ex-USSR/Balkans,1990,2024,1.5008585349491506,1.6882628107888602,20592571,17154015,159.42345472685875,225.4589376857571,0.01,0.18740427583970964,0.11766277664272494,-0.6603548295889834,-0.3465741484778279,black,+0%,0.12,0.12,0.46486868932870934,2 → 2,0.81 → 0.47,-0.35,-0.35 (0.81 → 0.47),"ex-USSR/Balkans
-0.35 (0.81 → 0.47)",0.4060373010073469,0.5237000776500718,logratio,% of World
Egypt,Africa,1990,2024,0.7136849286271637,0.7898439183299709,116538258,58396583,67.40277672911226,77.86616336792268,0.01,0.07615898970280721,0.10139376569104332,-0.1046338663881042,-0.14430528383722335,black,+0%,0.1,0.1,-0.28661680762067177,1 → 1,-0.25 → -0.39,-0.14,-0.14 (-0.25 → -0.39),"Africa
-0.14 (-0.25 → -0.39)",-0.3373136904661934,-0.23591992477515009,logratio,% of World
Morocco,Africa,1990,2024,0.3938654003928567,0.4262764895992391,38081173,24375508,67.40277672911226,77.86616336792268,0.01,0.03241108920638236,0.0790789447911341,-0.1046338663881042,-0.14430528383722335,black,+0%,0.08,0.08,-0.8922065790235763,1 → 1,-0.25 → -0.39,-0.14,-0.14 (-0.25 → -0.39),"Africa
-0.14 (-0.25 → -0.39)",-0.9317460514191434,-0.8526671066280093,logratio,% of World
Azerbaijan,ex-USSR/Balkans,1990,2024,0.9605446151697722,1.0378236245762997,10202850,7231035,159.42345472685875,225.4589376857571,0.01,0.07727900940652754,0.07738069969575705,-0.6603548295889834,-0.3465741484778279,black,+0%,0.08,0.08,-0.001564498061911352,2 → 2,0.81 → 0.47,-0.35,-0.35 (0.81 → 0.47),"ex-USSR/Balkans
-0.35 (0.81 → 0.47)",-0.04025484790978991,0.03712585178596721,logratio,% of World
Georgia,ex-USSR/Balkans,1990,2024,1.15138897051889,1.1755220540138689,3673850,5448811,159.42345472685875,225.4589376857571,0.01,0.02413308349497889,0.020743336189752923,-0.6603548295889834,-0.3465741484778279,black,+0%,0.02,0.02,0.15134068211705323,2 → 2,0.81 → 0.47,-0.35,-0.35 (0.81 → 0.47),"ex-USSR/Balkans
-0.35 (0.81 → 0.47)",0.14096901402217674,0.16171235021192973,logratio,% of World
Slovenia,CEE,1990,2024,2.2597446785448954,2.280261810699337,2126324,1997968,200.98277665696443,155.16799163582024,0.01,0.02051713215444151,0.009038432821108637,0.4581478502114419,0.2587108690949018,black,+0%,0.01,0.01,0.8197710492175161,2 → 2,0.44 → 0.7,0.26,+0.26 (0.44 → 0.7),"CEE
+0.26 (0.44 → 0.7)",0.8152518328069617,0.8242902656280704,logratio,% of World
Hungary,CEE,1990,2024,1.8983473242971456,1.9138027339871866,9562314,10381231,200.98277665696443,155.16799163582024,0.01,0.015455409690041,0.008108544592670972,0.4581478502114419,0.2587108690949018,black,+0%,0.01,0.01,0.6450379506304028,2 → 2,0.44 → 0.7,0.26,+0.26 (0.44 → 0.7),"CEE
+0.26 (0.44 → 0.7)",0.6409836783340673,0.6490922229267383,logratio,% of World
"North
Macedonia",ex-USSR/Balkans,1990,2024,1.1502679610683049,1.1503552004773632,1792179,2063645,159.42345472685875,225.4589376857571,0.01,8.723940905830396e-5,7.583980771667198e-5,-0.6603548295889834,-0.3465741484778279,black,+0%,0,0,0.14003284476110361,2 → 2,0.81 → 0.47,-0.35,-0.35 (0.81 → 0.47),"ex-USSR/Balkans
-0.35 (0.81 → 0.47)",0.13999492485724527,0.140070764664962,logratio,% of World
Tunisia,Africa,1990,2024,0.6010119901410077,0.5977872018116743,12277109,8324459,67.40277672911226,77.86616336792268,0.01,-0.0032247883293333723,-0.005380043846210156,-0.1046338663881042,-0.14430528383722335,red,0%,-0.01,-0.01,-0.511830416251223,1 → 1,-0.25 → -0.39,-0.14,-0.14 (-0.25 → -0.39),"Africa
-0.14 (-0.25 → -0.39)",-0.509140394328118,-0.514520438174328,logratio,% of World
Israel,Asia,1990,2024,2.2583060896295657,2.2258578062240497,9974400,4544949,115.47738818907668,27.74639792162573,0.01,-0.032448283405515976,-0.014472642184744207,0.8773099026745095,1.4259687104000216,red,0%,-0.01,-0.01,0.8073786932998519,0 → 1,-1.28 → 0.14,1.43,+1.43 (-1.28 → 0.14),"Asia
+1.43 (-1.28 → 0.14)",0.8146150143922241,0.8001423722074799,logratio,% of World
Colombia,Latin America,1990,2024,0.891262382556101,0.8700368980094083,52886363,32440020,100.15727700201688,120.54339238619612,0.01,-0.021225484546692708,-0.024103242848719397,-0.20386115384179235,-0.1852680703985019,red,0%,-0.02,-0.02,-0.12716803530342335,1 → 1,0.19 → 0,-0.19,-0.19 (0.19 → 0),"Latin America
-0.19 (0.19 → 0)",-0.11511641387906364,-0.13921965672778308,logratio,% of World
Croatia,CEE,1990,2024,2.0857748946183814,2.0046265907452128,3866300,4835027,200.98277665696443,155.16799163582024,0.01,-0.08114830387316863,-0.03968263391630682,0.4581478502114419,0.2587108690949018,red,0%,-0.04,-0.04,0.7152991213422252,2 → 2,0.44 → 0.7,0.26,+0.26 (0.44 → 0.7),"CEE
+0.26 (0.44 → 0.7)",0.7351404383003786,0.6954578043840718,logratio,% of World
Iran,Asia,1990,2024,0.8063839797702456,0.7628491496990778,91567738,58380046,115.47738818907668,27.74639792162573,0.01,-0.04353483007116776,-0.05549972584194692,0.8773099026745095,1.4259687104000216,red,0%,-0.06,-0.06,-0.24294511113968736,0 → 1,-1.28 → 0.14,1.43,+1.43 (-1.28 → 0.14),"Asia
+1.43 (-1.28 → 0.14)",-0.21519524821871386,-0.27069497406066084,logratio,% of World
Czechia,CEE,1990,2024,2.4885345383742,2.255149525259715,10882164,10301937,200.98277665696443,155.16799163582024,0.01,-0.23338501311448479,-0.0984777193386225,0.4581478502114419,0.2587108690949018,red,0%,-0.1,-0.1,0.8624551387448176,2 → 2,0.44 → 0.7,0.26,+0.26 (0.44 → 0.7),"CEE
+0.26 (0.44 → 0.7)",0.9116939984141289,0.8132162790755064,logratio,% of World
Paraguay,Latin America,1990,2024,0.8880240038871433,0.7662462413276001,6929153,4035697,100.15727700201688,120.54339238619612,0.01,-0.1217777625595432,-0.14749519207496664,-0.20386115384179235,-0.1852680703985019,red,0%,-0.15,-0.15,-0.19250410098835147,1 → 1,0.19 → 0,-0.19,-0.19 (0.19 → 0),"Latin America
-0.19 (0.19 → 0)",-0.11875650495086815,-0.2662516970258348,logratio,% of World
Argentina,Latin America,1990,2024,1.5159755797963765,1.248234138486932,45696159,32755859,100.15727700201688,120.54339238619612,0.01,-0.26774144130944455,-0.19432931545911167,-0.20386115384179235,-0.1852680703985019,red,0%,-0.19,-0.19,0.31889452104714805,1 → 1,0.19 → 0,-0.19,-0.19 (0.19 → 0),"Latin America
-0.19 (0.19 → 0)",0.41605917877670384,0.22172986331759223,logratio,% of World
Brazil,Latin America,1990,2024,1.1260914032925426,0.9238386651996922,211998573,149143183,100.15727700201688,120.54339238619612,0.01,-0.2022527380928505,-0.197970528986248,-0.20386115384179235,-0.1852680703985019,red,0%,-0.2,-0.2,0.019767437145247098,1 → 1,0.19 → 0,-0.19,-0.19 (0.19 → 0),"Latin America
-0.19 (0.19 → 0)",0.11875270163837112,-0.07921782734787693,logratio,% of World
Portugal,Southern Europe,1990,2024,2.423681627139223,1.9693658059430732,10701636,9989475,231.35497273133083,320.7345361383345,0.01,-0.45431582119614977,-0.2075761526382922,-0.8937956340700365,-0.32666058123151714,red,0%,-0.21,-0.21,0.7814996413225497,3 → 2,1.17 → 0.84,-0.33,-0.33 (1.17 → 0.84),"Southern Europe
-0.33 (1.17 → 0.84)",0.8852877176416958,0.6777115650034036,logratio,% of World
Ecuador,Latin America,1990,2024,0.811574520716399,0.6552447610482224,18135478,10473624,100.15727700201688,120.54339238619612,0.01,-0.15632975966817664,-0.21396736674225725,-0.20386115384179235,-0.1852680703985019,red,0%,-0.21,-0.21,-0.3157627487874566,1 → 1,0.19 → 0,-0.19,-0.19 (0.19 → 0),"Latin America
-0.19 (0.19 → 0)",-0.20877906541632793,-0.42274643215858526,logratio,% of World
Spain,Southern Europe,1990,2024,2.8321650070353286,2.2744857181100024,48807137,39084924,231.35497273133083,320.7345361383345,0.01,-0.5576792889253261,-0.21928747045587993,-0.8937956340700365,-0.32666058123151714,red,-1%,-0.22,-0.22,0.9313977041022734,3 → 2,1.17 → 0.84,-0.33,-0.33 (1.17 → 0.84),"Southern Europe
-0.33 (1.17 → 0.84)",1.0410414393302134,0.8217539688743334,logratio,% of World
Russia,ex-USSR/Balkans,1990,2024,2.6423364272947514,1.9609426755680206,143533851,148979487,159.42345472685875,225.4589376857571,0.01,-0.6813937517267308,-0.29823822156422575,-0.6603548295889834,-0.3465741484778279,red,-1%,-0.3,-0.3,0.8225444253242891,2 → 2,0.81 → 0.47,-0.35,-0.35 (0.81 → 0.47),"ex-USSR/Balkans
-0.35 (0.81 → 0.47)",0.971663536106402,0.6734253145421762,logratio,% of World
Greece,Southern Europe,1990,2024,2.3992350246275977,1.7751171455117478,10388805,10258439,231.35497273133083,320.7345361383345,0.01,-0.6241178791158499,-0.30128352858604274,-0.8937956340700365,-0.32666058123151714,red,-1%,-0.3,-0.3,0.7245081825140705,3 → 2,1.17 → 0.84,-0.33,-0.33 (1.17 → 0.84),"Southern Europe
-0.33 (1.17 → 0.84)",0.8751499468070918,0.573866418221049,logratio,% of World
Algeria,Africa,1990,2024,1.0454454961688078,0.7260839398474697,46814308,25375759,67.40277672911226,77.86616336792268,0.01,-0.3193615563213381,-0.364532757911001,-0.1046338663881042,-0.14430528383722335,red,0%,-0.36,-0.36,-0.1378232722606603,1 → 1,-0.25 → -0.39,-0.14,-0.14 (-0.25 → -0.39),"Africa
-0.14 (-0.25 → -0.39)",0.04444310669484016,-0.32008965121616073,logratio,% of World
Mexico,Latin America,1990,2024,1.530443215484242,1.0359977848927995,130861007,82820134,100.15727700201688,120.54339238619612,0.01,-0.4944454305914425,-0.39019237107662347,-0.20386115384179235,-0.1852680703985019,red,0%,-0.39,-0.39,0.2304611912389538,1 → 1,0.19 → 0,-0.19,-0.19 (0.19 → 0),"Latin America
-0.19 (0.19 → 0)",0.4255573767772656,0.03536500570064206,logratio,% of World
"South
Africa",Africa,1990,2024,0.9648514450887932,0.6394108680611743,64007187,40746216,67.40277672911226,77.86616336792268,0.01,-0.32544057702761886,-0.41142691281356747,-0.1046338663881042,-0.14430528383722335,red,0%,-0.41,-0.41,-0.24149458881352903,1 → 1,-0.25 → -0.39,-0.14,-0.14 (-0.25 → -0.39),"Africa
-0.14 (-0.25 → -0.39)",-0.03578113240674529,-0.44720804522031277,logratio,% of World
Italy,Southern Europe,1990,2024,3.8022873816597973,2.4974573086376246,58986023,57031408,231.35497273133083,320.7345361383345,0.01,-1.3048300730221727,-0.4203296904237639,-0.8937956340700365,-0.32666058123151714,red,-1%,-0.42,-0.42,1.125437982967767,3 → 2,1.17 → 0.84,-0.33,-0.33 (1.17 → 0.84),"Southern Europe
-0.33 (1.17 → 0.84)",1.3356028281796488,0.9152731377558849,logratio,% of World
Jamaica,Latin America,1990,2024,0.7792489703070625,0.48242181300783815,2839175,2379829,100.15727700201688,120.54339238619612,0.01,-0.2968271572992244,-0.47951173518822865,-0.20386115384179235,-0.1852680703985019,red,0%,-0.48,-0.48,-0.4891805493193956,1 → 1,0.19 → 0,-0.19,-0.19 (0.19 → 0),"Latin America
-0.19 (0.19 → 0)",-0.24942468172528126,-0.72893641691351,logratio,% of World
Moldova,ex-USSR/Balkans,1990,2024,1.4175337361403137,0.7742229002565806,2389275,4451100,159.42345472685875,225.4589376857571,0.01,-0.6433108358837332,-0.604814018107271,-0.6603548295889834,-0.3465741484778279,red,-1%,-0.6,-0.6,0.0465115470291782,2 → 2,0.81 → 0.47,-0.35,-0.35 (0.81 → 0.47),"ex-USSR/Balkans
-0.35 (0.81 → 0.47)",0.3489185560828137,-0.2558954620244573,logratio,% of World
Ukraine,ex-USSR/Balkans,1990,2024,2.033728194283401,0.7673540773587846,37860221,52054034,159.42345472685875,225.4589376857571,0.01,-1.2663741169246163,-0.9746776023849093,-0.6603548295889834,-0.3465741484778279,red,-1%,-0.97,-0.97,0.222531856375374,2 → 2,0.81 → 0.47,-0.35,-0.35 (0.81 → 0.47),"ex-USSR/Balkans
-0.35 (0.81 → 0.47)",0.7098706575678286,-0.2648069448170806,logratio,% of World
China,Asia,1990,2024,0.12309276552577096,1.1214767372157293,1408975000,1153582668,115.42972484536084,22.98609169213349,0.01,0.9983839716899583,2.2094633488027227,0.9244363315322736,1.61377257790682,black,+1%,2.21,2.21,-0.990085342201246,0 → 1,-1.47 → 0.14,1.61,+1.61 (-1.47 → 0.14),"Asia
+1.61 (-1.47 → 0.14)",-2.094817016602607,0.1146463322001153,logratio,% of LAT_AM
"South
Korea",Asia,1990,2023,1.0220014204132066,2.4034373035143055,51748695,44081380,115.42972484536084,22.98609169213349,0.01,1.3814358831010989,0.8551370408999418,0.9244363315322736,1.61377257790682,black,+1%,0.86,0.86,0.44933140206731487,0 → 1,-1.47 → 0.14,1.61,+1.61 (-1.47 → 0.14),"Asia
+1.61 (-1.47 → 0.14)",0.021762881617343962,0.8768999225172858,logratio,% of LAT_AM
Poland,CEE,1990,2024,0.9467893405212933,2.121678168656436,36554707,38055404,201.02992695863534,128.54662048385214,0.01,1.1748888281351428,0.8068860243641934,0.724833064747832,0.44716214345833394,black,+1%,0.81,0.81,0.3487643523493876,1 → 2,0.25 → 0.7,0.45,+0.45 (0.25 → 0.7),"CEE
+0.45 (0.25 → 0.7)",-0.054678659832709184,0.7522073645314843,logratio,% of LAT_AM
Malaysia,Asia,1990,2024,0.8871405432083177,1.602428207157957,35557673,17833124,115.42972484536084,22.98609169213349,0.01,0.7152876639496393,0.5912719696967891,0.9244363315322736,1.61377257790682,black,+1%,0.59,0.59,0.1758841234352641,0 → 1,-1.47 → 0.14,1.61,+1.61 (-1.47 → 0.14),"Asia
+1.61 (-1.47 → 0.14)",-0.11975186141313045,0.47152010828365865,logratio,% of LAT_AM
Thailand,Asia,1990,2024,0.6425879187390402,1.0223151972066353,71668011,54738282,115.42972484536084,22.98609169213349,0.01,0.37972727846759513,0.4643214894417835,0.9244363315322736,1.61377257790682,black,+0%,0.46,0.46,-0.2100908883490618,0 → 1,-1.47 → 0.14,1.61,+1.61 (-1.47 → 0.14),"Asia
+1.61 (-1.47 → 0.14)",-0.4422516330699536,0.022069856371829937,logratio,% of LAT_AM
Romania,CEE,1990,2024,1.2048424723381217,1.909953130936525,19069340,22939481,201.02992695863534,128.54662048385214,0.01,0.7051106585984033,0.460729872933953,0.724833064747832,0.44716214345833394,black,+1%,0.46,0.46,0.41671376651379277,1 → 2,0.25 → 0.7,0.45,+0.45 (0.25 → 0.7),"CEE
+0.45 (0.25 → 0.7)",0.1863488300468163,0.6470787029807693,logratio,% of LAT_AM
Belarus,ex-USSR/Balkans,1990,2024,0.9120953242817376,1.3656559911970927,9133712,10186209,159.460855264899,186.77811185056967,0.01,0.4535606669153551,0.403645664958213,-0.27317256585670663,-0.15812287411439585,black,+0%,0.4,0.4,0.10981206034797954,2 → 2,0.62 → 0.47,-0.16,-0.16 (0.62 → 0.47),"ex-USSR/Balkans
-0.16 (0.62 → 0.47)",-0.09201077213112693,0.311634892827086,logratio,% of LAT_AM
Slovakia,CEE,1990,2024,1.2938216524541406,1.8975285863021136,5422069,5266022,201.02992695863534,128.54662048385214,0.01,0.603706933847973,0.38295193538166106,0.724833064747832,0.44716214345833394,black,+1%,0.38,0.38,0.4490763277281934,1 → 2,0.25 → 0.7,0.45,+0.45 (0.25 → 0.7),"CEE
+0.45 (0.25 → 0.7)",0.2576003600373629,0.6405522954190239,logratio,% of LAT_AM
Lithuania,CEE,1990,2024,1.5201712969951047,2.2183925717509028,2888055,3694967,201.02992695863534,128.54662048385214,0.01,0.6982212747557981,0.3779598429423077,0.724833064747832,0.44716214345833394,black,+1%,0.38,0.38,0.6078029453712066,1 → 2,0.25 → 0.7,0.45,+0.45 (0.25 → 0.7),"CEE
+0.45 (0.25 → 0.7)",0.41882302390005266,0.7967828668423604,logratio,% of LAT_AM
Bulgaria,CEE,1990,2024,1.104344028027343,1.6030513802089263,6444366,8822320,201.02992695863534,128.54662048385214,0.01,0.49870735218158324,0.3726574067442376,0.724833064747832,0.44716214345833394,black,+0%,0.37,0.37,0.285580222273707,1 → 2,0.25 → 0.7,0.45,+0.45 (0.25 → 0.7),"CEE
+0.45 (0.25 → 0.7)",0.09925151890158827,0.47190892564582576,logratio,% of LAT_AM
Latvia,CEE,1990,2024,1.2929204284840783,1.8311903674687455,1862441,2660082,201.02992695863534,128.54662048385214,0.01,0.5382699389846672,0.3480626717462557,0.724833064747832,0.44716214345833394,black,+1%,0.35,0.35,0.4309348935403063,1 → 2,0.25 → 0.7,0.45,+0.45 (0.25 → 0.7),"CEE
+0.45 (0.25 → 0.7)",0.25690355766717843,0.6049662294134341,logratio,% of LAT_AM
Estonia,CEE,1990,2024,1.4296236247151797,1.9539440725303312,1371986,1570254,201.02992695863534,128.54662048385214,0.01,0.5243204478151515,0.31243872104030246,0.724833064747832,0.44716214345833394,black,+1%,0.31,0.31,0.5136305706490256,1 → 2,0.25 → 0.7,0.45,+0.45 (0.25 → 0.7),"CEE
+0.45 (0.25 → 0.7)",0.3574112101288744,0.6698499311691768,logratio,% of LAT_AM
Kazakhstan,ex-USSR/Balkans,1990,2024,1.2433639854337148,1.6886588750793061,20592571,17154015,159.460855264899,186.77811185056967,0.01,0.4452948896455913,0.3061140510061571,-0.27317256585670663,-0.15812287411439585,black,+0%,0.31,0.31,0.37087762335065455,2 → 2,0.62 → 0.47,-0.16,-0.16 (0.62 → 0.47),"ex-USSR/Balkans
-0.16 (0.62 → 0.47)",0.21782059784757596,0.5239346488537331,logratio,% of LAT_AM
Egypt,Africa,1990,2024,0.591241690364849,0.7900292147003448,116538258,58396583,67.41858933409812,64.50706776228796,0.01,0.19878752433549585,0.28984504005447576,0.029115215718101554,0.044145990526208836,black,+0%,0.29,0.29,-0.3806078735987266,1 → 1,-0.44 → -0.39,0.04,+0.04 (-0.44 → -0.39),"Africa
+0.04 (-0.44 → -0.39)",-0.5255303936259644,-0.23568535357148876,logratio,% of LAT_AM
Morocco,Africa,1990,2024,0.32629194727769595,0.42637649351705814,38081173,24375508,67.41858933409812,64.50706776228796,0.01,0.1000845462393622,0.26753021915456643,0.029115215718101554,0.044145990526208836,black,+0%,0.27,0.27,-0.986197645001631,1 → 1,-0.44 → -0.39,0.04,+0.04 (-0.44 → -0.39),"Africa
+0.04 (-0.44 → -0.39)",-1.1199627545789144,-0.8524325354243477,logratio,% of LAT_AM
Azerbaijan,ex-USSR/Balkans,1990,2024,0.7957489350885727,1.0380670966677592,10202850,7231035,159.460855264899,186.77811185056967,0.01,0.2423181615791865,0.26583197405918946,-0.27317256585670663,-0.15812287411439585,black,+0%,0.27,0.27,-0.09555556403996611,2 → 2,0.62 → 0.47,-0.16,-0.16 (0.62 → 0.47),"ex-USSR/Balkans
-0.16 (0.62 → 0.47)",-0.22847155106956082,0.0373604229896286,logratio,% of LAT_AM
Georgia,ex-USSR/Balkans,1990,2024,0.9538511097698438,1.1757978299802951,3673850,5448811,159.460855264899,186.77811185056967,0.01,0.22194672021045136,0.20919461055318536,-0.27317256585670663,-0.15812287411439585,black,+0%,0.21,0.21,0.057349616138998485,2 → 2,0.62 → 0.47,-0.16,-0.16 (0.62 → 0.47),"ex-USSR/Balkans
-0.16 (0.62 → 0.47)",-0.047247689137594175,0.16194692141559114,logratio,% of LAT_AM
Slovenia,CEE,1990,2024,1.8720519517006997,2.2807967571960046,2126324,1997968,201.02992695863534,128.54662048385214,0.01,0.4087448054953049,0.1974897071845409,0.724833064747832,0.44716214345833394,black,+0%,0.2,0.2,0.7257799832394612,1 → 2,0.25 → 0.7,0.45,+0.45 (0.25 → 0.7),"CEE
+0.45 (0.25 → 0.7)",0.6270351296471908,0.8245248368317317,logratio,% of LAT_AM
Hungary,CEE,1990,2024,1.5726576755320225,1.914251709654391,9562314,10381231,201.02992695863534,128.54662048385214,0.01,0.34159403412236844,0.1965598189561032,0.724833064747832,0.44716214345833394,black,+0%,0.2,0.2,0.5510468846523481,1 → 2,0.25 → 0.7,0.45,+0.45 (0.25 → 0.7),"CEE
+0.45 (0.25 → 0.7)",0.4527669751742965,0.6493267941303996,logratio,% of LAT_AM
"North
Macedonia",ex-USSR/Balkans,1990,2024,0.95292242612263,1.1506250723322229,1792179,2063645,159.460855264899,186.77811185056967,0.01,0.19770264620959288,0.18852711417114928,-0.27317256585670663,-0.15812287411439585,black,+0%,0.19,0.19,0.04604177878304888,2 → 2,0.62 → 0.47,-0.16,-0.16 (0.62 → 0.47),"ex-USSR/Balkans
-0.16 (0.62 → 0.47)",-0.04822177830252572,0.14030533586862348,logratio,% of LAT_AM
Tunisia,Africa,1990,2024,0.4978994661748649,0.5979274419226394,12277109,8324459,67.41858933409812,64.50706776228796,0.01,0.10002797574777444,0.18307123051722207,0.029115215718101554,0.044145990526208836,black,+0%,0.18,0.18,-0.6058214822292778,1 → 1,-0.44 → -0.39,0.04,+0.04 (-0.44 → -0.39),"Africa
+0.04 (-0.44 → -0.39)",-0.6973570974878889,-0.5142858669706668,logratio,% of LAT_AM
Israel,Asia,1990,2024,1.8708601740577617,2.2263799896110332,9974400,4544949,115.42972484536084,22.98609169213349,0.01,0.3555198155532715,0.173978632178688,0.9244363315322736,1.61377257790682,black,+0%,0.17,0.17,0.7133876273217972,0 → 1,-1.47 → 0.14,1.61,+1.61 (-1.47 → 0.14),"Asia
+1.61 (-1.47 → 0.14)",0.6263983112324532,0.8003769434111413,logratio,% of LAT_AM
Croatia,CEE,1990,2024,1.7279292653508893,2.0050968735727435,3866300,4835027,201.02992695863534,128.54662048385214,0.01,0.27716760822185416,0.14876864044712543,0.724833064747832,0.44716214345833394,black,+0%,0.15,0.15,0.6213080553641704,1 → 2,0.25 → 0.7,0.45,+0.45 (0.25 → 0.7),"CEE
+0.45 (0.25 → 0.7)",0.5469237351406078,0.6956923755877331,logratio,% of LAT_AM
Iran,Asia,1990,2024,0.6680368439327974,0.763028113131348,91567738,58380046,115.42972484536084,22.98609169213349,0.01,0.09499126919855061,0.13295154852148536,0.9244363315322736,1.61377257790682,black,+0%,0.13,0.13,-0.33693617711774215,0 → 1,-1.47 → 0.14,1.61,+1.61 (-1.47 → 0.14),"Asia
+1.61 (-1.47 → 0.14)",-0.4034119513784848,-0.2704604028569995,logratio,% of LAT_AM
Czechia,CEE,1990,2024,2.061589516581072,2.2556785804464217,10882164,10301937,201.02992695863534,128.54662048385214,0.01,0.19408906386534985,0.08997355502480969,0.724833064747832,0.44716214345833394,black,+0%,0.09,0.09,0.7684640727667629,1 → 2,0.25 → 0.7,0.45,+0.45 (0.25 → 0.7),"CEE
+0.45 (0.25 → 0.7)",0.723477295254358,0.8134508502791677,logratio,% of LAT_AM
Portugal,Southern Europe,1990,2024,2.0078630844741103,1.9698278166357066,10701636,9989475,231.40924831125267,265.7077678095121,0.01,-0.03803526783840372,-0.01912487827486,-0.34298519498259455,-0.13820930686808489,red,0%,-0.02,-0.02,0.6875085753444949,3 → 2,0.98 → 0.84,-0.14,-0.14 (0.98 → 0.84),"Southern Europe
-0.14 (0.98 → 0.84)",0.697071014481925,0.677946136207065,logratio,% of LAT_AM
Spain,Southern Europe,1990,2024,2.34626507998814,2.2750193095427558,48807137,39084924,231.40924831125267,265.7077678095121,0.01,-0.07124577044538416,-0.030836196092447605,-0.34298519498259455,-0.13820930686808489,red,0%,-0.03,-0.03,0.8374066381242186,3 → 2,0.98 → 0.84,-0.14,-0.14 (0.98 → 0.84),"Southern Europe
-0.14 (0.98 → 0.84)",0.8528247361704424,0.8219885400779947,logratio,% of LAT_AM
Russia,ex-USSR/Balkans,1990,2024,2.1890044095389682,1.9614027102050693,143533851,148979487,159.460855264899,186.77811185056967,0.01,-0.22760169933389895,-0.10978694720079374,-0.27317256585670663,-0.15812287411439585,red,0%,-0.11,-0.11,0.7285533593462344,2 → 2,0.62 → 0.47,-0.16,-0.16 (0.62 → 0.47),"ex-USSR/Balkans
-0.16 (0.62 → 0.47)",0.7834468329466313,0.6736598857458376,logratio,% of LAT_AM
Greece,Southern Europe,1990,2024,1.987610659331191,1.7755335857177412,10388805,10258439,231.40924831125267,265.7077678095121,0.01,-0.21207707361344985,-0.11283225422261026,-0.34298519498259455,-0.13820930686808489,red,0%,-0.11,-0.11,0.6305171165360156,3 → 2,0.98 → 0.84,-0.14,-0.14 (0.98 → 0.84),"Southern Europe
-0.14 (0.98 → 0.84)",0.6869332436473208,0.5741009894247104,logratio,% of LAT_AM
Algeria,Africa,1990,2024,0.8660838103000937,0.7262542782086551,46814308,25375759,67.41858933409812,64.50706776228796,0.01,-0.13982953209143867,-0.1760814835475688,0.029115215718101554,0.044145990526208836,red,0%,-0.18,-0.18,-0.2318143382387149,1 → 1,-0.44 → -0.39,0.04,+0.04 (-0.44 → -0.39),"Africa
+0.04 (-0.44 → -0.39)",-0.1437735964649305,-0.3198550800124993,logratio,% of LAT_AM
"South
Africa",Africa,1990,2024,0.7993168644356784,0.639560873030865,64007187,40746216,67.41858933409812,64.50706776228796,0.01,-0.15975599140481345,-0.22297563845013516,0.029115215718101554,0.044145990526208836,red,0%,-0.22,-0.22,-0.33548565479158377,1 → 1,-0.44 → -0.39,0.04,+0.04 (-0.44 → -0.39),"Africa
+0.04 (-0.44 → -0.39)",-0.22399783556651615,-0.44697347401665133,logratio,% of LAT_AM
Italy,Southern Europe,1990,2024,3.1499485677942483,2.4980432089195856,58986023,57031408,231.40924831125267,265.7077678095121,0.01,-0.6519053588746626,-0.23187841606033158,-0.34298519498259455,-0.13820930686808489,red,-1%,-0.23,-0.23,1.0314469169897122,3 → 2,0.98 → 0.84,-0.14,-0.14 (0.98 → 0.84),"Southern Europe
-0.14 (0.98 → 0.84)",1.147386125019878,0.9155077089595464,logratio,% of LAT_AM
Moldova,ex-USSR/Balkans,1990,2024,1.1743347921287457,0.7744045319561463,2389275,4451100,159.460855264899,186.77811185056967,0.01,-0.39993026017259936,-0.4163627437438387,-0.27317256585670663,-0.15812287411439585,red,0%,-0.42,-0.42,-0.04747951894887656,2 → 2,0.62 → 0.47,-0.16,-0.16 (0.62 → 0.47),"ex-USSR/Balkans
-0.16 (0.62 → 0.47)",0.1607018529230428,-0.2556608908207959,logratio,% of LAT_AM
Ukraine,ex-USSR/Balkans,1990,2024,1.6848119486616333,0.7675340976413066,37860221,52054034,159.460855264899,186.77811185056967,0.01,-0.9172778510203267,-0.7862263280214774,-0.27317256585670663,-0.15812287411439585,red,-1%,-0.79,-0.79,0.12854079039731925,2 → 2,0.62 → 0.47,-0.16,-0.16 (0.62 → 0.47),"ex-USSR/Balkans
-0.16 (0.62 → 0.47)",0.521653954408058,-0.26457237361341945,logratio,% of LAT_AM
