country,year,value,pop,start_val,end_val,diff_end_start,country_val_str,facet_id,var,start_year
Lengyelország,2005,31.120710334530347,38124333,31.120710334530347,72.76518096877803,41.64447063424768,Lengyelország (+42%),EU8 átlag %-a,% of EU8,2005
Lengyelország,2006,33.12459440210485,38071124,31.120710334530347,72.76518096877803,41.64447063424768,Lengyelország (+42%),EU8 átlag %-a,% of EU8,2005
Lengyelország,2007,34.00776570279482,38020368,31.120710334530347,72.76518096877803,41.64447063424768,Lengyelország (+42%),EU8 átlag %-a,% of EU8,2005
Lengyelország,2008,37.74223531736707,37995854,31.120710334530347,72.76518096877803,41.64447063424768,Lengyelország (+42%),EU8 átlag %-a,% of EU8,2005
Lengyelország,2009,40.92468062714298,38002108,31.120710334530347,72.76518096877803,41.64447063424768,Lengyelország (+42%),EU8 átlag %-a,% of EU8,2005
Lengyelország,2010,42.54754519961129,38095304,31.120710334530347,72.76518096877803,41.64447063424768,Lengyelország (+42%),EU8 átlag %-a,% of EU8,2005
Lengyelország,2011,45.17507567791064,38208597,31.120710334530347,72.76518096877803,41.64447063424768,Lengyelország (+42%),EU8 átlag %-a,% of EU8,2005
Lengyelország,2012,45.35371233644456,38247820,31.120710334530347,72.76518096877803,41.64447063424768,Lengyelország (+42%),EU8 átlag %-a,% of EU8,2005
Lengyelország,2013,47.0701600982799,38259214,31.120710334530347,72.76518096877803,41.64447063424768,Lengyelország (+42%),EU8 átlag %-a,% of EU8,2005
Lengyelország,2014,49.35207119948845,38265064,31.120710334530347,72.76518096877803,41.64447063424768,Lengyelország (+42%),EU8 átlag %-a,% of EU8,2005
Lengyelország,2015,49.40285870949113,38266267,31.120710334530347,72.76518096877803,41.64447063424768,Lengyelország (+42%),EU8 átlag %-a,% of EU8,2005
Lengyelország,2016,51.62926296315667,38263203,31.120710334530347,72.76518096877803,41.64447063424768,Lengyelország (+42%),EU8 átlag %-a,% of EU8,2005
Lengyelország,2017,52.82764600733056,38254908,31.120710334530347,72.76518096877803,41.64447063424768,Lengyelország (+42%),EU8 átlag %-a,% of EU8,2005
Lengyelország,2018,54.12954543967558,38241017,31.120710334530347,72.76518096877803,41.64447063424768,Lengyelország (+42%),EU8 átlag %-a,% of EU8,2005
Lengyelország,2019,56.6820655288086,38225836,31.120710334530347,72.76518096877803,41.64447063424768,Lengyelország (+42%),EU8 átlag %-a,% of EU8,2005
Lengyelország,2020,60.53965552935192,38170958,31.120710334530347,72.76518096877803,41.64447063424768,Lengyelország (+42%),EU8 átlag %-a,% of EU8,2005
Lengyelország,2021,62.45968778630642,38040252,31.120710334530347,72.76518096877803,41.64447063424768,Lengyelország (+42%),EU8 átlag %-a,% of EU8,2005
Lengyelország,2022,66.2957612503725,38385689,31.120710334530347,72.76518096877803,41.64447063424768,Lengyelország (+42%),EU8 átlag %-a,% of EU8,2005
Lengyelország,2023,70.28043781766877,38762796,31.120710334530347,72.76518096877803,41.64447063424768,Lengyelország (+42%),EU8 átlag %-a,% of EU8,2005
Lengyelország,2024,72.76518096877803,36554707,31.120710334530347,72.76518096877803,41.64447063424768,Lengyelország (+42%),EU8 átlag %-a,% of EU8,2005
Litvánia,2005,25.15683392665229,3322225,25.15683392665229,60.8659147718244,35.70908084517211,Litvánia (+36%),EU8 átlag %-a,% of EU8,2005
Litvánia,2006,30.03643300053472,3269761,25.15683392665229,60.8659147718244,35.70908084517211,Litvánia (+36%),EU8 átlag %-a,% of EU8,2005
Litvánia,2007,34.64438816647702,3231322,25.15683392665229,60.8659147718244,35.70908084517211,Litvánia (+36%),EU8 átlag %-a,% of EU8,2005
Litvánia,2008,38.4150024353237,3198432,25.15683392665229,60.8659147718244,35.70908084517211,Litvánia (+36%),EU8 átlag %-a,% of EU8,2005
Litvánia,2009,39.66520360675775,3163204,25.15683392665229,60.8659147718244,35.70908084517211,Litvánia (+36%),EU8 átlag %-a,% of EU8,2005
Litvánia,2010,33.788747296286715,3097660,25.15683392665229,60.8659147718244,35.70908084517211,Litvánia (+36%),EU8 átlag %-a,% of EU8,2005
Litvánia,2011,32.939480799514754,3028588,25.15683392665229,60.8659147718244,35.70908084517211,Litvánia (+36%),EU8 átlag %-a,% of EU8,2005
Litvánia,2012,35.31654449916077,2988281,25.15683392665229,60.8659147718244,35.70908084517211,Litvánia (+36%),EU8 átlag %-a,% of EU8,2005
Litvánia,2013,37.4279215806589,2958306,25.15683392665229,60.8659147718244,35.70908084517211,Litvánia (+36%),EU8 átlag %-a,% of EU8,2005
Litvánia,2014,39.20805238076514,2933118,25.15683392665229,60.8659147718244,35.70908084517211,Litvánia (+36%),EU8 átlag %-a,% of EU8,2005
Litvánia,2015,40.967134393166965,2905726,25.15683392665229,60.8659147718244,35.70908084517211,Litvánia (+36%),EU8 átlag %-a,% of EU8,2005
Litvánia,2016,44.49667909682458,2869051,25.15683392665229,60.8659147718244,35.70908084517211,Litvánia (+36%),EU8 átlag %-a,% of EU8,2005
Litvánia,2017,46.819627777414816,2829273,25.15683392665229,60.8659147718244,35.70908084517211,Litvánia (+36%),EU8 átlag %-a,% of EU8,2005
Litvánia,2018,50.31654610400487,2802430,25.15683392665229,60.8659147718244,35.70908084517211,Litvánia (+36%),EU8 átlag %-a,% of EU8,2005
Litvánia,2019,52.8864120122463,2795011,25.15683392665229,60.8659147718244,35.70908084517211,Litvánia (+36%),EU8 átlag %-a,% of EU8,2005
Litvánia,2020,56.893671780617915,2795711,25.15683392665229,60.8659147718244,35.70908084517211,Litvánia (+36%),EU8 átlag %-a,% of EU8,2005
Litvánia,2021,61.88327538279905,2794443,25.15683392665229,60.8659147718244,35.70908084517211,Litvánia (+36%),EU8 átlag %-a,% of EU8,2005
Litvánia,2022,63.16465861249095,2816872,25.15683392665229,60.8659147718244,35.70908084517211,Litvánia (+36%),EU8 átlag %-a,% of EU8,2005
Litvánia,2023,60.77298205827294,2854061,25.15683392665229,60.8659147718244,35.70908084517211,Litvánia (+36%),EU8 átlag %-a,% of EU8,2005
Litvánia,2024,60.8659147718244,2888055,25.15683392665229,60.8659147718244,35.70908084517211,Litvánia (+36%),EU8 átlag %-a,% of EU8,2005
Románia,2007,16.873526823119626,20870655,16.873526823119626,52.459087231864274,35.58556040874465,Románia (+36%),EU8 átlag %-a,% of EU8,2005
Románia,2008,17.1667742931934,20718693,16.873526823119626,52.459087231864274,35.58556040874465,Románia (+36%),EU8 átlag %-a,% of EU8,2005
Románia,2009,19.108541225580318,20576869,16.873526823119626,52.459087231864274,35.58556040874465,Románia (+36%),EU8 átlag %-a,% of EU8,2005
Románia,2010,19.85888986157629,20432524,16.873526823119626,52.459087231864274,35.58556040874465,Románia (+36%),EU8 átlag %-a,% of EU8,2005
Románia,2011,19.775630941435768,20281955,16.873526823119626,52.459087231864274,35.58556040874465,Románia (+36%),EU8 átlag %-a,% of EU8,2005
Románia,2012,19.486076753701138,20158399,16.873526823119626,52.459087231864274,35.58556040874465,Románia (+36%),EU8 átlag %-a,% of EU8,2005
Románia,2013,19.973208357929206,20062861,16.873526823119626,52.459087231864274,35.58556040874465,Románia (+36%),EU8 átlag %-a,% of EU8,2005
Románia,2014,20.721675083132492,19968125,16.873526823119626,52.459087231864274,35.58556040874465,Románia (+36%),EU8 átlag %-a,% of EU8,2005
Románia,2015,21.632990492186217,19870968,16.873526823119626,52.459087231864274,35.58556040874465,Románia (+36%),EU8 átlag %-a,% of EU8,2005
Románia,2016,22.447918843805994,19777001,16.873526823119626,52.459087231864274,35.58556040874465,Románia (+36%),EU8 átlag %-a,% of EU8,2005
Románia,2017,25.338578471247818,19689357,16.873526823119626,52.459087231864274,35.58556040874465,Románia (+36%),EU8 átlag %-a,% of EU8,2005
Románia,2018,29.516658235931843,19597823,16.873526823119626,52.459087231864274,35.58556040874465,Románia (+36%),EU8 átlag %-a,% of EU8,2005
Románia,2019,33.71974032025922,19501499,16.873526823119626,52.459087231864274,35.58556040874465,Románia (+36%),EU8 átlag %-a,% of EU8,2005
Románia,2020,35.02683889952915,19392420,16.873526823119626,52.459087231864274,35.58556040874465,Románia (+36%),EU8 átlag %-a,% of EU8,2005
Románia,2021,39.16902410708675,19248115,16.873526823119626,52.459087231864274,35.58556040874465,Románia (+36%),EU8 átlag %-a,% of EU8,2005
Románia,2022,44.62266017878621,19166726,16.873526823119626,52.459087231864274,35.58556040874465,Románia (+36%),EU8 átlag %-a,% of EU8,2005
Románia,2023,47.06593998979159,19118433,16.873526823119626,52.459087231864274,35.58556040874465,Románia (+36%),EU8 átlag %-a,% of EU8,2005
Románia,2024,52.459087231864274,19069340,16.873526823119626,52.459087231864274,35.58556040874465,Románia (+36%),EU8 átlag %-a,% of EU8,2005
Észtország,2005,30.90491217503476,1354799,30.90491217503476,66.39258817135736,35.4876759963226,Észtország (+35%),EU8 átlag %-a,% of EU8,2005
Észtország,2006,36.583335171863396,1346833,30.90491217503476,66.39258817135736,35.4876759963226,Észtország (+35%),EU8 átlag %-a,% of EU8,2005
Észtország,2007,39.361457468807984,1340672,30.90491217503476,66.39258817135736,35.4876759963226,Észtország (+35%),EU8 átlag %-a,% of EU8,2005
Észtország,2008,42.40675400186639,1337032,30.90491217503476,66.39258817135736,35.4876759963226,Észtország (+35%),EU8 átlag %-a,% of EU8,2005
Észtország,2009,44.94723939269052,1334487,30.90491217503476,66.39258817135736,35.4876759963226,Észtország (+35%),EU8 átlag %-a,% of EU8,2005
Észtország,2010,41.6211338829135,1331406,30.90491217503476,66.39258817135736,35.4876759963226,Észtország (+35%),EU8 átlag %-a,% of EU8,2005
Észtország,2011,40.63151182998812,1327315,30.90491217503476,66.39258817135736,35.4876759963226,Észtország (+35%),EU8 átlag %-a,% of EU8,2005
Észtország,2012,41.44599236211744,1322570,30.90491217503476,66.39258817135736,35.4876759963226,Észtország (+35%),EU8 átlag %-a,% of EU8,2005
Észtország,2013,44.23813801767799,1317872,30.90491217503476,66.39258817135736,35.4876759963226,Észtország (+35%),EU8 átlag %-a,% of EU8,2005
Észtország,2014,47.70528137599087,1314402,30.90491217503476,66.39258817135736,35.4876759963226,Észtország (+35%),EU8 átlag %-a,% of EU8,2005
Észtország,2015,51.7960424178303,1314538,30.90491217503476,66.39258817135736,35.4876759963226,Észtország (+35%),EU8 átlag %-a,% of EU8,2005
Észtország,2016,56.390654724692155,1315802,30.90491217503476,66.39258817135736,35.4876759963226,Észtország (+35%),EU8 átlag %-a,% of EU8,2005
Észtország,2017,59.193284369979374,1317381,30.90491217503476,66.39258817135736,35.4876759963226,Észtország (+35%),EU8 átlag %-a,% of EU8,2005
Észtország,2018,62.89803343107617,1321918,30.90491217503476,66.39258817135736,35.4876759963226,Észtország (+35%),EU8 átlag %-a,% of EU8,2005
Észtország,2019,65.43596377221196,1326772,30.90491217503476,66.39258817135736,35.4876759963226,Észtország (+35%),EU8 átlag %-a,% of EU8,2005
Észtország,2020,64.98829987948632,1329618,30.90491217503476,66.39258817135736,35.4876759963226,Észtország (+35%),EU8 átlag %-a,% of EU8,2005
Észtország,2021,66.69271637456366,1331699,30.90491217503476,66.39258817135736,35.4876759963226,Észtország (+35%),EU8 átlag %-a,% of EU8,2005
Észtország,2022,75.89365825683323,1350038,30.90491217503476,66.39258817135736,35.4876759963226,Észtország (+35%),EU8 átlag %-a,% of EU8,2005
Észtország,2023,65.78361081936586,1367143,30.90491217503476,66.39258817135736,35.4876759963226,Észtország (+35%),EU8 átlag %-a,% of EU8,2005
Észtország,2024,66.39258817135736,1371986,30.90491217503476,66.39258817135736,35.4876759963226,Észtország (+35%),EU8 átlag %-a,% of EU8,2005
Lettország,2005,25.5753515693104,2239738,25.5753515693104,59.29894979192767,33.72359822261727,Lettország (+34%),EU8 átlag %-a,% of EU8,2005
Lettország,2006,29.093731099002788,2218989,25.5753515693104,59.29894979192767,33.72359822261727,Lettország (+34%),EU8 átlag %-a,% of EU8,2005
Lettország,2007,33.87437813897569,2200711,25.5753515693104,59.29894979192767,33.72359822261727,Lettország (+34%),EU8 átlag %-a,% of EU8,2005
Lettország,2008,40.01843073312034,2177658,25.5753515693104,59.29894979192767,33.72359822261727,Lettország (+34%),EU8 átlag %-a,% of EU8,2005
Lettország,2009,39.570881539151806,2141988,25.5753515693104,59.29894979192767,33.72359822261727,Lettország (+34%),EU8 átlag %-a,% of EU8,2005
Lettország,2010,32.99147210252256,2097787,25.5753515693104,59.29894979192767,33.72359822261727,Lettország (+34%),EU8 átlag %-a,% of EU8,2005
Lettország,2011,32.266360229452154,2059892,25.5753515693104,59.29894979192767,33.72359822261727,Lettország (+34%),EU8 átlag %-a,% of EU8,2005
Lettország,2012,32.04435425184114,2034577,25.5753515693104,59.29894979192767,33.72359822261727,Lettország (+34%),EU8 átlag %-a,% of EU8,2005
Lettország,2013,33.131060492849116,2012960,25.5753515693104,59.29894979192767,33.72359822261727,Lettország (+34%),EU8 átlag %-a,% of EU8,2005
Lettország,2014,37.78840598119827,1994096,25.5753515693104,59.29894979192767,33.72359822261727,Lettország (+34%),EU8 átlag %-a,% of EU8,2005
Lettország,2015,40.177681676100725,1977815,25.5753515693104,59.29894979192767,33.72359822261727,Lettország (+34%),EU8 átlag %-a,% of EU8,2005
Lettország,2016,43.9882270823692,1959817,25.5753515693104,59.29894979192767,33.72359822261727,Lettország (+34%),EU8 átlag %-a,% of EU8,2005
Lettország,2017,44.09694650020697,1942550,25.5753515693104,59.29894979192767,33.72359822261727,Lettország (+34%),EU8 átlag %-a,% of EU8,2005
Lettország,2018,47.16177106795673,1927526,25.5753515693104,59.29894979192767,33.72359822261727,Lettország (+34%),EU8 átlag %-a,% of EU8,2005
Lettország,2019,50.68989581258919,1914220,25.5753515693104,59.29894979192767,33.72359822261727,Lettország (+34%),EU8 átlag %-a,% of EU8,2005
Lettország,2020,51.420161351859285,1901069,25.5753515693104,59.29894979192767,33.72359822261727,Lettország (+34%),EU8 átlag %-a,% of EU8,2005
Lettország,2021,53.9260822812559,1885546,25.5753515693104,59.29894979192767,33.72359822261727,Lettország (+34%),EU8 átlag %-a,% of EU8,2005
Lettország,2022,57.129280374415316,1881016,25.5753515693104,59.29894979192767,33.72359822261727,Lettország (+34%),EU8 átlag %-a,% of EU8,2005
Lettország,2023,56.16999767096383,1882336,25.5753515693104,59.29894979192767,33.72359822261727,Lettország (+34%),EU8 átlag %-a,% of EU8,2005
Lettország,2024,59.29894979192767,1862441,25.5753515693104,59.29894979192767,33.72359822261727,Lettország (+34%),EU8 átlag %-a,% of EU8,2005
Bulgária,2006,20.804455757946126,7640243,20.804455757946126,52.68466573796766,31.880209980021537,Bulgária (+32%),EU8 átlag %-a,% of EU8,2005
Bulgária,2007,20.002071501786435,7586847,20.804455757946126,52.68466573796766,31.880209980021537,Bulgária (+32%),EU8 átlag %-a,% of EU8,2005
Bulgária,2008,26.71446097552794,7535541,20.804455757946126,52.68466573796766,31.880209980021537,Bulgária (+32%),EU8 átlag %-a,% of EU8,2005
Bulgária,2009,31.908600635398493,7487966,20.804455757946126,52.68466573796766,31.880209980021537,Bulgária (+32%),EU8 átlag %-a,% of EU8,2005
Bulgária,2010,33.04200362888789,7437542,20.804455757946126,52.68466573796766,31.880209980021537,Bulgária (+32%),EU8 átlag %-a,% of EU8,2005
Bulgária,2011,31.652951968024144,7379973,20.804455757946126,52.68466573796766,31.880209980021537,Bulgária (+32%),EU8 átlag %-a,% of EU8,2005
Bulgária,2012,29.922420287287164,7316974,20.804455757946126,52.68466573796766,31.880209980021537,Bulgária (+32%),EU8 átlag %-a,% of EU8,2005
Bulgária,2013,30.32473734219823,7264556,20.804455757946126,52.68466573796766,31.880209980021537,Bulgária (+32%),EU8 átlag %-a,% of EU8,2005
Bulgária,2014,34.86651557336244,7223406,20.804455757946126,52.68466573796766,31.880209980021537,Bulgária (+32%),EU8 átlag %-a,% of EU8,2005
Bulgária,2015,34.16989684811236,7177463,20.804455757946126,52.68466573796766,31.880209980021537,Bulgária (+32%),EU8 átlag %-a,% of EU8,2005
Bulgária,2016,32.03722879867485,7127389,20.804455757946126,52.68466573796766,31.880209980021537,Bulgária (+32%),EU8 átlag %-a,% of EU8,2005
Bulgária,2017,35.91936613171054,7075586,20.804455757946126,52.68466573796766,31.880209980021537,Bulgária (+32%),EU8 átlag %-a,% of EU8,2005
Bulgária,2018,33.936164247683344,7024687,20.804455757946126,52.68466573796766,31.880209980021537,Bulgária (+32%),EU8 átlag %-a,% of EU8,2005
Bulgária,2019,38.4666048270496,6975420,20.804455757946126,52.68466573796766,31.880209980021537,Bulgária (+32%),EU8 átlag %-a,% of EU8,2005
Bulgária,2020,39.212464521521056,6933606,20.804455757946126,52.68466573796766,31.880209980021537,Bulgária (+32%),EU8 átlag %-a,% of EU8,2005
Bulgária,2021,42.21770533501245,6877173,20.804455757946126,52.68466573796766,31.880209980021537,Bulgária (+32%),EU8 átlag %-a,% of EU8,2005
Bulgária,2022,43.01263297010281,6825817,20.804455757946126,52.68466573796766,31.880209980021537,Bulgária (+32%),EU8 átlag %-a,% of EU8,2005
Bulgária,2023,47.36742697456921,6795757,20.804455757946126,52.68466573796766,31.880209980021537,Bulgária (+32%),EU8 átlag %-a,% of EU8,2005
Bulgária,2024,52.68466573796766,6444366,20.804455757946126,52.68466573796766,31.880209980021537,Bulgária (+32%),EU8 átlag %-a,% of EU8,2005
Horvátország,2010,42.72159823486966,4301108,42.72159823486966,65.56680971151461,22.84521147664495,Horvátország (+23%),EU8 átlag %-a,% of EU8,2005
Horvátország,2011,40.28409476156872,4280782,42.72159823486966,65.56680971151461,22.84521147664495,Horvátország (+23%),EU8 átlag %-a,% of EU8,2005
Horvátország,2012,38.91437807767432,4259181,42.72159823486966,65.56680971151461,22.84521147664495,Horvátország (+23%),EU8 átlag %-a,% of EU8,2005
Horvátország,2013,37.82368510190454,4242353,42.72159823486966,65.56680971151461,22.84521147664495,Horvátország (+23%),EU8 átlag %-a,% of EU8,2005
Horvátország,2014,39.399059350888685,4219439,42.72159823486966,65.56680971151461,22.84521147664495,Horvátország (+23%),EU8 átlag %-a,% of EU8,2005
Horvátország,2015,40.97706461602314,4183681,42.72159823486966,65.56680971151461,22.84521147664495,Horvátország (+23%),EU8 átlag %-a,% of EU8,2005
Horvátország,2016,42.69571355029569,4136388,42.72159823486966,65.56680971151461,22.84521147664495,Horvátország (+23%),EU8 átlag %-a,% of EU8,2005
Horvátország,2017,45.03152711374941,4079152,42.72159823486966,65.56680971151461,22.84521147664495,Horvátország (+23%),EU8 átlag %-a,% of EU8,2005
Horvátország,2018,46.404813123390774,4024820,42.72159823486966,65.56680971151461,22.84521147664495,Horvátország (+23%),EU8 átlag %-a,% of EU8,2005
Horvátország,2019,49.32511482660977,3986292,42.72159823486966,65.56680971151461,22.84521147664495,Horvátország (+23%),EU8 átlag %-a,% of EU8,2005
Horvátország,2020,50.29099474310957,3953898,42.72159823486966,65.56680971151461,22.84521147664495,Horvátország (+23%),EU8 átlag %-a,% of EU8,2005
Horvátország,2021,51.26918135883911,3924558,42.72159823486966,65.56680971151461,22.84521147664495,Horvátország (+23%),EU8 átlag %-a,% of EU8,2005
Horvátország,2022,54.603049837033616,3906988,42.72159823486966,65.56680971151461,22.84521147664495,Horvátország (+23%),EU8 átlag %-a,% of EU8,2005
Horvátország,2023,57.06171973861596,3895973,42.72159823486966,65.56680971151461,22.84521147664495,Horvátország (+23%),EU8 átlag %-a,% of EU8,2005
Horvátország,2024,65.56680971151461,3866300,42.72159823486966,65.56680971151461,22.84521147664495,Horvátország (+23%),EU8 átlag %-a,% of EU8,2005
Szlovákia,2005,26.0919592844665,5376650,26.0919592844665,46.0542689335717,19.962309649105197,Szlovákia (+20%),EU8 átlag %-a,% of EU8,2005
Szlovákia,2006,30.03643300053472,5376793,26.0919592844665,46.0542689335717,19.962309649105197,Szlovákia (+20%),EU8 átlag %-a,% of EU8,2005
Szlovákia,2007,34.001702631712135,5376949,26.0919592844665,46.0542689335717,19.962309649105197,Szlovákia (+20%),EU8 átlag %-a,% of EU8,2005
Szlovákia,2008,37.916033489505864,5379075,26.0919592844665,46.0542689335717,19.962309649105197,Szlovákia (+20%),EU8 átlag %-a,% of EU8,2005
Szlovákia,2009,43.565698520109365,5385027,26.0919592844665,46.0542689335717,19.962309649105197,Szlovákia (+20%),EU8 átlag %-a,% of EU8,2005
Szlovákia,2010,46.93817337935476,5391807,26.0919592844665,46.0542689335717,19.962309649105197,Szlovákia (+20%),EU8 átlag %-a,% of EU8,2005
Szlovákia,2011,48.71981545412737,5398048,26.0919592844665,46.0542689335717,19.962309649105197,Szlovákia (+20%),EU8 átlag %-a,% of EU8,2005
Szlovákia,2012,51.467403264020874,5404834,26.0919592844665,46.0542689335717,19.962309649105197,Szlovákia (+20%),EU8 átlag %-a,% of EU8,2005
Szlovákia,2013,49.198031498223976,5410370,26.0919592844665,46.0542689335717,19.962309649105197,Szlovákia (+20%),EU8 átlag %-a,% of EU8,2005
Szlovákia,2014,50.62200943328281,5415184,26.0919592844665,46.0542689335717,19.962309649105197,Szlovákia (+20%),EU8 átlag %-a,% of EU8,2005
Szlovákia,2015,50.74343879507531,5420221,26.0919592844665,46.0542689335717,19.962309649105197,Szlovákia (+20%),EU8 átlag %-a,% of EU8,2005
Szlovákia,2016,49.733259656916495,5427217,26.0919592844665,46.0542689335717,19.962309649105197,Szlovákia (+20%),EU8 átlag %-a,% of EU8,2005
Szlovákia,2017,45.79921833201642,5435643,26.0919592844665,46.0542689335717,19.962309649105197,Szlovákia (+20%),EU8 átlag %-a,% of EU8,2005
Szlovákia,2018,45.81241125373047,5443188,26.0919592844665,46.0542689335717,19.962309649105197,Szlovákia (+20%),EU8 átlag %-a,% of EU8,2005
Szlovákia,2019,48.26361850418133,5450575,26.0919592844665,46.0542689335717,19.962309649105197,Szlovákia (+20%),EU8 átlag %-a,% of EU8,2005
Szlovákia,2020,45.692701806273405,5454981,26.0919592844665,46.0542689335717,19.962309649105197,Szlovákia (+20%),EU8 átlag %-a,% of EU8,2005
Szlovákia,2021,42.44286643013251,5442712,26.0919592844665,46.0542689335717,19.962309649105197,Szlovákia (+20%),EU8 átlag %-a,% of EU8,2005
Szlovákia,2022,43.70200926111365,5473145,26.0919592844665,46.0542689335717,19.962309649105197,Szlovákia (+20%),EU8 átlag %-a,% of EU8,2005
Szlovákia,2023,45.30797362784881,5518008,26.0919592844665,46.0542689335717,19.962309649105197,Szlovákia (+20%),EU8 átlag %-a,% of EU8,2005
Szlovákia,2024,46.0542689335717,5422069,26.0919592844665,46.0542689335717,19.962309649105197,Szlovákia (+20%),EU8 átlag %-a,% of EU8,2005
Csehország,2005,49.967082930478334,10280103,49.967082930478334,68.36640009976199,18.399317169283655,Csehország (+18%),EU8 átlag %-a,% of EU8,2005
Csehország,2006,53.7080028176228,10304542,49.967082930478334,68.36640009976199,18.399317169283655,Csehország (+18%),EU8 átlag %-a,% of EU8,2005
Csehország,2007,53.603611442041185,10337488,49.967082930478334,68.36640009976199,18.399317169283655,Csehország (+18%),EU8 átlag %-a,% of EU8,2005
Csehország,2008,54.52216851773541,10378248,49.967082930478334,68.36640009976199,18.399317169283655,Csehország (+18%),EU8 átlag %-a,% of EU8,2005
Csehország,2009,56.06059829943773,10420931,49.967082930478334,68.36640009976199,18.399317169283655,Csehország (+18%),EU8 átlag %-a,% of EU8,2005
Csehország,2010,54.23717163212524,10463981,49.967082930478334,68.36640009976199,18.399317169283655,Csehország (+18%),EU8 átlag %-a,% of EU8,2005
Csehország,2011,54.22420463189731,10495455,49.967082930478334,68.36640009976199,18.399317169283655,Csehország (+18%),EU8 átlag %-a,% of EU8,2005
Csehország,2012,54.1670915258544,10507287,49.967082930478334,68.36640009976199,18.399317169283655,Csehország (+18%),EU8 átlag %-a,% of EU8,2005
Csehország,2013,55.51996826617378,10511117,49.967082930478334,68.36640009976199,18.399317169283655,Csehország (+18%),EU8 átlag %-a,% of EU8,2005
Csehország,2014,57.25562988216803,10517176,49.967082930478334,68.36640009976199,18.399317169283655,Csehország (+18%),EU8 átlag %-a,% of EU8,2005
Csehország,2015,57.85347836009956,10524367,49.967082930478334,68.36640009976199,18.399317169283655,Csehország (+18%),EU8 átlag %-a,% of EU8,2005
Csehország,2016,59.29405828387197,10531895,49.967082930478334,68.36640009976199,18.399317169283655,Csehország (+18%),EU8 átlag %-a,% of EU8,2005
Csehország,2017,60.2756813050515,10541301,49.967082930478334,68.36640009976199,18.399317169283655,Csehország (+18%),EU8 átlag %-a,% of EU8,2005
Csehország,2018,62.3620507870978,10548878,49.967082930478334,68.36640009976199,18.399317169283655,Csehország (+18%),EU8 átlag %-a,% of EU8,2005
Csehország,2019,64.49394322633391,10554819,49.967082930478334,68.36640009976199,18.399317169283655,Csehország (+18%),EU8 átlag %-a,% of EU8,2005
Csehország,2020,64.17203486111303,10550083,49.967082930478334,68.36640009976199,18.399317169283655,Csehország (+18%),EU8 átlag %-a,% of EU8,2005
Csehország,2021,62.21201058167434,10530619,49.967082930478334,68.36640009976199,18.399317169283655,Csehország (+18%),EU8 átlag %-a,% of EU8,2005
Csehország,2022,68.28828111084256,10673169,49.967082930478334,68.36640009976199,18.399317169283655,Csehország (+18%),EU8 átlag %-a,% of EU8,2005
Csehország,2023,68.82395844050362,10809674,49.967082930478334,68.36640009976199,18.399317169283655,Csehország (+18%),EU8 átlag %-a,% of EU8,2005
Csehország,2024,68.36640009976199,10882164,49.967082930478334,68.36640009976199,18.399317169283655,Csehország (+18%),EU8 átlag %-a,% of EU8,2005
Szlovénia,2005,75.70591795395205,1996858,75.70591795395205,86.89606310111158,11.190145147159527,Szlovénia (+11%),EU8 átlag %-a,% of EU8,2005
Szlovénia,2006,79.01142213322477,2003069,75.70591795395205,86.89606310111158,11.190145147159527,Szlovénia (+11%),EU8 átlag %-a,% of EU8,2005
Szlovénia,2007,78.34700453048934,2014110,75.70591795395205,86.89606310111158,11.190145147159527,Szlovénia (+11%),EU8 átlag %-a,% of EU8,2005
Szlovénia,2008,77.43549527680837,2025041,75.70591795395205,86.89606310111158,11.190145147159527,Szlovénia (+11%),EU8 átlag %-a,% of EU8,2005
Szlovénia,2009,79.51350299180939,2035555,75.70591795395205,86.89606310111158,11.190145147159527,Szlovénia (+11%),EU8 átlag %-a,% of EU8,2005
Szlovénia,2010,74.94948282787162,2044566,75.70591795395205,86.89606310111158,11.190145147159527,Szlovénia (+11%),EU8 átlag %-a,% of EU8,2005
Szlovénia,2011,75.67178021510145,2048754,75.70591795395205,86.89606310111158,11.190145147159527,Szlovénia (+11%),EU8 átlag %-a,% of EU8,2005
Szlovénia,2012,74.95574160433125,2053274,75.70591795395205,86.89606310111158,11.190145147159527,Szlovénia (+11%),EU8 átlag %-a,% of EU8,2005
Szlovénia,2013,73.0466384927663,2056403,75.70591795395205,86.89606310111158,11.190145147159527,Szlovénia (+11%),EU8 átlag %-a,% of EU8,2005
Szlovénia,2014,73.96615859270612,2058351,75.70591795395205,86.89606310111158,11.190145147159527,Szlovénia (+11%),EU8 átlag %-a,% of EU8,2005
Szlovénia,2015,74.98311278700855,2059899,75.70591795395205,86.89606310111158,11.190145147159527,Szlovénia (+11%),EU8 átlag %-a,% of EU8,2005
Szlovénia,2016,72.46629177985635,2061329,75.70591795395205,86.89606310111158,11.190145147159527,Szlovénia (+11%),EU8 átlag %-a,% of EU8,2005
Szlovénia,2017,72.69225231354403,2062366,75.70591795395205,86.89606310111158,11.190145147159527,Szlovénia (+11%),EU8 átlag %-a,% of EU8,2005
Szlovénia,2018,74.14896735248186,2069431,75.70591795395205,86.89606310111158,11.190145147159527,Szlovénia (+11%),EU8 átlag %-a,% of EU8,2005
Szlovénia,2019,76.43233043702257,2083395,75.70591795395205,86.89606310111158,11.190145147159527,Szlovénia (+11%),EU8 átlag %-a,% of EU8,2005
Szlovénia,2020,77.03727851180753,2102370,75.70591795395205,86.89606310111158,11.190145147159527,Szlovénia (+11%),EU8 átlag %-a,% of EU8,2005
Szlovénia,2021,79.16213782231294,2113450,75.70591795395205,86.89606310111158,11.190145147159527,Szlovénia (+11%),EU8 átlag %-a,% of EU8,2005
Szlovénia,2022,83.57909200436066,2115184,75.70591795395205,86.89606310111158,11.190145147159527,Szlovénia (+11%),EU8 átlag %-a,% of EU8,2005
Szlovénia,2023,86.08514989291274,2118353,75.70591795395205,86.89606310111158,11.190145147159527,Szlovénia (+11%),EU8 átlag %-a,% of EU8,2005
Szlovénia,2024,86.89606310111158,2126324,75.70591795395205,86.89606310111158,11.190145147159527,Szlovénia (+11%),EU8 átlag %-a,% of EU8,2005
Magyarország,2005,36.36525954408978,10065654,36.36525954408978,45.111673033068264,8.746413488978483,Magyarország (+8.7%),EU8 átlag %-a,% of EU8,2005
Magyarország,2006,39.50896176282457,10049900,36.36525954408978,45.111673033068264,8.746413488978483,Magyarország (+8.7%),EU8 átlag %-a,% of EU8,2005
Magyarország,2007,39.34933132664261,10034027,36.36525954408978,45.111673033068264,8.746413488978483,Magyarország (+8.7%),EU8 átlag %-a,% of EU8,2005
Magyarország,2008,36.985372309665856,10016610,36.36525954408978,45.111673033068264,8.746413488978483,Magyarország (+8.7%),EU8 átlag %-a,% of EU8,2005
Magyarország,2009,37.92856789142481,10001329,36.36525954408978,45.111673033068264,8.746413488978483,Magyarország (+8.7%),EU8 átlag %-a,% of EU8,2005
Magyarország,2010,37.66283098429566,9979076,36.36525954408978,45.111673033068264,8.746413488978483,Magyarország (+8.7%),EU8 átlag %-a,% of EU8,2005
Magyarország,2011,38.7315747370695,9946626,36.36525954408978,45.111673033068264,8.746413488978483,Magyarország (+8.7%),EU8 átlag %-a,% of EU8,2005
Magyarország,2012,39.938578877397156,9916568,36.36525954408978,45.111673033068264,8.746413488978483,Magyarország (+8.7%),EU8 átlag %-a,% of EU8,2005
Magyarország,2013,37.402222650707884,9889294,36.36525954408978,45.111673033068264,8.746413488978483,Magyarország (+8.7%),EU8 átlag %-a,% of EU8,2005
Magyarország,2014,39.02220776118548,9862785,36.36525954408978,45.111673033068264,8.746413488978483,Magyarország (+8.7%),EU8 átlag %-a,% of EU8,2005
Magyarország,2015,39.31871739904123,9839162,36.36525954408978,45.111673033068264,8.746413488978483,Magyarország (+8.7%),EU8 átlag %-a,% of EU8,2005
Magyarország,2016,39.28385797666049,9810479,36.36525954408978,45.111673033068264,8.746413488978483,Magyarország (+8.7%),EU8 átlag %-a,% of EU8,2005
Magyarország,2017,39.72921261242695,9785561,36.36525954408978,45.111673033068264,8.746413488978483,Magyarország (+8.7%),EU8 átlag %-a,% of EU8,2005
Magyarország,2018,40.44788321180657,9774342,36.36525954408978,45.111673033068264,8.746413488978483,Magyarország (+8.7%),EU8 átlag %-a,% of EU8,2005
Magyarország,2019,42.93775600333908,9770300,36.36525954408978,45.111673033068264,8.746413488978483,Magyarország (+8.7%),EU8 átlag %-a,% of EU8,2005
Magyarország,2020,41.06720003549146,9749421,36.36525954408978,45.111673033068264,8.746413488978483,Magyarország (+8.7%),EU8 átlag %-a,% of EU8,2005
Magyarország,2021,44.852090147917224,9707794,36.36525954408978,45.111673033068264,8.746413488978483,Magyarország (+8.7%),EU8 átlag %-a,% of EU8,2005
Magyarország,2022,47.23339490667892,9684259,36.36525954408978,45.111673033068264,8.746413488978483,Magyarország (+8.7%),EU8 átlag %-a,% of EU8,2005
Magyarország,2023,46.33982344898914,9686418,36.36525954408978,45.111673033068264,8.746413488978483,Magyarország (+8.7%),EU8 átlag %-a,% of EU8,2005
Magyarország,2024,45.111673033068264,9562314,36.36525954408978,45.111673033068264,8.746413488978483,Magyarország (+8.7%),EU8 átlag %-a,% of EU8,2005
Lengyelország,2005,4.759,38124333,4.759,18.064,13.305,Lengyelország (+13k PPS),ezer PPS,value,2005
Lengyelország,2006,5.095,38071124,4.759,18.064,13.305,Lengyelország (+13k PPS),ezer PPS,value,2005
Lengyelország,2007,5.609,38020368,4.759,18.064,13.305,Lengyelország (+13k PPS),ezer PPS,value,2005
Lengyelország,2008,6.732,37995854,4.759,18.064,13.305,Lengyelország (+13k PPS),ezer PPS,value,2005
Lengyelország,2009,7.376,38002108,4.759,18.064,13.305,Lengyelország (+13k PPS),ezer PPS,value,2005
Lengyelország,2010,7.578,38095304,4.759,18.064,13.305,Lengyelország (+13k PPS),ezer PPS,value,2005
Lengyelország,2011,8.322,38208597,4.759,18.064,13.305,Lengyelország (+13k PPS),ezer PPS,value,2005
Lengyelország,2012,8.635,38247820,4.759,18.064,13.305,Lengyelország (+13k PPS),ezer PPS,value,2005
Lengyelország,2013,9.158,38259214,4.759,18.064,13.305,Lengyelország (+13k PPS),ezer PPS,value,2005
Lengyelország,2014,9.56,38265064,4.759,18.064,13.305,Lengyelország (+13k PPS),ezer PPS,value,2005
Lengyelország,2015,9.95,38266267,4.759,18.064,13.305,Lengyelország (+13k PPS),ezer PPS,value,2005
Lengyelország,2016,10.865,38263203,4.759,18.064,13.305,Lengyelország (+13k PPS),ezer PPS,value,2005
Lengyelország,2017,11.079,38254908,4.759,18.064,13.305,Lengyelország (+13k PPS),ezer PPS,value,2005
Lengyelország,2018,11.513,38241017,4.759,18.064,13.305,Lengyelország (+13k PPS),ezer PPS,value,2005
Lengyelország,2019,12.335,38225836,4.759,18.064,13.305,Lengyelország (+13k PPS),ezer PPS,value,2005
Lengyelország,2020,13.35,38170958,4.759,18.064,13.305,Lengyelország (+13k PPS),ezer PPS,value,2005
Lengyelország,2021,13.87,38040252,4.759,18.064,13.305,Lengyelország (+13k PPS),ezer PPS,value,2005
Lengyelország,2022,14.906,38385689,4.759,18.064,13.305,Lengyelország (+13k PPS),ezer PPS,value,2005
Lengyelország,2023,16.551,38762796,4.759,18.064,13.305,Lengyelország (+13k PPS),ezer PPS,value,2005
Lengyelország,2024,18.064,36554707,4.759,18.064,13.305,Lengyelország (+13k PPS),ezer PPS,value,2005
Észtország,2005,4.726,1354799,4.726,16.482,11.756,Észtország (+12k PPS),ezer PPS,value,2005
Észtország,2006,5.627,1346833,4.726,16.482,11.756,Észtország (+12k PPS),ezer PPS,value,2005
Észtország,2007,6.492,1340672,4.726,16.482,11.756,Észtország (+12k PPS),ezer PPS,value,2005
Észtország,2008,7.564,1337032,4.726,16.482,11.756,Észtország (+12k PPS),ezer PPS,value,2005
Észtország,2009,8.101,1334487,4.726,16.482,11.756,Észtország (+12k PPS),ezer PPS,value,2005
Észtország,2010,7.413,1331406,4.726,16.482,11.756,Észtország (+12k PPS),ezer PPS,value,2005
Észtország,2011,7.485,1327315,4.726,16.482,11.756,Észtország (+12k PPS),ezer PPS,value,2005
Észtország,2012,7.891,1322570,4.726,16.482,11.756,Észtország (+12k PPS),ezer PPS,value,2005
Észtország,2013,8.607,1317872,4.726,16.482,11.756,Észtország (+12k PPS),ezer PPS,value,2005
Észtország,2014,9.241,1314402,4.726,16.482,11.756,Észtország (+12k PPS),ezer PPS,value,2005
Észtország,2015,10.432,1314538,4.726,16.482,11.756,Észtország (+12k PPS),ezer PPS,value,2005
Észtország,2016,11.867,1315802,4.726,16.482,11.756,Észtország (+12k PPS),ezer PPS,value,2005
Észtország,2017,12.414,1317381,4.726,16.482,11.756,Észtország (+12k PPS),ezer PPS,value,2005
Észtország,2018,13.378,1321918,4.726,16.482,11.756,Észtország (+12k PPS),ezer PPS,value,2005
Észtország,2019,14.24,1326772,4.726,16.482,11.756,Észtország (+12k PPS),ezer PPS,value,2005
Észtország,2020,14.331,1329618,4.726,16.482,11.756,Észtország (+12k PPS),ezer PPS,value,2005
Észtország,2021,14.81,1331699,4.726,16.482,11.756,Észtország (+12k PPS),ezer PPS,value,2005
Észtország,2022,17.064,1350038,4.726,16.482,11.756,Észtország (+12k PPS),ezer PPS,value,2005
Észtország,2023,15.492,1367143,4.726,16.482,11.756,Észtország (+12k PPS),ezer PPS,value,2005
Észtország,2024,16.482,1371986,4.726,16.482,11.756,Észtország (+12k PPS),ezer PPS,value,2005
Litvánia,2005,3.847,3322225,3.847,15.11,11.263,Litvánia (+11k PPS),ezer PPS,value,2005
Litvánia,2006,4.62,3269761,3.847,15.11,11.263,Litvánia (+11k PPS),ezer PPS,value,2005
Litvánia,2007,5.714,3231322,3.847,15.11,11.263,Litvánia (+11k PPS),ezer PPS,value,2005
Litvánia,2008,6.852,3198432,3.847,15.11,11.263,Litvánia (+11k PPS),ezer PPS,value,2005
Litvánia,2009,7.149,3163204,3.847,15.11,11.263,Litvánia (+11k PPS),ezer PPS,value,2005
Litvánia,2010,6.018,3097660,3.847,15.11,11.263,Litvánia (+11k PPS),ezer PPS,value,2005
Litvánia,2011,6.068,3028588,3.847,15.11,11.263,Litvánia (+11k PPS),ezer PPS,value,2005
Litvánia,2012,6.724,2988281,3.847,15.11,11.263,Litvánia (+11k PPS),ezer PPS,value,2005
Litvánia,2013,7.282,2958306,3.847,15.11,11.263,Litvánia (+11k PPS),ezer PPS,value,2005
Litvánia,2014,7.595,2933118,3.847,15.11,11.263,Litvánia (+11k PPS),ezer PPS,value,2005
Litvánia,2015,8.251,2905726,3.847,15.11,11.263,Litvánia (+11k PPS),ezer PPS,value,2005
Litvánia,2016,9.364,2869051,3.847,15.11,11.263,Litvánia (+11k PPS),ezer PPS,value,2005
Litvánia,2017,9.819,2829273,3.847,15.11,11.263,Litvánia (+11k PPS),ezer PPS,value,2005
Litvánia,2018,10.702,2802430,3.847,15.11,11.263,Litvánia (+11k PPS),ezer PPS,value,2005
Litvánia,2019,11.509,2795011,3.847,15.11,11.263,Litvánia (+11k PPS),ezer PPS,value,2005
Litvánia,2020,12.546,2795711,3.847,15.11,11.263,Litvánia (+11k PPS),ezer PPS,value,2005
Litvánia,2021,13.742,2794443,3.847,15.11,11.263,Litvánia (+11k PPS),ezer PPS,value,2005
Litvánia,2022,14.202,2816872,3.847,15.11,11.263,Litvánia (+11k PPS),ezer PPS,value,2005
Litvánia,2023,14.312,2854061,3.847,15.11,11.263,Litvánia (+11k PPS),ezer PPS,value,2005
Litvánia,2024,15.11,2888055,3.847,15.11,11.263,Litvánia (+11k PPS),ezer PPS,value,2005
Lettország,2005,3.911,2239738,3.911,14.721,10.81,Lettország (+11k PPS),ezer PPS,value,2005
Lettország,2006,4.475,2218989,3.911,14.721,10.81,Lettország (+11k PPS),ezer PPS,value,2005
Lettország,2007,5.587,2200711,3.911,14.721,10.81,Lettország (+11k PPS),ezer PPS,value,2005
Lettország,2008,7.138,2177658,3.911,14.721,10.81,Lettország (+11k PPS),ezer PPS,value,2005
Lettország,2009,7.132,2141988,3.911,14.721,10.81,Lettország (+11k PPS),ezer PPS,value,2005
Lettország,2010,5.876,2097787,3.911,14.721,10.81,Lettország (+11k PPS),ezer PPS,value,2005
Lettország,2011,5.944,2059892,3.911,14.721,10.81,Lettország (+11k PPS),ezer PPS,value,2005
Lettország,2012,6.101,2034577,3.911,14.721,10.81,Lettország (+11k PPS),ezer PPS,value,2005
Lettország,2013,6.446,2012960,3.911,14.721,10.81,Lettország (+11k PPS),ezer PPS,value,2005
Lettország,2014,7.32,1994096,3.911,14.721,10.81,Lettország (+11k PPS),ezer PPS,value,2005
Lettország,2015,8.092,1977815,3.911,14.721,10.81,Lettország (+11k PPS),ezer PPS,value,2005
Lettország,2016,9.257,1959817,3.911,14.721,10.81,Lettország (+11k PPS),ezer PPS,value,2005
Lettország,2017,9.248,1942550,3.911,14.721,10.81,Lettország (+11k PPS),ezer PPS,value,2005
Lettország,2018,10.031,1927526,3.911,14.721,10.81,Lettország (+11k PPS),ezer PPS,value,2005
Lettország,2019,11.031,1914220,3.911,14.721,10.81,Lettország (+11k PPS),ezer PPS,value,2005
Lettország,2020,11.339,1901069,3.911,14.721,10.81,Lettország (+11k PPS),ezer PPS,value,2005
Lettország,2021,11.975,1885546,3.911,14.721,10.81,Lettország (+11k PPS),ezer PPS,value,2005
Lettország,2022,12.845,1881016,3.911,14.721,10.81,Lettország (+11k PPS),ezer PPS,value,2005
Lettország,2023,13.228,1882336,3.911,14.721,10.81,Lettország (+11k PPS),ezer PPS,value,2005
Lettország,2024,14.721,1862441,3.911,14.721,10.81,Lettország (+11k PPS),ezer PPS,value,2005
Románia,2007,2.783,20870655,2.783,13.023,10.24,Románia (+10k PPS),ezer PPS,value,2005
Románia,2008,3.062,20718693,2.783,13.023,10.24,Románia (+10k PPS),ezer PPS,value,2005
Románia,2009,3.444,20576869,2.783,13.023,10.24,Románia (+10k PPS),ezer PPS,value,2005
Románia,2010,3.537,20432524,2.783,13.023,10.24,Románia (+10k PPS),ezer PPS,value,2005
Románia,2011,3.643,20281955,2.783,13.023,10.24,Románia (+10k PPS),ezer PPS,value,2005
Románia,2012,3.71,20158399,2.783,13.023,10.24,Románia (+10k PPS),ezer PPS,value,2005
Románia,2013,3.886,20062861,2.783,13.023,10.24,Románia (+10k PPS),ezer PPS,value,2005
Románia,2014,4.014,19968125,2.783,13.023,10.24,Románia (+10k PPS),ezer PPS,value,2005
Románia,2015,4.357,19870968,2.783,13.023,10.24,Románia (+10k PPS),ezer PPS,value,2005
Románia,2016,4.724,19777001,2.783,13.023,10.24,Románia (+10k PPS),ezer PPS,value,2005
Románia,2017,5.314,19689357,2.783,13.023,10.24,Románia (+10k PPS),ezer PPS,value,2005
Románia,2018,6.278,19597823,2.783,13.023,10.24,Románia (+10k PPS),ezer PPS,value,2005
Románia,2019,7.338,19501499,2.783,13.023,10.24,Románia (+10k PPS),ezer PPS,value,2005
Románia,2020,7.724,19392420,2.783,13.023,10.24,Románia (+10k PPS),ezer PPS,value,2005
Románia,2021,8.698,19248115,2.783,13.023,10.24,Románia (+10k PPS),ezer PPS,value,2005
Románia,2022,10.033,19166726,2.783,13.023,10.24,Románia (+10k PPS),ezer PPS,value,2005
Románia,2023,11.084,19118433,2.783,13.023,10.24,Románia (+10k PPS),ezer PPS,value,2005
Románia,2024,13.023,19069340,2.783,13.023,10.24,Románia (+10k PPS),ezer PPS,value,2005
Szlovénia,2005,11.577,1996858,11.577,21.572,9.995,Szlovénia (+10k PPS),ezer PPS,value,2005
Szlovénia,2006,12.153,2003069,11.577,21.572,9.995,Szlovénia (+10k PPS),ezer PPS,value,2005
Szlovénia,2007,12.922,2014110,11.577,21.572,9.995,Szlovénia (+10k PPS),ezer PPS,value,2005
Szlovénia,2008,13.812,2025041,11.577,21.572,9.995,Szlovénia (+10k PPS),ezer PPS,value,2005
Szlovénia,2009,14.331,2035555,11.577,21.572,9.995,Szlovénia (+10k PPS),ezer PPS,value,2005
Szlovénia,2010,13.349,2044566,11.577,21.572,9.995,Szlovénia (+10k PPS),ezer PPS,value,2005
Szlovénia,2011,13.94,2048754,11.577,21.572,9.995,Szlovénia (+10k PPS),ezer PPS,value,2005
Szlovénia,2012,14.271,2053274,11.577,21.572,9.995,Szlovénia (+10k PPS),ezer PPS,value,2005
Szlovénia,2013,14.212,2056403,11.577,21.572,9.995,Szlovénia (+10k PPS),ezer PPS,value,2005
Szlovénia,2014,14.328,2058351,11.577,21.572,9.995,Szlovénia (+10k PPS),ezer PPS,value,2005
Szlovénia,2015,15.102,2059899,11.577,21.572,9.995,Szlovénia (+10k PPS),ezer PPS,value,2005
Szlovénia,2016,15.25,2061329,11.577,21.572,9.995,Szlovénia (+10k PPS),ezer PPS,value,2005
Szlovénia,2017,15.245,2062366,11.577,21.572,9.995,Szlovénia (+10k PPS),ezer PPS,value,2005
Szlovénia,2018,15.771,2069431,11.577,21.572,9.995,Szlovénia (+10k PPS),ezer PPS,value,2005
Szlovénia,2019,16.633,2083395,11.577,21.572,9.995,Szlovénia (+10k PPS),ezer PPS,value,2005
Szlovénia,2020,16.988,2102370,11.577,21.572,9.995,Szlovénia (+10k PPS),ezer PPS,value,2005
Szlovénia,2021,17.579,2113450,11.577,21.572,9.995,Szlovénia (+10k PPS),ezer PPS,value,2005
Szlovénia,2022,18.792,2115184,11.577,21.572,9.995,Szlovénia (+10k PPS),ezer PPS,value,2005
Szlovénia,2023,20.273,2118353,11.577,21.572,9.995,Szlovénia (+10k PPS),ezer PPS,value,2005
Szlovénia,2024,21.572,2126324,11.577,21.572,9.995,Szlovénia (+10k PPS),ezer PPS,value,2005
Bulgária,2006,3.2,7640243,3.2,13.079,9.879000000000001,Bulgária (+9.9k PPS),ezer PPS,value,2005
Bulgária,2007,3.299,7586847,3.2,13.079,9.879000000000001,Bulgária (+9.9k PPS),ezer PPS,value,2005
Bulgária,2008,4.765,7535541,3.2,13.079,9.879000000000001,Bulgária (+9.9k PPS),ezer PPS,value,2005
Bulgária,2009,5.751,7487966,3.2,13.079,9.879000000000001,Bulgária (+9.9k PPS),ezer PPS,value,2005
Bulgária,2010,5.885,7437542,3.2,13.079,9.879000000000001,Bulgária (+9.9k PPS),ezer PPS,value,2005
Bulgária,2011,5.831,7379973,3.2,13.079,9.879000000000001,Bulgária (+9.9k PPS),ezer PPS,value,2005
Bulgária,2012,5.697,7316974,3.2,13.079,9.879000000000001,Bulgária (+9.9k PPS),ezer PPS,value,2005
Bulgária,2013,5.9,7264556,3.2,13.079,9.879000000000001,Bulgária (+9.9k PPS),ezer PPS,value,2005
Bulgária,2014,6.754,7223406,3.2,13.079,9.879000000000001,Bulgária (+9.9k PPS),ezer PPS,value,2005
Bulgária,2015,6.882,7177463,3.2,13.079,9.879000000000001,Bulgária (+9.9k PPS),ezer PPS,value,2005
Bulgária,2016,6.742,7127389,3.2,13.079,9.879000000000001,Bulgária (+9.9k PPS),ezer PPS,value,2005
Bulgária,2017,7.533,7075586,3.2,13.079,9.879000000000001,Bulgária (+9.9k PPS),ezer PPS,value,2005
Bulgária,2018,7.218,7024687,3.2,13.079,9.879000000000001,Bulgária (+9.9k PPS),ezer PPS,value,2005
Bulgária,2019,8.371,6975420,3.2,13.079,9.879000000000001,Bulgária (+9.9k PPS),ezer PPS,value,2005
Bulgária,2020,8.647,6933606,3.2,13.079,9.879000000000001,Bulgária (+9.9k PPS),ezer PPS,value,2005
Bulgária,2021,9.375,6877173,3.2,13.079,9.879000000000001,Bulgária (+9.9k PPS),ezer PPS,value,2005
Bulgária,2022,9.671,6825817,3.2,13.079,9.879000000000001,Bulgária (+9.9k PPS),ezer PPS,value,2005
Bulgária,2023,11.155,6795757,3.2,13.079,9.879000000000001,Bulgária (+9.9k PPS),ezer PPS,value,2005
Bulgária,2024,13.079,6444366,3.2,13.079,9.879000000000001,Bulgária (+9.9k PPS),ezer PPS,value,2005
Csehország,2005,7.641,10280103,7.641,16.972,9.331000000000001,Csehország (+9.3k PPS),ezer PPS,value,2005
Csehország,2006,8.261,10304542,7.641,16.972,9.331000000000001,Csehország (+9.3k PPS),ezer PPS,value,2005
Csehország,2007,8.841,10337488,7.641,16.972,9.331000000000001,Csehország (+9.3k PPS),ezer PPS,value,2005
Csehország,2008,9.725,10378248,7.641,16.972,9.331000000000001,Csehország (+9.3k PPS),ezer PPS,value,2005
Csehország,2009,10.104,10420931,7.641,16.972,9.331000000000001,Csehország (+9.3k PPS),ezer PPS,value,2005
Csehország,2010,9.66,10463981,7.641,16.972,9.331000000000001,Csehország (+9.3k PPS),ezer PPS,value,2005
Csehország,2011,9.989,10495455,7.641,16.972,9.331000000000001,Csehország (+9.3k PPS),ezer PPS,value,2005
Csehország,2012,10.313,10507287,7.641,16.972,9.331000000000001,Csehország (+9.3k PPS),ezer PPS,value,2005
Csehország,2013,10.802,10511117,7.641,16.972,9.331000000000001,Csehország (+9.3k PPS),ezer PPS,value,2005
Csehország,2014,11.091,10517176,7.641,16.972,9.331000000000001,Csehország (+9.3k PPS),ezer PPS,value,2005
Csehország,2015,11.652,10524367,7.641,16.972,9.331000000000001,Csehország (+9.3k PPS),ezer PPS,value,2005
Csehország,2016,12.478,10531895,7.641,16.972,9.331000000000001,Csehország (+9.3k PPS),ezer PPS,value,2005
Csehország,2017,12.641,10541301,7.641,16.972,9.331000000000001,Csehország (+9.3k PPS),ezer PPS,value,2005
Csehország,2018,13.264,10548878,7.641,16.972,9.331000000000001,Csehország (+9.3k PPS),ezer PPS,value,2005
Csehország,2019,14.035,10554819,7.641,16.972,9.331000000000001,Csehország (+9.3k PPS),ezer PPS,value,2005
Csehország,2020,14.151,10550083,7.641,16.972,9.331000000000001,Csehország (+9.3k PPS),ezer PPS,value,2005
Csehország,2021,13.815,10530619,7.641,16.972,9.331000000000001,Csehország (+9.3k PPS),ezer PPS,value,2005
Csehország,2022,15.354,10673169,7.641,16.972,9.331000000000001,Csehország (+9.3k PPS),ezer PPS,value,2005
Csehország,2023,16.208,10809674,7.641,16.972,9.331000000000001,Csehország (+9.3k PPS),ezer PPS,value,2005
Csehország,2024,16.972,10882164,7.641,16.972,9.331000000000001,Csehország (+9.3k PPS),ezer PPS,value,2005
Horvátország,2010,7.609,4301108,7.609,16.277,8.668000000000001,Horvátország (+8.7k PPS),ezer PPS,value,2005
Horvátország,2011,7.421,4280782,7.609,16.277,8.668000000000001,Horvátország (+8.7k PPS),ezer PPS,value,2005
Horvátország,2012,7.409,4259181,7.609,16.277,8.668000000000001,Horvátország (+8.7k PPS),ezer PPS,value,2005
Horvátország,2013,7.359,4242353,7.609,16.277,8.668000000000001,Horvátország (+8.7k PPS),ezer PPS,value,2005
Horvátország,2014,7.632,4219439,7.609,16.277,8.668000000000001,Horvátország (+8.7k PPS),ezer PPS,value,2005
Horvátország,2015,8.253,4183681,7.609,16.277,8.668000000000001,Horvátország (+8.7k PPS),ezer PPS,value,2005
Horvátország,2016,8.985,4136388,7.609,16.277,8.668000000000001,Horvátország (+8.7k PPS),ezer PPS,value,2005
Horvátország,2017,9.444,4079152,7.609,16.277,8.668000000000001,Horvátország (+8.7k PPS),ezer PPS,value,2005
Horvátország,2018,9.87,4024820,7.609,16.277,8.668000000000001,Horvátország (+8.7k PPS),ezer PPS,value,2005
Horvátország,2019,10.734,3986292,7.609,16.277,8.668000000000001,Horvátország (+8.7k PPS),ezer PPS,value,2005
Horvátország,2020,11.09,3953898,7.609,16.277,8.668000000000001,Horvátország (+8.7k PPS),ezer PPS,value,2005
Horvátország,2021,11.385,3924558,7.609,16.277,8.668000000000001,Horvátország (+8.7k PPS),ezer PPS,value,2005
Horvátország,2022,12.277,3906988,7.609,16.277,8.668000000000001,Horvátország (+8.7k PPS),ezer PPS,value,2005
Horvátország,2023,13.438,3895973,7.609,16.277,8.668000000000001,Horvátország (+8.7k PPS),ezer PPS,value,2005
Horvátország,2024,16.277,3866300,7.609,16.277,8.668000000000001,Horvátország (+8.7k PPS),ezer PPS,value,2005
Szlovákia,2005,3.99,5376650,3.99,11.433,7.443,Szlovákia (+7.4k PPS),ezer PPS,value,2005
Szlovákia,2006,4.62,5376793,3.99,11.433,7.443,Szlovákia (+7.4k PPS),ezer PPS,value,2005
Szlovákia,2007,5.608,5376949,3.99,11.433,7.443,Szlovákia (+7.4k PPS),ezer PPS,value,2005
Szlovákia,2008,6.763,5379075,3.99,11.433,7.443,Szlovákia (+7.4k PPS),ezer PPS,value,2005
Szlovákia,2009,7.852,5385027,3.99,11.433,7.443,Szlovákia (+7.4k PPS),ezer PPS,value,2005
Szlovákia,2010,8.36,5391807,3.99,11.433,7.443,Szlovákia (+7.4k PPS),ezer PPS,value,2005
Szlovákia,2011,8.975,5398048,3.99,11.433,7.443,Szlovákia (+7.4k PPS),ezer PPS,value,2005
Szlovákia,2012,9.799,5404834,3.99,11.433,7.443,Szlovákia (+7.4k PPS),ezer PPS,value,2005
Szlovákia,2013,9.572,5410370,3.99,11.433,7.443,Szlovákia (+7.4k PPS),ezer PPS,value,2005
Szlovákia,2014,9.806,5415184,3.99,11.433,7.443,Szlovákia (+7.4k PPS),ezer PPS,value,2005
Szlovákia,2015,10.22,5420221,3.99,11.433,7.443,Szlovákia (+7.4k PPS),ezer PPS,value,2005
Szlovákia,2016,10.466,5427217,3.99,11.433,7.443,Szlovákia (+7.4k PPS),ezer PPS,value,2005
Szlovákia,2017,9.605,5435643,3.99,11.433,7.443,Szlovákia (+7.4k PPS),ezer PPS,value,2005
Szlovákia,2018,9.744,5443188,3.99,11.433,7.443,Szlovákia (+7.4k PPS),ezer PPS,value,2005
Szlovákia,2019,10.503,5450575,3.99,11.433,7.443,Szlovákia (+7.4k PPS),ezer PPS,value,2005
Szlovákia,2020,10.076,5454981,3.99,11.433,7.443,Szlovákia (+7.4k PPS),ezer PPS,value,2005
Szlovákia,2021,9.425,5442712,3.99,11.433,7.443,Szlovákia (+7.4k PPS),ezer PPS,value,2005
Szlovákia,2022,9.826,5473145,3.99,11.433,7.443,Szlovákia (+7.4k PPS),ezer PPS,value,2005
Szlovákia,2023,10.67,5518008,3.99,11.433,7.443,Szlovákia (+7.4k PPS),ezer PPS,value,2005
Szlovákia,2024,11.433,5422069,3.99,11.433,7.443,Szlovákia (+7.4k PPS),ezer PPS,value,2005
Magyarország,2005,5.561,10065654,5.561,11.199,5.638,Magyarország (+5.6k PPS),ezer PPS,value,2005
Magyarország,2006,6.077,10049900,5.561,11.199,5.638,Magyarország (+5.6k PPS),ezer PPS,value,2005
Magyarország,2007,6.49,10034027,5.561,11.199,5.638,Magyarország (+5.6k PPS),ezer PPS,value,2005
Magyarország,2008,6.597,10016610,5.561,11.199,5.638,Magyarország (+5.6k PPS),ezer PPS,value,2005
Magyarország,2009,6.836,10001329,5.561,11.199,5.638,Magyarország (+5.6k PPS),ezer PPS,value,2005
Magyarország,2010,6.708,9979076,5.561,11.199,5.638,Magyarország (+5.6k PPS),ezer PPS,value,2005
Magyarország,2011,7.135,9946626,5.561,11.199,5.638,Magyarország (+5.6k PPS),ezer PPS,value,2005
Magyarország,2012,7.604,9916568,5.561,11.199,5.638,Magyarország (+5.6k PPS),ezer PPS,value,2005
Magyarország,2013,7.277,9889294,5.561,11.199,5.638,Magyarország (+5.6k PPS),ezer PPS,value,2005
Magyarország,2014,7.559,9862785,5.561,11.199,5.638,Magyarország (+5.6k PPS),ezer PPS,value,2005
Magyarország,2015,7.919,9839162,5.561,11.199,5.638,Magyarország (+5.6k PPS),ezer PPS,value,2005
Magyarország,2016,8.267,9810479,5.561,11.199,5.638,Magyarország (+5.6k PPS),ezer PPS,value,2005
Magyarország,2017,8.332,9785561,5.561,11.199,5.638,Magyarország (+5.6k PPS),ezer PPS,value,2005
Magyarország,2018,8.603,9774342,5.561,11.199,5.638,Magyarország (+5.6k PPS),ezer PPS,value,2005
Magyarország,2019,9.344,9770300,5.561,11.199,5.638,Magyarország (+5.6k PPS),ezer PPS,value,2005
Magyarország,2020,9.056,9749421,5.561,11.199,5.638,Magyarország (+5.6k PPS),ezer PPS,value,2005
Magyarország,2021,9.96,9707794,5.561,11.199,5.638,Magyarország (+5.6k PPS),ezer PPS,value,2005
Magyarország,2022,10.62,9684259,5.561,11.199,5.638,Magyarország (+5.6k PPS),ezer PPS,value,2005
Magyarország,2023,10.913,9686418,5.561,11.199,5.638,Magyarország (+5.6k PPS),ezer PPS,value,2005
Magyarország,2024,11.199,9562314,5.561,11.199,5.638,Magyarország (+5.6k PPS),ezer PPS,value,2005
Románia,2007,100,20870655,100,467.94825727632053,367.94825727632053,Románia (+368%),2005-hez (=100) képest,rel_val,2005
Románia,2008,110.02515271289975,20718693,100,467.94825727632053,367.94825727632053,Románia (+368%),2005-hez (=100) képest,rel_val,2005
Románia,2009,123.75134746676248,20576869,100,467.94825727632053,367.94825727632053,Románia (+368%),2005-hez (=100) képest,rel_val,2005
Románia,2010,127.09306503772908,20432524,100,467.94825727632053,367.94825727632053,Románia (+368%),2005-hez (=100) képest,rel_val,2005
Románia,2011,130.901904419691,20281955,100,467.94825727632053,367.94825727632053,Románia (+368%),2005-hez (=100) képest,rel_val,2005
Románia,2012,133.3093783686669,20158399,100,467.94825727632053,367.94825727632053,Románia (+368%),2005-hez (=100) képest,rel_val,2005
Románia,2013,139.63348904060368,20062861,100,467.94825727632053,367.94825727632053,Románia (+368%),2005-hez (=100) képest,rel_val,2005
Románia,2014,144.23284225655766,19968125,100,467.94825727632053,367.94825727632053,Románia (+368%),2005-hez (=100) képest,rel_val,2005
Románia,2015,156.55767157743443,19870968,100,467.94825727632053,367.94825727632053,Románia (+368%),2005-hez (=100) képest,rel_val,2005
Románia,2016,169.74487962630255,19777001,100,467.94825727632053,367.94825727632053,Románia (+368%),2005-hez (=100) képest,rel_val,2005
Románia,2017,190.94502335609056,19689357,100,467.94825727632053,367.94825727632053,Románia (+368%),2005-hez (=100) képest,rel_val,2005
Románia,2018,225.58390226374416,19597823,100,467.94825727632053,367.94825727632053,Románia (+368%),2005-hez (=100) képest,rel_val,2005
Románia,2019,263.6722960833633,19501499,100,467.94825727632053,367.94825727632053,Románia (+368%),2005-hez (=100) képest,rel_val,2005
Románia,2020,277.54222062522456,19392420,100,467.94825727632053,367.94825727632053,Románia (+368%),2005-hez (=100) képest,rel_val,2005
Románia,2021,312.5404240028746,19248115,100,467.94825727632053,367.94825727632053,Románia (+368%),2005-hez (=100) képest,rel_val,2005
Románia,2022,360.5102407473949,19166726,100,467.94825727632053,367.94825727632053,Románia (+368%),2005-hez (=100) képest,rel_val,2005
Románia,2023,398.27524254401726,19118433,100,467.94825727632053,367.94825727632053,Románia (+368%),2005-hez (=100) képest,rel_val,2005
Románia,2024,467.94825727632053,19069340,100,467.94825727632053,367.94825727632053,Románia (+368%),2005-hez (=100) képest,rel_val,2005
Bulgária,2006,100,7640243,100,408.71875,308.71875,Bulgária (+309%),2005-hez (=100) képest,rel_val,2005
Bulgária,2007,103.09375,7586847,100,408.71875,308.71875,Bulgária (+309%),2005-hez (=100) képest,rel_val,2005
Bulgária,2008,148.90625,7535541,100,408.71875,308.71875,Bulgária (+309%),2005-hez (=100) képest,rel_val,2005
Bulgária,2009,179.71875,7487966,100,408.71875,308.71875,Bulgária (+309%),2005-hez (=100) képest,rel_val,2005
Bulgária,2010,183.90625,7437542,100,408.71875,308.71875,Bulgária (+309%),2005-hez (=100) képest,rel_val,2005
Bulgária,2011,182.21875,7379973,100,408.71875,308.71875,Bulgária (+309%),2005-hez (=100) képest,rel_val,2005
Bulgária,2012,178.03125,7316974,100,408.71875,308.71875,Bulgária (+309%),2005-hez (=100) képest,rel_val,2005
Bulgária,2013,184.375,7264556,100,408.71875,308.71875,Bulgária (+309%),2005-hez (=100) képest,rel_val,2005
Bulgária,2014,211.0625,7223406,100,408.71875,308.71875,Bulgária (+309%),2005-hez (=100) képest,rel_val,2005
Bulgária,2015,215.0625,7177463,100,408.71875,308.71875,Bulgária (+309%),2005-hez (=100) képest,rel_val,2005
Bulgária,2016,210.6875,7127389,100,408.71875,308.71875,Bulgária (+309%),2005-hez (=100) képest,rel_val,2005
Bulgária,2017,235.40625,7075586,100,408.71875,308.71875,Bulgária (+309%),2005-hez (=100) képest,rel_val,2005
Bulgária,2018,225.5625,7024687,100,408.71875,308.71875,Bulgária (+309%),2005-hez (=100) képest,rel_val,2005
Bulgária,2019,261.59375,6975420,100,408.71875,308.71875,Bulgária (+309%),2005-hez (=100) képest,rel_val,2005
Bulgária,2020,270.21875,6933606,100,408.71875,308.71875,Bulgária (+309%),2005-hez (=100) képest,rel_val,2005
Bulgária,2021,292.96875,6877173,100,408.71875,308.71875,Bulgária (+309%),2005-hez (=100) képest,rel_val,2005
Bulgária,2022,302.21875,6825817,100,408.71875,308.71875,Bulgária (+309%),2005-hez (=100) képest,rel_val,2005
Bulgária,2023,348.59375,6795757,100,408.71875,308.71875,Bulgária (+309%),2005-hez (=100) képest,rel_val,2005
Bulgária,2024,408.71875,6444366,100,408.71875,308.71875,Bulgária (+309%),2005-hez (=100) képest,rel_val,2005
Litvánia,2005,100,3322225,100,392.77358981024173,292.77358981024173,Litvánia (+293%),2005-hez (=100) képest,rel_val,2005
Litvánia,2006,120.09357941252924,3269761,100,392.77358981024173,292.77358981024173,Litvánia (+293%),2005-hez (=100) képest,rel_val,2005
Litvánia,2007,148.53132310891604,3231322,100,392.77358981024173,292.77358981024173,Litvánia (+293%),2005-hez (=100) képest,rel_val,2005
Litvánia,2008,178.11281518066025,3198432,100,392.77358981024173,292.77358981024173,Litvánia (+293%),2005-hez (=100) képest,rel_val,2005
Litvánia,2009,185.83311671432284,3163204,100,392.77358981024173,292.77358981024173,Litvánia (+293%),2005-hez (=100) képest,rel_val,2005
Litvánia,2010,156.4335846113855,3097660,100,392.77358981024173,292.77358981024173,Litvánia (+293%),2005-hez (=100) képest,rel_val,2005
Litvánia,2011,157.73329867429166,3028588,100,392.77358981024173,292.77358981024173,Litvánia (+293%),2005-hez (=100) képest,rel_val,2005
Litvánia,2012,174.7855471796205,2988281,100,392.77358981024173,292.77358981024173,Litvánia (+293%),2005-hez (=100) képest,rel_val,2005
Litvánia,2013,189.29035612165325,2958306,100,392.77358981024173,292.77358981024173,Litvánia (+293%),2005-hez (=100) képest,rel_val,2005
Litvánia,2014,197.4265661554458,2933118,100,392.77358981024173,292.77358981024173,Litvánia (+293%),2005-hez (=100) képest,rel_val,2005
Litvánia,2015,214.47881466077462,2905726,100,392.77358981024173,292.77358981024173,Litvánia (+293%),2005-hez (=100) képest,rel_val,2005
Litvánia,2016,243.41044970106577,2869051,100,392.77358981024173,292.77358981024173,Litvánia (+293%),2005-hez (=100) képest,rel_val,2005
Litvánia,2017,255.23784767351182,2829273,100,392.77358981024173,292.77358981024173,Litvánia (+293%),2005-hez (=100) képest,rel_val,2005
Litvánia,2018,278.1907980244346,2802430,100,392.77358981024173,292.77358981024173,Litvánia (+293%),2005-hez (=100) képest,rel_val,2005
Litvánia,2019,299.16818299974005,2795011,100,392.77358981024173,292.77358981024173,Litvánia (+293%),2005-hez (=100) képest,rel_val,2005
Litvánia,2020,326.1242526644138,2795711,100,392.77358981024173,292.77358981024173,Litvánia (+293%),2005-hez (=100) képest,rel_val,2005
Litvánia,2021,357.2134130491292,2794443,100,392.77358981024173,292.77358981024173,Litvánia (+293%),2005-hez (=100) képest,rel_val,2005
Litvánia,2022,369.17078242786584,2816872,100,392.77358981024173,292.77358981024173,Litvánia (+293%),2005-hez (=100) képest,rel_val,2005
Litvánia,2023,372.0301533662594,2854061,100,392.77358981024173,292.77358981024173,Litvánia (+293%),2005-hez (=100) képest,rel_val,2005
Litvánia,2024,392.77358981024173,2888055,100,392.77358981024173,292.77358981024173,Litvánia (+293%),2005-hez (=100) képest,rel_val,2005
Lengyelország,2005,100,38124333,100,379.5755410800588,279.5755410800588,Lengyelország (+280%),2005-hez (=100) képest,rel_val,2005
Lengyelország,2006,107.06030678714015,38071124,100,379.5755410800588,279.5755410800588,Lengyelország (+280%),2005-hez (=100) képest,rel_val,2005
Lengyelország,2007,117.86089514603908,38020368,100,379.5755410800588,279.5755410800588,Lengyelország (+280%),2005-hez (=100) képest,rel_val,2005
Lengyelország,2008,141.45828955662955,37995854,100,379.5755410800588,279.5755410800588,Lengyelország (+280%),2005-hez (=100) képest,rel_val,2005
Lengyelország,2009,154.99054423198152,38002108,100,379.5755410800588,279.5755410800588,Lengyelország (+280%),2005-hez (=100) képest,rel_val,2005
Lengyelország,2010,159.23513343139314,38095304,100,379.5755410800588,279.5755410800588,Lengyelország (+280%),2005-hez (=100) képest,rel_val,2005
Lengyelország,2011,174.86866988863207,38208597,100,379.5755410800588,279.5755410800588,Lengyelország (+280%),2005-hez (=100) képest,rel_val,2005
Lengyelország,2012,181.4456818659382,38247820,100,379.5755410800588,279.5755410800588,Lengyelország (+280%),2005-hez (=100) képest,rel_val,2005
Lengyelország,2013,192.43538558520697,38259214,100,379.5755410800588,279.5755410800588,Lengyelország (+280%),2005-hez (=100) képest,rel_val,2005
Lengyelország,2014,200.88253834839253,38265064,100,379.5755410800588,279.5755410800588,Lengyelország (+280%),2005-hez (=100) képest,rel_val,2005
Lengyelország,2015,209.07753729775163,38266267,100,379.5755410800588,279.5755410800588,Lengyelország (+280%),2005-hez (=100) képest,rel_val,2005
Lengyelország,2016,228.30426560201724,38263203,100,379.5755410800588,279.5755410800588,Lengyelország (+280%),2005-hez (=100) képest,rel_val,2005
Lengyelország,2017,232.8010086152553,38254908,100,379.5755410800588,279.5755410800588,Lengyelország (+280%),2005-hez (=100) képest,rel_val,2005
Lengyelország,2018,241.92057154864466,38241017,100,379.5755410800588,279.5755410800588,Lengyelország (+280%),2005-hez (=100) képest,rel_val,2005
Lengyelország,2019,259.1931077957554,38225836,100,379.5755410800588,279.5755410800588,Lengyelország (+280%),2005-hez (=100) képest,rel_val,2005
Lengyelország,2020,280.52111788190797,38170958,100,379.5755410800588,279.5755410800588,Lengyelország (+280%),2005-hez (=100) képest,rel_val,2005
Lengyelország,2021,291.4477831477201,38040252,100,379.5755410800588,279.5755410800588,Lengyelország (+280%),2005-hez (=100) képest,rel_val,2005
Lengyelország,2022,313.2170624080689,38385689,100,379.5755410800588,279.5755410800588,Lengyelország (+280%),2005-hez (=100) képest,rel_val,2005
Lengyelország,2023,347.78314772010924,38762796,100,379.5755410800588,279.5755410800588,Lengyelország (+280%),2005-hez (=100) képest,rel_val,2005
Lengyelország,2024,379.5755410800588,36554707,100,379.5755410800588,279.5755410800588,Lengyelország (+280%),2005-hez (=100) képest,rel_val,2005
Lettország,2005,100,2239738,100,376.3998977243672,276.3998977243672,Lettország (+276%),2005-hez (=100) képest,rel_val,2005
Lettország,2006,114.42086422909742,2218989,100,376.3998977243672,276.3998977243672,Lettország (+276%),2005-hez (=100) képest,rel_val,2005
Lettország,2007,142.85349015597035,2200711,100,376.3998977243672,276.3998977243672,Lettország (+276%),2005-hez (=100) képest,rel_val,2005
Lettország,2008,182.51086678598824,2177658,100,376.3998977243672,276.3998977243672,Lettország (+276%),2005-hez (=100) képest,rel_val,2005
Lettország,2009,182.3574533367425,2141988,100,376.3998977243672,276.3998977243672,Lettország (+276%),2005-hez (=100) képest,rel_val,2005
Lettország,2010,150.2429046279724,2097787,100,376.3998977243672,276.3998977243672,Lettország (+276%),2005-hez (=100) képest,rel_val,2005
Lettország,2011,151.98159038609052,2059892,100,376.3998977243672,276.3998977243672,Lettország (+276%),2005-hez (=100) képest,rel_val,2005
Lettország,2012,155.99590897468678,2034577,100,376.3998977243672,276.3998977243672,Lettország (+276%),2005-hez (=100) képest,rel_val,2005
Lettország,2013,164.81718230631552,2012960,100,376.3998977243672,276.3998977243672,Lettország (+276%),2005-hez (=100) képest,rel_val,2005
Lettország,2014,187.164408079775,1994096,100,376.3998977243672,276.3998977243672,Lettország (+276%),2005-hez (=100) képest,rel_val,2005
Lettország,2015,206.9036052160573,1977815,100,376.3998977243672,276.3998977243672,Lettország (+276%),2005-hez (=100) képest,rel_val,2005
Lettország,2016,236.69138327793402,1959817,100,376.3998977243672,276.3998977243672,Lettország (+276%),2005-hez (=100) képest,rel_val,2005
Lettország,2017,236.46126310406547,1942550,100,376.3998977243672,276.3998977243672,Lettország (+276%),2005-hez (=100) képest,rel_val,2005
Lettország,2018,256.48171823063154,1927526,100,376.3998977243672,276.3998977243672,Lettország (+276%),2005-hez (=100) képest,rel_val,2005
Lettország,2019,282.0506264382511,1914220,100,376.3998977243672,276.3998977243672,Lettország (+276%),2005-hez (=100) képest,rel_val,2005
Lettország,2020,289.9258501661979,1901069,100,376.3998977243672,276.3998977243672,Lettország (+276%),2005-hez (=100) képest,rel_val,2005
Lettország,2021,306.1876757862439,1885546,100,376.3998977243672,276.3998977243672,Lettország (+276%),2005-hez (=100) képest,rel_val,2005
Lettország,2022,328.4326259268729,1881016,100,376.3998977243672,276.3998977243672,Lettország (+276%),2005-hez (=100) képest,rel_val,2005
Lettország,2023,338.2255177703912,1882336,100,376.3998977243672,276.3998977243672,Lettország (+276%),2005-hez (=100) képest,rel_val,2005
Lettország,2024,376.3998977243672,1862441,100,376.3998977243672,276.3998977243672,Lettország (+276%),2005-hez (=100) képest,rel_val,2005
Észtország,2005,100,1354799,100,348.7515869657215,248.75158696572151,Észtország (+249%),2005-hez (=100) képest,rel_val,2005
Észtország,2006,119.06474820143885,1346833,100,348.7515869657215,248.75158696572151,Észtország (+249%),2005-hez (=100) képest,rel_val,2005
Észtország,2007,137.3677528565383,1340672,100,348.7515869657215,248.75158696572151,Észtország (+249%),2005-hez (=100) képest,rel_val,2005
Észtország,2008,160.0507829030893,1337032,100,348.7515869657215,248.75158696572151,Észtország (+249%),2005-hez (=100) képest,rel_val,2005
Észtország,2009,171.41345746931867,1334487,100,348.7515869657215,248.75158696572151,Észtország (+249%),2005-hez (=100) képest,rel_val,2005
Észtország,2010,156.8556919170546,1331406,100,348.7515869657215,248.75158696572151,Észtország (+249%),2005-hez (=100) képest,rel_val,2005
Észtország,2011,158.37917900973338,1327315,100,348.7515869657215,248.75158696572151,Észtország (+249%),2005-hez (=100) képest,rel_val,2005
Észtország,2012,166.9699534490055,1322570,100,348.7515869657215,248.75158696572151,Észtország (+249%),2005-hez (=100) képest,rel_val,2005
Észtország,2013,182.120186203978,1317872,100,348.7515869657215,248.75158696572151,Észtország (+249%),2005-hez (=100) képest,rel_val,2005
Észtország,2014,195.53533643673296,1314402,100,348.7515869657215,248.75158696572151,Észtország (+249%),2005-hez (=100) képest,rel_val,2005
Észtország,2015,220.73635209479474,1314538,100,348.7515869657215,248.75158696572151,Észtország (+249%),2005-hez (=100) képest,rel_val,2005
Észtország,2016,251.10029623360134,1315802,100,348.7515869657215,248.75158696572151,Észtország (+249%),2005-hez (=100) képest,rel_val,2005
Észtország,2017,262.6745662293694,1317381,100,348.7515869657215,248.75158696572151,Észtország (+249%),2005-hez (=100) képest,rel_val,2005
Észtország,2018,283.07236563690225,1321918,100,348.7515869657215,248.75158696572151,Észtország (+249%),2005-hez (=100) képest,rel_val,2005
Észtország,2019,301.3118916631401,1326772,100,348.7515869657215,248.75158696572151,Észtország (+249%),2005-hez (=100) képest,rel_val,2005
Észtország,2020,303.23741007194246,1329618,100,348.7515869657215,248.75158696572151,Észtország (+249%),2005-hez (=100) képest,rel_val,2005
Észtország,2021,313.3728311468472,1331699,100,348.7515869657215,248.75158696572151,Észtország (+249%),2005-hez (=100) képest,rel_val,2005
Észtország,2022,361.06644096487514,1350038,100,348.7515869657215,248.75158696572151,Észtország (+249%),2005-hez (=100) képest,rel_val,2005
Észtország,2023,327.80363944138804,1367143,100,348.7515869657215,248.75158696572151,Észtország (+249%),2005-hez (=100) képest,rel_val,2005
Észtország,2024,348.7515869657215,1371986,100,348.7515869657215,248.75158696572151,Észtország (+249%),2005-hez (=100) képest,rel_val,2005
Szlovákia,2005,100,5376650,100,286.54135338345867,186.54135338345867,Szlovákia (+187%),2005-hez (=100) képest,rel_val,2005
Szlovákia,2006,115.78947368421052,5376793,100,286.54135338345867,186.54135338345867,Szlovákia (+187%),2005-hez (=100) képest,rel_val,2005
Szlovákia,2007,140.55137844611528,5376949,100,286.54135338345867,186.54135338345867,Szlovákia (+187%),2005-hez (=100) képest,rel_val,2005
Szlovákia,2008,169.4987468671679,5379075,100,286.54135338345867,186.54135338345867,Szlovákia (+187%),2005-hez (=100) képest,rel_val,2005
Szlovákia,2009,196.79197994987467,5385027,100,286.54135338345867,186.54135338345867,Szlovákia (+187%),2005-hez (=100) képest,rel_val,2005
Szlovákia,2010,209.52380952380952,5391807,100,286.54135338345867,186.54135338345867,Szlovákia (+187%),2005-hez (=100) képest,rel_val,2005
Szlovákia,2011,224.937343358396,5398048,100,286.54135338345867,186.54135338345867,Szlovákia (+187%),2005-hez (=100) képest,rel_val,2005
Szlovákia,2012,245.5889724310777,5404834,100,286.54135338345867,186.54135338345867,Szlovákia (+187%),2005-hez (=100) képest,rel_val,2005
Szlovákia,2013,239.8997493734336,5410370,100,286.54135338345867,186.54135338345867,Szlovákia (+187%),2005-hez (=100) képest,rel_val,2005
Szlovákia,2014,245.7644110275689,5415184,100,286.54135338345867,186.54135338345867,Szlovákia (+187%),2005-hez (=100) képest,rel_val,2005
Szlovákia,2015,256.140350877193,5420221,100,286.54135338345867,186.54135338345867,Szlovákia (+187%),2005-hez (=100) képest,rel_val,2005
Szlovákia,2016,262.30576441102755,5427217,100,286.54135338345867,186.54135338345867,Szlovákia (+187%),2005-hez (=100) képest,rel_val,2005
Szlovákia,2017,240.7268170426065,5435643,100,286.54135338345867,186.54135338345867,Szlovákia (+187%),2005-hez (=100) képest,rel_val,2005
Szlovákia,2018,244.21052631578948,5443188,100,286.54135338345867,186.54135338345867,Szlovákia (+187%),2005-hez (=100) képest,rel_val,2005
Szlovákia,2019,263.23308270676694,5450575,100,286.54135338345867,186.54135338345867,Szlovákia (+187%),2005-hez (=100) képest,rel_val,2005
Szlovákia,2020,252.531328320802,5454981,100,286.54135338345867,186.54135338345867,Szlovákia (+187%),2005-hez (=100) képest,rel_val,2005
Szlovákia,2021,236.21553884711778,5442712,100,286.54135338345867,186.54135338345867,Szlovákia (+187%),2005-hez (=100) képest,rel_val,2005
Szlovákia,2022,246.265664160401,5473145,100,286.54135338345867,186.54135338345867,Szlovákia (+187%),2005-hez (=100) képest,rel_val,2005
Szlovákia,2023,267.4185463659148,5518008,100,286.54135338345867,186.54135338345867,Szlovákia (+187%),2005-hez (=100) képest,rel_val,2005
Szlovákia,2024,286.54135338345867,5422069,100,286.54135338345867,186.54135338345867,Szlovákia (+187%),2005-hez (=100) képest,rel_val,2005
Csehország,2005,100,10280103,100,222.11752388430833,122.11752388430833,Csehország (+122%),2005-hez (=100) képest,rel_val,2005
Csehország,2006,108.11412118832614,10304542,100,222.11752388430833,122.11752388430833,Csehország (+122%),2005-hez (=100) képest,rel_val,2005
Csehország,2007,115.70475068708284,10337488,100,222.11752388430833,122.11752388430833,Csehország (+122%),2005-hez (=100) képest,rel_val,2005
Csehország,2008,127.2739170265672,10378248,100,222.11752388430833,122.11752388430833,Csehország (+122%),2005-hez (=100) képest,rel_val,2005
Csehország,2009,132.23400078523753,10420931,100,222.11752388430833,122.11752388430833,Csehország (+122%),2005-hez (=100) képest,rel_val,2005
Csehország,2010,126.42324303101688,10463981,100,222.11752388430833,122.11752388430833,Csehország (+122%),2005-hez (=100) képest,rel_val,2005
Csehország,2011,130.72896217772544,10495455,100,222.11752388430833,122.11752388430833,Csehország (+122%),2005-hez (=100) képest,rel_val,2005
Csehország,2012,134.9692448632378,10507287,100,222.11752388430833,122.11752388430833,Csehország (+122%),2005-hez (=100) képest,rel_val,2005
Csehország,2013,141.36893076822406,10511117,100,222.11752388430833,122.11752388430833,Csehország (+122%),2005-hez (=100) képest,rel_val,2005
Csehország,2014,145.15115822536316,10517176,100,222.11752388430833,122.11752388430833,Csehország (+122%),2005-hez (=100) képest,rel_val,2005
Csehország,2015,152.4931291715744,10524367,100,222.11752388430833,122.11752388430833,Csehország (+122%),2005-hez (=100) képest,rel_val,2005
Csehország,2016,163.30323256118308,10531895,100,222.11752388430833,122.11752388430833,Csehország (+122%),2005-hez (=100) képest,rel_val,2005
Csehország,2017,165.4364611961785,10541301,100,222.11752388430833,122.11752388430833,Csehország (+122%),2005-hez (=100) képest,rel_val,2005
Csehország,2018,173.58984426122234,10548878,100,222.11752388430833,122.11752388430833,Csehország (+122%),2005-hez (=100) képest,rel_val,2005
Csehország,2019,183.68014657767307,10554819,100,222.11752388430833,122.11752388430833,Csehország (+122%),2005-hez (=100) képest,rel_val,2005
Csehország,2020,185.1982724774244,10550083,100,222.11752388430833,122.11752388430833,Csehország (+122%),2005-hez (=100) képest,rel_val,2005
Csehország,2021,180.80094228504123,10530619,100,222.11752388430833,122.11752388430833,Csehország (+122%),2005-hez (=100) képest,rel_val,2005
Csehország,2022,200.94228504122498,10673169,100,222.11752388430833,122.11752388430833,Csehország (+122%),2005-hez (=100) képest,rel_val,2005
Csehország,2023,212.11883261353225,10809674,100,222.11752388430833,122.11752388430833,Csehország (+122%),2005-hez (=100) képest,rel_val,2005
Csehország,2024,222.11752388430833,10882164,100,222.11752388430833,122.11752388430833,Csehország (+122%),2005-hez (=100) képest,rel_val,2005
Horvátország,2010,100,4301108,100,213.91772900512552,113.91772900512552,Horvátország (+114%),2005-hez (=100) képest,rel_val,2005
Horvátország,2011,97.52924168747536,4280782,100,213.91772900512552,113.91772900512552,Horvátország (+114%),2005-hez (=100) képest,rel_val,2005
Horvátország,2012,97.37153371008017,4259181,100,213.91772900512552,113.91772900512552,Horvátország (+114%),2005-hez (=100) képest,rel_val,2005
Horvátország,2013,96.71441713760021,4242353,100,213.91772900512552,113.91772900512552,Horvátország (+114%),2005-hez (=100) képest,rel_val,2005
Horvátország,2014,100.30227362334078,4219439,100,213.91772900512552,113.91772900512552,Horvátország (+114%),2005-hez (=100) képest,rel_val,2005
Horvátország,2015,108.46366145354186,4183681,100,213.91772900512552,113.91772900512552,Horvátország (+114%),2005-hez (=100) képest,rel_val,2005
Horvátország,2016,118.08384807464844,4136388,100,213.91772900512552,113.91772900512552,Horvátország (+114%),2005-hez (=100) képest,rel_val,2005
Horvátország,2017,124.11617821001445,4079152,100,213.91772900512552,113.91772900512552,Horvátország (+114%),2005-hez (=100) képest,rel_val,2005
Horvátország,2018,129.7148114075437,4024820,100,213.91772900512552,113.91772900512552,Horvátország (+114%),2005-hez (=100) képest,rel_val,2005
Horvátország,2019,141.06978577999737,3986292,100,213.91772900512552,113.91772900512552,Horvátország (+114%),2005-hez (=100) képest,rel_val,2005
Horvátország,2020,145.74845577605467,3953898,100,213.91772900512552,113.91772900512552,Horvátország (+114%),2005-hez (=100) képest,rel_val,2005
Horvátország,2021,149.62544355368644,3924558,100,213.91772900512552,113.91772900512552,Horvátország (+114%),2005-hez (=100) képest,rel_val,2005
Horvátország,2022,161.34840320672888,3906988,100,213.91772900512552,113.91772900512552,Horvátország (+114%),2005-hez (=100) képest,rel_val,2005
Horvátország,2023,176.6066500197135,3895973,100,213.91772900512552,113.91772900512552,Horvátország (+114%),2005-hez (=100) képest,rel_val,2005
Horvátország,2024,213.91772900512552,3866300,100,213.91772900512552,113.91772900512552,Horvátország (+114%),2005-hez (=100) képest,rel_val,2005
Magyarország,2005,100,10065654,100,201.3846430498112,101.38464304981119,Magyarország (+101%),2005-hez (=100) képest,rel_val,2005
Magyarország,2006,109.27890667146197,10049900,100,201.3846430498112,101.38464304981119,Magyarország (+101%),2005-hez (=100) képest,rel_val,2005
Magyarország,2007,116.7056284840856,10034027,100,201.3846430498112,101.38464304981119,Magyarország (+101%),2005-hez (=100) képest,rel_val,2005
Magyarország,2008,118.62974285200504,10016610,100,201.3846430498112,101.38464304981119,Magyarország (+101%),2005-hez (=100) képest,rel_val,2005
Magyarország,2009,122.92753101960079,10001329,100,201.3846430498112,101.38464304981119,Magyarország (+101%),2005-hez (=100) képest,rel_val,2005
Magyarország,2010,120.62578672900557,9979076,100,201.3846430498112,101.38464304981119,Magyarország (+101%),2005-hez (=100) képest,rel_val,2005
Magyarország,2011,128.30426182341304,9946626,100,201.3846430498112,101.38464304981119,Magyarország (+101%),2005-hez (=100) képest,rel_val,2005
Magyarország,2012,136.73799676317208,9916568,100,201.3846430498112,101.38464304981119,Magyarország (+101%),2005-hez (=100) képest,rel_val,2005
Magyarország,2013,130.85775939579213,9889294,100,201.3846430498112,101.38464304981119,Magyarország (+101%),2005-hez (=100) képest,rel_val,2005
Magyarország,2014,135.9287897860097,9862785,100,201.3846430498112,101.38464304981119,Magyarország (+101%),2005-hez (=100) képest,rel_val,2005
Magyarország,2015,142.40244560330876,9839162,100,201.3846430498112,101.38464304981119,Magyarország (+101%),2005-hez (=100) képest,rel_val,2005
Magyarország,2016,148.6603128933645,9810479,100,201.3846430498112,101.38464304981119,Magyarország (+101%),2005-hez (=100) képest,rel_val,2005
Magyarország,2017,149.82916741593237,9785561,100,201.3846430498112,101.38464304981119,Magyarország (+101%),2005-hez (=100) képest,rel_val,2005
Magyarország,2018,154.70239165617696,9774342,100,201.3846430498112,101.38464304981119,Magyarország (+101%),2005-hez (=100) képest,rel_val,2005
Magyarország,2019,168.02733321345082,9770300,100,201.3846430498112,101.38464304981119,Magyarország (+101%),2005-hez (=100) képest,rel_val,2005
Magyarország,2020,162.84840855961158,9749421,100,201.3846430498112,101.38464304981119,Magyarország (+101%),2005-hez (=100) képest,rel_val,2005
Magyarország,2021,179.1044776119403,9707794,100,201.3846430498112,101.38464304981119,Magyarország (+101%),2005-hez (=100) képest,rel_val,2005
Magyarország,2022,190.97284661032188,9684259,100,201.3846430498112,101.38464304981119,Magyarország (+101%),2005-hez (=100) képest,rel_val,2005
Magyarország,2023,196.2416831505125,9686418,100,201.3846430498112,101.38464304981119,Magyarország (+101%),2005-hez (=100) képest,rel_val,2005
Magyarország,2024,201.3846430498112,9562314,100,201.3846430498112,101.38464304981119,Magyarország (+101%),2005-hez (=100) képest,rel_val,2005
Szlovénia,2005,100,1996858,100,186.33497451844173,86.33497451844173,Szlovénia (+86%),2005-hez (=100) képest,rel_val,2005
Szlovénia,2006,104.97538222337393,2003069,100,186.33497451844173,86.33497451844173,Szlovénia (+86%),2005-hez (=100) képest,rel_val,2005
Szlovénia,2007,111.61786300423253,2014110,100,186.33497451844173,86.33497451844173,Szlovénia (+86%),2005-hez (=100) képest,rel_val,2005
Szlovénia,2008,119.30551956465406,2025041,100,186.33497451844173,86.33497451844173,Szlovénia (+86%),2005-hez (=100) képest,rel_val,2005
Szlovénia,2009,123.7885462555066,2035555,100,186.33497451844173,86.33497451844173,Szlovénia (+86%),2005-hez (=100) képest,rel_val,2005
Szlovénia,2010,115.30621058996286,2044566,100,186.33497451844173,86.33497451844173,Szlovénia (+86%),2005-hez (=100) képest,rel_val,2005
Szlovénia,2011,120.41116005873715,2048754,100,186.33497451844173,86.33497451844173,Szlovénia (+86%),2005-hez (=100) képest,rel_val,2005
Szlovénia,2012,123.27027727390515,2053274,100,186.33497451844173,86.33497451844173,Szlovénia (+86%),2005-hez (=100) képest,rel_val,2005
Szlovénia,2013,122.76064610866374,2056403,100,186.33497451844173,86.33497451844173,Szlovénia (+86%),2005-hez (=100) képest,rel_val,2005
Szlovénia,2014,123.76263280642654,2058351,100,186.33497451844173,86.33497451844173,Szlovénia (+86%),2005-hez (=100) képest,rel_val,2005
Szlovénia,2015,130.44830266908525,2059899,100,186.33497451844173,86.33497451844173,Szlovénia (+86%),2005-hez (=100) képest,rel_val,2005
Szlovénia,2016,131.72669949036884,2061329,100,186.33497451844173,86.33497451844173,Szlovénia (+86%),2005-hez (=100) képest,rel_val,2005
Szlovénia,2017,131.6835104085687,2062366,100,186.33497451844173,86.33497451844173,Szlovénia (+86%),2005-hez (=100) képest,rel_val,2005
Szlovénia,2018,136.22700181394143,2069431,100,186.33497451844173,86.33497451844173,Szlovénia (+86%),2005-hez (=100) képest,rel_val,2005
Szlovénia,2019,143.67279951628228,2083395,100,186.33497451844173,86.33497451844173,Szlovénia (+86%),2005-hez (=100) képest,rel_val,2005
Szlovénia,2020,146.73922432409088,2102370,100,186.33497451844173,86.33497451844173,Szlovénia (+86%),2005-hez (=100) képest,rel_val,2005
Szlovénia,2021,151.84417379286518,2113450,100,186.33497451844173,86.33497451844173,Szlovénia (+86%),2005-hez (=100) képest,rel_val,2005
Szlovénia,2022,162.3218450375745,2115184,100,186.33497451844173,86.33497451844173,Szlovénia (+86%),2005-hez (=100) képest,rel_val,2005
Szlovénia,2023,175.11445106677033,2118353,100,186.33497451844173,86.33497451844173,Szlovénia (+86%),2005-hez (=100) képest,rel_val,2005
Szlovénia,2024,186.33497451844173,2126324,100,186.33497451844173,86.33497451844173,Szlovénia (+86%),2005-hez (=100) képest,rel_val,2005
Románia,2010,100,20432524,100,368.1933842239186,268.1933842239186,Románia (+268%),2010-hez (=100) képest,rel_val,2010
Románia,2011,102.99689001979078,20281955,100,368.1933842239186,268.1933842239186,Románia (+268%),2010-hez (=100) képest,rel_val,2010
Románia,2012,104.89115069267741,20158399,100,368.1933842239186,268.1933842239186,Románia (+268%),2010-hez (=100) képest,rel_val,2010
Románia,2013,109.86711902742437,20062861,100,368.1933842239186,268.1933842239186,Románia (+268%),2010-hez (=100) képest,rel_val,2010
Románia,2014,113.48600508905852,19968125,100,368.1933842239186,268.1933842239186,Románia (+268%),2010-hez (=100) képest,rel_val,2010
Románia,2015,123.1834888323438,19870968,100,368.1933842239186,268.1933842239186,Románia (+268%),2010-hez (=100) képest,rel_val,2010
Románia,2016,133.55951371218546,19777001,100,368.1933842239186,268.1933842239186,Románia (+268%),2010-hez (=100) képest,rel_val,2010
Románia,2017,150.2403166525304,19689357,100,368.1933842239186,268.1933842239186,Románia (+268%),2010-hez (=100) képest,rel_val,2010
Románia,2018,177.4950523042126,19597823,100,368.1933842239186,268.1933842239186,Románia (+268%),2010-hez (=100) képest,rel_val,2010
Románia,2019,207.46395250212043,19501499,100,368.1933842239186,268.1933842239186,Románia (+268%),2010-hez (=100) képest,rel_val,2010
Románia,2020,218.37715578173592,19392420,100,368.1933842239186,268.1933842239186,Románia (+268%),2010-hez (=100) képest,rel_val,2010
Románia,2021,245.91461690698333,19248115,100,368.1933842239186,268.1933842239186,Románia (+268%),2010-hez (=100) képest,rel_val,2010
Románia,2022,283.65846762793325,19166726,100,368.1933842239186,268.1933842239186,Románia (+268%),2010-hez (=100) képest,rel_val,2010
Románia,2023,313.37291489963246,19118433,100,368.1933842239186,268.1933842239186,Románia (+268%),2010-hez (=100) képest,rel_val,2010
Románia,2024,368.1933842239186,19069340,100,368.1933842239186,268.1933842239186,Románia (+268%),2010-hez (=100) képest,rel_val,2010
Litvánia,2010,100,3097660,100,251.08009305417082,151.08009305417082,Litvánia (+151%),2010-hez (=100) képest,rel_val,2010
Litvánia,2011,100.83084081090063,3028588,100,251.08009305417082,151.08009305417082,Litvánia (+151%),2010-hez (=100) képest,rel_val,2010
Litvánia,2012,111.73147224991692,2988281,100,251.08009305417082,151.08009305417082,Litvánia (+151%),2010-hez (=100) képest,rel_val,2010
Litvánia,2013,121.00365569956796,2958306,100,251.08009305417082,151.08009305417082,Litvánia (+151%),2010-hez (=100) képest,rel_val,2010
Litvánia,2014,126.20471917580592,2933118,100,251.08009305417082,151.08009305417082,Litvánia (+151%),2010-hez (=100) képest,rel_val,2010
Litvánia,2015,137.1053506148222,2905726,100,251.08009305417082,151.08009305417082,Litvánia (+151%),2010-hez (=100) képest,rel_val,2010
Litvánia,2016,155.59986706547025,2869051,100,251.08009305417082,151.08009305417082,Litvánia (+151%),2010-hez (=100) képest,rel_val,2010
Litvánia,2017,163.160518444666,2829273,100,251.08009305417082,151.08009305417082,Litvánia (+151%),2010-hez (=100) képest,rel_val,2010
Litvánia,2018,177.83316716517115,2802430,100,251.08009305417082,151.08009305417082,Litvánia (+151%),2010-hez (=100) képest,rel_val,2010
Litvánia,2019,191.24293785310735,2795011,100,251.08009305417082,151.08009305417082,Litvánia (+151%),2010-hez (=100) képest,rel_val,2010
Litvánia,2020,208.47457627118644,2795711,100,251.08009305417082,151.08009305417082,Litvánia (+151%),2010-hez (=100) képest,rel_val,2010
Litvánia,2021,228.34828846792954,2794443,100,251.08009305417082,151.08009305417082,Litvánia (+151%),2010-hez (=100) képest,rel_val,2010
Litvánia,2022,235.99202392821536,2816872,100,251.08009305417082,151.08009305417082,Litvánia (+151%),2010-hez (=100) képest,rel_val,2010
Litvánia,2023,237.81987371219674,2854061,100,251.08009305417082,151.08009305417082,Litvánia (+151%),2010-hez (=100) képest,rel_val,2010
Litvánia,2024,251.08009305417082,2888055,100,251.08009305417082,151.08009305417082,Litvánia (+151%),2010-hez (=100) képest,rel_val,2010
Lettország,2010,100,2097787,100,250.5275697753574,150.5275697753574,Lettország (+151%),2010-hez (=100) képest,rel_val,2010
Lettország,2011,101.1572498298162,2059892,100,250.5275697753574,150.5275697753574,Lettország (+151%),2010-hez (=100) képest,rel_val,2010
Lettország,2012,103.82913546630361,2034577,100,250.5275697753574,150.5275697753574,Lettország (+151%),2010-hez (=100) képest,rel_val,2010
Lettország,2013,109.70047651463581,2012960,100,250.5275697753574,150.5275697753574,Lettország (+151%),2010-hez (=100) képest,rel_val,2010
Lettország,2014,124.57454050374405,1994096,100,250.5275697753574,150.5275697753574,Lettország (+151%),2010-hez (=100) képest,rel_val,2010
Lettország,2015,137.71272974812797,1977815,100,250.5275697753574,150.5275697753574,Lettország (+151%),2010-hez (=100) képest,rel_val,2010
Lettország,2016,157.53914227365556,1959817,100,250.5275697753574,150.5275697753574,Lettország (+151%),2010-hez (=100) képest,rel_val,2010
Lettország,2017,157.3859768550034,1942550,100,250.5275697753574,150.5275697753574,Lettország (+151%),2010-hez (=100) képest,rel_val,2010
Lettország,2018,170.71136827773995,1927526,100,250.5275697753574,150.5275697753574,Lettország (+151%),2010-hez (=100) képest,rel_val,2010
Lettország,2019,187.7297481279782,1914220,100,250.5275697753574,150.5275697753574,Lettország (+151%),2010-hez (=100) képest,rel_val,2010
Lettország,2020,192.9714091218516,1901069,100,250.5275697753574,150.5275697753574,Lettország (+151%),2010-hez (=100) képest,rel_val,2010
Lettország,2021,203.79509870660314,1885546,100,250.5275697753574,150.5275697753574,Lettország (+151%),2010-hez (=100) képest,rel_val,2010
Lettország,2022,218.6010891763104,1881016,100,250.5275697753574,150.5275697753574,Lettország (+151%),2010-hez (=100) képest,rel_val,2010
Lettország,2023,225.11912865895167,1882336,100,250.5275697753574,150.5275697753574,Lettország (+151%),2010-hez (=100) képest,rel_val,2010
Lettország,2024,250.5275697753574,1862441,100,250.5275697753574,150.5275697753574,Lettország (+151%),2010-hez (=100) képest,rel_val,2010
Lengyelország,2010,100,38095304,100,238.3742412245975,138.3742412245975,Lengyelország (+138%),2010-hez (=100) képest,rel_val,2010
Lengyelország,2011,109.8178939034046,38208597,100,238.3742412245975,138.3742412245975,Lengyelország (+138%),2010-hez (=100) képest,rel_val,2010
Lengyelország,2012,113.94827131169174,38247820,100,238.3742412245975,138.3742412245975,Lengyelország (+138%),2010-hez (=100) képest,rel_val,2010
Lengyelország,2013,120.84982845077857,38259214,100,238.3742412245975,138.3742412245975,Lengyelország (+138%),2010-hez (=100) képest,rel_val,2010
Lengyelország,2014,126.15465822116653,38265064,100,238.3742412245975,138.3742412245975,Lengyelország (+138%),2010-hez (=100) képest,rel_val,2010
Lengyelország,2015,131.30113486408024,38266267,100,238.3742412245975,138.3742412245975,Lengyelország (+138%),2010-hez (=100) képest,rel_val,2010
Lengyelország,2016,143.37556083399315,38263203,100,238.3742412245975,138.3742412245975,Lengyelország (+138%),2010-hez (=100) képest,rel_val,2010
Lengyelország,2017,146.19952494061758,38254908,100,238.3742412245975,138.3742412245975,Lengyelország (+138%),2010-hez (=100) képest,rel_val,2010
Lengyelország,2018,151.9266297176036,38241017,100,238.3742412245975,138.3742412245975,Lengyelország (+138%),2010-hez (=100) képest,rel_val,2010
Lengyelország,2019,162.77381894959092,38225836,100,238.3742412245975,138.3742412245975,Lengyelország (+138%),2010-hez (=100) képest,rel_val,2010
Lengyelország,2020,176.16785431512272,38170958,100,238.3742412245975,138.3742412245975,Lengyelország (+138%),2010-hez (=100) képest,rel_val,2010
Lengyelország,2021,183.029823172341,38040252,100,238.3742412245975,138.3742412245975,Lengyelország (+138%),2010-hez (=100) képest,rel_val,2010
Lengyelország,2022,196.70097651095276,38385689,100,238.3742412245975,138.3742412245975,Lengyelország (+138%),2010-hez (=100) képest,rel_val,2010
Lengyelország,2023,218.4085510688836,38762796,100,238.3742412245975,138.3742412245975,Lengyelország (+138%),2010-hez (=100) képest,rel_val,2010
Lengyelország,2024,238.3742412245975,36554707,100,238.3742412245975,138.3742412245975,Lengyelország (+138%),2010-hez (=100) képest,rel_val,2010
Észtország,2010,100,1331406,100,222.33913395386483,122.33913395386483,Észtország (+122%),2010-hez (=100) képest,rel_val,2010
Észtország,2011,100.9712666936463,1327315,100,222.33913395386483,122.33913395386483,Észtország (+122%),2010-hez (=100) képest,rel_val,2010
Észtország,2012,106.44813166059625,1322570,100,222.33913395386483,122.33913395386483,Észtország (+122%),2010-hez (=100) képest,rel_val,2010
Észtország,2013,116.10683933630109,1317872,100,222.33913395386483,122.33913395386483,Észtország (+122%),2010-hez (=100) képest,rel_val,2010
Észtország,2014,124.65938216646433,1314402,100,222.33913395386483,122.33913395386483,Észtország (+122%),2010-hez (=100) képest,rel_val,2010
Észtország,2015,140.72575205719681,1314538,100,222.33913395386483,122.33913395386483,Észtország (+122%),2010-hez (=100) képest,rel_val,2010
Észtország,2016,160.0836368541751,1315802,100,222.33913395386483,122.33913395386483,Észtország (+122%),2010-hez (=100) képest,rel_val,2010
Észtország,2017,167.46256576284904,1317381,100,222.33913395386483,122.33913395386483,Észtország (+122%),2010-hez (=100) képest,rel_val,2010
Észtország,2018,180.4667476055578,1321918,100,222.33913395386483,122.33913395386483,Észtország (+122%),2010-hez (=100) képest,rel_val,2010
Észtország,2019,192.0949682989343,1326772,100,222.33913395386483,122.33913395386483,Észtország (+122%),2010-hez (=100) képest,rel_val,2010
Észtország,2020,193.3225414811817,1329618,100,222.33913395386483,122.33913395386483,Észtország (+122%),2010-hez (=100) képest,rel_val,2010
Észtország,2021,199.7841629569675,1331699,100,222.33913395386483,122.33913395386483,Észtország (+122%),2010-hez (=100) képest,rel_val,2010
Észtország,2022,230.1902063941724,1350038,100,222.33913395386483,122.33913395386483,Észtország (+122%),2010-hez (=100) képest,rel_val,2010
Észtország,2023,208.98421691622823,1367143,100,222.33913395386483,122.33913395386483,Észtország (+122%),2010-hez (=100) képest,rel_val,2010
Észtország,2024,222.33913395386483,1371986,100,222.33913395386483,122.33913395386483,Észtország (+122%),2010-hez (=100) képest,rel_val,2010
Bulgária,2010,100,7437542,100,222.2429906542056,122.24299065420561,Bulgária (+122%),2010-hez (=100) képest,rel_val,2010
Bulgária,2011,99.08241291418861,7379973,100,222.2429906542056,122.24299065420561,Bulgária (+122%),2010-hez (=100) képest,rel_val,2010
Bulgária,2012,96.8054375531011,7316974,100,222.2429906542056,122.24299065420561,Bulgária (+122%),2010-hez (=100) képest,rel_val,2010
Bulgária,2013,100.25488530161428,7264556,100,222.2429906542056,122.24299065420561,Bulgária (+122%),2010-hez (=100) képest,rel_val,2010
Bulgária,2014,114.76635514018692,7223406,100,222.2429906542056,122.24299065420561,Bulgária (+122%),2010-hez (=100) képest,rel_val,2010
Bulgária,2015,116.94137638062871,7177463,100,222.2429906542056,122.24299065420561,Bulgária (+122%),2010-hez (=100) képest,rel_val,2010
Bulgária,2016,114.5624468988955,7127389,100,222.2429906542056,122.24299065420561,Bulgária (+122%),2010-hez (=100) képest,rel_val,2010
Bulgária,2017,128.00339847068818,7075586,100,222.2429906542056,122.24299065420561,Bulgária (+122%),2010-hez (=100) képest,rel_val,2010
Bulgária,2018,122.65080713678844,7024687,100,222.2429906542056,122.24299065420561,Bulgária (+122%),2010-hez (=100) képest,rel_val,2010
Bulgária,2019,142.2429906542056,6975420,100,222.2429906542056,122.24299065420561,Bulgária (+122%),2010-hez (=100) képest,rel_val,2010
Bulgária,2020,146.93288020390824,6933606,100,222.2429906542056,122.24299065420561,Bulgária (+122%),2010-hez (=100) képest,rel_val,2010
Bulgária,2021,159.30331350892098,6877173,100,222.2429906542056,122.24299065420561,Bulgária (+122%),2010-hez (=100) képest,rel_val,2010
Bulgária,2022,164.33305012744265,6825817,100,222.2429906542056,122.24299065420561,Bulgária (+122%),2010-hez (=100) képest,rel_val,2010
Bulgária,2023,189.54970263381477,6795757,100,222.2429906542056,122.24299065420561,Bulgária (+122%),2010-hez (=100) képest,rel_val,2010
Bulgária,2024,222.2429906542056,6444366,100,222.2429906542056,122.24299065420561,Bulgária (+122%),2010-hez (=100) képest,rel_val,2010
Horvátország,2010,100,4301108,100,213.91772900512552,113.91772900512552,Horvátország (+114%),2010-hez (=100) képest,rel_val,2010
Horvátország,2011,97.52924168747536,4280782,100,213.91772900512552,113.91772900512552,Horvátország (+114%),2010-hez (=100) képest,rel_val,2010
Horvátország,2012,97.37153371008017,4259181,100,213.91772900512552,113.91772900512552,Horvátország (+114%),2010-hez (=100) képest,rel_val,2010
Horvátország,2013,96.71441713760021,4242353,100,213.91772900512552,113.91772900512552,Horvátország (+114%),2010-hez (=100) képest,rel_val,2010
Horvátország,2014,100.30227362334078,4219439,100,213.91772900512552,113.91772900512552,Horvátország (+114%),2010-hez (=100) képest,rel_val,2010
Horvátország,2015,108.46366145354186,4183681,100,213.91772900512552,113.91772900512552,Horvátország (+114%),2010-hez (=100) képest,rel_val,2010
Horvátország,2016,118.08384807464844,4136388,100,213.91772900512552,113.91772900512552,Horvátország (+114%),2010-hez (=100) képest,rel_val,2010
Horvátország,2017,124.11617821001445,4079152,100,213.91772900512552,113.91772900512552,Horvátország (+114%),2010-hez (=100) képest,rel_val,2010
Horvátország,2018,129.7148114075437,4024820,100,213.91772900512552,113.91772900512552,Horvátország (+114%),2010-hez (=100) képest,rel_val,2010
Horvátország,2019,141.06978577999737,3986292,100,213.91772900512552,113.91772900512552,Horvátország (+114%),2010-hez (=100) képest,rel_val,2010
Horvátország,2020,145.74845577605467,3953898,100,213.91772900512552,113.91772900512552,Horvátország (+114%),2010-hez (=100) képest,rel_val,2010
Horvátország,2021,149.62544355368644,3924558,100,213.91772900512552,113.91772900512552,Horvátország (+114%),2010-hez (=100) képest,rel_val,2010
Horvátország,2022,161.34840320672888,3906988,100,213.91772900512552,113.91772900512552,Horvátország (+114%),2010-hez (=100) képest,rel_val,2010
Horvátország,2023,176.6066500197135,3895973,100,213.91772900512552,113.91772900512552,Horvátország (+114%),2010-hez (=100) képest,rel_val,2010
Horvátország,2024,213.91772900512552,3866300,100,213.91772900512552,113.91772900512552,Horvátország (+114%),2010-hez (=100) képest,rel_val,2010
Csehország,2010,100,10463981,100,175.6935817805383,75.6935817805383,Csehország (+76%),2010-hez (=100) képest,rel_val,2010
Csehország,2011,103.40579710144928,10495455,100,175.6935817805383,75.6935817805383,Csehország (+76%),2010-hez (=100) képest,rel_val,2010
Csehország,2012,106.75983436853002,10507287,100,175.6935817805383,75.6935817805383,Csehország (+76%),2010-hez (=100) képest,rel_val,2010
Csehország,2013,111.82194616977226,10511117,100,175.6935817805383,75.6935817805383,Csehország (+76%),2010-hez (=100) képest,rel_val,2010
Csehország,2014,114.8136645962733,10517176,100,175.6935817805383,75.6935817805383,Csehország (+76%),2010-hez (=100) képest,rel_val,2010
Csehország,2015,120.62111801242236,10524367,100,175.6935817805383,75.6935817805383,Csehország (+76%),2010-hez (=100) képest,rel_val,2010
Csehország,2016,129.1718426501035,10531895,100,175.6935817805383,75.6935817805383,Csehország (+76%),2010-hez (=100) képest,rel_val,2010
Csehország,2017,130.8592132505176,10541301,100,175.6935817805383,75.6935817805383,Csehország (+76%),2010-hez (=100) képest,rel_val,2010
Csehország,2018,137.30848861283644,10548878,100,175.6935817805383,75.6935817805383,Csehország (+76%),2010-hez (=100) képest,rel_val,2010
Csehország,2019,145.28985507246378,10554819,100,175.6935817805383,75.6935817805383,Csehország (+76%),2010-hez (=100) képest,rel_val,2010
Csehország,2020,146.49068322981367,10550083,100,175.6935817805383,75.6935817805383,Csehország (+76%),2010-hez (=100) képest,rel_val,2010
Csehország,2021,143.01242236024845,10530619,100,175.6935817805383,75.6935817805383,Csehország (+76%),2010-hez (=100) képest,rel_val,2010
Csehország,2022,158.944099378882,10673169,100,175.6935817805383,75.6935817805383,Csehország (+76%),2010-hez (=100) képest,rel_val,2010
Csehország,2023,167.78467908902692,10809674,100,175.6935817805383,75.6935817805383,Csehország (+76%),2010-hez (=100) képest,rel_val,2010
Csehország,2024,175.6935817805383,10882164,100,175.6935817805383,75.6935817805383,Csehország (+76%),2010-hez (=100) képest,rel_val,2010
Magyarország,2010,100,9979076,100,166.9499105545617,66.94991055456171,Magyarország (+67%),2010-hez (=100) képest,rel_val,2010
Magyarország,2011,106.36553369111509,9946626,100,166.9499105545617,66.94991055456171,Magyarország (+67%),2010-hez (=100) képest,rel_val,2010
Magyarország,2012,113.3571854502087,9916568,100,166.9499105545617,66.94991055456171,Magyarország (+67%),2010-hez (=100) képest,rel_val,2010
Magyarország,2013,108.48240906380441,9889294,100,166.9499105545617,66.94991055456171,Magyarország (+67%),2010-hez (=100) képest,rel_val,2010
Magyarország,2014,112.68634466308885,9862785,100,166.9499105545617,66.94991055456171,Magyarország (+67%),2010-hez (=100) képest,rel_val,2010
Magyarország,2015,118.0530709600477,9839162,100,166.9499105545617,66.94991055456171,Magyarország (+67%),2010-hez (=100) képest,rel_val,2010
Magyarország,2016,123.24090638044126,9810479,100,166.9499105545617,66.94991055456171,Magyarország (+67%),2010-hez (=100) képest,rel_val,2010
Magyarország,2017,124.20989862850328,9785561,100,166.9499105545617,66.94991055456171,Magyarország (+67%),2010-hez (=100) képest,rel_val,2010
Magyarország,2018,128.24985092426954,9774342,100,166.9499105545617,66.94991055456171,Magyarország (+67%),2010-hez (=100) képest,rel_val,2010
Magyarország,2019,139.2963625521765,9770300,100,166.9499105545617,66.94991055456171,Magyarország (+67%),2010-hez (=100) képest,rel_val,2010
Magyarország,2020,135.00298151460942,9749421,100,166.9499105545617,66.94991055456171,Magyarország (+67%),2010-hez (=100) képest,rel_val,2010
Magyarország,2021,148.47942754919498,9707794,100,166.9499105545617,66.94991055456171,Magyarország (+67%),2010-hez (=100) képest,rel_val,2010
Magyarország,2022,158.31842576028623,9684259,100,166.9499105545617,66.94991055456171,Magyarország (+67%),2010-hez (=100) képest,rel_val,2010
Magyarország,2023,162.68634466308885,9686418,100,166.9499105545617,66.94991055456171,Magyarország (+67%),2010-hez (=100) képest,rel_val,2010
Magyarország,2024,166.9499105545617,9562314,100,166.9499105545617,66.94991055456171,Magyarország (+67%),2010-hez (=100) képest,rel_val,2010
Szlovénia,2010,100,2044566,100,161.6001198591655,61.60011985916549,Szlovénia (+62%),2010-hez (=100) képest,rel_val,2010
Szlovénia,2011,104.4272979249382,2048754,100,161.6001198591655,61.60011985916549,Szlovénia (+62%),2010-hez (=100) képest,rel_val,2010
Szlovénia,2012,106.90688441081728,2053274,100,161.6001198591655,61.60011985916549,Szlovénia (+62%),2010-hez (=100) képest,rel_val,2010
Szlovénia,2013,106.46490373810772,2056403,100,161.6001198591655,61.60011985916549,Szlovénia (+62%),2010-hez (=100) képest,rel_val,2010
Szlovénia,2014,107.33388268784178,2058351,100,161.6001198591655,61.60011985916549,Szlovénia (+62%),2010-hez (=100) képest,rel_val,2010
Szlovénia,2015,113.1320698179639,2059899,100,161.6001198591655,61.60011985916549,Szlovénia (+62%),2010-hez (=100) képest,rel_val,2010
Szlovénia,2016,114.24076709865908,2061329,100,161.6001198591655,61.60011985916549,Szlovénia (+62%),2010-hez (=100) képest,rel_val,2010
Szlovénia,2017,114.2033111094464,2062366,100,161.6001198591655,61.60011985916549,Szlovénia (+62%),2010-hez (=100) képest,rel_val,2010
Szlovénia,2018,118.14368117461983,2069431,100,161.6001198591655,61.60011985916549,Szlovénia (+62%),2010-hez (=100) képest,rel_val,2010
Szlovénia,2019,124.60109371488501,2083395,100,161.6001198591655,61.60011985916549,Szlovénia (+62%),2010-hez (=100) képest,rel_val,2010
Szlovénia,2020,127.26046894898494,2102370,100,161.6001198591655,61.60011985916549,Szlovénia (+62%),2010-hez (=100) képest,rel_val,2010
Szlovénia,2021,131.68776687392315,2113450,100,161.6001198591655,61.60011985916549,Szlovénia (+62%),2010-hez (=100) képest,rel_val,2010
Szlovénia,2022,140.7745898569181,2115184,100,161.6001198591655,61.60011985916549,Szlovénia (+62%),2010-hez (=100) képest,rel_val,2010
Szlovénia,2023,151.8690538617125,2118353,100,161.6001198591655,61.60011985916549,Szlovénia (+62%),2010-hez (=100) képest,rel_val,2010
Szlovénia,2024,161.6001198591655,2126324,100,161.6001198591655,61.60011985916549,Szlovénia (+62%),2010-hez (=100) képest,rel_val,2010
Szlovákia,2010,100,5391807,100,136.75837320574163,36.758373205741634,Szlovákia (+37%),2010-hez (=100) képest,rel_val,2010
Szlovákia,2011,107.35645933014354,5398048,100,136.75837320574163,36.758373205741634,Szlovákia (+37%),2010-hez (=100) képest,rel_val,2010
Szlovákia,2012,117.21291866028709,5404834,100,136.75837320574163,36.758373205741634,Szlovákia (+37%),2010-hez (=100) képest,rel_val,2010
Szlovákia,2013,114.49760765550239,5410370,100,136.75837320574163,36.758373205741634,Szlovákia (+37%),2010-hez (=100) képest,rel_val,2010
Szlovákia,2014,117.29665071770334,5415184,100,136.75837320574163,36.758373205741634,Szlovákia (+37%),2010-hez (=100) képest,rel_val,2010
Szlovákia,2015,122.2488038277512,5420221,100,136.75837320574163,36.758373205741634,Szlovákia (+37%),2010-hez (=100) képest,rel_val,2010
Szlovákia,2016,125.19138755980862,5427217,100,136.75837320574163,36.758373205741634,Szlovákia (+37%),2010-hez (=100) képest,rel_val,2010
Szlovákia,2017,114.89234449760765,5435643,100,136.75837320574163,36.758373205741634,Szlovákia (+37%),2010-hez (=100) képest,rel_val,2010
Szlovákia,2018,116.55502392344498,5443188,100,136.75837320574163,36.758373205741634,Szlovákia (+37%),2010-hez (=100) képest,rel_val,2010
Szlovákia,2019,125.63397129186603,5450575,100,136.75837320574163,36.758373205741634,Szlovákia (+37%),2010-hez (=100) képest,rel_val,2010
Szlovákia,2020,120.52631578947368,5454981,100,136.75837320574163,36.758373205741634,Szlovákia (+37%),2010-hez (=100) képest,rel_val,2010
Szlovákia,2021,112.73923444976077,5442712,100,136.75837320574163,36.758373205741634,Szlovákia (+37%),2010-hez (=100) képest,rel_val,2010
Szlovákia,2022,117.53588516746412,5473145,100,136.75837320574163,36.758373205741634,Szlovákia (+37%),2010-hez (=100) képest,rel_val,2010
Szlovákia,2023,127.63157894736842,5518008,100,136.75837320574163,36.758373205741634,Szlovákia (+37%),2010-hez (=100) képest,rel_val,2010
Szlovákia,2024,136.75837320574163,5422069,100,136.75837320574163,36.758373205741634,Szlovákia (+37%),2010-hez (=100) képest,rel_val,2010
