STRUCTURE,STRUCTURE_ID,STRUCTURE_NAME,ACTION,REF_AREA,Reference area,MEASURE,Measure,UNIT_MEASURE,Unit of measure,PAY_PERIOD,Pay period,PRICE_BASE,Price base,AGGREGATION_OPERATION,Aggregation operation,SEX,Sex,TIME_PERIOD,Time period,OBS_VALUE,Observation value,BASE_PER,Base period,OBS_STATUS,Observation status,UNIT_MULT,Unit multiplier,DECIMALS,Decimals
DATAFLOW,OECD.ELS.SAE:DSD_EARNINGS@AV_AN_WAGE(1.0),Average annual wages,I,AUS,Australia,WG,Wages,USD_PPP,"US dollars, PPP converted",A,Annual,Q,Constant prices,MEAN,Mean,_Z,Not applicable,1990,,50892.868,,2024,,A,Normal value,0,Units,0,Zero
DATAFLOW,OECD.ELS.SAE:DSD_EARNINGS@AV_AN_WAGE(1.0),Average annual wages,I,AUS,Australia,WG,Wages,USD_PPP,"US dollars, PPP converted",A,Annual,Q,Constant prices,MEAN,Mean,_Z,Not applicable,1991,,50677.312,,2024,,A,Normal value,0,Units,0,Zero
DATAFLOW,OECD.ELS.SAE:DSD_EARNINGS@AV_AN_WAGE(1.0),Average annual wages,I,AUS,Australia,WG,Wages,USD_PPP,"US dollars, PPP converted",A,Annual,Q,Constant prices,MEAN,Mean,_Z,Not applicable,1992,,51712.364,,2024,,A,Normal value,0,Units,0,Zero
DATAFLOW,OECD.ELS.SAE:DSD_EARNINGS@AV_AN_WAGE(1.0),Average annual wages,I,AUS,Australia,WG,Wages,USD_PPP,"US dollars, PPP converted",A,Annual,Q,Constant prices,MEAN,Mean,_Z,Not applicable,1993,,52196.067,,2024,,A,Normal value,0,Units,0,Zero
DATAFLOW,OECD.ELS.SAE:DSD_EARNINGS@AV_AN_WAGE(1.0),Average annual wages,I,AUS,Australia,WG,Wages,USD_PPP,"US dollars, PPP converted",A,Annual,Q,Constant prices,MEAN,Mean,_Z,Not applicable,1994,,52549.161,,2024,,A,Normal value,0,Units,0,Zero
DATAFLOW,OECD.ELS.SAE:DSD_EARNINGS@AV_AN_WAGE(1.0),Average annual wages,I,AUS,Australia,WG,Wages,USD_PPP,"US dollars, PPP converted",A,Annual,Q,Constant prices,MEAN,Mean,_Z,Not applicable,1995,,52360.833,,2024,,A,Normal value,0,Units,0,Zero
DATAFLOW,OECD.ELS.SAE:DSD_EARNINGS@AV_AN_WAGE(1.0),Average annual wages,I,AUS,Australia,WG,Wages,USD_PPP,"US dollars, PPP converted",A,Annual,Q,Constant prices,MEAN,Mean,_Z,Not applicable,1996,,53869.802,,2024,,A,Normal value,0,Units,0,Zero
DATAFLOW,OECD.ELS.SAE:DSD_EARNINGS@AV_AN_WAGE(1.0),Average annual wages,I,AUS,Australia,WG,Wages,USD_PPP,"US dollars, PPP converted",A,Annual,Q,Constant prices,MEAN,Mean,_Z,Not applicable,1997,,55551.459,,2024,,A,Normal value,0,Units,0,Zero
DATAFLOW,OECD.ELS.SAE:DSD_EARNINGS@AV_AN_WAGE(1.0),Average annual wages,I,AUS,Australia,WG,Wages,USD_PPP,"US dollars, PPP converted",A,Annual,Q,Constant prices,MEAN,Mean,_Z,Not applicable,1998,,56354.75,,2024,,A,Normal value,0,Units,0,Zero
DATAFLOW,OECD.ELS.SAE:DSD_EARNINGS@AV_AN_WAGE(1.0),Average annual wages,I,AUS,Australia,WG,Wages,USD_PPP,"US dollars, PPP converted",A,Annual,Q,Constant prices,MEAN,Mean,_Z,Not applicable,1999,,57635.74,,2024,,A,Normal value,0,Units,0,Zero
DATAFLOW,OECD.ELS.SAE:DSD_EARNINGS@AV_AN_WAGE(1.0),Average annual wages,I,AUS,Australia,WG,Wages,USD_PPP,"US dollars, PPP converted",A,Annual,Q,Constant prices,MEAN,Mean,_Z,Not applicable,2000,,57806.507,,2024,,A,Normal value,0,Units,0,Zero
DATAFLOW,OECD.ELS.SAE:DSD_EARNINGS@AV_AN_WAGE(1.0),Average annual wages,I,AUS,Australia,WG,Wages,USD_PPP,"US dollars, PPP converted",A,Annual,Q,Constant prices,MEAN,Mean,_Z,Not applicable,2001,,58378.557,,2024,,A,Normal value,0,Units,0,Zero
DATAFLOW,OECD.ELS.SAE:DSD_EARNINGS@AV_AN_WAGE(1.0),Average annual wages,I,AUS,Australia,WG,Wages,USD_PPP,"US dollars, PPP converted",A,Annual,Q,Constant prices,MEAN,Mean,_Z,Not applicable,2002,,58909.737,,2024,,A,Normal value,0,Units,0,Zero
DATAFLOW,OECD.ELS.SAE:DSD_EARNINGS@AV_AN_WAGE(1.0),Average annual wages,I,AUS,Australia,WG,Wages,USD_PPP,"US dollars, PPP converted",A,Annual,Q,Constant prices,MEAN,Mean,_Z,Not applicable,2003,,59748.167,,2024,,A,Normal value,0,Units,0,Zero
DATAFLOW,OECD.ELS.SAE:DSD_EARNINGS@AV_AN_WAGE(1.0),Average annual wages,I,AUS,Australia,WG,Wages,USD_PPP,"US dollars, PPP converted",A,Annual,Q,Constant prices,MEAN,Mean,_Z,Not applicable,2004,,61629.11,,2024,,A,Normal value,0,Units,0,Zero
DATAFLOW,OECD.ELS.SAE:DSD_EARNINGS@AV_AN_WAGE(1.0),Average annual wages,I,AUS,Australia,WG,Wages,USD_PPP,"US dollars, PPP converted",A,Annual,Q,Constant prices,MEAN,Mean,_Z,Not applicable,2005,,62347.376,,2024,,A,Normal value,0,Units,0,Zero
DATAFLOW,OECD.ELS.SAE:DSD_EARNINGS@AV_AN_WAGE(1.0),Average annual wages,I,AUS,Australia,WG,Wages,USD_PPP,"US dollars, PPP converted",A,Annual,Q,Constant prices,MEAN,Mean,_Z,Not applicable,2006,,62769.154,,2024,,A,Normal value,0,Units,0,Zero
DATAFLOW,OECD.ELS.SAE:DSD_EARNINGS@AV_AN_WAGE(1.0),Average annual wages,I,AUS,Australia,WG,Wages,USD_PPP,"US dollars, PPP converted",A,Annual,Q,Constant prices,MEAN,Mean,_Z,Not applicable,2007,,64500.872,,2024,,A,Normal value,0,Units,0,Zero
DATAFLOW,OECD.ELS.SAE:DSD_EARNINGS@AV_AN_WAGE(1.0),Average annual wages,I,AUS,Australia,WG,Wages,USD_PPP,"US dollars, PPP converted",A,Annual,Q,Constant prices,MEAN,Mean,_Z,Not applicable,2008,,64995.647,,2024,,A,Normal value,0,Units,0,Zero
DATAFLOW,OECD.ELS.SAE:DSD_EARNINGS@AV_AN_WAGE(1.0),Average annual wages,I,AUS,Australia,WG,Wages,USD_PPP,"US dollars, PPP converted",A,Annual,Q,Constant prices,MEAN,Mean,_Z,Not applicable,2009,,64406.029,,2024,,A,Normal value,0,Units,0,Zero
DATAFLOW,OECD.ELS.SAE:DSD_EARNINGS@AV_AN_WAGE(1.0),Average annual wages,I,AUS,Australia,WG,Wages,USD_PPP,"US dollars, PPP converted",A,Annual,Q,Constant prices,MEAN,Mean,_Z,Not applicable,2010,,66705.582,,2024,,A,Normal value,0,Units,0,Zero
DATAFLOW,OECD.ELS.SAE:DSD_EARNINGS@AV_AN_WAGE(1.0),Average annual wages,I,AUS,Australia,WG,Wages,USD_PPP,"US dollars, PPP converted",A,Annual,Q,Constant prices,MEAN,Mean,_Z,Not applicable,2011,,68914.944,,2024,,A,Normal value,0,Units,0,Zero
DATAFLOW,OECD.ELS.SAE:DSD_EARNINGS@AV_AN_WAGE(1.0),Average annual wages,I,AUS,Australia,WG,Wages,USD_PPP,"US dollars, PPP converted",A,Annual,Q,Constant prices,MEAN,Mean,_Z,Not applicable,2012,,69392.868,,2024,,A,Normal value,0,Units,0,Zero
DATAFLOW,OECD.ELS.SAE:DSD_EARNINGS@AV_AN_WAGE(1.0),Average annual wages,I,AUS,Australia,WG,Wages,USD_PPP,"US dollars, PPP converted",A,Annual,Q,Constant prices,MEAN,Mean,_Z,Not applicable,2013,,69189.387,,2024,,A,Normal value,0,Units,0,Zero
DATAFLOW,OECD.ELS.SAE:DSD_EARNINGS@AV_AN_WAGE(1.0),Average annual wages,I,AUS,Australia,WG,Wages,USD_PPP,"US dollars, PPP converted",A,Annual,Q,Constant prices,MEAN,Mean,_Z,Not applicable,2014,,69877.669,,2024,,A,Normal value,0,Units,0,Zero
DATAFLOW,OECD.ELS.SAE:DSD_EARNINGS@AV_AN_WAGE(1.0),Average annual wages,I,AUS,Australia,WG,Wages,USD_PPP,"US dollars, PPP converted",A,Annual,Q,Constant prices,MEAN,Mean,_Z,Not applicable,2015,,69464.852,,2024,,A,Normal value,0,Units,0,Zero
DATAFLOW,OECD.ELS.SAE:DSD_EARNINGS@AV_AN_WAGE(1.0),Average annual wages,I,AUS,Australia,WG,Wages,USD_PPP,"US dollars, PPP converted",A,Annual,Q,Constant prices,MEAN,Mean,_Z,Not applicable,2016,,69806.581,,2024,,A,Normal value,0,Units,0,Zero
DATAFLOW,OECD.ELS.SAE:DSD_EARNINGS@AV_AN_WAGE(1.0),Average annual wages,I,AUS,Australia,WG,Wages,USD_PPP,"US dollars, PPP converted",A,Annual,Q,Constant prices,MEAN,Mean,_Z,Not applicable,2017,,69579.169,,2024,,A,Normal value,0,Units,0,Zero
DATAFLOW,OECD.ELS.SAE:DSD_EARNINGS@AV_AN_WAGE(1.0),Average annual wages,I,AUS,Australia,WG,Wages,USD_PPP,"US dollars, PPP converted",A,Annual,Q,Constant prices,MEAN,Mean,_Z,Not applicable,2018,,69832.234,,2024,,A,Normal value,0,Units,0,Zero
DATAFLOW,OECD.ELS.SAE:DSD_EARNINGS@AV_AN_WAGE(1.0),Average annual wages,I,AUS,Australia,WG,Wages,USD_PPP,"US dollars, PPP converted",A,Annual,Q,Constant prices,MEAN,Mean,_Z,Not applicable,2019,,70501.846,,2024,,A,Normal value,0,Units,0,Zero
DATAFLOW,OECD.ELS.SAE:DSD_EARNINGS@AV_AN_WAGE(1.0),Average annual wages,I,AUS,Australia,WG,Wages,USD_PPP,"US dollars, PPP converted",A,Annual,Q,Constant prices,MEAN,Mean,_Z,Not applicable,2020,,71915.394,,2024,,A,Normal value,0,Units,0,Zero
DATAFLOW,OECD.ELS.SAE:DSD_EARNINGS@AV_AN_WAGE(1.0),Average annual wages,I,AUS,Australia,WG,Wages,USD_PPP,"US dollars, PPP converted",A,Annual,Q,Constant prices,MEAN,Mean,_Z,Not applicable,2021,,72716.686,,2024,,A,Normal value,0,Units,0,Zero
DATAFLOW,OECD.ELS.SAE:DSD_EARNINGS@AV_AN_WAGE(1.0),Average annual wages,I,AUS,Australia,WG,Wages,USD_PPP,"US dollars, PPP converted",A,Annual,Q,Constant prices,MEAN,Mean,_Z,Not applicable,2022,,71109.992,,2024,,A,Normal value,0,Units,0,Zero
DATAFLOW,OECD.ELS.SAE:DSD_EARNINGS@AV_AN_WAGE(1.0),Average annual wages,I,AUS,Australia,WG,Wages,USD_PPP,"US dollars, PPP converted",A,Annual,Q,Constant prices,MEAN,Mean,_Z,Not applicable,2023,,70422.098,,2024,,A,Normal value,0,Units,0,Zero
DATAFLOW,OECD.ELS.SAE:DSD_EARNINGS@AV_AN_WAGE(1.0),Average annual wages,I,AUS,Australia,WG,Wages,USD_PPP,"US dollars, PPP converted",A,Annual,Q,Constant prices,MEAN,Mean,_Z,Not applicable,2024,,70736.187,,2024,,A,Normal value,0,Units,0,Zero
DATAFLOW,OECD.ELS.SAE:DSD_EARNINGS@AV_AN_WAGE(1.0),Average annual wages,I,AUT,Austria,WG,Wages,USD_PPP,"US dollars, PPP converted",A,Annual,Q,Constant prices,MEAN,Mean,_Z,Not applicable,1990,,58665.59,,2024,,A,Normal value,0,Units,0,Zero
DATAFLOW,OECD.ELS.SAE:DSD_EARNINGS@AV_AN_WAGE(1.0),Average annual wages,I,AUT,Austria,WG,Wages,USD_PPP,"US dollars, PPP converted",A,Annual,Q,Constant prices,MEAN,Mean,_Z,Not applicable,1991,,60499.394,,2024,,A,Normal value,0,Units,0,Zero
DATAFLOW,OECD.ELS.SAE:DSD_EARNINGS@AV_AN_WAGE(1.0),Average annual wages,I,AUT,Austria,WG,Wages,USD_PPP,"US dollars, PPP converted",A,Annual,Q,Constant prices,MEAN,Mean,_Z,Not applicable,1992,,61718.235,,2024,,A,Normal value,0,Units,0,Zero
DATAFLOW,OECD.ELS.SAE:DSD_EARNINGS@AV_AN_WAGE(1.0),Average annual wages,I,AUT,Austria,WG,Wages,USD_PPP,"US dollars, PPP converted",A,Annual,Q,Constant prices,MEAN,Mean,_Z,Not applicable,1993,,62221.442,,2024,,A,Normal value,0,Units,0,Zero
DATAFLOW,OECD.ELS.SAE:DSD_EARNINGS@AV_AN_WAGE(1.0),Average annual wages,I,AUT,Austria,WG,Wages,USD_PPP,"US dollars, PPP converted",A,Annual,Q,Constant prices,MEAN,Mean,_Z,Not applicable,1994,,62848.341,,2024,,A,Normal value,0,Units,0,Zero
DATAFLOW,OECD.ELS.SAE:DSD_EARNINGS@AV_AN_WAGE(1.0),Average annual wages,I,AUT,Austria,WG,Wages,USD_PPP,"US dollars, PPP converted",A,Annual,Q,Constant prices,MEAN,Mean,_Z,Not applicable,1995,,63354.656,,2024,,A,Normal value,0,Units,0,Zero
DATAFLOW,OECD.ELS.SAE:DSD_EARNINGS@AV_AN_WAGE(1.0),Average annual wages,I,AUT,Austria,WG,Wages,USD_PPP,"US dollars, PPP converted",A,Annual,Q,Constant prices,MEAN,Mean,_Z,Not applicable,1996,,62920.728,,2024,,A,Normal value,0,Units,0,Zero
DATAFLOW,OECD.ELS.SAE:DSD_EARNINGS@AV_AN_WAGE(1.0),Average annual wages,I,AUT,Austria,WG,Wages,USD_PPP,"US dollars, PPP converted",A,Annual,Q,Constant prices,MEAN,Mean,_Z,Not applicable,1997,,62400.476,,2024,,A,Normal value,0,Units,0,Zero
DATAFLOW,OECD.ELS.SAE:DSD_EARNINGS@AV_AN_WAGE(1.0),Average annual wages,I,AUT,Austria,WG,Wages,USD_PPP,"US dollars, PPP converted",A,Annual,Q,Constant prices,MEAN,Mean,_Z,Not applicable,1998,,64394.813,,2024,,A,Normal value,0,Units,0,Zero
DATAFLOW,OECD.ELS.SAE:DSD_EARNINGS@AV_AN_WAGE(1.0),Average annual wages,I,AUT,Austria,WG,Wages,USD_PPP,"US dollars, PPP converted",A,Annual,Q,Constant prices,MEAN,Mean,_Z,Not applicable,1999,,65824.693,,2024,,A,Normal value,0,Units,0,Zero
DATAFLOW,OECD.ELS.SAE:DSD_EARNINGS@AV_AN_WAGE(1.0),Average annual wages,I,AUT,Austria,WG,Wages,USD_PPP,"US dollars, PPP converted",A,Annual,Q,Constant prices,MEAN,Mean,_Z,Not applicable,2000,,66028.413,,2024,,A,Normal value,0,Units,0,Zero
DATAFLOW,OECD.ELS.SAE:DSD_EARNINGS@AV_AN_WAGE(1.0),Average annual wages,I,AUT,Austria,WG,Wages,USD_PPP,"US dollars, PPP converted",A,Annual,Q,Constant prices,MEAN,Mean,_Z,Not applicable,2001,,65828.646,,2024,,A,Normal value,0,Units,0,Zero
DATAFLOW,OECD.ELS.SAE:DSD_EARNINGS@AV_AN_WAGE(1.0),Average annual wages,I,AUT,Austria,WG,Wages,USD_PPP,"US dollars, PPP converted",A,Annual,Q,Constant prices,MEAN,Mean,_Z,Not applicable,2002,,66825.091,,2024,,A,Normal value,0,Units,0,Zero
DATAFLOW,OECD.ELS.SAE:DSD_EARNINGS@AV_AN_WAGE(1.0),Average annual wages,I,AUT,Austria,WG,Wages,USD_PPP,"US dollars, PPP converted",A,Annual,Q,Constant prices,MEAN,Mean,_Z,Not applicable,2003,,66979.313,,2024,,A,Normal value,0,Units,0,Zero
DATAFLOW,OECD.ELS.SAE:DSD_EARNINGS@AV_AN_WAGE(1.0),Average annual wages,I,AUT,Austria,WG,Wages,USD_PPP,"US dollars, PPP converted",A,Annual,Q,Constant prices,MEAN,Mean,_Z,Not applicable,2004,,68251.938,,2024,,A,Normal value,0,Units,0,Zero
DATAFLOW,OECD.ELS.SAE:DSD_EARNINGS@AV_AN_WAGE(1.0),Average annual wages,I,AUT,Austria,WG,Wages,USD_PPP,"US dollars, PPP converted",A,Annual,Q,Constant prices,MEAN,Mean,_Z,Not applicable,2005,,68622.299,,2024,,A,Normal value,0,Units,0,Zero
DATAFLOW,OECD.ELS.SAE:DSD_EARNINGS@AV_AN_WAGE(1.0),Average annual wages,I,AUT,Austria,WG,Wages,USD_PPP,"US dollars, PPP converted",A,Annual,Q,Constant prices,MEAN,Mean,_Z,Not applicable,2006,,69651.63,,2024,,A,Normal value,0,Units,0,Zero
DATAFLOW,OECD.ELS.SAE:DSD_EARNINGS@AV_AN_WAGE(1.0),Average annual wages,I,AUT,Austria,WG,Wages,USD_PPP,"US dollars, PPP converted",A,Annual,Q,Constant prices,MEAN,Mean,_Z,Not applicable,2007,,70059.18,,2024,,A,Normal value,0,Units,0,Zero
DATAFLOW,OECD.ELS.SAE:DSD_EARNINGS@AV_AN_WAGE(1.0),Average annual wages,I,AUT,Austria,WG,Wages,USD_PPP,"US dollars, PPP converted",A,Annual,Q,Constant prices,MEAN,Mean,_Z,Not applicable,2008,,71218.017,,2024,,A,Normal value,0,Units,0,Zero
DATAFLOW,OECD.ELS.SAE:DSD_EARNINGS@AV_AN_WAGE(1.0),Average annual wages,I,AUT,Austria,WG,Wages,USD_PPP,"US dollars, PPP converted",A,Annual,Q,Constant prices,MEAN,Mean,_Z,Not applicable,2009,,72435.383,,2024,,A,Normal value,0,Units,0,Zero
DATAFLOW,OECD.ELS.SAE:DSD_EARNINGS@AV_AN_WAGE(1.0),Average annual wages,I,AUT,Austria,WG,Wages,USD_PPP,"US dollars, PPP converted",A,Annual,Q,Constant prices,MEAN,Mean,_Z,Not applicable,2010,,72103.745,,2024,,A,Normal value,0,Units,0,Zero
DATAFLOW,OECD.ELS.SAE:DSD_EARNINGS@AV_AN_WAGE(1.0),Average annual wages,I,AUT,Austria,WG,Wages,USD_PPP,"US dollars, PPP converted",A,Annual,Q,Constant prices,MEAN,Mean,_Z,Not applicable,2011,,71327.643,,2024,,A,Normal value,0,Units,0,Zero
DATAFLOW,OECD.ELS.SAE:DSD_EARNINGS@AV_AN_WAGE(1.0),Average annual wages,I,AUT,Austria,WG,Wages,USD_PPP,"US dollars, PPP converted",A,Annual,Q,Constant prices,MEAN,Mean,_Z,Not applicable,2012,,71731.843,,2024,,A,Normal value,0,Units,0,Zero
DATAFLOW,OECD.ELS.SAE:DSD_EARNINGS@AV_AN_WAGE(1.0),Average annual wages,I,AUT,Austria,WG,Wages,USD_PPP,"US dollars, PPP converted",A,Annual,Q,Constant prices,MEAN,Mean,_Z,Not applicable,2013,,71761.772,,2024,,A,Normal value,0,Units,0,Zero
DATAFLOW,OECD.ELS.SAE:DSD_EARNINGS@AV_AN_WAGE(1.0),Average annual wages,I,AUT,Austria,WG,Wages,USD_PPP,"US dollars, PPP converted",A,Annual,Q,Constant prices,MEAN,Mean,_Z,Not applicable,2014,,72033.928,,2024,,A,Normal value,0,Units,0,Zero
DATAFLOW,OECD.ELS.SAE:DSD_EARNINGS@AV_AN_WAGE(1.0),Average annual wages,I,AUT,Austria,WG,Wages,USD_PPP,"US dollars, PPP converted",A,Annual,Q,Constant prices,MEAN,Mean,_Z,Not applicable,2015,,72558.786,,2024,,A,Normal value,0,Units,0,Zero
DATAFLOW,OECD.ELS.SAE:DSD_EARNINGS@AV_AN_WAGE(1.0),Average annual wages,I,AUT,Austria,WG,Wages,USD_PPP,"US dollars, PPP converted",A,Annual,Q,Constant prices,MEAN,Mean,_Z,Not applicable,2016,,73253.777,,2024,,A,Normal value,0,Units,0,Zero
DATAFLOW,OECD.ELS.SAE:DSD_EARNINGS@AV_AN_WAGE(1.0),Average annual wages,I,AUT,Austria,WG,Wages,USD_PPP,"US dollars, PPP converted",A,Annual,Q,Constant prices,MEAN,Mean,_Z,Not applicable,2017,,73263.137,,2024,,A,Normal value,0,Units,0,Zero
DATAFLOW,OECD.ELS.SAE:DSD_EARNINGS@AV_AN_WAGE(1.0),Average annual wages,I,AUT,Austria,WG,Wages,USD_PPP,"US dollars, PPP converted",A,Annual,Q,Constant prices,MEAN,Mean,_Z,Not applicable,2018,,73540.157,,2024,,A,Normal value,0,Units,0,Zero
DATAFLOW,OECD.ELS.SAE:DSD_EARNINGS@AV_AN_WAGE(1.0),Average annual wages,I,AUT,Austria,WG,Wages,USD_PPP,"US dollars, PPP converted",A,Annual,Q,Constant prices,MEAN,Mean,_Z,Not applicable,2019,,74147.783,,2024,,A,Normal value,0,Units,0,Zero
DATAFLOW,OECD.ELS.SAE:DSD_EARNINGS@AV_AN_WAGE(1.0),Average annual wages,I,AUT,Austria,WG,Wages,USD_PPP,"US dollars, PPP converted",A,Annual,Q,Constant prices,MEAN,Mean,_Z,Not applicable,2020,,74353.046,,2024,,A,Normal value,0,Units,0,Zero
DATAFLOW,OECD.ELS.SAE:DSD_EARNINGS@AV_AN_WAGE(1.0),Average annual wages,I,AUT,Austria,WG,Wages,USD_PPP,"US dollars, PPP converted",A,Annual,Q,Constant prices,MEAN,Mean,_Z,Not applicable,2021,,75501.799,,2024,,A,Normal value,0,Units,0,Zero
DATAFLOW,OECD.ELS.SAE:DSD_EARNINGS@AV_AN_WAGE(1.0),Average annual wages,I,AUT,Austria,WG,Wages,USD_PPP,"US dollars, PPP converted",A,Annual,Q,Constant prices,MEAN,Mean,_Z,Not applicable,2022,,73761.494,,2024,,A,Normal value,0,Units,0,Zero
DATAFLOW,OECD.ELS.SAE:DSD_EARNINGS@AV_AN_WAGE(1.0),Average annual wages,I,AUT,Austria,WG,Wages,USD_PPP,"US dollars, PPP converted",A,Annual,Q,Constant prices,MEAN,Mean,_Z,Not applicable,2023,,73585.512,,2024,,A,Normal value,0,Units,0,Zero
DATAFLOW,OECD.ELS.SAE:DSD_EARNINGS@AV_AN_WAGE(1.0),Average annual wages,I,AUT,Austria,WG,Wages,USD_PPP,"US dollars, PPP converted",A,Annual,Q,Constant prices,MEAN,Mean,_Z,Not applicable,2024,,75767.15,,2024,,A,Normal value,0,Units,0,Zero
DATAFLOW,OECD.ELS.SAE:DSD_EARNINGS@AV_AN_WAGE(1.0),Average annual wages,I,BEL,Belgium,WG,Wages,USD_PPP,"US dollars, PPP converted",A,Annual,Q,Constant prices,MEAN,Mean,_Z,Not applicable,1990,,58012.692,,2024,,A,Normal value,0,Units,0,Zero
DATAFLOW,OECD.ELS.SAE:DSD_EARNINGS@AV_AN_WAGE(1.0),Average annual wages,I,BEL,Belgium,WG,Wages,USD_PPP,"US dollars, PPP converted",A,Annual,Q,Constant prices,MEAN,Mean,_Z,Not applicable,1991,,60561.112,,2024,,A,Normal value,0,Units,0,Zero
DATAFLOW,OECD.ELS.SAE:DSD_EARNINGS@AV_AN_WAGE(1.0),Average annual wages,I,BEL,Belgium,WG,Wages,USD_PPP,"US dollars, PPP converted",A,Annual,Q,Constant prices,MEAN,Mean,_Z,Not applicable,1992,,62503.058,,2024,,A,Normal value,0,Units,0,Zero
DATAFLOW,OECD.ELS.SAE:DSD_EARNINGS@AV_AN_WAGE(1.0),Average annual wages,I,BEL,Belgium,WG,Wages,USD_PPP,"US dollars, PPP converted",A,Annual,Q,Constant prices,MEAN,Mean,_Z,Not applicable,1993,,63816.775,,2024,,A,Normal value,0,Units,0,Zero
DATAFLOW,OECD.ELS.SAE:DSD_EARNINGS@AV_AN_WAGE(1.0),Average annual wages,I,BEL,Belgium,WG,Wages,USD_PPP,"US dollars, PPP converted",A,Annual,Q,Constant prices,MEAN,Mean,_Z,Not applicable,1994,,65054.923,,2024,,A,Normal value,0,Units,0,Zero
DATAFLOW,OECD.ELS.SAE:DSD_EARNINGS@AV_AN_WAGE(1.0),Average annual wages,I,BEL,Belgium,WG,Wages,USD_PPP,"US dollars, PPP converted",A,Annual,Q,Constant prices,MEAN,Mean,_Z,Not applicable,1995,,64833.577,,2024,,A,Normal value,0,Units,0,Zero
DATAFLOW,OECD.ELS.SAE:DSD_EARNINGS@AV_AN_WAGE(1.0),Average annual wages,I,BEL,Belgium,WG,Wages,USD_PPP,"US dollars, PPP converted",A,Annual,Q,Constant prices,MEAN,Mean,_Z,Not applicable,1996,,65646.363,,2024,,A,Normal value,0,Units,0,Zero
DATAFLOW,OECD.ELS.SAE:DSD_EARNINGS@AV_AN_WAGE(1.0),Average annual wages,I,BEL,Belgium,WG,Wages,USD_PPP,"US dollars, PPP converted",A,Annual,Q,Constant prices,MEAN,Mean,_Z,Not applicable,1997,,66483.432,,2024,,A,Normal value,0,Units,0,Zero
DATAFLOW,OECD.ELS.SAE:DSD_EARNINGS@AV_AN_WAGE(1.0),Average annual wages,I,BEL,Belgium,WG,Wages,USD_PPP,"US dollars, PPP converted",A,Annual,Q,Constant prices,MEAN,Mean,_Z,Not applicable,1998,,66523.307,,2024,,A,Normal value,0,Units,0,Zero
DATAFLOW,OECD.ELS.SAE:DSD_EARNINGS@AV_AN_WAGE(1.0),Average annual wages,I,BEL,Belgium,WG,Wages,USD_PPP,"US dollars, PPP converted",A,Annual,Q,Constant prices,MEAN,Mean,_Z,Not applicable,1999,,70231.232,,2024,,A,Normal value,0,Units,0,Zero
DATAFLOW,OECD.ELS.SAE:DSD_EARNINGS@AV_AN_WAGE(1.0),Average annual wages,I,BEL,Belgium,WG,Wages,USD_PPP,"US dollars, PPP converted",A,Annual,Q,Constant prices,MEAN,Mean,_Z,Not applicable,2000,,69596.967,,2024,,A,Normal value,0,Units,0,Zero
DATAFLOW,OECD.ELS.SAE:DSD_EARNINGS@AV_AN_WAGE(1.0),Average annual wages,I,BEL,Belgium,WG,Wages,USD_PPP,"US dollars, PPP converted",A,Annual,Q,Constant prices,MEAN,Mean,_Z,Not applicable,2001,,69809.073,,2024,,A,Normal value,0,Units,0,Zero
DATAFLOW,OECD.ELS.SAE:DSD_EARNINGS@AV_AN_WAGE(1.0),Average annual wages,I,BEL,Belgium,WG,Wages,USD_PPP,"US dollars, PPP converted",A,Annual,Q,Constant prices,MEAN,Mean,_Z,Not applicable,2002,,71611.282,,2024,,A,Normal value,0,Units,0,Zero
DATAFLOW,OECD.ELS.SAE:DSD_EARNINGS@AV_AN_WAGE(1.0),Average annual wages,I,BEL,Belgium,WG,Wages,USD_PPP,"US dollars, PPP converted",A,Annual,Q,Constant prices,MEAN,Mean,_Z,Not applicable,2003,,72038.155,,2024,,A,Normal value,0,Units,0,Zero
DATAFLOW,OECD.ELS.SAE:DSD_EARNINGS@AV_AN_WAGE(1.0),Average annual wages,I,BEL,Belgium,WG,Wages,USD_PPP,"US dollars, PPP converted",A,Annual,Q,Constant prices,MEAN,Mean,_Z,Not applicable,2004,,71660.301,,2024,,A,Normal value,0,Units,0,Zero
DATAFLOW,OECD.ELS.SAE:DSD_EARNINGS@AV_AN_WAGE(1.0),Average annual wages,I,BEL,Belgium,WG,Wages,USD_PPP,"US dollars, PPP converted",A,Annual,Q,Constant prices,MEAN,Mean,_Z,Not applicable,2005,,70980.025,,2024,,A,Normal value,0,Units,0,Zero
DATAFLOW,OECD.ELS.SAE:DSD_EARNINGS@AV_AN_WAGE(1.0),Average annual wages,I,BEL,Belgium,WG,Wages,USD_PPP,"US dollars, PPP converted",A,Annual,Q,Constant prices,MEAN,Mean,_Z,Not applicable,2006,,71462.223,,2024,,A,Normal value,0,Units,0,Zero
DATAFLOW,OECD.ELS.SAE:DSD_EARNINGS@AV_AN_WAGE(1.0),Average annual wages,I,BEL,Belgium,WG,Wages,USD_PPP,"US dollars, PPP converted",A,Annual,Q,Constant prices,MEAN,Mean,_Z,Not applicable,2007,,71329.639,,2024,,A,Normal value,0,Units,0,Zero
DATAFLOW,OECD.ELS.SAE:DSD_EARNINGS@AV_AN_WAGE(1.0),Average annual wages,I,BEL,Belgium,WG,Wages,USD_PPP,"US dollars, PPP converted",A,Annual,Q,Constant prices,MEAN,Mean,_Z,Not applicable,2008,,71637.445,,2024,,A,Normal value,0,Units,0,Zero
DATAFLOW,OECD.ELS.SAE:DSD_EARNINGS@AV_AN_WAGE(1.0),Average annual wages,I,BEL,Belgium,WG,Wages,USD_PPP,"US dollars, PPP converted",A,Annual,Q,Constant prices,MEAN,Mean,_Z,Not applicable,2009,,72634.832,,2024,,A,Normal value,0,Units,0,Zero
DATAFLOW,OECD.ELS.SAE:DSD_EARNINGS@AV_AN_WAGE(1.0),Average annual wages,I,BEL,Belgium,WG,Wages,USD_PPP,"US dollars, PPP converted",A,Annual,Q,Constant prices,MEAN,Mean,_Z,Not applicable,2010,,72299.056,,2024,,A,Normal value,0,Units,0,Zero
DATAFLOW,OECD.ELS.SAE:DSD_EARNINGS@AV_AN_WAGE(1.0),Average annual wages,I,BEL,Belgium,WG,Wages,USD_PPP,"US dollars, PPP converted",A,Annual,Q,Constant prices,MEAN,Mean,_Z,Not applicable,2011,,73038.155,,2024,,A,Normal value,0,Units,0,Zero
DATAFLOW,OECD.ELS.SAE:DSD_EARNINGS@AV_AN_WAGE(1.0),Average annual wages,I,BEL,Belgium,WG,Wages,USD_PPP,"US dollars, PPP converted",A,Annual,Q,Constant prices,MEAN,Mean,_Z,Not applicable,2012,,73628.817,,2024,,A,Normal value,0,Units,0,Zero
DATAFLOW,OECD.ELS.SAE:DSD_EARNINGS@AV_AN_WAGE(1.0),Average annual wages,I,BEL,Belgium,WG,Wages,USD_PPP,"US dollars, PPP converted",A,Annual,Q,Constant prices,MEAN,Mean,_Z,Not applicable,2013,,74358.208,,2024,,A,Normal value,0,Units,0,Zero
DATAFLOW,OECD.ELS.SAE:DSD_EARNINGS@AV_AN_WAGE(1.0),Average annual wages,I,BEL,Belgium,WG,Wages,USD_PPP,"US dollars, PPP converted",A,Annual,Q,Constant prices,MEAN,Mean,_Z,Not applicable,2014,,74774.678,,2024,,A,Normal value,0,Units,0,Zero
DATAFLOW,OECD.ELS.SAE:DSD_EARNINGS@AV_AN_WAGE(1.0),Average annual wages,I,BEL,Belgium,WG,Wages,USD_PPP,"US dollars, PPP converted",A,Annual,Q,Constant prices,MEAN,Mean,_Z,Not applicable,2015,,74266.295,,2024,,A,Normal value,0,Units,0,Zero
DATAFLOW,OECD.ELS.SAE:DSD_EARNINGS@AV_AN_WAGE(1.0),Average annual wages,I,BEL,Belgium,WG,Wages,USD_PPP,"US dollars, PPP converted",A,Annual,Q,Constant prices,MEAN,Mean,_Z,Not applicable,2016,,74425.268,,2024,,A,Normal value,0,Units,0,Zero
DATAFLOW,OECD.ELS.SAE:DSD_EARNINGS@AV_AN_WAGE(1.0),Average annual wages,I,BEL,Belgium,WG,Wages,USD_PPP,"US dollars, PPP converted",A,Annual,Q,Constant prices,MEAN,Mean,_Z,Not applicable,2017,,73904.426,,2024,,A,Normal value,0,Units,0,Zero
DATAFLOW,OECD.ELS.SAE:DSD_EARNINGS@AV_AN_WAGE(1.0),Average annual wages,I,BEL,Belgium,WG,Wages,USD_PPP,"US dollars, PPP converted",A,Annual,Q,Constant prices,MEAN,Mean,_Z,Not applicable,2018,,74341.899,,2024,,A,Normal value,0,Units,0,Zero
DATAFLOW,OECD.ELS.SAE:DSD_EARNINGS@AV_AN_WAGE(1.0),Average annual wages,I,BEL,Belgium,WG,Wages,USD_PPP,"US dollars, PPP converted",A,Annual,Q,Constant prices,MEAN,Mean,_Z,Not applicable,2019,,75073.885,,2024,,A,Normal value,0,Units,0,Zero
DATAFLOW,OECD.ELS.SAE:DSD_EARNINGS@AV_AN_WAGE(1.0),Average annual wages,I,BEL,Belgium,WG,Wages,USD_PPP,"US dollars, PPP converted",A,Annual,Q,Constant prices,MEAN,Mean,_Z,Not applicable,2020,,72792.596,,2024,,A,Normal value,0,Units,0,Zero
DATAFLOW,OECD.ELS.SAE:DSD_EARNINGS@AV_AN_WAGE(1.0),Average annual wages,I,BEL,Belgium,WG,Wages,USD_PPP,"US dollars, PPP converted",A,Annual,Q,Constant prices,MEAN,Mean,_Z,Not applicable,2021,,75091.965,,2024,,A,Normal value,0,Units,0,Zero
DATAFLOW,OECD.ELS.SAE:DSD_EARNINGS@AV_AN_WAGE(1.0),Average annual wages,I,BEL,Belgium,WG,Wages,USD_PPP,"US dollars, PPP converted",A,Annual,Q,Constant prices,MEAN,Mean,_Z,Not applicable,2022,,73530.44,,2024,,A,Normal value,0,Units,0,Zero
DATAFLOW,OECD.ELS.SAE:DSD_EARNINGS@AV_AN_WAGE(1.0),Average annual wages,I,BEL,Belgium,WG,Wages,USD_PPP,"US dollars, PPP converted",A,Annual,Q,Constant prices,MEAN,Mean,_Z,Not applicable,2023,,75661.615,,2024,,A,Normal value,0,Units,0,Zero
DATAFLOW,OECD.ELS.SAE:DSD_EARNINGS@AV_AN_WAGE(1.0),Average annual wages,I,BEL,Belgium,WG,Wages,USD_PPP,"US dollars, PPP converted",A,Annual,Q,Constant prices,MEAN,Mean,_Z,Not applicable,2024,,76108.816,,2024,,A,Normal value,0,Units,0,Zero
DATAFLOW,OECD.ELS.SAE:DSD_EARNINGS@AV_AN_WAGE(1.0),Average annual wages,I,CAN,Canada,WG,Wages,USD_PPP,"US dollars, PPP converted",A,Annual,Q,Constant prices,MEAN,Mean,_Z,Not applicable,1990,,50296.678,,2024,,A,Normal value,0,Units,0,Zero
DATAFLOW,OECD.ELS.SAE:DSD_EARNINGS@AV_AN_WAGE(1.0),Average annual wages,I,CAN,Canada,WG,Wages,USD_PPP,"US dollars, PPP converted",A,Annual,Q,Constant prices,MEAN,Mean,_Z,Not applicable,1991,,50486.547,,2024,,A,Normal value,0,Units,0,Zero
DATAFLOW,OECD.ELS.SAE:DSD_EARNINGS@AV_AN_WAGE(1.0),Average annual wages,I,CAN,Canada,WG,Wages,USD_PPP,"US dollars, PPP converted",A,Annual,Q,Constant prices,MEAN,Mean,_Z,Not applicable,1992,,51223.562,,2024,,A,Normal value,0,Units,0,Zero
DATAFLOW,OECD.ELS.SAE:DSD_EARNINGS@AV_AN_WAGE(1.0),Average annual wages,I,CAN,Canada,WG,Wages,USD_PPP,"US dollars, PPP converted",A,Annual,Q,Constant prices,MEAN,Mean,_Z,Not applicable,1993,,51112.61,,2024,,A,Normal value,0,Units,0,Zero
DATAFLOW,OECD.ELS.SAE:DSD_EARNINGS@AV_AN_WAGE(1.0),Average annual wages,I,CAN,Canada,WG,Wages,USD_PPP,"US dollars, PPP converted",A,Annual,Q,Constant prices,MEAN,Mean,_Z,Not applicable,1994,,50531.712,,2024,,A,Normal value,0,Units,0,Zero
DATAFLOW,OECD.ELS.SAE:DSD_EARNINGS@AV_AN_WAGE(1.0),Average annual wages,I,CAN,Canada,WG,Wages,USD_PPP,"US dollars, PPP converted",A,Annual,Q,Constant prices,MEAN,Mean,_Z,Not applicable,1995,,50418.618,,2024,,A,Normal value,0,Units,0,Zero
DATAFLOW,OECD.ELS.SAE:DSD_EARNINGS@AV_AN_WAGE(1.0),Average annual wages,I,CAN,Canada,WG,Wages,USD_PPP,"US dollars, PPP converted",A,Annual,Q,Constant prices,MEAN,Mean,_Z,Not applicable,1996,,50865.853,,2024,,A,Normal value,0,Units,0,Zero
DATAFLOW,OECD.ELS.SAE:DSD_EARNINGS@AV_AN_WAGE(1.0),Average annual wages,I,CAN,Canada,WG,Wages,USD_PPP,"US dollars, PPP converted",A,Annual,Q,Constant prices,MEAN,Mean,_Z,Not applicable,1997,,52423.11,,2024,,A,Normal value,0,Units,0,Zero
DATAFLOW,OECD.ELS.SAE:DSD_EARNINGS@AV_AN_WAGE(1.0),Average annual wages,I,CAN,Canada,WG,Wages,USD_PPP,"US dollars, PPP converted",A,Annual,Q,Constant prices,MEAN,Mean,_Z,Not applicable,1998,,53303.15,,2024,,A,Normal value,0,Units,0,Zero
DATAFLOW,OECD.ELS.SAE:DSD_EARNINGS@AV_AN_WAGE(1.0),Average annual wages,I,CAN,Canada,WG,Wages,USD_PPP,"US dollars, PPP converted",A,Annual,Q,Constant prices,MEAN,Mean,_Z,Not applicable,1999,,53736.393,,2024,,A,Normal value,0,Units,0,Zero
DATAFLOW,OECD.ELS.SAE:DSD_EARNINGS@AV_AN_WAGE(1.0),Average annual wages,I,CAN,Canada,WG,Wages,USD_PPP,"US dollars, PPP converted",A,Annual,Q,Constant prices,MEAN,Mean,_Z,Not applicable,2000,,55365.75,,2024,,A,Normal value,0,Units,0,Zero
DATAFLOW,OECD.ELS.SAE:DSD_EARNINGS@AV_AN_WAGE(1.0),Average annual wages,I,CAN,Canada,WG,Wages,USD_PPP,"US dollars, PPP converted",A,Annual,Q,Constant prices,MEAN,Mean,_Z,Not applicable,2001,,55137.869,,2024,,A,Normal value,0,Units,0,Zero
DATAFLOW,OECD.ELS.SAE:DSD_EARNINGS@AV_AN_WAGE(1.0),Average annual wages,I,CAN,Canada,WG,Wages,USD_PPP,"US dollars, PPP converted",A,Annual,Q,Constant prices,MEAN,Mean,_Z,Not applicable,2002,,54693.461,,2024,,A,Normal value,0,Units,0,Zero
DATAFLOW,OECD.ELS.SAE:DSD_EARNINGS@AV_AN_WAGE(1.0),Average annual wages,I,CAN,Canada,WG,Wages,USD_PPP,"US dollars, PPP converted",A,Annual,Q,Constant prices,MEAN,Mean,_Z,Not applicable,2003,,54710.38,,2024,,A,Normal value,0,Units,0,Zero
DATAFLOW,OECD.ELS.SAE:DSD_EARNINGS@AV_AN_WAGE(1.0),Average annual wages,I,CAN,Canada,WG,Wages,USD_PPP,"US dollars, PPP converted",A,Annual,Q,Constant prices,MEAN,Mean,_Z,Not applicable,2004,,55892.446,,2024,,A,Normal value,0,Units,0,Zero
DATAFLOW,OECD.ELS.SAE:DSD_EARNINGS@AV_AN_WAGE(1.0),Average annual wages,I,CAN,Canada,WG,Wages,USD_PPP,"US dollars, PPP converted",A,Annual,Q,Constant prices,MEAN,Mean,_Z,Not applicable,2005,,57506.9,,2024,,A,Normal value,0,Units,0,Zero
DATAFLOW,OECD.ELS.SAE:DSD_EARNINGS@AV_AN_WAGE(1.0),Average annual wages,I,CAN,Canada,WG,Wages,USD_PPP,"US dollars, PPP converted",A,Annual,Q,Constant prices,MEAN,Mean,_Z,Not applicable,2006,,59258.083,,2024,,A,Normal value,0,Units,0,Zero
DATAFLOW,OECD.ELS.SAE:DSD_EARNINGS@AV_AN_WAGE(1.0),Average annual wages,I,CAN,Canada,WG,Wages,USD_PPP,"US dollars, PPP converted",A,Annual,Q,Constant prices,MEAN,Mean,_Z,Not applicable,2007,,60840.573,,2024,,A,Normal value,0,Units,0,Zero
DATAFLOW,OECD.ELS.SAE:DSD_EARNINGS@AV_AN_WAGE(1.0),Average annual wages,I,CAN,Canada,WG,Wages,USD_PPP,"US dollars, PPP converted",A,Annual,Q,Constant prices,MEAN,Mean,_Z,Not applicable,2008,,61908.661,,2024,,A,Normal value,0,Units,0,Zero
DATAFLOW,OECD.ELS.SAE:DSD_EARNINGS@AV_AN_WAGE(1.0),Average annual wages,I,CAN,Canada,WG,Wages,USD_PPP,"US dollars, PPP converted",A,Annual,Q,Constant prices,MEAN,Mean,_Z,Not applicable,2009,,62311.323,,2024,,A,Normal value,0,Units,0,Zero
DATAFLOW,OECD.ELS.SAE:DSD_EARNINGS@AV_AN_WAGE(1.0),Average annual wages,I,CAN,Canada,WG,Wages,USD_PPP,"US dollars, PPP converted",A,Annual,Q,Constant prices,MEAN,Mean,_Z,Not applicable,2010,,62422.417,,2024,,A,Normal value,0,Units,0,Zero
DATAFLOW,OECD.ELS.SAE:DSD_EARNINGS@AV_AN_WAGE(1.0),Average annual wages,I,CAN,Canada,WG,Wages,USD_PPP,"US dollars, PPP converted",A,Annual,Q,Constant prices,MEAN,Mean,_Z,Not applicable,2011,,63173.717,,2024,,A,Normal value,0,Units,0,Zero
DATAFLOW,OECD.ELS.SAE:DSD_EARNINGS@AV_AN_WAGE(1.0),Average annual wages,I,CAN,Canada,WG,Wages,USD_PPP,"US dollars, PPP converted",A,Annual,Q,Constant prices,MEAN,Mean,_Z,Not applicable,2012,,63921.863,,2024,,A,Normal value,0,Units,0,Zero
DATAFLOW,OECD.ELS.SAE:DSD_EARNINGS@AV_AN_WAGE(1.0),Average annual wages,I,CAN,Canada,WG,Wages,USD_PPP,"US dollars, PPP converted",A,Annual,Q,Constant prices,MEAN,Mean,_Z,Not applicable,2013,,64599,,2024,,A,Normal value,0,Units,0,Zero
DATAFLOW,OECD.ELS.SAE:DSD_EARNINGS@AV_AN_WAGE(1.0),Average annual wages,I,CAN,Canada,WG,Wages,USD_PPP,"US dollars, PPP converted",A,Annual,Q,Constant prices,MEAN,Mean,_Z,Not applicable,2014,,65442.989,,2024,,A,Normal value,0,Units,0,Zero
DATAFLOW,OECD.ELS.SAE:DSD_EARNINGS@AV_AN_WAGE(1.0),Average annual wages,I,CAN,Canada,WG,Wages,USD_PPP,"US dollars, PPP converted",A,Annual,Q,Constant prices,MEAN,Mean,_Z,Not applicable,2015,,65924.573,,2024,,A,Normal value,0,Units,0,Zero
DATAFLOW,OECD.ELS.SAE:DSD_EARNINGS@AV_AN_WAGE(1.0),Average annual wages,I,CAN,Canada,WG,Wages,USD_PPP,"US dollars, PPP converted",A,Annual,Q,Constant prices,MEAN,Mean,_Z,Not applicable,2016,,64675.087,,2024,,A,Normal value,0,Units,0,Zero
DATAFLOW,OECD.ELS.SAE:DSD_EARNINGS@AV_AN_WAGE(1.0),Average annual wages,I,CAN,Canada,WG,Wages,USD_PPP,"US dollars, PPP converted",A,Annual,Q,Constant prices,MEAN,Mean,_Z,Not applicable,2017,,65726.977,,2024,,A,Normal value,0,Units,0,Zero
DATAFLOW,OECD.ELS.SAE:DSD_EARNINGS@AV_AN_WAGE(1.0),Average annual wages,I,CAN,Canada,WG,Wages,USD_PPP,"US dollars, PPP converted",A,Annual,Q,Constant prices,MEAN,Mean,_Z,Not applicable,2018,,66959.594,,2024,,A,Normal value,0,Units,0,Zero
DATAFLOW,OECD.ELS.SAE:DSD_EARNINGS@AV_AN_WAGE(1.0),Average annual wages,I,CAN,Canada,WG,Wages,USD_PPP,"US dollars, PPP converted",A,Annual,Q,Constant prices,MEAN,Mean,_Z,Not applicable,2019,,67227.517,,2024,,A,Normal value,0,Units,0,Zero
DATAFLOW,OECD.ELS.SAE:DSD_EARNINGS@AV_AN_WAGE(1.0),Average annual wages,I,CAN,Canada,WG,Wages,USD_PPP,"US dollars, PPP converted",A,Annual,Q,Constant prices,MEAN,Mean,_Z,Not applicable,2020,,69662.78,,2024,,A,Normal value,0,Units,0,Zero
DATAFLOW,OECD.ELS.SAE:DSD_EARNINGS@AV_AN_WAGE(1.0),Average annual wages,I,CAN,Canada,WG,Wages,USD_PPP,"US dollars, PPP converted",A,Annual,Q,Constant prices,MEAN,Mean,_Z,Not applicable,2021,,70001.671,,2024,,A,Normal value,0,Units,0,Zero
DATAFLOW,OECD.ELS.SAE:DSD_EARNINGS@AV_AN_WAGE(1.0),Average annual wages,I,CAN,Canada,WG,Wages,USD_PPP,"US dollars, PPP converted",A,Annual,Q,Constant prices,MEAN,Mean,_Z,Not applicable,2022,,69304.208,,2024,,A,Normal value,0,Units,0,Zero
DATAFLOW,OECD.ELS.SAE:DSD_EARNINGS@AV_AN_WAGE(1.0),Average annual wages,I,CAN,Canada,WG,Wages,USD_PPP,"US dollars, PPP converted",A,Annual,Q,Constant prices,MEAN,Mean,_Z,Not applicable,2023,,69299.313,,2024,,A,Normal value,0,Units,0,Zero
DATAFLOW,OECD.ELS.SAE:DSD_EARNINGS@AV_AN_WAGE(1.0),Average annual wages,I,CAN,Canada,WG,Wages,USD_PPP,"US dollars, PPP converted",A,Annual,Q,Constant prices,MEAN,Mean,_Z,Not applicable,2024,,69417.073,,2024,,A,Normal value,0,Units,0,Zero
DATAFLOW,OECD.ELS.SAE:DSD_EARNINGS@AV_AN_WAGE(1.0),Average annual wages,I,CHL,Chile,WG,Wages,USD_PPP,"US dollars, PPP converted",A,Annual,Q,Constant prices,MEAN,Mean,_Z,Not applicable,1996,,20230.245,,2024,,A,Normal value,0,Units,0,Zero
DATAFLOW,OECD.ELS.SAE:DSD_EARNINGS@AV_AN_WAGE(1.0),Average annual wages,I,CHL,Chile,WG,Wages,USD_PPP,"US dollars, PPP converted",A,Annual,Q,Constant prices,MEAN,Mean,_Z,Not applicable,1997,,21609.333,,2024,,A,Normal value,0,Units,0,Zero
DATAFLOW,OECD.ELS.SAE:DSD_EARNINGS@AV_AN_WAGE(1.0),Average annual wages,I,CHL,Chile,WG,Wages,USD_PPP,"US dollars, PPP converted",A,Annual,Q,Constant prices,MEAN,Mean,_Z,Not applicable,1998,,22569.931,,2024,,A,Normal value,0,Units,0,Zero
DATAFLOW,OECD.ELS.SAE:DSD_EARNINGS@AV_AN_WAGE(1.0),Average annual wages,I,CHL,Chile,WG,Wages,USD_PPP,"US dollars, PPP converted",A,Annual,Q,Constant prices,MEAN,Mean,_Z,Not applicable,1999,,23805.031,,2024,,A,Normal value,0,Units,0,Zero
DATAFLOW,OECD.ELS.SAE:DSD_EARNINGS@AV_AN_WAGE(1.0),Average annual wages,I,CHL,Chile,WG,Wages,USD_PPP,"US dollars, PPP converted",A,Annual,Q,Constant prices,MEAN,Mean,_Z,Not applicable,2000,,23827.814,,2024,,A,Normal value,0,Units,0,Zero
DATAFLOW,OECD.ELS.SAE:DSD_EARNINGS@AV_AN_WAGE(1.0),Average annual wages,I,CHL,Chile,WG,Wages,USD_PPP,"US dollars, PPP converted",A,Annual,Q,Constant prices,MEAN,Mean,_Z,Not applicable,2001,,24668.786,,2024,,A,Normal value,0,Units,0,Zero
DATAFLOW,OECD.ELS.SAE:DSD_EARNINGS@AV_AN_WAGE(1.0),Average annual wages,I,CHL,Chile,WG,Wages,USD_PPP,"US dollars, PPP converted",A,Annual,Q,Constant prices,MEAN,Mean,_Z,Not applicable,2002,,24997.734,,2024,,A,Normal value,0,Units,0,Zero
DATAFLOW,OECD.ELS.SAE:DSD_EARNINGS@AV_AN_WAGE(1.0),Average annual wages,I,CHL,Chile,WG,Wages,USD_PPP,"US dollars, PPP converted",A,Annual,Q,Constant prices,MEAN,Mean,_Z,Not applicable,2003,,25394.8,,2024,,A,Normal value,0,Units,0,Zero
DATAFLOW,OECD.ELS.SAE:DSD_EARNINGS@AV_AN_WAGE(1.0),Average annual wages,I,CHL,Chile,WG,Wages,USD_PPP,"US dollars, PPP converted",A,Annual,Q,Constant prices,MEAN,Mean,_Z,Not applicable,2004,,24981.231,,2024,,A,Normal value,0,Units,0,Zero
DATAFLOW,OECD.ELS.SAE:DSD_EARNINGS@AV_AN_WAGE(1.0),Average annual wages,I,CHL,Chile,WG,Wages,USD_PPP,"US dollars, PPP converted",A,Annual,Q,Constant prices,MEAN,Mean,_Z,Not applicable,2005,,24808.612,,2024,,A,Normal value,0,Units,0,Zero
DATAFLOW,OECD.ELS.SAE:DSD_EARNINGS@AV_AN_WAGE(1.0),Average annual wages,I,CHL,Chile,WG,Wages,USD_PPP,"US dollars, PPP converted",A,Annual,Q,Constant prices,MEAN,Mean,_Z,Not applicable,2006,,25631.169,,2024,,A,Normal value,0,Units,0,Zero
DATAFLOW,OECD.ELS.SAE:DSD_EARNINGS@AV_AN_WAGE(1.0),Average annual wages,I,CHL,Chile,WG,Wages,USD_PPP,"US dollars, PPP converted",A,Annual,Q,Constant prices,MEAN,Mean,_Z,Not applicable,2007,,26349.265,,2024,,A,Normal value,0,Units,0,Zero
DATAFLOW,OECD.ELS.SAE:DSD_EARNINGS@AV_AN_WAGE(1.0),Average annual wages,I,CHL,Chile,WG,Wages,USD_PPP,"US dollars, PPP converted",A,Annual,Q,Constant prices,MEAN,Mean,_Z,Not applicable,2008,,27012.562,,2024,,A,Normal value,0,Units,0,Zero
DATAFLOW,OECD.ELS.SAE:DSD_EARNINGS@AV_AN_WAGE(1.0),Average annual wages,I,CHL,Chile,WG,Wages,USD_PPP,"US dollars, PPP converted",A,Annual,Q,Constant prices,MEAN,Mean,_Z,Not applicable,2009,,29779.905,,2024,,A,Normal value,0,Units,0,Zero
DATAFLOW,OECD.ELS.SAE:DSD_EARNINGS@AV_AN_WAGE(1.0),Average annual wages,I,CHL,Chile,WG,Wages,USD_PPP,"US dollars, PPP converted",A,Annual,Q,Constant prices,MEAN,Mean,_Z,Not applicable,2010,,35908.976,,2024,,A,Normal value,0,Units,0,Zero
DATAFLOW,OECD.ELS.SAE:DSD_EARNINGS@AV_AN_WAGE(1.0),Average annual wages,I,CHL,Chile,WG,Wages,USD_PPP,"US dollars, PPP converted",A,Annual,Q,Constant prices,MEAN,Mean,_Z,Not applicable,2011,,36737.254,,2024,,A,Normal value,0,Units,0,Zero
DATAFLOW,OECD.ELS.SAE:DSD_EARNINGS@AV_AN_WAGE(1.0),Average annual wages,I,CHL,Chile,WG,Wages,USD_PPP,"US dollars, PPP converted",A,Annual,Q,Constant prices,MEAN,Mean,_Z,Not applicable,2012,,37815.107,,2024,,A,Normal value,0,Units,0,Zero
DATAFLOW,OECD.ELS.SAE:DSD_EARNINGS@AV_AN_WAGE(1.0),Average annual wages,I,CHL,Chile,WG,Wages,USD_PPP,"US dollars, PPP converted",A,Annual,Q,Constant prices,MEAN,Mean,_Z,Not applicable,2013,,38814.65,,2024,,A,Normal value,0,Units,0,Zero
DATAFLOW,OECD.ELS.SAE:DSD_EARNINGS@AV_AN_WAGE(1.0),Average annual wages,I,CHL,Chile,WG,Wages,USD_PPP,"US dollars, PPP converted",A,Annual,Q,Constant prices,MEAN,Mean,_Z,Not applicable,2014,,39167.092,,2024,,A,Normal value,0,Units,0,Zero
DATAFLOW,OECD.ELS.SAE:DSD_EARNINGS@AV_AN_WAGE(1.0),Average annual wages,I,CHL,Chile,WG,Wages,USD_PPP,"US dollars, PPP converted",A,Annual,Q,Constant prices,MEAN,Mean,_Z,Not applicable,2015,,39051.772,,2024,,A,Normal value,0,Units,0,Zero
DATAFLOW,OECD.ELS.SAE:DSD_EARNINGS@AV_AN_WAGE(1.0),Average annual wages,I,CHL,Chile,WG,Wages,USD_PPP,"US dollars, PPP converted",A,Annual,Q,Constant prices,MEAN,Mean,_Z,Not applicable,2016,,40782.724,,2024,,A,Normal value,0,Units,0,Zero
DATAFLOW,OECD.ELS.SAE:DSD_EARNINGS@AV_AN_WAGE(1.0),Average annual wages,I,CHL,Chile,WG,Wages,USD_PPP,"US dollars, PPP converted",A,Annual,Q,Constant prices,MEAN,Mean,_Z,Not applicable,2017,,39507.714,,2024,,A,Normal value,0,Units,0,Zero
DATAFLOW,OECD.ELS.SAE:DSD_EARNINGS@AV_AN_WAGE(1.0),Average annual wages,I,CHL,Chile,WG,Wages,USD_PPP,"US dollars, PPP converted",A,Annual,Q,Constant prices,MEAN,Mean,_Z,Not applicable,2018,,36110.511,,2024,,A,Normal value,0,Units,0,Zero
DATAFLOW,OECD.ELS.SAE:DSD_EARNINGS@AV_AN_WAGE(1.0),Average annual wages,I,CHL,Chile,WG,Wages,USD_PPP,"US dollars, PPP converted",A,Annual,Q,Constant prices,MEAN,Mean,_Z,Not applicable,2019,,36691.696,,2024,,A,Normal value,0,Units,0,Zero
DATAFLOW,OECD.ELS.SAE:DSD_EARNINGS@AV_AN_WAGE(1.0),Average annual wages,I,CHL,Chile,WG,Wages,USD_PPP,"US dollars, PPP converted",A,Annual,Q,Constant prices,MEAN,Mean,_Z,Not applicable,2020,,36888.052,,2024,,A,Normal value,0,Units,0,Zero
DATAFLOW,OECD.ELS.SAE:DSD_EARNINGS@AV_AN_WAGE(1.0),Average annual wages,I,CHL,Chile,WG,Wages,USD_PPP,"US dollars, PPP converted",A,Annual,Q,Constant prices,MEAN,Mean,_Z,Not applicable,2021,,38873.961,,2024,,A,Normal value,0,Units,0,Zero
DATAFLOW,OECD.ELS.SAE:DSD_EARNINGS@AV_AN_WAGE(1.0),Average annual wages,I,CHL,Chile,WG,Wages,USD_PPP,"US dollars, PPP converted",A,Annual,Q,Constant prices,MEAN,Mean,_Z,Not applicable,2022,,37686.292,,2024,,A,Normal value,0,Units,0,Zero
DATAFLOW,OECD.ELS.SAE:DSD_EARNINGS@AV_AN_WAGE(1.0),Average annual wages,I,CHL,Chile,WG,Wages,USD_PPP,"US dollars, PPP converted",A,Annual,Q,Constant prices,MEAN,Mean,_Z,Not applicable,2023,,38129.817,,2024,,A,Normal value,0,Units,0,Zero
DATAFLOW,OECD.ELS.SAE:DSD_EARNINGS@AV_AN_WAGE(1.0),Average annual wages,I,COL,Colombia,WG,Wages,USD_PPP,"US dollars, PPP converted",A,Annual,Q,Constant prices,MEAN,Mean,_Z,Not applicable,2005,,22002.526,,2024,,A,Normal value,0,Units,0,Zero
DATAFLOW,OECD.ELS.SAE:DSD_EARNINGS@AV_AN_WAGE(1.0),Average annual wages,I,COL,Colombia,WG,Wages,USD_PPP,"US dollars, PPP converted",A,Annual,Q,Constant prices,MEAN,Mean,_Z,Not applicable,2006,,22809.761,,2024,,A,Normal value,0,Units,0,Zero
DATAFLOW,OECD.ELS.SAE:DSD_EARNINGS@AV_AN_WAGE(1.0),Average annual wages,I,COL,Colombia,WG,Wages,USD_PPP,"US dollars, PPP converted",A,Annual,Q,Constant prices,MEAN,Mean,_Z,Not applicable,2007,,23830.082,,2024,,A,Normal value,0,Units,0,Zero
DATAFLOW,OECD.ELS.SAE:DSD_EARNINGS@AV_AN_WAGE(1.0),Average annual wages,I,COL,Colombia,WG,Wages,USD_PPP,"US dollars, PPP converted",A,Annual,Q,Constant prices,MEAN,Mean,_Z,Not applicable,2008,,26417.795,,2024,,A,Normal value,0,Units,0,Zero
DATAFLOW,OECD.ELS.SAE:DSD_EARNINGS@AV_AN_WAGE(1.0),Average annual wages,I,COL,Colombia,WG,Wages,USD_PPP,"US dollars, PPP converted",A,Annual,Q,Constant prices,MEAN,Mean,_Z,Not applicable,2009,,27501.048,,2024,,A,Normal value,0,Units,0,Zero
DATAFLOW,OECD.ELS.SAE:DSD_EARNINGS@AV_AN_WAGE(1.0),Average annual wages,I,COL,Colombia,WG,Wages,USD_PPP,"US dollars, PPP converted",A,Annual,Q,Constant prices,MEAN,Mean,_Z,Not applicable,2010,,28461.265,,2024,,A,Normal value,0,Units,0,Zero
DATAFLOW,OECD.ELS.SAE:DSD_EARNINGS@AV_AN_WAGE(1.0),Average annual wages,I,COL,Colombia,WG,Wages,USD_PPP,"US dollars, PPP converted",A,Annual,Q,Constant prices,MEAN,Mean,_Z,Not applicable,2011,,28377.165,,2024,,A,Normal value,0,Units,0,Zero
DATAFLOW,OECD.ELS.SAE:DSD_EARNINGS@AV_AN_WAGE(1.0),Average annual wages,I,COL,Colombia,WG,Wages,USD_PPP,"US dollars, PPP converted",A,Annual,Q,Constant prices,MEAN,Mean,_Z,Not applicable,2012,,29104.222,,2024,,A,Normal value,0,Units,0,Zero
DATAFLOW,OECD.ELS.SAE:DSD_EARNINGS@AV_AN_WAGE(1.0),Average annual wages,I,COL,Colombia,WG,Wages,USD_PPP,"US dollars, PPP converted",A,Annual,Q,Constant prices,MEAN,Mean,_Z,Not applicable,2013,,29850.692,,2024,,A,Normal value,0,Units,0,Zero
DATAFLOW,OECD.ELS.SAE:DSD_EARNINGS@AV_AN_WAGE(1.0),Average annual wages,I,COL,Colombia,WG,Wages,USD_PPP,"US dollars, PPP converted",A,Annual,Q,Constant prices,MEAN,Mean,_Z,Not applicable,2014,,29834.603,,2024,,A,Normal value,0,Units,0,Zero
DATAFLOW,OECD.ELS.SAE:DSD_EARNINGS@AV_AN_WAGE(1.0),Average annual wages,I,COL,Colombia,WG,Wages,USD_PPP,"US dollars, PPP converted",A,Annual,Q,Constant prices,MEAN,Mean,_Z,Not applicable,2015,,29932.51,,2024,,A,Normal value,0,Units,0,Zero
DATAFLOW,OECD.ELS.SAE:DSD_EARNINGS@AV_AN_WAGE(1.0),Average annual wages,I,COL,Colombia,WG,Wages,USD_PPP,"US dollars, PPP converted",A,Annual,Q,Constant prices,MEAN,Mean,_Z,Not applicable,2016,,29598.443,,2024,,A,Normal value,0,Units,0,Zero
DATAFLOW,OECD.ELS.SAE:DSD_EARNINGS@AV_AN_WAGE(1.0),Average annual wages,I,COL,Colombia,WG,Wages,USD_PPP,"US dollars, PPP converted",A,Annual,Q,Constant prices,MEAN,Mean,_Z,Not applicable,2017,,30418.012,,2024,,A,Normal value,0,Units,0,Zero
DATAFLOW,OECD.ELS.SAE:DSD_EARNINGS@AV_AN_WAGE(1.0),Average annual wages,I,COL,Colombia,WG,Wages,USD_PPP,"US dollars, PPP converted",A,Annual,Q,Constant prices,MEAN,Mean,_Z,Not applicable,2018,,31584.761,,2024,,A,Normal value,0,Units,0,Zero
DATAFLOW,OECD.ELS.SAE:DSD_EARNINGS@AV_AN_WAGE(1.0),Average annual wages,I,COL,Colombia,WG,Wages,USD_PPP,"US dollars, PPP converted",A,Annual,Q,Constant prices,MEAN,Mean,_Z,Not applicable,2019,,31758.683,,2024,,A,Normal value,0,Units,0,Zero
DATAFLOW,OECD.ELS.SAE:DSD_EARNINGS@AV_AN_WAGE(1.0),Average annual wages,I,COL,Colombia,WG,Wages,USD_PPP,"US dollars, PPP converted",A,Annual,Q,Constant prices,MEAN,Mean,_Z,Not applicable,2020,,36133.458,,2024,,A,Normal value,0,Units,0,Zero
DATAFLOW,OECD.ELS.SAE:DSD_EARNINGS@AV_AN_WAGE(1.0),Average annual wages,I,COL,Colombia,WG,Wages,USD_PPP,"US dollars, PPP converted",A,Annual,Q,Constant prices,MEAN,Mean,_Z,Not applicable,2021,,32695.881,,2024,,A,Normal value,0,Units,0,Zero
DATAFLOW,OECD.ELS.SAE:DSD_EARNINGS@AV_AN_WAGE(1.0),Average annual wages,I,COL,Colombia,WG,Wages,USD_PPP,"US dollars, PPP converted",A,Annual,Q,Constant prices,MEAN,Mean,_Z,Not applicable,2022,,29303.999,,2024,,A,Normal value,0,Units,0,Zero
DATAFLOW,OECD.ELS.SAE:DSD_EARNINGS@AV_AN_WAGE(1.0),Average annual wages,I,COL,Colombia,WG,Wages,USD_PPP,"US dollars, PPP converted",A,Annual,Q,Constant prices,MEAN,Mean,_Z,Not applicable,2023,,28838.464,,2024,,A,Normal value,0,Units,0,Zero
DATAFLOW,OECD.ELS.SAE:DSD_EARNINGS@AV_AN_WAGE(1.0),Average annual wages,I,CRI,Costa Rica,WG,Wages,USD_PPP,"US dollars, PPP converted",A,Annual,Q,Constant prices,MEAN,Mean,_Z,Not applicable,1991,,20897.004,,2024,,A,Normal value,0,Units,0,Zero
DATAFLOW,OECD.ELS.SAE:DSD_EARNINGS@AV_AN_WAGE(1.0),Average annual wages,I,CRI,Costa Rica,WG,Wages,USD_PPP,"US dollars, PPP converted",A,Annual,Q,Constant prices,MEAN,Mean,_Z,Not applicable,1992,,21563.084,,2024,,A,Normal value,0,Units,0,Zero
DATAFLOW,OECD.ELS.SAE:DSD_EARNINGS@AV_AN_WAGE(1.0),Average annual wages,I,CRI,Costa Rica,WG,Wages,USD_PPP,"US dollars, PPP converted",A,Annual,Q,Constant prices,MEAN,Mean,_Z,Not applicable,1993,,23118.319,,2024,,A,Normal value,0,Units,0,Zero
DATAFLOW,OECD.ELS.SAE:DSD_EARNINGS@AV_AN_WAGE(1.0),Average annual wages,I,CRI,Costa Rica,WG,Wages,USD_PPP,"US dollars, PPP converted",A,Annual,Q,Constant prices,MEAN,Mean,_Z,Not applicable,1994,,24050.567,,2024,,A,Normal value,0,Units,0,Zero
DATAFLOW,OECD.ELS.SAE:DSD_EARNINGS@AV_AN_WAGE(1.0),Average annual wages,I,CRI,Costa Rica,WG,Wages,USD_PPP,"US dollars, PPP converted",A,Annual,Q,Constant prices,MEAN,Mean,_Z,Not applicable,1995,,23728.028,,2024,,A,Normal value,0,Units,0,Zero
DATAFLOW,OECD.ELS.SAE:DSD_EARNINGS@AV_AN_WAGE(1.0),Average annual wages,I,CRI,Costa Rica,WG,Wages,USD_PPP,"US dollars, PPP converted",A,Annual,Q,Constant prices,MEAN,Mean,_Z,Not applicable,1996,,23671.321,,2024,,A,Normal value,0,Units,0,Zero
DATAFLOW,OECD.ELS.SAE:DSD_EARNINGS@AV_AN_WAGE(1.0),Average annual wages,I,CRI,Costa Rica,WG,Wages,USD_PPP,"US dollars, PPP converted",A,Annual,Q,Constant prices,MEAN,Mean,_Z,Not applicable,1997,,23427.54,,2024,,A,Normal value,0,Units,0,Zero
DATAFLOW,OECD.ELS.SAE:DSD_EARNINGS@AV_AN_WAGE(1.0),Average annual wages,I,CRI,Costa Rica,WG,Wages,USD_PPP,"US dollars, PPP converted",A,Annual,Q,Constant prices,MEAN,Mean,_Z,Not applicable,1998,,23722.009,,2024,,A,Normal value,0,Units,0,Zero
DATAFLOW,OECD.ELS.SAE:DSD_EARNINGS@AV_AN_WAGE(1.0),Average annual wages,I,CRI,Costa Rica,WG,Wages,USD_PPP,"US dollars, PPP converted",A,Annual,Q,Constant prices,MEAN,Mean,_Z,Not applicable,1999,,24687.657,,2024,,A,Normal value,0,Units,0,Zero
DATAFLOW,OECD.ELS.SAE:DSD_EARNINGS@AV_AN_WAGE(1.0),Average annual wages,I,CRI,Costa Rica,WG,Wages,USD_PPP,"US dollars, PPP converted",A,Annual,Q,Constant prices,MEAN,Mean,_Z,Not applicable,2000,,25111.405,,2024,,A,Normal value,0,Units,0,Zero
DATAFLOW,OECD.ELS.SAE:DSD_EARNINGS@AV_AN_WAGE(1.0),Average annual wages,I,CRI,Costa Rica,WG,Wages,USD_PPP,"US dollars, PPP converted",A,Annual,Q,Constant prices,MEAN,Mean,_Z,Not applicable,2001,,25952.204,,2024,,A,Normal value,0,Units,0,Zero
DATAFLOW,OECD.ELS.SAE:DSD_EARNINGS@AV_AN_WAGE(1.0),Average annual wages,I,CRI,Costa Rica,WG,Wages,USD_PPP,"US dollars, PPP converted",A,Annual,Q,Constant prices,MEAN,Mean,_Z,Not applicable,2002,,26243.033,,2024,,A,Normal value,0,Units,0,Zero
DATAFLOW,OECD.ELS.SAE:DSD_EARNINGS@AV_AN_WAGE(1.0),Average annual wages,I,CRI,Costa Rica,WG,Wages,USD_PPP,"US dollars, PPP converted",A,Annual,Q,Constant prices,MEAN,Mean,_Z,Not applicable,2003,,25424.726,,2024,,A,Normal value,0,Units,0,Zero
DATAFLOW,OECD.ELS.SAE:DSD_EARNINGS@AV_AN_WAGE(1.0),Average annual wages,I,CRI,Costa Rica,WG,Wages,USD_PPP,"US dollars, PPP converted",A,Annual,Q,Constant prices,MEAN,Mean,_Z,Not applicable,2004,,25433.599,,2024,,A,Normal value,0,Units,0,Zero
DATAFLOW,OECD.ELS.SAE:DSD_EARNINGS@AV_AN_WAGE(1.0),Average annual wages,I,CRI,Costa Rica,WG,Wages,USD_PPP,"US dollars, PPP converted",A,Annual,Q,Constant prices,MEAN,Mean,_Z,Not applicable,2005,,23170.72,,2024,,A,Normal value,0,Units,0,Zero
DATAFLOW,OECD.ELS.SAE:DSD_EARNINGS@AV_AN_WAGE(1.0),Average annual wages,I,CRI,Costa Rica,WG,Wages,USD_PPP,"US dollars, PPP converted",A,Annual,Q,Constant prices,MEAN,Mean,_Z,Not applicable,2006,,24045.977,,2024,,A,Normal value,0,Units,0,Zero
DATAFLOW,OECD.ELS.SAE:DSD_EARNINGS@AV_AN_WAGE(1.0),Average annual wages,I,CRI,Costa Rica,WG,Wages,USD_PPP,"US dollars, PPP converted",A,Annual,Q,Constant prices,MEAN,Mean,_Z,Not applicable,2007,,23593.506,,2024,,A,Normal value,0,Units,0,Zero
DATAFLOW,OECD.ELS.SAE:DSD_EARNINGS@AV_AN_WAGE(1.0),Average annual wages,I,CRI,Costa Rica,WG,Wages,USD_PPP,"US dollars, PPP converted",A,Annual,Q,Constant prices,MEAN,Mean,_Z,Not applicable,2008,,24545.965,,2024,,A,Normal value,0,Units,0,Zero
DATAFLOW,OECD.ELS.SAE:DSD_EARNINGS@AV_AN_WAGE(1.0),Average annual wages,I,CRI,Costa Rica,WG,Wages,USD_PPP,"US dollars, PPP converted",A,Annual,Q,Constant prices,MEAN,Mean,_Z,Not applicable,2009,,27943.171,,2024,,A,Normal value,0,Units,0,Zero
DATAFLOW,OECD.ELS.SAE:DSD_EARNINGS@AV_AN_WAGE(1.0),Average annual wages,I,CRI,Costa Rica,WG,Wages,USD_PPP,"US dollars, PPP converted",A,Annual,Q,Constant prices,MEAN,Mean,_Z,Not applicable,2010,,29179.838,,2024,,A,Normal value,0,Units,0,Zero
DATAFLOW,OECD.ELS.SAE:DSD_EARNINGS@AV_AN_WAGE(1.0),Average annual wages,I,CRI,Costa Rica,WG,Wages,USD_PPP,"US dollars, PPP converted",A,Annual,Q,Constant prices,MEAN,Mean,_Z,Not applicable,2011,,30579.002,,2024,,A,Normal value,0,Units,0,Zero
DATAFLOW,OECD.ELS.SAE:DSD_EARNINGS@AV_AN_WAGE(1.0),Average annual wages,I,CRI,Costa Rica,WG,Wages,USD_PPP,"US dollars, PPP converted",A,Annual,Q,Constant prices,MEAN,Mean,_Z,Not applicable,2012,,31245.25,,2024,,A,Normal value,0,Units,0,Zero
DATAFLOW,OECD.ELS.SAE:DSD_EARNINGS@AV_AN_WAGE(1.0),Average annual wages,I,CRI,Costa Rica,WG,Wages,USD_PPP,"US dollars, PPP converted",A,Annual,Q,Constant prices,MEAN,Mean,_Z,Not applicable,2013,,33788.905,,2024,,A,Normal value,0,Units,0,Zero
DATAFLOW,OECD.ELS.SAE:DSD_EARNINGS@AV_AN_WAGE(1.0),Average annual wages,I,CRI,Costa Rica,WG,Wages,USD_PPP,"US dollars, PPP converted",A,Annual,Q,Constant prices,MEAN,Mean,_Z,Not applicable,2014,,33972.59,,2024,,A,Normal value,0,Units,0,Zero
DATAFLOW,OECD.ELS.SAE:DSD_EARNINGS@AV_AN_WAGE(1.0),Average annual wages,I,CRI,Costa Rica,WG,Wages,USD_PPP,"US dollars, PPP converted",A,Annual,Q,Constant prices,MEAN,Mean,_Z,Not applicable,2015,,36256.207,,2024,,A,Normal value,0,Units,0,Zero
DATAFLOW,OECD.ELS.SAE:DSD_EARNINGS@AV_AN_WAGE(1.0),Average annual wages,I,CRI,Costa Rica,WG,Wages,USD_PPP,"US dollars, PPP converted",A,Annual,Q,Constant prices,MEAN,Mean,_Z,Not applicable,2016,,37745.751,,2024,,A,Normal value,0,Units,0,Zero
DATAFLOW,OECD.ELS.SAE:DSD_EARNINGS@AV_AN_WAGE(1.0),Average annual wages,I,CRI,Costa Rica,WG,Wages,USD_PPP,"US dollars, PPP converted",A,Annual,Q,Constant prices,MEAN,Mean,_Z,Not applicable,2017,,37607.974,,2024,,A,Normal value,0,Units,0,Zero
DATAFLOW,OECD.ELS.SAE:DSD_EARNINGS@AV_AN_WAGE(1.0),Average annual wages,I,CRI,Costa Rica,WG,Wages,USD_PPP,"US dollars, PPP converted",A,Annual,Q,Constant prices,MEAN,Mean,_Z,Not applicable,2018,,38382.49,,2024,,A,Normal value,0,Units,0,Zero
DATAFLOW,OECD.ELS.SAE:DSD_EARNINGS@AV_AN_WAGE(1.0),Average annual wages,I,CRI,Costa Rica,WG,Wages,USD_PPP,"US dollars, PPP converted",A,Annual,Q,Constant prices,MEAN,Mean,_Z,Not applicable,2019,,39452.125,,2024,,A,Normal value,0,Units,0,Zero
DATAFLOW,OECD.ELS.SAE:DSD_EARNINGS@AV_AN_WAGE(1.0),Average annual wages,I,CRI,Costa Rica,WG,Wages,USD_PPP,"US dollars, PPP converted",A,Annual,Q,Constant prices,MEAN,Mean,_Z,Not applicable,2020,,43228.685,,2024,,A,Normal value,0,Units,0,Zero
DATAFLOW,OECD.ELS.SAE:DSD_EARNINGS@AV_AN_WAGE(1.0),Average annual wages,I,CRI,Costa Rica,WG,Wages,USD_PPP,"US dollars, PPP converted",A,Annual,Q,Constant prices,MEAN,Mean,_Z,Not applicable,2021,,42225.891,,2024,,A,Normal value,0,Units,0,Zero
DATAFLOW,OECD.ELS.SAE:DSD_EARNINGS@AV_AN_WAGE(1.0),Average annual wages,I,CRI,Costa Rica,WG,Wages,USD_PPP,"US dollars, PPP converted",A,Annual,Q,Constant prices,MEAN,Mean,_Z,Not applicable,2022,,38739.337,,2024,,A,Normal value,0,Units,0,Zero
DATAFLOW,OECD.ELS.SAE:DSD_EARNINGS@AV_AN_WAGE(1.0),Average annual wages,I,CRI,Costa Rica,WG,Wages,USD_PPP,"US dollars, PPP converted",A,Annual,Q,Constant prices,MEAN,Mean,_Z,Not applicable,2023,,41009.612,,2024,,A,Normal value,0,Units,0,Zero
DATAFLOW,OECD.ELS.SAE:DSD_EARNINGS@AV_AN_WAGE(1.0),Average annual wages,I,CZE,Czechia,WG,Wages,USD_PPP,"US dollars, PPP converted",A,Annual,Q,Constant prices,MEAN,Mean,_Z,Not applicable,1995,,18621.206,,2024,,A,Normal value,0,Units,0,Zero
DATAFLOW,OECD.ELS.SAE:DSD_EARNINGS@AV_AN_WAGE(1.0),Average annual wages,I,CZE,Czechia,WG,Wages,USD_PPP,"US dollars, PPP converted",A,Annual,Q,Constant prices,MEAN,Mean,_Z,Not applicable,1996,,20273.821,,2024,,A,Normal value,0,Units,0,Zero
DATAFLOW,OECD.ELS.SAE:DSD_EARNINGS@AV_AN_WAGE(1.0),Average annual wages,I,CZE,Czechia,WG,Wages,USD_PPP,"US dollars, PPP converted",A,Annual,Q,Constant prices,MEAN,Mean,_Z,Not applicable,1997,,20590.372,,2024,,A,Normal value,0,Units,0,Zero
DATAFLOW,OECD.ELS.SAE:DSD_EARNINGS@AV_AN_WAGE(1.0),Average annual wages,I,CZE,Czechia,WG,Wages,USD_PPP,"US dollars, PPP converted",A,Annual,Q,Constant prices,MEAN,Mean,_Z,Not applicable,1998,,20586.806,,2024,,A,Normal value,0,Units,0,Zero
DATAFLOW,OECD.ELS.SAE:DSD_EARNINGS@AV_AN_WAGE(1.0),Average annual wages,I,CZE,Czechia,WG,Wages,USD_PPP,"US dollars, PPP converted",A,Annual,Q,Constant prices,MEAN,Mean,_Z,Not applicable,1999,,21405.95,,2024,,A,Normal value,0,Units,0,Zero
DATAFLOW,OECD.ELS.SAE:DSD_EARNINGS@AV_AN_WAGE(1.0),Average annual wages,I,CZE,Czechia,WG,Wages,USD_PPP,"US dollars, PPP converted",A,Annual,Q,Constant prices,MEAN,Mean,_Z,Not applicable,2000,,22209.995,,2024,,A,Normal value,0,Units,0,Zero
DATAFLOW,OECD.ELS.SAE:DSD_EARNINGS@AV_AN_WAGE(1.0),Average annual wages,I,CZE,Czechia,WG,Wages,USD_PPP,"US dollars, PPP converted",A,Annual,Q,Constant prices,MEAN,Mean,_Z,Not applicable,2001,,23355.572,,2024,,A,Normal value,0,Units,0,Zero
DATAFLOW,OECD.ELS.SAE:DSD_EARNINGS@AV_AN_WAGE(1.0),Average annual wages,I,CZE,Czechia,WG,Wages,USD_PPP,"US dollars, PPP converted",A,Annual,Q,Constant prices,MEAN,Mean,_Z,Not applicable,2002,,24768.261,,2024,,A,Normal value,0,Units,0,Zero
DATAFLOW,OECD.ELS.SAE:DSD_EARNINGS@AV_AN_WAGE(1.0),Average annual wages,I,CZE,Czechia,WG,Wages,USD_PPP,"US dollars, PPP converted",A,Annual,Q,Constant prices,MEAN,Mean,_Z,Not applicable,2003,,26656.793,,2024,,A,Normal value,0,Units,0,Zero
DATAFLOW,OECD.ELS.SAE:DSD_EARNINGS@AV_AN_WAGE(1.0),Average annual wages,I,CZE,Czechia,WG,Wages,USD_PPP,"US dollars, PPP converted",A,Annual,Q,Constant prices,MEAN,Mean,_Z,Not applicable,2004,,27857.034,,2024,,A,Normal value,0,Units,0,Zero
DATAFLOW,OECD.ELS.SAE:DSD_EARNINGS@AV_AN_WAGE(1.0),Average annual wages,I,CZE,Czechia,WG,Wages,USD_PPP,"US dollars, PPP converted",A,Annual,Q,Constant prices,MEAN,Mean,_Z,Not applicable,2005,,28675.751,,2024,,A,Normal value,0,Units,0,Zero
DATAFLOW,OECD.ELS.SAE:DSD_EARNINGS@AV_AN_WAGE(1.0),Average annual wages,I,CZE,Czechia,WG,Wages,USD_PPP,"US dollars, PPP converted",A,Annual,Q,Constant prices,MEAN,Mean,_Z,Not applicable,2006,,29825.319,,2024,,A,Normal value,0,Units,0,Zero
DATAFLOW,OECD.ELS.SAE:DSD_EARNINGS@AV_AN_WAGE(1.0),Average annual wages,I,CZE,Czechia,WG,Wages,USD_PPP,"US dollars, PPP converted",A,Annual,Q,Constant prices,MEAN,Mean,_Z,Not applicable,2007,,30715.292,,2024,,A,Normal value,0,Units,0,Zero
DATAFLOW,OECD.ELS.SAE:DSD_EARNINGS@AV_AN_WAGE(1.0),Average annual wages,I,CZE,Czechia,WG,Wages,USD_PPP,"US dollars, PPP converted",A,Annual,Q,Constant prices,MEAN,Mean,_Z,Not applicable,2008,,30879.781,,2024,,A,Normal value,0,Units,0,Zero
DATAFLOW,OECD.ELS.SAE:DSD_EARNINGS@AV_AN_WAGE(1.0),Average annual wages,I,CZE,Czechia,WG,Wages,USD_PPP,"US dollars, PPP converted",A,Annual,Q,Constant prices,MEAN,Mean,_Z,Not applicable,2009,,30756.05,,2024,,A,Normal value,0,Units,0,Zero
DATAFLOW,OECD.ELS.SAE:DSD_EARNINGS@AV_AN_WAGE(1.0),Average annual wages,I,CZE,Czechia,WG,Wages,USD_PPP,"US dollars, PPP converted",A,Annual,Q,Constant prices,MEAN,Mean,_Z,Not applicable,2010,,31700.884,,2024,,A,Normal value,0,Units,0,Zero
DATAFLOW,OECD.ELS.SAE:DSD_EARNINGS@AV_AN_WAGE(1.0),Average annual wages,I,CZE,Czechia,WG,Wages,USD_PPP,"US dollars, PPP converted",A,Annual,Q,Constant prices,MEAN,Mean,_Z,Not applicable,2011,,31959.981,,2024,,A,Normal value,0,Units,0,Zero
DATAFLOW,OECD.ELS.SAE:DSD_EARNINGS@AV_AN_WAGE(1.0),Average annual wages,I,CZE,Czechia,WG,Wages,USD_PPP,"US dollars, PPP converted",A,Annual,Q,Constant prices,MEAN,Mean,_Z,Not applicable,2012,,32018.481,,2024,,A,Normal value,0,Units,0,Zero
DATAFLOW,OECD.ELS.SAE:DSD_EARNINGS@AV_AN_WAGE(1.0),Average annual wages,I,CZE,Czechia,WG,Wages,USD_PPP,"US dollars, PPP converted",A,Annual,Q,Constant prices,MEAN,Mean,_Z,Not applicable,2013,,31818.34,,2024,,A,Normal value,0,Units,0,Zero
DATAFLOW,OECD.ELS.SAE:DSD_EARNINGS@AV_AN_WAGE(1.0),Average annual wages,I,CZE,Czechia,WG,Wages,USD_PPP,"US dollars, PPP converted",A,Annual,Q,Constant prices,MEAN,Mean,_Z,Not applicable,2014,,32490.151,,2024,,A,Normal value,0,Units,0,Zero
DATAFLOW,OECD.ELS.SAE:DSD_EARNINGS@AV_AN_WAGE(1.0),Average annual wages,I,CZE,Czechia,WG,Wages,USD_PPP,"US dollars, PPP converted",A,Annual,Q,Constant prices,MEAN,Mean,_Z,Not applicable,2015,,33445.873,,2024,,A,Normal value,0,Units,0,Zero
DATAFLOW,OECD.ELS.SAE:DSD_EARNINGS@AV_AN_WAGE(1.0),Average annual wages,I,CZE,Czechia,WG,Wages,USD_PPP,"US dollars, PPP converted",A,Annual,Q,Constant prices,MEAN,Mean,_Z,Not applicable,2016,,34626.923,,2024,,A,Normal value,0,Units,0,Zero
DATAFLOW,OECD.ELS.SAE:DSD_EARNINGS@AV_AN_WAGE(1.0),Average annual wages,I,CZE,Czechia,WG,Wages,USD_PPP,"US dollars, PPP converted",A,Annual,Q,Constant prices,MEAN,Mean,_Z,Not applicable,2017,,36395.807,,2024,,A,Normal value,0,Units,0,Zero
DATAFLOW,OECD.ELS.SAE:DSD_EARNINGS@AV_AN_WAGE(1.0),Average annual wages,I,CZE,Czechia,WG,Wages,USD_PPP,"US dollars, PPP converted",A,Annual,Q,Constant prices,MEAN,Mean,_Z,Not applicable,2018,,38323.807,,2024,,A,Normal value,0,Units,0,Zero
DATAFLOW,OECD.ELS.SAE:DSD_EARNINGS@AV_AN_WAGE(1.0),Average annual wages,I,CZE,Czechia,WG,Wages,USD_PPP,"US dollars, PPP converted",A,Annual,Q,Constant prices,MEAN,Mean,_Z,Not applicable,2019,,39915.376,,2024,,A,Normal value,0,Units,0,Zero
DATAFLOW,OECD.ELS.SAE:DSD_EARNINGS@AV_AN_WAGE(1.0),Average annual wages,I,CZE,Czechia,WG,Wages,USD_PPP,"US dollars, PPP converted",A,Annual,Q,Constant prices,MEAN,Mean,_Z,Not applicable,2020,,39341.541,,2024,,A,Normal value,0,Units,0,Zero
DATAFLOW,OECD.ELS.SAE:DSD_EARNINGS@AV_AN_WAGE(1.0),Average annual wages,I,CZE,Czechia,WG,Wages,USD_PPP,"US dollars, PPP converted",A,Annual,Q,Constant prices,MEAN,Mean,_Z,Not applicable,2021,,40135.831,,2024,,A,Normal value,0,Units,0,Zero
DATAFLOW,OECD.ELS.SAE:DSD_EARNINGS@AV_AN_WAGE(1.0),Average annual wages,I,CZE,Czechia,WG,Wages,USD_PPP,"US dollars, PPP converted",A,Annual,Q,Constant prices,MEAN,Mean,_Z,Not applicable,2022,,37617.582,,2024,,A,Normal value,0,Units,0,Zero
DATAFLOW,OECD.ELS.SAE:DSD_EARNINGS@AV_AN_WAGE(1.0),Average annual wages,I,CZE,Czechia,WG,Wages,USD_PPP,"US dollars, PPP converted",A,Annual,Q,Constant prices,MEAN,Mean,_Z,Not applicable,2023,,36949.005,,2024,,A,Normal value,0,Units,0,Zero
DATAFLOW,OECD.ELS.SAE:DSD_EARNINGS@AV_AN_WAGE(1.0),Average annual wages,I,CZE,Czechia,WG,Wages,USD_PPP,"US dollars, PPP converted",A,Annual,Q,Constant prices,MEAN,Mean,_Z,Not applicable,2024,,38488.506,,2024,,A,Normal value,0,Units,0,Zero
DATAFLOW,OECD.ELS.SAE:DSD_EARNINGS@AV_AN_WAGE(1.0),Average annual wages,I,DNK,Denmark,WG,Wages,USD_PPP,"US dollars, PPP converted",A,Annual,Q,Constant prices,MEAN,Mean,_Z,Not applicable,1990,,52189.762,,2024,,A,Normal value,0,Units,0,Zero
DATAFLOW,OECD.ELS.SAE:DSD_EARNINGS@AV_AN_WAGE(1.0),Average annual wages,I,DNK,Denmark,WG,Wages,USD_PPP,"US dollars, PPP converted",A,Annual,Q,Constant prices,MEAN,Mean,_Z,Not applicable,1991,,52467.064,,2024,,A,Normal value,0,Units,0,Zero
DATAFLOW,OECD.ELS.SAE:DSD_EARNINGS@AV_AN_WAGE(1.0),Average annual wages,I,DNK,Denmark,WG,Wages,USD_PPP,"US dollars, PPP converted",A,Annual,Q,Constant prices,MEAN,Mean,_Z,Not applicable,1992,,54234.914,,2024,,A,Normal value,0,Units,0,Zero
DATAFLOW,OECD.ELS.SAE:DSD_EARNINGS@AV_AN_WAGE(1.0),Average annual wages,I,DNK,Denmark,WG,Wages,USD_PPP,"US dollars, PPP converted",A,Annual,Q,Constant prices,MEAN,Mean,_Z,Not applicable,1993,,54835.103,,2024,,A,Normal value,0,Units,0,Zero
DATAFLOW,OECD.ELS.SAE:DSD_EARNINGS@AV_AN_WAGE(1.0),Average annual wages,I,DNK,Denmark,WG,Wages,USD_PPP,"US dollars, PPP converted",A,Annual,Q,Constant prices,MEAN,Mean,_Z,Not applicable,1994,,52928.463,,2024,,A,Normal value,0,Units,0,Zero
DATAFLOW,OECD.ELS.SAE:DSD_EARNINGS@AV_AN_WAGE(1.0),Average annual wages,I,DNK,Denmark,WG,Wages,USD_PPP,"US dollars, PPP converted",A,Annual,Q,Constant prices,MEAN,Mean,_Z,Not applicable,1995,,54059.017,,2024,,A,Normal value,0,Units,0,Zero
DATAFLOW,OECD.ELS.SAE:DSD_EARNINGS@AV_AN_WAGE(1.0),Average annual wages,I,DNK,Denmark,WG,Wages,USD_PPP,"US dollars, PPP converted",A,Annual,Q,Constant prices,MEAN,Mean,_Z,Not applicable,1996,,55023.721,,2024,,A,Normal value,0,Units,0,Zero
DATAFLOW,OECD.ELS.SAE:DSD_EARNINGS@AV_AN_WAGE(1.0),Average annual wages,I,DNK,Denmark,WG,Wages,USD_PPP,"US dollars, PPP converted",A,Annual,Q,Constant prices,MEAN,Mean,_Z,Not applicable,1997,,55928.655,,2024,,A,Normal value,0,Units,0,Zero
DATAFLOW,OECD.ELS.SAE:DSD_EARNINGS@AV_AN_WAGE(1.0),Average annual wages,I,DNK,Denmark,WG,Wages,USD_PPP,"US dollars, PPP converted",A,Annual,Q,Constant prices,MEAN,Mean,_Z,Not applicable,1998,,56891.276,,2024,,A,Normal value,0,Units,0,Zero
DATAFLOW,OECD.ELS.SAE:DSD_EARNINGS@AV_AN_WAGE(1.0),Average annual wages,I,DNK,Denmark,WG,Wages,USD_PPP,"US dollars, PPP converted",A,Annual,Q,Constant prices,MEAN,Mean,_Z,Not applicable,1999,,57552.424,,2024,,A,Normal value,0,Units,0,Zero
DATAFLOW,OECD.ELS.SAE:DSD_EARNINGS@AV_AN_WAGE(1.0),Average annual wages,I,DNK,Denmark,WG,Wages,USD_PPP,"US dollars, PPP converted",A,Annual,Q,Constant prices,MEAN,Mean,_Z,Not applicable,2000,,57499.691,,2024,,A,Normal value,0,Units,0,Zero
DATAFLOW,OECD.ELS.SAE:DSD_EARNINGS@AV_AN_WAGE(1.0),Average annual wages,I,DNK,Denmark,WG,Wages,USD_PPP,"US dollars, PPP converted",A,Annual,Q,Constant prices,MEAN,Mean,_Z,Not applicable,2001,,57852.968,,2024,,A,Normal value,0,Units,0,Zero
DATAFLOW,OECD.ELS.SAE:DSD_EARNINGS@AV_AN_WAGE(1.0),Average annual wages,I,DNK,Denmark,WG,Wages,USD_PPP,"US dollars, PPP converted",A,Annual,Q,Constant prices,MEAN,Mean,_Z,Not applicable,2002,,59175.544,,2024,,A,Normal value,0,Units,0,Zero
DATAFLOW,OECD.ELS.SAE:DSD_EARNINGS@AV_AN_WAGE(1.0),Average annual wages,I,DNK,Denmark,WG,Wages,USD_PPP,"US dollars, PPP converted",A,Annual,Q,Constant prices,MEAN,Mean,_Z,Not applicable,2003,,60633.824,,2024,,A,Normal value,0,Units,0,Zero
DATAFLOW,OECD.ELS.SAE:DSD_EARNINGS@AV_AN_WAGE(1.0),Average annual wages,I,DNK,Denmark,WG,Wages,USD_PPP,"US dollars, PPP converted",A,Annual,Q,Constant prices,MEAN,Mean,_Z,Not applicable,2004,,61976.35,,2024,,A,Normal value,0,Units,0,Zero
DATAFLOW,OECD.ELS.SAE:DSD_EARNINGS@AV_AN_WAGE(1.0),Average annual wages,I,DNK,Denmark,WG,Wages,USD_PPP,"US dollars, PPP converted",A,Annual,Q,Constant prices,MEAN,Mean,_Z,Not applicable,2005,,63038.747,,2024,,A,Normal value,0,Units,0,Zero
DATAFLOW,OECD.ELS.SAE:DSD_EARNINGS@AV_AN_WAGE(1.0),Average annual wages,I,DNK,Denmark,WG,Wages,USD_PPP,"US dollars, PPP converted",A,Annual,Q,Constant prices,MEAN,Mean,_Z,Not applicable,2006,,64102.136,,2024,,A,Normal value,0,Units,0,Zero
DATAFLOW,OECD.ELS.SAE:DSD_EARNINGS@AV_AN_WAGE(1.0),Average annual wages,I,DNK,Denmark,WG,Wages,USD_PPP,"US dollars, PPP converted",A,Annual,Q,Constant prices,MEAN,Mean,_Z,Not applicable,2007,,64827.291,,2024,,A,Normal value,0,Units,0,Zero
DATAFLOW,OECD.ELS.SAE:DSD_EARNINGS@AV_AN_WAGE(1.0),Average annual wages,I,DNK,Denmark,WG,Wages,USD_PPP,"US dollars, PPP converted",A,Annual,Q,Constant prices,MEAN,Mean,_Z,Not applicable,2008,,65677.609,,2024,,A,Normal value,0,Units,0,Zero
DATAFLOW,OECD.ELS.SAE:DSD_EARNINGS@AV_AN_WAGE(1.0),Average annual wages,I,DNK,Denmark,WG,Wages,USD_PPP,"US dollars, PPP converted",A,Annual,Q,Constant prices,MEAN,Mean,_Z,Not applicable,2009,,66793.949,,2024,,A,Normal value,0,Units,0,Zero
DATAFLOW,OECD.ELS.SAE:DSD_EARNINGS@AV_AN_WAGE(1.0),Average annual wages,I,DNK,Denmark,WG,Wages,USD_PPP,"US dollars, PPP converted",A,Annual,Q,Constant prices,MEAN,Mean,_Z,Not applicable,2010,,67451.721,,2024,,A,Normal value,0,Units,0,Zero
DATAFLOW,OECD.ELS.SAE:DSD_EARNINGS@AV_AN_WAGE(1.0),Average annual wages,I,DNK,Denmark,WG,Wages,USD_PPP,"US dollars, PPP converted",A,Annual,Q,Constant prices,MEAN,Mean,_Z,Not applicable,2011,,67077.854,,2024,,A,Normal value,0,Units,0,Zero
DATAFLOW,OECD.ELS.SAE:DSD_EARNINGS@AV_AN_WAGE(1.0),Average annual wages,I,DNK,Denmark,WG,Wages,USD_PPP,"US dollars, PPP converted",A,Annual,Q,Constant prices,MEAN,Mean,_Z,Not applicable,2012,,67055.86,,2024,,A,Normal value,0,Units,0,Zero
DATAFLOW,OECD.ELS.SAE:DSD_EARNINGS@AV_AN_WAGE(1.0),Average annual wages,I,DNK,Denmark,WG,Wages,USD_PPP,"US dollars, PPP converted",A,Annual,Q,Constant prices,MEAN,Mean,_Z,Not applicable,2013,,67497.153,,2024,,A,Normal value,0,Units,0,Zero
DATAFLOW,OECD.ELS.SAE:DSD_EARNINGS@AV_AN_WAGE(1.0),Average annual wages,I,DNK,Denmark,WG,Wages,USD_PPP,"US dollars, PPP converted",A,Annual,Q,Constant prices,MEAN,Mean,_Z,Not applicable,2014,,68871.256,,2024,,A,Normal value,0,Units,0,Zero
DATAFLOW,OECD.ELS.SAE:DSD_EARNINGS@AV_AN_WAGE(1.0),Average annual wages,I,DNK,Denmark,WG,Wages,USD_PPP,"US dollars, PPP converted",A,Annual,Q,Constant prices,MEAN,Mean,_Z,Not applicable,2015,,69973.719,,2024,,A,Normal value,0,Units,0,Zero
DATAFLOW,OECD.ELS.SAE:DSD_EARNINGS@AV_AN_WAGE(1.0),Average annual wages,I,DNK,Denmark,WG,Wages,USD_PPP,"US dollars, PPP converted",A,Annual,Q,Constant prices,MEAN,Mean,_Z,Not applicable,2016,,70638.756,,2024,,A,Normal value,0,Units,0,Zero
DATAFLOW,OECD.ELS.SAE:DSD_EARNINGS@AV_AN_WAGE(1.0),Average annual wages,I,DNK,Denmark,WG,Wages,USD_PPP,"US dollars, PPP converted",A,Annual,Q,Constant prices,MEAN,Mean,_Z,Not applicable,2017,,71066.106,,2024,,A,Normal value,0,Units,0,Zero
DATAFLOW,OECD.ELS.SAE:DSD_EARNINGS@AV_AN_WAGE(1.0),Average annual wages,I,DNK,Denmark,WG,Wages,USD_PPP,"US dollars, PPP converted",A,Annual,Q,Constant prices,MEAN,Mean,_Z,Not applicable,2018,,71592.006,,2024,,A,Normal value,0,Units,0,Zero
DATAFLOW,OECD.ELS.SAE:DSD_EARNINGS@AV_AN_WAGE(1.0),Average annual wages,I,DNK,Denmark,WG,Wages,USD_PPP,"US dollars, PPP converted",A,Annual,Q,Constant prices,MEAN,Mean,_Z,Not applicable,2019,,72106.287,,2024,,A,Normal value,0,Units,0,Zero
DATAFLOW,OECD.ELS.SAE:DSD_EARNINGS@AV_AN_WAGE(1.0),Average annual wages,I,DNK,Denmark,WG,Wages,USD_PPP,"US dollars, PPP converted",A,Annual,Q,Constant prices,MEAN,Mean,_Z,Not applicable,2020,,73125.234,,2024,,A,Normal value,0,Units,0,Zero
DATAFLOW,OECD.ELS.SAE:DSD_EARNINGS@AV_AN_WAGE(1.0),Average annual wages,I,DNK,Denmark,WG,Wages,USD_PPP,"US dollars, PPP converted",A,Annual,Q,Constant prices,MEAN,Mean,_Z,Not applicable,2021,,73584.662,,2024,,A,Normal value,0,Units,0,Zero
DATAFLOW,OECD.ELS.SAE:DSD_EARNINGS@AV_AN_WAGE(1.0),Average annual wages,I,DNK,Denmark,WG,Wages,USD_PPP,"US dollars, PPP converted",A,Annual,Q,Constant prices,MEAN,Mean,_Z,Not applicable,2022,,71149.429,,2024,,A,Normal value,0,Units,0,Zero
DATAFLOW,OECD.ELS.SAE:DSD_EARNINGS@AV_AN_WAGE(1.0),Average annual wages,I,DNK,Denmark,WG,Wages,USD_PPP,"US dollars, PPP converted",A,Annual,Q,Constant prices,MEAN,Mean,_Z,Not applicable,2023,,71462.794,,2024,,A,Normal value,0,Units,0,Zero
DATAFLOW,OECD.ELS.SAE:DSD_EARNINGS@AV_AN_WAGE(1.0),Average annual wages,I,DNK,Denmark,WG,Wages,USD_PPP,"US dollars, PPP converted",A,Annual,Q,Constant prices,MEAN,Mean,_Z,Not applicable,2024,,74021.697,,2024,,A,Normal value,0,Units,0,Zero
DATAFLOW,OECD.ELS.SAE:DSD_EARNINGS@AV_AN_WAGE(1.0),Average annual wages,I,EST,Estonia,WG,Wages,USD_PPP,"US dollars, PPP converted",A,Annual,Q,Constant prices,MEAN,Mean,_Z,Not applicable,1991,,10671.30121,,2024,,A,Normal value,0,Units,0,Zero
DATAFLOW,OECD.ELS.SAE:DSD_EARNINGS@AV_AN_WAGE(1.0),Average annual wages,I,EST,Estonia,WG,Wages,USD_PPP,"US dollars, PPP converted",A,Annual,Q,Constant prices,MEAN,Mean,_Z,Not applicable,1992,,10671.30121,,2024,,A,Normal value,0,Units,0,Zero
DATAFLOW,OECD.ELS.SAE:DSD_EARNINGS@AV_AN_WAGE(1.0),Average annual wages,I,EST,Estonia,WG,Wages,USD_PPP,"US dollars, PPP converted",A,Annual,Q,Constant prices,MEAN,Mean,_Z,Not applicable,1993,,10671.30121,,2024,,A,Normal value,0,Units,0,Zero
DATAFLOW,OECD.ELS.SAE:DSD_EARNINGS@AV_AN_WAGE(1.0),Average annual wages,I,EST,Estonia,WG,Wages,USD_PPP,"US dollars, PPP converted",A,Annual,Q,Constant prices,MEAN,Mean,_Z,Not applicable,1994,,10671.30121,,2024,,A,Normal value,0,Units,0,Zero
DATAFLOW,OECD.ELS.SAE:DSD_EARNINGS@AV_AN_WAGE(1.0),Average annual wages,I,EST,Estonia,WG,Wages,USD_PPP,"US dollars, PPP converted",A,Annual,Q,Constant prices,MEAN,Mean,_Z,Not applicable,1995,,11589.685,,2024,,A,Normal value,0,Units,0,Zero
DATAFLOW,OECD.ELS.SAE:DSD_EARNINGS@AV_AN_WAGE(1.0),Average annual wages,I,EST,Estonia,WG,Wages,USD_PPP,"US dollars, PPP converted",A,Annual,Q,Constant prices,MEAN,Mean,_Z,Not applicable,1996,,12316.41,,2024,,A,Normal value,0,Units,0,Zero
DATAFLOW,OECD.ELS.SAE:DSD_EARNINGS@AV_AN_WAGE(1.0),Average annual wages,I,EST,Estonia,WG,Wages,USD_PPP,"US dollars, PPP converted",A,Annual,Q,Constant prices,MEAN,Mean,_Z,Not applicable,1997,,13454.019,,2024,,A,Normal value,0,Units,0,Zero
DATAFLOW,OECD.ELS.SAE:DSD_EARNINGS@AV_AN_WAGE(1.0),Average annual wages,I,EST,Estonia,WG,Wages,USD_PPP,"US dollars, PPP converted",A,Annual,Q,Constant prices,MEAN,Mean,_Z,Not applicable,1998,,14368.407,,2024,,A,Normal value,0,Units,0,Zero
DATAFLOW,OECD.ELS.SAE:DSD_EARNINGS@AV_AN_WAGE(1.0),Average annual wages,I,EST,Estonia,WG,Wages,USD_PPP,"US dollars, PPP converted",A,Annual,Q,Constant prices,MEAN,Mean,_Z,Not applicable,1999,,15015.882,,2024,,A,Normal value,0,Units,0,Zero
DATAFLOW,OECD.ELS.SAE:DSD_EARNINGS@AV_AN_WAGE(1.0),Average annual wages,I,EST,Estonia,WG,Wages,USD_PPP,"US dollars, PPP converted",A,Annual,Q,Constant prices,MEAN,Mean,_Z,Not applicable,2000,,16215.205,,2024,,A,Normal value,0,Units,0,Zero
DATAFLOW,OECD.ELS.SAE:DSD_EARNINGS@AV_AN_WAGE(1.0),Average annual wages,I,EST,Estonia,WG,Wages,USD_PPP,"US dollars, PPP converted",A,Annual,Q,Constant prices,MEAN,Mean,_Z,Not applicable,2001,,16779.294,,2024,,A,Normal value,0,Units,0,Zero
DATAFLOW,OECD.ELS.SAE:DSD_EARNINGS@AV_AN_WAGE(1.0),Average annual wages,I,EST,Estonia,WG,Wages,USD_PPP,"US dollars, PPP converted",A,Annual,Q,Constant prices,MEAN,Mean,_Z,Not applicable,2002,,17769.85,,2024,,A,Normal value,0,Units,0,Zero
DATAFLOW,OECD.ELS.SAE:DSD_EARNINGS@AV_AN_WAGE(1.0),Average annual wages,I,EST,Estonia,WG,Wages,USD_PPP,"US dollars, PPP converted",A,Annual,Q,Constant prices,MEAN,Mean,_Z,Not applicable,2003,,19477.312,,2024,,A,Normal value,0,Units,0,Zero
DATAFLOW,OECD.ELS.SAE:DSD_EARNINGS@AV_AN_WAGE(1.0),Average annual wages,I,EST,Estonia,WG,Wages,USD_PPP,"US dollars, PPP converted",A,Annual,Q,Constant prices,MEAN,Mean,_Z,Not applicable,2004,,21019.374,,2024,,A,Normal value,0,Units,0,Zero
DATAFLOW,OECD.ELS.SAE:DSD_EARNINGS@AV_AN_WAGE(1.0),Average annual wages,I,EST,Estonia,WG,Wages,USD_PPP,"US dollars, PPP converted",A,Annual,Q,Constant prices,MEAN,Mean,_Z,Not applicable,2005,,22420.117,,2024,,A,Normal value,0,Units,0,Zero
DATAFLOW,OECD.ELS.SAE:DSD_EARNINGS@AV_AN_WAGE(1.0),Average annual wages,I,EST,Estonia,WG,Wages,USD_PPP,"US dollars, PPP converted",A,Annual,Q,Constant prices,MEAN,Mean,_Z,Not applicable,2006,,24478.224,,2024,,A,Normal value,0,Units,0,Zero
DATAFLOW,OECD.ELS.SAE:DSD_EARNINGS@AV_AN_WAGE(1.0),Average annual wages,I,EST,Estonia,WG,Wages,USD_PPP,"US dollars, PPP converted",A,Annual,Q,Constant prices,MEAN,Mean,_Z,Not applicable,2007,,28452.546,,2024,,A,Normal value,0,Units,0,Zero
DATAFLOW,OECD.ELS.SAE:DSD_EARNINGS@AV_AN_WAGE(1.0),Average annual wages,I,EST,Estonia,WG,Wages,USD_PPP,"US dollars, PPP converted",A,Annual,Q,Constant prices,MEAN,Mean,_Z,Not applicable,2008,,28825.241,,2024,,A,Normal value,0,Units,0,Zero
DATAFLOW,OECD.ELS.SAE:DSD_EARNINGS@AV_AN_WAGE(1.0),Average annual wages,I,EST,Estonia,WG,Wages,USD_PPP,"US dollars, PPP converted",A,Annual,Q,Constant prices,MEAN,Mean,_Z,Not applicable,2009,,28129.372,,2024,,A,Normal value,0,Units,0,Zero
DATAFLOW,OECD.ELS.SAE:DSD_EARNINGS@AV_AN_WAGE(1.0),Average annual wages,I,EST,Estonia,WG,Wages,USD_PPP,"US dollars, PPP converted",A,Annual,Q,Constant prices,MEAN,Mean,_Z,Not applicable,2010,,27819.144,,2024,,A,Normal value,0,Units,0,Zero
DATAFLOW,OECD.ELS.SAE:DSD_EARNINGS@AV_AN_WAGE(1.0),Average annual wages,I,EST,Estonia,WG,Wages,USD_PPP,"US dollars, PPP converted",A,Annual,Q,Constant prices,MEAN,Mean,_Z,Not applicable,2011,,27175.801,,2024,,A,Normal value,0,Units,0,Zero
DATAFLOW,OECD.ELS.SAE:DSD_EARNINGS@AV_AN_WAGE(1.0),Average annual wages,I,EST,Estonia,WG,Wages,USD_PPP,"US dollars, PPP converted",A,Annual,Q,Constant prices,MEAN,Mean,_Z,Not applicable,2012,,27586.879,,2024,,A,Normal value,0,Units,0,Zero
DATAFLOW,OECD.ELS.SAE:DSD_EARNINGS@AV_AN_WAGE(1.0),Average annual wages,I,EST,Estonia,WG,Wages,USD_PPP,"US dollars, PPP converted",A,Annual,Q,Constant prices,MEAN,Mean,_Z,Not applicable,2013,,28264.041,,2024,,A,Normal value,0,Units,0,Zero
DATAFLOW,OECD.ELS.SAE:DSD_EARNINGS@AV_AN_WAGE(1.0),Average annual wages,I,EST,Estonia,WG,Wages,USD_PPP,"US dollars, PPP converted",A,Annual,Q,Constant prices,MEAN,Mean,_Z,Not applicable,2014,,29821.57,,2024,,A,Normal value,0,Units,0,Zero
DATAFLOW,OECD.ELS.SAE:DSD_EARNINGS@AV_AN_WAGE(1.0),Average annual wages,I,EST,Estonia,WG,Wages,USD_PPP,"US dollars, PPP converted",A,Annual,Q,Constant prices,MEAN,Mean,_Z,Not applicable,2015,,31216.866,,2024,,A,Normal value,0,Units,0,Zero
DATAFLOW,OECD.ELS.SAE:DSD_EARNINGS@AV_AN_WAGE(1.0),Average annual wages,I,EST,Estonia,WG,Wages,USD_PPP,"US dollars, PPP converted",A,Annual,Q,Constant prices,MEAN,Mean,_Z,Not applicable,2016,,32810.922,,2024,,A,Normal value,0,Units,0,Zero
DATAFLOW,OECD.ELS.SAE:DSD_EARNINGS@AV_AN_WAGE(1.0),Average annual wages,I,EST,Estonia,WG,Wages,USD_PPP,"US dollars, PPP converted",A,Annual,Q,Constant prices,MEAN,Mean,_Z,Not applicable,2017,,33537.411,,2024,,A,Normal value,0,Units,0,Zero
DATAFLOW,OECD.ELS.SAE:DSD_EARNINGS@AV_AN_WAGE(1.0),Average annual wages,I,EST,Estonia,WG,Wages,USD_PPP,"US dollars, PPP converted",A,Annual,Q,Constant prices,MEAN,Mean,_Z,Not applicable,2018,,35721.443,,2024,,A,Normal value,0,Units,0,Zero
DATAFLOW,OECD.ELS.SAE:DSD_EARNINGS@AV_AN_WAGE(1.0),Average annual wages,I,EST,Estonia,WG,Wages,USD_PPP,"US dollars, PPP converted",A,Annual,Q,Constant prices,MEAN,Mean,_Z,Not applicable,2019,,37497.18,,2024,,A,Normal value,0,Units,0,Zero
DATAFLOW,OECD.ELS.SAE:DSD_EARNINGS@AV_AN_WAGE(1.0),Average annual wages,I,EST,Estonia,WG,Wages,USD_PPP,"US dollars, PPP converted",A,Annual,Q,Constant prices,MEAN,Mean,_Z,Not applicable,2020,,39457.72,,2024,,A,Normal value,0,Units,0,Zero
DATAFLOW,OECD.ELS.SAE:DSD_EARNINGS@AV_AN_WAGE(1.0),Average annual wages,I,EST,Estonia,WG,Wages,USD_PPP,"US dollars, PPP converted",A,Annual,Q,Constant prices,MEAN,Mean,_Z,Not applicable,2021,,41669.419,,2024,,A,Normal value,0,Units,0,Zero
DATAFLOW,OECD.ELS.SAE:DSD_EARNINGS@AV_AN_WAGE(1.0),Average annual wages,I,EST,Estonia,WG,Wages,USD_PPP,"US dollars, PPP converted",A,Annual,Q,Constant prices,MEAN,Mean,_Z,Not applicable,2022,,38592.076,,2024,,A,Normal value,0,Units,0,Zero
DATAFLOW,OECD.ELS.SAE:DSD_EARNINGS@AV_AN_WAGE(1.0),Average annual wages,I,EST,Estonia,WG,Wages,USD_PPP,"US dollars, PPP converted",A,Annual,Q,Constant prices,MEAN,Mean,_Z,Not applicable,2023,,38139.995,,2024,,A,Normal value,0,Units,0,Zero
DATAFLOW,OECD.ELS.SAE:DSD_EARNINGS@AV_AN_WAGE(1.0),Average annual wages,I,EST,Estonia,WG,Wages,USD_PPP,"US dollars, PPP converted",A,Annual,Q,Constant prices,MEAN,Mean,_Z,Not applicable,2024,,38974.828,,2024,,A,Normal value,0,Units,0,Zero
DATAFLOW,OECD.ELS.SAE:DSD_EARNINGS@AV_AN_WAGE(1.0),Average annual wages,I,FIN,Finland,WG,Wages,USD_PPP,"US dollars, PPP converted",A,Annual,Q,Constant prices,MEAN,Mean,_Z,Not applicable,1990,,45411.225,,2024,,A,Normal value,0,Units,0,Zero
DATAFLOW,OECD.ELS.SAE:DSD_EARNINGS@AV_AN_WAGE(1.0),Average annual wages,I,FIN,Finland,WG,Wages,USD_PPP,"US dollars, PPP converted",A,Annual,Q,Constant prices,MEAN,Mean,_Z,Not applicable,1991,,45953.459,,2024,,A,Normal value,0,Units,0,Zero
DATAFLOW,OECD.ELS.SAE:DSD_EARNINGS@AV_AN_WAGE(1.0),Average annual wages,I,FIN,Finland,WG,Wages,USD_PPP,"US dollars, PPP converted",A,Annual,Q,Constant prices,MEAN,Mean,_Z,Not applicable,1992,,45259.287,,2024,,A,Normal value,0,Units,0,Zero
DATAFLOW,OECD.ELS.SAE:DSD_EARNINGS@AV_AN_WAGE(1.0),Average annual wages,I,FIN,Finland,WG,Wages,USD_PPP,"US dollars, PPP converted",A,Annual,Q,Constant prices,MEAN,Mean,_Z,Not applicable,1993,,43674.427,,2024,,A,Normal value,0,Units,0,Zero
DATAFLOW,OECD.ELS.SAE:DSD_EARNINGS@AV_AN_WAGE(1.0),Average annual wages,I,FIN,Finland,WG,Wages,USD_PPP,"US dollars, PPP converted",A,Annual,Q,Constant prices,MEAN,Mean,_Z,Not applicable,1994,,44293.412,,2024,,A,Normal value,0,Units,0,Zero
DATAFLOW,OECD.ELS.SAE:DSD_EARNINGS@AV_AN_WAGE(1.0),Average annual wages,I,FIN,Finland,WG,Wages,USD_PPP,"US dollars, PPP converted",A,Annual,Q,Constant prices,MEAN,Mean,_Z,Not applicable,1995,,46036.039,,2024,,A,Normal value,0,Units,0,Zero
DATAFLOW,OECD.ELS.SAE:DSD_EARNINGS@AV_AN_WAGE(1.0),Average annual wages,I,FIN,Finland,WG,Wages,USD_PPP,"US dollars, PPP converted",A,Annual,Q,Constant prices,MEAN,Mean,_Z,Not applicable,1996,,47090.592,,2024,,A,Normal value,0,Units,0,Zero
DATAFLOW,OECD.ELS.SAE:DSD_EARNINGS@AV_AN_WAGE(1.0),Average annual wages,I,FIN,Finland,WG,Wages,USD_PPP,"US dollars, PPP converted",A,Annual,Q,Constant prices,MEAN,Mean,_Z,Not applicable,1997,,47130.71,,2024,,A,Normal value,0,Units,0,Zero
DATAFLOW,OECD.ELS.SAE:DSD_EARNINGS@AV_AN_WAGE(1.0),Average annual wages,I,FIN,Finland,WG,Wages,USD_PPP,"US dollars, PPP converted",A,Annual,Q,Constant prices,MEAN,Mean,_Z,Not applicable,1998,,48374.908,,2024,,A,Normal value,0,Units,0,Zero
DATAFLOW,OECD.ELS.SAE:DSD_EARNINGS@AV_AN_WAGE(1.0),Average annual wages,I,FIN,Finland,WG,Wages,USD_PPP,"US dollars, PPP converted",A,Annual,Q,Constant prices,MEAN,Mean,_Z,Not applicable,1999,,49506.468,,2024,,A,Normal value,0,Units,0,Zero
DATAFLOW,OECD.ELS.SAE:DSD_EARNINGS@AV_AN_WAGE(1.0),Average annual wages,I,FIN,Finland,WG,Wages,USD_PPP,"US dollars, PPP converted",A,Annual,Q,Constant prices,MEAN,Mean,_Z,Not applicable,2000,,50356.433,,2024,,A,Normal value,0,Units,0,Zero
DATAFLOW,OECD.ELS.SAE:DSD_EARNINGS@AV_AN_WAGE(1.0),Average annual wages,I,FIN,Finland,WG,Wages,USD_PPP,"US dollars, PPP converted",A,Annual,Q,Constant prices,MEAN,Mean,_Z,Not applicable,2001,,50621.314,,2024,,A,Normal value,0,Units,0,Zero
DATAFLOW,OECD.ELS.SAE:DSD_EARNINGS@AV_AN_WAGE(1.0),Average annual wages,I,FIN,Finland,WG,Wages,USD_PPP,"US dollars, PPP converted",A,Annual,Q,Constant prices,MEAN,Mean,_Z,Not applicable,2002,,50893.268,,2024,,A,Normal value,0,Units,0,Zero
DATAFLOW,OECD.ELS.SAE:DSD_EARNINGS@AV_AN_WAGE(1.0),Average annual wages,I,FIN,Finland,WG,Wages,USD_PPP,"US dollars, PPP converted",A,Annual,Q,Constant prices,MEAN,Mean,_Z,Not applicable,2003,,51860.488,,2024,,A,Normal value,0,Units,0,Zero
DATAFLOW,OECD.ELS.SAE:DSD_EARNINGS@AV_AN_WAGE(1.0),Average annual wages,I,FIN,Finland,WG,Wages,USD_PPP,"US dollars, PPP converted",A,Annual,Q,Constant prices,MEAN,Mean,_Z,Not applicable,2004,,57299.261,,2024,,A,Normal value,0,Units,0,Zero
DATAFLOW,OECD.ELS.SAE:DSD_EARNINGS@AV_AN_WAGE(1.0),Average annual wages,I,FIN,Finland,WG,Wages,USD_PPP,"US dollars, PPP converted",A,Annual,Q,Constant prices,MEAN,Mean,_Z,Not applicable,2005,,54699.991,,2024,,A,Normal value,0,Units,0,Zero
DATAFLOW,OECD.ELS.SAE:DSD_EARNINGS@AV_AN_WAGE(1.0),Average annual wages,I,FIN,Finland,WG,Wages,USD_PPP,"US dollars, PPP converted",A,Annual,Q,Constant prices,MEAN,Mean,_Z,Not applicable,2006,,55832.155,,2024,,A,Normal value,0,Units,0,Zero
DATAFLOW,OECD.ELS.SAE:DSD_EARNINGS@AV_AN_WAGE(1.0),Average annual wages,I,FIN,Finland,WG,Wages,USD_PPP,"US dollars, PPP converted",A,Annual,Q,Constant prices,MEAN,Mean,_Z,Not applicable,2007,,56578.255,,2024,,A,Normal value,0,Units,0,Zero
DATAFLOW,OECD.ELS.SAE:DSD_EARNINGS@AV_AN_WAGE(1.0),Average annual wages,I,FIN,Finland,WG,Wages,USD_PPP,"US dollars, PPP converted",A,Annual,Q,Constant prices,MEAN,Mean,_Z,Not applicable,2008,,57062.003,,2024,,A,Normal value,0,Units,0,Zero
DATAFLOW,OECD.ELS.SAE:DSD_EARNINGS@AV_AN_WAGE(1.0),Average annual wages,I,FIN,Finland,WG,Wages,USD_PPP,"US dollars, PPP converted",A,Annual,Q,Constant prices,MEAN,Mean,_Z,Not applicable,2009,,57554.528,,2024,,A,Normal value,0,Units,0,Zero
DATAFLOW,OECD.ELS.SAE:DSD_EARNINGS@AV_AN_WAGE(1.0),Average annual wages,I,FIN,Finland,WG,Wages,USD_PPP,"US dollars, PPP converted",A,Annual,Q,Constant prices,MEAN,Mean,_Z,Not applicable,2010,,58350.533,,2024,,A,Normal value,0,Units,0,Zero
DATAFLOW,OECD.ELS.SAE:DSD_EARNINGS@AV_AN_WAGE(1.0),Average annual wages,I,FIN,Finland,WG,Wages,USD_PPP,"US dollars, PPP converted",A,Annual,Q,Constant prices,MEAN,Mean,_Z,Not applicable,2011,,58367.329,,2024,,A,Normal value,0,Units,0,Zero
DATAFLOW,OECD.ELS.SAE:DSD_EARNINGS@AV_AN_WAGE(1.0),Average annual wages,I,FIN,Finland,WG,Wages,USD_PPP,"US dollars, PPP converted",A,Annual,Q,Constant prices,MEAN,Mean,_Z,Not applicable,2012,,58413.308,,2024,,A,Normal value,0,Units,0,Zero
DATAFLOW,OECD.ELS.SAE:DSD_EARNINGS@AV_AN_WAGE(1.0),Average annual wages,I,FIN,Finland,WG,Wages,USD_PPP,"US dollars, PPP converted",A,Annual,Q,Constant prices,MEAN,Mean,_Z,Not applicable,2013,,57831.072,,2024,,A,Normal value,0,Units,0,Zero
DATAFLOW,OECD.ELS.SAE:DSD_EARNINGS@AV_AN_WAGE(1.0),Average annual wages,I,FIN,Finland,WG,Wages,USD_PPP,"US dollars, PPP converted",A,Annual,Q,Constant prices,MEAN,Mean,_Z,Not applicable,2014,,57810.162,,2024,,A,Normal value,0,Units,0,Zero
DATAFLOW,OECD.ELS.SAE:DSD_EARNINGS@AV_AN_WAGE(1.0),Average annual wages,I,FIN,Finland,WG,Wages,USD_PPP,"US dollars, PPP converted",A,Annual,Q,Constant prices,MEAN,Mean,_Z,Not applicable,2015,,58263.321,,2024,,A,Normal value,0,Units,0,Zero
DATAFLOW,OECD.ELS.SAE:DSD_EARNINGS@AV_AN_WAGE(1.0),Average annual wages,I,FIN,Finland,WG,Wages,USD_PPP,"US dollars, PPP converted",A,Annual,Q,Constant prices,MEAN,Mean,_Z,Not applicable,2016,,58774.142,,2024,,A,Normal value,0,Units,0,Zero
DATAFLOW,OECD.ELS.SAE:DSD_EARNINGS@AV_AN_WAGE(1.0),Average annual wages,I,FIN,Finland,WG,Wages,USD_PPP,"US dollars, PPP converted",A,Annual,Q,Constant prices,MEAN,Mean,_Z,Not applicable,2017,,58437.299,,2024,,A,Normal value,0,Units,0,Zero
DATAFLOW,OECD.ELS.SAE:DSD_EARNINGS@AV_AN_WAGE(1.0),Average annual wages,I,FIN,Finland,WG,Wages,USD_PPP,"US dollars, PPP converted",A,Annual,Q,Constant prices,MEAN,Mean,_Z,Not applicable,2018,,58869.605,,2024,,A,Normal value,0,Units,0,Zero
DATAFLOW,OECD.ELS.SAE:DSD_EARNINGS@AV_AN_WAGE(1.0),Average annual wages,I,FIN,Finland,WG,Wages,USD_PPP,"US dollars, PPP converted",A,Annual,Q,Constant prices,MEAN,Mean,_Z,Not applicable,2019,,59719.832,,2024,,A,Normal value,0,Units,0,Zero
DATAFLOW,OECD.ELS.SAE:DSD_EARNINGS@AV_AN_WAGE(1.0),Average annual wages,I,FIN,Finland,WG,Wages,USD_PPP,"US dollars, PPP converted",A,Annual,Q,Constant prices,MEAN,Mean,_Z,Not applicable,2020,,60043.151,,2024,,A,Normal value,0,Units,0,Zero
DATAFLOW,OECD.ELS.SAE:DSD_EARNINGS@AV_AN_WAGE(1.0),Average annual wages,I,FIN,Finland,WG,Wages,USD_PPP,"US dollars, PPP converted",A,Annual,Q,Constant prices,MEAN,Mean,_Z,Not applicable,2021,,62132.388,,2024,,A,Normal value,0,Units,0,Zero
DATAFLOW,OECD.ELS.SAE:DSD_EARNINGS@AV_AN_WAGE(1.0),Average annual wages,I,FIN,Finland,WG,Wages,USD_PPP,"US dollars, PPP converted",A,Annual,Q,Constant prices,MEAN,Mean,_Z,Not applicable,2022,,60104.436,,2024,,A,Normal value,0,Units,0,Zero
DATAFLOW,OECD.ELS.SAE:DSD_EARNINGS@AV_AN_WAGE(1.0),Average annual wages,I,FIN,Finland,WG,Wages,USD_PPP,"US dollars, PPP converted",A,Annual,Q,Constant prices,MEAN,Mean,_Z,Not applicable,2023,,59420.701,,2024,,A,Normal value,0,Units,0,Zero
DATAFLOW,OECD.ELS.SAE:DSD_EARNINGS@AV_AN_WAGE(1.0),Average annual wages,I,FIN,Finland,WG,Wages,USD_PPP,"US dollars, PPP converted",A,Annual,Q,Constant prices,MEAN,Mean,_Z,Not applicable,2024,,59596.576,,2024,,A,Normal value,0,Units,0,Zero
DATAFLOW,OECD.ELS.SAE:DSD_EARNINGS@AV_AN_WAGE(1.0),Average annual wages,I,FRA,France,WG,Wages,USD_PPP,"US dollars, PPP converted",A,Annual,Q,Constant prices,MEAN,Mean,_Z,Not applicable,1990,,45417.772,,2024,,A,Normal value,0,Units,0,Zero
DATAFLOW,OECD.ELS.SAE:DSD_EARNINGS@AV_AN_WAGE(1.0),Average annual wages,I,FRA,France,WG,Wages,USD_PPP,"US dollars, PPP converted",A,Annual,Q,Constant prices,MEAN,Mean,_Z,Not applicable,1991,,45943.63,,2024,,A,Normal value,0,Units,0,Zero
DATAFLOW,OECD.ELS.SAE:DSD_EARNINGS@AV_AN_WAGE(1.0),Average annual wages,I,FRA,France,WG,Wages,USD_PPP,"US dollars, PPP converted",A,Annual,Q,Constant prices,MEAN,Mean,_Z,Not applicable,1992,,46460.651,,2024,,A,Normal value,0,Units,0,Zero
DATAFLOW,OECD.ELS.SAE:DSD_EARNINGS@AV_AN_WAGE(1.0),Average annual wages,I,FRA,France,WG,Wages,USD_PPP,"US dollars, PPP converted",A,Annual,Q,Constant prices,MEAN,Mean,_Z,Not applicable,1993,,46993.229,,2024,,A,Normal value,0,Units,0,Zero
DATAFLOW,OECD.ELS.SAE:DSD_EARNINGS@AV_AN_WAGE(1.0),Average annual wages,I,FRA,France,WG,Wages,USD_PPP,"US dollars, PPP converted",A,Annual,Q,Constant prices,MEAN,Mean,_Z,Not applicable,1994,,47189.503,,2024,,A,Normal value,0,Units,0,Zero
DATAFLOW,OECD.ELS.SAE:DSD_EARNINGS@AV_AN_WAGE(1.0),Average annual wages,I,FRA,France,WG,Wages,USD_PPP,"US dollars, PPP converted",A,Annual,Q,Constant prices,MEAN,Mean,_Z,Not applicable,1995,,47889.155,,2024,,A,Normal value,0,Units,0,Zero
DATAFLOW,OECD.ELS.SAE:DSD_EARNINGS@AV_AN_WAGE(1.0),Average annual wages,I,FRA,France,WG,Wages,USD_PPP,"US dollars, PPP converted",A,Annual,Q,Constant prices,MEAN,Mean,_Z,Not applicable,1996,,48033.281,,2024,,A,Normal value,0,Units,0,Zero
DATAFLOW,OECD.ELS.SAE:DSD_EARNINGS@AV_AN_WAGE(1.0),Average annual wages,I,FRA,France,WG,Wages,USD_PPP,"US dollars, PPP converted",A,Annual,Q,Constant prices,MEAN,Mean,_Z,Not applicable,1997,,48568.269,,2024,,A,Normal value,0,Units,0,Zero
DATAFLOW,OECD.ELS.SAE:DSD_EARNINGS@AV_AN_WAGE(1.0),Average annual wages,I,FRA,France,WG,Wages,USD_PPP,"US dollars, PPP converted",A,Annual,Q,Constant prices,MEAN,Mean,_Z,Not applicable,1998,,49318.756,,2024,,A,Normal value,0,Units,0,Zero
DATAFLOW,OECD.ELS.SAE:DSD_EARNINGS@AV_AN_WAGE(1.0),Average annual wages,I,FRA,France,WG,Wages,USD_PPP,"US dollars, PPP converted",A,Annual,Q,Constant prices,MEAN,Mean,_Z,Not applicable,1999,,50404.58,,2024,,A,Normal value,0,Units,0,Zero
DATAFLOW,OECD.ELS.SAE:DSD_EARNINGS@AV_AN_WAGE(1.0),Average annual wages,I,FRA,France,WG,Wages,USD_PPP,"US dollars, PPP converted",A,Annual,Q,Constant prices,MEAN,Mean,_Z,Not applicable,2000,,50645.173,,2024,,A,Normal value,0,Units,0,Zero
DATAFLOW,OECD.ELS.SAE:DSD_EARNINGS@AV_AN_WAGE(1.0),Average annual wages,I,FRA,France,WG,Wages,USD_PPP,"US dollars, PPP converted",A,Annual,Q,Constant prices,MEAN,Mean,_Z,Not applicable,2001,,50963.945,,2024,,A,Normal value,0,Units,0,Zero
DATAFLOW,OECD.ELS.SAE:DSD_EARNINGS@AV_AN_WAGE(1.0),Average annual wages,I,FRA,France,WG,Wages,USD_PPP,"US dollars, PPP converted",A,Annual,Q,Constant prices,MEAN,Mean,_Z,Not applicable,2002,,52339.283,,2024,,A,Normal value,0,Units,0,Zero
DATAFLOW,OECD.ELS.SAE:DSD_EARNINGS@AV_AN_WAGE(1.0),Average annual wages,I,FRA,France,WG,Wages,USD_PPP,"US dollars, PPP converted",A,Annual,Q,Constant prices,MEAN,Mean,_Z,Not applicable,2003,,52766.169,,2024,,A,Normal value,0,Units,0,Zero
DATAFLOW,OECD.ELS.SAE:DSD_EARNINGS@AV_AN_WAGE(1.0),Average annual wages,I,FRA,France,WG,Wages,USD_PPP,"US dollars, PPP converted",A,Annual,Q,Constant prices,MEAN,Mean,_Z,Not applicable,2004,,53626.317,,2024,,A,Normal value,0,Units,0,Zero
DATAFLOW,OECD.ELS.SAE:DSD_EARNINGS@AV_AN_WAGE(1.0),Average annual wages,I,FRA,France,WG,Wages,USD_PPP,"US dollars, PPP converted",A,Annual,Q,Constant prices,MEAN,Mean,_Z,Not applicable,2005,,54272.509,,2024,,A,Normal value,0,Units,0,Zero
DATAFLOW,OECD.ELS.SAE:DSD_EARNINGS@AV_AN_WAGE(1.0),Average annual wages,I,FRA,France,WG,Wages,USD_PPP,"US dollars, PPP converted",A,Annual,Q,Constant prices,MEAN,Mean,_Z,Not applicable,2006,,54878.616,,2024,,A,Normal value,0,Units,0,Zero
DATAFLOW,OECD.ELS.SAE:DSD_EARNINGS@AV_AN_WAGE(1.0),Average annual wages,I,FRA,France,WG,Wages,USD_PPP,"US dollars, PPP converted",A,Annual,Q,Constant prices,MEAN,Mean,_Z,Not applicable,2007,,55079.217,,2024,,A,Normal value,0,Units,0,Zero
DATAFLOW,OECD.ELS.SAE:DSD_EARNINGS@AV_AN_WAGE(1.0),Average annual wages,I,FRA,France,WG,Wages,USD_PPP,"US dollars, PPP converted",A,Annual,Q,Constant prices,MEAN,Mean,_Z,Not applicable,2008,,54973.952,,2024,,A,Normal value,0,Units,0,Zero
DATAFLOW,OECD.ELS.SAE:DSD_EARNINGS@AV_AN_WAGE(1.0),Average annual wages,I,FRA,France,WG,Wages,USD_PPP,"US dollars, PPP converted",A,Annual,Q,Constant prices,MEAN,Mean,_Z,Not applicable,2009,,56721.996,,2024,,A,Normal value,0,Units,0,Zero
DATAFLOW,OECD.ELS.SAE:DSD_EARNINGS@AV_AN_WAGE(1.0),Average annual wages,I,FRA,France,WG,Wages,USD_PPP,"US dollars, PPP converted",A,Annual,Q,Constant prices,MEAN,Mean,_Z,Not applicable,2010,,57867.381,,2024,,A,Normal value,0,Units,0,Zero
DATAFLOW,OECD.ELS.SAE:DSD_EARNINGS@AV_AN_WAGE(1.0),Average annual wages,I,FRA,France,WG,Wages,USD_PPP,"US dollars, PPP converted",A,Annual,Q,Constant prices,MEAN,Mean,_Z,Not applicable,2011,,57763.65,,2024,,A,Normal value,0,Units,0,Zero
DATAFLOW,OECD.ELS.SAE:DSD_EARNINGS@AV_AN_WAGE(1.0),Average annual wages,I,FRA,France,WG,Wages,USD_PPP,"US dollars, PPP converted",A,Annual,Q,Constant prices,MEAN,Mean,_Z,Not applicable,2012,,58139.541,,2024,,A,Normal value,0,Units,0,Zero
DATAFLOW,OECD.ELS.SAE:DSD_EARNINGS@AV_AN_WAGE(1.0),Average annual wages,I,FRA,France,WG,Wages,USD_PPP,"US dollars, PPP converted",A,Annual,Q,Constant prices,MEAN,Mean,_Z,Not applicable,2013,,58637.643,,2024,,A,Normal value,0,Units,0,Zero
DATAFLOW,OECD.ELS.SAE:DSD_EARNINGS@AV_AN_WAGE(1.0),Average annual wages,I,FRA,France,WG,Wages,USD_PPP,"US dollars, PPP converted",A,Annual,Q,Constant prices,MEAN,Mean,_Z,Not applicable,2014,,59043.357,,2024,,A,Normal value,0,Units,0,Zero
DATAFLOW,OECD.ELS.SAE:DSD_EARNINGS@AV_AN_WAGE(1.0),Average annual wages,I,FRA,France,WG,Wages,USD_PPP,"US dollars, PPP converted",A,Annual,Q,Constant prices,MEAN,Mean,_Z,Not applicable,2015,,59600.312,,2024,,A,Normal value,0,Units,0,Zero
DATAFLOW,OECD.ELS.SAE:DSD_EARNINGS@AV_AN_WAGE(1.0),Average annual wages,I,FRA,France,WG,Wages,USD_PPP,"US dollars, PPP converted",A,Annual,Q,Constant prices,MEAN,Mean,_Z,Not applicable,2016,,60284.45,,2024,,A,Normal value,0,Units,0,Zero
DATAFLOW,OECD.ELS.SAE:DSD_EARNINGS@AV_AN_WAGE(1.0),Average annual wages,I,FRA,France,WG,Wages,USD_PPP,"US dollars, PPP converted",A,Annual,Q,Constant prices,MEAN,Mean,_Z,Not applicable,2017,,61120.078,,2024,,A,Normal value,0,Units,0,Zero
DATAFLOW,OECD.ELS.SAE:DSD_EARNINGS@AV_AN_WAGE(1.0),Average annual wages,I,FRA,France,WG,Wages,USD_PPP,"US dollars, PPP converted",A,Annual,Q,Constant prices,MEAN,Mean,_Z,Not applicable,2018,,61041.792,,2024,,A,Normal value,0,Units,0,Zero
DATAFLOW,OECD.ELS.SAE:DSD_EARNINGS@AV_AN_WAGE(1.0),Average annual wages,I,FRA,France,WG,Wages,USD_PPP,"US dollars, PPP converted",A,Annual,Q,Constant prices,MEAN,Mean,_Z,Not applicable,2019,,61631.808,,2024,,A,Normal value,0,Units,0,Zero
DATAFLOW,OECD.ELS.SAE:DSD_EARNINGS@AV_AN_WAGE(1.0),Average annual wages,I,FRA,France,WG,Wages,USD_PPP,"US dollars, PPP converted",A,Annual,Q,Constant prices,MEAN,Mean,_Z,Not applicable,2020,,58590.773,,2024,,A,Normal value,0,Units,0,Zero
DATAFLOW,OECD.ELS.SAE:DSD_EARNINGS@AV_AN_WAGE(1.0),Average annual wages,I,FRA,France,WG,Wages,USD_PPP,"US dollars, PPP converted",A,Annual,Q,Constant prices,MEAN,Mean,_Z,Not applicable,2021,,60900.747,,2024,,A,Normal value,0,Units,0,Zero
DATAFLOW,OECD.ELS.SAE:DSD_EARNINGS@AV_AN_WAGE(1.0),Average annual wages,I,FRA,France,WG,Wages,USD_PPP,"US dollars, PPP converted",A,Annual,Q,Constant prices,MEAN,Mean,_Z,Not applicable,2022,,61156.437,,2024,,A,Normal value,0,Units,0,Zero
DATAFLOW,OECD.ELS.SAE:DSD_EARNINGS@AV_AN_WAGE(1.0),Average annual wages,I,FRA,France,WG,Wages,USD_PPP,"US dollars, PPP converted",A,Annual,Q,Constant prices,MEAN,Mean,_Z,Not applicable,2023,,60140.542,,2024,,A,Normal value,0,Units,0,Zero
DATAFLOW,OECD.ELS.SAE:DSD_EARNINGS@AV_AN_WAGE(1.0),Average annual wages,I,FRA,France,WG,Wages,USD_PPP,"US dollars, PPP converted",A,Annual,Q,Constant prices,MEAN,Mean,_Z,Not applicable,2024,,60608.014,,2024,,A,Normal value,0,Units,0,Zero
DATAFLOW,OECD.ELS.SAE:DSD_EARNINGS@AV_AN_WAGE(1.0),Average annual wages,I,DEU,Germany,WG,Wages,USD_PPP,"US dollars, PPP converted",A,Annual,Q,Constant prices,MEAN,Mean,_Z,Not applicable,1991,,52244.077,,2024,,A,Normal value,0,Units,0,Zero
DATAFLOW,OECD.ELS.SAE:DSD_EARNINGS@AV_AN_WAGE(1.0),Average annual wages,I,DEU,Germany,WG,Wages,USD_PPP,"US dollars, PPP converted",A,Annual,Q,Constant prices,MEAN,Mean,_Z,Not applicable,1992,,55449.141,,2024,,A,Normal value,0,Units,0,Zero
DATAFLOW,OECD.ELS.SAE:DSD_EARNINGS@AV_AN_WAGE(1.0),Average annual wages,I,DEU,Germany,WG,Wages,USD_PPP,"US dollars, PPP converted",A,Annual,Q,Constant prices,MEAN,Mean,_Z,Not applicable,1993,,55814.289,,2024,,A,Normal value,0,Units,0,Zero
DATAFLOW,OECD.ELS.SAE:DSD_EARNINGS@AV_AN_WAGE(1.0),Average annual wages,I,DEU,Germany,WG,Wages,USD_PPP,"US dollars, PPP converted",A,Annual,Q,Constant prices,MEAN,Mean,_Z,Not applicable,1994,,55937.213,,2024,,A,Normal value,0,Units,0,Zero
DATAFLOW,OECD.ELS.SAE:DSD_EARNINGS@AV_AN_WAGE(1.0),Average annual wages,I,DEU,Germany,WG,Wages,USD_PPP,"US dollars, PPP converted",A,Annual,Q,Constant prices,MEAN,Mean,_Z,Not applicable,1995,,57123.151,,2024,,A,Normal value,0,Units,0,Zero
DATAFLOW,OECD.ELS.SAE:DSD_EARNINGS@AV_AN_WAGE(1.0),Average annual wages,I,DEU,Germany,WG,Wages,USD_PPP,"US dollars, PPP converted",A,Annual,Q,Constant prices,MEAN,Mean,_Z,Not applicable,1996,,57779.129,,2024,,A,Normal value,0,Units,0,Zero
DATAFLOW,OECD.ELS.SAE:DSD_EARNINGS@AV_AN_WAGE(1.0),Average annual wages,I,DEU,Germany,WG,Wages,USD_PPP,"US dollars, PPP converted",A,Annual,Q,Constant prices,MEAN,Mean,_Z,Not applicable,1997,,57535.082,,2024,,A,Normal value,0,Units,0,Zero
DATAFLOW,OECD.ELS.SAE:DSD_EARNINGS@AV_AN_WAGE(1.0),Average annual wages,I,DEU,Germany,WG,Wages,USD_PPP,"US dollars, PPP converted",A,Annual,Q,Constant prices,MEAN,Mean,_Z,Not applicable,1998,,58239.551,,2024,,A,Normal value,0,Units,0,Zero
DATAFLOW,OECD.ELS.SAE:DSD_EARNINGS@AV_AN_WAGE(1.0),Average annual wages,I,DEU,Germany,WG,Wages,USD_PPP,"US dollars, PPP converted",A,Annual,Q,Constant prices,MEAN,Mean,_Z,Not applicable,1999,,59014.326,,2024,,A,Normal value,0,Units,0,Zero
DATAFLOW,OECD.ELS.SAE:DSD_EARNINGS@AV_AN_WAGE(1.0),Average annual wages,I,DEU,Germany,WG,Wages,USD_PPP,"US dollars, PPP converted",A,Annual,Q,Constant prices,MEAN,Mean,_Z,Not applicable,2000,,59354.424,,2024,,A,Normal value,0,Units,0,Zero
DATAFLOW,OECD.ELS.SAE:DSD_EARNINGS@AV_AN_WAGE(1.0),Average annual wages,I,DEU,Germany,WG,Wages,USD_PPP,"US dollars, PPP converted",A,Annual,Q,Constant prices,MEAN,Mean,_Z,Not applicable,2001,,59787.697,,2024,,A,Normal value,0,Units,0,Zero
DATAFLOW,OECD.ELS.SAE:DSD_EARNINGS@AV_AN_WAGE(1.0),Average annual wages,I,DEU,Germany,WG,Wages,USD_PPP,"US dollars, PPP converted",A,Annual,Q,Constant prices,MEAN,Mean,_Z,Not applicable,2002,,60138.883,,2024,,A,Normal value,0,Units,0,Zero
DATAFLOW,OECD.ELS.SAE:DSD_EARNINGS@AV_AN_WAGE(1.0),Average annual wages,I,DEU,Germany,WG,Wages,USD_PPP,"US dollars, PPP converted",A,Annual,Q,Constant prices,MEAN,Mean,_Z,Not applicable,2003,,60338.681,,2024,,A,Normal value,0,Units,0,Zero
DATAFLOW,OECD.ELS.SAE:DSD_EARNINGS@AV_AN_WAGE(1.0),Average annual wages,I,DEU,Germany,WG,Wages,USD_PPP,"US dollars, PPP converted",A,Annual,Q,Constant prices,MEAN,Mean,_Z,Not applicable,2004,,60330.633,,2024,,A,Normal value,0,Units,0,Zero
DATAFLOW,OECD.ELS.SAE:DSD_EARNINGS@AV_AN_WAGE(1.0),Average annual wages,I,DEU,Germany,WG,Wages,USD_PPP,"US dollars, PPP converted",A,Annual,Q,Constant prices,MEAN,Mean,_Z,Not applicable,2005,,60548.73,,2024,,A,Normal value,0,Units,0,Zero
DATAFLOW,OECD.ELS.SAE:DSD_EARNINGS@AV_AN_WAGE(1.0),Average annual wages,I,DEU,Germany,WG,Wages,USD_PPP,"US dollars, PPP converted",A,Annual,Q,Constant prices,MEAN,Mean,_Z,Not applicable,2006,,60537.007,,2024,,A,Normal value,0,Units,0,Zero
DATAFLOW,OECD.ELS.SAE:DSD_EARNINGS@AV_AN_WAGE(1.0),Average annual wages,I,DEU,Germany,WG,Wages,USD_PPP,"US dollars, PPP converted",A,Annual,Q,Constant prices,MEAN,Mean,_Z,Not applicable,2007,,60353.389,,2024,,A,Normal value,0,Units,0,Zero
DATAFLOW,OECD.ELS.SAE:DSD_EARNINGS@AV_AN_WAGE(1.0),Average annual wages,I,DEU,Germany,WG,Wages,USD_PPP,"US dollars, PPP converted",A,Annual,Q,Constant prices,MEAN,Mean,_Z,Not applicable,2008,,60623.392,,2024,,A,Normal value,0,Units,0,Zero
DATAFLOW,OECD.ELS.SAE:DSD_EARNINGS@AV_AN_WAGE(1.0),Average annual wages,I,DEU,Germany,WG,Wages,USD_PPP,"US dollars, PPP converted",A,Annual,Q,Constant prices,MEAN,Mean,_Z,Not applicable,2009,,60635.353,,2024,,A,Normal value,0,Units,0,Zero
DATAFLOW,OECD.ELS.SAE:DSD_EARNINGS@AV_AN_WAGE(1.0),Average annual wages,I,DEU,Germany,WG,Wages,USD_PPP,"US dollars, PPP converted",A,Annual,Q,Constant prices,MEAN,Mean,_Z,Not applicable,2010,,61167.671,,2024,,A,Normal value,0,Units,0,Zero
DATAFLOW,OECD.ELS.SAE:DSD_EARNINGS@AV_AN_WAGE(1.0),Average annual wages,I,DEU,Germany,WG,Wages,USD_PPP,"US dollars, PPP converted",A,Annual,Q,Constant prices,MEAN,Mean,_Z,Not applicable,2011,,62400.788,,2024,,A,Normal value,0,Units,0,Zero
DATAFLOW,OECD.ELS.SAE:DSD_EARNINGS@AV_AN_WAGE(1.0),Average annual wages,I,DEU,Germany,WG,Wages,USD_PPP,"US dollars, PPP converted",A,Annual,Q,Constant prices,MEAN,Mean,_Z,Not applicable,2012,,63233.321,,2024,,A,Normal value,0,Units,0,Zero
DATAFLOW,OECD.ELS.SAE:DSD_EARNINGS@AV_AN_WAGE(1.0),Average annual wages,I,DEU,Germany,WG,Wages,USD_PPP,"US dollars, PPP converted",A,Annual,Q,Constant prices,MEAN,Mean,_Z,Not applicable,2013,,63828.7,,2024,,A,Normal value,0,Units,0,Zero
DATAFLOW,OECD.ELS.SAE:DSD_EARNINGS@AV_AN_WAGE(1.0),Average annual wages,I,DEU,Germany,WG,Wages,USD_PPP,"US dollars, PPP converted",A,Annual,Q,Constant prices,MEAN,Mean,_Z,Not applicable,2014,,64898.733,,2024,,A,Normal value,0,Units,0,Zero
DATAFLOW,OECD.ELS.SAE:DSD_EARNINGS@AV_AN_WAGE(1.0),Average annual wages,I,DEU,Germany,WG,Wages,USD_PPP,"US dollars, PPP converted",A,Annual,Q,Constant prices,MEAN,Mean,_Z,Not applicable,2015,,66389.948,,2024,,A,Normal value,0,Units,0,Zero
DATAFLOW,OECD.ELS.SAE:DSD_EARNINGS@AV_AN_WAGE(1.0),Average annual wages,I,DEU,Germany,WG,Wages,USD_PPP,"US dollars, PPP converted",A,Annual,Q,Constant prices,MEAN,Mean,_Z,Not applicable,2016,,67409.631,,2024,,A,Normal value,0,Units,0,Zero
DATAFLOW,OECD.ELS.SAE:DSD_EARNINGS@AV_AN_WAGE(1.0),Average annual wages,I,DEU,Germany,WG,Wages,USD_PPP,"US dollars, PPP converted",A,Annual,Q,Constant prices,MEAN,Mean,_Z,Not applicable,2017,,68117.688,,2024,,A,Normal value,0,Units,0,Zero
DATAFLOW,OECD.ELS.SAE:DSD_EARNINGS@AV_AN_WAGE(1.0),Average annual wages,I,DEU,Germany,WG,Wages,USD_PPP,"US dollars, PPP converted",A,Annual,Q,Constant prices,MEAN,Mean,_Z,Not applicable,2018,,69070.405,,2024,,A,Normal value,0,Units,0,Zero
DATAFLOW,OECD.ELS.SAE:DSD_EARNINGS@AV_AN_WAGE(1.0),Average annual wages,I,DEU,Germany,WG,Wages,USD_PPP,"US dollars, PPP converted",A,Annual,Q,Constant prices,MEAN,Mean,_Z,Not applicable,2019,,70225.225,,2024,,A,Normal value,0,Units,0,Zero
DATAFLOW,OECD.ELS.SAE:DSD_EARNINGS@AV_AN_WAGE(1.0),Average annual wages,I,DEU,Germany,WG,Wages,USD_PPP,"US dollars, PPP converted",A,Annual,Q,Constant prices,MEAN,Mean,_Z,Not applicable,2020,,69750.812,,2024,,A,Normal value,0,Units,0,Zero
DATAFLOW,OECD.ELS.SAE:DSD_EARNINGS@AV_AN_WAGE(1.0),Average annual wages,I,DEU,Germany,WG,Wages,USD_PPP,"US dollars, PPP converted",A,Annual,Q,Constant prices,MEAN,Mean,_Z,Not applicable,2021,,69828.515,,2024,,A,Normal value,0,Units,0,Zero
DATAFLOW,OECD.ELS.SAE:DSD_EARNINGS@AV_AN_WAGE(1.0),Average annual wages,I,DEU,Germany,WG,Wages,USD_PPP,"US dollars, PPP converted",A,Annual,Q,Constant prices,MEAN,Mean,_Z,Not applicable,2022,,68225.562,,2024,,A,Normal value,0,Units,0,Zero
DATAFLOW,OECD.ELS.SAE:DSD_EARNINGS@AV_AN_WAGE(1.0),Average annual wages,I,DEU,Germany,WG,Wages,USD_PPP,"US dollars, PPP converted",A,Annual,Q,Constant prices,MEAN,Mean,_Z,Not applicable,2023,,68104.229,,2024,,A,Normal value,0,Units,0,Zero
DATAFLOW,OECD.ELS.SAE:DSD_EARNINGS@AV_AN_WAGE(1.0),Average annual wages,I,DEU,Germany,WG,Wages,USD_PPP,"US dollars, PPP converted",A,Annual,Q,Constant prices,MEAN,Mean,_Z,Not applicable,2024,,69433.062,,2024,,A,Normal value,0,Units,0,Zero
DATAFLOW,OECD.ELS.SAE:DSD_EARNINGS@AV_AN_WAGE(1.0),Average annual wages,I,GRC,Greece,WG,Wages,USD_PPP,"US dollars, PPP converted",A,Annual,Q,Constant prices,MEAN,Mean,_Z,Not applicable,1995,,26323.842,,2024,,A,Normal value,0,Units,0,Zero
DATAFLOW,OECD.ELS.SAE:DSD_EARNINGS@AV_AN_WAGE(1.0),Average annual wages,I,GRC,Greece,WG,Wages,USD_PPP,"US dollars, PPP converted",A,Annual,Q,Constant prices,MEAN,Mean,_Z,Not applicable,1996,,26596.935,,2024,,A,Normal value,0,Units,0,Zero
DATAFLOW,OECD.ELS.SAE:DSD_EARNINGS@AV_AN_WAGE(1.0),Average annual wages,I,GRC,Greece,WG,Wages,USD_PPP,"US dollars, PPP converted",A,Annual,Q,Constant prices,MEAN,Mean,_Z,Not applicable,1997,,29590.338,,2024,,A,Normal value,0,Units,0,Zero
DATAFLOW,OECD.ELS.SAE:DSD_EARNINGS@AV_AN_WAGE(1.0),Average annual wages,I,GRC,Greece,WG,Wages,USD_PPP,"US dollars, PPP converted",A,Annual,Q,Constant prices,MEAN,Mean,_Z,Not applicable,1998,,32037.543,,2024,,A,Normal value,0,Units,0,Zero
DATAFLOW,OECD.ELS.SAE:DSD_EARNINGS@AV_AN_WAGE(1.0),Average annual wages,I,GRC,Greece,WG,Wages,USD_PPP,"US dollars, PPP converted",A,Annual,Q,Constant prices,MEAN,Mean,_Z,Not applicable,1999,,32549.606,,2024,,A,Normal value,0,Units,0,Zero
DATAFLOW,OECD.ELS.SAE:DSD_EARNINGS@AV_AN_WAGE(1.0),Average annual wages,I,GRC,Greece,WG,Wages,USD_PPP,"US dollars, PPP converted",A,Annual,Q,Constant prices,MEAN,Mean,_Z,Not applicable,2000,,34401.754,,2024,,A,Normal value,0,Units,0,Zero
DATAFLOW,OECD.ELS.SAE:DSD_EARNINGS@AV_AN_WAGE(1.0),Average annual wages,I,GRC,Greece,WG,Wages,USD_PPP,"US dollars, PPP converted",A,Annual,Q,Constant prices,MEAN,Mean,_Z,Not applicable,2001,,35558.052,,2024,,A,Normal value,0,Units,0,Zero
DATAFLOW,OECD.ELS.SAE:DSD_EARNINGS@AV_AN_WAGE(1.0),Average annual wages,I,GRC,Greece,WG,Wages,USD_PPP,"US dollars, PPP converted",A,Annual,Q,Constant prices,MEAN,Mean,_Z,Not applicable,2002,,38791.366,,2024,,A,Normal value,0,Units,0,Zero
DATAFLOW,OECD.ELS.SAE:DSD_EARNINGS@AV_AN_WAGE(1.0),Average annual wages,I,GRC,Greece,WG,Wages,USD_PPP,"US dollars, PPP converted",A,Annual,Q,Constant prices,MEAN,Mean,_Z,Not applicable,2003,,40500.08,,2024,,A,Normal value,0,Units,0,Zero
DATAFLOW,OECD.ELS.SAE:DSD_EARNINGS@AV_AN_WAGE(1.0),Average annual wages,I,GRC,Greece,WG,Wages,USD_PPP,"US dollars, PPP converted",A,Annual,Q,Constant prices,MEAN,Mean,_Z,Not applicable,2004,,41242.818,,2024,,A,Normal value,0,Units,0,Zero
DATAFLOW,OECD.ELS.SAE:DSD_EARNINGS@AV_AN_WAGE(1.0),Average annual wages,I,GRC,Greece,WG,Wages,USD_PPP,"US dollars, PPP converted",A,Annual,Q,Constant prices,MEAN,Mean,_Z,Not applicable,2005,,41105.138,,2024,,A,Normal value,0,Units,0,Zero
DATAFLOW,OECD.ELS.SAE:DSD_EARNINGS@AV_AN_WAGE(1.0),Average annual wages,I,GRC,Greece,WG,Wages,USD_PPP,"US dollars, PPP converted",A,Annual,Q,Constant prices,MEAN,Mean,_Z,Not applicable,2006,,41594.07,,2024,,A,Normal value,0,Units,0,Zero
DATAFLOW,OECD.ELS.SAE:DSD_EARNINGS@AV_AN_WAGE(1.0),Average annual wages,I,GRC,Greece,WG,Wages,USD_PPP,"US dollars, PPP converted",A,Annual,Q,Constant prices,MEAN,Mean,_Z,Not applicable,2007,,41601.751,,2024,,A,Normal value,0,Units,0,Zero
DATAFLOW,OECD.ELS.SAE:DSD_EARNINGS@AV_AN_WAGE(1.0),Average annual wages,I,GRC,Greece,WG,Wages,USD_PPP,"US dollars, PPP converted",A,Annual,Q,Constant prices,MEAN,Mean,_Z,Not applicable,2008,,40957.926,,2024,,A,Normal value,0,Units,0,Zero
DATAFLOW,OECD.ELS.SAE:DSD_EARNINGS@AV_AN_WAGE(1.0),Average annual wages,I,GRC,Greece,WG,Wages,USD_PPP,"US dollars, PPP converted",A,Annual,Q,Constant prices,MEAN,Mean,_Z,Not applicable,2009,,42891.359,,2024,,A,Normal value,0,Units,0,Zero
DATAFLOW,OECD.ELS.SAE:DSD_EARNINGS@AV_AN_WAGE(1.0),Average annual wages,I,GRC,Greece,WG,Wages,USD_PPP,"US dollars, PPP converted",A,Annual,Q,Constant prices,MEAN,Mean,_Z,Not applicable,2010,,40933.437,,2024,,A,Normal value,0,Units,0,Zero
DATAFLOW,OECD.ELS.SAE:DSD_EARNINGS@AV_AN_WAGE(1.0),Average annual wages,I,GRC,Greece,WG,Wages,USD_PPP,"US dollars, PPP converted",A,Annual,Q,Constant prices,MEAN,Mean,_Z,Not applicable,2011,,38335.701,,2024,,A,Normal value,0,Units,0,Zero
DATAFLOW,OECD.ELS.SAE:DSD_EARNINGS@AV_AN_WAGE(1.0),Average annual wages,I,GRC,Greece,WG,Wages,USD_PPP,"US dollars, PPP converted",A,Annual,Q,Constant prices,MEAN,Mean,_Z,Not applicable,2012,,36104.342,,2024,,A,Normal value,0,Units,0,Zero
DATAFLOW,OECD.ELS.SAE:DSD_EARNINGS@AV_AN_WAGE(1.0),Average annual wages,I,GRC,Greece,WG,Wages,USD_PPP,"US dollars, PPP converted",A,Annual,Q,Constant prices,MEAN,Mean,_Z,Not applicable,2013,,33745.986,,2024,,A,Normal value,0,Units,0,Zero
DATAFLOW,OECD.ELS.SAE:DSD_EARNINGS@AV_AN_WAGE(1.0),Average annual wages,I,GRC,Greece,WG,Wages,USD_PPP,"US dollars, PPP converted",A,Annual,Q,Constant prices,MEAN,Mean,_Z,Not applicable,2014,,33606.424,,2024,,A,Normal value,0,Units,0,Zero
DATAFLOW,OECD.ELS.SAE:DSD_EARNINGS@AV_AN_WAGE(1.0),Average annual wages,I,GRC,Greece,WG,Wages,USD_PPP,"US dollars, PPP converted",A,Annual,Q,Constant prices,MEAN,Mean,_Z,Not applicable,2015,,33936.951,,2024,,A,Normal value,0,Units,0,Zero
DATAFLOW,OECD.ELS.SAE:DSD_EARNINGS@AV_AN_WAGE(1.0),Average annual wages,I,GRC,Greece,WG,Wages,USD_PPP,"US dollars, PPP converted",A,Annual,Q,Constant prices,MEAN,Mean,_Z,Not applicable,2016,,33157.589,,2024,,A,Normal value,0,Units,0,Zero
DATAFLOW,OECD.ELS.SAE:DSD_EARNINGS@AV_AN_WAGE(1.0),Average annual wages,I,GRC,Greece,WG,Wages,USD_PPP,"US dollars, PPP converted",A,Annual,Q,Constant prices,MEAN,Mean,_Z,Not applicable,2017,,33370.147,,2024,,A,Normal value,0,Units,0,Zero
DATAFLOW,OECD.ELS.SAE:DSD_EARNINGS@AV_AN_WAGE(1.0),Average annual wages,I,GRC,Greece,WG,Wages,USD_PPP,"US dollars, PPP converted",A,Annual,Q,Constant prices,MEAN,Mean,_Z,Not applicable,2018,,31829.651,,2024,,A,Normal value,0,Units,0,Zero
DATAFLOW,OECD.ELS.SAE:DSD_EARNINGS@AV_AN_WAGE(1.0),Average annual wages,I,GRC,Greece,WG,Wages,USD_PPP,"US dollars, PPP converted",A,Annual,Q,Constant prices,MEAN,Mean,_Z,Not applicable,2019,,31882.627,,2024,,A,Normal value,0,Units,0,Zero
DATAFLOW,OECD.ELS.SAE:DSD_EARNINGS@AV_AN_WAGE(1.0),Average annual wages,I,GRC,Greece,WG,Wages,USD_PPP,"US dollars, PPP converted",A,Annual,Q,Constant prices,MEAN,Mean,_Z,Not applicable,2020,,31976.297,,2024,,A,Normal value,0,Units,0,Zero
DATAFLOW,OECD.ELS.SAE:DSD_EARNINGS@AV_AN_WAGE(1.0),Average annual wages,I,GRC,Greece,WG,Wages,USD_PPP,"US dollars, PPP converted",A,Annual,Q,Constant prices,MEAN,Mean,_Z,Not applicable,2021,,32289.469,,2024,,A,Normal value,0,Units,0,Zero
DATAFLOW,OECD.ELS.SAE:DSD_EARNINGS@AV_AN_WAGE(1.0),Average annual wages,I,GRC,Greece,WG,Wages,USD_PPP,"US dollars, PPP converted",A,Annual,Q,Constant prices,MEAN,Mean,_Z,Not applicable,2022,,31456.577,,2024,,A,Normal value,0,Units,0,Zero
DATAFLOW,OECD.ELS.SAE:DSD_EARNINGS@AV_AN_WAGE(1.0),Average annual wages,I,GRC,Greece,WG,Wages,USD_PPP,"US dollars, PPP converted",A,Annual,Q,Constant prices,MEAN,Mean,_Z,Not applicable,2023,,31597.68,,2024,,A,Normal value,0,Units,0,Zero
DATAFLOW,OECD.ELS.SAE:DSD_EARNINGS@AV_AN_WAGE(1.0),Average annual wages,I,GRC,Greece,WG,Wages,USD_PPP,"US dollars, PPP converted",A,Annual,Q,Constant prices,MEAN,Mean,_Z,Not applicable,2024,,32257.112,,2024,,A,Normal value,0,Units,0,Zero
DATAFLOW,OECD.ELS.SAE:DSD_EARNINGS@AV_AN_WAGE(1.0),Average annual wages,I,HUN,Hungary,WG,Wages,USD_PPP,"US dollars, PPP converted",A,Annual,Q,Constant prices,MEAN,Mean,_Z,Not applicable,1995,,18220.619,,2024,,A,Normal value,0,Units,0,Zero
DATAFLOW,OECD.ELS.SAE:DSD_EARNINGS@AV_AN_WAGE(1.0),Average annual wages,I,HUN,Hungary,WG,Wages,USD_PPP,"US dollars, PPP converted",A,Annual,Q,Constant prices,MEAN,Mean,_Z,Not applicable,1996,,18227.351,,2024,,A,Normal value,0,Units,0,Zero
DATAFLOW,OECD.ELS.SAE:DSD_EARNINGS@AV_AN_WAGE(1.0),Average annual wages,I,HUN,Hungary,WG,Wages,USD_PPP,"US dollars, PPP converted",A,Annual,Q,Constant prices,MEAN,Mean,_Z,Not applicable,1997,,18677.14,,2024,,A,Normal value,0,Units,0,Zero
DATAFLOW,OECD.ELS.SAE:DSD_EARNINGS@AV_AN_WAGE(1.0),Average annual wages,I,HUN,Hungary,WG,Wages,USD_PPP,"US dollars, PPP converted",A,Annual,Q,Constant prices,MEAN,Mean,_Z,Not applicable,1998,,19096.601,,2024,,A,Normal value,0,Units,0,Zero
DATAFLOW,OECD.ELS.SAE:DSD_EARNINGS@AV_AN_WAGE(1.0),Average annual wages,I,HUN,Hungary,WG,Wages,USD_PPP,"US dollars, PPP converted",A,Annual,Q,Constant prices,MEAN,Mean,_Z,Not applicable,1999,,19179.523,,2024,,A,Normal value,0,Units,0,Zero
DATAFLOW,OECD.ELS.SAE:DSD_EARNINGS@AV_AN_WAGE(1.0),Average annual wages,I,HUN,Hungary,WG,Wages,USD_PPP,"US dollars, PPP converted",A,Annual,Q,Constant prices,MEAN,Mean,_Z,Not applicable,2000,,20062.623,,2024,,A,Normal value,0,Units,0,Zero
DATAFLOW,OECD.ELS.SAE:DSD_EARNINGS@AV_AN_WAGE(1.0),Average annual wages,I,HUN,Hungary,WG,Wages,USD_PPP,"US dollars, PPP converted",A,Annual,Q,Constant prices,MEAN,Mean,_Z,Not applicable,2001,,21587.616,,2024,,A,Normal value,0,Units,0,Zero
DATAFLOW,OECD.ELS.SAE:DSD_EARNINGS@AV_AN_WAGE(1.0),Average annual wages,I,HUN,Hungary,WG,Wages,USD_PPP,"US dollars, PPP converted",A,Annual,Q,Constant prices,MEAN,Mean,_Z,Not applicable,2002,,22666.624,,2024,,A,Normal value,0,Units,0,Zero
DATAFLOW,OECD.ELS.SAE:DSD_EARNINGS@AV_AN_WAGE(1.0),Average annual wages,I,HUN,Hungary,WG,Wages,USD_PPP,"US dollars, PPP converted",A,Annual,Q,Constant prices,MEAN,Mean,_Z,Not applicable,2003,,24481.383,,2024,,A,Normal value,0,Units,0,Zero
DATAFLOW,OECD.ELS.SAE:DSD_EARNINGS@AV_AN_WAGE(1.0),Average annual wages,I,HUN,Hungary,WG,Wages,USD_PPP,"US dollars, PPP converted",A,Annual,Q,Constant prices,MEAN,Mean,_Z,Not applicable,2004,,26190.93,,2024,,A,Normal value,0,Units,0,Zero
DATAFLOW,OECD.ELS.SAE:DSD_EARNINGS@AV_AN_WAGE(1.0),Average annual wages,I,HUN,Hungary,WG,Wages,USD_PPP,"US dollars, PPP converted",A,Annual,Q,Constant prices,MEAN,Mean,_Z,Not applicable,2005,,27345.736,,2024,,A,Normal value,0,Units,0,Zero
DATAFLOW,OECD.ELS.SAE:DSD_EARNINGS@AV_AN_WAGE(1.0),Average annual wages,I,HUN,Hungary,WG,Wages,USD_PPP,"US dollars, PPP converted",A,Annual,Q,Constant prices,MEAN,Mean,_Z,Not applicable,2006,,27877.907,,2024,,A,Normal value,0,Units,0,Zero
DATAFLOW,OECD.ELS.SAE:DSD_EARNINGS@AV_AN_WAGE(1.0),Average annual wages,I,HUN,Hungary,WG,Wages,USD_PPP,"US dollars, PPP converted",A,Annual,Q,Constant prices,MEAN,Mean,_Z,Not applicable,2007,,27670.672,,2024,,A,Normal value,0,Units,0,Zero
DATAFLOW,OECD.ELS.SAE:DSD_EARNINGS@AV_AN_WAGE(1.0),Average annual wages,I,HUN,Hungary,WG,Wages,USD_PPP,"US dollars, PPP converted",A,Annual,Q,Constant prices,MEAN,Mean,_Z,Not applicable,2008,,28055.994,,2024,,A,Normal value,0,Units,0,Zero
DATAFLOW,OECD.ELS.SAE:DSD_EARNINGS@AV_AN_WAGE(1.0),Average annual wages,I,HUN,Hungary,WG,Wages,USD_PPP,"US dollars, PPP converted",A,Annual,Q,Constant prices,MEAN,Mean,_Z,Not applicable,2009,,26452.704,,2024,,A,Normal value,0,Units,0,Zero
DATAFLOW,OECD.ELS.SAE:DSD_EARNINGS@AV_AN_WAGE(1.0),Average annual wages,I,HUN,Hungary,WG,Wages,USD_PPP,"US dollars, PPP converted",A,Annual,Q,Constant prices,MEAN,Mean,_Z,Not applicable,2010,,26802.232,,2024,,A,Normal value,0,Units,0,Zero
DATAFLOW,OECD.ELS.SAE:DSD_EARNINGS@AV_AN_WAGE(1.0),Average annual wages,I,HUN,Hungary,WG,Wages,USD_PPP,"US dollars, PPP converted",A,Annual,Q,Constant prices,MEAN,Mean,_Z,Not applicable,2011,,27148.976,,2024,,A,Normal value,0,Units,0,Zero
DATAFLOW,OECD.ELS.SAE:DSD_EARNINGS@AV_AN_WAGE(1.0),Average annual wages,I,HUN,Hungary,WG,Wages,USD_PPP,"US dollars, PPP converted",A,Annual,Q,Constant prices,MEAN,Mean,_Z,Not applicable,2012,,26244.593,,2024,,A,Normal value,0,Units,0,Zero
DATAFLOW,OECD.ELS.SAE:DSD_EARNINGS@AV_AN_WAGE(1.0),Average annual wages,I,HUN,Hungary,WG,Wages,USD_PPP,"US dollars, PPP converted",A,Annual,Q,Constant prices,MEAN,Mean,_Z,Not applicable,2013,,25976.842,,2024,,A,Normal value,0,Units,0,Zero
DATAFLOW,OECD.ELS.SAE:DSD_EARNINGS@AV_AN_WAGE(1.0),Average annual wages,I,HUN,Hungary,WG,Wages,USD_PPP,"US dollars, PPP converted",A,Annual,Q,Constant prices,MEAN,Mean,_Z,Not applicable,2014,,25636.604,,2024,,A,Normal value,0,Units,0,Zero
DATAFLOW,OECD.ELS.SAE:DSD_EARNINGS@AV_AN_WAGE(1.0),Average annual wages,I,HUN,Hungary,WG,Wages,USD_PPP,"US dollars, PPP converted",A,Annual,Q,Constant prices,MEAN,Mean,_Z,Not applicable,2015,,25835.254,,2024,,A,Normal value,0,Units,0,Zero
DATAFLOW,OECD.ELS.SAE:DSD_EARNINGS@AV_AN_WAGE(1.0),Average annual wages,I,HUN,Hungary,WG,Wages,USD_PPP,"US dollars, PPP converted",A,Annual,Q,Constant prices,MEAN,Mean,_Z,Not applicable,2016,,26069.948,,2024,,A,Normal value,0,Units,0,Zero
DATAFLOW,OECD.ELS.SAE:DSD_EARNINGS@AV_AN_WAGE(1.0),Average annual wages,I,HUN,Hungary,WG,Wages,USD_PPP,"US dollars, PPP converted",A,Annual,Q,Constant prices,MEAN,Mean,_Z,Not applicable,2017,,27955.618,,2024,,A,Normal value,0,Units,0,Zero
DATAFLOW,OECD.ELS.SAE:DSD_EARNINGS@AV_AN_WAGE(1.0),Average annual wages,I,HUN,Hungary,WG,Wages,USD_PPP,"US dollars, PPP converted",A,Annual,Q,Constant prices,MEAN,Mean,_Z,Not applicable,2018,,29318.328,,2024,,A,Normal value,0,Units,0,Zero
DATAFLOW,OECD.ELS.SAE:DSD_EARNINGS@AV_AN_WAGE(1.0),Average annual wages,I,HUN,Hungary,WG,Wages,USD_PPP,"US dollars, PPP converted",A,Annual,Q,Constant prices,MEAN,Mean,_Z,Not applicable,2019,,30298.509,,2024,,A,Normal value,0,Units,0,Zero
DATAFLOW,OECD.ELS.SAE:DSD_EARNINGS@AV_AN_WAGE(1.0),Average annual wages,I,HUN,Hungary,WG,Wages,USD_PPP,"US dollars, PPP converted",A,Annual,Q,Constant prices,MEAN,Mean,_Z,Not applicable,2020,,30821.627,,2024,,A,Normal value,0,Units,0,Zero
DATAFLOW,OECD.ELS.SAE:DSD_EARNINGS@AV_AN_WAGE(1.0),Average annual wages,I,HUN,Hungary,WG,Wages,USD_PPP,"US dollars, PPP converted",A,Annual,Q,Constant prices,MEAN,Mean,_Z,Not applicable,2021,,31645.722,,2024,,A,Normal value,0,Units,0,Zero
DATAFLOW,OECD.ELS.SAE:DSD_EARNINGS@AV_AN_WAGE(1.0),Average annual wages,I,HUN,Hungary,WG,Wages,USD_PPP,"US dollars, PPP converted",A,Annual,Q,Constant prices,MEAN,Mean,_Z,Not applicable,2022,,32759.474,,2024,,A,Normal value,0,Units,0,Zero
DATAFLOW,OECD.ELS.SAE:DSD_EARNINGS@AV_AN_WAGE(1.0),Average annual wages,I,HUN,Hungary,WG,Wages,USD_PPP,"US dollars, PPP converted",A,Annual,Q,Constant prices,MEAN,Mean,_Z,Not applicable,2023,,32474.997,,2024,,A,Normal value,0,Units,0,Zero
DATAFLOW,OECD.ELS.SAE:DSD_EARNINGS@AV_AN_WAGE(1.0),Average annual wages,I,HUN,Hungary,WG,Wages,USD_PPP,"US dollars, PPP converted",A,Annual,Q,Constant prices,MEAN,Mean,_Z,Not applicable,2024,,34995.811,,2024,,A,Normal value,0,Units,0,Zero
DATAFLOW,OECD.ELS.SAE:DSD_EARNINGS@AV_AN_WAGE(1.0),Average annual wages,I,ISL,Iceland,WG,Wages,USD_PPP,"US dollars, PPP converted",A,Annual,Q,Constant prices,MEAN,Mean,_Z,Not applicable,1990,,50916.846,,2024,,A,Normal value,0,Units,0,Zero
DATAFLOW,OECD.ELS.SAE:DSD_EARNINGS@AV_AN_WAGE(1.0),Average annual wages,I,ISL,Iceland,WG,Wages,USD_PPP,"US dollars, PPP converted",A,Annual,Q,Constant prices,MEAN,Mean,_Z,Not applicable,1991,,55046.681,,2024,,A,Normal value,0,Units,0,Zero
DATAFLOW,OECD.ELS.SAE:DSD_EARNINGS@AV_AN_WAGE(1.0),Average annual wages,I,ISL,Iceland,WG,Wages,USD_PPP,"US dollars, PPP converted",A,Annual,Q,Constant prices,MEAN,Mean,_Z,Not applicable,1992,,53138.26,,2024,,A,Normal value,0,Units,0,Zero
DATAFLOW,OECD.ELS.SAE:DSD_EARNINGS@AV_AN_WAGE(1.0),Average annual wages,I,ISL,Iceland,WG,Wages,USD_PPP,"US dollars, PPP converted",A,Annual,Q,Constant prices,MEAN,Mean,_Z,Not applicable,1993,,50329.575,,2024,,A,Normal value,0,Units,0,Zero
DATAFLOW,OECD.ELS.SAE:DSD_EARNINGS@AV_AN_WAGE(1.0),Average annual wages,I,ISL,Iceland,WG,Wages,USD_PPP,"US dollars, PPP converted",A,Annual,Q,Constant prices,MEAN,Mean,_Z,Not applicable,1994,,51342.64,,2024,,A,Normal value,0,Units,0,Zero
DATAFLOW,OECD.ELS.SAE:DSD_EARNINGS@AV_AN_WAGE(1.0),Average annual wages,I,ISL,Iceland,WG,Wages,USD_PPP,"US dollars, PPP converted",A,Annual,Q,Constant prices,MEAN,Mean,_Z,Not applicable,1995,,52579.27,,2024,,A,Normal value,0,Units,0,Zero
DATAFLOW,OECD.ELS.SAE:DSD_EARNINGS@AV_AN_WAGE(1.0),Average annual wages,I,ISL,Iceland,WG,Wages,USD_PPP,"US dollars, PPP converted",A,Annual,Q,Constant prices,MEAN,Mean,_Z,Not applicable,1996,,54245.798,,2024,,A,Normal value,0,Units,0,Zero
DATAFLOW,OECD.ELS.SAE:DSD_EARNINGS@AV_AN_WAGE(1.0),Average annual wages,I,ISL,Iceland,WG,Wages,USD_PPP,"US dollars, PPP converted",A,Annual,Q,Constant prices,MEAN,Mean,_Z,Not applicable,1997,,56546.585,,2024,,A,Normal value,0,Units,0,Zero
DATAFLOW,OECD.ELS.SAE:DSD_EARNINGS@AV_AN_WAGE(1.0),Average annual wages,I,ISL,Iceland,WG,Wages,USD_PPP,"US dollars, PPP converted",A,Annual,Q,Constant prices,MEAN,Mean,_Z,Not applicable,1998,,62405.214,,2024,,A,Normal value,0,Units,0,Zero
DATAFLOW,OECD.ELS.SAE:DSD_EARNINGS@AV_AN_WAGE(1.0),Average annual wages,I,ISL,Iceland,WG,Wages,USD_PPP,"US dollars, PPP converted",A,Annual,Q,Constant prices,MEAN,Mean,_Z,Not applicable,1999,,65324.138,,2024,,A,Normal value,0,Units,0,Zero
DATAFLOW,OECD.ELS.SAE:DSD_EARNINGS@AV_AN_WAGE(1.0),Average annual wages,I,ISL,Iceland,WG,Wages,USD_PPP,"US dollars, PPP converted",A,Annual,Q,Constant prices,MEAN,Mean,_Z,Not applicable,2000,,67326.245,,2024,,A,Normal value,0,Units,0,Zero
DATAFLOW,OECD.ELS.SAE:DSD_EARNINGS@AV_AN_WAGE(1.0),Average annual wages,I,ISL,Iceland,WG,Wages,USD_PPP,"US dollars, PPP converted",A,Annual,Q,Constant prices,MEAN,Mean,_Z,Not applicable,2001,,66810.627,,2024,,A,Normal value,0,Units,0,Zero
DATAFLOW,OECD.ELS.SAE:DSD_EARNINGS@AV_AN_WAGE(1.0),Average annual wages,I,ISL,Iceland,WG,Wages,USD_PPP,"US dollars, PPP converted",A,Annual,Q,Constant prices,MEAN,Mean,_Z,Not applicable,2002,,68730.683,,2024,,A,Normal value,0,Units,0,Zero
DATAFLOW,OECD.ELS.SAE:DSD_EARNINGS@AV_AN_WAGE(1.0),Average annual wages,I,ISL,Iceland,WG,Wages,USD_PPP,"US dollars, PPP converted",A,Annual,Q,Constant prices,MEAN,Mean,_Z,Not applicable,2003,,66985.202,,2024,,A,Normal value,0,Units,0,Zero
DATAFLOW,OECD.ELS.SAE:DSD_EARNINGS@AV_AN_WAGE(1.0),Average annual wages,I,ISL,Iceland,WG,Wages,USD_PPP,"US dollars, PPP converted",A,Annual,Q,Constant prices,MEAN,Mean,_Z,Not applicable,2004,,71030.44,,2024,,A,Normal value,0,Units,0,Zero
DATAFLOW,OECD.ELS.SAE:DSD_EARNINGS@AV_AN_WAGE(1.0),Average annual wages,I,ISL,Iceland,WG,Wages,USD_PPP,"US dollars, PPP converted",A,Annual,Q,Constant prices,MEAN,Mean,_Z,Not applicable,2005,,76539.877,,2024,,A,Normal value,0,Units,0,Zero
DATAFLOW,OECD.ELS.SAE:DSD_EARNINGS@AV_AN_WAGE(1.0),Average annual wages,I,ISL,Iceland,WG,Wages,USD_PPP,"US dollars, PPP converted",A,Annual,Q,Constant prices,MEAN,Mean,_Z,Not applicable,2006,,80566.342,,2024,,A,Normal value,0,Units,0,Zero
DATAFLOW,OECD.ELS.SAE:DSD_EARNINGS@AV_AN_WAGE(1.0),Average annual wages,I,ISL,Iceland,WG,Wages,USD_PPP,"US dollars, PPP converted",A,Annual,Q,Constant prices,MEAN,Mean,_Z,Not applicable,2007,,82985.67,,2024,,A,Normal value,0,Units,0,Zero
DATAFLOW,OECD.ELS.SAE:DSD_EARNINGS@AV_AN_WAGE(1.0),Average annual wages,I,ISL,Iceland,WG,Wages,USD_PPP,"US dollars, PPP converted",A,Annual,Q,Constant prices,MEAN,Mean,_Z,Not applicable,2008,,73566.242,,2024,,A,Normal value,0,Units,0,Zero
DATAFLOW,OECD.ELS.SAE:DSD_EARNINGS@AV_AN_WAGE(1.0),Average annual wages,I,ISL,Iceland,WG,Wages,USD_PPP,"US dollars, PPP converted",A,Annual,Q,Constant prices,MEAN,Mean,_Z,Not applicable,2009,,62183.343,,2024,,A,Normal value,0,Units,0,Zero
DATAFLOW,OECD.ELS.SAE:DSD_EARNINGS@AV_AN_WAGE(1.0),Average annual wages,I,ISL,Iceland,WG,Wages,USD_PPP,"US dollars, PPP converted",A,Annual,Q,Constant prices,MEAN,Mean,_Z,Not applicable,2010,,64060.544,,2024,,A,Normal value,0,Units,0,Zero
DATAFLOW,OECD.ELS.SAE:DSD_EARNINGS@AV_AN_WAGE(1.0),Average annual wages,I,ISL,Iceland,WG,Wages,USD_PPP,"US dollars, PPP converted",A,Annual,Q,Constant prices,MEAN,Mean,_Z,Not applicable,2011,,66793.687,,2024,,A,Normal value,0,Units,0,Zero
DATAFLOW,OECD.ELS.SAE:DSD_EARNINGS@AV_AN_WAGE(1.0),Average annual wages,I,ISL,Iceland,WG,Wages,USD_PPP,"US dollars, PPP converted",A,Annual,Q,Constant prices,MEAN,Mean,_Z,Not applicable,2012,,66427.118,,2024,,A,Normal value,0,Units,0,Zero
DATAFLOW,OECD.ELS.SAE:DSD_EARNINGS@AV_AN_WAGE(1.0),Average annual wages,I,ISL,Iceland,WG,Wages,USD_PPP,"US dollars, PPP converted",A,Annual,Q,Constant prices,MEAN,Mean,_Z,Not applicable,2013,,67427.785,,2024,,A,Normal value,0,Units,0,Zero
DATAFLOW,OECD.ELS.SAE:DSD_EARNINGS@AV_AN_WAGE(1.0),Average annual wages,I,ISL,Iceland,WG,Wages,USD_PPP,"US dollars, PPP converted",A,Annual,Q,Constant prices,MEAN,Mean,_Z,Not applicable,2014,,68381.198,,2024,,A,Normal value,0,Units,0,Zero
DATAFLOW,OECD.ELS.SAE:DSD_EARNINGS@AV_AN_WAGE(1.0),Average annual wages,I,ISL,Iceland,WG,Wages,USD_PPP,"US dollars, PPP converted",A,Annual,Q,Constant prices,MEAN,Mean,_Z,Not applicable,2015,,72888.166,,2024,,A,Normal value,0,Units,0,Zero
DATAFLOW,OECD.ELS.SAE:DSD_EARNINGS@AV_AN_WAGE(1.0),Average annual wages,I,ISL,Iceland,WG,Wages,USD_PPP,"US dollars, PPP converted",A,Annual,Q,Constant prices,MEAN,Mean,_Z,Not applicable,2016,,78720.857,,2024,,A,Normal value,0,Units,0,Zero
DATAFLOW,OECD.ELS.SAE:DSD_EARNINGS@AV_AN_WAGE(1.0),Average annual wages,I,ISL,Iceland,WG,Wages,USD_PPP,"US dollars, PPP converted",A,Annual,Q,Constant prices,MEAN,Mean,_Z,Not applicable,2017,,86214.703,,2024,,A,Normal value,0,Units,0,Zero
DATAFLOW,OECD.ELS.SAE:DSD_EARNINGS@AV_AN_WAGE(1.0),Average annual wages,I,ISL,Iceland,WG,Wages,USD_PPP,"US dollars, PPP converted",A,Annual,Q,Constant prices,MEAN,Mean,_Z,Not applicable,2018,,91021.622,,2024,,A,Normal value,0,Units,0,Zero
DATAFLOW,OECD.ELS.SAE:DSD_EARNINGS@AV_AN_WAGE(1.0),Average annual wages,I,ISL,Iceland,WG,Wages,USD_PPP,"US dollars, PPP converted",A,Annual,Q,Constant prices,MEAN,Mean,_Z,Not applicable,2019,,88097.742,,2024,,A,Normal value,0,Units,0,Zero
DATAFLOW,OECD.ELS.SAE:DSD_EARNINGS@AV_AN_WAGE(1.0),Average annual wages,I,ISL,Iceland,WG,Wages,USD_PPP,"US dollars, PPP converted",A,Annual,Q,Constant prices,MEAN,Mean,_Z,Not applicable,2020,,82713.41,,2024,,A,Normal value,0,Units,0,Zero
DATAFLOW,OECD.ELS.SAE:DSD_EARNINGS@AV_AN_WAGE(1.0),Average annual wages,I,ISL,Iceland,WG,Wages,USD_PPP,"US dollars, PPP converted",A,Annual,Q,Constant prices,MEAN,Mean,_Z,Not applicable,2021,,86206.495,,2024,,A,Normal value,0,Units,0,Zero
DATAFLOW,OECD.ELS.SAE:DSD_EARNINGS@AV_AN_WAGE(1.0),Average annual wages,I,ISL,Iceland,WG,Wages,USD_PPP,"US dollars, PPP converted",A,Annual,Q,Constant prices,MEAN,Mean,_Z,Not applicable,2022,,92240.416,,2024,,A,Normal value,0,Units,0,Zero
DATAFLOW,OECD.ELS.SAE:DSD_EARNINGS@AV_AN_WAGE(1.0),Average annual wages,I,ISL,Iceland,WG,Wages,USD_PPP,"US dollars, PPP converted",A,Annual,Q,Constant prices,MEAN,Mean,_Z,Not applicable,2023,,89721.349,,2024,,A,Normal value,0,Units,0,Zero
DATAFLOW,OECD.ELS.SAE:DSD_EARNINGS@AV_AN_WAGE(1.0),Average annual wages,I,ISL,Iceland,WG,Wages,USD_PPP,"US dollars, PPP converted",A,Annual,Q,Constant prices,MEAN,Mean,_Z,Not applicable,2024,,89946.906,,2024,,A,Normal value,0,Units,0,Zero
DATAFLOW,OECD.ELS.SAE:DSD_EARNINGS@AV_AN_WAGE(1.0),Average annual wages,I,IRL,Ireland,WG,Wages,USD_PPP,"US dollars, PPP converted",A,Annual,Q,Constant prices,MEAN,Mean,_Z,Not applicable,1990,,32356.28,,2024,,A,Normal value,0,Units,0,Zero
DATAFLOW,OECD.ELS.SAE:DSD_EARNINGS@AV_AN_WAGE(1.0),Average annual wages,I,IRL,Ireland,WG,Wages,USD_PPP,"US dollars, PPP converted",A,Annual,Q,Constant prices,MEAN,Mean,_Z,Not applicable,1991,,33693.148,,2024,,A,Normal value,0,Units,0,Zero
DATAFLOW,OECD.ELS.SAE:DSD_EARNINGS@AV_AN_WAGE(1.0),Average annual wages,I,IRL,Ireland,WG,Wages,USD_PPP,"US dollars, PPP converted",A,Annual,Q,Constant prices,MEAN,Mean,_Z,Not applicable,1992,,35097.069,,2024,,A,Normal value,0,Units,0,Zero
DATAFLOW,OECD.ELS.SAE:DSD_EARNINGS@AV_AN_WAGE(1.0),Average annual wages,I,IRL,Ireland,WG,Wages,USD_PPP,"US dollars, PPP converted",A,Annual,Q,Constant prices,MEAN,Mean,_Z,Not applicable,1993,,36834.387,,2024,,A,Normal value,0,Units,0,Zero
DATAFLOW,OECD.ELS.SAE:DSD_EARNINGS@AV_AN_WAGE(1.0),Average annual wages,I,IRL,Ireland,WG,Wages,USD_PPP,"US dollars, PPP converted",A,Annual,Q,Constant prices,MEAN,Mean,_Z,Not applicable,1994,,37074.827,,2024,,A,Normal value,0,Units,0,Zero
DATAFLOW,OECD.ELS.SAE:DSD_EARNINGS@AV_AN_WAGE(1.0),Average annual wages,I,IRL,Ireland,WG,Wages,USD_PPP,"US dollars, PPP converted",A,Annual,Q,Constant prices,MEAN,Mean,_Z,Not applicable,1995,,37733.007,,2024,,A,Normal value,0,Units,0,Zero
DATAFLOW,OECD.ELS.SAE:DSD_EARNINGS@AV_AN_WAGE(1.0),Average annual wages,I,IRL,Ireland,WG,Wages,USD_PPP,"US dollars, PPP converted",A,Annual,Q,Constant prices,MEAN,Mean,_Z,Not applicable,1996,,39040.753,,2024,,A,Normal value,0,Units,0,Zero
DATAFLOW,OECD.ELS.SAE:DSD_EARNINGS@AV_AN_WAGE(1.0),Average annual wages,I,IRL,Ireland,WG,Wages,USD_PPP,"US dollars, PPP converted",A,Annual,Q,Constant prices,MEAN,Mean,_Z,Not applicable,1997,,41698.714,,2024,,A,Normal value,0,Units,0,Zero
DATAFLOW,OECD.ELS.SAE:DSD_EARNINGS@AV_AN_WAGE(1.0),Average annual wages,I,IRL,Ireland,WG,Wages,USD_PPP,"US dollars, PPP converted",A,Annual,Q,Constant prices,MEAN,Mean,_Z,Not applicable,1998,,43865.96,,2024,,A,Normal value,0,Units,0,Zero
DATAFLOW,OECD.ELS.SAE:DSD_EARNINGS@AV_AN_WAGE(1.0),Average annual wages,I,IRL,Ireland,WG,Wages,USD_PPP,"US dollars, PPP converted",A,Annual,Q,Constant prices,MEAN,Mean,_Z,Not applicable,1999,,44863.102,,2024,,A,Normal value,0,Units,0,Zero
DATAFLOW,OECD.ELS.SAE:DSD_EARNINGS@AV_AN_WAGE(1.0),Average annual wages,I,IRL,Ireland,WG,Wages,USD_PPP,"US dollars, PPP converted",A,Annual,Q,Constant prices,MEAN,Mean,_Z,Not applicable,2000,,45898.423,,2024,,A,Normal value,0,Units,0,Zero
DATAFLOW,OECD.ELS.SAE:DSD_EARNINGS@AV_AN_WAGE(1.0),Average annual wages,I,IRL,Ireland,WG,Wages,USD_PPP,"US dollars, PPP converted",A,Annual,Q,Constant prices,MEAN,Mean,_Z,Not applicable,2001,,47828.407,,2024,,A,Normal value,0,Units,0,Zero
DATAFLOW,OECD.ELS.SAE:DSD_EARNINGS@AV_AN_WAGE(1.0),Average annual wages,I,IRL,Ireland,WG,Wages,USD_PPP,"US dollars, PPP converted",A,Annual,Q,Constant prices,MEAN,Mean,_Z,Not applicable,2002,,48413.556,,2024,,A,Normal value,0,Units,0,Zero
DATAFLOW,OECD.ELS.SAE:DSD_EARNINGS@AV_AN_WAGE(1.0),Average annual wages,I,IRL,Ireland,WG,Wages,USD_PPP,"US dollars, PPP converted",A,Annual,Q,Constant prices,MEAN,Mean,_Z,Not applicable,2003,,49913.956,,2024,,A,Normal value,0,Units,0,Zero
DATAFLOW,OECD.ELS.SAE:DSD_EARNINGS@AV_AN_WAGE(1.0),Average annual wages,I,IRL,Ireland,WG,Wages,USD_PPP,"US dollars, PPP converted",A,Annual,Q,Constant prices,MEAN,Mean,_Z,Not applicable,2004,,51708.12,,2024,,A,Normal value,0,Units,0,Zero
DATAFLOW,OECD.ELS.SAE:DSD_EARNINGS@AV_AN_WAGE(1.0),Average annual wages,I,IRL,Ireland,WG,Wages,USD_PPP,"US dollars, PPP converted",A,Annual,Q,Constant prices,MEAN,Mean,_Z,Not applicable,2005,,53861.177,,2024,,A,Normal value,0,Units,0,Zero
DATAFLOW,OECD.ELS.SAE:DSD_EARNINGS@AV_AN_WAGE(1.0),Average annual wages,I,IRL,Ireland,WG,Wages,USD_PPP,"US dollars, PPP converted",A,Annual,Q,Constant prices,MEAN,Mean,_Z,Not applicable,2006,,54288.467,,2024,,A,Normal value,0,Units,0,Zero
DATAFLOW,OECD.ELS.SAE:DSD_EARNINGS@AV_AN_WAGE(1.0),Average annual wages,I,IRL,Ireland,WG,Wages,USD_PPP,"US dollars, PPP converted",A,Annual,Q,Constant prices,MEAN,Mean,_Z,Not applicable,2007,,55888.29,,2024,,A,Normal value,0,Units,0,Zero
DATAFLOW,OECD.ELS.SAE:DSD_EARNINGS@AV_AN_WAGE(1.0),Average annual wages,I,IRL,Ireland,WG,Wages,USD_PPP,"US dollars, PPP converted",A,Annual,Q,Constant prices,MEAN,Mean,_Z,Not applicable,2008,,58373.039,,2024,,A,Normal value,0,Units,0,Zero
DATAFLOW,OECD.ELS.SAE:DSD_EARNINGS@AV_AN_WAGE(1.0),Average annual wages,I,IRL,Ireland,WG,Wages,USD_PPP,"US dollars, PPP converted",A,Annual,Q,Constant prices,MEAN,Mean,_Z,Not applicable,2009,,64061.323,,2024,,A,Normal value,0,Units,0,Zero
DATAFLOW,OECD.ELS.SAE:DSD_EARNINGS@AV_AN_WAGE(1.0),Average annual wages,I,IRL,Ireland,WG,Wages,USD_PPP,"US dollars, PPP converted",A,Annual,Q,Constant prices,MEAN,Mean,_Z,Not applicable,2010,,64335.697,,2024,,A,Normal value,0,Units,0,Zero
DATAFLOW,OECD.ELS.SAE:DSD_EARNINGS@AV_AN_WAGE(1.0),Average annual wages,I,IRL,Ireland,WG,Wages,USD_PPP,"US dollars, PPP converted",A,Annual,Q,Constant prices,MEAN,Mean,_Z,Not applicable,2011,,63412.573,,2024,,A,Normal value,0,Units,0,Zero
DATAFLOW,OECD.ELS.SAE:DSD_EARNINGS@AV_AN_WAGE(1.0),Average annual wages,I,IRL,Ireland,WG,Wages,USD_PPP,"US dollars, PPP converted",A,Annual,Q,Constant prices,MEAN,Mean,_Z,Not applicable,2012,,62869.758,,2024,,A,Normal value,0,Units,0,Zero
DATAFLOW,OECD.ELS.SAE:DSD_EARNINGS@AV_AN_WAGE(1.0),Average annual wages,I,IRL,Ireland,WG,Wages,USD_PPP,"US dollars, PPP converted",A,Annual,Q,Constant prices,MEAN,Mean,_Z,Not applicable,2013,,61470.405,,2024,,A,Normal value,0,Units,0,Zero
DATAFLOW,OECD.ELS.SAE:DSD_EARNINGS@AV_AN_WAGE(1.0),Average annual wages,I,IRL,Ireland,WG,Wages,USD_PPP,"US dollars, PPP converted",A,Annual,Q,Constant prices,MEAN,Mean,_Z,Not applicable,2014,,60949.836,,2024,,A,Normal value,0,Units,0,Zero
DATAFLOW,OECD.ELS.SAE:DSD_EARNINGS@AV_AN_WAGE(1.0),Average annual wages,I,IRL,Ireland,WG,Wages,USD_PPP,"US dollars, PPP converted",A,Annual,Q,Constant prices,MEAN,Mean,_Z,Not applicable,2015,,60933.287,,2024,,A,Normal value,0,Units,0,Zero
DATAFLOW,OECD.ELS.SAE:DSD_EARNINGS@AV_AN_WAGE(1.0),Average annual wages,I,IRL,Ireland,WG,Wages,USD_PPP,"US dollars, PPP converted",A,Annual,Q,Constant prices,MEAN,Mean,_Z,Not applicable,2016,,61730.604,,2024,,A,Normal value,0,Units,0,Zero
DATAFLOW,OECD.ELS.SAE:DSD_EARNINGS@AV_AN_WAGE(1.0),Average annual wages,I,IRL,Ireland,WG,Wages,USD_PPP,"US dollars, PPP converted",A,Annual,Q,Constant prices,MEAN,Mean,_Z,Not applicable,2017,,62480.204,,2024,,A,Normal value,0,Units,0,Zero
DATAFLOW,OECD.ELS.SAE:DSD_EARNINGS@AV_AN_WAGE(1.0),Average annual wages,I,IRL,Ireland,WG,Wages,USD_PPP,"US dollars, PPP converted",A,Annual,Q,Constant prices,MEAN,Mean,_Z,Not applicable,2018,,63347.332,,2024,,A,Normal value,0,Units,0,Zero
DATAFLOW,OECD.ELS.SAE:DSD_EARNINGS@AV_AN_WAGE(1.0),Average annual wages,I,IRL,Ireland,WG,Wages,USD_PPP,"US dollars, PPP converted",A,Annual,Q,Constant prices,MEAN,Mean,_Z,Not applicable,2019,,64344.194,,2024,,A,Normal value,0,Units,0,Zero
DATAFLOW,OECD.ELS.SAE:DSD_EARNINGS@AV_AN_WAGE(1.0),Average annual wages,I,IRL,Ireland,WG,Wages,USD_PPP,"US dollars, PPP converted",A,Annual,Q,Constant prices,MEAN,Mean,_Z,Not applicable,2020,,65332.968,,2024,,A,Normal value,0,Units,0,Zero
DATAFLOW,OECD.ELS.SAE:DSD_EARNINGS@AV_AN_WAGE(1.0),Average annual wages,I,IRL,Ireland,WG,Wages,USD_PPP,"US dollars, PPP converted",A,Annual,Q,Constant prices,MEAN,Mean,_Z,Not applicable,2021,,64711.861,,2024,,A,Normal value,0,Units,0,Zero
DATAFLOW,OECD.ELS.SAE:DSD_EARNINGS@AV_AN_WAGE(1.0),Average annual wages,I,IRL,Ireland,WG,Wages,USD_PPP,"US dollars, PPP converted",A,Annual,Q,Constant prices,MEAN,Mean,_Z,Not applicable,2022,,62339.33,,2024,,A,Normal value,0,Units,0,Zero
DATAFLOW,OECD.ELS.SAE:DSD_EARNINGS@AV_AN_WAGE(1.0),Average annual wages,I,IRL,Ireland,WG,Wages,USD_PPP,"US dollars, PPP converted",A,Annual,Q,Constant prices,MEAN,Mean,_Z,Not applicable,2023,,60608.14,,2024,,A,Normal value,0,Units,0,Zero
DATAFLOW,OECD.ELS.SAE:DSD_EARNINGS@AV_AN_WAGE(1.0),Average annual wages,I,IRL,Ireland,WG,Wages,USD_PPP,"US dollars, PPP converted",A,Annual,Q,Constant prices,MEAN,Mean,_Z,Not applicable,2024,,60430.786,,2024,,A,Normal value,0,Units,0,Zero
DATAFLOW,OECD.ELS.SAE:DSD_EARNINGS@AV_AN_WAGE(1.0),Average annual wages,I,ISR,Israel,WG,Wages,USD_PPP,"US dollars, PPP converted",A,Annual,Q,Constant prices,MEAN,Mean,_Z,Not applicable,1995,,40236.967,,2024,,A,Normal value,0,Units,0,Zero
DATAFLOW,OECD.ELS.SAE:DSD_EARNINGS@AV_AN_WAGE(1.0),Average annual wages,I,ISR,Israel,WG,Wages,USD_PPP,"US dollars, PPP converted",A,Annual,Q,Constant prices,MEAN,Mean,_Z,Not applicable,1996,,43743.273,,2024,,A,Normal value,0,Units,0,Zero
DATAFLOW,OECD.ELS.SAE:DSD_EARNINGS@AV_AN_WAGE(1.0),Average annual wages,I,ISR,Israel,WG,Wages,USD_PPP,"US dollars, PPP converted",A,Annual,Q,Constant prices,MEAN,Mean,_Z,Not applicable,1997,,44961.602,,2024,,A,Normal value,0,Units,0,Zero
DATAFLOW,OECD.ELS.SAE:DSD_EARNINGS@AV_AN_WAGE(1.0),Average annual wages,I,ISR,Israel,WG,Wages,USD_PPP,"US dollars, PPP converted",A,Annual,Q,Constant prices,MEAN,Mean,_Z,Not applicable,1998,,46698.051,,2024,,A,Normal value,0,Units,0,Zero
DATAFLOW,OECD.ELS.SAE:DSD_EARNINGS@AV_AN_WAGE(1.0),Average annual wages,I,ISR,Israel,WG,Wages,USD_PPP,"US dollars, PPP converted",A,Annual,Q,Constant prices,MEAN,Mean,_Z,Not applicable,1999,,47629.233,,2024,,A,Normal value,0,Units,0,Zero
DATAFLOW,OECD.ELS.SAE:DSD_EARNINGS@AV_AN_WAGE(1.0),Average annual wages,I,ISR,Israel,WG,Wages,USD_PPP,"US dollars, PPP converted",A,Annual,Q,Constant prices,MEAN,Mean,_Z,Not applicable,2000,,49303.745,,2024,,A,Normal value,0,Units,0,Zero
DATAFLOW,OECD.ELS.SAE:DSD_EARNINGS@AV_AN_WAGE(1.0),Average annual wages,I,ISR,Israel,WG,Wages,USD_PPP,"US dollars, PPP converted",A,Annual,Q,Constant prices,MEAN,Mean,_Z,Not applicable,2001,,50688.554,,2024,,A,Normal value,0,Units,0,Zero
DATAFLOW,OECD.ELS.SAE:DSD_EARNINGS@AV_AN_WAGE(1.0),Average annual wages,I,ISR,Israel,WG,Wages,USD_PPP,"US dollars, PPP converted",A,Annual,Q,Constant prices,MEAN,Mean,_Z,Not applicable,2002,,48627.023,,2024,,A,Normal value,0,Units,0,Zero
DATAFLOW,OECD.ELS.SAE:DSD_EARNINGS@AV_AN_WAGE(1.0),Average annual wages,I,ISR,Israel,WG,Wages,USD_PPP,"US dollars, PPP converted",A,Annual,Q,Constant prices,MEAN,Mean,_Z,Not applicable,2003,,47206.55,,2024,,A,Normal value,0,Units,0,Zero
DATAFLOW,OECD.ELS.SAE:DSD_EARNINGS@AV_AN_WAGE(1.0),Average annual wages,I,ISR,Israel,WG,Wages,USD_PPP,"US dollars, PPP converted",A,Annual,Q,Constant prices,MEAN,Mean,_Z,Not applicable,2004,,46496.539,,2024,,A,Normal value,0,Units,0,Zero
DATAFLOW,OECD.ELS.SAE:DSD_EARNINGS@AV_AN_WAGE(1.0),Average annual wages,I,ISR,Israel,WG,Wages,USD_PPP,"US dollars, PPP converted",A,Annual,Q,Constant prices,MEAN,Mean,_Z,Not applicable,2005,,46413.157,,2024,,A,Normal value,0,Units,0,Zero
DATAFLOW,OECD.ELS.SAE:DSD_EARNINGS@AV_AN_WAGE(1.0),Average annual wages,I,ISR,Israel,WG,Wages,USD_PPP,"US dollars, PPP converted",A,Annual,Q,Constant prices,MEAN,Mean,_Z,Not applicable,2006,,47608.336,,2024,,A,Normal value,0,Units,0,Zero
DATAFLOW,OECD.ELS.SAE:DSD_EARNINGS@AV_AN_WAGE(1.0),Average annual wages,I,ISR,Israel,WG,Wages,USD_PPP,"US dollars, PPP converted",A,Annual,Q,Constant prices,MEAN,Mean,_Z,Not applicable,2007,,48083.278,,2024,,A,Normal value,0,Units,0,Zero
DATAFLOW,OECD.ELS.SAE:DSD_EARNINGS@AV_AN_WAGE(1.0),Average annual wages,I,ISR,Israel,WG,Wages,USD_PPP,"US dollars, PPP converted",A,Annual,Q,Constant prices,MEAN,Mean,_Z,Not applicable,2008,,47304.286,,2024,,A,Normal value,0,Units,0,Zero
DATAFLOW,OECD.ELS.SAE:DSD_EARNINGS@AV_AN_WAGE(1.0),Average annual wages,I,ISR,Israel,WG,Wages,USD_PPP,"US dollars, PPP converted",A,Annual,Q,Constant prices,MEAN,Mean,_Z,Not applicable,2009,,45930.937,,2024,,A,Normal value,0,Units,0,Zero
DATAFLOW,OECD.ELS.SAE:DSD_EARNINGS@AV_AN_WAGE(1.0),Average annual wages,I,ISR,Israel,WG,Wages,USD_PPP,"US dollars, PPP converted",A,Annual,Q,Constant prices,MEAN,Mean,_Z,Not applicable,2010,,46050.491,,2024,,A,Normal value,0,Units,0,Zero
DATAFLOW,OECD.ELS.SAE:DSD_EARNINGS@AV_AN_WAGE(1.0),Average annual wages,I,ISR,Israel,WG,Wages,USD_PPP,"US dollars, PPP converted",A,Annual,Q,Constant prices,MEAN,Mean,_Z,Not applicable,2011,,46450.323,,2024,,A,Normal value,0,Units,0,Zero
DATAFLOW,OECD.ELS.SAE:DSD_EARNINGS@AV_AN_WAGE(1.0),Average annual wages,I,ISR,Israel,WG,Wages,USD_PPP,"US dollars, PPP converted",A,Annual,Q,Constant prices,MEAN,Mean,_Z,Not applicable,2012,,43666.356,,2024,,A,Normal value,0,Units,0,Zero
DATAFLOW,OECD.ELS.SAE:DSD_EARNINGS@AV_AN_WAGE(1.0),Average annual wages,I,ISR,Israel,WG,Wages,USD_PPP,"US dollars, PPP converted",A,Annual,Q,Constant prices,MEAN,Mean,_Z,Not applicable,2013,,43789.931,,2024,,A,Normal value,0,Units,0,Zero
DATAFLOW,OECD.ELS.SAE:DSD_EARNINGS@AV_AN_WAGE(1.0),Average annual wages,I,ISR,Israel,WG,Wages,USD_PPP,"US dollars, PPP converted",A,Annual,Q,Constant prices,MEAN,Mean,_Z,Not applicable,2014,,44091.88,,2024,,A,Normal value,0,Units,0,Zero
DATAFLOW,OECD.ELS.SAE:DSD_EARNINGS@AV_AN_WAGE(1.0),Average annual wages,I,ISR,Israel,WG,Wages,USD_PPP,"US dollars, PPP converted",A,Annual,Q,Constant prices,MEAN,Mean,_Z,Not applicable,2015,,45519.095,,2024,,A,Normal value,0,Units,0,Zero
DATAFLOW,OECD.ELS.SAE:DSD_EARNINGS@AV_AN_WAGE(1.0),Average annual wages,I,ISR,Israel,WG,Wages,USD_PPP,"US dollars, PPP converted",A,Annual,Q,Constant prices,MEAN,Mean,_Z,Not applicable,2016,,47392.896,,2024,,A,Normal value,0,Units,0,Zero
DATAFLOW,OECD.ELS.SAE:DSD_EARNINGS@AV_AN_WAGE(1.0),Average annual wages,I,ISR,Israel,WG,Wages,USD_PPP,"US dollars, PPP converted",A,Annual,Q,Constant prices,MEAN,Mean,_Z,Not applicable,2017,,48888.35,,2024,,A,Normal value,0,Units,0,Zero
DATAFLOW,OECD.ELS.SAE:DSD_EARNINGS@AV_AN_WAGE(1.0),Average annual wages,I,ISR,Israel,WG,Wages,USD_PPP,"US dollars, PPP converted",A,Annual,Q,Constant prices,MEAN,Mean,_Z,Not applicable,2018,,50463.154,,2024,,A,Normal value,0,Units,0,Zero
DATAFLOW,OECD.ELS.SAE:DSD_EARNINGS@AV_AN_WAGE(1.0),Average annual wages,I,ISR,Israel,WG,Wages,USD_PPP,"US dollars, PPP converted",A,Annual,Q,Constant prices,MEAN,Mean,_Z,Not applicable,2019,,51594.618,,2024,,A,Normal value,0,Units,0,Zero
DATAFLOW,OECD.ELS.SAE:DSD_EARNINGS@AV_AN_WAGE(1.0),Average annual wages,I,ISR,Israel,WG,Wages,USD_PPP,"US dollars, PPP converted",A,Annual,Q,Constant prices,MEAN,Mean,_Z,Not applicable,2020,,51659.105,,2024,,A,Normal value,0,Units,0,Zero
DATAFLOW,OECD.ELS.SAE:DSD_EARNINGS@AV_AN_WAGE(1.0),Average annual wages,I,ISR,Israel,WG,Wages,USD_PPP,"US dollars, PPP converted",A,Annual,Q,Constant prices,MEAN,Mean,_Z,Not applicable,2021,,54409.394,,2024,,A,Normal value,0,Units,0,Zero
DATAFLOW,OECD.ELS.SAE:DSD_EARNINGS@AV_AN_WAGE(1.0),Average annual wages,I,ISR,Israel,WG,Wages,USD_PPP,"US dollars, PPP converted",A,Annual,Q,Constant prices,MEAN,Mean,_Z,Not applicable,2022,,54890.211,,2024,,A,Normal value,0,Units,0,Zero
DATAFLOW,OECD.ELS.SAE:DSD_EARNINGS@AV_AN_WAGE(1.0),Average annual wages,I,ISR,Israel,WG,Wages,USD_PPP,"US dollars, PPP converted",A,Annual,Q,Constant prices,MEAN,Mean,_Z,Not applicable,2023,,54854.049,,2024,,A,Normal value,0,Units,0,Zero
DATAFLOW,OECD.ELS.SAE:DSD_EARNINGS@AV_AN_WAGE(1.0),Average annual wages,I,ISR,Israel,WG,Wages,USD_PPP,"US dollars, PPP converted",A,Annual,Q,Constant prices,MEAN,Mean,_Z,Not applicable,2024,,54736.243,,2024,,A,Normal value,0,Units,0,Zero
DATAFLOW,OECD.ELS.SAE:DSD_EARNINGS@AV_AN_WAGE(1.0),Average annual wages,I,ITA,Italy,WG,Wages,USD_PPP,"US dollars, PPP converted",A,Annual,Q,Constant prices,MEAN,Mean,_Z,Not applicable,1990,,51862.518,,2024,,A,Normal value,0,Units,0,Zero
DATAFLOW,OECD.ELS.SAE:DSD_EARNINGS@AV_AN_WAGE(1.0),Average annual wages,I,ITA,Italy,WG,Wages,USD_PPP,"US dollars, PPP converted",A,Annual,Q,Constant prices,MEAN,Mean,_Z,Not applicable,1991,,52298.221,,2024,,A,Normal value,0,Units,0,Zero
DATAFLOW,OECD.ELS.SAE:DSD_EARNINGS@AV_AN_WAGE(1.0),Average annual wages,I,ITA,Italy,WG,Wages,USD_PPP,"US dollars, PPP converted",A,Annual,Q,Constant prices,MEAN,Mean,_Z,Not applicable,1992,,52247.591,,2024,,A,Normal value,0,Units,0,Zero
DATAFLOW,OECD.ELS.SAE:DSD_EARNINGS@AV_AN_WAGE(1.0),Average annual wages,I,ITA,Italy,WG,Wages,USD_PPP,"US dollars, PPP converted",A,Annual,Q,Constant prices,MEAN,Mean,_Z,Not applicable,1993,,51442.805,,2024,,A,Normal value,0,Units,0,Zero
DATAFLOW,OECD.ELS.SAE:DSD_EARNINGS@AV_AN_WAGE(1.0),Average annual wages,I,ITA,Italy,WG,Wages,USD_PPP,"US dollars, PPP converted",A,Annual,Q,Constant prices,MEAN,Mean,_Z,Not applicable,1994,,50776.649,,2024,,A,Normal value,0,Units,0,Zero
DATAFLOW,OECD.ELS.SAE:DSD_EARNINGS@AV_AN_WAGE(1.0),Average annual wages,I,ITA,Italy,WG,Wages,USD_PPP,"US dollars, PPP converted",A,Annual,Q,Constant prices,MEAN,Mean,_Z,Not applicable,1995,,49665.009,,2024,,A,Normal value,0,Units,0,Zero
DATAFLOW,OECD.ELS.SAE:DSD_EARNINGS@AV_AN_WAGE(1.0),Average annual wages,I,ITA,Italy,WG,Wages,USD_PPP,"US dollars, PPP converted",A,Annual,Q,Constant prices,MEAN,Mean,_Z,Not applicable,1996,,50057.414,,2024,,A,Normal value,0,Units,0,Zero
DATAFLOW,OECD.ELS.SAE:DSD_EARNINGS@AV_AN_WAGE(1.0),Average annual wages,I,ITA,Italy,WG,Wages,USD_PPP,"US dollars, PPP converted",A,Annual,Q,Constant prices,MEAN,Mean,_Z,Not applicable,1997,,51494.589,,2024,,A,Normal value,0,Units,0,Zero
DATAFLOW,OECD.ELS.SAE:DSD_EARNINGS@AV_AN_WAGE(1.0),Average annual wages,I,ITA,Italy,WG,Wages,USD_PPP,"US dollars, PPP converted",A,Annual,Q,Constant prices,MEAN,Mean,_Z,Not applicable,1998,,51658.746,,2024,,A,Normal value,0,Units,0,Zero
DATAFLOW,OECD.ELS.SAE:DSD_EARNINGS@AV_AN_WAGE(1.0),Average annual wages,I,ITA,Italy,WG,Wages,USD_PPP,"US dollars, PPP converted",A,Annual,Q,Constant prices,MEAN,Mean,_Z,Not applicable,1999,,52246.719,,2024,,A,Normal value,0,Units,0,Zero
DATAFLOW,OECD.ELS.SAE:DSD_EARNINGS@AV_AN_WAGE(1.0),Average annual wages,I,ITA,Italy,WG,Wages,USD_PPP,"US dollars, PPP converted",A,Annual,Q,Constant prices,MEAN,Mean,_Z,Not applicable,2000,,52237.08,,2024,,A,Normal value,0,Units,0,Zero
DATAFLOW,OECD.ELS.SAE:DSD_EARNINGS@AV_AN_WAGE(1.0),Average annual wages,I,ITA,Italy,WG,Wages,USD_PPP,"US dollars, PPP converted",A,Annual,Q,Constant prices,MEAN,Mean,_Z,Not applicable,2001,,52604.347,,2024,,A,Normal value,0,Units,0,Zero
DATAFLOW,OECD.ELS.SAE:DSD_EARNINGS@AV_AN_WAGE(1.0),Average annual wages,I,ITA,Italy,WG,Wages,USD_PPP,"US dollars, PPP converted",A,Annual,Q,Constant prices,MEAN,Mean,_Z,Not applicable,2002,,52231.424,,2024,,A,Normal value,0,Units,0,Zero
DATAFLOW,OECD.ELS.SAE:DSD_EARNINGS@AV_AN_WAGE(1.0),Average annual wages,I,ITA,Italy,WG,Wages,USD_PPP,"US dollars, PPP converted",A,Annual,Q,Constant prices,MEAN,Mean,_Z,Not applicable,2003,,52092.742,,2024,,A,Normal value,0,Units,0,Zero
DATAFLOW,OECD.ELS.SAE:DSD_EARNINGS@AV_AN_WAGE(1.0),Average annual wages,I,ITA,Italy,WG,Wages,USD_PPP,"US dollars, PPP converted",A,Annual,Q,Constant prices,MEAN,Mean,_Z,Not applicable,2004,,53082.932,,2024,,A,Normal value,0,Units,0,Zero
DATAFLOW,OECD.ELS.SAE:DSD_EARNINGS@AV_AN_WAGE(1.0),Average annual wages,I,ITA,Italy,WG,Wages,USD_PPP,"US dollars, PPP converted",A,Annual,Q,Constant prices,MEAN,Mean,_Z,Not applicable,2005,,53804.76,,2024,,A,Normal value,0,Units,0,Zero
DATAFLOW,OECD.ELS.SAE:DSD_EARNINGS@AV_AN_WAGE(1.0),Average annual wages,I,ITA,Italy,WG,Wages,USD_PPP,"US dollars, PPP converted",A,Annual,Q,Constant prices,MEAN,Mean,_Z,Not applicable,2006,,54145.431,,2024,,A,Normal value,0,Units,0,Zero
DATAFLOW,OECD.ELS.SAE:DSD_EARNINGS@AV_AN_WAGE(1.0),Average annual wages,I,ITA,Italy,WG,Wages,USD_PPP,"US dollars, PPP converted",A,Annual,Q,Constant prices,MEAN,Mean,_Z,Not applicable,2007,,54117.354,,2024,,A,Normal value,0,Units,0,Zero
DATAFLOW,OECD.ELS.SAE:DSD_EARNINGS@AV_AN_WAGE(1.0),Average annual wages,I,ITA,Italy,WG,Wages,USD_PPP,"US dollars, PPP converted",A,Annual,Q,Constant prices,MEAN,Mean,_Z,Not applicable,2008,,54044.753,,2024,,A,Normal value,0,Units,0,Zero
DATAFLOW,OECD.ELS.SAE:DSD_EARNINGS@AV_AN_WAGE(1.0),Average annual wages,I,ITA,Italy,WG,Wages,USD_PPP,"US dollars, PPP converted",A,Annual,Q,Constant prices,MEAN,Mean,_Z,Not applicable,2009,,54458.768,,2024,,A,Normal value,0,Units,0,Zero
DATAFLOW,OECD.ELS.SAE:DSD_EARNINGS@AV_AN_WAGE(1.0),Average annual wages,I,ITA,Italy,WG,Wages,USD_PPP,"US dollars, PPP converted",A,Annual,Q,Constant prices,MEAN,Mean,_Z,Not applicable,2010,,54924.154,,2024,,A,Normal value,0,Units,0,Zero
DATAFLOW,OECD.ELS.SAE:DSD_EARNINGS@AV_AN_WAGE(1.0),Average annual wages,I,ITA,Italy,WG,Wages,USD_PPP,"US dollars, PPP converted",A,Annual,Q,Constant prices,MEAN,Mean,_Z,Not applicable,2011,,54047.93,,2024,,A,Normal value,0,Units,0,Zero
DATAFLOW,OECD.ELS.SAE:DSD_EARNINGS@AV_AN_WAGE(1.0),Average annual wages,I,ITA,Italy,WG,Wages,USD_PPP,"US dollars, PPP converted",A,Annual,Q,Constant prices,MEAN,Mean,_Z,Not applicable,2012,,52332.384,,2024,,A,Normal value,0,Units,0,Zero
DATAFLOW,OECD.ELS.SAE:DSD_EARNINGS@AV_AN_WAGE(1.0),Average annual wages,I,ITA,Italy,WG,Wages,USD_PPP,"US dollars, PPP converted",A,Annual,Q,Constant prices,MEAN,Mean,_Z,Not applicable,2013,,52503.553,,2024,,A,Normal value,0,Units,0,Zero
DATAFLOW,OECD.ELS.SAE:DSD_EARNINGS@AV_AN_WAGE(1.0),Average annual wages,I,ITA,Italy,WG,Wages,USD_PPP,"US dollars, PPP converted",A,Annual,Q,Constant prices,MEAN,Mean,_Z,Not applicable,2014,,52707.893,,2024,,A,Normal value,0,Units,0,Zero
DATAFLOW,OECD.ELS.SAE:DSD_EARNINGS@AV_AN_WAGE(1.0),Average annual wages,I,ITA,Italy,WG,Wages,USD_PPP,"US dollars, PPP converted",A,Annual,Q,Constant prices,MEAN,Mean,_Z,Not applicable,2015,,53164.084,,2024,,A,Normal value,0,Units,0,Zero
DATAFLOW,OECD.ELS.SAE:DSD_EARNINGS@AV_AN_WAGE(1.0),Average annual wages,I,ITA,Italy,WG,Wages,USD_PPP,"US dollars, PPP converted",A,Annual,Q,Constant prices,MEAN,Mean,_Z,Not applicable,2016,,53589.312,,2024,,A,Normal value,0,Units,0,Zero
DATAFLOW,OECD.ELS.SAE:DSD_EARNINGS@AV_AN_WAGE(1.0),Average annual wages,I,ITA,Italy,WG,Wages,USD_PPP,"US dollars, PPP converted",A,Annual,Q,Constant prices,MEAN,Mean,_Z,Not applicable,2017,,53246.292,,2024,,A,Normal value,0,Units,0,Zero
DATAFLOW,OECD.ELS.SAE:DSD_EARNINGS@AV_AN_WAGE(1.0),Average annual wages,I,ITA,Italy,WG,Wages,USD_PPP,"US dollars, PPP converted",A,Annual,Q,Constant prices,MEAN,Mean,_Z,Not applicable,2018,,53306.5,,2024,,A,Normal value,0,Units,0,Zero
DATAFLOW,OECD.ELS.SAE:DSD_EARNINGS@AV_AN_WAGE(1.0),Average annual wages,I,ITA,Italy,WG,Wages,USD_PPP,"US dollars, PPP converted",A,Annual,Q,Constant prices,MEAN,Mean,_Z,Not applicable,2019,,53572.199,,2024,,A,Normal value,0,Units,0,Zero
DATAFLOW,OECD.ELS.SAE:DSD_EARNINGS@AV_AN_WAGE(1.0),Average annual wages,I,ITA,Italy,WG,Wages,USD_PPP,"US dollars, PPP converted",A,Annual,Q,Constant prices,MEAN,Mean,_Z,Not applicable,2020,,51015.812,,2024,,A,Normal value,0,Units,0,Zero
DATAFLOW,OECD.ELS.SAE:DSD_EARNINGS@AV_AN_WAGE(1.0),Average annual wages,I,ITA,Italy,WG,Wages,USD_PPP,"US dollars, PPP converted",A,Annual,Q,Constant prices,MEAN,Mean,_Z,Not applicable,2021,,53317.266,,2024,,A,Normal value,0,Units,0,Zero
DATAFLOW,OECD.ELS.SAE:DSD_EARNINGS@AV_AN_WAGE(1.0),Average annual wages,I,ITA,Italy,WG,Wages,USD_PPP,"US dollars, PPP converted",A,Annual,Q,Constant prices,MEAN,Mean,_Z,Not applicable,2022,,51949.802,,2024,,A,Normal value,0,Units,0,Zero
DATAFLOW,OECD.ELS.SAE:DSD_EARNINGS@AV_AN_WAGE(1.0),Average annual wages,I,ITA,Italy,WG,Wages,USD_PPP,"US dollars, PPP converted",A,Annual,Q,Constant prices,MEAN,Mean,_Z,Not applicable,2023,,50514.489,,2024,,A,Normal value,0,Units,0,Zero
DATAFLOW,OECD.ELS.SAE:DSD_EARNINGS@AV_AN_WAGE(1.0),Average annual wages,I,ITA,Italy,WG,Wages,USD_PPP,"US dollars, PPP converted",A,Annual,Q,Constant prices,MEAN,Mean,_Z,Not applicable,2024,,51018.982,,2024,,A,Normal value,0,Units,0,Zero
DATAFLOW,OECD.ELS.SAE:DSD_EARNINGS@AV_AN_WAGE(1.0),Average annual wages,I,JPN,Japan,WG,Wages,USD_PPP,"US dollars, PPP converted",A,Annual,Q,Constant prices,MEAN,Mean,_Z,Not applicable,1990,,49070.382,,2024,,A,Normal value,0,Units,0,Zero
DATAFLOW,OECD.ELS.SAE:DSD_EARNINGS@AV_AN_WAGE(1.0),Average annual wages,I,JPN,Japan,WG,Wages,USD_PPP,"US dollars, PPP converted",A,Annual,Q,Constant prices,MEAN,Mean,_Z,Not applicable,1991,,49722.027,,2024,,A,Normal value,0,Units,0,Zero
DATAFLOW,OECD.ELS.SAE:DSD_EARNINGS@AV_AN_WAGE(1.0),Average annual wages,I,JPN,Japan,WG,Wages,USD_PPP,"US dollars, PPP converted",A,Annual,Q,Constant prices,MEAN,Mean,_Z,Not applicable,1992,,49790,,2024,,A,Normal value,0,Units,0,Zero
DATAFLOW,OECD.ELS.SAE:DSD_EARNINGS@AV_AN_WAGE(1.0),Average annual wages,I,JPN,Japan,WG,Wages,USD_PPP,"US dollars, PPP converted",A,Annual,Q,Constant prices,MEAN,Mean,_Z,Not applicable,1993,,49407.593,,2024,,A,Normal value,0,Units,0,Zero
DATAFLOW,OECD.ELS.SAE:DSD_EARNINGS@AV_AN_WAGE(1.0),Average annual wages,I,JPN,Japan,WG,Wages,USD_PPP,"US dollars, PPP converted",A,Annual,Q,Constant prices,MEAN,Mean,_Z,Not applicable,1994,,49900.087,,2024,,A,Normal value,0,Units,0,Zero
DATAFLOW,OECD.ELS.SAE:DSD_EARNINGS@AV_AN_WAGE(1.0),Average annual wages,I,JPN,Japan,WG,Wages,USD_PPP,"US dollars, PPP converted",A,Annual,Q,Constant prices,MEAN,Mean,_Z,Not applicable,1995,,50503.681,,2024,,A,Normal value,0,Units,0,Zero
DATAFLOW,OECD.ELS.SAE:DSD_EARNINGS@AV_AN_WAGE(1.0),Average annual wages,I,JPN,Japan,WG,Wages,USD_PPP,"US dollars, PPP converted",A,Annual,Q,Constant prices,MEAN,Mean,_Z,Not applicable,1996,,50709.868,,2024,,A,Normal value,0,Units,0,Zero
DATAFLOW,OECD.ELS.SAE:DSD_EARNINGS@AV_AN_WAGE(1.0),Average annual wages,I,JPN,Japan,WG,Wages,USD_PPP,"US dollars, PPP converted",A,Annual,Q,Constant prices,MEAN,Mean,_Z,Not applicable,1997,,50896.229,,2024,,A,Normal value,0,Units,0,Zero
DATAFLOW,OECD.ELS.SAE:DSD_EARNINGS@AV_AN_WAGE(1.0),Average annual wages,I,JPN,Japan,WG,Wages,USD_PPP,"US dollars, PPP converted",A,Annual,Q,Constant prices,MEAN,Mean,_Z,Not applicable,1998,,50102.359,,2024,,A,Normal value,0,Units,0,Zero
DATAFLOW,OECD.ELS.SAE:DSD_EARNINGS@AV_AN_WAGE(1.0),Average annual wages,I,JPN,Japan,WG,Wages,USD_PPP,"US dollars, PPP converted",A,Annual,Q,Constant prices,MEAN,Mean,_Z,Not applicable,1999,,49627.559,,2024,,A,Normal value,0,Units,0,Zero
DATAFLOW,OECD.ELS.SAE:DSD_EARNINGS@AV_AN_WAGE(1.0),Average annual wages,I,JPN,Japan,WG,Wages,USD_PPP,"US dollars, PPP converted",A,Annual,Q,Constant prices,MEAN,Mean,_Z,Not applicable,2000,,50109.108,,2024,,A,Normal value,0,Units,0,Zero
DATAFLOW,OECD.ELS.SAE:DSD_EARNINGS@AV_AN_WAGE(1.0),Average annual wages,I,JPN,Japan,WG,Wages,USD_PPP,"US dollars, PPP converted",A,Annual,Q,Constant prices,MEAN,Mean,_Z,Not applicable,2001,,49492.671,,2024,,A,Normal value,0,Units,0,Zero
DATAFLOW,OECD.ELS.SAE:DSD_EARNINGS@AV_AN_WAGE(1.0),Average annual wages,I,JPN,Japan,WG,Wages,USD_PPP,"US dollars, PPP converted",A,Annual,Q,Constant prices,MEAN,Mean,_Z,Not applicable,2002,,48458.482,,2024,,A,Normal value,0,Units,0,Zero
DATAFLOW,OECD.ELS.SAE:DSD_EARNINGS@AV_AN_WAGE(1.0),Average annual wages,I,JPN,Japan,WG,Wages,USD_PPP,"US dollars, PPP converted",A,Annual,Q,Constant prices,MEAN,Mean,_Z,Not applicable,2003,,48584.03,,2024,,A,Normal value,0,Units,0,Zero
DATAFLOW,OECD.ELS.SAE:DSD_EARNINGS@AV_AN_WAGE(1.0),Average annual wages,I,JPN,Japan,WG,Wages,USD_PPP,"US dollars, PPP converted",A,Annual,Q,Constant prices,MEAN,Mean,_Z,Not applicable,2004,,49163.656,,2024,,A,Normal value,0,Units,0,Zero
DATAFLOW,OECD.ELS.SAE:DSD_EARNINGS@AV_AN_WAGE(1.0),Average annual wages,I,JPN,Japan,WG,Wages,USD_PPP,"US dollars, PPP converted",A,Annual,Q,Constant prices,MEAN,Mean,_Z,Not applicable,2005,,50397.427,,2024,,A,Normal value,0,Units,0,Zero
DATAFLOW,OECD.ELS.SAE:DSD_EARNINGS@AV_AN_WAGE(1.0),Average annual wages,I,JPN,Japan,WG,Wages,USD_PPP,"US dollars, PPP converted",A,Annual,Q,Constant prices,MEAN,Mean,_Z,Not applicable,2006,,50222.681,,2024,,A,Normal value,0,Units,0,Zero
DATAFLOW,OECD.ELS.SAE:DSD_EARNINGS@AV_AN_WAGE(1.0),Average annual wages,I,JPN,Japan,WG,Wages,USD_PPP,"US dollars, PPP converted",A,Annual,Q,Constant prices,MEAN,Mean,_Z,Not applicable,2007,,50390.78,,2024,,A,Normal value,0,Units,0,Zero
DATAFLOW,OECD.ELS.SAE:DSD_EARNINGS@AV_AN_WAGE(1.0),Average annual wages,I,JPN,Japan,WG,Wages,USD_PPP,"US dollars, PPP converted",A,Annual,Q,Constant prices,MEAN,Mean,_Z,Not applicable,2008,,50164.902,,2024,,A,Normal value,0,Units,0,Zero
DATAFLOW,OECD.ELS.SAE:DSD_EARNINGS@AV_AN_WAGE(1.0),Average annual wages,I,JPN,Japan,WG,Wages,USD_PPP,"US dollars, PPP converted",A,Annual,Q,Constant prices,MEAN,Mean,_Z,Not applicable,2009,,49529.637,,2024,,A,Normal value,0,Units,0,Zero
DATAFLOW,OECD.ELS.SAE:DSD_EARNINGS@AV_AN_WAGE(1.0),Average annual wages,I,JPN,Japan,WG,Wages,USD_PPP,"US dollars, PPP converted",A,Annual,Q,Constant prices,MEAN,Mean,_Z,Not applicable,2010,,49375.434,,2024,,A,Normal value,0,Units,0,Zero
DATAFLOW,OECD.ELS.SAE:DSD_EARNINGS@AV_AN_WAGE(1.0),Average annual wages,I,JPN,Japan,WG,Wages,USD_PPP,"US dollars, PPP converted",A,Annual,Q,Constant prices,MEAN,Mean,_Z,Not applicable,2011,,49616.592,,2024,,A,Normal value,0,Units,0,Zero
DATAFLOW,OECD.ELS.SAE:DSD_EARNINGS@AV_AN_WAGE(1.0),Average annual wages,I,JPN,Japan,WG,Wages,USD_PPP,"US dollars, PPP converted",A,Annual,Q,Constant prices,MEAN,Mean,_Z,Not applicable,2012,,49644.884,,2024,,A,Normal value,0,Units,0,Zero
DATAFLOW,OECD.ELS.SAE:DSD_EARNINGS@AV_AN_WAGE(1.0),Average annual wages,I,JPN,Japan,WG,Wages,USD_PPP,"US dollars, PPP converted",A,Annual,Q,Constant prices,MEAN,Mean,_Z,Not applicable,2013,,49936.622,,2024,,A,Normal value,0,Units,0,Zero
DATAFLOW,OECD.ELS.SAE:DSD_EARNINGS@AV_AN_WAGE(1.0),Average annual wages,I,JPN,Japan,WG,Wages,USD_PPP,"US dollars, PPP converted",A,Annual,Q,Constant prices,MEAN,Mean,_Z,Not applicable,2014,,49496.878,,2024,,A,Normal value,0,Units,0,Zero
DATAFLOW,OECD.ELS.SAE:DSD_EARNINGS@AV_AN_WAGE(1.0),Average annual wages,I,JPN,Japan,WG,Wages,USD_PPP,"US dollars, PPP converted",A,Annual,Q,Constant prices,MEAN,Mean,_Z,Not applicable,2015,,49205.864,,2024,,A,Normal value,0,Units,0,Zero
DATAFLOW,OECD.ELS.SAE:DSD_EARNINGS@AV_AN_WAGE(1.0),Average annual wages,I,JPN,Japan,WG,Wages,USD_PPP,"US dollars, PPP converted",A,Annual,Q,Constant prices,MEAN,Mean,_Z,Not applicable,2016,,49740.502,,2024,,A,Normal value,0,Units,0,Zero
DATAFLOW,OECD.ELS.SAE:DSD_EARNINGS@AV_AN_WAGE(1.0),Average annual wages,I,JPN,Japan,WG,Wages,USD_PPP,"US dollars, PPP converted",A,Annual,Q,Constant prices,MEAN,Mean,_Z,Not applicable,2017,,49777.928,,2024,,A,Normal value,0,Units,0,Zero
DATAFLOW,OECD.ELS.SAE:DSD_EARNINGS@AV_AN_WAGE(1.0),Average annual wages,I,JPN,Japan,WG,Wages,USD_PPP,"US dollars, PPP converted",A,Annual,Q,Constant prices,MEAN,Mean,_Z,Not applicable,2018,,50604.706,,2024,,A,Normal value,0,Units,0,Zero
DATAFLOW,OECD.ELS.SAE:DSD_EARNINGS@AV_AN_WAGE(1.0),Average annual wages,I,JPN,Japan,WG,Wages,USD_PPP,"US dollars, PPP converted",A,Annual,Q,Constant prices,MEAN,Mean,_Z,Not applicable,2019,,51098.125,,2024,,A,Normal value,0,Units,0,Zero
DATAFLOW,OECD.ELS.SAE:DSD_EARNINGS@AV_AN_WAGE(1.0),Average annual wages,I,JPN,Japan,WG,Wages,USD_PPP,"US dollars, PPP converted",A,Annual,Q,Constant prices,MEAN,Mean,_Z,Not applicable,2020,,50712.225,,2024,,A,Normal value,0,Units,0,Zero
DATAFLOW,OECD.ELS.SAE:DSD_EARNINGS@AV_AN_WAGE(1.0),Average annual wages,I,JPN,Japan,WG,Wages,USD_PPP,"US dollars, PPP converted",A,Annual,Q,Constant prices,MEAN,Mean,_Z,Not applicable,2021,,51137.748,,2024,,A,Normal value,0,Units,0,Zero
DATAFLOW,OECD.ELS.SAE:DSD_EARNINGS@AV_AN_WAGE(1.0),Average annual wages,I,JPN,Japan,WG,Wages,USD_PPP,"US dollars, PPP converted",A,Annual,Q,Constant prices,MEAN,Mean,_Z,Not applicable,2022,,50458.369,,2024,,A,Normal value,0,Units,0,Zero
DATAFLOW,OECD.ELS.SAE:DSD_EARNINGS@AV_AN_WAGE(1.0),Average annual wages,I,JPN,Japan,WG,Wages,USD_PPP,"US dollars, PPP converted",A,Annual,Q,Constant prices,MEAN,Mean,_Z,Not applicable,2023,,49173.069,,2024,,A,Normal value,0,Units,0,Zero
DATAFLOW,OECD.ELS.SAE:DSD_EARNINGS@AV_AN_WAGE(1.0),Average annual wages,I,JPN,Japan,WG,Wages,USD_PPP,"US dollars, PPP converted",A,Annual,Q,Constant prices,MEAN,Mean,_Z,Not applicable,2024,,49445.911,,2024,,A,Normal value,0,Units,0,Zero
DATAFLOW,OECD.ELS.SAE:DSD_EARNINGS@AV_AN_WAGE(1.0),Average annual wages,I,KOR,Korea,WG,Wages,USD_PPP,"US dollars, PPP converted",A,Annual,Q,Constant prices,MEAN,Mean,_Z,Not applicable,1990,,26104.799,,2024,,A,Normal value,0,Units,0,Zero
DATAFLOW,OECD.ELS.SAE:DSD_EARNINGS@AV_AN_WAGE(1.0),Average annual wages,I,KOR,Korea,WG,Wages,USD_PPP,"US dollars, PPP converted",A,Annual,Q,Constant prices,MEAN,Mean,_Z,Not applicable,1991,,27253.686,,2024,,A,Normal value,0,Units,0,Zero
DATAFLOW,OECD.ELS.SAE:DSD_EARNINGS@AV_AN_WAGE(1.0),Average annual wages,I,KOR,Korea,WG,Wages,USD_PPP,"US dollars, PPP converted",A,Annual,Q,Constant prices,MEAN,Mean,_Z,Not applicable,1992,,28455.15,,2024,,A,Normal value,0,Units,0,Zero
DATAFLOW,OECD.ELS.SAE:DSD_EARNINGS@AV_AN_WAGE(1.0),Average annual wages,I,KOR,Korea,WG,Wages,USD_PPP,"US dollars, PPP converted",A,Annual,Q,Constant prices,MEAN,Mean,_Z,Not applicable,1993,,30145.191,,2024,,A,Normal value,0,Units,0,Zero
DATAFLOW,OECD.ELS.SAE:DSD_EARNINGS@AV_AN_WAGE(1.0),Average annual wages,I,KOR,Korea,WG,Wages,USD_PPP,"US dollars, PPP converted",A,Annual,Q,Constant prices,MEAN,Mean,_Z,Not applicable,1994,,30761.371,,2024,,A,Normal value,0,Units,0,Zero
DATAFLOW,OECD.ELS.SAE:DSD_EARNINGS@AV_AN_WAGE(1.0),Average annual wages,I,KOR,Korea,WG,Wages,USD_PPP,"US dollars, PPP converted",A,Annual,Q,Constant prices,MEAN,Mean,_Z,Not applicable,1995,,33766.395,,2024,,A,Normal value,0,Units,0,Zero
DATAFLOW,OECD.ELS.SAE:DSD_EARNINGS@AV_AN_WAGE(1.0),Average annual wages,I,KOR,Korea,WG,Wages,USD_PPP,"US dollars, PPP converted",A,Annual,Q,Constant prices,MEAN,Mean,_Z,Not applicable,1996,,35357.469,,2024,,A,Normal value,0,Units,0,Zero
DATAFLOW,OECD.ELS.SAE:DSD_EARNINGS@AV_AN_WAGE(1.0),Average annual wages,I,KOR,Korea,WG,Wages,USD_PPP,"US dollars, PPP converted",A,Annual,Q,Constant prices,MEAN,Mean,_Z,Not applicable,1997,,34636.047,,2024,,A,Normal value,0,Units,0,Zero
DATAFLOW,OECD.ELS.SAE:DSD_EARNINGS@AV_AN_WAGE(1.0),Average annual wages,I,KOR,Korea,WG,Wages,USD_PPP,"US dollars, PPP converted",A,Annual,Q,Constant prices,MEAN,Mean,_Z,Not applicable,1998,,34278.281,,2024,,A,Normal value,0,Units,0,Zero
DATAFLOW,OECD.ELS.SAE:DSD_EARNINGS@AV_AN_WAGE(1.0),Average annual wages,I,KOR,Korea,WG,Wages,USD_PPP,"US dollars, PPP converted",A,Annual,Q,Constant prices,MEAN,Mean,_Z,Not applicable,1999,,34593.261,,2024,,A,Normal value,0,Units,0,Zero
DATAFLOW,OECD.ELS.SAE:DSD_EARNINGS@AV_AN_WAGE(1.0),Average annual wages,I,KOR,Korea,WG,Wages,USD_PPP,"US dollars, PPP converted",A,Annual,Q,Constant prices,MEAN,Mean,_Z,Not applicable,2000,,34917.22,,2024,,A,Normal value,0,Units,0,Zero
DATAFLOW,OECD.ELS.SAE:DSD_EARNINGS@AV_AN_WAGE(1.0),Average annual wages,I,KOR,Korea,WG,Wages,USD_PPP,"US dollars, PPP converted",A,Annual,Q,Constant prices,MEAN,Mean,_Z,Not applicable,2001,,36127.43,,2024,,A,Normal value,0,Units,0,Zero
DATAFLOW,OECD.ELS.SAE:DSD_EARNINGS@AV_AN_WAGE(1.0),Average annual wages,I,KOR,Korea,WG,Wages,USD_PPP,"US dollars, PPP converted",A,Annual,Q,Constant prices,MEAN,Mean,_Z,Not applicable,2002,,37369.791,,2024,,A,Normal value,0,Units,0,Zero
DATAFLOW,OECD.ELS.SAE:DSD_EARNINGS@AV_AN_WAGE(1.0),Average annual wages,I,KOR,Korea,WG,Wages,USD_PPP,"US dollars, PPP converted",A,Annual,Q,Constant prices,MEAN,Mean,_Z,Not applicable,2003,,38750.671,,2024,,A,Normal value,0,Units,0,Zero
DATAFLOW,OECD.ELS.SAE:DSD_EARNINGS@AV_AN_WAGE(1.0),Average annual wages,I,KOR,Korea,WG,Wages,USD_PPP,"US dollars, PPP converted",A,Annual,Q,Constant prices,MEAN,Mean,_Z,Not applicable,2004,,39625.005,,2024,,A,Normal value,0,Units,0,Zero
DATAFLOW,OECD.ELS.SAE:DSD_EARNINGS@AV_AN_WAGE(1.0),Average annual wages,I,KOR,Korea,WG,Wages,USD_PPP,"US dollars, PPP converted",A,Annual,Q,Constant prices,MEAN,Mean,_Z,Not applicable,2005,,40847.315,,2024,,A,Normal value,0,Units,0,Zero
DATAFLOW,OECD.ELS.SAE:DSD_EARNINGS@AV_AN_WAGE(1.0),Average annual wages,I,KOR,Korea,WG,Wages,USD_PPP,"US dollars, PPP converted",A,Annual,Q,Constant prices,MEAN,Mean,_Z,Not applicable,2006,,41373.508,,2024,,A,Normal value,0,Units,0,Zero
DATAFLOW,OECD.ELS.SAE:DSD_EARNINGS@AV_AN_WAGE(1.0),Average annual wages,I,KOR,Korea,WG,Wages,USD_PPP,"US dollars, PPP converted",A,Annual,Q,Constant prices,MEAN,Mean,_Z,Not applicable,2007,,42268.439,,2024,,A,Normal value,0,Units,0,Zero
DATAFLOW,OECD.ELS.SAE:DSD_EARNINGS@AV_AN_WAGE(1.0),Average annual wages,I,KOR,Korea,WG,Wages,USD_PPP,"US dollars, PPP converted",A,Annual,Q,Constant prices,MEAN,Mean,_Z,Not applicable,2008,,42142.402,,2024,,A,Normal value,0,Units,0,Zero
DATAFLOW,OECD.ELS.SAE:DSD_EARNINGS@AV_AN_WAGE(1.0),Average annual wages,I,KOR,Korea,WG,Wages,USD_PPP,"US dollars, PPP converted",A,Annual,Q,Constant prices,MEAN,Mean,_Z,Not applicable,2009,,42361.053,,2024,,A,Normal value,0,Units,0,Zero
DATAFLOW,OECD.ELS.SAE:DSD_EARNINGS@AV_AN_WAGE(1.0),Average annual wages,I,KOR,Korea,WG,Wages,USD_PPP,"US dollars, PPP converted",A,Annual,Q,Constant prices,MEAN,Mean,_Z,Not applicable,2010,,43026.011,,2024,,A,Normal value,0,Units,0,Zero
DATAFLOW,OECD.ELS.SAE:DSD_EARNINGS@AV_AN_WAGE(1.0),Average annual wages,I,KOR,Korea,WG,Wages,USD_PPP,"US dollars, PPP converted",A,Annual,Q,Constant prices,MEAN,Mean,_Z,Not applicable,2011,,43590.135,,2024,,A,Normal value,0,Units,0,Zero
DATAFLOW,OECD.ELS.SAE:DSD_EARNINGS@AV_AN_WAGE(1.0),Average annual wages,I,KOR,Korea,WG,Wages,USD_PPP,"US dollars, PPP converted",A,Annual,Q,Constant prices,MEAN,Mean,_Z,Not applicable,2012,,42949.364,,2024,,A,Normal value,0,Units,0,Zero
DATAFLOW,OECD.ELS.SAE:DSD_EARNINGS@AV_AN_WAGE(1.0),Average annual wages,I,KOR,Korea,WG,Wages,USD_PPP,"US dollars, PPP converted",A,Annual,Q,Constant prices,MEAN,Mean,_Z,Not applicable,2013,,44034.29,,2024,,A,Normal value,0,Units,0,Zero
DATAFLOW,OECD.ELS.SAE:DSD_EARNINGS@AV_AN_WAGE(1.0),Average annual wages,I,KOR,Korea,WG,Wages,USD_PPP,"US dollars, PPP converted",A,Annual,Q,Constant prices,MEAN,Mean,_Z,Not applicable,2014,,44125.622,,2024,,A,Normal value,0,Units,0,Zero
DATAFLOW,OECD.ELS.SAE:DSD_EARNINGS@AV_AN_WAGE(1.0),Average annual wages,I,KOR,Korea,WG,Wages,USD_PPP,"US dollars, PPP converted",A,Annual,Q,Constant prices,MEAN,Mean,_Z,Not applicable,2015,,45352.307,,2024,,A,Normal value,0,Units,0,Zero
DATAFLOW,OECD.ELS.SAE:DSD_EARNINGS@AV_AN_WAGE(1.0),Average annual wages,I,KOR,Korea,WG,Wages,USD_PPP,"US dollars, PPP converted",A,Annual,Q,Constant prices,MEAN,Mean,_Z,Not applicable,2016,,46681.35,,2024,,A,Normal value,0,Units,0,Zero
DATAFLOW,OECD.ELS.SAE:DSD_EARNINGS@AV_AN_WAGE(1.0),Average annual wages,I,KOR,Korea,WG,Wages,USD_PPP,"US dollars, PPP converted",A,Annual,Q,Constant prices,MEAN,Mean,_Z,Not applicable,2017,,47779.484,,2024,,A,Normal value,0,Units,0,Zero
DATAFLOW,OECD.ELS.SAE:DSD_EARNINGS@AV_AN_WAGE(1.0),Average annual wages,I,KOR,Korea,WG,Wages,USD_PPP,"US dollars, PPP converted",A,Annual,Q,Constant prices,MEAN,Mean,_Z,Not applicable,2018,,49425.225,,2024,,A,Normal value,0,Units,0,Zero
DATAFLOW,OECD.ELS.SAE:DSD_EARNINGS@AV_AN_WAGE(1.0),Average annual wages,I,KOR,Korea,WG,Wages,USD_PPP,"US dollars, PPP converted",A,Annual,Q,Constant prices,MEAN,Mean,_Z,Not applicable,2019,,51122.939,,2024,,A,Normal value,0,Units,0,Zero
DATAFLOW,OECD.ELS.SAE:DSD_EARNINGS@AV_AN_WAGE(1.0),Average annual wages,I,KOR,Korea,WG,Wages,USD_PPP,"US dollars, PPP converted",A,Annual,Q,Constant prices,MEAN,Mean,_Z,Not applicable,2020,,52298.597,,2024,,A,Normal value,0,Units,0,Zero
DATAFLOW,OECD.ELS.SAE:DSD_EARNINGS@AV_AN_WAGE(1.0),Average annual wages,I,KOR,Korea,WG,Wages,USD_PPP,"US dollars, PPP converted",A,Annual,Q,Constant prices,MEAN,Mean,_Z,Not applicable,2021,,52412.095,,2024,,A,Normal value,0,Units,0,Zero
DATAFLOW,OECD.ELS.SAE:DSD_EARNINGS@AV_AN_WAGE(1.0),Average annual wages,I,KOR,Korea,WG,Wages,USD_PPP,"US dollars, PPP converted",A,Annual,Q,Constant prices,MEAN,Mean,_Z,Not applicable,2022,,50671.795,,2024,,A,Normal value,0,Units,0,Zero
DATAFLOW,OECD.ELS.SAE:DSD_EARNINGS@AV_AN_WAGE(1.0),Average annual wages,I,KOR,Korea,WG,Wages,USD_PPP,"US dollars, PPP converted",A,Annual,Q,Constant prices,MEAN,Mean,_Z,Not applicable,2023,,50313.68,,2024,,A,Normal value,0,Units,0,Zero
DATAFLOW,OECD.ELS.SAE:DSD_EARNINGS@AV_AN_WAGE(1.0),Average annual wages,I,KOR,Korea,WG,Wages,USD_PPP,"US dollars, PPP converted",A,Annual,Q,Constant prices,MEAN,Mean,_Z,Not applicable,2024,,50946.72,,2024,,A,Normal value,0,Units,0,Zero
DATAFLOW,OECD.ELS.SAE:DSD_EARNINGS@AV_AN_WAGE(1.0),Average annual wages,I,LVA,Latvia,WG,Wages,USD_PPP,"US dollars, PPP converted",A,Annual,Q,Constant prices,MEAN,Mean,_Z,Not applicable,1995,,11340,,2024,,A,Normal value,0,Units,0,Zero
DATAFLOW,OECD.ELS.SAE:DSD_EARNINGS@AV_AN_WAGE(1.0),Average annual wages,I,LVA,Latvia,WG,Wages,USD_PPP,"US dollars, PPP converted",A,Annual,Q,Constant prices,MEAN,Mean,_Z,Not applicable,1996,,13198.427,,2024,,A,Normal value,0,Units,0,Zero
DATAFLOW,OECD.ELS.SAE:DSD_EARNINGS@AV_AN_WAGE(1.0),Average annual wages,I,LVA,Latvia,WG,Wages,USD_PPP,"US dollars, PPP converted",A,Annual,Q,Constant prices,MEAN,Mean,_Z,Not applicable,1997,,13819.99,,2024,,A,Normal value,0,Units,0,Zero
DATAFLOW,OECD.ELS.SAE:DSD_EARNINGS@AV_AN_WAGE(1.0),Average annual wages,I,LVA,Latvia,WG,Wages,USD_PPP,"US dollars, PPP converted",A,Annual,Q,Constant prices,MEAN,Mean,_Z,Not applicable,1998,,14241.006,,2024,,A,Normal value,0,Units,0,Zero
DATAFLOW,OECD.ELS.SAE:DSD_EARNINGS@AV_AN_WAGE(1.0),Average annual wages,I,LVA,Latvia,WG,Wages,USD_PPP,"US dollars, PPP converted",A,Annual,Q,Constant prices,MEAN,Mean,_Z,Not applicable,1999,,14825.973,,2024,,A,Normal value,0,Units,0,Zero
DATAFLOW,OECD.ELS.SAE:DSD_EARNINGS@AV_AN_WAGE(1.0),Average annual wages,I,LVA,Latvia,WG,Wages,USD_PPP,"US dollars, PPP converted",A,Annual,Q,Constant prices,MEAN,Mean,_Z,Not applicable,2000,,15604.122,,2024,,A,Normal value,0,Units,0,Zero
DATAFLOW,OECD.ELS.SAE:DSD_EARNINGS@AV_AN_WAGE(1.0),Average annual wages,I,LVA,Latvia,WG,Wages,USD_PPP,"US dollars, PPP converted",A,Annual,Q,Constant prices,MEAN,Mean,_Z,Not applicable,2001,,16112.192,,2024,,A,Normal value,0,Units,0,Zero
DATAFLOW,OECD.ELS.SAE:DSD_EARNINGS@AV_AN_WAGE(1.0),Average annual wages,I,LVA,Latvia,WG,Wages,USD_PPP,"US dollars, PPP converted",A,Annual,Q,Constant prices,MEAN,Mean,_Z,Not applicable,2002,,15622.024,,2024,,A,Normal value,0,Units,0,Zero
DATAFLOW,OECD.ELS.SAE:DSD_EARNINGS@AV_AN_WAGE(1.0),Average annual wages,I,LVA,Latvia,WG,Wages,USD_PPP,"US dollars, PPP converted",A,Annual,Q,Constant prices,MEAN,Mean,_Z,Not applicable,2003,,16738.662,,2024,,A,Normal value,0,Units,0,Zero
DATAFLOW,OECD.ELS.SAE:DSD_EARNINGS@AV_AN_WAGE(1.0),Average annual wages,I,LVA,Latvia,WG,Wages,USD_PPP,"US dollars, PPP converted",A,Annual,Q,Constant prices,MEAN,Mean,_Z,Not applicable,2004,,18196.491,,2024,,A,Normal value,0,Units,0,Zero
DATAFLOW,OECD.ELS.SAE:DSD_EARNINGS@AV_AN_WAGE(1.0),Average annual wages,I,LVA,Latvia,WG,Wages,USD_PPP,"US dollars, PPP converted",A,Annual,Q,Constant prices,MEAN,Mean,_Z,Not applicable,2005,,21165.693,,2024,,A,Normal value,0,Units,0,Zero
DATAFLOW,OECD.ELS.SAE:DSD_EARNINGS@AV_AN_WAGE(1.0),Average annual wages,I,LVA,Latvia,WG,Wages,USD_PPP,"US dollars, PPP converted",A,Annual,Q,Constant prices,MEAN,Mean,_Z,Not applicable,2006,,23338.073,,2024,,A,Normal value,0,Units,0,Zero
DATAFLOW,OECD.ELS.SAE:DSD_EARNINGS@AV_AN_WAGE(1.0),Average annual wages,I,LVA,Latvia,WG,Wages,USD_PPP,"US dollars, PPP converted",A,Annual,Q,Constant prices,MEAN,Mean,_Z,Not applicable,2007,,28773.98,,2024,,A,Normal value,0,Units,0,Zero
DATAFLOW,OECD.ELS.SAE:DSD_EARNINGS@AV_AN_WAGE(1.0),Average annual wages,I,LVA,Latvia,WG,Wages,USD_PPP,"US dollars, PPP converted",A,Annual,Q,Constant prices,MEAN,Mean,_Z,Not applicable,2008,,29681.996,,2024,,A,Normal value,0,Units,0,Zero
DATAFLOW,OECD.ELS.SAE:DSD_EARNINGS@AV_AN_WAGE(1.0),Average annual wages,I,LVA,Latvia,WG,Wages,USD_PPP,"US dollars, PPP converted",A,Annual,Q,Constant prices,MEAN,Mean,_Z,Not applicable,2009,,26801.812,,2024,,A,Normal value,0,Units,0,Zero
DATAFLOW,OECD.ELS.SAE:DSD_EARNINGS@AV_AN_WAGE(1.0),Average annual wages,I,LVA,Latvia,WG,Wages,USD_PPP,"US dollars, PPP converted",A,Annual,Q,Constant prices,MEAN,Mean,_Z,Not applicable,2010,,25768.008,,2024,,A,Normal value,0,Units,0,Zero
DATAFLOW,OECD.ELS.SAE:DSD_EARNINGS@AV_AN_WAGE(1.0),Average annual wages,I,LVA,Latvia,WG,Wages,USD_PPP,"US dollars, PPP converted",A,Annual,Q,Constant prices,MEAN,Mean,_Z,Not applicable,2011,,24870.688,,2024,,A,Normal value,0,Units,0,Zero
DATAFLOW,OECD.ELS.SAE:DSD_EARNINGS@AV_AN_WAGE(1.0),Average annual wages,I,LVA,Latvia,WG,Wages,USD_PPP,"US dollars, PPP converted",A,Annual,Q,Constant prices,MEAN,Mean,_Z,Not applicable,2012,,25876.373,,2024,,A,Normal value,0,Units,0,Zero
DATAFLOW,OECD.ELS.SAE:DSD_EARNINGS@AV_AN_WAGE(1.0),Average annual wages,I,LVA,Latvia,WG,Wages,USD_PPP,"US dollars, PPP converted",A,Annual,Q,Constant prices,MEAN,Mean,_Z,Not applicable,2013,,27119.293,,2024,,A,Normal value,0,Units,0,Zero
DATAFLOW,OECD.ELS.SAE:DSD_EARNINGS@AV_AN_WAGE(1.0),Average annual wages,I,LVA,Latvia,WG,Wages,USD_PPP,"US dollars, PPP converted",A,Annual,Q,Constant prices,MEAN,Mean,_Z,Not applicable,2014,,28938.041,,2024,,A,Normal value,0,Units,0,Zero
DATAFLOW,OECD.ELS.SAE:DSD_EARNINGS@AV_AN_WAGE(1.0),Average annual wages,I,LVA,Latvia,WG,Wages,USD_PPP,"US dollars, PPP converted",A,Annual,Q,Constant prices,MEAN,Mean,_Z,Not applicable,2015,,31375.186,,2024,,A,Normal value,0,Units,0,Zero
DATAFLOW,OECD.ELS.SAE:DSD_EARNINGS@AV_AN_WAGE(1.0),Average annual wages,I,LVA,Latvia,WG,Wages,USD_PPP,"US dollars, PPP converted",A,Annual,Q,Constant prices,MEAN,Mean,_Z,Not applicable,2016,,33233.557,,2024,,A,Normal value,0,Units,0,Zero
DATAFLOW,OECD.ELS.SAE:DSD_EARNINGS@AV_AN_WAGE(1.0),Average annual wages,I,LVA,Latvia,WG,Wages,USD_PPP,"US dollars, PPP converted",A,Annual,Q,Constant prices,MEAN,Mean,_Z,Not applicable,2017,,34420.115,,2024,,A,Normal value,0,Units,0,Zero
DATAFLOW,OECD.ELS.SAE:DSD_EARNINGS@AV_AN_WAGE(1.0),Average annual wages,I,LVA,Latvia,WG,Wages,USD_PPP,"US dollars, PPP converted",A,Annual,Q,Constant prices,MEAN,Mean,_Z,Not applicable,2018,,35685.662,,2024,,A,Normal value,0,Units,0,Zero
DATAFLOW,OECD.ELS.SAE:DSD_EARNINGS@AV_AN_WAGE(1.0),Average annual wages,I,LVA,Latvia,WG,Wages,USD_PPP,"US dollars, PPP converted",A,Annual,Q,Constant prices,MEAN,Mean,_Z,Not applicable,2019,,37147.565,,2024,,A,Normal value,0,Units,0,Zero
DATAFLOW,OECD.ELS.SAE:DSD_EARNINGS@AV_AN_WAGE(1.0),Average annual wages,I,LVA,Latvia,WG,Wages,USD_PPP,"US dollars, PPP converted",A,Annual,Q,Constant prices,MEAN,Mean,_Z,Not applicable,2020,,38610.604,,2024,,A,Normal value,0,Units,0,Zero
DATAFLOW,OECD.ELS.SAE:DSD_EARNINGS@AV_AN_WAGE(1.0),Average annual wages,I,LVA,Latvia,WG,Wages,USD_PPP,"US dollars, PPP converted",A,Annual,Q,Constant prices,MEAN,Mean,_Z,Not applicable,2021,,40614.793,,2024,,A,Normal value,0,Units,0,Zero
DATAFLOW,OECD.ELS.SAE:DSD_EARNINGS@AV_AN_WAGE(1.0),Average annual wages,I,LVA,Latvia,WG,Wages,USD_PPP,"US dollars, PPP converted",A,Annual,Q,Constant prices,MEAN,Mean,_Z,Not applicable,2022,,40273.132,,2024,,A,Normal value,0,Units,0,Zero
DATAFLOW,OECD.ELS.SAE:DSD_EARNINGS@AV_AN_WAGE(1.0),Average annual wages,I,LVA,Latvia,WG,Wages,USD_PPP,"US dollars, PPP converted",A,Annual,Q,Constant prices,MEAN,Mean,_Z,Not applicable,2023,,42274.951,,2024,,A,Normal value,0,Units,0,Zero
DATAFLOW,OECD.ELS.SAE:DSD_EARNINGS@AV_AN_WAGE(1.0),Average annual wages,I,LVA,Latvia,WG,Wages,USD_PPP,"US dollars, PPP converted",A,Annual,Q,Constant prices,MEAN,Mean,_Z,Not applicable,2024,,45566.516,,2024,,A,Normal value,0,Units,0,Zero
DATAFLOW,OECD.ELS.SAE:DSD_EARNINGS@AV_AN_WAGE(1.0),Average annual wages,I,LTU,Lithuania,WG,Wages,USD_PPP,"US dollars, PPP converted",A,Annual,Q,Constant prices,MEAN,Mean,_Z,Not applicable,1995,,13551.868,,2024,,A,Normal value,0,Units,0,Zero
DATAFLOW,OECD.ELS.SAE:DSD_EARNINGS@AV_AN_WAGE(1.0),Average annual wages,I,LTU,Lithuania,WG,Wages,USD_PPP,"US dollars, PPP converted",A,Annual,Q,Constant prices,MEAN,Mean,_Z,Not applicable,1996,,15093.505,,2024,,A,Normal value,0,Units,0,Zero
DATAFLOW,OECD.ELS.SAE:DSD_EARNINGS@AV_AN_WAGE(1.0),Average annual wages,I,LTU,Lithuania,WG,Wages,USD_PPP,"US dollars, PPP converted",A,Annual,Q,Constant prices,MEAN,Mean,_Z,Not applicable,1997,,16701.01,,2024,,A,Normal value,0,Units,0,Zero
DATAFLOW,OECD.ELS.SAE:DSD_EARNINGS@AV_AN_WAGE(1.0),Average annual wages,I,LTU,Lithuania,WG,Wages,USD_PPP,"US dollars, PPP converted",A,Annual,Q,Constant prices,MEAN,Mean,_Z,Not applicable,1998,,18228.466,,2024,,A,Normal value,0,Units,0,Zero
DATAFLOW,OECD.ELS.SAE:DSD_EARNINGS@AV_AN_WAGE(1.0),Average annual wages,I,LTU,Lithuania,WG,Wages,USD_PPP,"US dollars, PPP converted",A,Annual,Q,Constant prices,MEAN,Mean,_Z,Not applicable,1999,,19047.997,,2024,,A,Normal value,0,Units,0,Zero
DATAFLOW,OECD.ELS.SAE:DSD_EARNINGS@AV_AN_WAGE(1.0),Average annual wages,I,LTU,Lithuania,WG,Wages,USD_PPP,"US dollars, PPP converted",A,Annual,Q,Constant prices,MEAN,Mean,_Z,Not applicable,2000,,19105.341,,2024,,A,Normal value,0,Units,0,Zero
DATAFLOW,OECD.ELS.SAE:DSD_EARNINGS@AV_AN_WAGE(1.0),Average annual wages,I,LTU,Lithuania,WG,Wages,USD_PPP,"US dollars, PPP converted",A,Annual,Q,Constant prices,MEAN,Mean,_Z,Not applicable,2001,,20160.302,,2024,,A,Normal value,0,Units,0,Zero
DATAFLOW,OECD.ELS.SAE:DSD_EARNINGS@AV_AN_WAGE(1.0),Average annual wages,I,LTU,Lithuania,WG,Wages,USD_PPP,"US dollars, PPP converted",A,Annual,Q,Constant prices,MEAN,Mean,_Z,Not applicable,2002,,21525.636,,2024,,A,Normal value,0,Units,0,Zero
DATAFLOW,OECD.ELS.SAE:DSD_EARNINGS@AV_AN_WAGE(1.0),Average annual wages,I,LTU,Lithuania,WG,Wages,USD_PPP,"US dollars, PPP converted",A,Annual,Q,Constant prices,MEAN,Mean,_Z,Not applicable,2003,,23861.918,,2024,,A,Normal value,0,Units,0,Zero
DATAFLOW,OECD.ELS.SAE:DSD_EARNINGS@AV_AN_WAGE(1.0),Average annual wages,I,LTU,Lithuania,WG,Wages,USD_PPP,"US dollars, PPP converted",A,Annual,Q,Constant prices,MEAN,Mean,_Z,Not applicable,2004,,26471.708,,2024,,A,Normal value,0,Units,0,Zero
DATAFLOW,OECD.ELS.SAE:DSD_EARNINGS@AV_AN_WAGE(1.0),Average annual wages,I,LTU,Lithuania,WG,Wages,USD_PPP,"US dollars, PPP converted",A,Annual,Q,Constant prices,MEAN,Mean,_Z,Not applicable,2005,,29249.221,,2024,,A,Normal value,0,Units,0,Zero
DATAFLOW,OECD.ELS.SAE:DSD_EARNINGS@AV_AN_WAGE(1.0),Average annual wages,I,LTU,Lithuania,WG,Wages,USD_PPP,"US dollars, PPP converted",A,Annual,Q,Constant prices,MEAN,Mean,_Z,Not applicable,2006,,33489.286,,2024,,A,Normal value,0,Units,0,Zero
DATAFLOW,OECD.ELS.SAE:DSD_EARNINGS@AV_AN_WAGE(1.0),Average annual wages,I,LTU,Lithuania,WG,Wages,USD_PPP,"US dollars, PPP converted",A,Annual,Q,Constant prices,MEAN,Mean,_Z,Not applicable,2007,,35654.716,,2024,,A,Normal value,0,Units,0,Zero
DATAFLOW,OECD.ELS.SAE:DSD_EARNINGS@AV_AN_WAGE(1.0),Average annual wages,I,LTU,Lithuania,WG,Wages,USD_PPP,"US dollars, PPP converted",A,Annual,Q,Constant prices,MEAN,Mean,_Z,Not applicable,2008,,36323.243,,2024,,A,Normal value,0,Units,0,Zero
DATAFLOW,OECD.ELS.SAE:DSD_EARNINGS@AV_AN_WAGE(1.0),Average annual wages,I,LTU,Lithuania,WG,Wages,USD_PPP,"US dollars, PPP converted",A,Annual,Q,Constant prices,MEAN,Mean,_Z,Not applicable,2009,,31626.367,,2024,,A,Normal value,0,Units,0,Zero
DATAFLOW,OECD.ELS.SAE:DSD_EARNINGS@AV_AN_WAGE(1.0),Average annual wages,I,LTU,Lithuania,WG,Wages,USD_PPP,"US dollars, PPP converted",A,Annual,Q,Constant prices,MEAN,Mean,_Z,Not applicable,2010,,31758.434,,2024,,A,Normal value,0,Units,0,Zero
DATAFLOW,OECD.ELS.SAE:DSD_EARNINGS@AV_AN_WAGE(1.0),Average annual wages,I,LTU,Lithuania,WG,Wages,USD_PPP,"US dollars, PPP converted",A,Annual,Q,Constant prices,MEAN,Mean,_Z,Not applicable,2011,,32420.53,,2024,,A,Normal value,0,Units,0,Zero
DATAFLOW,OECD.ELS.SAE:DSD_EARNINGS@AV_AN_WAGE(1.0),Average annual wages,I,LTU,Lithuania,WG,Wages,USD_PPP,"US dollars, PPP converted",A,Annual,Q,Constant prices,MEAN,Mean,_Z,Not applicable,2012,,32964.183,,2024,,A,Normal value,0,Units,0,Zero
DATAFLOW,OECD.ELS.SAE:DSD_EARNINGS@AV_AN_WAGE(1.0),Average annual wages,I,LTU,Lithuania,WG,Wages,USD_PPP,"US dollars, PPP converted",A,Annual,Q,Constant prices,MEAN,Mean,_Z,Not applicable,2013,,34226.743,,2024,,A,Normal value,0,Units,0,Zero
DATAFLOW,OECD.ELS.SAE:DSD_EARNINGS@AV_AN_WAGE(1.0),Average annual wages,I,LTU,Lithuania,WG,Wages,USD_PPP,"US dollars, PPP converted",A,Annual,Q,Constant prices,MEAN,Mean,_Z,Not applicable,2014,,35812.86,,2024,,A,Normal value,0,Units,0,Zero
DATAFLOW,OECD.ELS.SAE:DSD_EARNINGS@AV_AN_WAGE(1.0),Average annual wages,I,LTU,Lithuania,WG,Wages,USD_PPP,"US dollars, PPP converted",A,Annual,Q,Constant prices,MEAN,Mean,_Z,Not applicable,2015,,38092.31,,2024,,A,Normal value,0,Units,0,Zero
DATAFLOW,OECD.ELS.SAE:DSD_EARNINGS@AV_AN_WAGE(1.0),Average annual wages,I,LTU,Lithuania,WG,Wages,USD_PPP,"US dollars, PPP converted",A,Annual,Q,Constant prices,MEAN,Mean,_Z,Not applicable,2016,,39942.09,,2024,,A,Normal value,0,Units,0,Zero
DATAFLOW,OECD.ELS.SAE:DSD_EARNINGS@AV_AN_WAGE(1.0),Average annual wages,I,LTU,Lithuania,WG,Wages,USD_PPP,"US dollars, PPP converted",A,Annual,Q,Constant prices,MEAN,Mean,_Z,Not applicable,2017,,42212.131,,2024,,A,Normal value,0,Units,0,Zero
DATAFLOW,OECD.ELS.SAE:DSD_EARNINGS@AV_AN_WAGE(1.0),Average annual wages,I,LTU,Lithuania,WG,Wages,USD_PPP,"US dollars, PPP converted",A,Annual,Q,Constant prices,MEAN,Mean,_Z,Not applicable,2018,,44113.004,,2024,,A,Normal value,0,Units,0,Zero
DATAFLOW,OECD.ELS.SAE:DSD_EARNINGS@AV_AN_WAGE(1.0),Average annual wages,I,LTU,Lithuania,WG,Wages,USD_PPP,"US dollars, PPP converted",A,Annual,Q,Constant prices,MEAN,Mean,_Z,Not applicable,2019,,47083.642,,2024,,A,Normal value,0,Units,0,Zero
DATAFLOW,OECD.ELS.SAE:DSD_EARNINGS@AV_AN_WAGE(1.0),Average annual wages,I,LTU,Lithuania,WG,Wages,USD_PPP,"US dollars, PPP converted",A,Annual,Q,Constant prices,MEAN,Mean,_Z,Not applicable,2020,,49473.525,,2024,,A,Normal value,0,Units,0,Zero
DATAFLOW,OECD.ELS.SAE:DSD_EARNINGS@AV_AN_WAGE(1.0),Average annual wages,I,LTU,Lithuania,WG,Wages,USD_PPP,"US dollars, PPP converted",A,Annual,Q,Constant prices,MEAN,Mean,_Z,Not applicable,2021,,52684.642,,2024,,A,Normal value,0,Units,0,Zero
DATAFLOW,OECD.ELS.SAE:DSD_EARNINGS@AV_AN_WAGE(1.0),Average annual wages,I,LTU,Lithuania,WG,Wages,USD_PPP,"US dollars, PPP converted",A,Annual,Q,Constant prices,MEAN,Mean,_Z,Not applicable,2022,,49495.171,,2024,,A,Normal value,0,Units,0,Zero
DATAFLOW,OECD.ELS.SAE:DSD_EARNINGS@AV_AN_WAGE(1.0),Average annual wages,I,LTU,Lithuania,WG,Wages,USD_PPP,"US dollars, PPP converted",A,Annual,Q,Constant prices,MEAN,Mean,_Z,Not applicable,2023,,50193.51,,2024,,A,Normal value,0,Units,0,Zero
DATAFLOW,OECD.ELS.SAE:DSD_EARNINGS@AV_AN_WAGE(1.0),Average annual wages,I,LTU,Lithuania,WG,Wages,USD_PPP,"US dollars, PPP converted",A,Annual,Q,Constant prices,MEAN,Mean,_Z,Not applicable,2024,,52897.636,,2024,,A,Normal value,0,Units,0,Zero
DATAFLOW,OECD.ELS.SAE:DSD_EARNINGS@AV_AN_WAGE(1.0),Average annual wages,I,LUX,Luxembourg,WG,Wages,USD_PPP,"US dollars, PPP converted",A,Annual,Q,Constant prices,MEAN,Mean,_Z,Not applicable,1990,,61810.896,,2024,,A,Normal value,0,Units,0,Zero
DATAFLOW,OECD.ELS.SAE:DSD_EARNINGS@AV_AN_WAGE(1.0),Average annual wages,I,LUX,Luxembourg,WG,Wages,USD_PPP,"US dollars, PPP converted",A,Annual,Q,Constant prices,MEAN,Mean,_Z,Not applicable,1991,,63557.749,,2024,,A,Normal value,0,Units,0,Zero
DATAFLOW,OECD.ELS.SAE:DSD_EARNINGS@AV_AN_WAGE(1.0),Average annual wages,I,LUX,Luxembourg,WG,Wages,USD_PPP,"US dollars, PPP converted",A,Annual,Q,Constant prices,MEAN,Mean,_Z,Not applicable,1992,,65246.468,,2024,,A,Normal value,0,Units,0,Zero
DATAFLOW,OECD.ELS.SAE:DSD_EARNINGS@AV_AN_WAGE(1.0),Average annual wages,I,LUX,Luxembourg,WG,Wages,USD_PPP,"US dollars, PPP converted",A,Annual,Q,Constant prices,MEAN,Mean,_Z,Not applicable,1993,,66510.658,,2024,,A,Normal value,0,Units,0,Zero
DATAFLOW,OECD.ELS.SAE:DSD_EARNINGS@AV_AN_WAGE(1.0),Average annual wages,I,LUX,Luxembourg,WG,Wages,USD_PPP,"US dollars, PPP converted",A,Annual,Q,Constant prices,MEAN,Mean,_Z,Not applicable,1994,,67587.207,,2024,,A,Normal value,0,Units,0,Zero
DATAFLOW,OECD.ELS.SAE:DSD_EARNINGS@AV_AN_WAGE(1.0),Average annual wages,I,LUX,Luxembourg,WG,Wages,USD_PPP,"US dollars, PPP converted",A,Annual,Q,Constant prices,MEAN,Mean,_Z,Not applicable,1995,,67541.42,,2024,,A,Normal value,0,Units,0,Zero
DATAFLOW,OECD.ELS.SAE:DSD_EARNINGS@AV_AN_WAGE(1.0),Average annual wages,I,LUX,Luxembourg,WG,Wages,USD_PPP,"US dollars, PPP converted",A,Annual,Q,Constant prices,MEAN,Mean,_Z,Not applicable,1996,,68387.777,,2024,,A,Normal value,0,Units,0,Zero
DATAFLOW,OECD.ELS.SAE:DSD_EARNINGS@AV_AN_WAGE(1.0),Average annual wages,I,LUX,Luxembourg,WG,Wages,USD_PPP,"US dollars, PPP converted",A,Annual,Q,Constant prices,MEAN,Mean,_Z,Not applicable,1997,,69740.545,,2024,,A,Normal value,0,Units,0,Zero
DATAFLOW,OECD.ELS.SAE:DSD_EARNINGS@AV_AN_WAGE(1.0),Average annual wages,I,LUX,Luxembourg,WG,Wages,USD_PPP,"US dollars, PPP converted",A,Annual,Q,Constant prices,MEAN,Mean,_Z,Not applicable,1998,,69926.709,,2024,,A,Normal value,0,Units,0,Zero
DATAFLOW,OECD.ELS.SAE:DSD_EARNINGS@AV_AN_WAGE(1.0),Average annual wages,I,LUX,Luxembourg,WG,Wages,USD_PPP,"US dollars, PPP converted",A,Annual,Q,Constant prices,MEAN,Mean,_Z,Not applicable,1999,,71601.145,,2024,,A,Normal value,0,Units,0,Zero
DATAFLOW,OECD.ELS.SAE:DSD_EARNINGS@AV_AN_WAGE(1.0),Average annual wages,I,LUX,Luxembourg,WG,Wages,USD_PPP,"US dollars, PPP converted",A,Annual,Q,Constant prices,MEAN,Mean,_Z,Not applicable,2000,,73914.368,,2024,,A,Normal value,0,Units,0,Zero
DATAFLOW,OECD.ELS.SAE:DSD_EARNINGS@AV_AN_WAGE(1.0),Average annual wages,I,LUX,Luxembourg,WG,Wages,USD_PPP,"US dollars, PPP converted",A,Annual,Q,Constant prices,MEAN,Mean,_Z,Not applicable,2001,,74292.334,,2024,,A,Normal value,0,Units,0,Zero
DATAFLOW,OECD.ELS.SAE:DSD_EARNINGS@AV_AN_WAGE(1.0),Average annual wages,I,LUX,Luxembourg,WG,Wages,USD_PPP,"US dollars, PPP converted",A,Annual,Q,Constant prices,MEAN,Mean,_Z,Not applicable,2002,,75791.365,,2024,,A,Normal value,0,Units,0,Zero
DATAFLOW,OECD.ELS.SAE:DSD_EARNINGS@AV_AN_WAGE(1.0),Average annual wages,I,LUX,Luxembourg,WG,Wages,USD_PPP,"US dollars, PPP converted",A,Annual,Q,Constant prices,MEAN,Mean,_Z,Not applicable,2003,,75271.597,,2024,,A,Normal value,0,Units,0,Zero
DATAFLOW,OECD.ELS.SAE:DSD_EARNINGS@AV_AN_WAGE(1.0),Average annual wages,I,LUX,Luxembourg,WG,Wages,USD_PPP,"US dollars, PPP converted",A,Annual,Q,Constant prices,MEAN,Mean,_Z,Not applicable,2004,,76148.374,,2024,,A,Normal value,0,Units,0,Zero
DATAFLOW,OECD.ELS.SAE:DSD_EARNINGS@AV_AN_WAGE(1.0),Average annual wages,I,LUX,Luxembourg,WG,Wages,USD_PPP,"US dollars, PPP converted",A,Annual,Q,Constant prices,MEAN,Mean,_Z,Not applicable,2005,,76530.278,,2024,,A,Normal value,0,Units,0,Zero
DATAFLOW,OECD.ELS.SAE:DSD_EARNINGS@AV_AN_WAGE(1.0),Average annual wages,I,LUX,Luxembourg,WG,Wages,USD_PPP,"US dollars, PPP converted",A,Annual,Q,Constant prices,MEAN,Mean,_Z,Not applicable,2006,,77569.978,,2024,,A,Normal value,0,Units,0,Zero
DATAFLOW,OECD.ELS.SAE:DSD_EARNINGS@AV_AN_WAGE(1.0),Average annual wages,I,LUX,Luxembourg,WG,Wages,USD_PPP,"US dollars, PPP converted",A,Annual,Q,Constant prices,MEAN,Mean,_Z,Not applicable,2007,,79675.875,,2024,,A,Normal value,0,Units,0,Zero
DATAFLOW,OECD.ELS.SAE:DSD_EARNINGS@AV_AN_WAGE(1.0),Average annual wages,I,LUX,Luxembourg,WG,Wages,USD_PPP,"US dollars, PPP converted",A,Annual,Q,Constant prices,MEAN,Mean,_Z,Not applicable,2008,,79223.593,,2024,,A,Normal value,0,Units,0,Zero
DATAFLOW,OECD.ELS.SAE:DSD_EARNINGS@AV_AN_WAGE(1.0),Average annual wages,I,LUX,Luxembourg,WG,Wages,USD_PPP,"US dollars, PPP converted",A,Annual,Q,Constant prices,MEAN,Mean,_Z,Not applicable,2009,,81692.587,,2024,,A,Normal value,0,Units,0,Zero
DATAFLOW,OECD.ELS.SAE:DSD_EARNINGS@AV_AN_WAGE(1.0),Average annual wages,I,LUX,Luxembourg,WG,Wages,USD_PPP,"US dollars, PPP converted",A,Annual,Q,Constant prices,MEAN,Mean,_Z,Not applicable,2010,,81739.542,,2024,,A,Normal value,0,Units,0,Zero
DATAFLOW,OECD.ELS.SAE:DSD_EARNINGS@AV_AN_WAGE(1.0),Average annual wages,I,LUX,Luxembourg,WG,Wages,USD_PPP,"US dollars, PPP converted",A,Annual,Q,Constant prices,MEAN,Mean,_Z,Not applicable,2011,,82194.267,,2024,,A,Normal value,0,Units,0,Zero
DATAFLOW,OECD.ELS.SAE:DSD_EARNINGS@AV_AN_WAGE(1.0),Average annual wages,I,LUX,Luxembourg,WG,Wages,USD_PPP,"US dollars, PPP converted",A,Annual,Q,Constant prices,MEAN,Mean,_Z,Not applicable,2012,,81359.539,,2024,,A,Normal value,0,Units,0,Zero
DATAFLOW,OECD.ELS.SAE:DSD_EARNINGS@AV_AN_WAGE(1.0),Average annual wages,I,LUX,Luxembourg,WG,Wages,USD_PPP,"US dollars, PPP converted",A,Annual,Q,Constant prices,MEAN,Mean,_Z,Not applicable,2013,,82342.673,,2024,,A,Normal value,0,Units,0,Zero
DATAFLOW,OECD.ELS.SAE:DSD_EARNINGS@AV_AN_WAGE(1.0),Average annual wages,I,LUX,Luxembourg,WG,Wages,USD_PPP,"US dollars, PPP converted",A,Annual,Q,Constant prices,MEAN,Mean,_Z,Not applicable,2014,,83690.422,,2024,,A,Normal value,0,Units,0,Zero
DATAFLOW,OECD.ELS.SAE:DSD_EARNINGS@AV_AN_WAGE(1.0),Average annual wages,I,LUX,Luxembourg,WG,Wages,USD_PPP,"US dollars, PPP converted",A,Annual,Q,Constant prices,MEAN,Mean,_Z,Not applicable,2015,,84159.079,,2024,,A,Normal value,0,Units,0,Zero
DATAFLOW,OECD.ELS.SAE:DSD_EARNINGS@AV_AN_WAGE(1.0),Average annual wages,I,LUX,Luxembourg,WG,Wages,USD_PPP,"US dollars, PPP converted",A,Annual,Q,Constant prices,MEAN,Mean,_Z,Not applicable,2016,,83934.204,,2024,,A,Normal value,0,Units,0,Zero
DATAFLOW,OECD.ELS.SAE:DSD_EARNINGS@AV_AN_WAGE(1.0),Average annual wages,I,LUX,Luxembourg,WG,Wages,USD_PPP,"US dollars, PPP converted",A,Annual,Q,Constant prices,MEAN,Mean,_Z,Not applicable,2017,,84984.027,,2024,,A,Normal value,0,Units,0,Zero
DATAFLOW,OECD.ELS.SAE:DSD_EARNINGS@AV_AN_WAGE(1.0),Average annual wages,I,LUX,Luxembourg,WG,Wages,USD_PPP,"US dollars, PPP converted",A,Annual,Q,Constant prices,MEAN,Mean,_Z,Not applicable,2018,,85458.782,,2024,,A,Normal value,0,Units,0,Zero
DATAFLOW,OECD.ELS.SAE:DSD_EARNINGS@AV_AN_WAGE(1.0),Average annual wages,I,LUX,Luxembourg,WG,Wages,USD_PPP,"US dollars, PPP converted",A,Annual,Q,Constant prices,MEAN,Mean,_Z,Not applicable,2019,,85635.098,,2024,,A,Normal value,0,Units,0,Zero
DATAFLOW,OECD.ELS.SAE:DSD_EARNINGS@AV_AN_WAGE(1.0),Average annual wages,I,LUX,Luxembourg,WG,Wages,USD_PPP,"US dollars, PPP converted",A,Annual,Q,Constant prices,MEAN,Mean,_Z,Not applicable,2020,,85931.942,,2024,,A,Normal value,0,Units,0,Zero
DATAFLOW,OECD.ELS.SAE:DSD_EARNINGS@AV_AN_WAGE(1.0),Average annual wages,I,LUX,Luxembourg,WG,Wages,USD_PPP,"US dollars, PPP converted",A,Annual,Q,Constant prices,MEAN,Mean,_Z,Not applicable,2021,,90159.966,,2024,,A,Normal value,0,Units,0,Zero
DATAFLOW,OECD.ELS.SAE:DSD_EARNINGS@AV_AN_WAGE(1.0),Average annual wages,I,LUX,Luxembourg,WG,Wages,USD_PPP,"US dollars, PPP converted",A,Annual,Q,Constant prices,MEAN,Mean,_Z,Not applicable,2022,,89854.533,,2024,,A,Normal value,0,Units,0,Zero
DATAFLOW,OECD.ELS.SAE:DSD_EARNINGS@AV_AN_WAGE(1.0),Average annual wages,I,LUX,Luxembourg,WG,Wages,USD_PPP,"US dollars, PPP converted",A,Annual,Q,Constant prices,MEAN,Mean,_Z,Not applicable,2023,,93059.463,,2024,,A,Normal value,0,Units,0,Zero
DATAFLOW,OECD.ELS.SAE:DSD_EARNINGS@AV_AN_WAGE(1.0),Average annual wages,I,LUX,Luxembourg,WG,Wages,USD_PPP,"US dollars, PPP converted",A,Annual,Q,Constant prices,MEAN,Mean,_Z,Not applicable,2024,,94446.74,,2024,,A,Normal value,0,Units,0,Zero
DATAFLOW,OECD.ELS.SAE:DSD_EARNINGS@AV_AN_WAGE(1.0),Average annual wages,I,MEX,Mexico,WG,Wages,USD_PPP,"US dollars, PPP converted",A,Annual,Q,Constant prices,MEAN,Mean,_Z,Not applicable,1990,,18278.924,,2024,,A,Normal value,0,Units,0,Zero
DATAFLOW,OECD.ELS.SAE:DSD_EARNINGS@AV_AN_WAGE(1.0),Average annual wages,I,MEX,Mexico,WG,Wages,USD_PPP,"US dollars, PPP converted",A,Annual,Q,Constant prices,MEAN,Mean,_Z,Not applicable,1991,,19245.129,,2024,,A,Normal value,0,Units,0,Zero
DATAFLOW,OECD.ELS.SAE:DSD_EARNINGS@AV_AN_WAGE(1.0),Average annual wages,I,MEX,Mexico,WG,Wages,USD_PPP,"US dollars, PPP converted",A,Annual,Q,Constant prices,MEAN,Mean,_Z,Not applicable,1992,,20292.394,,2024,,A,Normal value,0,Units,0,Zero
DATAFLOW,OECD.ELS.SAE:DSD_EARNINGS@AV_AN_WAGE(1.0),Average annual wages,I,MEX,Mexico,WG,Wages,USD_PPP,"US dollars, PPP converted",A,Annual,Q,Constant prices,MEAN,Mean,_Z,Not applicable,1993,,21323.049,,2024,,A,Normal value,0,Units,0,Zero
DATAFLOW,OECD.ELS.SAE:DSD_EARNINGS@AV_AN_WAGE(1.0),Average annual wages,I,MEX,Mexico,WG,Wages,USD_PPP,"US dollars, PPP converted",A,Annual,Q,Constant prices,MEAN,Mean,_Z,Not applicable,1994,,22016.029,,2024,,A,Normal value,0,Units,0,Zero
DATAFLOW,OECD.ELS.SAE:DSD_EARNINGS@AV_AN_WAGE(1.0),Average annual wages,I,MEX,Mexico,WG,Wages,USD_PPP,"US dollars, PPP converted",A,Annual,Q,Constant prices,MEAN,Mean,_Z,Not applicable,1995,,17773.579,,2024,,A,Normal value,0,Units,0,Zero
DATAFLOW,OECD.ELS.SAE:DSD_EARNINGS@AV_AN_WAGE(1.0),Average annual wages,I,MEX,Mexico,WG,Wages,USD_PPP,"US dollars, PPP converted",A,Annual,Q,Constant prices,MEAN,Mean,_Z,Not applicable,1996,,16635.146,,2024,,A,Normal value,0,Units,0,Zero
DATAFLOW,OECD.ELS.SAE:DSD_EARNINGS@AV_AN_WAGE(1.0),Average annual wages,I,MEX,Mexico,WG,Wages,USD_PPP,"US dollars, PPP converted",A,Annual,Q,Constant prices,MEAN,Mean,_Z,Not applicable,1997,,17454.031,,2024,,A,Normal value,0,Units,0,Zero
DATAFLOW,OECD.ELS.SAE:DSD_EARNINGS@AV_AN_WAGE(1.0),Average annual wages,I,MEX,Mexico,WG,Wages,USD_PPP,"US dollars, PPP converted",A,Annual,Q,Constant prices,MEAN,Mean,_Z,Not applicable,1998,,18415.641,,2024,,A,Normal value,0,Units,0,Zero
DATAFLOW,OECD.ELS.SAE:DSD_EARNINGS@AV_AN_WAGE(1.0),Average annual wages,I,MEX,Mexico,WG,Wages,USD_PPP,"US dollars, PPP converted",A,Annual,Q,Constant prices,MEAN,Mean,_Z,Not applicable,1999,,19417.839,,2024,,A,Normal value,0,Units,0,Zero
DATAFLOW,OECD.ELS.SAE:DSD_EARNINGS@AV_AN_WAGE(1.0),Average annual wages,I,MEX,Mexico,WG,Wages,USD_PPP,"US dollars, PPP converted",A,Annual,Q,Constant prices,MEAN,Mean,_Z,Not applicable,2000,,20612.173,,2024,,A,Normal value,0,Units,0,Zero
DATAFLOW,OECD.ELS.SAE:DSD_EARNINGS@AV_AN_WAGE(1.0),Average annual wages,I,MEX,Mexico,WG,Wages,USD_PPP,"US dollars, PPP converted",A,Annual,Q,Constant prices,MEAN,Mean,_Z,Not applicable,2001,,22095.01,,2024,,A,Normal value,0,Units,0,Zero
DATAFLOW,OECD.ELS.SAE:DSD_EARNINGS@AV_AN_WAGE(1.0),Average annual wages,I,MEX,Mexico,WG,Wages,USD_PPP,"US dollars, PPP converted",A,Annual,Q,Constant prices,MEAN,Mean,_Z,Not applicable,2002,,22247.714,,2024,,A,Normal value,0,Units,0,Zero
DATAFLOW,OECD.ELS.SAE:DSD_EARNINGS@AV_AN_WAGE(1.0),Average annual wages,I,MEX,Mexico,WG,Wages,USD_PPP,"US dollars, PPP converted",A,Annual,Q,Constant prices,MEAN,Mean,_Z,Not applicable,2003,,22525.988,,2024,,A,Normal value,0,Units,0,Zero
DATAFLOW,OECD.ELS.SAE:DSD_EARNINGS@AV_AN_WAGE(1.0),Average annual wages,I,MEX,Mexico,WG,Wages,USD_PPP,"US dollars, PPP converted",A,Annual,Q,Constant prices,MEAN,Mean,_Z,Not applicable,2004,,21723.603,,2024,,A,Normal value,0,Units,0,Zero
DATAFLOW,OECD.ELS.SAE:DSD_EARNINGS@AV_AN_WAGE(1.0),Average annual wages,I,MEX,Mexico,WG,Wages,USD_PPP,"US dollars, PPP converted",A,Annual,Q,Constant prices,MEAN,Mean,_Z,Not applicable,2005,,21546.183,,2024,,A,Normal value,0,Units,0,Zero
DATAFLOW,OECD.ELS.SAE:DSD_EARNINGS@AV_AN_WAGE(1.0),Average annual wages,I,MEX,Mexico,WG,Wages,USD_PPP,"US dollars, PPP converted",A,Annual,Q,Constant prices,MEAN,Mean,_Z,Not applicable,2006,,21698.447,,2024,,A,Normal value,0,Units,0,Zero
DATAFLOW,OECD.ELS.SAE:DSD_EARNINGS@AV_AN_WAGE(1.0),Average annual wages,I,MEX,Mexico,WG,Wages,USD_PPP,"US dollars, PPP converted",A,Annual,Q,Constant prices,MEAN,Mean,_Z,Not applicable,2007,,21469.123,,2024,,A,Normal value,0,Units,0,Zero
DATAFLOW,OECD.ELS.SAE:DSD_EARNINGS@AV_AN_WAGE(1.0),Average annual wages,I,MEX,Mexico,WG,Wages,USD_PPP,"US dollars, PPP converted",A,Annual,Q,Constant prices,MEAN,Mean,_Z,Not applicable,2008,,20972.835,,2024,,A,Normal value,0,Units,0,Zero
DATAFLOW,OECD.ELS.SAE:DSD_EARNINGS@AV_AN_WAGE(1.0),Average annual wages,I,MEX,Mexico,WG,Wages,USD_PPP,"US dollars, PPP converted",A,Annual,Q,Constant prices,MEAN,Mean,_Z,Not applicable,2009,,20942.67,,2024,,A,Normal value,0,Units,0,Zero
DATAFLOW,OECD.ELS.SAE:DSD_EARNINGS@AV_AN_WAGE(1.0),Average annual wages,I,MEX,Mexico,WG,Wages,USD_PPP,"US dollars, PPP converted",A,Annual,Q,Constant prices,MEAN,Mean,_Z,Not applicable,2010,,19315.622,,2024,,A,Normal value,0,Units,0,Zero
DATAFLOW,OECD.ELS.SAE:DSD_EARNINGS@AV_AN_WAGE(1.0),Average annual wages,I,MEX,Mexico,WG,Wages,USD_PPP,"US dollars, PPP converted",A,Annual,Q,Constant prices,MEAN,Mean,_Z,Not applicable,2011,,19793.416,,2024,,A,Normal value,0,Units,0,Zero
DATAFLOW,OECD.ELS.SAE:DSD_EARNINGS@AV_AN_WAGE(1.0),Average annual wages,I,MEX,Mexico,WG,Wages,USD_PPP,"US dollars, PPP converted",A,Annual,Q,Constant prices,MEAN,Mean,_Z,Not applicable,2012,,19539.082,,2024,,A,Normal value,0,Units,0,Zero
DATAFLOW,OECD.ELS.SAE:DSD_EARNINGS@AV_AN_WAGE(1.0),Average annual wages,I,MEX,Mexico,WG,Wages,USD_PPP,"US dollars, PPP converted",A,Annual,Q,Constant prices,MEAN,Mean,_Z,Not applicable,2013,,19963.584,,2024,,A,Normal value,0,Units,0,Zero
DATAFLOW,OECD.ELS.SAE:DSD_EARNINGS@AV_AN_WAGE(1.0),Average annual wages,I,MEX,Mexico,WG,Wages,USD_PPP,"US dollars, PPP converted",A,Annual,Q,Constant prices,MEAN,Mean,_Z,Not applicable,2014,,19825.837,,2024,,A,Normal value,0,Units,0,Zero
DATAFLOW,OECD.ELS.SAE:DSD_EARNINGS@AV_AN_WAGE(1.0),Average annual wages,I,MEX,Mexico,WG,Wages,USD_PPP,"US dollars, PPP converted",A,Annual,Q,Constant prices,MEAN,Mean,_Z,Not applicable,2015,,20463.008,,2024,,A,Normal value,0,Units,0,Zero
DATAFLOW,OECD.ELS.SAE:DSD_EARNINGS@AV_AN_WAGE(1.0),Average annual wages,I,MEX,Mexico,WG,Wages,USD_PPP,"US dollars, PPP converted",A,Annual,Q,Constant prices,MEAN,Mean,_Z,Not applicable,2016,,20027.502,,2024,,A,Normal value,0,Units,0,Zero
DATAFLOW,OECD.ELS.SAE:DSD_EARNINGS@AV_AN_WAGE(1.0),Average annual wages,I,MEX,Mexico,WG,Wages,USD_PPP,"US dollars, PPP converted",A,Annual,Q,Constant prices,MEAN,Mean,_Z,Not applicable,2017,,19870.514,,2024,,A,Normal value,0,Units,0,Zero
DATAFLOW,OECD.ELS.SAE:DSD_EARNINGS@AV_AN_WAGE(1.0),Average annual wages,I,MEX,Mexico,WG,Wages,USD_PPP,"US dollars, PPP converted",A,Annual,Q,Constant prices,MEAN,Mean,_Z,Not applicable,2018,,20213.734,,2024,,A,Normal value,0,Units,0,Zero
DATAFLOW,OECD.ELS.SAE:DSD_EARNINGS@AV_AN_WAGE(1.0),Average annual wages,I,MEX,Mexico,WG,Wages,USD_PPP,"US dollars, PPP converted",A,Annual,Q,Constant prices,MEAN,Mean,_Z,Not applicable,2019,,20570.182,,2024,,A,Normal value,0,Units,0,Zero
DATAFLOW,OECD.ELS.SAE:DSD_EARNINGS@AV_AN_WAGE(1.0),Average annual wages,I,MEX,Mexico,WG,Wages,USD_PPP,"US dollars, PPP converted",A,Annual,Q,Constant prices,MEAN,Mean,_Z,Not applicable,2020,,19801.314,,2024,,A,Normal value,0,Units,0,Zero
DATAFLOW,OECD.ELS.SAE:DSD_EARNINGS@AV_AN_WAGE(1.0),Average annual wages,I,MEX,Mexico,WG,Wages,USD_PPP,"US dollars, PPP converted",A,Annual,Q,Constant prices,MEAN,Mean,_Z,Not applicable,2021,,20366.145,,2024,,A,Normal value,0,Units,0,Zero
DATAFLOW,OECD.ELS.SAE:DSD_EARNINGS@AV_AN_WAGE(1.0),Average annual wages,I,MEX,Mexico,WG,Wages,USD_PPP,"US dollars, PPP converted",A,Annual,Q,Constant prices,MEAN,Mean,_Z,Not applicable,2022,,20606.929,,2024,,A,Normal value,0,Units,0,Zero
DATAFLOW,OECD.ELS.SAE:DSD_EARNINGS@AV_AN_WAGE(1.0),Average annual wages,I,MEX,Mexico,WG,Wages,USD_PPP,"US dollars, PPP converted",A,Annual,Q,Constant prices,MEAN,Mean,_Z,Not applicable,2023,,20835.526,,2024,,A,Normal value,0,Units,0,Zero
DATAFLOW,OECD.ELS.SAE:DSD_EARNINGS@AV_AN_WAGE(1.0),Average annual wages,I,MEX,Mexico,WG,Wages,USD_PPP,"US dollars, PPP converted",A,Annual,Q,Constant prices,MEAN,Mean,_Z,Not applicable,2024,,20422.85,,2024,,A,Normal value,0,Units,0,Zero
DATAFLOW,OECD.ELS.SAE:DSD_EARNINGS@AV_AN_WAGE(1.0),Average annual wages,I,NLD,Netherlands,WG,Wages,USD_PPP,"US dollars, PPP converted",A,Annual,Q,Constant prices,MEAN,Mean,_Z,Not applicable,1990,,70114.955,,2024,,A,Normal value,0,Units,0,Zero
DATAFLOW,OECD.ELS.SAE:DSD_EARNINGS@AV_AN_WAGE(1.0),Average annual wages,I,NLD,Netherlands,WG,Wages,USD_PPP,"US dollars, PPP converted",A,Annual,Q,Constant prices,MEAN,Mean,_Z,Not applicable,1991,,70664.115,,2024,,A,Normal value,0,Units,0,Zero
DATAFLOW,OECD.ELS.SAE:DSD_EARNINGS@AV_AN_WAGE(1.0),Average annual wages,I,NLD,Netherlands,WG,Wages,USD_PPP,"US dollars, PPP converted",A,Annual,Q,Constant prices,MEAN,Mean,_Z,Not applicable,1992,,71036.779,,2024,,A,Normal value,0,Units,0,Zero
DATAFLOW,OECD.ELS.SAE:DSD_EARNINGS@AV_AN_WAGE(1.0),Average annual wages,I,NLD,Netherlands,WG,Wages,USD_PPP,"US dollars, PPP converted",A,Annual,Q,Constant prices,MEAN,Mean,_Z,Not applicable,1993,,72232.747,,2024,,A,Normal value,0,Units,0,Zero
DATAFLOW,OECD.ELS.SAE:DSD_EARNINGS@AV_AN_WAGE(1.0),Average annual wages,I,NLD,Netherlands,WG,Wages,USD_PPP,"US dollars, PPP converted",A,Annual,Q,Constant prices,MEAN,Mean,_Z,Not applicable,1994,,72757.135,,2024,,A,Normal value,0,Units,0,Zero
DATAFLOW,OECD.ELS.SAE:DSD_EARNINGS@AV_AN_WAGE(1.0),Average annual wages,I,NLD,Netherlands,WG,Wages,USD_PPP,"US dollars, PPP converted",A,Annual,Q,Constant prices,MEAN,Mean,_Z,Not applicable,1995,,71342.972,,2024,,A,Normal value,0,Units,0,Zero
DATAFLOW,OECD.ELS.SAE:DSD_EARNINGS@AV_AN_WAGE(1.0),Average annual wages,I,NLD,Netherlands,WG,Wages,USD_PPP,"US dollars, PPP converted",A,Annual,Q,Constant prices,MEAN,Mean,_Z,Not applicable,1996,,71105.818,,2024,,A,Normal value,0,Units,0,Zero
DATAFLOW,OECD.ELS.SAE:DSD_EARNINGS@AV_AN_WAGE(1.0),Average annual wages,I,NLD,Netherlands,WG,Wages,USD_PPP,"US dollars, PPP converted",A,Annual,Q,Constant prices,MEAN,Mean,_Z,Not applicable,1997,,71327.592,,2024,,A,Normal value,0,Units,0,Zero
DATAFLOW,OECD.ELS.SAE:DSD_EARNINGS@AV_AN_WAGE(1.0),Average annual wages,I,NLD,Netherlands,WG,Wages,USD_PPP,"US dollars, PPP converted",A,Annual,Q,Constant prices,MEAN,Mean,_Z,Not applicable,1998,,69043.97,,2024,,A,Normal value,0,Units,0,Zero
DATAFLOW,OECD.ELS.SAE:DSD_EARNINGS@AV_AN_WAGE(1.0),Average annual wages,I,NLD,Netherlands,WG,Wages,USD_PPP,"US dollars, PPP converted",A,Annual,Q,Constant prices,MEAN,Mean,_Z,Not applicable,1999,,70362.751,,2024,,A,Normal value,0,Units,0,Zero
DATAFLOW,OECD.ELS.SAE:DSD_EARNINGS@AV_AN_WAGE(1.0),Average annual wages,I,NLD,Netherlands,WG,Wages,USD_PPP,"US dollars, PPP converted",A,Annual,Q,Constant prices,MEAN,Mean,_Z,Not applicable,2000,,72084.869,,2024,,A,Normal value,0,Units,0,Zero
DATAFLOW,OECD.ELS.SAE:DSD_EARNINGS@AV_AN_WAGE(1.0),Average annual wages,I,NLD,Netherlands,WG,Wages,USD_PPP,"US dollars, PPP converted",A,Annual,Q,Constant prices,MEAN,Mean,_Z,Not applicable,2001,,73154.48,,2024,,A,Normal value,0,Units,0,Zero
DATAFLOW,OECD.ELS.SAE:DSD_EARNINGS@AV_AN_WAGE(1.0),Average annual wages,I,NLD,Netherlands,WG,Wages,USD_PPP,"US dollars, PPP converted",A,Annual,Q,Constant prices,MEAN,Mean,_Z,Not applicable,2002,,73381.387,,2024,,A,Normal value,0,Units,0,Zero
DATAFLOW,OECD.ELS.SAE:DSD_EARNINGS@AV_AN_WAGE(1.0),Average annual wages,I,NLD,Netherlands,WG,Wages,USD_PPP,"US dollars, PPP converted",A,Annual,Q,Constant prices,MEAN,Mean,_Z,Not applicable,2003,,73899.22,,2024,,A,Normal value,0,Units,0,Zero
DATAFLOW,OECD.ELS.SAE:DSD_EARNINGS@AV_AN_WAGE(1.0),Average annual wages,I,NLD,Netherlands,WG,Wages,USD_PPP,"US dollars, PPP converted",A,Annual,Q,Constant prices,MEAN,Mean,_Z,Not applicable,2004,,75061.66,,2024,,A,Normal value,0,Units,0,Zero
DATAFLOW,OECD.ELS.SAE:DSD_EARNINGS@AV_AN_WAGE(1.0),Average annual wages,I,NLD,Netherlands,WG,Wages,USD_PPP,"US dollars, PPP converted",A,Annual,Q,Constant prices,MEAN,Mean,_Z,Not applicable,2005,,75061.284,,2024,,A,Normal value,0,Units,0,Zero
DATAFLOW,OECD.ELS.SAE:DSD_EARNINGS@AV_AN_WAGE(1.0),Average annual wages,I,NLD,Netherlands,WG,Wages,USD_PPP,"US dollars, PPP converted",A,Annual,Q,Constant prices,MEAN,Mean,_Z,Not applicable,2006,,74897.943,,2024,,A,Normal value,0,Units,0,Zero
DATAFLOW,OECD.ELS.SAE:DSD_EARNINGS@AV_AN_WAGE(1.0),Average annual wages,I,NLD,Netherlands,WG,Wages,USD_PPP,"US dollars, PPP converted",A,Annual,Q,Constant prices,MEAN,Mean,_Z,Not applicable,2007,,75941.883,,2024,,A,Normal value,0,Units,0,Zero
DATAFLOW,OECD.ELS.SAE:DSD_EARNINGS@AV_AN_WAGE(1.0),Average annual wages,I,NLD,Netherlands,WG,Wages,USD_PPP,"US dollars, PPP converted",A,Annual,Q,Constant prices,MEAN,Mean,_Z,Not applicable,2008,,76402.584,,2024,,A,Normal value,0,Units,0,Zero
DATAFLOW,OECD.ELS.SAE:DSD_EARNINGS@AV_AN_WAGE(1.0),Average annual wages,I,NLD,Netherlands,WG,Wages,USD_PPP,"US dollars, PPP converted",A,Annual,Q,Constant prices,MEAN,Mean,_Z,Not applicable,2009,,79334.372,,2024,,A,Normal value,0,Units,0,Zero
DATAFLOW,OECD.ELS.SAE:DSD_EARNINGS@AV_AN_WAGE(1.0),Average annual wages,I,NLD,Netherlands,WG,Wages,USD_PPP,"US dollars, PPP converted",A,Annual,Q,Constant prices,MEAN,Mean,_Z,Not applicable,2010,,79440.635,,2024,,A,Normal value,0,Units,0,Zero
DATAFLOW,OECD.ELS.SAE:DSD_EARNINGS@AV_AN_WAGE(1.0),Average annual wages,I,NLD,Netherlands,WG,Wages,USD_PPP,"US dollars, PPP converted",A,Annual,Q,Constant prices,MEAN,Mean,_Z,Not applicable,2011,,79184.004,,2024,,A,Normal value,0,Units,0,Zero
DATAFLOW,OECD.ELS.SAE:DSD_EARNINGS@AV_AN_WAGE(1.0),Average annual wages,I,NLD,Netherlands,WG,Wages,USD_PPP,"US dollars, PPP converted",A,Annual,Q,Constant prices,MEAN,Mean,_Z,Not applicable,2012,,79447.713,,2024,,A,Normal value,0,Units,0,Zero
DATAFLOW,OECD.ELS.SAE:DSD_EARNINGS@AV_AN_WAGE(1.0),Average annual wages,I,NLD,Netherlands,WG,Wages,USD_PPP,"US dollars, PPP converted",A,Annual,Q,Constant prices,MEAN,Mean,_Z,Not applicable,2013,,79685.527,,2024,,A,Normal value,0,Units,0,Zero
DATAFLOW,OECD.ELS.SAE:DSD_EARNINGS@AV_AN_WAGE(1.0),Average annual wages,I,NLD,Netherlands,WG,Wages,USD_PPP,"US dollars, PPP converted",A,Annual,Q,Constant prices,MEAN,Mean,_Z,Not applicable,2014,,79252.486,,2024,,A,Normal value,0,Units,0,Zero
DATAFLOW,OECD.ELS.SAE:DSD_EARNINGS@AV_AN_WAGE(1.0),Average annual wages,I,NLD,Netherlands,WG,Wages,USD_PPP,"US dollars, PPP converted",A,Annual,Q,Constant prices,MEAN,Mean,_Z,Not applicable,2015,,80217.997,,2024,,A,Normal value,0,Units,0,Zero
DATAFLOW,OECD.ELS.SAE:DSD_EARNINGS@AV_AN_WAGE(1.0),Average annual wages,I,NLD,Netherlands,WG,Wages,USD_PPP,"US dollars, PPP converted",A,Annual,Q,Constant prices,MEAN,Mean,_Z,Not applicable,2016,,80537.957,,2024,,A,Normal value,0,Units,0,Zero
DATAFLOW,OECD.ELS.SAE:DSD_EARNINGS@AV_AN_WAGE(1.0),Average annual wages,I,NLD,Netherlands,WG,Wages,USD_PPP,"US dollars, PPP converted",A,Annual,Q,Constant prices,MEAN,Mean,_Z,Not applicable,2017,,79950.742,,2024,,A,Normal value,0,Units,0,Zero
DATAFLOW,OECD.ELS.SAE:DSD_EARNINGS@AV_AN_WAGE(1.0),Average annual wages,I,NLD,Netherlands,WG,Wages,USD_PPP,"US dollars, PPP converted",A,Annual,Q,Constant prices,MEAN,Mean,_Z,Not applicable,2018,,79065.384,,2024,,A,Normal value,0,Units,0,Zero
DATAFLOW,OECD.ELS.SAE:DSD_EARNINGS@AV_AN_WAGE(1.0),Average annual wages,I,NLD,Netherlands,WG,Wages,USD_PPP,"US dollars, PPP converted",A,Annual,Q,Constant prices,MEAN,Mean,_Z,Not applicable,2019,,78508.106,,2024,,A,Normal value,0,Units,0,Zero
DATAFLOW,OECD.ELS.SAE:DSD_EARNINGS@AV_AN_WAGE(1.0),Average annual wages,I,NLD,Netherlands,WG,Wages,USD_PPP,"US dollars, PPP converted",A,Annual,Q,Constant prices,MEAN,Mean,_Z,Not applicable,2020,,80227.278,,2024,,A,Normal value,0,Units,0,Zero
DATAFLOW,OECD.ELS.SAE:DSD_EARNINGS@AV_AN_WAGE(1.0),Average annual wages,I,NLD,Netherlands,WG,Wages,USD_PPP,"US dollars, PPP converted",A,Annual,Q,Constant prices,MEAN,Mean,_Z,Not applicable,2021,,79311.801,,2024,,A,Normal value,0,Units,0,Zero
DATAFLOW,OECD.ELS.SAE:DSD_EARNINGS@AV_AN_WAGE(1.0),Average annual wages,I,NLD,Netherlands,WG,Wages,USD_PPP,"US dollars, PPP converted",A,Annual,Q,Constant prices,MEAN,Mean,_Z,Not applicable,2022,,76238.334,,2024,,A,Normal value,0,Units,0,Zero
DATAFLOW,OECD.ELS.SAE:DSD_EARNINGS@AV_AN_WAGE(1.0),Average annual wages,I,NLD,Netherlands,WG,Wages,USD_PPP,"US dollars, PPP converted",A,Annual,Q,Constant prices,MEAN,Mean,_Z,Not applicable,2023,,74549.094,,2024,,A,Normal value,0,Units,0,Zero
DATAFLOW,OECD.ELS.SAE:DSD_EARNINGS@AV_AN_WAGE(1.0),Average annual wages,I,NLD,Netherlands,WG,Wages,USD_PPP,"US dollars, PPP converted",A,Annual,Q,Constant prices,MEAN,Mean,_Z,Not applicable,2024,,75370.097,,2024,,A,Normal value,0,Units,0,Zero
DATAFLOW,OECD.ELS.SAE:DSD_EARNINGS@AV_AN_WAGE(1.0),Average annual wages,I,NZL,New Zealand,WG,Wages,USD_PPP,"US dollars, PPP converted",A,Annual,Q,Constant prices,MEAN,Mean,_Z,Not applicable,1990,,39903.928,,2024,,A,Normal value,0,Units,0,Zero
DATAFLOW,OECD.ELS.SAE:DSD_EARNINGS@AV_AN_WAGE(1.0),Average annual wages,I,NZL,New Zealand,WG,Wages,USD_PPP,"US dollars, PPP converted",A,Annual,Q,Constant prices,MEAN,Mean,_Z,Not applicable,1991,,38329.458,,2024,,A,Normal value,0,Units,0,Zero
DATAFLOW,OECD.ELS.SAE:DSD_EARNINGS@AV_AN_WAGE(1.0),Average annual wages,I,NZL,New Zealand,WG,Wages,USD_PPP,"US dollars, PPP converted",A,Annual,Q,Constant prices,MEAN,Mean,_Z,Not applicable,1992,,40019.254,,2024,,A,Normal value,0,Units,0,Zero
DATAFLOW,OECD.ELS.SAE:DSD_EARNINGS@AV_AN_WAGE(1.0),Average annual wages,I,NZL,New Zealand,WG,Wages,USD_PPP,"US dollars, PPP converted",A,Annual,Q,Constant prices,MEAN,Mean,_Z,Not applicable,1993,,41056.336,,2024,,A,Normal value,0,Units,0,Zero
DATAFLOW,OECD.ELS.SAE:DSD_EARNINGS@AV_AN_WAGE(1.0),Average annual wages,I,NZL,New Zealand,WG,Wages,USD_PPP,"US dollars, PPP converted",A,Annual,Q,Constant prices,MEAN,Mean,_Z,Not applicable,1994,,41780.195,,2024,,A,Normal value,0,Units,0,Zero
DATAFLOW,OECD.ELS.SAE:DSD_EARNINGS@AV_AN_WAGE(1.0),Average annual wages,I,NZL,New Zealand,WG,Wages,USD_PPP,"US dollars, PPP converted",A,Annual,Q,Constant prices,MEAN,Mean,_Z,Not applicable,1995,,41596.253,,2024,,A,Normal value,0,Units,0,Zero
DATAFLOW,OECD.ELS.SAE:DSD_EARNINGS@AV_AN_WAGE(1.0),Average annual wages,I,NZL,New Zealand,WG,Wages,USD_PPP,"US dollars, PPP converted",A,Annual,Q,Constant prices,MEAN,Mean,_Z,Not applicable,1996,,42278.136,,2024,,A,Normal value,0,Units,0,Zero
DATAFLOW,OECD.ELS.SAE:DSD_EARNINGS@AV_AN_WAGE(1.0),Average annual wages,I,NZL,New Zealand,WG,Wages,USD_PPP,"US dollars, PPP converted",A,Annual,Q,Constant prices,MEAN,Mean,_Z,Not applicable,1997,,43478.166,,2024,,A,Normal value,0,Units,0,Zero
DATAFLOW,OECD.ELS.SAE:DSD_EARNINGS@AV_AN_WAGE(1.0),Average annual wages,I,NZL,New Zealand,WG,Wages,USD_PPP,"US dollars, PPP converted",A,Annual,Q,Constant prices,MEAN,Mean,_Z,Not applicable,1998,,42765.356,,2024,,A,Normal value,0,Units,0,Zero
DATAFLOW,OECD.ELS.SAE:DSD_EARNINGS@AV_AN_WAGE(1.0),Average annual wages,I,NZL,New Zealand,WG,Wages,USD_PPP,"US dollars, PPP converted",A,Annual,Q,Constant prices,MEAN,Mean,_Z,Not applicable,1999,,42231.288,,2024,,A,Normal value,0,Units,0,Zero
DATAFLOW,OECD.ELS.SAE:DSD_EARNINGS@AV_AN_WAGE(1.0),Average annual wages,I,NZL,New Zealand,WG,Wages,USD_PPP,"US dollars, PPP converted",A,Annual,Q,Constant prices,MEAN,Mean,_Z,Not applicable,2000,,42401.147,,2024,,A,Normal value,0,Units,0,Zero
DATAFLOW,OECD.ELS.SAE:DSD_EARNINGS@AV_AN_WAGE(1.0),Average annual wages,I,NZL,New Zealand,WG,Wages,USD_PPP,"US dollars, PPP converted",A,Annual,Q,Constant prices,MEAN,Mean,_Z,Not applicable,2001,,43204.747,,2024,,A,Normal value,0,Units,0,Zero
DATAFLOW,OECD.ELS.SAE:DSD_EARNINGS@AV_AN_WAGE(1.0),Average annual wages,I,NZL,New Zealand,WG,Wages,USD_PPP,"US dollars, PPP converted",A,Annual,Q,Constant prices,MEAN,Mean,_Z,Not applicable,2002,,44002.86,,2024,,A,Normal value,0,Units,0,Zero
DATAFLOW,OECD.ELS.SAE:DSD_EARNINGS@AV_AN_WAGE(1.0),Average annual wages,I,NZL,New Zealand,WG,Wages,USD_PPP,"US dollars, PPP converted",A,Annual,Q,Constant prices,MEAN,Mean,_Z,Not applicable,2003,,45634.668,,2024,,A,Normal value,0,Units,0,Zero
DATAFLOW,OECD.ELS.SAE:DSD_EARNINGS@AV_AN_WAGE(1.0),Average annual wages,I,NZL,New Zealand,WG,Wages,USD_PPP,"US dollars, PPP converted",A,Annual,Q,Constant prices,MEAN,Mean,_Z,Not applicable,2004,,47232.702,,2024,,A,Normal value,0,Units,0,Zero
DATAFLOW,OECD.ELS.SAE:DSD_EARNINGS@AV_AN_WAGE(1.0),Average annual wages,I,NZL,New Zealand,WG,Wages,USD_PPP,"US dollars, PPP converted",A,Annual,Q,Constant prices,MEAN,Mean,_Z,Not applicable,2005,,48031.868,,2024,,A,Normal value,0,Units,0,Zero
DATAFLOW,OECD.ELS.SAE:DSD_EARNINGS@AV_AN_WAGE(1.0),Average annual wages,I,NZL,New Zealand,WG,Wages,USD_PPP,"US dollars, PPP converted",A,Annual,Q,Constant prices,MEAN,Mean,_Z,Not applicable,2006,,48326.759,,2024,,A,Normal value,0,Units,0,Zero
DATAFLOW,OECD.ELS.SAE:DSD_EARNINGS@AV_AN_WAGE(1.0),Average annual wages,I,NZL,New Zealand,WG,Wages,USD_PPP,"US dollars, PPP converted",A,Annual,Q,Constant prices,MEAN,Mean,_Z,Not applicable,2007,,51149.289,,2024,,A,Normal value,0,Units,0,Zero
DATAFLOW,OECD.ELS.SAE:DSD_EARNINGS@AV_AN_WAGE(1.0),Average annual wages,I,NZL,New Zealand,WG,Wages,USD_PPP,"US dollars, PPP converted",A,Annual,Q,Constant prices,MEAN,Mean,_Z,Not applicable,2008,,50555.355,,2024,,A,Normal value,0,Units,0,Zero
DATAFLOW,OECD.ELS.SAE:DSD_EARNINGS@AV_AN_WAGE(1.0),Average annual wages,I,NZL,New Zealand,WG,Wages,USD_PPP,"US dollars, PPP converted",A,Annual,Q,Constant prices,MEAN,Mean,_Z,Not applicable,2009,,51172.793,,2024,,A,Normal value,0,Units,0,Zero
DATAFLOW,OECD.ELS.SAE:DSD_EARNINGS@AV_AN_WAGE(1.0),Average annual wages,I,NZL,New Zealand,WG,Wages,USD_PPP,"US dollars, PPP converted",A,Annual,Q,Constant prices,MEAN,Mean,_Z,Not applicable,2010,,51733.264,,2024,,A,Normal value,0,Units,0,Zero
DATAFLOW,OECD.ELS.SAE:DSD_EARNINGS@AV_AN_WAGE(1.0),Average annual wages,I,NZL,New Zealand,WG,Wages,USD_PPP,"US dollars, PPP converted",A,Annual,Q,Constant prices,MEAN,Mean,_Z,Not applicable,2011,,51694.982,,2024,,A,Normal value,0,Units,0,Zero
DATAFLOW,OECD.ELS.SAE:DSD_EARNINGS@AV_AN_WAGE(1.0),Average annual wages,I,NZL,New Zealand,WG,Wages,USD_PPP,"US dollars, PPP converted",A,Annual,Q,Constant prices,MEAN,Mean,_Z,Not applicable,2012,,52811.673,,2024,,A,Normal value,0,Units,0,Zero
DATAFLOW,OECD.ELS.SAE:DSD_EARNINGS@AV_AN_WAGE(1.0),Average annual wages,I,NZL,New Zealand,WG,Wages,USD_PPP,"US dollars, PPP converted",A,Annual,Q,Constant prices,MEAN,Mean,_Z,Not applicable,2013,,52104.127,,2024,,A,Normal value,0,Units,0,Zero
DATAFLOW,OECD.ELS.SAE:DSD_EARNINGS@AV_AN_WAGE(1.0),Average annual wages,I,NZL,New Zealand,WG,Wages,USD_PPP,"US dollars, PPP converted",A,Annual,Q,Constant prices,MEAN,Mean,_Z,Not applicable,2014,,52307.73,,2024,,A,Normal value,0,Units,0,Zero
DATAFLOW,OECD.ELS.SAE:DSD_EARNINGS@AV_AN_WAGE(1.0),Average annual wages,I,NZL,New Zealand,WG,Wages,USD_PPP,"US dollars, PPP converted",A,Annual,Q,Constant prices,MEAN,Mean,_Z,Not applicable,2015,,53250.01,,2024,,A,Normal value,0,Units,0,Zero
DATAFLOW,OECD.ELS.SAE:DSD_EARNINGS@AV_AN_WAGE(1.0),Average annual wages,I,NZL,New Zealand,WG,Wages,USD_PPP,"US dollars, PPP converted",A,Annual,Q,Constant prices,MEAN,Mean,_Z,Not applicable,2016,,54984.814,,2024,,A,Normal value,0,Units,0,Zero
DATAFLOW,OECD.ELS.SAE:DSD_EARNINGS@AV_AN_WAGE(1.0),Average annual wages,I,NZL,New Zealand,WG,Wages,USD_PPP,"US dollars, PPP converted",A,Annual,Q,Constant prices,MEAN,Mean,_Z,Not applicable,2017,,55362.023,,2024,,A,Normal value,0,Units,0,Zero
DATAFLOW,OECD.ELS.SAE:DSD_EARNINGS@AV_AN_WAGE(1.0),Average annual wages,I,NZL,New Zealand,WG,Wages,USD_PPP,"US dollars, PPP converted",A,Annual,Q,Constant prices,MEAN,Mean,_Z,Not applicable,2018,,56744.507,,2024,,A,Normal value,0,Units,0,Zero
DATAFLOW,OECD.ELS.SAE:DSD_EARNINGS@AV_AN_WAGE(1.0),Average annual wages,I,NZL,New Zealand,WG,Wages,USD_PPP,"US dollars, PPP converted",A,Annual,Q,Constant prices,MEAN,Mean,_Z,Not applicable,2019,,58453.96,,2024,,A,Normal value,0,Units,0,Zero
DATAFLOW,OECD.ELS.SAE:DSD_EARNINGS@AV_AN_WAGE(1.0),Average annual wages,I,NZL,New Zealand,WG,Wages,USD_PPP,"US dollars, PPP converted",A,Annual,Q,Constant prices,MEAN,Mean,_Z,Not applicable,2020,,59982.433,,2024,,A,Normal value,0,Units,0,Zero
DATAFLOW,OECD.ELS.SAE:DSD_EARNINGS@AV_AN_WAGE(1.0),Average annual wages,I,NZL,New Zealand,WG,Wages,USD_PPP,"US dollars, PPP converted",A,Annual,Q,Constant prices,MEAN,Mean,_Z,Not applicable,2021,,62548.88,,2024,,A,Normal value,0,Units,0,Zero
DATAFLOW,OECD.ELS.SAE:DSD_EARNINGS@AV_AN_WAGE(1.0),Average annual wages,I,NZL,New Zealand,WG,Wages,USD_PPP,"US dollars, PPP converted",A,Annual,Q,Constant prices,MEAN,Mean,_Z,Not applicable,2022,,61835.637,,2024,,A,Normal value,0,Units,0,Zero
DATAFLOW,OECD.ELS.SAE:DSD_EARNINGS@AV_AN_WAGE(1.0),Average annual wages,I,NZL,New Zealand,WG,Wages,USD_PPP,"US dollars, PPP converted",A,Annual,Q,Constant prices,MEAN,Mean,_Z,Not applicable,2023,,61949.652,,2024,,A,Normal value,0,Units,0,Zero
DATAFLOW,OECD.ELS.SAE:DSD_EARNINGS@AV_AN_WAGE(1.0),Average annual wages,I,NZL,New Zealand,WG,Wages,USD_PPP,"US dollars, PPP converted",A,Annual,Q,Constant prices,MEAN,Mean,_Z,Not applicable,2024,,62436.576,,2024,,A,Normal value,0,Units,0,Zero
DATAFLOW,OECD.ELS.SAE:DSD_EARNINGS@AV_AN_WAGE(1.0),Average annual wages,I,NOR,Norway,WG,Wages,USD_PPP,"US dollars, PPP converted",A,Annual,Q,Constant prices,MEAN,Mean,_Z,Not applicable,1990,,42752.685,,2024,,A,Normal value,0,Units,0,Zero
DATAFLOW,OECD.ELS.SAE:DSD_EARNINGS@AV_AN_WAGE(1.0),Average annual wages,I,NOR,Norway,WG,Wages,USD_PPP,"US dollars, PPP converted",A,Annual,Q,Constant prices,MEAN,Mean,_Z,Not applicable,1991,,43225.954,,2024,,A,Normal value,0,Units,0,Zero
DATAFLOW,OECD.ELS.SAE:DSD_EARNINGS@AV_AN_WAGE(1.0),Average annual wages,I,NOR,Norway,WG,Wages,USD_PPP,"US dollars, PPP converted",A,Annual,Q,Constant prices,MEAN,Mean,_Z,Not applicable,1992,,43778.379,,2024,,A,Normal value,0,Units,0,Zero
DATAFLOW,OECD.ELS.SAE:DSD_EARNINGS@AV_AN_WAGE(1.0),Average annual wages,I,NOR,Norway,WG,Wages,USD_PPP,"US dollars, PPP converted",A,Annual,Q,Constant prices,MEAN,Mean,_Z,Not applicable,1993,,44195.999,,2024,,A,Normal value,0,Units,0,Zero
DATAFLOW,OECD.ELS.SAE:DSD_EARNINGS@AV_AN_WAGE(1.0),Average annual wages,I,NOR,Norway,WG,Wages,USD_PPP,"US dollars, PPP converted",A,Annual,Q,Constant prices,MEAN,Mean,_Z,Not applicable,1994,,45097.035,,2024,,A,Normal value,0,Units,0,Zero
DATAFLOW,OECD.ELS.SAE:DSD_EARNINGS@AV_AN_WAGE(1.0),Average annual wages,I,NOR,Norway,WG,Wages,USD_PPP,"US dollars, PPP converted",A,Annual,Q,Constant prices,MEAN,Mean,_Z,Not applicable,1995,,45518.22,,2024,,A,Normal value,0,Units,0,Zero
DATAFLOW,OECD.ELS.SAE:DSD_EARNINGS@AV_AN_WAGE(1.0),Average annual wages,I,NOR,Norway,WG,Wages,USD_PPP,"US dollars, PPP converted",A,Annual,Q,Constant prices,MEAN,Mean,_Z,Not applicable,1996,,46876.329,,2024,,A,Normal value,0,Units,0,Zero
DATAFLOW,OECD.ELS.SAE:DSD_EARNINGS@AV_AN_WAGE(1.0),Average annual wages,I,NOR,Norway,WG,Wages,USD_PPP,"US dollars, PPP converted",A,Annual,Q,Constant prices,MEAN,Mean,_Z,Not applicable,1997,,47911.593,,2024,,A,Normal value,0,Units,0,Zero
DATAFLOW,OECD.ELS.SAE:DSD_EARNINGS@AV_AN_WAGE(1.0),Average annual wages,I,NOR,Norway,WG,Wages,USD_PPP,"US dollars, PPP converted",A,Annual,Q,Constant prices,MEAN,Mean,_Z,Not applicable,1998,,49674.126,,2024,,A,Normal value,0,Units,0,Zero
DATAFLOW,OECD.ELS.SAE:DSD_EARNINGS@AV_AN_WAGE(1.0),Average annual wages,I,NOR,Norway,WG,Wages,USD_PPP,"US dollars, PPP converted",A,Annual,Q,Constant prices,MEAN,Mean,_Z,Not applicable,1999,,51276.372,,2024,,A,Normal value,0,Units,0,Zero
DATAFLOW,OECD.ELS.SAE:DSD_EARNINGS@AV_AN_WAGE(1.0),Average annual wages,I,NOR,Norway,WG,Wages,USD_PPP,"US dollars, PPP converted",A,Annual,Q,Constant prices,MEAN,Mean,_Z,Not applicable,2000,,51727.496,,2024,,A,Normal value,0,Units,0,Zero
DATAFLOW,OECD.ELS.SAE:DSD_EARNINGS@AV_AN_WAGE(1.0),Average annual wages,I,NOR,Norway,WG,Wages,USD_PPP,"US dollars, PPP converted",A,Annual,Q,Constant prices,MEAN,Mean,_Z,Not applicable,2001,,53173.878,,2024,,A,Normal value,0,Units,0,Zero
DATAFLOW,OECD.ELS.SAE:DSD_EARNINGS@AV_AN_WAGE(1.0),Average annual wages,I,NOR,Norway,WG,Wages,USD_PPP,"US dollars, PPP converted",A,Annual,Q,Constant prices,MEAN,Mean,_Z,Not applicable,2002,,55148.571,,2024,,A,Normal value,0,Units,0,Zero
DATAFLOW,OECD.ELS.SAE:DSD_EARNINGS@AV_AN_WAGE(1.0),Average annual wages,I,NOR,Norway,WG,Wages,USD_PPP,"US dollars, PPP converted",A,Annual,Q,Constant prices,MEAN,Mean,_Z,Not applicable,2003,,55876.392,,2024,,A,Normal value,0,Units,0,Zero
DATAFLOW,OECD.ELS.SAE:DSD_EARNINGS@AV_AN_WAGE(1.0),Average annual wages,I,NOR,Norway,WG,Wages,USD_PPP,"US dollars, PPP converted",A,Annual,Q,Constant prices,MEAN,Mean,_Z,Not applicable,2004,,57758.464,,2024,,A,Normal value,0,Units,0,Zero
DATAFLOW,OECD.ELS.SAE:DSD_EARNINGS@AV_AN_WAGE(1.0),Average annual wages,I,NOR,Norway,WG,Wages,USD_PPP,"US dollars, PPP converted",A,Annual,Q,Constant prices,MEAN,Mean,_Z,Not applicable,2005,,59426.977,,2024,,A,Normal value,0,Units,0,Zero
DATAFLOW,OECD.ELS.SAE:DSD_EARNINGS@AV_AN_WAGE(1.0),Average annual wages,I,NOR,Norway,WG,Wages,USD_PPP,"US dollars, PPP converted",A,Annual,Q,Constant prices,MEAN,Mean,_Z,Not applicable,2006,,61799.096,,2024,,A,Normal value,0,Units,0,Zero
DATAFLOW,OECD.ELS.SAE:DSD_EARNINGS@AV_AN_WAGE(1.0),Average annual wages,I,NOR,Norway,WG,Wages,USD_PPP,"US dollars, PPP converted",A,Annual,Q,Constant prices,MEAN,Mean,_Z,Not applicable,2007,,64542.772,,2024,,A,Normal value,0,Units,0,Zero
DATAFLOW,OECD.ELS.SAE:DSD_EARNINGS@AV_AN_WAGE(1.0),Average annual wages,I,NOR,Norway,WG,Wages,USD_PPP,"US dollars, PPP converted",A,Annual,Q,Constant prices,MEAN,Mean,_Z,Not applicable,2008,,65899.843,,2024,,A,Normal value,0,Units,0,Zero
DATAFLOW,OECD.ELS.SAE:DSD_EARNINGS@AV_AN_WAGE(1.0),Average annual wages,I,NOR,Norway,WG,Wages,USD_PPP,"US dollars, PPP converted",A,Annual,Q,Constant prices,MEAN,Mean,_Z,Not applicable,2009,,66588.673,,2024,,A,Normal value,0,Units,0,Zero
DATAFLOW,OECD.ELS.SAE:DSD_EARNINGS@AV_AN_WAGE(1.0),Average annual wages,I,NOR,Norway,WG,Wages,USD_PPP,"US dollars, PPP converted",A,Annual,Q,Constant prices,MEAN,Mean,_Z,Not applicable,2010,,67461.662,,2024,,A,Normal value,0,Units,0,Zero
DATAFLOW,OECD.ELS.SAE:DSD_EARNINGS@AV_AN_WAGE(1.0),Average annual wages,I,NOR,Norway,WG,Wages,USD_PPP,"US dollars, PPP converted",A,Annual,Q,Constant prices,MEAN,Mean,_Z,Not applicable,2011,,69832.75,,2024,,A,Normal value,0,Units,0,Zero
DATAFLOW,OECD.ELS.SAE:DSD_EARNINGS@AV_AN_WAGE(1.0),Average annual wages,I,NOR,Norway,WG,Wages,USD_PPP,"US dollars, PPP converted",A,Annual,Q,Constant prices,MEAN,Mean,_Z,Not applicable,2012,,71736.757,,2024,,A,Normal value,0,Units,0,Zero
DATAFLOW,OECD.ELS.SAE:DSD_EARNINGS@AV_AN_WAGE(1.0),Average annual wages,I,NOR,Norway,WG,Wages,USD_PPP,"US dollars, PPP converted",A,Annual,Q,Constant prices,MEAN,Mean,_Z,Not applicable,2013,,73205.926,,2024,,A,Normal value,0,Units,0,Zero
DATAFLOW,OECD.ELS.SAE:DSD_EARNINGS@AV_AN_WAGE(1.0),Average annual wages,I,NOR,Norway,WG,Wages,USD_PPP,"US dollars, PPP converted",A,Annual,Q,Constant prices,MEAN,Mean,_Z,Not applicable,2014,,73536.862,,2024,,A,Normal value,0,Units,0,Zero
DATAFLOW,OECD.ELS.SAE:DSD_EARNINGS@AV_AN_WAGE(1.0),Average annual wages,I,NOR,Norway,WG,Wages,USD_PPP,"US dollars, PPP converted",A,Annual,Q,Constant prices,MEAN,Mean,_Z,Not applicable,2015,,73904.025,,2024,,A,Normal value,0,Units,0,Zero
DATAFLOW,OECD.ELS.SAE:DSD_EARNINGS@AV_AN_WAGE(1.0),Average annual wages,I,NOR,Norway,WG,Wages,USD_PPP,"US dollars, PPP converted",A,Annual,Q,Constant prices,MEAN,Mean,_Z,Not applicable,2016,,72707.21,,2024,,A,Normal value,0,Units,0,Zero
DATAFLOW,OECD.ELS.SAE:DSD_EARNINGS@AV_AN_WAGE(1.0),Average annual wages,I,NOR,Norway,WG,Wages,USD_PPP,"US dollars, PPP converted",A,Annual,Q,Constant prices,MEAN,Mean,_Z,Not applicable,2017,,72524.731,,2024,,A,Normal value,0,Units,0,Zero
DATAFLOW,OECD.ELS.SAE:DSD_EARNINGS@AV_AN_WAGE(1.0),Average annual wages,I,NOR,Norway,WG,Wages,USD_PPP,"US dollars, PPP converted",A,Annual,Q,Constant prices,MEAN,Mean,_Z,Not applicable,2018,,72871.271,,2024,,A,Normal value,0,Units,0,Zero
DATAFLOW,OECD.ELS.SAE:DSD_EARNINGS@AV_AN_WAGE(1.0),Average annual wages,I,NOR,Norway,WG,Wages,USD_PPP,"US dollars, PPP converted",A,Annual,Q,Constant prices,MEAN,Mean,_Z,Not applicable,2019,,74180.068,,2024,,A,Normal value,0,Units,0,Zero
DATAFLOW,OECD.ELS.SAE:DSD_EARNINGS@AV_AN_WAGE(1.0),Average annual wages,I,NOR,Norway,WG,Wages,USD_PPP,"US dollars, PPP converted",A,Annual,Q,Constant prices,MEAN,Mean,_Z,Not applicable,2020,,74389.481,,2024,,A,Normal value,0,Units,0,Zero
DATAFLOW,OECD.ELS.SAE:DSD_EARNINGS@AV_AN_WAGE(1.0),Average annual wages,I,NOR,Norway,WG,Wages,USD_PPP,"US dollars, PPP converted",A,Annual,Q,Constant prices,MEAN,Mean,_Z,Not applicable,2021,,76396.354,,2024,,A,Normal value,0,Units,0,Zero
DATAFLOW,OECD.ELS.SAE:DSD_EARNINGS@AV_AN_WAGE(1.0),Average annual wages,I,NOR,Norway,WG,Wages,USD_PPP,"US dollars, PPP converted",A,Annual,Q,Constant prices,MEAN,Mean,_Z,Not applicable,2022,,75862.057,,2024,,A,Normal value,0,Units,0,Zero
DATAFLOW,OECD.ELS.SAE:DSD_EARNINGS@AV_AN_WAGE(1.0),Average annual wages,I,NOR,Norway,WG,Wages,USD_PPP,"US dollars, PPP converted",A,Annual,Q,Constant prices,MEAN,Mean,_Z,Not applicable,2023,,75026.67,,2024,,A,Normal value,0,Units,0,Zero
DATAFLOW,OECD.ELS.SAE:DSD_EARNINGS@AV_AN_WAGE(1.0),Average annual wages,I,NOR,Norway,WG,Wages,USD_PPP,"US dollars, PPP converted",A,Annual,Q,Constant prices,MEAN,Mean,_Z,Not applicable,2024,,74863.73,,2024,,A,Normal value,0,Units,0,Zero
DATAFLOW,OECD.ELS.SAE:DSD_EARNINGS@AV_AN_WAGE(1.0),Average annual wages,I,POL,Poland,WG,Wages,USD_PPP,"US dollars, PPP converted",A,Annual,Q,Constant prices,MEAN,Mean,_Z,Not applicable,1995,,21255.922,,2024,,A,Normal value,0,Units,0,Zero
DATAFLOW,OECD.ELS.SAE:DSD_EARNINGS@AV_AN_WAGE(1.0),Average annual wages,I,POL,Poland,WG,Wages,USD_PPP,"US dollars, PPP converted",A,Annual,Q,Constant prices,MEAN,Mean,_Z,Not applicable,1996,,22952.826,,2024,,A,Normal value,0,Units,0,Zero
DATAFLOW,OECD.ELS.SAE:DSD_EARNINGS@AV_AN_WAGE(1.0),Average annual wages,I,POL,Poland,WG,Wages,USD_PPP,"US dollars, PPP converted",A,Annual,Q,Constant prices,MEAN,Mean,_Z,Not applicable,1997,,24129.762,,2024,,A,Normal value,0,Units,0,Zero
DATAFLOW,OECD.ELS.SAE:DSD_EARNINGS@AV_AN_WAGE(1.0),Average annual wages,I,POL,Poland,WG,Wages,USD_PPP,"US dollars, PPP converted",A,Annual,Q,Constant prices,MEAN,Mean,_Z,Not applicable,1998,,24849.08,,2024,,A,Normal value,0,Units,0,Zero
DATAFLOW,OECD.ELS.SAE:DSD_EARNINGS@AV_AN_WAGE(1.0),Average annual wages,I,POL,Poland,WG,Wages,USD_PPP,"US dollars, PPP converted",A,Annual,Q,Constant prices,MEAN,Mean,_Z,Not applicable,1999,,27010.633,,2024,,A,Normal value,0,Units,0,Zero
DATAFLOW,OECD.ELS.SAE:DSD_EARNINGS@AV_AN_WAGE(1.0),Average annual wages,I,POL,Poland,WG,Wages,USD_PPP,"US dollars, PPP converted",A,Annual,Q,Constant prices,MEAN,Mean,_Z,Not applicable,2000,,27136.382,,2024,,A,Normal value,0,Units,0,Zero
DATAFLOW,OECD.ELS.SAE:DSD_EARNINGS@AV_AN_WAGE(1.0),Average annual wages,I,POL,Poland,WG,Wages,USD_PPP,"US dollars, PPP converted",A,Annual,Q,Constant prices,MEAN,Mean,_Z,Not applicable,2001,,28678.045,,2024,,A,Normal value,0,Units,0,Zero
DATAFLOW,OECD.ELS.SAE:DSD_EARNINGS@AV_AN_WAGE(1.0),Average annual wages,I,POL,Poland,WG,Wages,USD_PPP,"US dollars, PPP converted",A,Annual,Q,Constant prices,MEAN,Mean,_Z,Not applicable,2002,,28576.148,,2024,,A,Normal value,0,Units,0,Zero
DATAFLOW,OECD.ELS.SAE:DSD_EARNINGS@AV_AN_WAGE(1.0),Average annual wages,I,POL,Poland,WG,Wages,USD_PPP,"US dollars, PPP converted",A,Annual,Q,Constant prices,MEAN,Mean,_Z,Not applicable,2003,,28925.345,,2024,,A,Normal value,0,Units,0,Zero
DATAFLOW,OECD.ELS.SAE:DSD_EARNINGS@AV_AN_WAGE(1.0),Average annual wages,I,POL,Poland,WG,Wages,USD_PPP,"US dollars, PPP converted",A,Annual,Q,Constant prices,MEAN,Mean,_Z,Not applicable,2004,,28287.634,,2024,,A,Normal value,0,Units,0,Zero
DATAFLOW,OECD.ELS.SAE:DSD_EARNINGS@AV_AN_WAGE(1.0),Average annual wages,I,POL,Poland,WG,Wages,USD_PPP,"US dollars, PPP converted",A,Annual,Q,Constant prices,MEAN,Mean,_Z,Not applicable,2005,,28176.716,,2024,,A,Normal value,0,Units,0,Zero
DATAFLOW,OECD.ELS.SAE:DSD_EARNINGS@AV_AN_WAGE(1.0),Average annual wages,I,POL,Poland,WG,Wages,USD_PPP,"US dollars, PPP converted",A,Annual,Q,Constant prices,MEAN,Mean,_Z,Not applicable,2006,,28365.129,,2024,,A,Normal value,0,Units,0,Zero
DATAFLOW,OECD.ELS.SAE:DSD_EARNINGS@AV_AN_WAGE(1.0),Average annual wages,I,POL,Poland,WG,Wages,USD_PPP,"US dollars, PPP converted",A,Annual,Q,Constant prices,MEAN,Mean,_Z,Not applicable,2007,,29294.747,,2024,,A,Normal value,0,Units,0,Zero
DATAFLOW,OECD.ELS.SAE:DSD_EARNINGS@AV_AN_WAGE(1.0),Average annual wages,I,POL,Poland,WG,Wages,USD_PPP,"US dollars, PPP converted",A,Annual,Q,Constant prices,MEAN,Mean,_Z,Not applicable,2008,,30833.397,,2024,,A,Normal value,0,Units,0,Zero
DATAFLOW,OECD.ELS.SAE:DSD_EARNINGS@AV_AN_WAGE(1.0),Average annual wages,I,POL,Poland,WG,Wages,USD_PPP,"US dollars, PPP converted",A,Annual,Q,Constant prices,MEAN,Mean,_Z,Not applicable,2009,,30813.827,,2024,,A,Normal value,0,Units,0,Zero
DATAFLOW,OECD.ELS.SAE:DSD_EARNINGS@AV_AN_WAGE(1.0),Average annual wages,I,POL,Poland,WG,Wages,USD_PPP,"US dollars, PPP converted",A,Annual,Q,Constant prices,MEAN,Mean,_Z,Not applicable,2010,,32067.767,,2024,,A,Normal value,0,Units,0,Zero
DATAFLOW,OECD.ELS.SAE:DSD_EARNINGS@AV_AN_WAGE(1.0),Average annual wages,I,POL,Poland,WG,Wages,USD_PPP,"US dollars, PPP converted",A,Annual,Q,Constant prices,MEAN,Mean,_Z,Not applicable,2011,,32244.936,,2024,,A,Normal value,0,Units,0,Zero
DATAFLOW,OECD.ELS.SAE:DSD_EARNINGS@AV_AN_WAGE(1.0),Average annual wages,I,POL,Poland,WG,Wages,USD_PPP,"US dollars, PPP converted",A,Annual,Q,Constant prices,MEAN,Mean,_Z,Not applicable,2012,,31928.483,,2024,,A,Normal value,0,Units,0,Zero
DATAFLOW,OECD.ELS.SAE:DSD_EARNINGS@AV_AN_WAGE(1.0),Average annual wages,I,POL,Poland,WG,Wages,USD_PPP,"US dollars, PPP converted",A,Annual,Q,Constant prices,MEAN,Mean,_Z,Not applicable,2013,,32275.745,,2024,,A,Normal value,0,Units,0,Zero
DATAFLOW,OECD.ELS.SAE:DSD_EARNINGS@AV_AN_WAGE(1.0),Average annual wages,I,POL,Poland,WG,Wages,USD_PPP,"US dollars, PPP converted",A,Annual,Q,Constant prices,MEAN,Mean,_Z,Not applicable,2014,,33012.234,,2024,,A,Normal value,0,Units,0,Zero
DATAFLOW,OECD.ELS.SAE:DSD_EARNINGS@AV_AN_WAGE(1.0),Average annual wages,I,POL,Poland,WG,Wages,USD_PPP,"US dollars, PPP converted",A,Annual,Q,Constant prices,MEAN,Mean,_Z,Not applicable,2015,,33825.151,,2024,,A,Normal value,0,Units,0,Zero
DATAFLOW,OECD.ELS.SAE:DSD_EARNINGS@AV_AN_WAGE(1.0),Average annual wages,I,POL,Poland,WG,Wages,USD_PPP,"US dollars, PPP converted",A,Annual,Q,Constant prices,MEAN,Mean,_Z,Not applicable,2016,,35614.62,,2024,,A,Normal value,0,Units,0,Zero
DATAFLOW,OECD.ELS.SAE:DSD_EARNINGS@AV_AN_WAGE(1.0),Average annual wages,I,POL,Poland,WG,Wages,USD_PPP,"US dollars, PPP converted",A,Annual,Q,Constant prices,MEAN,Mean,_Z,Not applicable,2017,,37071.011,,2024,,A,Normal value,0,Units,0,Zero
DATAFLOW,OECD.ELS.SAE:DSD_EARNINGS@AV_AN_WAGE(1.0),Average annual wages,I,POL,Poland,WG,Wages,USD_PPP,"US dollars, PPP converted",A,Annual,Q,Constant prices,MEAN,Mean,_Z,Not applicable,2018,,39436.413,,2024,,A,Normal value,0,Units,0,Zero
DATAFLOW,OECD.ELS.SAE:DSD_EARNINGS@AV_AN_WAGE(1.0),Average annual wages,I,POL,Poland,WG,Wages,USD_PPP,"US dollars, PPP converted",A,Annual,Q,Constant prices,MEAN,Mean,_Z,Not applicable,2019,,41872.122,,2024,,A,Normal value,0,Units,0,Zero
DATAFLOW,OECD.ELS.SAE:DSD_EARNINGS@AV_AN_WAGE(1.0),Average annual wages,I,POL,Poland,WG,Wages,USD_PPP,"US dollars, PPP converted",A,Annual,Q,Constant prices,MEAN,Mean,_Z,Not applicable,2020,,42609.587,,2024,,A,Normal value,0,Units,0,Zero
DATAFLOW,OECD.ELS.SAE:DSD_EARNINGS@AV_AN_WAGE(1.0),Average annual wages,I,POL,Poland,WG,Wages,USD_PPP,"US dollars, PPP converted",A,Annual,Q,Constant prices,MEAN,Mean,_Z,Not applicable,2021,,42383.302,,2024,,A,Normal value,0,Units,0,Zero
DATAFLOW,OECD.ELS.SAE:DSD_EARNINGS@AV_AN_WAGE(1.0),Average annual wages,I,POL,Poland,WG,Wages,USD_PPP,"US dollars, PPP converted",A,Annual,Q,Constant prices,MEAN,Mean,_Z,Not applicable,2022,,40538.726,,2024,,A,Normal value,0,Units,0,Zero
DATAFLOW,OECD.ELS.SAE:DSD_EARNINGS@AV_AN_WAGE(1.0),Average annual wages,I,POL,Poland,WG,Wages,USD_PPP,"US dollars, PPP converted",A,Annual,Q,Constant prices,MEAN,Mean,_Z,Not applicable,2023,,41577.518,,2024,,A,Normal value,0,Units,0,Zero
DATAFLOW,OECD.ELS.SAE:DSD_EARNINGS@AV_AN_WAGE(1.0),Average annual wages,I,POL,Poland,WG,Wages,USD_PPP,"US dollars, PPP converted",A,Annual,Q,Constant prices,MEAN,Mean,_Z,Not applicable,2024,,44210.61,,2024,,A,Normal value,0,Units,0,Zero
DATAFLOW,OECD.ELS.SAE:DSD_EARNINGS@AV_AN_WAGE(1.0),Average annual wages,I,PRT,Portugal,WG,Wages,USD_PPP,"US dollars, PPP converted",A,Annual,Q,Constant prices,MEAN,Mean,_Z,Not applicable,1995,,33002.427,,2024,,A,Normal value,0,Units,0,Zero
DATAFLOW,OECD.ELS.SAE:DSD_EARNINGS@AV_AN_WAGE(1.0),Average annual wages,I,PRT,Portugal,WG,Wages,USD_PPP,"US dollars, PPP converted",A,Annual,Q,Constant prices,MEAN,Mean,_Z,Not applicable,1996,,34223.411,,2024,,A,Normal value,0,Units,0,Zero
DATAFLOW,OECD.ELS.SAE:DSD_EARNINGS@AV_AN_WAGE(1.0),Average annual wages,I,PRT,Portugal,WG,Wages,USD_PPP,"US dollars, PPP converted",A,Annual,Q,Constant prices,MEAN,Mean,_Z,Not applicable,1997,,35113.181,,2024,,A,Normal value,0,Units,0,Zero
DATAFLOW,OECD.ELS.SAE:DSD_EARNINGS@AV_AN_WAGE(1.0),Average annual wages,I,PRT,Portugal,WG,Wages,USD_PPP,"US dollars, PPP converted",A,Annual,Q,Constant prices,MEAN,Mean,_Z,Not applicable,1998,,35552.5,,2024,,A,Normal value,0,Units,0,Zero
DATAFLOW,OECD.ELS.SAE:DSD_EARNINGS@AV_AN_WAGE(1.0),Average annual wages,I,PRT,Portugal,WG,Wages,USD_PPP,"US dollars, PPP converted",A,Annual,Q,Constant prices,MEAN,Mean,_Z,Not applicable,1999,,36763.359,,2024,,A,Normal value,0,Units,0,Zero
DATAFLOW,OECD.ELS.SAE:DSD_EARNINGS@AV_AN_WAGE(1.0),Average annual wages,I,PRT,Portugal,WG,Wages,USD_PPP,"US dollars, PPP converted",A,Annual,Q,Constant prices,MEAN,Mean,_Z,Not applicable,2000,,37274.178,,2024,,A,Normal value,0,Units,0,Zero
DATAFLOW,OECD.ELS.SAE:DSD_EARNINGS@AV_AN_WAGE(1.0),Average annual wages,I,PRT,Portugal,WG,Wages,USD_PPP,"US dollars, PPP converted",A,Annual,Q,Constant prices,MEAN,Mean,_Z,Not applicable,2001,,37423.861,,2024,,A,Normal value,0,Units,0,Zero
DATAFLOW,OECD.ELS.SAE:DSD_EARNINGS@AV_AN_WAGE(1.0),Average annual wages,I,PRT,Portugal,WG,Wages,USD_PPP,"US dollars, PPP converted",A,Annual,Q,Constant prices,MEAN,Mean,_Z,Not applicable,2002,,37407.735,,2024,,A,Normal value,0,Units,0,Zero
DATAFLOW,OECD.ELS.SAE:DSD_EARNINGS@AV_AN_WAGE(1.0),Average annual wages,I,PRT,Portugal,WG,Wages,USD_PPP,"US dollars, PPP converted",A,Annual,Q,Constant prices,MEAN,Mean,_Z,Not applicable,2003,,37321.556,,2024,,A,Normal value,0,Units,0,Zero
DATAFLOW,OECD.ELS.SAE:DSD_EARNINGS@AV_AN_WAGE(1.0),Average annual wages,I,PRT,Portugal,WG,Wages,USD_PPP,"US dollars, PPP converted",A,Annual,Q,Constant prices,MEAN,Mean,_Z,Not applicable,2004,,37371.102,,2024,,A,Normal value,0,Units,0,Zero
DATAFLOW,OECD.ELS.SAE:DSD_EARNINGS@AV_AN_WAGE(1.0),Average annual wages,I,PRT,Portugal,WG,Wages,USD_PPP,"US dollars, PPP converted",A,Annual,Q,Constant prices,MEAN,Mean,_Z,Not applicable,2005,,37166.811,,2024,,A,Normal value,0,Units,0,Zero
DATAFLOW,OECD.ELS.SAE:DSD_EARNINGS@AV_AN_WAGE(1.0),Average annual wages,I,PRT,Portugal,WG,Wages,USD_PPP,"US dollars, PPP converted",A,Annual,Q,Constant prices,MEAN,Mean,_Z,Not applicable,2006,,36360.178,,2024,,A,Normal value,0,Units,0,Zero
DATAFLOW,OECD.ELS.SAE:DSD_EARNINGS@AV_AN_WAGE(1.0),Average annual wages,I,PRT,Portugal,WG,Wages,USD_PPP,"US dollars, PPP converted",A,Annual,Q,Constant prices,MEAN,Mean,_Z,Not applicable,2007,,36602.684,,2024,,A,Normal value,0,Units,0,Zero
DATAFLOW,OECD.ELS.SAE:DSD_EARNINGS@AV_AN_WAGE(1.0),Average annual wages,I,PRT,Portugal,WG,Wages,USD_PPP,"US dollars, PPP converted",A,Annual,Q,Constant prices,MEAN,Mean,_Z,Not applicable,2008,,36480.541,,2024,,A,Normal value,0,Units,0,Zero
DATAFLOW,OECD.ELS.SAE:DSD_EARNINGS@AV_AN_WAGE(1.0),Average annual wages,I,PRT,Portugal,WG,Wages,USD_PPP,"US dollars, PPP converted",A,Annual,Q,Constant prices,MEAN,Mean,_Z,Not applicable,2009,,37908.795,,2024,,A,Normal value,0,Units,0,Zero
DATAFLOW,OECD.ELS.SAE:DSD_EARNINGS@AV_AN_WAGE(1.0),Average annual wages,I,PRT,Portugal,WG,Wages,USD_PPP,"US dollars, PPP converted",A,Annual,Q,Constant prices,MEAN,Mean,_Z,Not applicable,2010,,37767.447,,2024,,A,Normal value,0,Units,0,Zero
DATAFLOW,OECD.ELS.SAE:DSD_EARNINGS@AV_AN_WAGE(1.0),Average annual wages,I,PRT,Portugal,WG,Wages,USD_PPP,"US dollars, PPP converted",A,Annual,Q,Constant prices,MEAN,Mean,_Z,Not applicable,2011,,36895.314,,2024,,A,Normal value,0,Units,0,Zero
DATAFLOW,OECD.ELS.SAE:DSD_EARNINGS@AV_AN_WAGE(1.0),Average annual wages,I,PRT,Portugal,WG,Wages,USD_PPP,"US dollars, PPP converted",A,Annual,Q,Constant prices,MEAN,Mean,_Z,Not applicable,2012,,35275.049,,2024,,A,Normal value,0,Units,0,Zero
DATAFLOW,OECD.ELS.SAE:DSD_EARNINGS@AV_AN_WAGE(1.0),Average annual wages,I,PRT,Portugal,WG,Wages,USD_PPP,"US dollars, PPP converted",A,Annual,Q,Constant prices,MEAN,Mean,_Z,Not applicable,2013,,35943.669,,2024,,A,Normal value,0,Units,0,Zero
DATAFLOW,OECD.ELS.SAE:DSD_EARNINGS@AV_AN_WAGE(1.0),Average annual wages,I,PRT,Portugal,WG,Wages,USD_PPP,"US dollars, PPP converted",A,Annual,Q,Constant prices,MEAN,Mean,_Z,Not applicable,2014,,35355.799,,2024,,A,Normal value,0,Units,0,Zero
DATAFLOW,OECD.ELS.SAE:DSD_EARNINGS@AV_AN_WAGE(1.0),Average annual wages,I,PRT,Portugal,WG,Wages,USD_PPP,"US dollars, PPP converted",A,Annual,Q,Constant prices,MEAN,Mean,_Z,Not applicable,2015,,35271.283,,2024,,A,Normal value,0,Units,0,Zero
DATAFLOW,OECD.ELS.SAE:DSD_EARNINGS@AV_AN_WAGE(1.0),Average annual wages,I,PRT,Portugal,WG,Wages,USD_PPP,"US dollars, PPP converted",A,Annual,Q,Constant prices,MEAN,Mean,_Z,Not applicable,2016,,35282.081,,2024,,A,Normal value,0,Units,0,Zero
DATAFLOW,OECD.ELS.SAE:DSD_EARNINGS@AV_AN_WAGE(1.0),Average annual wages,I,PRT,Portugal,WG,Wages,USD_PPP,"US dollars, PPP converted",A,Annual,Q,Constant prices,MEAN,Mean,_Z,Not applicable,2017,,35428.086,,2024,,A,Normal value,0,Units,0,Zero
DATAFLOW,OECD.ELS.SAE:DSD_EARNINGS@AV_AN_WAGE(1.0),Average annual wages,I,PRT,Portugal,WG,Wages,USD_PPP,"US dollars, PPP converted",A,Annual,Q,Constant prices,MEAN,Mean,_Z,Not applicable,2018,,36005.681,,2024,,A,Normal value,0,Units,0,Zero
DATAFLOW,OECD.ELS.SAE:DSD_EARNINGS@AV_AN_WAGE(1.0),Average annual wages,I,PRT,Portugal,WG,Wages,USD_PPP,"US dollars, PPP converted",A,Annual,Q,Constant prices,MEAN,Mean,_Z,Not applicable,2019,,37404.247,,2024,,A,Normal value,0,Units,0,Zero
DATAFLOW,OECD.ELS.SAE:DSD_EARNINGS@AV_AN_WAGE(1.0),Average annual wages,I,PRT,Portugal,WG,Wages,USD_PPP,"US dollars, PPP converted",A,Annual,Q,Constant prices,MEAN,Mean,_Z,Not applicable,2020,,37661.36,,2024,,A,Normal value,0,Units,0,Zero
DATAFLOW,OECD.ELS.SAE:DSD_EARNINGS@AV_AN_WAGE(1.0),Average annual wages,I,PRT,Portugal,WG,Wages,USD_PPP,"US dollars, PPP converted",A,Annual,Q,Constant prices,MEAN,Mean,_Z,Not applicable,2021,,38404.49,,2024,,A,Normal value,0,Units,0,Zero
DATAFLOW,OECD.ELS.SAE:DSD_EARNINGS@AV_AN_WAGE(1.0),Average annual wages,I,PRT,Portugal,WG,Wages,USD_PPP,"US dollars, PPP converted",A,Annual,Q,Constant prices,MEAN,Mean,_Z,Not applicable,2022,,37961.497,,2024,,A,Normal value,0,Units,0,Zero
DATAFLOW,OECD.ELS.SAE:DSD_EARNINGS@AV_AN_WAGE(1.0),Average annual wages,I,PRT,Portugal,WG,Wages,USD_PPP,"US dollars, PPP converted",A,Annual,Q,Constant prices,MEAN,Mean,_Z,Not applicable,2023,,38958.113,,2024,,A,Normal value,0,Units,0,Zero
DATAFLOW,OECD.ELS.SAE:DSD_EARNINGS@AV_AN_WAGE(1.0),Average annual wages,I,PRT,Portugal,WG,Wages,USD_PPP,"US dollars, PPP converted",A,Annual,Q,Constant prices,MEAN,Mean,_Z,Not applicable,2024,,40002.449,,2024,,A,Normal value,0,Units,0,Zero
DATAFLOW,OECD.ELS.SAE:DSD_EARNINGS@AV_AN_WAGE(1.0),Average annual wages,I,SVK,Slovak Republic,WG,Wages,USD_PPP,"US dollars, PPP converted",A,Annual,Q,Constant prices,MEAN,Mean,_Z,Not applicable,1994,,15491.359,,2024,,A,Normal value,0,Units,0,Zero
DATAFLOW,OECD.ELS.SAE:DSD_EARNINGS@AV_AN_WAGE(1.0),Average annual wages,I,SVK,Slovak Republic,WG,Wages,USD_PPP,"US dollars, PPP converted",A,Annual,Q,Constant prices,MEAN,Mean,_Z,Not applicable,1995,,16684.664,,2024,,A,Normal value,0,Units,0,Zero
DATAFLOW,OECD.ELS.SAE:DSD_EARNINGS@AV_AN_WAGE(1.0),Average annual wages,I,SVK,Slovak Republic,WG,Wages,USD_PPP,"US dollars, PPP converted",A,Annual,Q,Constant prices,MEAN,Mean,_Z,Not applicable,1996,,18042.89,,2024,,A,Normal value,0,Units,0,Zero
DATAFLOW,OECD.ELS.SAE:DSD_EARNINGS@AV_AN_WAGE(1.0),Average annual wages,I,SVK,Slovak Republic,WG,Wages,USD_PPP,"US dollars, PPP converted",A,Annual,Q,Constant prices,MEAN,Mean,_Z,Not applicable,1997,,20486.893,,2024,,A,Normal value,0,Units,0,Zero
DATAFLOW,OECD.ELS.SAE:DSD_EARNINGS@AV_AN_WAGE(1.0),Average annual wages,I,SVK,Slovak Republic,WG,Wages,USD_PPP,"US dollars, PPP converted",A,Annual,Q,Constant prices,MEAN,Mean,_Z,Not applicable,1998,,21295.086,,2024,,A,Normal value,0,Units,0,Zero
DATAFLOW,OECD.ELS.SAE:DSD_EARNINGS@AV_AN_WAGE(1.0),Average annual wages,I,SVK,Slovak Republic,WG,Wages,USD_PPP,"US dollars, PPP converted",A,Annual,Q,Constant prices,MEAN,Mean,_Z,Not applicable,1999,,20852.613,,2024,,A,Normal value,0,Units,0,Zero
DATAFLOW,OECD.ELS.SAE:DSD_EARNINGS@AV_AN_WAGE(1.0),Average annual wages,I,SVK,Slovak Republic,WG,Wages,USD_PPP,"US dollars, PPP converted",A,Annual,Q,Constant prices,MEAN,Mean,_Z,Not applicable,2000,,21643.829,,2024,,A,Normal value,0,Units,0,Zero
DATAFLOW,OECD.ELS.SAE:DSD_EARNINGS@AV_AN_WAGE(1.0),Average annual wages,I,SVK,Slovak Republic,WG,Wages,USD_PPP,"US dollars, PPP converted",A,Annual,Q,Constant prices,MEAN,Mean,_Z,Not applicable,2001,,21647.809,,2024,,A,Normal value,0,Units,0,Zero
DATAFLOW,OECD.ELS.SAE:DSD_EARNINGS@AV_AN_WAGE(1.0),Average annual wages,I,SVK,Slovak Republic,WG,Wages,USD_PPP,"US dollars, PPP converted",A,Annual,Q,Constant prices,MEAN,Mean,_Z,Not applicable,2002,,22763.72,,2024,,A,Normal value,0,Units,0,Zero
DATAFLOW,OECD.ELS.SAE:DSD_EARNINGS@AV_AN_WAGE(1.0),Average annual wages,I,SVK,Slovak Republic,WG,Wages,USD_PPP,"US dollars, PPP converted",A,Annual,Q,Constant prices,MEAN,Mean,_Z,Not applicable,2003,,23201.622,,2024,,A,Normal value,0,Units,0,Zero
DATAFLOW,OECD.ELS.SAE:DSD_EARNINGS@AV_AN_WAGE(1.0),Average annual wages,I,SVK,Slovak Republic,WG,Wages,USD_PPP,"US dollars, PPP converted",A,Annual,Q,Constant prices,MEAN,Mean,_Z,Not applicable,2004,,23539.214,,2024,,A,Normal value,0,Units,0,Zero
DATAFLOW,OECD.ELS.SAE:DSD_EARNINGS@AV_AN_WAGE(1.0),Average annual wages,I,SVK,Slovak Republic,WG,Wages,USD_PPP,"US dollars, PPP converted",A,Annual,Q,Constant prices,MEAN,Mean,_Z,Not applicable,2005,,24984.059,,2024,,A,Normal value,0,Units,0,Zero
DATAFLOW,OECD.ELS.SAE:DSD_EARNINGS@AV_AN_WAGE(1.0),Average annual wages,I,SVK,Slovak Republic,WG,Wages,USD_PPP,"US dollars, PPP converted",A,Annual,Q,Constant prices,MEAN,Mean,_Z,Not applicable,2006,,25845.462,,2024,,A,Normal value,0,Units,0,Zero
DATAFLOW,OECD.ELS.SAE:DSD_EARNINGS@AV_AN_WAGE(1.0),Average annual wages,I,SVK,Slovak Republic,WG,Wages,USD_PPP,"US dollars, PPP converted",A,Annual,Q,Constant prices,MEAN,Mean,_Z,Not applicable,2007,,27434.759,,2024,,A,Normal value,0,Units,0,Zero
DATAFLOW,OECD.ELS.SAE:DSD_EARNINGS@AV_AN_WAGE(1.0),Average annual wages,I,SVK,Slovak Republic,WG,Wages,USD_PPP,"US dollars, PPP converted",A,Annual,Q,Constant prices,MEAN,Mean,_Z,Not applicable,2008,,27714.633,,2024,,A,Normal value,0,Units,0,Zero
DATAFLOW,OECD.ELS.SAE:DSD_EARNINGS@AV_AN_WAGE(1.0),Average annual wages,I,SVK,Slovak Republic,WG,Wages,USD_PPP,"US dollars, PPP converted",A,Annual,Q,Constant prices,MEAN,Mean,_Z,Not applicable,2009,,28660.257,,2024,,A,Normal value,0,Units,0,Zero
DATAFLOW,OECD.ELS.SAE:DSD_EARNINGS@AV_AN_WAGE(1.0),Average annual wages,I,SVK,Slovak Republic,WG,Wages,USD_PPP,"US dollars, PPP converted",A,Annual,Q,Constant prices,MEAN,Mean,_Z,Not applicable,2010,,29920.694,,2024,,A,Normal value,0,Units,0,Zero
DATAFLOW,OECD.ELS.SAE:DSD_EARNINGS@AV_AN_WAGE(1.0),Average annual wages,I,SVK,Slovak Republic,WG,Wages,USD_PPP,"US dollars, PPP converted",A,Annual,Q,Constant prices,MEAN,Mean,_Z,Not applicable,2011,,29656.066,,2024,,A,Normal value,0,Units,0,Zero
DATAFLOW,OECD.ELS.SAE:DSD_EARNINGS@AV_AN_WAGE(1.0),Average annual wages,I,SVK,Slovak Republic,WG,Wages,USD_PPP,"US dollars, PPP converted",A,Annual,Q,Constant prices,MEAN,Mean,_Z,Not applicable,2012,,29283.472,,2024,,A,Normal value,0,Units,0,Zero
DATAFLOW,OECD.ELS.SAE:DSD_EARNINGS@AV_AN_WAGE(1.0),Average annual wages,I,SVK,Slovak Republic,WG,Wages,USD_PPP,"US dollars, PPP converted",A,Annual,Q,Constant prices,MEAN,Mean,_Z,Not applicable,2013,,29511.472,,2024,,A,Normal value,0,Units,0,Zero
DATAFLOW,OECD.ELS.SAE:DSD_EARNINGS@AV_AN_WAGE(1.0),Average annual wages,I,SVK,Slovak Republic,WG,Wages,USD_PPP,"US dollars, PPP converted",A,Annual,Q,Constant prices,MEAN,Mean,_Z,Not applicable,2014,,30100.992,,2024,,A,Normal value,0,Units,0,Zero
DATAFLOW,OECD.ELS.SAE:DSD_EARNINGS@AV_AN_WAGE(1.0),Average annual wages,I,SVK,Slovak Republic,WG,Wages,USD_PPP,"US dollars, PPP converted",A,Annual,Q,Constant prices,MEAN,Mean,_Z,Not applicable,2015,,31285.978,,2024,,A,Normal value,0,Units,0,Zero
DATAFLOW,OECD.ELS.SAE:DSD_EARNINGS@AV_AN_WAGE(1.0),Average annual wages,I,SVK,Slovak Republic,WG,Wages,USD_PPP,"US dollars, PPP converted",A,Annual,Q,Constant prices,MEAN,Mean,_Z,Not applicable,2016,,32277.78,,2024,,A,Normal value,0,Units,0,Zero
DATAFLOW,OECD.ELS.SAE:DSD_EARNINGS@AV_AN_WAGE(1.0),Average annual wages,I,SVK,Slovak Republic,WG,Wages,USD_PPP,"US dollars, PPP converted",A,Annual,Q,Constant prices,MEAN,Mean,_Z,Not applicable,2017,,33232.174,,2024,,A,Normal value,0,Units,0,Zero
DATAFLOW,OECD.ELS.SAE:DSD_EARNINGS@AV_AN_WAGE(1.0),Average annual wages,I,SVK,Slovak Republic,WG,Wages,USD_PPP,"US dollars, PPP converted",A,Annual,Q,Constant prices,MEAN,Mean,_Z,Not applicable,2018,,34174.491,,2024,,A,Normal value,0,Units,0,Zero
DATAFLOW,OECD.ELS.SAE:DSD_EARNINGS@AV_AN_WAGE(1.0),Average annual wages,I,SVK,Slovak Republic,WG,Wages,USD_PPP,"US dollars, PPP converted",A,Annual,Q,Constant prices,MEAN,Mean,_Z,Not applicable,2019,,35290.917,,2024,,A,Normal value,0,Units,0,Zero
DATAFLOW,OECD.ELS.SAE:DSD_EARNINGS@AV_AN_WAGE(1.0),Average annual wages,I,SVK,Slovak Republic,WG,Wages,USD_PPP,"US dollars, PPP converted",A,Annual,Q,Constant prices,MEAN,Mean,_Z,Not applicable,2020,,35748.465,,2024,,A,Normal value,0,Units,0,Zero
DATAFLOW,OECD.ELS.SAE:DSD_EARNINGS@AV_AN_WAGE(1.0),Average annual wages,I,SVK,Slovak Republic,WG,Wages,USD_PPP,"US dollars, PPP converted",A,Annual,Q,Constant prices,MEAN,Mean,_Z,Not applicable,2021,,36557.14,,2024,,A,Normal value,0,Units,0,Zero
DATAFLOW,OECD.ELS.SAE:DSD_EARNINGS@AV_AN_WAGE(1.0),Average annual wages,I,SVK,Slovak Republic,WG,Wages,USD_PPP,"US dollars, PPP converted",A,Annual,Q,Constant prices,MEAN,Mean,_Z,Not applicable,2022,,34643.779,,2024,,A,Normal value,0,Units,0,Zero
DATAFLOW,OECD.ELS.SAE:DSD_EARNINGS@AV_AN_WAGE(1.0),Average annual wages,I,SVK,Slovak Republic,WG,Wages,USD_PPP,"US dollars, PPP converted",A,Annual,Q,Constant prices,MEAN,Mean,_Z,Not applicable,2023,,34562.22,,2024,,A,Normal value,0,Units,0,Zero
DATAFLOW,OECD.ELS.SAE:DSD_EARNINGS@AV_AN_WAGE(1.0),Average annual wages,I,SVK,Slovak Republic,WG,Wages,USD_PPP,"US dollars, PPP converted",A,Annual,Q,Constant prices,MEAN,Mean,_Z,Not applicable,2024,,36105.364,,2024,,A,Normal value,0,Units,0,Zero
DATAFLOW,OECD.ELS.SAE:DSD_EARNINGS@AV_AN_WAGE(1.0),Average annual wages,I,SVN,Slovenia,WG,Wages,USD_PPP,"US dollars, PPP converted",A,Annual,Q,Constant prices,MEAN,Mean,_Z,Not applicable,1995,,32597.901,,2024,,A,Normal value,0,Units,0,Zero
DATAFLOW,OECD.ELS.SAE:DSD_EARNINGS@AV_AN_WAGE(1.0),Average annual wages,I,SVN,Slovenia,WG,Wages,USD_PPP,"US dollars, PPP converted",A,Annual,Q,Constant prices,MEAN,Mean,_Z,Not applicable,1996,,34232.936,,2024,,A,Normal value,0,Units,0,Zero
DATAFLOW,OECD.ELS.SAE:DSD_EARNINGS@AV_AN_WAGE(1.0),Average annual wages,I,SVN,Slovenia,WG,Wages,USD_PPP,"US dollars, PPP converted",A,Annual,Q,Constant prices,MEAN,Mean,_Z,Not applicable,1997,,36054.124,,2024,,A,Normal value,0,Units,0,Zero
DATAFLOW,OECD.ELS.SAE:DSD_EARNINGS@AV_AN_WAGE(1.0),Average annual wages,I,SVN,Slovenia,WG,Wages,USD_PPP,"US dollars, PPP converted",A,Annual,Q,Constant prices,MEAN,Mean,_Z,Not applicable,1998,,36574.48,,2024,,A,Normal value,0,Units,0,Zero
DATAFLOW,OECD.ELS.SAE:DSD_EARNINGS@AV_AN_WAGE(1.0),Average annual wages,I,SVN,Slovenia,WG,Wages,USD_PPP,"US dollars, PPP converted",A,Annual,Q,Constant prices,MEAN,Mean,_Z,Not applicable,1999,,37275.481,,2024,,A,Normal value,0,Units,0,Zero
DATAFLOW,OECD.ELS.SAE:DSD_EARNINGS@AV_AN_WAGE(1.0),Average annual wages,I,SVN,Slovenia,WG,Wages,USD_PPP,"US dollars, PPP converted",A,Annual,Q,Constant prices,MEAN,Mean,_Z,Not applicable,2000,,38154.495,,2024,,A,Normal value,0,Units,0,Zero
DATAFLOW,OECD.ELS.SAE:DSD_EARNINGS@AV_AN_WAGE(1.0),Average annual wages,I,SVN,Slovenia,WG,Wages,USD_PPP,"US dollars, PPP converted",A,Annual,Q,Constant prices,MEAN,Mean,_Z,Not applicable,2001,,39697.443,,2024,,A,Normal value,0,Units,0,Zero
DATAFLOW,OECD.ELS.SAE:DSD_EARNINGS@AV_AN_WAGE(1.0),Average annual wages,I,SVN,Slovenia,WG,Wages,USD_PPP,"US dollars, PPP converted",A,Annual,Q,Constant prices,MEAN,Mean,_Z,Not applicable,2002,,39770.539,,2024,,A,Normal value,0,Units,0,Zero
DATAFLOW,OECD.ELS.SAE:DSD_EARNINGS@AV_AN_WAGE(1.0),Average annual wages,I,SVN,Slovenia,WG,Wages,USD_PPP,"US dollars, PPP converted",A,Annual,Q,Constant prices,MEAN,Mean,_Z,Not applicable,2003,,40663.202,,2024,,A,Normal value,0,Units,0,Zero
DATAFLOW,OECD.ELS.SAE:DSD_EARNINGS@AV_AN_WAGE(1.0),Average annual wages,I,SVN,Slovenia,WG,Wages,USD_PPP,"US dollars, PPP converted",A,Annual,Q,Constant prices,MEAN,Mean,_Z,Not applicable,2004,,42724.569,,2024,,A,Normal value,0,Units,0,Zero
DATAFLOW,OECD.ELS.SAE:DSD_EARNINGS@AV_AN_WAGE(1.0),Average annual wages,I,SVN,Slovenia,WG,Wages,USD_PPP,"US dollars, PPP converted",A,Annual,Q,Constant prices,MEAN,Mean,_Z,Not applicable,2005,,44283.773,,2024,,A,Normal value,0,Units,0,Zero
DATAFLOW,OECD.ELS.SAE:DSD_EARNINGS@AV_AN_WAGE(1.0),Average annual wages,I,SVN,Slovenia,WG,Wages,USD_PPP,"US dollars, PPP converted",A,Annual,Q,Constant prices,MEAN,Mean,_Z,Not applicable,2006,,45668.196,,2024,,A,Normal value,0,Units,0,Zero
DATAFLOW,OECD.ELS.SAE:DSD_EARNINGS@AV_AN_WAGE(1.0),Average annual wages,I,SVN,Slovenia,WG,Wages,USD_PPP,"US dollars, PPP converted",A,Annual,Q,Constant prices,MEAN,Mean,_Z,Not applicable,2007,,46661.884,,2024,,A,Normal value,0,Units,0,Zero
DATAFLOW,OECD.ELS.SAE:DSD_EARNINGS@AV_AN_WAGE(1.0),Average annual wages,I,SVN,Slovenia,WG,Wages,USD_PPP,"US dollars, PPP converted",A,Annual,Q,Constant prices,MEAN,Mean,_Z,Not applicable,2008,,47434.116,,2024,,A,Normal value,0,Units,0,Zero
DATAFLOW,OECD.ELS.SAE:DSD_EARNINGS@AV_AN_WAGE(1.0),Average annual wages,I,SVN,Slovenia,WG,Wages,USD_PPP,"US dollars, PPP converted",A,Annual,Q,Constant prices,MEAN,Mean,_Z,Not applicable,2009,,47897.977,,2024,,A,Normal value,0,Units,0,Zero
DATAFLOW,OECD.ELS.SAE:DSD_EARNINGS@AV_AN_WAGE(1.0),Average annual wages,I,SVN,Slovenia,WG,Wages,USD_PPP,"US dollars, PPP converted",A,Annual,Q,Constant prices,MEAN,Mean,_Z,Not applicable,2010,,49258.775,,2024,,A,Normal value,0,Units,0,Zero
DATAFLOW,OECD.ELS.SAE:DSD_EARNINGS@AV_AN_WAGE(1.0),Average annual wages,I,SVN,Slovenia,WG,Wages,USD_PPP,"US dollars, PPP converted",A,Annual,Q,Constant prices,MEAN,Mean,_Z,Not applicable,2011,,49094.396,,2024,,A,Normal value,0,Units,0,Zero
DATAFLOW,OECD.ELS.SAE:DSD_EARNINGS@AV_AN_WAGE(1.0),Average annual wages,I,SVN,Slovenia,WG,Wages,USD_PPP,"US dollars, PPP converted",A,Annual,Q,Constant prices,MEAN,Mean,_Z,Not applicable,2012,,47523.031,,2024,,A,Normal value,0,Units,0,Zero
DATAFLOW,OECD.ELS.SAE:DSD_EARNINGS@AV_AN_WAGE(1.0),Average annual wages,I,SVN,Slovenia,WG,Wages,USD_PPP,"US dollars, PPP converted",A,Annual,Q,Constant prices,MEAN,Mean,_Z,Not applicable,2013,,46973.509,,2024,,A,Normal value,0,Units,0,Zero
DATAFLOW,OECD.ELS.SAE:DSD_EARNINGS@AV_AN_WAGE(1.0),Average annual wages,I,SVN,Slovenia,WG,Wages,USD_PPP,"US dollars, PPP converted",A,Annual,Q,Constant prices,MEAN,Mean,_Z,Not applicable,2014,,47812.342,,2024,,A,Normal value,0,Units,0,Zero
DATAFLOW,OECD.ELS.SAE:DSD_EARNINGS@AV_AN_WAGE(1.0),Average annual wages,I,SVN,Slovenia,WG,Wages,USD_PPP,"US dollars, PPP converted",A,Annual,Q,Constant prices,MEAN,Mean,_Z,Not applicable,2015,,48736.662,,2024,,A,Normal value,0,Units,0,Zero
DATAFLOW,OECD.ELS.SAE:DSD_EARNINGS@AV_AN_WAGE(1.0),Average annual wages,I,SVN,Slovenia,WG,Wages,USD_PPP,"US dollars, PPP converted",A,Annual,Q,Constant prices,MEAN,Mean,_Z,Not applicable,2016,,50550.525,,2024,,A,Normal value,0,Units,0,Zero
DATAFLOW,OECD.ELS.SAE:DSD_EARNINGS@AV_AN_WAGE(1.0),Average annual wages,I,SVN,Slovenia,WG,Wages,USD_PPP,"US dollars, PPP converted",A,Annual,Q,Constant prices,MEAN,Mean,_Z,Not applicable,2017,,51713.13,,2024,,A,Normal value,0,Units,0,Zero
DATAFLOW,OECD.ELS.SAE:DSD_EARNINGS@AV_AN_WAGE(1.0),Average annual wages,I,SVN,Slovenia,WG,Wages,USD_PPP,"US dollars, PPP converted",A,Annual,Q,Constant prices,MEAN,Mean,_Z,Not applicable,2018,,52643.212,,2024,,A,Normal value,0,Units,0,Zero
DATAFLOW,OECD.ELS.SAE:DSD_EARNINGS@AV_AN_WAGE(1.0),Average annual wages,I,SVN,Slovenia,WG,Wages,USD_PPP,"US dollars, PPP converted",A,Annual,Q,Constant prices,MEAN,Mean,_Z,Not applicable,2019,,54122.774,,2024,,A,Normal value,0,Units,0,Zero
DATAFLOW,OECD.ELS.SAE:DSD_EARNINGS@AV_AN_WAGE(1.0),Average annual wages,I,SVN,Slovenia,WG,Wages,USD_PPP,"US dollars, PPP converted",A,Annual,Q,Constant prices,MEAN,Mean,_Z,Not applicable,2020,,55726.116,,2024,,A,Normal value,0,Units,0,Zero
DATAFLOW,OECD.ELS.SAE:DSD_EARNINGS@AV_AN_WAGE(1.0),Average annual wages,I,SVN,Slovenia,WG,Wages,USD_PPP,"US dollars, PPP converted",A,Annual,Q,Constant prices,MEAN,Mean,_Z,Not applicable,2021,,58106.435,,2024,,A,Normal value,0,Units,0,Zero
DATAFLOW,OECD.ELS.SAE:DSD_EARNINGS@AV_AN_WAGE(1.0),Average annual wages,I,SVN,Slovenia,WG,Wages,USD_PPP,"US dollars, PPP converted",A,Annual,Q,Constant prices,MEAN,Mean,_Z,Not applicable,2022,,55930.334,,2024,,A,Normal value,0,Units,0,Zero
DATAFLOW,OECD.ELS.SAE:DSD_EARNINGS@AV_AN_WAGE(1.0),Average annual wages,I,SVN,Slovenia,WG,Wages,USD_PPP,"US dollars, PPP converted",A,Annual,Q,Constant prices,MEAN,Mean,_Z,Not applicable,2023,,58531.994,,2024,,A,Normal value,0,Units,0,Zero
DATAFLOW,OECD.ELS.SAE:DSD_EARNINGS@AV_AN_WAGE(1.0),Average annual wages,I,SVN,Slovenia,WG,Wages,USD_PPP,"US dollars, PPP converted",A,Annual,Q,Constant prices,MEAN,Mean,_Z,Not applicable,2024,,61776.28,,2024,,A,Normal value,0,Units,0,Zero
DATAFLOW,OECD.ELS.SAE:DSD_EARNINGS@AV_AN_WAGE(1.0),Average annual wages,I,ESP,Spain,WG,Wages,USD_PPP,"US dollars, PPP converted",A,Annual,Q,Constant prices,MEAN,Mean,_Z,Not applicable,1990,,48340.119,,2024,,A,Normal value,0,Units,0,Zero
DATAFLOW,OECD.ELS.SAE:DSD_EARNINGS@AV_AN_WAGE(1.0),Average annual wages,I,ESP,Spain,WG,Wages,USD_PPP,"US dollars, PPP converted",A,Annual,Q,Constant prices,MEAN,Mean,_Z,Not applicable,1991,,49881.658,,2024,,A,Normal value,0,Units,0,Zero
DATAFLOW,OECD.ELS.SAE:DSD_EARNINGS@AV_AN_WAGE(1.0),Average annual wages,I,ESP,Spain,WG,Wages,USD_PPP,"US dollars, PPP converted",A,Annual,Q,Constant prices,MEAN,Mean,_Z,Not applicable,1992,,51725.009,,2024,,A,Normal value,0,Units,0,Zero
DATAFLOW,OECD.ELS.SAE:DSD_EARNINGS@AV_AN_WAGE(1.0),Average annual wages,I,ESP,Spain,WG,Wages,USD_PPP,"US dollars, PPP converted",A,Annual,Q,Constant prices,MEAN,Mean,_Z,Not applicable,1993,,52551.254,,2024,,A,Normal value,0,Units,0,Zero
DATAFLOW,OECD.ELS.SAE:DSD_EARNINGS@AV_AN_WAGE(1.0),Average annual wages,I,ESP,Spain,WG,Wages,USD_PPP,"US dollars, PPP converted",A,Annual,Q,Constant prices,MEAN,Mean,_Z,Not applicable,1994,,53100.066,,2024,,A,Normal value,0,Units,0,Zero
DATAFLOW,OECD.ELS.SAE:DSD_EARNINGS@AV_AN_WAGE(1.0),Average annual wages,I,ESP,Spain,WG,Wages,USD_PPP,"US dollars, PPP converted",A,Annual,Q,Constant prices,MEAN,Mean,_Z,Not applicable,1995,,52046.36,,2024,,A,Normal value,0,Units,0,Zero
DATAFLOW,OECD.ELS.SAE:DSD_EARNINGS@AV_AN_WAGE(1.0),Average annual wages,I,ESP,Spain,WG,Wages,USD_PPP,"US dollars, PPP converted",A,Annual,Q,Constant prices,MEAN,Mean,_Z,Not applicable,1996,,52751.265,,2024,,A,Normal value,0,Units,0,Zero
DATAFLOW,OECD.ELS.SAE:DSD_EARNINGS@AV_AN_WAGE(1.0),Average annual wages,I,ESP,Spain,WG,Wages,USD_PPP,"US dollars, PPP converted",A,Annual,Q,Constant prices,MEAN,Mean,_Z,Not applicable,1997,,52807.812,,2024,,A,Normal value,0,Units,0,Zero
DATAFLOW,OECD.ELS.SAE:DSD_EARNINGS@AV_AN_WAGE(1.0),Average annual wages,I,ESP,Spain,WG,Wages,USD_PPP,"US dollars, PPP converted",A,Annual,Q,Constant prices,MEAN,Mean,_Z,Not applicable,1998,,53090.12,,2024,,A,Normal value,0,Units,0,Zero
DATAFLOW,OECD.ELS.SAE:DSD_EARNINGS@AV_AN_WAGE(1.0),Average annual wages,I,ESP,Spain,WG,Wages,USD_PPP,"US dollars, PPP converted",A,Annual,Q,Constant prices,MEAN,Mean,_Z,Not applicable,1999,,53058.976,,2024,,A,Normal value,0,Units,0,Zero
DATAFLOW,OECD.ELS.SAE:DSD_EARNINGS@AV_AN_WAGE(1.0),Average annual wages,I,ESP,Spain,WG,Wages,USD_PPP,"US dollars, PPP converted",A,Annual,Q,Constant prices,MEAN,Mean,_Z,Not applicable,2000,,51905.267,,2024,,A,Normal value,0,Units,0,Zero
DATAFLOW,OECD.ELS.SAE:DSD_EARNINGS@AV_AN_WAGE(1.0),Average annual wages,I,ESP,Spain,WG,Wages,USD_PPP,"US dollars, PPP converted",A,Annual,Q,Constant prices,MEAN,Mean,_Z,Not applicable,2001,,51633.645,,2024,,A,Normal value,0,Units,0,Zero
DATAFLOW,OECD.ELS.SAE:DSD_EARNINGS@AV_AN_WAGE(1.0),Average annual wages,I,ESP,Spain,WG,Wages,USD_PPP,"US dollars, PPP converted",A,Annual,Q,Constant prices,MEAN,Mean,_Z,Not applicable,2002,,51892.464,,2024,,A,Normal value,0,Units,0,Zero
DATAFLOW,OECD.ELS.SAE:DSD_EARNINGS@AV_AN_WAGE(1.0),Average annual wages,I,ESP,Spain,WG,Wages,USD_PPP,"US dollars, PPP converted",A,Annual,Q,Constant prices,MEAN,Mean,_Z,Not applicable,2003,,51628.571,,2024,,A,Normal value,0,Units,0,Zero
DATAFLOW,OECD.ELS.SAE:DSD_EARNINGS@AV_AN_WAGE(1.0),Average annual wages,I,ESP,Spain,WG,Wages,USD_PPP,"US dollars, PPP converted",A,Annual,Q,Constant prices,MEAN,Mean,_Z,Not applicable,2004,,50971.497,,2024,,A,Normal value,0,Units,0,Zero
DATAFLOW,OECD.ELS.SAE:DSD_EARNINGS@AV_AN_WAGE(1.0),Average annual wages,I,ESP,Spain,WG,Wages,USD_PPP,"US dollars, PPP converted",A,Annual,Q,Constant prices,MEAN,Mean,_Z,Not applicable,2005,,51191.285,,2024,,A,Normal value,0,Units,0,Zero
DATAFLOW,OECD.ELS.SAE:DSD_EARNINGS@AV_AN_WAGE(1.0),Average annual wages,I,ESP,Spain,WG,Wages,USD_PPP,"US dollars, PPP converted",A,Annual,Q,Constant prices,MEAN,Mean,_Z,Not applicable,2006,,50946.93,,2024,,A,Normal value,0,Units,0,Zero
DATAFLOW,OECD.ELS.SAE:DSD_EARNINGS@AV_AN_WAGE(1.0),Average annual wages,I,ESP,Spain,WG,Wages,USD_PPP,"US dollars, PPP converted",A,Annual,Q,Constant prices,MEAN,Mean,_Z,Not applicable,2007,,51498.848,,2024,,A,Normal value,0,Units,0,Zero
DATAFLOW,OECD.ELS.SAE:DSD_EARNINGS@AV_AN_WAGE(1.0),Average annual wages,I,ESP,Spain,WG,Wages,USD_PPP,"US dollars, PPP converted",A,Annual,Q,Constant prices,MEAN,Mean,_Z,Not applicable,2008,,53318.729,,2024,,A,Normal value,0,Units,0,Zero
DATAFLOW,OECD.ELS.SAE:DSD_EARNINGS@AV_AN_WAGE(1.0),Average annual wages,I,ESP,Spain,WG,Wages,USD_PPP,"US dollars, PPP converted",A,Annual,Q,Constant prices,MEAN,Mean,_Z,Not applicable,2009,,56675.193,,2024,,A,Normal value,0,Units,0,Zero
DATAFLOW,OECD.ELS.SAE:DSD_EARNINGS@AV_AN_WAGE(1.0),Average annual wages,I,ESP,Spain,WG,Wages,USD_PPP,"US dollars, PPP converted",A,Annual,Q,Constant prices,MEAN,Mean,_Z,Not applicable,2010,,56137.603,,2024,,A,Normal value,0,Units,0,Zero
DATAFLOW,OECD.ELS.SAE:DSD_EARNINGS@AV_AN_WAGE(1.0),Average annual wages,I,ESP,Spain,WG,Wages,USD_PPP,"US dollars, PPP converted",A,Annual,Q,Constant prices,MEAN,Mean,_Z,Not applicable,2011,,55135.424,,2024,,A,Normal value,0,Units,0,Zero
DATAFLOW,OECD.ELS.SAE:DSD_EARNINGS@AV_AN_WAGE(1.0),Average annual wages,I,ESP,Spain,WG,Wages,USD_PPP,"US dollars, PPP converted",A,Annual,Q,Constant prices,MEAN,Mean,_Z,Not applicable,2012,,53590.706,,2024,,A,Normal value,0,Units,0,Zero
DATAFLOW,OECD.ELS.SAE:DSD_EARNINGS@AV_AN_WAGE(1.0),Average annual wages,I,ESP,Spain,WG,Wages,USD_PPP,"US dollars, PPP converted",A,Annual,Q,Constant prices,MEAN,Mean,_Z,Not applicable,2013,,53598.418,,2024,,A,Normal value,0,Units,0,Zero
DATAFLOW,OECD.ELS.SAE:DSD_EARNINGS@AV_AN_WAGE(1.0),Average annual wages,I,ESP,Spain,WG,Wages,USD_PPP,"US dollars, PPP converted",A,Annual,Q,Constant prices,MEAN,Mean,_Z,Not applicable,2014,,53430.788,,2024,,A,Normal value,0,Units,0,Zero
DATAFLOW,OECD.ELS.SAE:DSD_EARNINGS@AV_AN_WAGE(1.0),Average annual wages,I,ESP,Spain,WG,Wages,USD_PPP,"US dollars, PPP converted",A,Annual,Q,Constant prices,MEAN,Mean,_Z,Not applicable,2015,,54228.251,,2024,,A,Normal value,0,Units,0,Zero
DATAFLOW,OECD.ELS.SAE:DSD_EARNINGS@AV_AN_WAGE(1.0),Average annual wages,I,ESP,Spain,WG,Wages,USD_PPP,"US dollars, PPP converted",A,Annual,Q,Constant prices,MEAN,Mean,_Z,Not applicable,2016,,53926.995,,2024,,A,Normal value,0,Units,0,Zero
DATAFLOW,OECD.ELS.SAE:DSD_EARNINGS@AV_AN_WAGE(1.0),Average annual wages,I,ESP,Spain,WG,Wages,USD_PPP,"US dollars, PPP converted",A,Annual,Q,Constant prices,MEAN,Mean,_Z,Not applicable,2017,,53224.488,,2024,,A,Normal value,0,Units,0,Zero
DATAFLOW,OECD.ELS.SAE:DSD_EARNINGS@AV_AN_WAGE(1.0),Average annual wages,I,ESP,Spain,WG,Wages,USD_PPP,"US dollars, PPP converted",A,Annual,Q,Constant prices,MEAN,Mean,_Z,Not applicable,2018,,53084.228,,2024,,A,Normal value,0,Units,0,Zero
DATAFLOW,OECD.ELS.SAE:DSD_EARNINGS@AV_AN_WAGE(1.0),Average annual wages,I,ESP,Spain,WG,Wages,USD_PPP,"US dollars, PPP converted",A,Annual,Q,Constant prices,MEAN,Mean,_Z,Not applicable,2019,,53700.459,,2024,,A,Normal value,0,Units,0,Zero
DATAFLOW,OECD.ELS.SAE:DSD_EARNINGS@AV_AN_WAGE(1.0),Average annual wages,I,ESP,Spain,WG,Wages,USD_PPP,"US dollars, PPP converted",A,Annual,Q,Constant prices,MEAN,Mean,_Z,Not applicable,2020,,53463.182,,2024,,A,Normal value,0,Units,0,Zero
DATAFLOW,OECD.ELS.SAE:DSD_EARNINGS@AV_AN_WAGE(1.0),Average annual wages,I,ESP,Spain,WG,Wages,USD_PPP,"US dollars, PPP converted",A,Annual,Q,Constant prices,MEAN,Mean,_Z,Not applicable,2021,,55356.659,,2024,,A,Normal value,0,Units,0,Zero
DATAFLOW,OECD.ELS.SAE:DSD_EARNINGS@AV_AN_WAGE(1.0),Average annual wages,I,ESP,Spain,WG,Wages,USD_PPP,"US dollars, PPP converted",A,Annual,Q,Constant prices,MEAN,Mean,_Z,Not applicable,2022,,53954.498,,2024,,A,Normal value,0,Units,0,Zero
DATAFLOW,OECD.ELS.SAE:DSD_EARNINGS@AV_AN_WAGE(1.0),Average annual wages,I,ESP,Spain,WG,Wages,USD_PPP,"US dollars, PPP converted",A,Annual,Q,Constant prices,MEAN,Mean,_Z,Not applicable,2023,,54459.604,,2024,,A,Normal value,0,Units,0,Zero
DATAFLOW,OECD.ELS.SAE:DSD_EARNINGS@AV_AN_WAGE(1.0),Average annual wages,I,ESP,Spain,WG,Wages,USD_PPP,"US dollars, PPP converted",A,Annual,Q,Constant prices,MEAN,Mean,_Z,Not applicable,2024,,54564.408,,2024,,A,Normal value,0,Units,0,Zero
DATAFLOW,OECD.ELS.SAE:DSD_EARNINGS@AV_AN_WAGE(1.0),Average annual wages,I,SWE,Sweden,WG,Wages,USD_PPP,"US dollars, PPP converted",A,Annual,Q,Constant prices,MEAN,Mean,_Z,Not applicable,1990,,37430.396,,2024,,A,Normal value,0,Units,0,Zero
DATAFLOW,OECD.ELS.SAE:DSD_EARNINGS@AV_AN_WAGE(1.0),Average annual wages,I,SWE,Sweden,WG,Wages,USD_PPP,"US dollars, PPP converted",A,Annual,Q,Constant prices,MEAN,Mean,_Z,Not applicable,1991,,35648.147,,2024,,A,Normal value,0,Units,0,Zero
DATAFLOW,OECD.ELS.SAE:DSD_EARNINGS@AV_AN_WAGE(1.0),Average annual wages,I,SWE,Sweden,WG,Wages,USD_PPP,"US dollars, PPP converted",A,Annual,Q,Constant prices,MEAN,Mean,_Z,Not applicable,1992,,36765.198,,2024,,A,Normal value,0,Units,0,Zero
DATAFLOW,OECD.ELS.SAE:DSD_EARNINGS@AV_AN_WAGE(1.0),Average annual wages,I,SWE,Sweden,WG,Wages,USD_PPP,"US dollars, PPP converted",A,Annual,Q,Constant prices,MEAN,Mean,_Z,Not applicable,1993,,36283.48,,2024,,A,Normal value,0,Units,0,Zero
DATAFLOW,OECD.ELS.SAE:DSD_EARNINGS@AV_AN_WAGE(1.0),Average annual wages,I,SWE,Sweden,WG,Wages,USD_PPP,"US dollars, PPP converted",A,Annual,Q,Constant prices,MEAN,Mean,_Z,Not applicable,1994,,37174.1,,2024,,A,Normal value,0,Units,0,Zero
DATAFLOW,OECD.ELS.SAE:DSD_EARNINGS@AV_AN_WAGE(1.0),Average annual wages,I,SWE,Sweden,WG,Wages,USD_PPP,"US dollars, PPP converted",A,Annual,Q,Constant prices,MEAN,Mean,_Z,Not applicable,1995,,37266.858,,2024,,A,Normal value,0,Units,0,Zero
DATAFLOW,OECD.ELS.SAE:DSD_EARNINGS@AV_AN_WAGE(1.0),Average annual wages,I,SWE,Sweden,WG,Wages,USD_PPP,"US dollars, PPP converted",A,Annual,Q,Constant prices,MEAN,Mean,_Z,Not applicable,1996,,39478.175,,2024,,A,Normal value,0,Units,0,Zero
DATAFLOW,OECD.ELS.SAE:DSD_EARNINGS@AV_AN_WAGE(1.0),Average annual wages,I,SWE,Sweden,WG,Wages,USD_PPP,"US dollars, PPP converted",A,Annual,Q,Constant prices,MEAN,Mean,_Z,Not applicable,1997,,41048.83,,2024,,A,Normal value,0,Units,0,Zero
DATAFLOW,OECD.ELS.SAE:DSD_EARNINGS@AV_AN_WAGE(1.0),Average annual wages,I,SWE,Sweden,WG,Wages,USD_PPP,"US dollars, PPP converted",A,Annual,Q,Constant prices,MEAN,Mean,_Z,Not applicable,1998,,42402.079,,2024,,A,Normal value,0,Units,0,Zero
DATAFLOW,OECD.ELS.SAE:DSD_EARNINGS@AV_AN_WAGE(1.0),Average annual wages,I,SWE,Sweden,WG,Wages,USD_PPP,"US dollars, PPP converted",A,Annual,Q,Constant prices,MEAN,Mean,_Z,Not applicable,1999,,43291.884,,2024,,A,Normal value,0,Units,0,Zero
DATAFLOW,OECD.ELS.SAE:DSD_EARNINGS@AV_AN_WAGE(1.0),Average annual wages,I,SWE,Sweden,WG,Wages,USD_PPP,"US dollars, PPP converted",A,Annual,Q,Constant prices,MEAN,Mean,_Z,Not applicable,2000,,44677.134,,2024,,A,Normal value,0,Units,0,Zero
DATAFLOW,OECD.ELS.SAE:DSD_EARNINGS@AV_AN_WAGE(1.0),Average annual wages,I,SWE,Sweden,WG,Wages,USD_PPP,"US dollars, PPP converted",A,Annual,Q,Constant prices,MEAN,Mean,_Z,Not applicable,2001,,45204.129,,2024,,A,Normal value,0,Units,0,Zero
DATAFLOW,OECD.ELS.SAE:DSD_EARNINGS@AV_AN_WAGE(1.0),Average annual wages,I,SWE,Sweden,WG,Wages,USD_PPP,"US dollars, PPP converted",A,Annual,Q,Constant prices,MEAN,Mean,_Z,Not applicable,2002,,45805.063,,2024,,A,Normal value,0,Units,0,Zero
DATAFLOW,OECD.ELS.SAE:DSD_EARNINGS@AV_AN_WAGE(1.0),Average annual wages,I,SWE,Sweden,WG,Wages,USD_PPP,"US dollars, PPP converted",A,Annual,Q,Constant prices,MEAN,Mean,_Z,Not applicable,2003,,46186.957,,2024,,A,Normal value,0,Units,0,Zero
DATAFLOW,OECD.ELS.SAE:DSD_EARNINGS@AV_AN_WAGE(1.0),Average annual wages,I,SWE,Sweden,WG,Wages,USD_PPP,"US dollars, PPP converted",A,Annual,Q,Constant prices,MEAN,Mean,_Z,Not applicable,2004,,47711.077,,2024,,A,Normal value,0,Units,0,Zero
DATAFLOW,OECD.ELS.SAE:DSD_EARNINGS@AV_AN_WAGE(1.0),Average annual wages,I,SWE,Sweden,WG,Wages,USD_PPP,"US dollars, PPP converted",A,Annual,Q,Constant prices,MEAN,Mean,_Z,Not applicable,2005,,48903.574,,2024,,A,Normal value,0,Units,0,Zero
DATAFLOW,OECD.ELS.SAE:DSD_EARNINGS@AV_AN_WAGE(1.0),Average annual wages,I,SWE,Sweden,WG,Wages,USD_PPP,"US dollars, PPP converted",A,Annual,Q,Constant prices,MEAN,Mean,_Z,Not applicable,2006,,50273.23,,2024,,A,Normal value,0,Units,0,Zero
DATAFLOW,OECD.ELS.SAE:DSD_EARNINGS@AV_AN_WAGE(1.0),Average annual wages,I,SWE,Sweden,WG,Wages,USD_PPP,"US dollars, PPP converted",A,Annual,Q,Constant prices,MEAN,Mean,_Z,Not applicable,2007,,51961.973,,2024,,A,Normal value,0,Units,0,Zero
DATAFLOW,OECD.ELS.SAE:DSD_EARNINGS@AV_AN_WAGE(1.0),Average annual wages,I,SWE,Sweden,WG,Wages,USD_PPP,"US dollars, PPP converted",A,Annual,Q,Constant prices,MEAN,Mean,_Z,Not applicable,2008,,52957.345,,2024,,A,Normal value,0,Units,0,Zero
DATAFLOW,OECD.ELS.SAE:DSD_EARNINGS@AV_AN_WAGE(1.0),Average annual wages,I,SWE,Sweden,WG,Wages,USD_PPP,"US dollars, PPP converted",A,Annual,Q,Constant prices,MEAN,Mean,_Z,Not applicable,2009,,53136.007,,2024,,A,Normal value,0,Units,0,Zero
DATAFLOW,OECD.ELS.SAE:DSD_EARNINGS@AV_AN_WAGE(1.0),Average annual wages,I,SWE,Sweden,WG,Wages,USD_PPP,"US dollars, PPP converted",A,Annual,Q,Constant prices,MEAN,Mean,_Z,Not applicable,2010,,53787.945,,2024,,A,Normal value,0,Units,0,Zero
DATAFLOW,OECD.ELS.SAE:DSD_EARNINGS@AV_AN_WAGE(1.0),Average annual wages,I,SWE,Sweden,WG,Wages,USD_PPP,"US dollars, PPP converted",A,Annual,Q,Constant prices,MEAN,Mean,_Z,Not applicable,2011,,54613.811,,2024,,A,Normal value,0,Units,0,Zero
DATAFLOW,OECD.ELS.SAE:DSD_EARNINGS@AV_AN_WAGE(1.0),Average annual wages,I,SWE,Sweden,WG,Wages,USD_PPP,"US dollars, PPP converted",A,Annual,Q,Constant prices,MEAN,Mean,_Z,Not applicable,2012,,55767.103,,2024,,A,Normal value,0,Units,0,Zero
DATAFLOW,OECD.ELS.SAE:DSD_EARNINGS@AV_AN_WAGE(1.0),Average annual wages,I,SWE,Sweden,WG,Wages,USD_PPP,"US dollars, PPP converted",A,Annual,Q,Constant prices,MEAN,Mean,_Z,Not applicable,2013,,56389.216,,2024,,A,Normal value,0,Units,0,Zero
DATAFLOW,OECD.ELS.SAE:DSD_EARNINGS@AV_AN_WAGE(1.0),Average annual wages,I,SWE,Sweden,WG,Wages,USD_PPP,"US dollars, PPP converted",A,Annual,Q,Constant prices,MEAN,Mean,_Z,Not applicable,2014,,57017.496,,2024,,A,Normal value,0,Units,0,Zero
DATAFLOW,OECD.ELS.SAE:DSD_EARNINGS@AV_AN_WAGE(1.0),Average annual wages,I,SWE,Sweden,WG,Wages,USD_PPP,"US dollars, PPP converted",A,Annual,Q,Constant prices,MEAN,Mean,_Z,Not applicable,2015,,57866.957,,2024,,A,Normal value,0,Units,0,Zero
DATAFLOW,OECD.ELS.SAE:DSD_EARNINGS@AV_AN_WAGE(1.0),Average annual wages,I,SWE,Sweden,WG,Wages,USD_PPP,"US dollars, PPP converted",A,Annual,Q,Constant prices,MEAN,Mean,_Z,Not applicable,2016,,58772.062,,2024,,A,Normal value,0,Units,0,Zero
DATAFLOW,OECD.ELS.SAE:DSD_EARNINGS@AV_AN_WAGE(1.0),Average annual wages,I,SWE,Sweden,WG,Wages,USD_PPP,"US dollars, PPP converted",A,Annual,Q,Constant prices,MEAN,Mean,_Z,Not applicable,2017,,59097.301,,2024,,A,Normal value,0,Units,0,Zero
DATAFLOW,OECD.ELS.SAE:DSD_EARNINGS@AV_AN_WAGE(1.0),Average annual wages,I,SWE,Sweden,WG,Wages,USD_PPP,"US dollars, PPP converted",A,Annual,Q,Constant prices,MEAN,Mean,_Z,Not applicable,2018,,59392.321,,2024,,A,Normal value,0,Units,0,Zero
DATAFLOW,OECD.ELS.SAE:DSD_EARNINGS@AV_AN_WAGE(1.0),Average annual wages,I,SWE,Sweden,WG,Wages,USD_PPP,"US dollars, PPP converted",A,Annual,Q,Constant prices,MEAN,Mean,_Z,Not applicable,2019,,60019.439,,2024,,A,Normal value,0,Units,0,Zero
DATAFLOW,OECD.ELS.SAE:DSD_EARNINGS@AV_AN_WAGE(1.0),Average annual wages,I,SWE,Sweden,WG,Wages,USD_PPP,"US dollars, PPP converted",A,Annual,Q,Constant prices,MEAN,Mean,_Z,Not applicable,2020,,60782.828,,2024,,A,Normal value,0,Units,0,Zero
DATAFLOW,OECD.ELS.SAE:DSD_EARNINGS@AV_AN_WAGE(1.0),Average annual wages,I,SWE,Sweden,WG,Wages,USD_PPP,"US dollars, PPP converted",A,Annual,Q,Constant prices,MEAN,Mean,_Z,Not applicable,2021,,62240.011,,2024,,A,Normal value,0,Units,0,Zero
DATAFLOW,OECD.ELS.SAE:DSD_EARNINGS@AV_AN_WAGE(1.0),Average annual wages,I,SWE,Sweden,WG,Wages,USD_PPP,"US dollars, PPP converted",A,Annual,Q,Constant prices,MEAN,Mean,_Z,Not applicable,2022,,60566.698,,2024,,A,Normal value,0,Units,0,Zero
DATAFLOW,OECD.ELS.SAE:DSD_EARNINGS@AV_AN_WAGE(1.0),Average annual wages,I,SWE,Sweden,WG,Wages,USD_PPP,"US dollars, PPP converted",A,Annual,Q,Constant prices,MEAN,Mean,_Z,Not applicable,2023,,59058.071,,2024,,A,Normal value,0,Units,0,Zero
DATAFLOW,OECD.ELS.SAE:DSD_EARNINGS@AV_AN_WAGE(1.0),Average annual wages,I,SWE,Sweden,WG,Wages,USD_PPP,"US dollars, PPP converted",A,Annual,Q,Constant prices,MEAN,Mean,_Z,Not applicable,2024,,60415.321,,2024,,A,Normal value,0,Units,0,Zero
DATAFLOW,OECD.ELS.SAE:DSD_EARNINGS@AV_AN_WAGE(1.0),Average annual wages,I,CHE,Switzerland,WG,Wages,USD_PPP,"US dollars, PPP converted",A,Annual,Q,Constant prices,MEAN,Mean,_Z,Not applicable,1990,,66080.519,,2024,,A,Normal value,0,Units,0,Zero
DATAFLOW,OECD.ELS.SAE:DSD_EARNINGS@AV_AN_WAGE(1.0),Average annual wages,I,CHE,Switzerland,WG,Wages,USD_PPP,"US dollars, PPP converted",A,Annual,Q,Constant prices,MEAN,Mean,_Z,Not applicable,1991,,67253.133,,2024,,A,Normal value,0,Units,0,Zero
DATAFLOW,OECD.ELS.SAE:DSD_EARNINGS@AV_AN_WAGE(1.0),Average annual wages,I,CHE,Switzerland,WG,Wages,USD_PPP,"US dollars, PPP converted",A,Annual,Q,Constant prices,MEAN,Mean,_Z,Not applicable,1992,,67831.203,,2024,,A,Normal value,0,Units,0,Zero
DATAFLOW,OECD.ELS.SAE:DSD_EARNINGS@AV_AN_WAGE(1.0),Average annual wages,I,CHE,Switzerland,WG,Wages,USD_PPP,"US dollars, PPP converted",A,Annual,Q,Constant prices,MEAN,Mean,_Z,Not applicable,1993,,68568.756,,2024,,A,Normal value,0,Units,0,Zero
DATAFLOW,OECD.ELS.SAE:DSD_EARNINGS@AV_AN_WAGE(1.0),Average annual wages,I,CHE,Switzerland,WG,Wages,USD_PPP,"US dollars, PPP converted",A,Annual,Q,Constant prices,MEAN,Mean,_Z,Not applicable,1994,,69416.716,,2024,,A,Normal value,0,Units,0,Zero
DATAFLOW,OECD.ELS.SAE:DSD_EARNINGS@AV_AN_WAGE(1.0),Average annual wages,I,CHE,Switzerland,WG,Wages,USD_PPP,"US dollars, PPP converted",A,Annual,Q,Constant prices,MEAN,Mean,_Z,Not applicable,1995,,69463.041,,2024,,A,Normal value,0,Units,0,Zero
DATAFLOW,OECD.ELS.SAE:DSD_EARNINGS@AV_AN_WAGE(1.0),Average annual wages,I,CHE,Switzerland,WG,Wages,USD_PPP,"US dollars, PPP converted",A,Annual,Q,Constant prices,MEAN,Mean,_Z,Not applicable,1996,,68613.834,,2024,,A,Normal value,0,Units,0,Zero
DATAFLOW,OECD.ELS.SAE:DSD_EARNINGS@AV_AN_WAGE(1.0),Average annual wages,I,CHE,Switzerland,WG,Wages,USD_PPP,"US dollars, PPP converted",A,Annual,Q,Constant prices,MEAN,Mean,_Z,Not applicable,1997,,69846.791,,2024,,A,Normal value,0,Units,0,Zero
DATAFLOW,OECD.ELS.SAE:DSD_EARNINGS@AV_AN_WAGE(1.0),Average annual wages,I,CHE,Switzerland,WG,Wages,USD_PPP,"US dollars, PPP converted",A,Annual,Q,Constant prices,MEAN,Mean,_Z,Not applicable,1998,,70054.013,,2024,,A,Normal value,0,Units,0,Zero
DATAFLOW,OECD.ELS.SAE:DSD_EARNINGS@AV_AN_WAGE(1.0),Average annual wages,I,CHE,Switzerland,WG,Wages,USD_PPP,"US dollars, PPP converted",A,Annual,Q,Constant prices,MEAN,Mean,_Z,Not applicable,1999,,71330.314,,2024,,A,Normal value,0,Units,0,Zero
DATAFLOW,OECD.ELS.SAE:DSD_EARNINGS@AV_AN_WAGE(1.0),Average annual wages,I,CHE,Switzerland,WG,Wages,USD_PPP,"US dollars, PPP converted",A,Annual,Q,Constant prices,MEAN,Mean,_Z,Not applicable,2000,,72385.662,,2024,,A,Normal value,0,Units,0,Zero
DATAFLOW,OECD.ELS.SAE:DSD_EARNINGS@AV_AN_WAGE(1.0),Average annual wages,I,CHE,Switzerland,WG,Wages,USD_PPP,"US dollars, PPP converted",A,Annual,Q,Constant prices,MEAN,Mean,_Z,Not applicable,2001,,76408.724,,2024,,A,Normal value,0,Units,0,Zero
DATAFLOW,OECD.ELS.SAE:DSD_EARNINGS@AV_AN_WAGE(1.0),Average annual wages,I,CHE,Switzerland,WG,Wages,USD_PPP,"US dollars, PPP converted",A,Annual,Q,Constant prices,MEAN,Mean,_Z,Not applicable,2002,,77948.301,,2024,,A,Normal value,0,Units,0,Zero
DATAFLOW,OECD.ELS.SAE:DSD_EARNINGS@AV_AN_WAGE(1.0),Average annual wages,I,CHE,Switzerland,WG,Wages,USD_PPP,"US dollars, PPP converted",A,Annual,Q,Constant prices,MEAN,Mean,_Z,Not applicable,2003,,77556.657,,2024,,A,Normal value,0,Units,0,Zero
DATAFLOW,OECD.ELS.SAE:DSD_EARNINGS@AV_AN_WAGE(1.0),Average annual wages,I,CHE,Switzerland,WG,Wages,USD_PPP,"US dollars, PPP converted",A,Annual,Q,Constant prices,MEAN,Mean,_Z,Not applicable,2004,,76996.722,,2024,,A,Normal value,0,Units,0,Zero
DATAFLOW,OECD.ELS.SAE:DSD_EARNINGS@AV_AN_WAGE(1.0),Average annual wages,I,CHE,Switzerland,WG,Wages,USD_PPP,"US dollars, PPP converted",A,Annual,Q,Constant prices,MEAN,Mean,_Z,Not applicable,2005,,78204.109,,2024,,A,Normal value,0,Units,0,Zero
DATAFLOW,OECD.ELS.SAE:DSD_EARNINGS@AV_AN_WAGE(1.0),Average annual wages,I,CHE,Switzerland,WG,Wages,USD_PPP,"US dollars, PPP converted",A,Annual,Q,Constant prices,MEAN,Mean,_Z,Not applicable,2006,,78428.306,,2024,,A,Normal value,0,Units,0,Zero
DATAFLOW,OECD.ELS.SAE:DSD_EARNINGS@AV_AN_WAGE(1.0),Average annual wages,I,CHE,Switzerland,WG,Wages,USD_PPP,"US dollars, PPP converted",A,Annual,Q,Constant prices,MEAN,Mean,_Z,Not applicable,2007,,79355.894,,2024,,A,Normal value,0,Units,0,Zero
DATAFLOW,OECD.ELS.SAE:DSD_EARNINGS@AV_AN_WAGE(1.0),Average annual wages,I,CHE,Switzerland,WG,Wages,USD_PPP,"US dollars, PPP converted",A,Annual,Q,Constant prices,MEAN,Mean,_Z,Not applicable,2008,,79783.509,,2024,,A,Normal value,0,Units,0,Zero
DATAFLOW,OECD.ELS.SAE:DSD_EARNINGS@AV_AN_WAGE(1.0),Average annual wages,I,CHE,Switzerland,WG,Wages,USD_PPP,"US dollars, PPP converted",A,Annual,Q,Constant prices,MEAN,Mean,_Z,Not applicable,2009,,81197.456,,2024,,A,Normal value,0,Units,0,Zero
DATAFLOW,OECD.ELS.SAE:DSD_EARNINGS@AV_AN_WAGE(1.0),Average annual wages,I,CHE,Switzerland,WG,Wages,USD_PPP,"US dollars, PPP converted",A,Annual,Q,Constant prices,MEAN,Mean,_Z,Not applicable,2010,,80823.349,,2024,,A,Normal value,0,Units,0,Zero
DATAFLOW,OECD.ELS.SAE:DSD_EARNINGS@AV_AN_WAGE(1.0),Average annual wages,I,CHE,Switzerland,WG,Wages,USD_PPP,"US dollars, PPP converted",A,Annual,Q,Constant prices,MEAN,Mean,_Z,Not applicable,2011,,81342.649,,2024,,A,Normal value,0,Units,0,Zero
DATAFLOW,OECD.ELS.SAE:DSD_EARNINGS@AV_AN_WAGE(1.0),Average annual wages,I,CHE,Switzerland,WG,Wages,USD_PPP,"US dollars, PPP converted",A,Annual,Q,Constant prices,MEAN,Mean,_Z,Not applicable,2012,,82526.691,,2024,,A,Normal value,0,Units,0,Zero
DATAFLOW,OECD.ELS.SAE:DSD_EARNINGS@AV_AN_WAGE(1.0),Average annual wages,I,CHE,Switzerland,WG,Wages,USD_PPP,"US dollars, PPP converted",A,Annual,Q,Constant prices,MEAN,Mean,_Z,Not applicable,2013,,83599.467,,2024,,A,Normal value,0,Units,0,Zero
DATAFLOW,OECD.ELS.SAE:DSD_EARNINGS@AV_AN_WAGE(1.0),Average annual wages,I,CHE,Switzerland,WG,Wages,USD_PPP,"US dollars, PPP converted",A,Annual,Q,Constant prices,MEAN,Mean,_Z,Not applicable,2014,,83762.274,,2024,,A,Normal value,0,Units,0,Zero
DATAFLOW,OECD.ELS.SAE:DSD_EARNINGS@AV_AN_WAGE(1.0),Average annual wages,I,CHE,Switzerland,WG,Wages,USD_PPP,"US dollars, PPP converted",A,Annual,Q,Constant prices,MEAN,Mean,_Z,Not applicable,2015,,84264.574,,2024,,A,Normal value,0,Units,0,Zero
DATAFLOW,OECD.ELS.SAE:DSD_EARNINGS@AV_AN_WAGE(1.0),Average annual wages,I,CHE,Switzerland,WG,Wages,USD_PPP,"US dollars, PPP converted",A,Annual,Q,Constant prices,MEAN,Mean,_Z,Not applicable,2016,,83965.905,,2024,,A,Normal value,0,Units,0,Zero
DATAFLOW,OECD.ELS.SAE:DSD_EARNINGS@AV_AN_WAGE(1.0),Average annual wages,I,CHE,Switzerland,WG,Wages,USD_PPP,"US dollars, PPP converted",A,Annual,Q,Constant prices,MEAN,Mean,_Z,Not applicable,2017,,83569.001,,2024,,A,Normal value,0,Units,0,Zero
DATAFLOW,OECD.ELS.SAE:DSD_EARNINGS@AV_AN_WAGE(1.0),Average annual wages,I,CHE,Switzerland,WG,Wages,USD_PPP,"US dollars, PPP converted",A,Annual,Q,Constant prices,MEAN,Mean,_Z,Not applicable,2018,,83328.535,,2024,,A,Normal value,0,Units,0,Zero
DATAFLOW,OECD.ELS.SAE:DSD_EARNINGS@AV_AN_WAGE(1.0),Average annual wages,I,CHE,Switzerland,WG,Wages,USD_PPP,"US dollars, PPP converted",A,Annual,Q,Constant prices,MEAN,Mean,_Z,Not applicable,2019,,84911.132,,2024,,A,Normal value,0,Units,0,Zero
DATAFLOW,OECD.ELS.SAE:DSD_EARNINGS@AV_AN_WAGE(1.0),Average annual wages,I,CHE,Switzerland,WG,Wages,USD_PPP,"US dollars, PPP converted",A,Annual,Q,Constant prices,MEAN,Mean,_Z,Not applicable,2020,,83154.689,,2024,,A,Normal value,0,Units,0,Zero
DATAFLOW,OECD.ELS.SAE:DSD_EARNINGS@AV_AN_WAGE(1.0),Average annual wages,I,CHE,Switzerland,WG,Wages,USD_PPP,"US dollars, PPP converted",A,Annual,Q,Constant prices,MEAN,Mean,_Z,Not applicable,2021,,86386.832,,2024,,A,Normal value,0,Units,0,Zero
DATAFLOW,OECD.ELS.SAE:DSD_EARNINGS@AV_AN_WAGE(1.0),Average annual wages,I,CHE,Switzerland,WG,Wages,USD_PPP,"US dollars, PPP converted",A,Annual,Q,Constant prices,MEAN,Mean,_Z,Not applicable,2022,,87339.04,,2024,,A,Normal value,0,Units,0,Zero
DATAFLOW,OECD.ELS.SAE:DSD_EARNINGS@AV_AN_WAGE(1.0),Average annual wages,I,CHE,Switzerland,WG,Wages,USD_PPP,"US dollars, PPP converted",A,Annual,Q,Constant prices,MEAN,Mean,_Z,Not applicable,2023,,86535.328,,2024,,A,Normal value,0,Units,0,Zero
DATAFLOW,OECD.ELS.SAE:DSD_EARNINGS@AV_AN_WAGE(1.0),Average annual wages,I,CHE,Switzerland,WG,Wages,USD_PPP,"US dollars, PPP converted",A,Annual,Q,Constant prices,MEAN,Mean,_Z,Not applicable,2024,,87468.235,,2024,,A,Normal value,0,Units,0,Zero
DATAFLOW,OECD.ELS.SAE:DSD_EARNINGS@AV_AN_WAGE(1.0),Average annual wages,I,TUR,Türkiye,WG,Wages,USD_PPP,"US dollars, PPP converted",A,Annual,Q,Constant prices,MEAN,Mean,_Z,Not applicable,1995,,21432,,2024,,A,Normal value,0,Units,0,Zero
DATAFLOW,OECD.ELS.SAE:DSD_EARNINGS@AV_AN_WAGE(1.0),Average annual wages,I,TUR,Türkiye,WG,Wages,USD_PPP,"US dollars, PPP converted",A,Annual,Q,Constant prices,MEAN,Mean,_Z,Not applicable,1998,,22574.944,,2024,,A,Normal value,0,Units,0,Zero
DATAFLOW,OECD.ELS.SAE:DSD_EARNINGS@AV_AN_WAGE(1.0),Average annual wages,I,TUR,Türkiye,WG,Wages,USD_PPP,"US dollars, PPP converted",A,Annual,Q,Constant prices,MEAN,Mean,_Z,Not applicable,1999,,22641.369,,2024,,A,Normal value,0,Units,0,Zero
DATAFLOW,OECD.ELS.SAE:DSD_EARNINGS@AV_AN_WAGE(1.0),Average annual wages,I,TUR,Türkiye,WG,Wages,USD_PPP,"US dollars, PPP converted",A,Annual,Q,Constant prices,MEAN,Mean,_Z,Not applicable,2000,,21455.859,,2024,,A,Normal value,0,Units,0,Zero
DATAFLOW,OECD.ELS.SAE:DSD_EARNINGS@AV_AN_WAGE(1.0),Average annual wages,I,TUR,Türkiye,WG,Wages,USD_PPP,"US dollars, PPP converted",A,Annual,Q,Constant prices,MEAN,Mean,_Z,Not applicable,2001,,19695.201,,2024,,A,Normal value,0,Units,0,Zero
DATAFLOW,OECD.ELS.SAE:DSD_EARNINGS@AV_AN_WAGE(1.0),Average annual wages,I,TUR,Türkiye,WG,Wages,USD_PPP,"US dollars, PPP converted",A,Annual,Q,Constant prices,MEAN,Mean,_Z,Not applicable,2002,,19962.522,,2024,,A,Normal value,0,Units,0,Zero
DATAFLOW,OECD.ELS.SAE:DSD_EARNINGS@AV_AN_WAGE(1.0),Average annual wages,I,TUR,Türkiye,WG,Wages,USD_PPP,"US dollars, PPP converted",A,Annual,Q,Constant prices,MEAN,Mean,_Z,Not applicable,2003,,21198.72,,2024,,A,Normal value,0,Units,0,Zero
DATAFLOW,OECD.ELS.SAE:DSD_EARNINGS@AV_AN_WAGE(1.0),Average annual wages,I,TUR,Türkiye,WG,Wages,USD_PPP,"US dollars, PPP converted",A,Annual,Q,Constant prices,MEAN,Mean,_Z,Not applicable,2004,,22601.419,,2024,,A,Normal value,0,Units,0,Zero
DATAFLOW,OECD.ELS.SAE:DSD_EARNINGS@AV_AN_WAGE(1.0),Average annual wages,I,TUR,Türkiye,WG,Wages,USD_PPP,"US dollars, PPP converted",A,Annual,Q,Constant prices,MEAN,Mean,_Z,Not applicable,2005,,23452.568,,2024,,A,Normal value,0,Units,0,Zero
DATAFLOW,OECD.ELS.SAE:DSD_EARNINGS@AV_AN_WAGE(1.0),Average annual wages,I,TUR,Türkiye,WG,Wages,USD_PPP,"US dollars, PPP converted",A,Annual,Q,Constant prices,MEAN,Mean,_Z,Not applicable,2006,,23581.01,,2024,,A,Normal value,0,Units,0,Zero
DATAFLOW,OECD.ELS.SAE:DSD_EARNINGS@AV_AN_WAGE(1.0),Average annual wages,I,TUR,Türkiye,WG,Wages,USD_PPP,"US dollars, PPP converted",A,Annual,Q,Constant prices,MEAN,Mean,_Z,Not applicable,2007,,24392.658,,2024,,A,Normal value,0,Units,0,Zero
DATAFLOW,OECD.ELS.SAE:DSD_EARNINGS@AV_AN_WAGE(1.0),Average annual wages,I,TUR,Türkiye,WG,Wages,USD_PPP,"US dollars, PPP converted",A,Annual,Q,Constant prices,MEAN,Mean,_Z,Not applicable,2008,,24252.388,,2024,,A,Normal value,0,Units,0,Zero
DATAFLOW,OECD.ELS.SAE:DSD_EARNINGS@AV_AN_WAGE(1.0),Average annual wages,I,TUR,Türkiye,WG,Wages,USD_PPP,"US dollars, PPP converted",A,Annual,Q,Constant prices,MEAN,Mean,_Z,Not applicable,2009,,24527.374,,2024,,A,Normal value,0,Units,0,Zero
DATAFLOW,OECD.ELS.SAE:DSD_EARNINGS@AV_AN_WAGE(1.0),Average annual wages,I,TUR,Türkiye,WG,Wages,USD_PPP,"US dollars, PPP converted",A,Annual,Q,Constant prices,MEAN,Mean,_Z,Not applicable,2010,,25137.487,,2024,,A,Normal value,0,Units,0,Zero
DATAFLOW,OECD.ELS.SAE:DSD_EARNINGS@AV_AN_WAGE(1.0),Average annual wages,I,TUR,Türkiye,WG,Wages,USD_PPP,"US dollars, PPP converted",A,Annual,Q,Constant prices,MEAN,Mean,_Z,Not applicable,2011,,25543.945,,2024,,A,Normal value,0,Units,0,Zero
DATAFLOW,OECD.ELS.SAE:DSD_EARNINGS@AV_AN_WAGE(1.0),Average annual wages,I,TUR,Türkiye,WG,Wages,USD_PPP,"US dollars, PPP converted",A,Annual,Q,Constant prices,MEAN,Mean,_Z,Not applicable,2012,,26574.876,,2024,,A,Normal value,0,Units,0,Zero
DATAFLOW,OECD.ELS.SAE:DSD_EARNINGS@AV_AN_WAGE(1.0),Average annual wages,I,TUR,Türkiye,WG,Wages,USD_PPP,"US dollars, PPP converted",A,Annual,Q,Constant prices,MEAN,Mean,_Z,Not applicable,2013,,27798.209,,2024,,A,Normal value,0,Units,0,Zero
DATAFLOW,OECD.ELS.SAE:DSD_EARNINGS@AV_AN_WAGE(1.0),Average annual wages,I,TUR,Türkiye,WG,Wages,USD_PPP,"US dollars, PPP converted",A,Annual,Q,Constant prices,MEAN,Mean,_Z,Not applicable,2014,,28746.408,,2024,,A,Normal value,0,Units,0,Zero
DATAFLOW,OECD.ELS.SAE:DSD_EARNINGS@AV_AN_WAGE(1.0),Average annual wages,I,TUR,Türkiye,WG,Wages,USD_PPP,"US dollars, PPP converted",A,Annual,Q,Constant prices,MEAN,Mean,_Z,Not applicable,2015,,29471.369,,2024,,A,Normal value,0,Units,0,Zero
DATAFLOW,OECD.ELS.SAE:DSD_EARNINGS@AV_AN_WAGE(1.0),Average annual wages,I,TUR,Türkiye,WG,Wages,USD_PPP,"US dollars, PPP converted",A,Annual,Q,Constant prices,MEAN,Mean,_Z,Not applicable,2016,,33097.871,,2024,,A,Normal value,0,Units,0,Zero
DATAFLOW,OECD.ELS.SAE:DSD_EARNINGS@AV_AN_WAGE(1.0),Average annual wages,I,TUR,Türkiye,WG,Wages,USD_PPP,"US dollars, PPP converted",A,Annual,Q,Constant prices,MEAN,Mean,_Z,Not applicable,2017,,32475.343,,2024,,A,Normal value,0,Units,0,Zero
DATAFLOW,OECD.ELS.SAE:DSD_EARNINGS@AV_AN_WAGE(1.0),Average annual wages,I,TUR,Türkiye,WG,Wages,USD_PPP,"US dollars, PPP converted",A,Annual,Q,Constant prices,MEAN,Mean,_Z,Not applicable,2018,,33061.616,,2024,,A,Normal value,0,Units,0,Zero
DATAFLOW,OECD.ELS.SAE:DSD_EARNINGS@AV_AN_WAGE(1.0),Average annual wages,I,TUR,Türkiye,WG,Wages,USD_PPP,"US dollars, PPP converted",A,Annual,Q,Constant prices,MEAN,Mean,_Z,Not applicable,2019,,35161.578,,2024,,A,Normal value,0,Units,0,Zero
DATAFLOW,OECD.ELS.SAE:DSD_EARNINGS@AV_AN_WAGE(1.0),Average annual wages,I,TUR,Türkiye,WG,Wages,USD_PPP,"US dollars, PPP converted",A,Annual,Q,Constant prices,MEAN,Mean,_Z,Not applicable,2020,,34948.959,,2024,,A,Normal value,0,Units,0,Zero
DATAFLOW,OECD.ELS.SAE:DSD_EARNINGS@AV_AN_WAGE(1.0),Average annual wages,I,TUR,Türkiye,WG,Wages,USD_PPP,"US dollars, PPP converted",A,Annual,Q,Constant prices,MEAN,Mean,_Z,Not applicable,2021,,36232.508,,2024,,A,Normal value,0,Units,0,Zero
DATAFLOW,OECD.ELS.SAE:DSD_EARNINGS@AV_AN_WAGE(1.0),Average annual wages,I,TUR,Türkiye,WG,Wages,USD_PPP,"US dollars, PPP converted",A,Annual,Q,Constant prices,MEAN,Mean,_Z,Not applicable,2022,,35675.551,,2024,,A,Normal value,0,Units,0,Zero
DATAFLOW,OECD.ELS.SAE:DSD_EARNINGS@AV_AN_WAGE(1.0),Average annual wages,I,TUR,Türkiye,WG,Wages,USD_PPP,"US dollars, PPP converted",A,Annual,Q,Constant prices,MEAN,Mean,_Z,Not applicable,2023,,47252.567,,2024,,A,Normal value,0,Units,0,Zero
DATAFLOW,OECD.ELS.SAE:DSD_EARNINGS@AV_AN_WAGE(1.0),Average annual wages,I,GBR,United Kingdom,WG,Wages,USD_PPP,"US dollars, PPP converted",A,Annual,Q,Constant prices,MEAN,Mean,_Z,Not applicable,1990,,42903.917,,2024,,A,Normal value,0,Units,0,Zero
DATAFLOW,OECD.ELS.SAE:DSD_EARNINGS@AV_AN_WAGE(1.0),Average annual wages,I,GBR,United Kingdom,WG,Wages,USD_PPP,"US dollars, PPP converted",A,Annual,Q,Constant prices,MEAN,Mean,_Z,Not applicable,1991,,43012.58,,2024,,A,Normal value,0,Units,0,Zero
DATAFLOW,OECD.ELS.SAE:DSD_EARNINGS@AV_AN_WAGE(1.0),Average annual wages,I,GBR,United Kingdom,WG,Wages,USD_PPP,"US dollars, PPP converted",A,Annual,Q,Constant prices,MEAN,Mean,_Z,Not applicable,1992,,43871.676,,2024,,A,Normal value,0,Units,0,Zero
DATAFLOW,OECD.ELS.SAE:DSD_EARNINGS@AV_AN_WAGE(1.0),Average annual wages,I,GBR,United Kingdom,WG,Wages,USD_PPP,"US dollars, PPP converted",A,Annual,Q,Constant prices,MEAN,Mean,_Z,Not applicable,1993,,44586.841,,2024,,A,Normal value,0,Units,0,Zero
DATAFLOW,OECD.ELS.SAE:DSD_EARNINGS@AV_AN_WAGE(1.0),Average annual wages,I,GBR,United Kingdom,WG,Wages,USD_PPP,"US dollars, PPP converted",A,Annual,Q,Constant prices,MEAN,Mean,_Z,Not applicable,1994,,45375.054,,2024,,A,Normal value,0,Units,0,Zero
DATAFLOW,OECD.ELS.SAE:DSD_EARNINGS@AV_AN_WAGE(1.0),Average annual wages,I,GBR,United Kingdom,WG,Wages,USD_PPP,"US dollars, PPP converted",A,Annual,Q,Constant prices,MEAN,Mean,_Z,Not applicable,1995,,45386.18,,2024,,A,Normal value,0,Units,0,Zero
DATAFLOW,OECD.ELS.SAE:DSD_EARNINGS@AV_AN_WAGE(1.0),Average annual wages,I,GBR,United Kingdom,WG,Wages,USD_PPP,"US dollars, PPP converted",A,Annual,Q,Constant prices,MEAN,Mean,_Z,Not applicable,1996,,45356.574,,2024,,A,Normal value,0,Units,0,Zero
DATAFLOW,OECD.ELS.SAE:DSD_EARNINGS@AV_AN_WAGE(1.0),Average annual wages,I,GBR,United Kingdom,WG,Wages,USD_PPP,"US dollars, PPP converted",A,Annual,Q,Constant prices,MEAN,Mean,_Z,Not applicable,1997,,47104.556,,2024,,A,Normal value,0,Units,0,Zero
DATAFLOW,OECD.ELS.SAE:DSD_EARNINGS@AV_AN_WAGE(1.0),Average annual wages,I,GBR,United Kingdom,WG,Wages,USD_PPP,"US dollars, PPP converted",A,Annual,Q,Constant prices,MEAN,Mean,_Z,Not applicable,1998,,47826.731,,2024,,A,Normal value,0,Units,0,Zero
DATAFLOW,OECD.ELS.SAE:DSD_EARNINGS@AV_AN_WAGE(1.0),Average annual wages,I,GBR,United Kingdom,WG,Wages,USD_PPP,"US dollars, PPP converted",A,Annual,Q,Constant prices,MEAN,Mean,_Z,Not applicable,1999,,50209.356,,2024,,A,Normal value,0,Units,0,Zero
DATAFLOW,OECD.ELS.SAE:DSD_EARNINGS@AV_AN_WAGE(1.0),Average annual wages,I,GBR,United Kingdom,WG,Wages,USD_PPP,"US dollars, PPP converted",A,Annual,Q,Constant prices,MEAN,Mean,_Z,Not applicable,2000,,52593.342,,2024,,A,Normal value,0,Units,0,Zero
DATAFLOW,OECD.ELS.SAE:DSD_EARNINGS@AV_AN_WAGE(1.0),Average annual wages,I,GBR,United Kingdom,WG,Wages,USD_PPP,"US dollars, PPP converted",A,Annual,Q,Constant prices,MEAN,Mean,_Z,Not applicable,2001,,54743.935,,2024,,A,Normal value,0,Units,0,Zero
DATAFLOW,OECD.ELS.SAE:DSD_EARNINGS@AV_AN_WAGE(1.0),Average annual wages,I,GBR,United Kingdom,WG,Wages,USD_PPP,"US dollars, PPP converted",A,Annual,Q,Constant prices,MEAN,Mean,_Z,Not applicable,2002,,55339.732,,2024,,A,Normal value,0,Units,0,Zero
DATAFLOW,OECD.ELS.SAE:DSD_EARNINGS@AV_AN_WAGE(1.0),Average annual wages,I,GBR,United Kingdom,WG,Wages,USD_PPP,"US dollars, PPP converted",A,Annual,Q,Constant prices,MEAN,Mean,_Z,Not applicable,2003,,57094.795,,2024,,A,Normal value,0,Units,0,Zero
DATAFLOW,OECD.ELS.SAE:DSD_EARNINGS@AV_AN_WAGE(1.0),Average annual wages,I,GBR,United Kingdom,WG,Wages,USD_PPP,"US dollars, PPP converted",A,Annual,Q,Constant prices,MEAN,Mean,_Z,Not applicable,2004,,58770.982,,2024,,A,Normal value,0,Units,0,Zero
DATAFLOW,OECD.ELS.SAE:DSD_EARNINGS@AV_AN_WAGE(1.0),Average annual wages,I,GBR,United Kingdom,WG,Wages,USD_PPP,"US dollars, PPP converted",A,Annual,Q,Constant prices,MEAN,Mean,_Z,Not applicable,2005,,59357.288,,2024,,A,Normal value,0,Units,0,Zero
DATAFLOW,OECD.ELS.SAE:DSD_EARNINGS@AV_AN_WAGE(1.0),Average annual wages,I,GBR,United Kingdom,WG,Wages,USD_PPP,"US dollars, PPP converted",A,Annual,Q,Constant prices,MEAN,Mean,_Z,Not applicable,2006,,60350.978,,2024,,A,Normal value,0,Units,0,Zero
DATAFLOW,OECD.ELS.SAE:DSD_EARNINGS@AV_AN_WAGE(1.0),Average annual wages,I,GBR,United Kingdom,WG,Wages,USD_PPP,"US dollars, PPP converted",A,Annual,Q,Constant prices,MEAN,Mean,_Z,Not applicable,2007,,62815.579,,2024,,A,Normal value,0,Units,0,Zero
DATAFLOW,OECD.ELS.SAE:DSD_EARNINGS@AV_AN_WAGE(1.0),Average annual wages,I,GBR,United Kingdom,WG,Wages,USD_PPP,"US dollars, PPP converted",A,Annual,Q,Constant prices,MEAN,Mean,_Z,Not applicable,2008,,61138.752,,2024,,A,Normal value,0,Units,0,Zero
DATAFLOW,OECD.ELS.SAE:DSD_EARNINGS@AV_AN_WAGE(1.0),Average annual wages,I,GBR,United Kingdom,WG,Wages,USD_PPP,"US dollars, PPP converted",A,Annual,Q,Constant prices,MEAN,Mean,_Z,Not applicable,2009,,60961.878,,2024,,A,Normal value,0,Units,0,Zero
DATAFLOW,OECD.ELS.SAE:DSD_EARNINGS@AV_AN_WAGE(1.0),Average annual wages,I,GBR,United Kingdom,WG,Wages,USD_PPP,"US dollars, PPP converted",A,Annual,Q,Constant prices,MEAN,Mean,_Z,Not applicable,2010,,61224.207,,2024,,A,Normal value,0,Units,0,Zero
DATAFLOW,OECD.ELS.SAE:DSD_EARNINGS@AV_AN_WAGE(1.0),Average annual wages,I,GBR,United Kingdom,WG,Wages,USD_PPP,"US dollars, PPP converted",A,Annual,Q,Constant prices,MEAN,Mean,_Z,Not applicable,2011,,60107.071,,2024,,A,Normal value,0,Units,0,Zero
DATAFLOW,OECD.ELS.SAE:DSD_EARNINGS@AV_AN_WAGE(1.0),Average annual wages,I,GBR,United Kingdom,WG,Wages,USD_PPP,"US dollars, PPP converted",A,Annual,Q,Constant prices,MEAN,Mean,_Z,Not applicable,2012,,59635.157,,2024,,A,Normal value,0,Units,0,Zero
DATAFLOW,OECD.ELS.SAE:DSD_EARNINGS@AV_AN_WAGE(1.0),Average annual wages,I,GBR,United Kingdom,WG,Wages,USD_PPP,"US dollars, PPP converted",A,Annual,Q,Constant prices,MEAN,Mean,_Z,Not applicable,2013,,60147.759,,2024,,A,Normal value,0,Units,0,Zero
DATAFLOW,OECD.ELS.SAE:DSD_EARNINGS@AV_AN_WAGE(1.0),Average annual wages,I,GBR,United Kingdom,WG,Wages,USD_PPP,"US dollars, PPP converted",A,Annual,Q,Constant prices,MEAN,Mean,_Z,Not applicable,2014,,60339.735,,2024,,A,Normal value,0,Units,0,Zero
DATAFLOW,OECD.ELS.SAE:DSD_EARNINGS@AV_AN_WAGE(1.0),Average annual wages,I,GBR,United Kingdom,WG,Wages,USD_PPP,"US dollars, PPP converted",A,Annual,Q,Constant prices,MEAN,Mean,_Z,Not applicable,2015,,61166.958,,2024,,A,Normal value,0,Units,0,Zero
DATAFLOW,OECD.ELS.SAE:DSD_EARNINGS@AV_AN_WAGE(1.0),Average annual wages,I,GBR,United Kingdom,WG,Wages,USD_PPP,"US dollars, PPP converted",A,Annual,Q,Constant prices,MEAN,Mean,_Z,Not applicable,2016,,61886.804,,2024,,A,Normal value,0,Units,0,Zero
DATAFLOW,OECD.ELS.SAE:DSD_EARNINGS@AV_AN_WAGE(1.0),Average annual wages,I,GBR,United Kingdom,WG,Wages,USD_PPP,"US dollars, PPP converted",A,Annual,Q,Constant prices,MEAN,Mean,_Z,Not applicable,2017,,62302.379,,2024,,A,Normal value,0,Units,0,Zero
DATAFLOW,OECD.ELS.SAE:DSD_EARNINGS@AV_AN_WAGE(1.0),Average annual wages,I,GBR,United Kingdom,WG,Wages,USD_PPP,"US dollars, PPP converted",A,Annual,Q,Constant prices,MEAN,Mean,_Z,Not applicable,2018,,62515.19,,2024,,A,Normal value,0,Units,0,Zero
DATAFLOW,OECD.ELS.SAE:DSD_EARNINGS@AV_AN_WAGE(1.0),Average annual wages,I,GBR,United Kingdom,WG,Wages,USD_PPP,"US dollars, PPP converted",A,Annual,Q,Constant prices,MEAN,Mean,_Z,Not applicable,2019,,63237.752,,2024,,A,Normal value,0,Units,0,Zero
DATAFLOW,OECD.ELS.SAE:DSD_EARNINGS@AV_AN_WAGE(1.0),Average annual wages,I,GBR,United Kingdom,WG,Wages,USD_PPP,"US dollars, PPP converted",A,Annual,Q,Constant prices,MEAN,Mean,_Z,Not applicable,2020,,62432.983,,2024,,A,Normal value,0,Units,0,Zero
DATAFLOW,OECD.ELS.SAE:DSD_EARNINGS@AV_AN_WAGE(1.0),Average annual wages,I,GBR,United Kingdom,WG,Wages,USD_PPP,"US dollars, PPP converted",A,Annual,Q,Constant prices,MEAN,Mean,_Z,Not applicable,2021,,63586.187,,2024,,A,Normal value,0,Units,0,Zero
DATAFLOW,OECD.ELS.SAE:DSD_EARNINGS@AV_AN_WAGE(1.0),Average annual wages,I,GBR,United Kingdom,WG,Wages,USD_PPP,"US dollars, PPP converted",A,Annual,Q,Constant prices,MEAN,Mean,_Z,Not applicable,2022,,62476.54,,2024,,A,Normal value,0,Units,0,Zero
DATAFLOW,OECD.ELS.SAE:DSD_EARNINGS@AV_AN_WAGE(1.0),Average annual wages,I,GBR,United Kingdom,WG,Wages,USD_PPP,"US dollars, PPP converted",A,Annual,Q,Constant prices,MEAN,Mean,_Z,Not applicable,2023,,62797.046,,2024,,A,Normal value,0,Units,0,Zero
DATAFLOW,OECD.ELS.SAE:DSD_EARNINGS@AV_AN_WAGE(1.0),Average annual wages,I,GBR,United Kingdom,WG,Wages,USD_PPP,"US dollars, PPP converted",A,Annual,Q,Constant prices,MEAN,Mean,_Z,Not applicable,2024,,63690.773,,2024,,A,Normal value,0,Units,0,Zero
DATAFLOW,OECD.ELS.SAE:DSD_EARNINGS@AV_AN_WAGE(1.0),Average annual wages,I,USA,United States,WG,Wages,USD_PPP,"US dollars, PPP converted",A,Annual,Q,Constant prices,MEAN,Mean,_Z,Not applicable,1990,,55093.221,,2024,,A,Normal value,0,Units,0,Zero
DATAFLOW,OECD.ELS.SAE:DSD_EARNINGS@AV_AN_WAGE(1.0),Average annual wages,I,USA,United States,WG,Wages,USD_PPP,"US dollars, PPP converted",A,Annual,Q,Constant prices,MEAN,Mean,_Z,Not applicable,1991,,55467.616,,2024,,A,Normal value,0,Units,0,Zero
DATAFLOW,OECD.ELS.SAE:DSD_EARNINGS@AV_AN_WAGE(1.0),Average annual wages,I,USA,United States,WG,Wages,USD_PPP,"US dollars, PPP converted",A,Annual,Q,Constant prices,MEAN,Mean,_Z,Not applicable,1992,,56753.198,,2024,,A,Normal value,0,Units,0,Zero
DATAFLOW,OECD.ELS.SAE:DSD_EARNINGS@AV_AN_WAGE(1.0),Average annual wages,I,USA,United States,WG,Wages,USD_PPP,"US dollars, PPP converted",A,Annual,Q,Constant prices,MEAN,Mean,_Z,Not applicable,1993,,56433.418,,2024,,A,Normal value,0,Units,0,Zero
DATAFLOW,OECD.ELS.SAE:DSD_EARNINGS@AV_AN_WAGE(1.0),Average annual wages,I,USA,United States,WG,Wages,USD_PPP,"US dollars, PPP converted",A,Annual,Q,Constant prices,MEAN,Mean,_Z,Not applicable,1994,,56217.689,,2024,,A,Normal value,0,Units,0,Zero
DATAFLOW,OECD.ELS.SAE:DSD_EARNINGS@AV_AN_WAGE(1.0),Average annual wages,I,USA,United States,WG,Wages,USD_PPP,"US dollars, PPP converted",A,Annual,Q,Constant prices,MEAN,Mean,_Z,Not applicable,1995,,56536.405,,2024,,A,Normal value,0,Units,0,Zero
DATAFLOW,OECD.ELS.SAE:DSD_EARNINGS@AV_AN_WAGE(1.0),Average annual wages,I,USA,United States,WG,Wages,USD_PPP,"US dollars, PPP converted",A,Annual,Q,Constant prices,MEAN,Mean,_Z,Not applicable,1996,,57363.445,,2024,,A,Normal value,0,Units,0,Zero
DATAFLOW,OECD.ELS.SAE:DSD_EARNINGS@AV_AN_WAGE(1.0),Average annual wages,I,USA,United States,WG,Wages,USD_PPP,"US dollars, PPP converted",A,Annual,Q,Constant prices,MEAN,Mean,_Z,Not applicable,1997,,58795.311,,2024,,A,Normal value,0,Units,0,Zero
DATAFLOW,OECD.ELS.SAE:DSD_EARNINGS@AV_AN_WAGE(1.0),Average annual wages,I,USA,United States,WG,Wages,USD_PPP,"US dollars, PPP converted",A,Annual,Q,Constant prices,MEAN,Mean,_Z,Not applicable,1998,,61216.607,,2024,,A,Normal value,0,Units,0,Zero
DATAFLOW,OECD.ELS.SAE:DSD_EARNINGS@AV_AN_WAGE(1.0),Average annual wages,I,USA,United States,WG,Wages,USD_PPP,"US dollars, PPP converted",A,Annual,Q,Constant prices,MEAN,Mean,_Z,Not applicable,1999,,62829.502,,2024,,A,Normal value,0,Units,0,Zero
DATAFLOW,OECD.ELS.SAE:DSD_EARNINGS@AV_AN_WAGE(1.0),Average annual wages,I,USA,United States,WG,Wages,USD_PPP,"US dollars, PPP converted",A,Annual,Q,Constant prices,MEAN,Mean,_Z,Not applicable,2000,,64927.983,,2024,,A,Normal value,0,Units,0,Zero
DATAFLOW,OECD.ELS.SAE:DSD_EARNINGS@AV_AN_WAGE(1.0),Average annual wages,I,USA,United States,WG,Wages,USD_PPP,"US dollars, PPP converted",A,Annual,Q,Constant prices,MEAN,Mean,_Z,Not applicable,2001,,65426.917,,2024,,A,Normal value,0,Units,0,Zero
DATAFLOW,OECD.ELS.SAE:DSD_EARNINGS@AV_AN_WAGE(1.0),Average annual wages,I,USA,United States,WG,Wages,USD_PPP,"US dollars, PPP converted",A,Annual,Q,Constant prices,MEAN,Mean,_Z,Not applicable,2002,,65953.109,,2024,,A,Normal value,0,Units,0,Zero
DATAFLOW,OECD.ELS.SAE:DSD_EARNINGS@AV_AN_WAGE(1.0),Average annual wages,I,USA,United States,WG,Wages,USD_PPP,"US dollars, PPP converted",A,Annual,Q,Constant prices,MEAN,Mean,_Z,Not applicable,2003,,66661.954,,2024,,A,Normal value,0,Units,0,Zero
DATAFLOW,OECD.ELS.SAE:DSD_EARNINGS@AV_AN_WAGE(1.0),Average annual wages,I,USA,United States,WG,Wages,USD_PPP,"US dollars, PPP converted",A,Annual,Q,Constant prices,MEAN,Mean,_Z,Not applicable,2004,,67897.332,,2024,,A,Normal value,0,Units,0,Zero
DATAFLOW,OECD.ELS.SAE:DSD_EARNINGS@AV_AN_WAGE(1.0),Average annual wages,I,USA,United States,WG,Wages,USD_PPP,"US dollars, PPP converted",A,Annual,Q,Constant prices,MEAN,Mean,_Z,Not applicable,2005,,67961.013,,2024,,A,Normal value,0,Units,0,Zero
DATAFLOW,OECD.ELS.SAE:DSD_EARNINGS@AV_AN_WAGE(1.0),Average annual wages,I,USA,United States,WG,Wages,USD_PPP,"US dollars, PPP converted",A,Annual,Q,Constant prices,MEAN,Mean,_Z,Not applicable,2006,,68978.508,,2024,,A,Normal value,0,Units,0,Zero
DATAFLOW,OECD.ELS.SAE:DSD_EARNINGS@AV_AN_WAGE(1.0),Average annual wages,I,USA,United States,WG,Wages,USD_PPP,"US dollars, PPP converted",A,Annual,Q,Constant prices,MEAN,Mean,_Z,Not applicable,2007,,70283.563,,2024,,A,Normal value,0,Units,0,Zero
DATAFLOW,OECD.ELS.SAE:DSD_EARNINGS@AV_AN_WAGE(1.0),Average annual wages,I,USA,United States,WG,Wages,USD_PPP,"US dollars, PPP converted",A,Annual,Q,Constant prices,MEAN,Mean,_Z,Not applicable,2008,,70110.671,,2024,,A,Normal value,0,Units,0,Zero
DATAFLOW,OECD.ELS.SAE:DSD_EARNINGS@AV_AN_WAGE(1.0),Average annual wages,I,USA,United States,WG,Wages,USD_PPP,"US dollars, PPP converted",A,Annual,Q,Constant prices,MEAN,Mean,_Z,Not applicable,2009,,70813.355,,2024,,A,Normal value,0,Units,0,Zero
DATAFLOW,OECD.ELS.SAE:DSD_EARNINGS@AV_AN_WAGE(1.0),Average annual wages,I,USA,United States,WG,Wages,USD_PPP,"US dollars, PPP converted",A,Annual,Q,Constant prices,MEAN,Mean,_Z,Not applicable,2010,,71439.498,,2024,,A,Normal value,0,Units,0,Zero
DATAFLOW,OECD.ELS.SAE:DSD_EARNINGS@AV_AN_WAGE(1.0),Average annual wages,I,USA,United States,WG,Wages,USD_PPP,"US dollars, PPP converted",A,Annual,Q,Constant prices,MEAN,Mean,_Z,Not applicable,2011,,71536.739,,2024,,A,Normal value,0,Units,0,Zero
DATAFLOW,OECD.ELS.SAE:DSD_EARNINGS@AV_AN_WAGE(1.0),Average annual wages,I,USA,United States,WG,Wages,USD_PPP,"US dollars, PPP converted",A,Annual,Q,Constant prices,MEAN,Mean,_Z,Not applicable,2012,,72146.935,,2024,,A,Normal value,0,Units,0,Zero
DATAFLOW,OECD.ELS.SAE:DSD_EARNINGS@AV_AN_WAGE(1.0),Average annual wages,I,USA,United States,WG,Wages,USD_PPP,"US dollars, PPP converted",A,Annual,Q,Constant prices,MEAN,Mean,_Z,Not applicable,2013,,71827.448,,2024,,A,Normal value,0,Units,0,Zero
DATAFLOW,OECD.ELS.SAE:DSD_EARNINGS@AV_AN_WAGE(1.0),Average annual wages,I,USA,United States,WG,Wages,USD_PPP,"US dollars, PPP converted",A,Annual,Q,Constant prices,MEAN,Mean,_Z,Not applicable,2014,,72956.685,,2024,,A,Normal value,0,Units,0,Zero
DATAFLOW,OECD.ELS.SAE:DSD_EARNINGS@AV_AN_WAGE(1.0),Average annual wages,I,USA,United States,WG,Wages,USD_PPP,"US dollars, PPP converted",A,Annual,Q,Constant prices,MEAN,Mean,_Z,Not applicable,2015,,74825.132,,2024,,A,Normal value,0,Units,0,Zero
DATAFLOW,OECD.ELS.SAE:DSD_EARNINGS@AV_AN_WAGE(1.0),Average annual wages,I,USA,United States,WG,Wages,USD_PPP,"US dollars, PPP converted",A,Annual,Q,Constant prices,MEAN,Mean,_Z,Not applicable,2016,,74951.209,,2024,,A,Normal value,0,Units,0,Zero
DATAFLOW,OECD.ELS.SAE:DSD_EARNINGS@AV_AN_WAGE(1.0),Average annual wages,I,USA,United States,WG,Wages,USD_PPP,"US dollars, PPP converted",A,Annual,Q,Constant prices,MEAN,Mean,_Z,Not applicable,2017,,75768.867,,2024,,A,Normal value,0,Units,0,Zero
DATAFLOW,OECD.ELS.SAE:DSD_EARNINGS@AV_AN_WAGE(1.0),Average annual wages,I,USA,United States,WG,Wages,USD_PPP,"US dollars, PPP converted",A,Annual,Q,Constant prices,MEAN,Mean,_Z,Not applicable,2018,,76663.545,,2024,,A,Normal value,0,Units,0,Zero
DATAFLOW,OECD.ELS.SAE:DSD_EARNINGS@AV_AN_WAGE(1.0),Average annual wages,I,USA,United States,WG,Wages,USD_PPP,"US dollars, PPP converted",A,Annual,Q,Constant prices,MEAN,Mean,_Z,Not applicable,2019,,78044.387,,2024,,A,Normal value,0,Units,0,Zero
DATAFLOW,OECD.ELS.SAE:DSD_EARNINGS@AV_AN_WAGE(1.0),Average annual wages,I,USA,United States,WG,Wages,USD_PPP,"US dollars, PPP converted",A,Annual,Q,Constant prices,MEAN,Mean,_Z,Not applicable,2020,,82783.413,,2024,,A,Normal value,0,Units,0,Zero
DATAFLOW,OECD.ELS.SAE:DSD_EARNINGS@AV_AN_WAGE(1.0),Average annual wages,I,USA,United States,WG,Wages,USD_PPP,"US dollars, PPP converted",A,Annual,Q,Constant prices,MEAN,Mean,_Z,Not applicable,2021,,84211.21,,2024,,A,Normal value,0,Units,0,Zero
DATAFLOW,OECD.ELS.SAE:DSD_EARNINGS@AV_AN_WAGE(1.0),Average annual wages,I,USA,United States,WG,Wages,USD_PPP,"US dollars, PPP converted",A,Annual,Q,Constant prices,MEAN,Mean,_Z,Not applicable,2022,,81837.833,,2024,,A,Normal value,0,Units,0,Zero
DATAFLOW,OECD.ELS.SAE:DSD_EARNINGS@AV_AN_WAGE(1.0),Average annual wages,I,USA,United States,WG,Wages,USD_PPP,"US dollars, PPP converted",A,Annual,Q,Constant prices,MEAN,Mean,_Z,Not applicable,2023,,82078.428,,2024,,A,Normal value,0,Units,0,Zero
DATAFLOW,OECD.ELS.SAE:DSD_EARNINGS@AV_AN_WAGE(1.0),Average annual wages,I,USA,United States,WG,Wages,USD_PPP,"US dollars, PPP converted",A,Annual,Q,Constant prices,MEAN,Mean,_Z,Not applicable,2024,,82932.937,,2024,,A,Normal value,0,Units,0,Zero
DATAFLOW,OECD.ELS.SAE:DSD_EARNINGS@AV_AN_WAGE(1.0),Average annual wages,I,OECD,OECD,WG,Wages,USD_PPP,"US dollars, PPP converted",A,Annual,Q,Constant prices,MEAN,Mean,_Z,Not applicable,1990,,45289.671,,2024,,A,Normal value,0,Units,0,Zero
DATAFLOW,OECD.ELS.SAE:DSD_EARNINGS@AV_AN_WAGE(1.0),Average annual wages,I,OECD,OECD,WG,Wages,USD_PPP,"US dollars, PPP converted",A,Annual,Q,Constant prices,MEAN,Mean,_Z,Not applicable,1991,,45621.634,,2024,,A,Normal value,0,Units,0,Zero
DATAFLOW,OECD.ELS.SAE:DSD_EARNINGS@AV_AN_WAGE(1.0),Average annual wages,I,OECD,OECD,WG,Wages,USD_PPP,"US dollars, PPP converted",A,Annual,Q,Constant prices,MEAN,Mean,_Z,Not applicable,1992,,46512.624,,2024,,A,Normal value,0,Units,0,Zero
DATAFLOW,OECD.ELS.SAE:DSD_EARNINGS@AV_AN_WAGE(1.0),Average annual wages,I,OECD,OECD,WG,Wages,USD_PPP,"US dollars, PPP converted",A,Annual,Q,Constant prices,MEAN,Mean,_Z,Not applicable,1993,,46595.631,,2024,,A,Normal value,0,Units,0,Zero
DATAFLOW,OECD.ELS.SAE:DSD_EARNINGS@AV_AN_WAGE(1.0),Average annual wages,I,OECD,OECD,WG,Wages,USD_PPP,"US dollars, PPP converted",A,Annual,Q,Constant prices,MEAN,Mean,_Z,Not applicable,1994,,46728.704,,2024,,A,Normal value,0,Units,0,Zero
DATAFLOW,OECD.ELS.SAE:DSD_EARNINGS@AV_AN_WAGE(1.0),Average annual wages,I,OECD,OECD,WG,Wages,USD_PPP,"US dollars, PPP converted",A,Annual,Q,Constant prices,MEAN,Mean,_Z,Not applicable,1995,,46833.843,,2024,,A,Normal value,0,Units,0,Zero
DATAFLOW,OECD.ELS.SAE:DSD_EARNINGS@AV_AN_WAGE(1.0),Average annual wages,I,OECD,OECD,WG,Wages,USD_PPP,"US dollars, PPP converted",A,Annual,Q,Constant prices,MEAN,Mean,_Z,Not applicable,1996,,47295.48,,2024,,A,Normal value,0,Units,0,Zero
DATAFLOW,OECD.ELS.SAE:DSD_EARNINGS@AV_AN_WAGE(1.0),Average annual wages,I,OECD,OECD,WG,Wages,USD_PPP,"US dollars, PPP converted",A,Annual,Q,Constant prices,MEAN,Mean,_Z,Not applicable,1997,,48098.339,,2024,,A,Normal value,0,Units,0,Zero
DATAFLOW,OECD.ELS.SAE:DSD_EARNINGS@AV_AN_WAGE(1.0),Average annual wages,I,OECD,OECD,WG,Wages,USD_PPP,"US dollars, PPP converted",A,Annual,Q,Constant prices,MEAN,Mean,_Z,Not applicable,1998,,49081.544,,2024,,A,Normal value,0,Units,0,Zero
DATAFLOW,OECD.ELS.SAE:DSD_EARNINGS@AV_AN_WAGE(1.0),Average annual wages,I,OECD,OECD,WG,Wages,USD_PPP,"US dollars, PPP converted",A,Annual,Q,Constant prices,MEAN,Mean,_Z,Not applicable,1999,,50193.173,,2024,,A,Normal value,0,Units,0,Zero
DATAFLOW,OECD.ELS.SAE:DSD_EARNINGS@AV_AN_WAGE(1.0),Average annual wages,I,OECD,OECD,WG,Wages,USD_PPP,"US dollars, PPP converted",A,Annual,Q,Constant prices,MEAN,Mean,_Z,Not applicable,2000,,51214.815,,2024,,A,Normal value,0,Units,0,Zero
DATAFLOW,OECD.ELS.SAE:DSD_EARNINGS@AV_AN_WAGE(1.0),Average annual wages,I,OECD,OECD,WG,Wages,USD_PPP,"US dollars, PPP converted",A,Annual,Q,Constant prices,MEAN,Mean,_Z,Not applicable,2001,,51750.366,,2024,,A,Normal value,0,Units,0,Zero
DATAFLOW,OECD.ELS.SAE:DSD_EARNINGS@AV_AN_WAGE(1.0),Average annual wages,I,OECD,OECD,WG,Wages,USD_PPP,"US dollars, PPP converted",A,Annual,Q,Constant prices,MEAN,Mean,_Z,Not applicable,2002,,51931.095,,2024,,A,Normal value,0,Units,0,Zero
DATAFLOW,OECD.ELS.SAE:DSD_EARNINGS@AV_AN_WAGE(1.0),Average annual wages,I,OECD,OECD,WG,Wages,USD_PPP,"US dollars, PPP converted",A,Annual,Q,Constant prices,MEAN,Mean,_Z,Not applicable,2003,,52399.609,,2024,,A,Normal value,0,Units,0,Zero
DATAFLOW,OECD.ELS.SAE:DSD_EARNINGS@AV_AN_WAGE(1.0),Average annual wages,I,OECD,OECD,WG,Wages,USD_PPP,"US dollars, PPP converted",A,Annual,Q,Constant prices,MEAN,Mean,_Z,Not applicable,2004,,53096.346,,2024,,A,Normal value,0,Units,0,Zero
DATAFLOW,OECD.ELS.SAE:DSD_EARNINGS@AV_AN_WAGE(1.0),Average annual wages,I,OECD,OECD,WG,Wages,USD_PPP,"US dollars, PPP converted",A,Annual,Q,Constant prices,MEAN,Mean,_Z,Not applicable,2005,,53462.233,,2024,,A,Normal value,0,Units,0,Zero
DATAFLOW,OECD.ELS.SAE:DSD_EARNINGS@AV_AN_WAGE(1.0),Average annual wages,I,OECD,OECD,WG,Wages,USD_PPP,"US dollars, PPP converted",A,Annual,Q,Constant prices,MEAN,Mean,_Z,Not applicable,2006,,53897.63,,2024,,A,Normal value,0,Units,0,Zero
DATAFLOW,OECD.ELS.SAE:DSD_EARNINGS@AV_AN_WAGE(1.0),Average annual wages,I,OECD,OECD,WG,Wages,USD_PPP,"US dollars, PPP converted",A,Annual,Q,Constant prices,MEAN,Mean,_Z,Not applicable,2007,,54621.638,,2024,,A,Normal value,0,Units,0,Zero
DATAFLOW,OECD.ELS.SAE:DSD_EARNINGS@AV_AN_WAGE(1.0),Average annual wages,I,OECD,OECD,WG,Wages,USD_PPP,"US dollars, PPP converted",A,Annual,Q,Constant prices,MEAN,Mean,_Z,Not applicable,2008,,54591.449,,2024,,A,Normal value,0,Units,0,Zero
DATAFLOW,OECD.ELS.SAE:DSD_EARNINGS@AV_AN_WAGE(1.0),Average annual wages,I,OECD,OECD,WG,Wages,USD_PPP,"US dollars, PPP converted",A,Annual,Q,Constant prices,MEAN,Mean,_Z,Not applicable,2009,,54990.553,,2024,,A,Normal value,0,Units,0,Zero
DATAFLOW,OECD.ELS.SAE:DSD_EARNINGS@AV_AN_WAGE(1.0),Average annual wages,I,OECD,OECD,WG,Wages,USD_PPP,"US dollars, PPP converted",A,Annual,Q,Constant prices,MEAN,Mean,_Z,Not applicable,2010,,55090.829,,2024,,A,Normal value,0,Units,0,Zero
DATAFLOW,OECD.ELS.SAE:DSD_EARNINGS@AV_AN_WAGE(1.0),Average annual wages,I,OECD,OECD,WG,Wages,USD_PPP,"US dollars, PPP converted",A,Annual,Q,Constant prices,MEAN,Mean,_Z,Not applicable,2011,,55199.061,,2024,,A,Normal value,0,Units,0,Zero
DATAFLOW,OECD.ELS.SAE:DSD_EARNINGS@AV_AN_WAGE(1.0),Average annual wages,I,OECD,OECD,WG,Wages,USD_PPP,"US dollars, PPP converted",A,Annual,Q,Constant prices,MEAN,Mean,_Z,Not applicable,2012,,55249.585,,2024,,A,Normal value,0,Units,0,Zero
DATAFLOW,OECD.ELS.SAE:DSD_EARNINGS@AV_AN_WAGE(1.0),Average annual wages,I,OECD,OECD,WG,Wages,USD_PPP,"US dollars, PPP converted",A,Annual,Q,Constant prices,MEAN,Mean,_Z,Not applicable,2013,,55471.14,,2024,,A,Normal value,0,Units,0,Zero
DATAFLOW,OECD.ELS.SAE:DSD_EARNINGS@AV_AN_WAGE(1.0),Average annual wages,I,OECD,OECD,WG,Wages,USD_PPP,"US dollars, PPP converted",A,Annual,Q,Constant prices,MEAN,Mean,_Z,Not applicable,2014,,55920.538,,2024,,A,Normal value,0,Units,0,Zero
DATAFLOW,OECD.ELS.SAE:DSD_EARNINGS@AV_AN_WAGE(1.0),Average annual wages,I,OECD,OECD,WG,Wages,USD_PPP,"US dollars, PPP converted",A,Annual,Q,Constant prices,MEAN,Mean,_Z,Not applicable,2015,,56833.486,,2024,,A,Normal value,0,Units,0,Zero
DATAFLOW,OECD.ELS.SAE:DSD_EARNINGS@AV_AN_WAGE(1.0),Average annual wages,I,OECD,OECD,WG,Wages,USD_PPP,"US dollars, PPP converted",A,Annual,Q,Constant prices,MEAN,Mean,_Z,Not applicable,2016,,57328.166,,2024,,A,Normal value,0,Units,0,Zero
DATAFLOW,OECD.ELS.SAE:DSD_EARNINGS@AV_AN_WAGE(1.0),Average annual wages,I,OECD,OECD,WG,Wages,USD_PPP,"US dollars, PPP converted",A,Annual,Q,Constant prices,MEAN,Mean,_Z,Not applicable,2017,,57744.348,,2024,,A,Normal value,0,Units,0,Zero
DATAFLOW,OECD.ELS.SAE:DSD_EARNINGS@AV_AN_WAGE(1.0),Average annual wages,I,OECD,OECD,WG,Wages,USD_PPP,"US dollars, PPP converted",A,Annual,Q,Constant prices,MEAN,Mean,_Z,Not applicable,2018,,58613.165,,2024,,A,Normal value,0,Units,0,Zero
DATAFLOW,OECD.ELS.SAE:DSD_EARNINGS@AV_AN_WAGE(1.0),Average annual wages,I,OECD,OECD,WG,Wages,USD_PPP,"US dollars, PPP converted",A,Annual,Q,Constant prices,MEAN,Mean,_Z,Not applicable,2019,,59607.695,,2024,,A,Normal value,0,Units,0,Zero
DATAFLOW,OECD.ELS.SAE:DSD_EARNINGS@AV_AN_WAGE(1.0),Average annual wages,I,OECD,OECD,WG,Wages,USD_PPP,"US dollars, PPP converted",A,Annual,Q,Constant prices,MEAN,Mean,_Z,Not applicable,2020,,60527.928,,2024,,A,Normal value,0,Units,0,Zero
DATAFLOW,OECD.ELS.SAE:DSD_EARNINGS@AV_AN_WAGE(1.0),Average annual wages,I,OECD,OECD,WG,Wages,USD_PPP,"US dollars, PPP converted",A,Annual,Q,Constant prices,MEAN,Mean,_Z,Not applicable,2021,,61507.517,,2024,,A,Normal value,0,Units,0,Zero
DATAFLOW,OECD.ELS.SAE:DSD_EARNINGS@AV_AN_WAGE(1.0),Average annual wages,I,OECD,OECD,WG,Wages,USD_PPP,"US dollars, PPP converted",A,Annual,Q,Constant prices,MEAN,Mean,_Z,Not applicable,2022,,60201.129,,2024,,A,Normal value,0,Units,0,Zero
DATAFLOW,OECD.ELS.SAE:DSD_EARNINGS@AV_AN_WAGE(1.0),Average annual wages,I,OECD,OECD,WG,Wages,USD_PPP,"US dollars, PPP converted",A,Annual,Q,Constant prices,MEAN,Mean,_Z,Not applicable,2023,,60495.713,,2024,,A,Normal value,0,Units,0,Zero
DATAFLOW,OECD.ELS.SAE:DSD_EARNINGS@AV_AN_WAGE(1.0),Average annual wages,I,OECD,OECD,WG,Wages,USD_PPP,"US dollars, PPP converted",A,Annual,Q,Constant prices,MEAN,Mean,_Z,Not applicable,2024,,61146.947,,2024,,A,Normal value,0,Units,0,Zero
