country,year,value,pop,start_val,end_val,diff_end_start,country_val_str,facet_id,start_year,var
Litvánia,2004,42.825900537134316,3376654,42.825900537134316,77.33355887464117,34.507658337506854,Litvánia (+35%),EU8 átlag %-a,2004,% of EU8
Litvánia,2005,46.29842382268724,3322225,42.825900537134316,77.33355887464117,34.507658337506854,Litvánia (+35%),EU8 átlag %-a,2004,% of EU8
Litvánia,2006,48.98193728776696,3269761,42.825900537134316,77.33355887464117,34.507658337506854,Litvánia (+35%),EU8 átlag %-a,2004,% of EU8
Litvánia,2007,53.60559946174257,3231322,42.825900537134316,77.33355887464117,34.507658337506854,Litvánia (+35%),EU8 átlag %-a,2004,% of EU8
Litvánia,2008,55.29786290857849,3198432,42.825900537134316,77.33355887464117,34.507658337506854,Litvánia (+35%),EU8 átlag %-a,2004,% of EU8
Litvánia,2009,49.861300586050376,3163204,42.825900537134316,77.33355887464117,34.507658337506854,Litvánia (+35%),EU8 átlag %-a,2004,% of EU8
Litvánia,2010,49.76143427300505,3097660,42.825900537134316,77.33355887464117,34.507658337506854,Litvánia (+35%),EU8 átlag %-a,2004,% of EU8
Litvánia,2011,52.360681173724856,3028588,42.825900537134316,77.33355887464117,34.507658337506854,Litvánia (+35%),EU8 átlag %-a,2004,% of EU8
Litvánia,2012,55.49804468366736,2988281,42.825900537134316,77.33355887464117,34.507658337506854,Litvánia (+35%),EU8 átlag %-a,2004,% of EU8
Litvánia,2013,58.26380100860343,2958306,42.825900537134316,77.33355887464117,34.507658337506854,Litvánia (+35%),EU8 átlag %-a,2004,% of EU8
Litvánia,2014,60.277830659590194,2933118,42.825900537134316,77.33355887464117,34.507658337506854,Litvánia (+35%),EU8 átlag %-a,2004,% of EU8
Litvánia,2015,61.948306575796124,2905726,42.825900537134316,77.33355887464117,34.507658337506854,Litvánia (+35%),EU8 átlag %-a,2004,% of EU8
Litvánia,2016,63.56049021350635,2869051,42.825900537134316,77.33355887464117,34.507658337506854,Litvánia (+35%),EU8 átlag %-a,2004,% of EU8
Litvánia,2017,65.98484735741458,2829273,42.825900537134316,77.33355887464117,34.507658337506854,Litvánia (+35%),EU8 átlag %-a,2004,% of EU8
Litvánia,2018,69.02511077404198,2802430,42.825900537134316,77.33355887464117,34.507658337506854,Litvánia (+35%),EU8 átlag %-a,2004,% of EU8
Litvánia,2019,71.56130317260086,2795011,42.825900537134316,77.33355887464117,34.507658337506854,Litvánia (+35%),EU8 átlag %-a,2004,% of EU8
Litvánia,2020,75.52826025096067,2795711,42.825900537134316,77.33355887464117,34.507658337506854,Litvánia (+35%),EU8 átlag %-a,2004,% of EU8
Litvánia,2021,76.63063370242583,2794443,42.825900537134316,77.33355887464117,34.507658337506854,Litvánia (+35%),EU8 átlag %-a,2004,% of EU8
Litvánia,2022,76.58859767967425,2816872,42.825900537134316,77.33355887464117,34.507658337506854,Litvánia (+35%),EU8 átlag %-a,2004,% of EU8
Litvánia,2023,75.89315066503197,2854061,42.825900537134316,77.33355887464117,34.507658337506854,Litvánia (+35%),EU8 átlag %-a,2004,% of EU8
Litvánia,2024,77.33355887464117,2888055,42.825900537134316,77.33355887464117,34.507658337506854,Litvánia (+35%),EU8 átlag %-a,2004,% of EU8
Lengyelország,2004,40.88971877843253,38167521,40.88971877843253,73.96207761340139,33.07235883496886,Lengyelország (+33%),EU8 átlag %-a,2004,% of EU8
Lengyelország,2005,41.70476961290951,38124333,40.88971877843253,73.96207761340139,33.07235883496886,Lengyelország (+33%),EU8 átlag %-a,2004,% of EU8
Lengyelország,2006,42.96796990631934,38071124,40.88971877843253,73.96207761340139,33.07235883496886,Lengyelország (+33%),EU8 átlag %-a,2004,% of EU8
Lengyelország,2007,44.68670176963016,38020368,40.88971877843253,73.96207761340139,33.07235883496886,Lengyelország (+33%),EU8 átlag %-a,2004,% of EU8
Lengyelország,2008,46.41288014383868,37995854,40.88971877843253,73.96207761340139,33.07235883496886,Lengyelország (+33%),EU8 átlag %-a,2004,% of EU8
Lengyelország,2009,49.8363208879292,38002108,40.88971877843253,73.96207761340139,33.07235883496886,Lengyelország (+33%),EU8 átlag %-a,2004,% of EU8
Lengyelország,2010,50.17718565983345,38095304,40.88971877843253,73.96207761340139,33.07235883496886,Lengyelország (+33%),EU8 átlag %-a,2004,% of EU8
Lengyelország,2011,51.0730290416581,38208597,40.88971877843253,73.96207761340139,33.07235883496886,Lengyelország (+33%),EU8 átlag %-a,2004,% of EU8
Lengyelország,2012,51.966786578084964,38247820,40.88971877843253,73.96207761340139,33.07235883496886,Lengyelország (+33%),EU8 átlag %-a,2004,% of EU8
Lengyelország,2013,52.33236907028105,38259214,40.88971877843253,73.96207761340139,33.07235883496886,Lengyelország (+33%),EU8 átlag %-a,2004,% of EU8
Lengyelország,2014,53.819459535222585,38265064,40.88971877843253,73.96207761340139,33.07235883496886,Lengyelország (+33%),EU8 átlag %-a,2004,% of EU8
Lengyelország,2015,55.70813566806716,38266267,40.88971877843253,73.96207761340139,33.07235883496886,Lengyelország (+33%),EU8 átlag %-a,2004,% of EU8
Lengyelország,2016,56.716644537302926,38263203,40.88971877843253,73.96207761340139,33.07235883496886,Lengyelország (+33%),EU8 átlag %-a,2004,% of EU8
Lengyelország,2017,58.46325772467919,38254908,40.88971877843253,73.96207761340139,33.07235883496886,Lengyelország (+33%),EU8 átlag %-a,2004,% of EU8
Lengyelország,2018,61.420229896458984,38241017,40.88971877843253,73.96207761340139,33.07235883496886,Lengyelország (+33%),EU8 átlag %-a,2004,% of EU8
Lengyelország,2019,63.45051825261461,38225836,40.88971877843253,73.96207761340139,33.07235883496886,Lengyelország (+33%),EU8 átlag %-a,2004,% of EU8
Lengyelország,2020,66.34571925375425,38170958,40.88971877843253,73.96207761340139,33.07235883496886,Lengyelország (+33%),EU8 átlag %-a,2004,% of EU8
Lengyelország,2021,68.58905745917475,38040252,40.88971877843253,73.96207761340139,33.07235883496886,Lengyelország (+33%),EU8 átlag %-a,2004,% of EU8
Lengyelország,2022,71.2592322601771,38385689,40.88971877843253,73.96207761340139,33.07235883496886,Lengyelország (+33%),EU8 átlag %-a,2004,% of EU8
Lengyelország,2023,71.80426397802084,38762796,40.88971877843253,73.96207761340139,33.07235883496886,Lengyelország (+33%),EU8 átlag %-a,2004,% of EU8
Lengyelország,2024,73.96207761340139,36554707,40.88971877843253,73.96207761340139,33.07235883496886,Lengyelország (+33%),EU8 átlag %-a,2004,% of EU8
Románia,2004,38.25140037887813,21403163,38.25140037887813,66.5813052116865,28.329904832808367,Románia (+28%),EU8 átlag %-a,2004,% of EU8
Románia,2005,39.77305364239735,21213352,38.25140037887813,66.5813052116865,28.329904832808367,Románia (+28%),EU8 átlag %-a,2004,% of EU8
Románia,2006,41.90367033776772,21035673,38.25140037887813,66.5813052116865,28.329904832808367,Románia (+28%),EU8 átlag %-a,2004,% of EU8
Románia,2007,44.4003634855304,20870655,38.25140037887813,66.5813052116865,28.329904832808367,Románia (+28%),EU8 átlag %-a,2004,% of EU8
Románia,2008,49.10885718209302,20718693,38.25140037887813,66.5813052116865,28.329904832808367,Románia (+28%),EU8 átlag %-a,2004,% of EU8
Románia,2009,48.9917850682193,20576869,38.25140037887813,66.5813052116865,28.329904832808367,Románia (+28%),EU8 átlag %-a,2004,% of EU8
Románia,2010,46.08620464225658,20432524,38.25140037887813,66.5813052116865,28.329904832808367,Románia (+28%),EU8 átlag %-a,2004,% of EU8
Románia,2011,46.82515697740552,20281955,38.25140037887813,66.5813052116865,28.329904832808367,Románia (+28%),EU8 átlag %-a,2004,% of EU8
Románia,2012,48.04176809811271,20158399,38.25140037887813,66.5813052116865,28.329904832808367,Románia (+28%),EU8 átlag %-a,2004,% of EU8
Románia,2013,48.334977246974795,20062861,38.25140037887813,66.5813052116865,28.329904832808367,Románia (+28%),EU8 átlag %-a,2004,% of EU8
Románia,2014,49.951482077405146,19968125,38.25140037887813,66.5813052116865,28.329904832808367,Románia (+28%),EU8 átlag %-a,2004,% of EU8
Románia,2015,51.27974914680841,19870968,38.25140037887813,66.5813052116865,28.329904832808367,Románia (+28%),EU8 átlag %-a,2004,% of EU8
Románia,2016,52.39864580180366,19777001,38.25140037887813,66.5813052116865,28.329904832808367,Románia (+28%),EU8 átlag %-a,2004,% of EU8
Románia,2017,55.90448893790788,19689357,38.25140037887813,66.5813052116865,28.329904832808367,Románia (+28%),EU8 átlag %-a,2004,% of EU8
Románia,2018,59.00852062675833,19597823,38.25140037887813,66.5813052116865,28.329904832808367,Románia (+28%),EU8 átlag %-a,2004,% of EU8
Románia,2019,60.88110728576622,19501499,38.25140037887813,66.5813052116865,28.329904832808367,Románia (+28%),EU8 átlag %-a,2004,% of EU8
Románia,2020,62.194264966394464,19392420,38.25140037887813,66.5813052116865,28.329904832808367,Románia (+28%),EU8 átlag %-a,2004,% of EU8
Románia,2021,63.031309311998555,19248115,38.25140037887813,66.5813052116865,28.329904832808367,Románia (+28%),EU8 átlag %-a,2004,% of EU8
Románia,2022,64.65162995906796,19166726,38.25140037887813,66.5813052116865,28.329904832808367,Románia (+28%),EU8 átlag %-a,2004,% of EU8
Románia,2023,66.26523169457644,19118433,38.25140037887813,66.5813052116865,28.329904832808367,Románia (+28%),EU8 átlag %-a,2004,% of EU8
Románia,2024,66.5813052116865,19069340,38.25140037887813,66.5813052116865,28.329904832808367,Románia (+28%),EU8 átlag %-a,2004,% of EU8
Bulgária,2004,32.08631907515304,7749383,32.08631907515304,55.88265569813764,23.796336622984597,Bulgária (+24%),EU8 átlag %-a,2004,% of EU8
Bulgária,2005,34.170207840636934,7695001,32.08631907515304,55.88265569813764,23.796336622984597,Bulgária (+24%),EU8 átlag %-a,2004,% of EU8
Bulgária,2006,35.65156949331341,7640243,32.08631907515304,55.88265569813764,23.796336622984597,Bulgária (+24%),EU8 átlag %-a,2004,% of EU8
Bulgária,2007,37.29390894977312,7586847,32.08631907515304,55.88265569813764,23.796336622984597,Bulgária (+24%),EU8 átlag %-a,2004,% of EU8
Bulgária,2008,39.665153561412,7535541,32.08631907515304,55.88265569813764,23.796336622984597,Bulgária (+24%),EU8 átlag %-a,2004,% of EU8
Bulgária,2009,40.40287540068986,7487966,32.08631907515304,55.88265569813764,23.796336622984597,Bulgária (+24%),EU8 átlag %-a,2004,% of EU8
Bulgária,2010,40.19249825482142,7437542,32.08631907515304,55.88265569813764,23.796336622984597,Bulgária (+24%),EU8 átlag %-a,2004,% of EU8
Bulgária,2011,39.95654832694436,7379973,32.08631907515304,55.88265569813764,23.796336622984597,Bulgária (+24%),EU8 átlag %-a,2004,% of EU8
Bulgária,2012,40.58449925728465,7316974,32.08631907515304,55.88265569813764,23.796336622984597,Bulgária (+24%),EU8 átlag %-a,2004,% of EU8
Bulgária,2013,41.169653343277034,7264556,32.08631907515304,55.88265569813764,23.796336622984597,Bulgária (+24%),EU8 átlag %-a,2004,% of EU8
Bulgária,2014,41.60047887851955,7223406,32.08631907515304,55.88265569813764,23.796336622984597,Bulgária (+24%),EU8 átlag %-a,2004,% of EU8
Bulgária,2015,43.150555984259924,7177463,32.08631907515304,55.88265569813764,23.796336622984597,Bulgária (+24%),EU8 átlag %-a,2004,% of EU8
Bulgária,2016,44.484696387205595,7127389,32.08631907515304,55.88265569813764,23.796336622984597,Bulgária (+24%),EU8 átlag %-a,2004,% of EU8
Bulgária,2017,45.40798049115556,7075586,32.08631907515304,55.88265569813764,23.796336622984597,Bulgária (+24%),EU8 átlag %-a,2004,% of EU8
Bulgária,2018,46.6806946637742,7024687,32.08631907515304,55.88265569813764,23.796336622984597,Bulgária (+24%),EU8 átlag %-a,2004,% of EU8
Bulgária,2019,48.52730102854715,6975420,32.08631907515304,55.88265569813764,23.796336622984597,Bulgária (+24%),EU8 átlag %-a,2004,% of EU8
Bulgária,2020,50.03577975315274,6933606,32.08631907515304,55.88265569813764,23.796336622984597,Bulgária (+24%),EU8 átlag %-a,2004,% of EU8
Bulgária,2021,51.740817714493616,6877173,32.08631907515304,55.88265569813764,23.796336622984597,Bulgária (+24%),EU8 átlag %-a,2004,% of EU8
Bulgária,2022,53.24946640466842,6825817,32.08631907515304,55.88265569813764,23.796336622984597,Bulgária (+24%),EU8 átlag %-a,2004,% of EU8
Bulgária,2023,54.48992403296943,6795757,32.08631907515304,55.88265569813764,23.796336622984597,Bulgária (+24%),EU8 átlag %-a,2004,% of EU8
Bulgária,2024,55.88265569813764,6444366,32.08631907515304,55.88265569813764,23.796336622984597,Bulgária (+24%),EU8 átlag %-a,2004,% of EU8
Lettország,2004,40.29330086156525,2264130,40.29330086156525,63.83562129472426,23.542320433159013,Lettország (+24%),EU8 átlag %-a,2004,% of EU8
Lettország,2005,44.884321345326164,2239738,40.29330086156525,63.83562129472426,23.542320433159013,Lettország (+24%),EU8 átlag %-a,2004,% of EU8
Lettország,2006,49.54895507009064,2218989,40.29330086156525,63.83562129472426,23.542320433159013,Lettország (+24%),EU8 átlag %-a,2004,% of EU8
Lettország,2007,53.702264309469975,2200711,40.29330086156525,63.83562129472426,23.542320433159013,Lettország (+24%),EU8 átlag %-a,2004,% of EU8
Lettország,2008,52.176036413523704,2177658,40.29330086156525,63.83562129472426,23.542320433159013,Lettország (+24%),EU8 átlag %-a,2004,% of EU8
Lettország,2009,46.63415117025307,2141988,40.29330086156525,63.83562129472426,23.542320433159013,Lettország (+24%),EU8 átlag %-a,2004,% of EU8
Lettország,2010,44.63906224964553,2097787,40.29330086156525,63.83562129472426,23.542320433159013,Lettország (+24%),EU8 átlag %-a,2004,% of EU8
Lettország,2011,45.31971693897313,2059892,40.29330086156525,63.83562129472426,23.542320433159013,Lettország (+24%),EU8 átlag %-a,2004,% of EU8
Lettország,2012,49.35278791153465,2034577,40.29330086156525,63.83562129472426,23.542320433159013,Lettország (+24%),EU8 átlag %-a,2004,% of EU8
Lettország,2013,50.90883292572468,2012960,40.29330086156525,63.83562129472426,23.542320433159013,Lettország (+24%),EU8 átlag %-a,2004,% of EU8
Lettország,2014,51.88358808601467,1994096,40.29330086156525,63.83562129472426,23.542320433159013,Lettország (+24%),EU8 átlag %-a,2004,% of EU8
Lettország,2015,53.77374159003956,1977815,40.29330086156525,63.83562129472426,23.542320433159013,Lettország (+24%),EU8 átlag %-a,2004,% of EU8
Lettország,2016,54.969093234899724,1959817,40.29330086156525,63.83562129472426,23.542320433159013,Lettország (+24%),EU8 átlag %-a,2004,% of EU8
Lettország,2017,56.21998642669624,1942550,40.29330086156525,63.83562129472426,23.542320433159013,Lettország (+24%),EU8 átlag %-a,2004,% of EU8
Lettország,2018,58.440616427565864,1927526,40.29330086156525,63.83562129472426,23.542320433159013,Lettország (+24%),EU8 átlag %-a,2004,% of EU8
Lettország,2019,58.509249849307764,1914220,40.29330086156525,63.83562129472426,23.542320433159013,Lettország (+24%),EU8 átlag %-a,2004,% of EU8
Lettország,2020,59.98873705014739,1901069,40.29330086156525,63.83562129472426,23.542320433159013,Lettország (+24%),EU8 átlag %-a,2004,% of EU8
Lettország,2021,61.660637780515565,1885546,40.29330086156525,63.83562129472426,23.542320433159013,Lettország (+24%),EU8 átlag %-a,2004,% of EU8
Lettország,2022,61.86202096249583,1881016,40.29330086156525,63.83562129472426,23.542320433159013,Lettország (+24%),EU8 átlag %-a,2004,% of EU8
Lettország,2023,63.78706902749758,1882336,40.29330086156525,63.83562129472426,23.542320433159013,Lettország (+24%),EU8 átlag %-a,2004,% of EU8
Lettország,2024,63.83562129472426,1862441,40.29330086156525,63.83562129472426,23.542320433159013,Lettország (+24%),EU8 átlag %-a,2004,% of EU8
Szlovákia,2004,42.77816819127493,5375995,42.77816819127493,66.14818338004535,23.370015188770424,Szlovákia (+23%),EU8 átlag %-a,2004,% of EU8
Szlovákia,2005,44.96896538517728,5376650,42.77816819127493,66.14818338004535,23.370015188770424,Szlovákia (+23%),EU8 átlag %-a,2004,% of EU8
Szlovákia,2006,47.486919658862185,5376793,42.77816819127493,66.14818338004535,23.370015188770424,Szlovákia (+23%),EU8 átlag %-a,2004,% of EU8
Szlovákia,2007,51.220909938768585,5376949,42.77816819127493,66.14818338004535,23.370015188770424,Szlovákia (+23%),EU8 átlag %-a,2004,% of EU8
Szlovákia,2008,53.66004156826799,5379075,42.77816819127493,66.14818338004535,23.370015188770424,Szlovákia (+23%),EU8 átlag %-a,2004,% of EU8
Szlovákia,2009,53.023684709453214,5385027,42.77816819127493,66.14818338004535,23.370015188770424,Szlovákia (+23%),EU8 átlag %-a,2004,% of EU8
Szlovákia,2010,55.051499965814656,5391807,42.77816819127493,66.14818338004535,23.370015188770424,Szlovákia (+23%),EU8 átlag %-a,2004,% of EU8
Szlovákia,2011,54.55966107179048,5398048,42.77816819127493,66.14818338004535,23.370015188770424,Szlovákia (+23%),EU8 átlag %-a,2004,% of EU8
Szlovákia,2012,55.45123598985057,5404834,42.77816819127493,66.14818338004535,23.370015188770424,Szlovákia (+23%),EU8 átlag %-a,2004,% of EU8
Szlovákia,2013,55.75826409554823,5410370,42.77816819127493,66.14818338004535,23.370015188770424,Szlovákia (+23%),EU8 átlag %-a,2004,% of EU8
Szlovákia,2014,56.576290500433224,5415184,42.77816819127493,66.14818338004535,23.370015188770424,Szlovákia (+23%),EU8 átlag %-a,2004,% of EU8
Szlovákia,2015,58.884266466688594,5420221,42.77816819127493,66.14818338004535,23.370015188770424,Szlovákia (+23%),EU8 átlag %-a,2004,% of EU8
Szlovákia,2016,59.218017250857415,5427217,42.77816819127493,66.14818338004535,23.370015188770424,Szlovákia (+23%),EU8 átlag %-a,2004,% of EU8
Szlovákia,2017,59.634269748849654,5435643,42.77816819127493,66.14818338004535,23.370015188770424,Szlovákia (+23%),EU8 átlag %-a,2004,% of EU8
Szlovákia,2018,61.277718542920134,5443188,42.77816819127493,66.14818338004535,23.370015188770424,Szlovákia (+23%),EU8 átlag %-a,2004,% of EU8
Szlovákia,2019,61.80950726339504,5450575,42.77816819127493,66.14818338004535,23.370015188770424,Szlovákia (+23%),EU8 átlag %-a,2004,% of EU8
Szlovákia,2020,63.451285285759816,5454981,42.77816819127493,66.14818338004535,23.370015188770424,Szlovákia (+23%),EU8 átlag %-a,2004,% of EU8
Szlovákia,2021,64.0562350929139,5442712,42.77816819127493,66.14818338004535,23.370015188770424,Szlovákia (+23%),EU8 átlag %-a,2004,% of EU8
Szlovákia,2022,63.40955601365977,5473145,42.77816819127493,66.14818338004535,23.370015188770424,Szlovákia (+23%),EU8 átlag %-a,2004,% of EU8
Szlovákia,2023,64.93958696590423,5518008,42.77816819127493,66.14818338004535,23.370015188770424,Szlovákia (+23%),EU8 átlag %-a,2004,% of EU8
Szlovákia,2024,66.14818338004535,5422069,42.77816819127493,66.14818338004535,23.370015188770424,Szlovákia (+23%),EU8 átlag %-a,2004,% of EU8
Horvátország,2004,51.959081379456215,4310013,51.959081379456215,69.89803297051795,17.93895159106173,Horvátország (+18%),EU8 átlag %-a,2004,% of EU8
Horvátország,2005,53.44961438625774,4313901,51.959081379456215,69.89803297051795,17.93895159106173,Horvátország (+18%),EU8 átlag %-a,2004,% of EU8
Horvátország,2006,54.44014832092559,4315751,51.959081379456215,69.89803297051795,17.93895159106173,Horvátország (+18%),EU8 átlag %-a,2004,% of EU8
Horvátország,2007,55.69200999398982,4315907,51.959081379456215,69.89803297051795,17.93895159106173,Horvátország (+18%),EU8 átlag %-a,2004,% of EU8
Horvátország,2008,56.51937645463226,4314591,51.959081379456215,69.89803297051795,17.93895159106173,Horvátország (+18%),EU8 átlag %-a,2004,% of EU8
Horvátország,2009,55.207072397203646,4310491,51.959081379456215,69.89803297051795,17.93895159106173,Horvátország (+18%),EU8 átlag %-a,2004,% of EU8
Horvátország,2010,53.127328457289245,4301108,51.959081379456215,69.89803297051795,17.93895159106173,Horvátország (+18%),EU8 átlag %-a,2004,% of EU8
Horvátország,2011,51.53080131837727,4280782,51.959081379456215,69.89803297051795,17.93895159106173,Horvátország (+18%),EU8 átlag %-a,2004,% of EU8
Horvátország,2012,50.72750983708473,4259181,51.959081379456215,69.89803297051795,17.93895159106173,Horvátország (+18%),EU8 átlag %-a,2004,% of EU8
Horvátország,2013,50.95930954809255,4242353,51.959081379456215,69.89803297051795,17.93895159106173,Horvátország (+18%),EU8 átlag %-a,2004,% of EU8
Horvátország,2014,50.497290014024856,4219439,51.959081379456215,69.89803297051795,17.93895159106173,Horvátország (+18%),EU8 átlag %-a,2004,% of EU8
Horvátország,2015,51.79469093083401,4183681,51.959081379456215,69.89803297051795,17.93895159106173,Horvátország (+18%),EU8 átlag %-a,2004,% of EU8
Horvátország,2016,53.50778341023523,4136388,51.959081379456215,69.89803297051795,17.93895159106173,Horvátország (+18%),EU8 átlag %-a,2004,% of EU8
Horvátország,2017,55.05826512137618,4079152,51.959081379456215,69.89803297051795,17.93895159106173,Horvátország (+18%),EU8 átlag %-a,2004,% of EU8
Horvátország,2018,56.7631192051952,4024820,51.959081379456215,69.89803297051795,17.93895159106173,Horvátország (+18%),EU8 átlag %-a,2004,% of EU8
Horvátország,2019,58.37184152561085,3986292,51.959081379456215,69.89803297051795,17.93895159106173,Horvátország (+18%),EU8 átlag %-a,2004,% of EU8
Horvátország,2020,56.95580769632336,3953898,51.959081379456215,69.89803297051795,17.93895159106173,Horvátország (+18%),EU8 átlag %-a,2004,% of EU8
Horvátország,2021,61.695017393415306,3924558,51.959081379456215,69.89803297051795,17.93895159106173,Horvátország (+18%),EU8 átlag %-a,2004,% of EU8
Horvátország,2022,65.4459726599477,3906988,51.959081379456215,69.89803297051795,17.93895159106173,Horvátország (+18%),EU8 átlag %-a,2004,% of EU8
Horvátország,2023,67.63584622530492,3895973,51.959081379456215,69.89803297051795,17.93895159106173,Horvátország (+18%),EU8 átlag %-a,2004,% of EU8
Horvátország,2024,69.89803297051795,3866300,51.959081379456215,69.89803297051795,17.93895159106173,Horvátország (+18%),EU8 átlag %-a,2004,% of EU8
Magyarország,2004,52.032227877538894,10085736,52.032227877538894,66.73115442890283,14.698926551363932,Magyarország (+15%),EU8 átlag %-a,2004,% of EU8
Magyarország,2005,53.68670904010907,10065654,52.032227877538894,66.73115442890283,14.698926551363932,Magyarország (+15%),EU8 átlag %-a,2004,% of EU8
Magyarország,2006,54.18151787751833,10049900,52.032227877538894,66.73115442890283,14.698926551363932,Magyarország (+15%),EU8 átlag %-a,2004,% of EU8
Magyarország,2007,53.009315263145616,10034027,52.032227877538894,66.73115442890283,14.698926551363932,Magyarország (+15%),EU8 átlag %-a,2004,% of EU8
Magyarország,2008,53.36939117376577,10016610,52.032227877538894,66.73115442890283,14.698926551363932,Magyarország (+15%),EU8 átlag %-a,2004,% of EU8
Magyarország,2009,52.197535586092776,10001329,52.032227877538894,66.73115442890283,14.698926551363932,Magyarország (+15%),EU8 átlag %-a,2004,% of EU8
Magyarország,2010,51.453633601455564,9979076,52.032227877538894,66.73115442890283,14.698926551363932,Magyarország (+15%),EU8 átlag %-a,2004,% of EU8
Magyarország,2011,50.88224349899286,9946626,52.032227877538894,66.73115442890283,14.698926551363932,Magyarország (+15%),EU8 átlag %-a,2004,% of EU8
Magyarország,2012,50.57888493720221,9916568,52.032227877538894,66.73115442890283,14.698926551363932,Magyarország (+15%),EU8 átlag %-a,2004,% of EU8
Magyarország,2013,51.834313553253644,9889294,52.032227877538894,66.73115442890283,14.698926551363932,Magyarország (+15%),EU8 átlag %-a,2004,% of EU8
Magyarország,2014,53.69539231887994,9862785,52.032227877538894,66.73115442890283,14.698926551363932,Magyarország (+15%),EU8 átlag %-a,2004,% of EU8
Magyarország,2015,55.330659100430445,9839162,52.032227877538894,66.73115442890283,14.698926551363932,Magyarország (+15%),EU8 átlag %-a,2004,% of EU8
Magyarország,2016,56.20227194160655,9810479,52.032227877538894,66.73115442890283,14.698926551363932,Magyarország (+15%),EU8 átlag %-a,2004,% of EU8
Magyarország,2017,57.56833004817455,9785561,52.032227877538894,66.73115442890283,14.698926551363932,Magyarország (+15%),EU8 átlag %-a,2004,% of EU8
Magyarország,2018,60.23833263632455,9774342,52.032227877538894,66.73115442890283,14.698926551363932,Magyarország (+15%),EU8 átlag %-a,2004,% of EU8
Magyarország,2019,62.58812938070645,9770300,52.032227877538894,66.73115442890283,14.698926551363932,Magyarország (+15%),EU8 átlag %-a,2004,% of EU8
Magyarország,2020,63.30774675663473,9749421,52.032227877538894,66.73115442890283,14.698926551363932,Magyarország (+15%),EU8 átlag %-a,2004,% of EU8
Magyarország,2021,64.96012535879527,9707794,52.032227877538894,66.73115442890283,14.698926551363932,Magyarország (+15%),EU8 átlag %-a,2004,% of EU8
Magyarország,2022,66.7476773088817,9684259,52.032227877538894,66.73115442890283,14.698926551363932,Magyarország (+15%),EU8 átlag %-a,2004,% of EU8
Magyarország,2023,66.3717225904708,9686418,52.032227877538894,66.73115442890283,14.698926551363932,Magyarország (+15%),EU8 átlag %-a,2004,% of EU8
Magyarország,2024,66.73115442890283,9562314,52.032227877538894,66.73115442890283,14.698926551363932,Magyarország (+15%),EU8 átlag %-a,2004,% of EU8
Észtország,2004,54.18101132888091,1362623,54.18101132888091,68.1148372452032,13.933825916322292,Észtország (+14%),EU8 átlag %-a,2004,% of EU8
Észtország,2005,58.922759810202685,1354799,54.18101132888091,68.1148372452032,13.933825916322292,Észtország (+14%),EU8 átlag %-a,2004,% of EU8
Észtország,2006,63.07379385069129,1346833,54.18101132888091,68.1148372452032,13.933825916322292,Észtország (+14%),EU8 átlag %-a,2004,% of EU8
Észtország,2007,66.3609003488996,1340672,54.18101132888091,68.1148372452032,13.933825916322292,Észtország (+14%),EU8 átlag %-a,2004,% of EU8
Észtország,2008,62.82226430836224,1337032,54.18101132888091,68.1148372452032,13.933825916322292,Észtország (+14%),EU8 átlag %-a,2004,% of EU8
Észtország,2009,56.26589980505665,1334487,54.18101132888091,68.1148372452032,13.933825916322292,Észtország (+14%),EU8 átlag %-a,2004,% of EU8
Észtország,2010,56.22346930636583,1331406,54.18101132888091,68.1148372452032,13.933825916322292,Észtország (+14%),EU8 átlag %-a,2004,% of EU8
Észtország,2011,58.71522057491362,1327315,54.18101132888091,68.1148372452032,13.933825916322292,Észtország (+14%),EU8 átlag %-a,2004,% of EU8
Észtország,2012,61.23271880398012,1322570,54.18101132888091,68.1148372452032,13.933825916322292,Észtország (+14%),EU8 átlag %-a,2004,% of EU8
Észtország,2013,62.50463012973583,1317872,54.18101132888091,68.1148372452032,13.933825916322292,Észtország (+14%),EU8 átlag %-a,2004,% of EU8
Észtország,2014,64.03094301142166,1314402,54.18101132888091,68.1148372452032,13.933825916322292,Észtország (+14%),EU8 átlag %-a,2004,% of EU8
Észtország,2015,64.54653996655053,1314538,54.18101132888091,68.1148372452032,13.933825916322292,Észtország (+14%),EU8 átlag %-a,2004,% of EU8
Észtország,2016,65.70710777575371,1315802,54.18101132888091,68.1148372452032,13.933825916322292,Észtország (+14%),EU8 átlag %-a,2004,% of EU8
Észtország,2017,67.96734309702681,1317381,54.18101132888091,68.1148372452032,13.933825916322292,Észtország (+14%),EU8 átlag %-a,2004,% of EU8
Észtország,2018,69.45152960640627,1321918,54.18101132888091,68.1148372452032,13.933825916322292,Észtország (+14%),EU8 átlag %-a,2004,% of EU8
Észtország,2019,70.88031431985034,1326772,54.18101132888091,68.1148372452032,13.933825916322292,Észtország (+14%),EU8 átlag %-a,2004,% of EU8
Észtország,2020,72.45917371558286,1329618,54.18101132888091,68.1148372452032,13.933825916322292,Észtország (+14%),EU8 átlag %-a,2004,% of EU8
Észtország,2021,73.92113836937423,1331699,54.18101132888091,68.1148372452032,13.933825916322292,Észtország (+14%),EU8 átlag %-a,2004,% of EU8
Észtország,2022,71.72776932416494,1350038,54.18101132888091,68.1148372452032,13.933825916322292,Észtország (+14%),EU8 átlag %-a,2004,% of EU8
Észtország,2023,68.57147286983333,1367143,54.18101132888091,68.1148372452032,13.933825916322292,Észtország (+14%),EU8 átlag %-a,2004,% of EU8
Észtország,2024,68.1148372452032,1371986,54.18101132888091,68.1148372452032,13.933825916322292,Észtország (+14%),EU8 átlag %-a,2004,% of EU8
Csehország,2004,65.51460525285256,10261411,65.51460525285256,78.63335575702051,13.118750504167949,Csehország (+13%),EU8 átlag %-a,2004,% of EU8
Csehország,2005,68.71036114520724,10280103,65.51460525285256,78.63335575702051,13.118750504167949,Csehország (+13%),EU8 átlag %-a,2004,% of EU8
Csehország,2006,70.83510527537106,10304542,65.51460525285256,78.63335575702051,13.118750504167949,Csehország (+13%),EU8 átlag %-a,2004,% of EU8
Csehország,2007,72.32824820024277,10337488,65.51460525285256,78.63335575702051,13.118750504167949,Csehország (+13%),EU8 átlag %-a,2004,% of EU8
Csehország,2008,73.24729714860905,10378248,65.51460525285256,78.63335575702051,13.118750504167949,Csehország (+13%),EU8 átlag %-a,2004,% of EU8
Csehország,2009,72.6026120726367,10420931,65.51460525285256,78.63335575702051,13.118750504167949,Csehország (+13%),EU8 átlag %-a,2004,% of EU8
Csehország,2010,72.35863368688777,10463981,65.51460525285256,78.63335575702051,13.118750504167949,Csehország (+13%),EU8 átlag %-a,2004,% of EU8
Csehország,2011,71.10441865349269,10495455,65.51460525285256,78.63335575702051,13.118750504167949,Csehország (+13%),EU8 átlag %-a,2004,% of EU8
Csehország,2012,70.62292904303605,10507287,65.51460525285256,78.63335575702051,13.118750504167949,Csehország (+13%),EU8 átlag %-a,2004,% of EU8
Csehország,2013,70.54089042515255,10511117,65.51460525285256,78.63335575702051,13.118750504167949,Csehország (+13%),EU8 átlag %-a,2004,% of EU8
Csehország,2014,71.24744966278563,10517176,65.51460525285256,78.63335575702051,13.118750504167949,Csehország (+13%),EU8 átlag %-a,2004,% of EU8
Csehország,2015,73.92502523353494,10524367,65.51460525285256,78.63335575702051,13.118750504167949,Csehország (+13%),EU8 átlag %-a,2004,% of EU8
Csehország,2016,74.75846285721168,10531895,65.51460525285256,78.63335575702051,13.118750504167949,Csehország (+13%),EU8 átlag %-a,2004,% of EU8
Csehország,2017,76.88126896098896,10541301,65.51460525285256,78.63335575702051,13.118750504167949,Csehország (+13%),EU8 átlag %-a,2004,% of EU8
Csehország,2018,77.9120835034215,10548878,65.51460525285256,78.63335575702051,13.118750504167949,Csehország (+13%),EU8 átlag %-a,2004,% of EU8
Csehország,2019,79.37394964034435,10554819,65.51460525285256,78.63335575702051,13.118750504167949,Csehország (+13%),EU8 átlag %-a,2004,% of EU8
Csehország,2020,79.08304324206037,10550083,65.51460525285256,78.63335575702051,13.118750504167949,Csehország (+13%),EU8 átlag %-a,2004,% of EU8
Csehország,2021,79.84213483647885,10530619,65.51460525285256,78.63335575702051,13.118750504167949,Csehország (+13%),EU8 átlag %-a,2004,% of EU8
Csehország,2022,79.44429640356566,10673169,65.51460525285256,78.63335575702051,13.118750504167949,Csehország (+13%),EU8 átlag %-a,2004,% of EU8
Csehország,2023,78.11244034740328,10809674,65.51460525285256,78.63335575702051,13.118750504167949,Csehország (+13%),EU8 átlag %-a,2004,% of EU8
Csehország,2024,78.63335575702051,10882164,65.51460525285256,78.63335575702051,13.118750504167949,Csehország (+13%),EU8 átlag %-a,2004,% of EU8
Szlovénia,2004,67.18789775222612,1993503,67.18789775222612,79.50897985765225,12.321082105426129,Szlovénia (+12%),EU8 átlag %-a,2004,% of EU8
Szlovénia,2005,68.77137887339899,1996858,67.18789775222612,79.50897985765225,12.321082105426129,Szlovénia (+12%),EU8 átlag %-a,2004,% of EU8
Szlovénia,2006,70.38896287807732,2003069,67.18789775222612,79.50897985765225,12.321082105426129,Szlovénia (+12%),EU8 átlag %-a,2004,% of EU8
Szlovénia,2007,73.01493774975422,2014110,67.18789775222612,79.50897985765225,12.321082105426129,Szlovénia (+12%),EU8 átlag %-a,2004,% of EU8
Szlovénia,2008,74.99206405967415,2025041,67.18789775222612,79.50897985765225,12.321082105426129,Szlovénia (+12%),EU8 átlag %-a,2004,% of EU8
Szlovénia,2009,71.91117642090234,2035555,67.18789775222612,79.50897985765225,12.321082105426129,Szlovénia (+12%),EU8 átlag %-a,2004,% of EU8
Szlovénia,2010,70.44932552462065,2044566,67.18789775222612,79.50897985765225,12.321082105426129,Szlovénia (+12%),EU8 átlag %-a,2004,% of EU8
Szlovénia,2011,68.46775737351784,2048754,67.18789775222612,79.50897985765225,12.321082105426129,Szlovénia (+12%),EU8 átlag %-a,2004,% of EU8
Szlovénia,2012,66.4875708794332,2053274,67.18789775222612,79.50897985765225,12.321082105426129,Szlovénia (+12%),EU8 átlag %-a,2004,% of EU8
Szlovénia,2013,65.82327339436682,2056403,67.18789775222612,79.50897985765225,12.321082105426129,Szlovénia (+12%),EU8 átlag %-a,2004,% of EU8
Szlovénia,2014,66.82377846622317,2058351,67.18789775222612,79.50897985765225,12.321082105426129,Szlovénia (+12%),EU8 átlag %-a,2004,% of EU8
Szlovénia,2015,67.72254856306883,2059899,67.18789775222612,79.50897985765225,12.321082105426129,Szlovénia (+12%),EU8 átlag %-a,2004,% of EU8
Szlovénia,2016,68.87066391389101,2061329,67.18789775222612,79.50897985765225,12.321082105426129,Szlovénia (+12%),EU8 átlag %-a,2004,% of EU8
Szlovénia,2017,70.96898507319668,2062366,67.18789775222612,79.50897985765225,12.321082105426129,Szlovénia (+12%),EU8 átlag %-a,2004,% of EU8
Szlovénia,2018,72.98320586989887,2069431,67.18789775222612,79.50897985765225,12.321082105426129,Szlovénia (+12%),EU8 átlag %-a,2004,% of EU8
Szlovénia,2019,74.08468337949263,2083395,67.18789775222612,79.50897985765225,12.321082105426129,Szlovénia (+12%),EU8 átlag %-a,2004,% of EU8
Szlovénia,2020,74.44582248233863,2102370,67.18789775222612,79.50897985765225,12.321082105426129,Szlovénia (+12%),EU8 átlag %-a,2004,% of EU8
Szlovénia,2021,76.69833795962843,2113450,67.18789775222612,79.50897985765225,12.321082105426129,Szlovénia (+12%),EU8 átlag %-a,2004,% of EU8
Szlovénia,2022,77.26652819849075,2115184,67.18789775222612,79.50897985765225,12.321082105426129,Szlovénia (+12%),EU8 átlag %-a,2004,% of EU8
Szlovénia,2023,78.70246098232182,2118353,67.18789775222612,79.50897985765225,12.321082105426129,Szlovénia (+12%),EU8 átlag %-a,2004,% of EU8
Szlovénia,2024,79.50897985765225,2126324,67.18789775222612,79.50897985765225,12.321082105426129,Szlovénia (+12%),EU8 átlag %-a,2004,% of EU8
Litvánia,2004,21.8672861464791,3376654,21.8672861464791,47.1690084190287,25.3017222725496,Litvánia (+25k USD PPP),"ezer USD (konstans 2021, PPP)",2004,value
Litvánia,2005,23.9447019948719,3322225,21.8672861464791,47.1690084190287,25.3017222725496,Litvánia (+25k USD PPP),"ezer USD (konstans 2021, PPP)",2004,value
Litvánia,2006,26.129339256693797,3269761,21.8672861464791,47.1690084190287,25.3017222725496,Litvánia (+25k USD PPP),"ezer USD (konstans 2021, PPP)",2004,value
Litvánia,2007,29.3707739737176,3231322,21.8672861464791,47.1690084190287,25.3017222725496,Litvánia (+25k USD PPP),"ezer USD (konstans 2021, PPP)",2004,value
Litvánia,2008,30.4457809464936,3198432,21.8672861464791,47.1690084190287,25.3017222725496,Litvánia (+25k USD PPP),"ezer USD (konstans 2021, PPP)",2004,value
Litvánia,2009,26.2175449293891,3163204,21.8672861464791,47.1690084190287,25.3017222725496,Litvánia (+25k USD PPP),"ezer USD (konstans 2021, PPP)",2004,value
Litvánia,2010,26.8874913057701,3097660,21.8672861464791,47.1690084190287,25.3017222725496,Litvánia (+25k USD PPP),"ezer USD (konstans 2021, PPP)",2004,value
Litvánia,2011,29.2407487851392,3028588,21.8672861464791,47.1690084190287,25.3017222725496,Litvánia (+25k USD PPP),"ezer USD (konstans 2021, PPP)",2004,value
Litvánia,2012,30.920330402208002,2988281,21.8672861464791,47.1690084190287,25.3017222725496,Litvánia (+25k USD PPP),"ezer USD (konstans 2021, PPP)",2004,value
Litvánia,2013,32.4746413533554,2958306,21.8672861464791,47.1690084190287,25.3017222725496,Litvánia (+25k USD PPP),"ezer USD (konstans 2021, PPP)",2004,value
Litvánia,2014,33.9750843756963,2933118,21.8672861464791,47.1690084190287,25.3017222725496,Litvánia (+25k USD PPP),"ezer USD (konstans 2021, PPP)",2004,value
Litvánia,2015,35.2512986931775,2905726,21.8672861464791,47.1690084190287,25.3017222725496,Litvánia (+25k USD PPP),"ezer USD (konstans 2021, PPP)",2004,value
Litvánia,2016,36.6181468417838,2869051,21.8672861464791,47.1690084190287,25.3017222725496,Litvánia (+25k USD PPP),"ezer USD (konstans 2021, PPP)",2004,value
Litvánia,2017,38.7744892011822,2829273,21.8672861464791,47.1690084190287,25.3017222725496,Litvánia (+25k USD PPP),"ezer USD (konstans 2021, PPP)",2004,value
Litvánia,2018,41.0197901632878,2802430,21.8672861464791,47.1690084190287,25.3017222725496,Litvánia (+25k USD PPP),"ezer USD (konstans 2021, PPP)",2004,value
Litvánia,2019,43.0623228425315,2795011,21.8672861464791,47.1690084190287,25.3017222725496,Litvánia (+25k USD PPP),"ezer USD (konstans 2021, PPP)",2004,value
Litvánia,2020,43.0917973723526,2795711,21.8672861464791,47.1690084190287,25.3017222725496,Litvánia (+25k USD PPP),"ezer USD (konstans 2021, PPP)",2004,value
Litvánia,2021,45.8735273239486,2794443,21.8672861464791,47.1690084190287,25.3017222725496,Litvánia (+25k USD PPP),"ezer USD (konstans 2021, PPP)",2004,value
Litvánia,2022,46.6512145810247,2816872,21.8672861464791,47.1690084190287,25.3017222725496,Litvánia (+25k USD PPP),"ezer USD (konstans 2021, PPP)",2004,value
Litvánia,2023,46.1597081733083,2854061,21.8672861464791,47.1690084190287,25.3017222725496,Litvánia (+25k USD PPP),"ezer USD (konstans 2021, PPP)",2004,value
Litvánia,2024,47.1690084190287,2888055,21.8672861464791,47.1690084190287,25.3017222725496,Litvánia (+25k USD PPP),"ezer USD (konstans 2021, PPP)",2004,value
Lengyelország,2004,20.8786545002534,38167521,20.8786545002534,45.1125993993196,24.2339448990662,Lengyelország (+24k USD PPP),"ezer USD (konstans 2021, PPP)",2004,value
Lengyelország,2005,21.568947659435597,38124333,20.8786545002534,45.1125993993196,24.2339448990662,Lengyelország (+24k USD PPP),"ezer USD (konstans 2021, PPP)",2004,value
Lengyelország,2006,22.921197588769598,38071124,20.8786545002534,45.1125993993196,24.2339448990662,Lengyelország (+24k USD PPP),"ezer USD (konstans 2021, PPP)",2004,value
Lengyelország,2007,24.484065666375603,38020368,20.8786545002534,45.1125993993196,24.2339448990662,Lengyelország (+24k USD PPP),"ezer USD (konstans 2021, PPP)",2004,value
Lengyelország,2008,25.5539058406534,37995854,20.8786545002534,45.1125993993196,24.2339448990662,Lengyelország (+24k USD PPP),"ezer USD (konstans 2021, PPP)",2004,value
Lengyelország,2009,26.204410367111,38002108,20.8786545002534,45.1125993993196,24.2339448990662,Lengyelország (+24k USD PPP),"ezer USD (konstans 2021, PPP)",2004,value
Lengyelország,2010,27.1121333797381,38095304,20.8786545002534,45.1125993993196,24.2339448990662,Lengyelország (+24k USD PPP),"ezer USD (konstans 2021, PPP)",2004,value
Lengyelország,2011,28.5216612623568,38208597,20.8786545002534,45.1125993993196,24.2339448990662,Lengyelország (+24k USD PPP),"ezer USD (konstans 2021, PPP)",2004,value
Lengyelország,2012,28.9529157305301,38247820,20.8786545002534,45.1125993993196,24.2339448990662,Lengyelország (+24k USD PPP),"ezer USD (konstans 2021, PPP)",2004,value
Lengyelország,2013,29.168624211075,38259214,20.8786545002534,45.1125993993196,24.2339448990662,Lengyelország (+24k USD PPP),"ezer USD (konstans 2021, PPP)",2004,value
Lengyelország,2014,30.3348786569618,38265064,20.8786545002534,45.1125993993196,24.2339448990662,Lengyelország (+24k USD PPP),"ezer USD (konstans 2021, PPP)",2004,value
Lengyelország,2015,31.7003682364154,38266267,20.8786545002534,45.1125993993196,24.2339448990662,Lengyelország (+24k USD PPP),"ezer USD (konstans 2021, PPP)",2004,value
Lengyelország,2016,32.6753052259954,38263203,20.8786545002534,45.1125993993196,24.2339448990662,Lengyelország (+24k USD PPP),"ezer USD (konstans 2021, PPP)",2004,value
Lengyelország,2017,34.354598761631905,38254908,20.8786545002534,45.1125993993196,24.2339448990662,Lengyelország (+24k USD PPP),"ezer USD (konstans 2021, PPP)",2004,value
Lengyelország,2018,36.500411428258396,38241017,20.8786545002534,45.1125993993196,24.2339448990662,Lengyelország (+24k USD PPP),"ezer USD (konstans 2021, PPP)",2004,value
Lengyelország,2019,38.1816230334689,38225836,20.8786545002534,45.1125993993196,24.2339448990662,Lengyelország (+24k USD PPP),"ezer USD (konstans 2021, PPP)",2004,value
Lengyelország,2020,37.852802131363894,38170958,20.8786545002534,45.1125993993196,24.2339448990662,Lengyelország (+24k USD PPP),"ezer USD (konstans 2021, PPP)",2004,value
Lengyelország,2021,41.0595847829682,38040252,20.8786545002534,45.1125993993196,24.2339448990662,Lengyelország (+24k USD PPP),"ezer USD (konstans 2021, PPP)",2004,value
Lengyelország,2022,43.4050215797441,38385689,20.8786545002534,45.1125993993196,24.2339448990662,Lengyelország (+24k USD PPP),"ezer USD (konstans 2021, PPP)",2004,value
Lengyelország,2023,43.6727668014946,38762796,20.8786545002534,45.1125993993196,24.2339448990662,Lengyelország (+24k USD PPP),"ezer USD (konstans 2021, PPP)",2004,value
Lengyelország,2024,45.1125993993196,36554707,20.8786545002534,45.1125993993196,24.2339448990662,Lengyelország (+24k USD PPP),"ezer USD (konstans 2021, PPP)",2004,value
Románia,2004,19.5315056332132,21403163,19.5315056332132,40.610754138069304,21.079248504856103,Románia (+21k USD PPP),"ezer USD (konstans 2021, PPP)",2004,value
Románia,2005,20.5698993240151,21213352,19.5315056332132,40.610754138069304,21.079248504856103,Románia (+21k USD PPP),"ezer USD (konstans 2021, PPP)",2004,value
Románia,2006,22.353448617673198,21035673,19.5315056332132,40.610754138069304,21.079248504856103,Románia (+21k USD PPP),"ezer USD (konstans 2021, PPP)",2004,value
Románia,2007,24.3271794995057,20870655,19.5315056332132,40.610754138069304,21.079248504856103,Románia (+21k USD PPP),"ezer USD (konstans 2021, PPP)",2004,value
Románia,2008,27.038251202772898,20718693,19.5315056332132,40.610754138069304,21.079248504856103,Románia (+21k USD PPP),"ezer USD (konstans 2021, PPP)",2004,value
Románia,2009,25.7603454201987,20576869,19.5315056332132,40.610754138069304,21.079248504856103,Románia (+21k USD PPP),"ezer USD (konstans 2021, PPP)",2004,value
Románia,2010,24.9016621955938,20432524,19.5315056332132,40.610754138069304,21.079248504856103,Románia (+21k USD PPP),"ezer USD (konstans 2021, PPP)",2004,value
Románia,2011,26.1494430803567,20281955,19.5315056332132,40.610754138069304,21.079248504856103,Románia (+21k USD PPP),"ezer USD (konstans 2021, PPP)",2004,value
Románia,2012,26.7661203411201,20158399,19.5315056332132,40.610754138069304,21.079248504856103,Románia (+21k USD PPP),"ezer USD (konstans 2021, PPP)",2004,value
Románia,2013,26.9405878735292,20062861,19.5315056332132,40.610754138069304,21.079248504856103,Románia (+21k USD PPP),"ezer USD (konstans 2021, PPP)",2004,value
Románia,2014,28.154726201994,19968125,19.5315056332132,40.610754138069304,21.079248504856103,Románia (+21k USD PPP),"ezer USD (konstans 2021, PPP)",2004,value
Románia,2015,29.1804224199994,19870968,19.5315056332132,40.610754138069304,21.079248504856103,Románia (+21k USD PPP),"ezer USD (konstans 2021, PPP)",2004,value
Románia,2016,30.1876417226458,19777001,19.5315056332132,40.610754138069304,21.079248504856103,Románia (+21k USD PPP),"ezer USD (konstans 2021, PPP)",2004,value
Románia,2017,32.8509966974553,19689357,19.5315056332132,40.610754138069304,21.079248504856103,Románia (+21k USD PPP),"ezer USD (konstans 2021, PPP)",2004,value
Románia,2018,35.0671966594792,19597823,19.5315056332132,40.610754138069304,21.079248504856103,Románia (+21k USD PPP),"ezer USD (konstans 2021, PPP)",2004,value
Románia,2019,36.6354689017771,19501499,19.5315056332132,40.610754138069304,21.079248504856103,Románia (+21k USD PPP),"ezer USD (konstans 2021, PPP)",2004,value
Románia,2020,35.4842366916586,19392420,19.5315056332132,40.610754138069304,21.079248504856103,Románia (+21k USD PPP),"ezer USD (konstans 2021, PPP)",2004,value
Románia,2021,37.7325405035335,19248115,19.5315056332132,40.610754138069304,21.079248504856103,Románia (+21k USD PPP),"ezer USD (konstans 2021, PPP)",2004,value
Románia,2022,39.3802361396926,19166726,19.5315056332132,40.610754138069304,21.079248504856103,Románia (+21k USD PPP),"ezer USD (konstans 2021, PPP)",2004,value
Románia,2023,40.3038183321549,19118433,19.5315056332132,40.610754138069304,21.079248504856103,Románia (+21k USD PPP),"ezer USD (konstans 2021, PPP)",2004,value
Románia,2024,40.610754138069304,19069340,19.5315056332132,40.610754138069304,21.079248504856103,Románia (+21k USD PPP),"ezer USD (konstans 2021, PPP)",2004,value
Szlovákia,2004,21.8429135856629,5375995,21.8429135856629,40.3465748138478,18.503661228184903,Szlovákia (+19k USD PPP),"ezer USD (konstans 2021, PPP)",2004,value
Szlovákia,2005,23.2571302921578,5376650,21.8429135856629,40.3465748138478,18.503661228184903,Szlovákia (+19k USD PPP),"ezer USD (konstans 2021, PPP)",2004,value
Szlovákia,2006,25.3318243974735,5376793,21.8429135856629,40.3465748138478,18.503661228184903,Szlovákia (+19k USD PPP),"ezer USD (konstans 2021, PPP)",2004,value
Szlovákia,2007,28.0641907495761,5376949,21.8429135856629,40.3465748138478,18.503661228184903,Szlovákia (+19k USD PPP),"ezer USD (konstans 2021, PPP)",2004,value
Szlovákia,2008,29.544032720906202,5379075,21.8429135856629,40.3465748138478,18.503661228184903,Szlovákia (+19k USD PPP),"ezer USD (konstans 2021, PPP)",2004,value
Szlovákia,2009,27.8803565059988,5385027,21.8429135856629,40.3465748138478,18.503661228184903,Szlovákia (+19k USD PPP),"ezer USD (konstans 2021, PPP)",2004,value
Szlovákia,2010,29.7458613949846,5391807,21.8429135856629,40.3465748138478,18.503661228184903,Szlovákia (+19k USD PPP),"ezer USD (konstans 2021, PPP)",2004,value
Szlovákia,2011,30.468766017565397,5398048,21.8429135856629,40.3465748138478,18.503661228184903,Szlovákia (+19k USD PPP),"ezer USD (konstans 2021, PPP)",2004,value
Szlovákia,2012,30.8942512802,5404834,21.8429135856629,40.3465748138478,18.503661228184903,Szlovákia (+19k USD PPP),"ezer USD (konstans 2021, PPP)",2004,value
Szlovákia,2013,31.0781239404759,5410370,21.8429135856629,40.3465748138478,18.503661228184903,Szlovákia (+19k USD PPP),"ezer USD (konstans 2021, PPP)",2004,value
Szlovákia,2014,31.8887428824598,5415184,21.8429135856629,40.3465748138478,18.503661228184903,Szlovákia (+19k USD PPP),"ezer USD (konstans 2021, PPP)",2004,value
Szlovákia,2015,33.5077257197683,5420221,21.8429135856629,40.3465748138478,18.503661228184903,Szlovákia (+19k USD PPP),"ezer USD (konstans 2021, PPP)",2004,value
Szlovákia,2016,34.1163833709765,5427217,21.8429135856629,40.3465748138478,18.503661228184903,Szlovákia (+19k USD PPP),"ezer USD (konstans 2021, PPP)",2004,value
Szlovákia,2017,35.0427172449514,5435643,21.8429135856629,40.3465748138478,18.503661228184903,Szlovákia (+19k USD PPP),"ezer USD (konstans 2021, PPP)",2004,value
Szlovákia,2018,36.415720715668506,5443188,21.8429135856629,40.3465748138478,18.503661228184903,Szlovákia (+19k USD PPP),"ezer USD (konstans 2021, PPP)",2004,value
Szlovákia,2019,37.1941375926927,5450575,21.8429135856629,40.3465748138478,18.503661228184903,Szlovákia (+19k USD PPP),"ezer USD (konstans 2021, PPP)",2004,value
Szlovákia,2020,36.2014154630885,5454981,21.8429135856629,40.3465748138478,18.503661228184903,Szlovákia (+19k USD PPP),"ezer USD (konstans 2021, PPP)",2004,value
Szlovákia,2021,38.3460935768177,5442712,21.8429135856629,40.3465748138478,18.503661228184903,Szlovákia (+19k USD PPP),"ezer USD (konstans 2021, PPP)",2004,value
Szlovákia,2022,38.62367106462639,5473145,21.8429135856629,40.3465748138478,18.503661228184903,Szlovákia (+19k USD PPP),"ezer USD (konstans 2021, PPP)",2004,value
Szlovákia,2023,39.4975351131715,5518008,21.8429135856629,40.3465748138478,18.503661228184903,Szlovákia (+19k USD PPP),"ezer USD (konstans 2021, PPP)",2004,value
Szlovákia,2024,40.3465748138478,5422069,21.8429135856629,40.3465748138478,18.503661228184903,Szlovákia (+19k USD PPP),"ezer USD (konstans 2021, PPP)",2004,value
Lettország,2004,20.574118201251,2264130,20.574118201251,38.936045387045404,18.361927185794404,Lettország (+18k USD PPP),"ezer USD (konstans 2021, PPP)",2004,value
Lettország,2005,23.2133539355881,2239738,20.574118201251,38.936045387045404,18.361927185794404,Lettország (+18k USD PPP),"ezer USD (konstans 2021, PPP)",2004,value
Lettország,2006,26.4318140222767,2218989,20.574118201251,38.936045387045404,18.361927185794404,Lettország (+18k USD PPP),"ezer USD (konstans 2021, PPP)",2004,value
Lettország,2007,29.4237371235063,2200711,20.574118201251,38.936045387045404,18.361927185794404,Lettország (+18k USD PPP),"ezer USD (konstans 2021, PPP)",2004,value
Lettország,2008,28.7269722869522,2177658,20.574118201251,38.936045387045404,18.361927185794404,Lettország (+18k USD PPP),"ezer USD (konstans 2021, PPP)",2004,value
Lettország,2009,24.5206791475489,2141988,20.574118201251,38.936045387045404,18.361927185794404,Lettország (+18k USD PPP),"ezer USD (konstans 2021, PPP)",2004,value
Lettország,2010,24.119730784893903,2097787,20.574118201251,38.936045387045404,18.361927185794404,Lettország (+18k USD PPP),"ezer USD (konstans 2021, PPP)",2004,value
Lettország,2011,25.308732207462597,2059892,20.574118201251,38.936045387045404,18.361927185794404,Lettország (+18k USD PPP),"ezer USD (konstans 2021, PPP)",2004,value
Lettország,2012,27.4965454583635,2034577,20.574118201251,38.936045387045404,18.361927185794404,Lettország (+18k USD PPP),"ezer USD (konstans 2021, PPP)",2004,value
Lettország,2013,28.375184288726302,2012960,20.574118201251,38.936045387045404,18.361927185794404,Lettország (+18k USD PPP),"ezer USD (konstans 2021, PPP)",2004,value
Lettország,2014,29.2437412502629,1994096,20.574118201251,38.936045387045404,18.361927185794404,Lettország (+18k USD PPP),"ezer USD (konstans 2021, PPP)",2004,value
Lettország,2015,30.5996133134147,1977815,20.574118201251,38.936045387045404,18.361927185794404,Lettország (+18k USD PPP),"ezer USD (konstans 2021, PPP)",2004,value
Lettország,2016,31.6685148442662,1959817,20.574118201251,38.936045387045404,18.361927185794404,Lettország (+18k USD PPP),"ezer USD (konstans 2021, PPP)",2004,value
Lettország,2017,33.036391594343705,1942550,20.574118201251,38.936045387045404,18.361927185794404,Lettország (+18k USD PPP),"ezer USD (konstans 2021, PPP)",2004,value
Lettország,2018,34.7297062763057,1927526,20.574118201251,38.936045387045404,18.361927185794404,Lettország (+18k USD PPP),"ezer USD (konstans 2021, PPP)",2004,value
Lettország,2019,35.208193459085905,1914220,20.574118201251,38.936045387045404,18.361927185794404,Lettország (+18k USD PPP),"ezer USD (konstans 2021, PPP)",2004,value
Lettország,2020,34.2258976044058,1901069,20.574118201251,38.936045387045404,18.361927185794404,Lettország (+18k USD PPP),"ezer USD (konstans 2021, PPP)",2004,value
Lettország,2021,36.912013060216104,1885546,20.574118201251,38.936045387045404,18.361927185794404,Lettország (+18k USD PPP),"ezer USD (konstans 2021, PPP)",2004,value
Lettország,2022,37.6810452439337,1881016,20.574118201251,38.936045387045404,18.361927185794404,Lettország (+18k USD PPP),"ezer USD (konstans 2021, PPP)",2004,value
Lettország,2023,38.7965510159878,1882336,20.574118201251,38.936045387045404,18.361927185794404,Lettország (+18k USD PPP),"ezer USD (konstans 2021, PPP)",2004,value
Lettország,2024,38.936045387045404,1862441,20.574118201251,38.936045387045404,18.361927185794404,Lettország (+18k USD PPP),"ezer USD (konstans 2021, PPP)",2004,value
Bulgária,2004,16.3835602241501,7749383,16.3835602241501,34.0851952950467,17.701635070896604,Bulgária (+18k USD PPP),"ezer USD (konstans 2021, PPP)",2004,value
Bulgária,2005,17.6722094683049,7695001,16.3835602241501,34.0851952950467,17.701635070896604,Bulgária (+18k USD PPP),"ezer USD (konstans 2021, PPP)",2004,value
Bulgária,2006,19.018275019453597,7640243,16.3835602241501,34.0851952950467,17.701635070896604,Bulgária (+18k USD PPP),"ezer USD (konstans 2021, PPP)",2004,value
Bulgária,2007,20.433517792146397,7586847,16.3835602241501,34.0851952950467,17.701635070896604,Bulgária (+18k USD PPP),"ezer USD (konstans 2021, PPP)",2004,value
Bulgária,2008,21.8387567442943,7535541,16.3835602241501,34.0851952950467,17.701635070896604,Bulgária (+18k USD PPP),"ezer USD (konstans 2021, PPP)",2004,value
Bulgária,2009,21.244215225915,7487966,16.3835602241501,34.0851952950467,17.701635070896604,Bulgária (+18k USD PPP),"ezer USD (konstans 2021, PPP)",2004,value
Bulgária,2010,21.717128197205998,7437542,16.3835602241501,34.0851952950467,17.701635070896604,Bulgária (+18k USD PPP),"ezer USD (konstans 2021, PPP)",2004,value
Bulgária,2011,22.3136782364044,7379973,16.3835602241501,34.0851952950467,17.701635070896604,Bulgária (+18k USD PPP),"ezer USD (konstans 2021, PPP)",2004,value
Bulgária,2012,22.611357452251102,7316974,16.3835602241501,34.0851952950467,17.701635070896604,Bulgária (+18k USD PPP),"ezer USD (konstans 2021, PPP)",2004,value
Bulgária,2013,22.946833262173698,7264556,16.3835602241501,34.0851952950467,17.701635070896604,Bulgária (+18k USD PPP),"ezer USD (konstans 2021, PPP)",2004,value
Bulgária,2014,23.4477545807665,7223406,16.3835602241501,34.0851952950467,17.701635070896604,Bulgária (+18k USD PPP),"ezer USD (konstans 2021, PPP)",2004,value
Bulgária,2015,24.5545555941337,7177463,16.3835602241501,34.0851952950467,17.701635070896604,Bulgária (+18k USD PPP),"ezer USD (konstans 2021, PPP)",2004,value
Bulgária,2016,25.628297375414498,7127389,16.3835602241501,34.0851952950467,17.701635070896604,Bulgária (+18k USD PPP),"ezer USD (konstans 2021, PPP)",2004,value
Bulgária,2017,26.682963130382397,7075586,16.3835602241501,34.0851952950467,17.701635070896604,Bulgária (+18k USD PPP),"ezer USD (konstans 2021, PPP)",2004,value
Bulgária,2018,27.7410970922285,7024687,16.3835602241501,34.0851952950467,17.701635070896604,Bulgária (+18k USD PPP),"ezer USD (konstans 2021, PPP)",2004,value
Bulgária,2019,29.2015127020228,6975420,16.3835602241501,34.0851952950467,17.701635070896604,Bulgária (+18k USD PPP),"ezer USD (konstans 2021, PPP)",2004,value
Bulgária,2020,28.5473500293302,6933606,16.3835602241501,34.0851952950467,17.701635070896604,Bulgária (+18k USD PPP),"ezer USD (konstans 2021, PPP)",2004,value
Bulgária,2021,30.9736942070222,6877173,16.3835602241501,34.0851952950467,17.701635070896604,Bulgária (+18k USD PPP),"ezer USD (konstans 2021, PPP)",2004,value
Bulgária,2022,32.4350145952407,6825817,16.3835602241501,34.0851952950467,17.701635070896604,Bulgária (+18k USD PPP),"ezer USD (konstans 2021, PPP)",2004,value
Bulgária,2023,33.1418444182014,6795757,16.3835602241501,34.0851952950467,17.701635070896604,Bulgária (+18k USD PPP),"ezer USD (konstans 2021, PPP)",2004,value
Bulgária,2024,34.0851952950467,6444366,16.3835602241501,34.0851952950467,17.701635070896604,Bulgária (+18k USD PPP),"ezer USD (konstans 2021, PPP)",2004,value
Horvátország,2004,26.530769608628802,4310013,26.530769608628802,42.6337666808329,16.102997072204097,Horvátország (+16k USD PPP),"ezer USD (konstans 2021, PPP)",2004,value
Horvátország,2005,27.6431675756662,4313901,26.530769608628802,42.6337666808329,16.102997072204097,Horvátország (+16k USD PPP),"ezer USD (konstans 2021, PPP)",2004,value
Horvátország,2006,29.0410135537341,4315751,26.530769608628802,42.6337666808329,16.102997072204097,Horvátország (+16k USD PPP),"ezer USD (konstans 2021, PPP)",2004,value
Horvátország,2007,30.5139286585701,4315907,26.530769608628802,42.6337666808329,16.102997072204097,Horvátország (+16k USD PPP),"ezer USD (konstans 2021, PPP)",2004,value
Horvátország,2008,31.1183193031352,4314591,26.530769608628802,42.6337666808329,16.102997072204097,Horvátország (+16k USD PPP),"ezer USD (konstans 2021, PPP)",2004,value
Horvátország,2009,29.0284024680788,4310491,26.530769608628802,42.6337666808329,16.102997072204097,Horvátország (+16k USD PPP),"ezer USD (konstans 2021, PPP)",2004,value
Horvátország,2010,28.7061778436133,4301108,26.530769608628802,42.6337666808329,16.102997072204097,Horvátország (+16k USD PPP),"ezer USD (konstans 2021, PPP)",2004,value
Horvátország,2011,28.7773035466872,4280782,26.530769608628802,42.6337666808329,16.102997072204097,Horvátország (+16k USD PPP),"ezer USD (konstans 2021, PPP)",2004,value
Horvátország,2012,28.2624617422876,4259181,26.530769608628802,42.6337666808329,16.102997072204097,Horvátország (+16k USD PPP),"ezer USD (konstans 2021, PPP)",2004,value
Horvátország,2013,28.403318570729,4242353,26.530769608628802,42.6337666808329,16.102997072204097,Horvátország (+16k USD PPP),"ezer USD (konstans 2021, PPP)",2004,value
Horvátország,2014,28.4623661833381,4219439,26.530769608628802,42.6337666808329,16.102997072204097,Horvátország (+16k USD PPP),"ezer USD (konstans 2021, PPP)",2004,value
Horvátország,2015,29.4734468405471,4183681,26.530769608628802,42.6337666808329,16.102997072204097,Horvátország (+16k USD PPP),"ezer USD (konstans 2021, PPP)",2004,value
Horvátország,2016,30.8266324490682,4136388,26.530769608628802,42.6337666808329,16.102997072204097,Horvátország (+16k USD PPP),"ezer USD (konstans 2021, PPP)",2004,value
Horvátország,2017,32.3537325898616,4079152,26.530769608628802,42.6337666808329,16.102997072204097,Horvátország (+16k USD PPP),"ezer USD (konstans 2021, PPP)",2004,value
Horvátország,2018,33.7328142280423,4024820,26.530769608628802,42.6337666808329,16.102997072204097,Horvátország (+16k USD PPP),"ezer USD (konstans 2021, PPP)",2004,value
Horvátország,2019,35.125507407631304,3986292,26.530769608628802,42.6337666808329,16.102997072204097,Horvátország (+16k USD PPP),"ezer USD (konstans 2021, PPP)",2004,value
Horvátország,2020,32.4954939551574,3953898,26.530769608628802,42.6337666808329,16.102997072204097,Horvátország (+16k USD PPP),"ezer USD (konstans 2021, PPP)",2004,value
Horvátország,2021,36.9325937866899,3924558,26.530769608628802,42.6337666808329,16.102997072204097,Horvátország (+16k USD PPP),"ezer USD (konstans 2021, PPP)",2004,value
Horvátország,2022,39.8640816847514,3906988,26.530769608628802,42.6337666808329,16.102997072204097,Horvátország (+16k USD PPP),"ezer USD (konstans 2021, PPP)",2004,value
Horvátország,2023,41.1374530699689,3895973,26.530769608628802,42.6337666808329,16.102997072204097,Horvátország (+16k USD PPP),"ezer USD (konstans 2021, PPP)",2004,value
Horvátország,2024,42.6337666808329,3866300,26.530769608628802,42.6337666808329,16.102997072204097,Horvátország (+16k USD PPP),"ezer USD (konstans 2021, PPP)",2004,value
Csehország,2004,33.4523408000614,10261411,33.4523408000614,47.961809513148296,14.509468713086896,Csehország (+15k USD PPP),"ezer USD (konstans 2021, PPP)",2004,value
Csehország,2005,35.535747996151095,10280103,33.4523408000614,47.961809513148296,14.509468713086896,Csehország (+15k USD PPP),"ezer USD (konstans 2021, PPP)",2004,value
Csehország,2006,37.7868781740905,10304542,33.4523408000614,47.961809513148296,14.509468713086896,Csehország (+15k USD PPP),"ezer USD (konstans 2021, PPP)",2004,value
Csehország,2007,39.6290061324728,10337488,33.4523408000614,47.961809513148296,14.509468713086896,Csehország (+15k USD PPP),"ezer USD (konstans 2021, PPP)",2004,value
Csehország,2008,40.3283426630095,10378248,33.4523408000614,47.961809513148296,14.509468713086896,Csehország (+15k USD PPP),"ezer USD (konstans 2021, PPP)",2004,value
Csehország,2009,38.1751422773334,10420931,33.4523408000614,47.961809513148296,14.509468713086896,Csehország (+15k USD PPP),"ezer USD (konstans 2021, PPP)",2004,value
Csehország,2010,39.0973886218756,10463981,33.4523408000614,47.961809513148296,14.509468713086896,Csehország (+15k USD PPP),"ezer USD (konstans 2021, PPP)",2004,value
Csehország,2011,39.7081626280195,10495455,33.4523408000614,47.961809513148296,14.509468713086896,Csehország (+15k USD PPP),"ezer USD (konstans 2021, PPP)",2004,value
Csehország,2012,39.3470492956846,10507287,33.4523408000614,47.961809513148296,14.509468713086896,Csehország (+15k USD PPP),"ezer USD (konstans 2021, PPP)",2004,value
Csehország,2013,39.3175535692377,10511117,33.4523408000614,47.961809513148296,14.509468713086896,Csehország (+15k USD PPP),"ezer USD (konstans 2021, PPP)",2004,value
Csehország,2014,40.1580164275735,10517176,33.4523408000614,47.961809513148296,14.509468713086896,Csehország (+15k USD PPP),"ezer USD (konstans 2021, PPP)",2004,value
Csehország,2015,42.0665759800801,10524367,33.4523408000614,47.961809513148296,14.509468713086896,Csehország (+15k USD PPP),"ezer USD (konstans 2021, PPP)",2004,value
Csehország,2016,43.069465974472706,10531895,33.4523408000614,47.961809513148296,14.509468713086896,Csehország (+15k USD PPP),"ezer USD (konstans 2021, PPP)",2004,value
Csehország,2017,45.1775226053634,10541301,33.4523408000614,47.961809513148296,14.509468713086896,Csehország (+15k USD PPP),"ezer USD (konstans 2021, PPP)",2004,value
Csehország,2018,46.301082036029,10548878,33.4523408000614,47.961809513148296,14.509468713086896,Csehország (+15k USD PPP),"ezer USD (konstans 2021, PPP)",2004,value
Csehország,2019,47.7636165520254,10554819,33.4523408000614,47.961809513148296,14.509468713086896,Csehország (+15k USD PPP),"ezer USD (konstans 2021, PPP)",2004,value
Csehország,2020,45.1199387309139,10550083,33.4523408000614,47.961809513148296,14.509468713086896,Csehország (+15k USD PPP),"ezer USD (konstans 2021, PPP)",2004,value
Csehország,2021,47.7960337408466,10530619,33.4523408000614,47.961809513148296,14.509468713086896,Csehország (+15k USD PPP),"ezer USD (konstans 2021, PPP)",2004,value
Csehország,2022,48.390661678675,10673169,33.4523408000614,47.961809513148296,14.509468713086896,Csehország (+15k USD PPP),"ezer USD (konstans 2021, PPP)",2004,value
Csehország,2023,47.5095238443224,10809674,33.4523408000614,47.961809513148296,14.509468713086896,Csehország (+15k USD PPP),"ezer USD (konstans 2021, PPP)",2004,value
Csehország,2024,47.961809513148296,10882164,33.4523408000614,47.961809513148296,14.509468713086896,Csehország (+15k USD PPP),"ezer USD (konstans 2021, PPP)",2004,value
Szlovénia,2004,34.306738849644304,1993503,34.306738849644304,48.495889687081,14.189150837436692,Szlovénia (+14k USD PPP),"ezer USD (konstans 2021, PPP)",2004,value
Szlovénia,2005,35.5673052544187,1996858,34.306738849644304,48.495889687081,14.189150837436692,Szlovénia (+14k USD PPP),"ezer USD (konstans 2021, PPP)",2004,value
Szlovénia,2006,37.5488841971027,2003069,34.306738849644304,48.495889687081,14.189150837436692,Szlovénia (+14k USD PPP),"ezer USD (konstans 2021, PPP)",2004,value
Szlovénia,2007,40.0052467444859,2014110,34.306738849644304,48.495889687081,14.189150837436692,Szlovénia (+14k USD PPP),"ezer USD (konstans 2021, PPP)",2004,value
Szlovénia,2008,41.2889727557999,2025041,34.306738849644304,48.495889687081,14.189150837436692,Szlovénia (+14k USD PPP),"ezer USD (konstans 2021, PPP)",2004,value
Szlovénia,2009,37.8115788513485,2035555,34.306738849644304,48.495889687081,14.189150837436692,Szlovénia (+14k USD PPP),"ezer USD (konstans 2021, PPP)",2004,value
Szlovénia,2010,38.0657361511822,2044566,34.306738849644304,48.495889687081,14.189150837436692,Szlovénia (+14k USD PPP),"ezer USD (konstans 2021, PPP)",2004,value
Szlovénia,2011,38.2357228432228,2048754,34.306738849644304,48.495889687081,14.189150837436692,Szlovénia (+14k USD PPP),"ezer USD (konstans 2021, PPP)",2004,value
Szlovénia,2012,37.043064687237695,2053274,34.306738849644304,48.495889687081,14.189150837436692,Szlovénia (+14k USD PPP),"ezer USD (konstans 2021, PPP)",2004,value
Szlovénia,2013,36.6880834957932,2056403,34.306738849644304,48.495889687081,14.189150837436692,Szlovénia (+14k USD PPP),"ezer USD (konstans 2021, PPP)",2004,value
Szlovénia,2014,37.6646519433353,2058351,34.306738849644304,48.495889687081,14.189150837436692,Szlovénia (+14k USD PPP),"ezer USD (konstans 2021, PPP)",2004,value
Szlovénia,2015,38.5370951946684,2059899,34.306738849644304,48.495889687081,14.189150837436692,Szlovénia (+14k USD PPP),"ezer USD (konstans 2021, PPP)",2004,value
Szlovénia,2016,39.677417147328804,2061329,34.306738849644304,48.495889687081,14.189150837436692,Szlovénia (+14k USD PPP),"ezer USD (konstans 2021, PPP)",2004,value
Szlovénia,2017,41.703303948468,2062366,34.306738849644304,48.495889687081,14.189150837436692,Szlovénia (+14k USD PPP),"ezer USD (konstans 2021, PPP)",2004,value
Szlovénia,2018,43.3719809596182,2069431,34.306738849644304,48.495889687081,14.189150837436692,Szlovénia (+14k USD PPP),"ezer USD (konstans 2021, PPP)",2004,value
Szlovénia,2019,44.580777765879404,2083395,34.306738849644304,48.495889687081,14.189150837436692,Szlovénia (+14k USD PPP),"ezer USD (konstans 2021, PPP)",2004,value
Szlovénia,2020,42.4742247069866,2102370,34.306738849644304,48.495889687081,14.189150837436692,Szlovénia (+14k USD PPP),"ezer USD (konstans 2021, PPP)",2004,value
Szlovénia,2021,45.914057239240606,2113450,34.306738849644304,48.495889687081,14.189150837436692,Szlovénia (+14k USD PPP),"ezer USD (konstans 2021, PPP)",2004,value
Szlovénia,2022,47.0641517944283,2115184,34.306738849644304,48.495889687081,14.189150837436692,Szlovénia (+14k USD PPP),"ezer USD (konstans 2021, PPP)",2004,value
Szlovénia,2023,47.8683860088974,2118353,34.306738849644304,48.495889687081,14.189150837436692,Szlovénia (+14k USD PPP),"ezer USD (konstans 2021, PPP)",2004,value
Szlovénia,2024,48.495889687081,2126324,34.306738849644304,48.495889687081,14.189150837436692,Szlovénia (+14k USD PPP),"ezer USD (konstans 2021, PPP)",2004,value
Magyarország,2004,26.568118861864,10085736,26.568118861864,40.7021535135968,14.134034651732797,Magyarország (+14k USD PPP),"ezer USD (konstans 2021, PPP)",2004,value
Magyarország,2005,27.7657886146197,10065654,26.568118861864,40.7021535135968,14.134034651732797,Magyarország (+14k USD PPP),"ezer USD (konstans 2021, PPP)",2004,value
Magyarország,2006,28.9030475407078,10049900,26.568118861864,40.7021535135968,14.134034651732797,Magyarország (+14k USD PPP),"ezer USD (konstans 2021, PPP)",2004,value
Magyarország,2007,29.0440669021254,10034027,26.568118861864,40.7021535135968,14.134034651732797,Magyarország (+14k USD PPP),"ezer USD (konstans 2021, PPP)",2004,value
Magyarország,2008,29.3840070385818,10016610,26.568118861864,40.7021535135968,14.134034651732797,Magyarország (+14k USD PPP),"ezer USD (konstans 2021, PPP)",2004,value
Magyarország,2009,27.445959458479,10001329,26.568118861864,40.7021535135968,14.134034651732797,Magyarország (+14k USD PPP),"ezer USD (konstans 2021, PPP)",2004,value
Magyarország,2010,27.801833816111,9979076,26.568118861864,40.7021535135968,14.134034651732797,Magyarország (+14k USD PPP),"ezer USD (konstans 2021, PPP)",2004,value
Magyarország,2011,28.4151173442897,9946626,26.568118861864,40.7021535135968,14.134034651732797,Magyarország (+14k USD PPP),"ezer USD (konstans 2021, PPP)",2004,value
Magyarország,2012,28.179656464434,9916568,26.568118861864,40.7021535135968,14.134034651732797,Magyarország (+14k USD PPP),"ezer USD (konstans 2021, PPP)",2004,value
Magyarország,2013,28.8910217544976,9889294,26.568118861864,40.7021535135968,14.134034651732797,Magyarország (+14k USD PPP),"ezer USD (konstans 2021, PPP)",2004,value
Magyarország,2014,30.2649492302161,9862785,26.568118861864,40.7021535135968,14.134034651732797,Magyarország (+14k USD PPP),"ezer USD (konstans 2021, PPP)",2004,value
Magyarország,2015,31.4855675425634,9839162,26.568118861864,40.7021535135968,14.134034651732797,Magyarország (+14k USD PPP),"ezer USD (konstans 2021, PPP)",2004,value
Magyarország,2016,32.378967498307496,9810479,26.568118861864,40.7021535135968,14.134034651732797,Magyarország (+14k USD PPP),"ezer USD (konstans 2021, PPP)",2004,value
Magyarország,2017,33.828714942571004,9785561,26.568118861864,40.7021535135968,14.134034651732797,Magyarország (+14k USD PPP),"ezer USD (konstans 2021, PPP)",2004,value
Magyarország,2018,35.798041275402205,9774342,26.568118861864,40.7021535135968,14.134034651732797,Magyarország (+14k USD PPP),"ezer USD (konstans 2021, PPP)",2004,value
Magyarország,2019,37.66267681014,9770300,26.568118861864,40.7021535135968,14.134034651732797,Magyarország (+14k USD PPP),"ezer USD (konstans 2021, PPP)",2004,value
Magyarország,2020,36.1195211735652,9749421,26.568118861864,40.7021535135968,14.134034651732797,Magyarország (+14k USD PPP),"ezer USD (konstans 2021, PPP)",2004,value
Magyarország,2021,38.8871909527154,9707794,26.568118861864,40.7021535135968,14.134034651732797,Magyarország (+14k USD PPP),"ezer USD (konstans 2021, PPP)",2004,value
Magyarország,2022,40.6569686775714,9684259,26.568118861864,40.7021535135968,14.134034651732797,Magyarország (+14k USD PPP),"ezer USD (konstans 2021, PPP)",2004,value
Magyarország,2023,40.3685881912861,9686418,26.568118861864,40.7021535135968,14.134034651732797,Magyarország (+14k USD PPP),"ezer USD (konstans 2021, PPP)",2004,value
Magyarország,2024,40.7021535135968,9562314,26.568118861864,40.7021535135968,14.134034651732797,Magyarország (+14k USD PPP),"ezer USD (konstans 2021, PPP)",2004,value
Észtország,2004,27.6653068254089,1362623,27.6653068254089,41.5461201868122,13.880813361403302,Észtország (+14k USD PPP),"ezer USD (konstans 2021, PPP)",2004,value
Észtország,2005,30.4737787570071,1354799,27.6653068254089,41.5461201868122,13.880813361403302,Észtország (+14k USD PPP),"ezer USD (konstans 2021, PPP)",2004,value
Észtország,2006,33.646618508555406,1346833,27.6653068254089,41.5461201868122,13.880813361403302,Észtország (+14k USD PPP),"ezer USD (konstans 2021, PPP)",2004,value
Észtország,2007,36.3594666305513,1340672,27.6653068254089,41.5461201868122,13.880813361403302,Észtország (+14k USD PPP),"ezer USD (konstans 2021, PPP)",2004,value
Észtország,2008,34.5885500287282,1337032,27.6653068254089,41.5461201868122,13.880813361403302,Észtország (+14k USD PPP),"ezer USD (konstans 2021, PPP)",2004,value
Észtország,2009,29.585143965223402,1334487,27.6653068254089,41.5461201868122,13.880813361403302,Észtország (+14k USD PPP),"ezer USD (konstans 2021, PPP)",2004,value
Észtország,2010,30.3791091281954,1331406,27.6653068254089,41.5461201868122,13.880813361403302,Észtország (+14k USD PPP),"ezer USD (konstans 2021, PPP)",2004,value
Észtország,2011,32.7894323795893,1327315,27.6653068254089,41.5461201868122,13.880813361403302,Észtország (+14k USD PPP),"ezer USD (konstans 2021, PPP)",2004,value
Észtország,2012,34.115362219270295,1322570,27.6653068254089,41.5461201868122,13.880813361403302,Észtország (+14k USD PPP),"ezer USD (konstans 2021, PPP)",2004,value
Észtország,2013,34.838362950051504,1317872,27.6653068254089,41.5461201868122,13.880813361403302,Észtország (+14k USD PPP),"ezer USD (konstans 2021, PPP)",2004,value
Észtország,2014,36.0904940948192,1314402,27.6653068254089,41.5461201868122,13.880813361403302,Észtország (+14k USD PPP),"ezer USD (konstans 2021, PPP)",2004,value
Észtország,2015,36.7298072496625,1314538,27.6653068254089,41.5461201868122,13.880813361403302,Észtország (+14k USD PPP),"ezer USD (konstans 2021, PPP)",2004,value
Észtország,2016,37.8548452505513,1315802,27.6653068254089,41.5461201868122,13.880813361403302,Észtország (+14k USD PPP),"ezer USD (konstans 2021, PPP)",2004,value
Észtország,2017,39.939457564761305,1317381,27.6653068254089,41.5461201868122,13.880813361403302,Észtország (+14k USD PPP),"ezer USD (konstans 2021, PPP)",2004,value
Észtország,2018,41.273199550525405,1321918,27.6653068254089,41.5461201868122,13.880813361403302,Észtország (+14k USD PPP),"ezer USD (konstans 2021, PPP)",2004,value
Észtország,2019,42.652534863145796,1326772,27.6653068254089,41.5461201868122,13.880813361403302,Észtország (+14k USD PPP),"ezer USD (konstans 2021, PPP)",2004,value
Észtország,2020,41.3407646508087,1329618,27.6653068254089,41.5461201868122,13.880813361403302,Észtország (+14k USD PPP),"ezer USD (konstans 2021, PPP)",2004,value
Észtország,2021,44.2515374983455,1331699,27.6653068254089,41.5461201868122,13.880813361403302,Észtország (+14k USD PPP),"ezer USD (konstans 2021, PPP)",2004,value
Észtország,2022,43.690414233134604,1350038,27.6653068254089,41.5461201868122,13.880813361403302,Észtország (+14k USD PPP),"ezer USD (konstans 2021, PPP)",2004,value
Észtország,2023,41.7065196127617,1367143,27.6653068254089,41.5461201868122,13.880813361403302,Észtország (+14k USD PPP),"ezer USD (konstans 2021, PPP)",2004,value
Észtország,2024,41.5461201868122,1371986,27.6653068254089,41.5461201868122,13.880813361403302,Észtország (+14k USD PPP),"ezer USD (konstans 2021, PPP)",2004,value
Lengyelország,2004,100,38167521,100,216.07043403477977,116.07043403477977,Lengyelország (+116%),2004-hez (=100) képest,2004,rel_val
Lengyelország,2005,103.30621477152093,38124333,100,216.07043403477977,116.07043403477977,Lengyelország (+116%),2004-hez (=100) képest,2004,rel_val
Lengyelország,2006,109.78292489341881,38071124,100,216.07043403477977,116.07043403477977,Lengyelország (+116%),2004-hez (=100) képest,2004,rel_val
Lengyelország,2007,117.26840762693038,38020368,100,216.07043403477977,116.07043403477977,Lengyelország (+116%),2004-hez (=100) képest,2004,rel_val
Lengyelország,2008,122.39249344512722,37995854,100,216.07043403477977,116.07043403477977,Lengyelország (+116%),2004-hez (=100) képest,2004,rel_val
Lengyelország,2009,125.50813735048378,38002108,100,216.07043403477977,116.07043403477977,Lengyelország (+116%),2004-hez (=100) képest,2004,rel_val
Lengyelország,2010,129.855749945041,38095304,100,216.07043403477977,116.07043403477977,Lengyelország (+116%),2004-hez (=100) képest,2004,rel_val
Lengyelország,2011,136.60679744478094,38208597,100,216.07043403477977,116.07043403477977,Lengyelország (+116%),2004-hez (=100) képest,2004,rel_val
Lengyelország,2012,138.67232550918789,38247820,100,216.07043403477977,116.07043403477977,Lengyelország (+116%),2004-hez (=100) képest,2004,rel_val
Lengyelország,2013,139.70547867785726,38259214,100,216.07043403477977,116.07043403477977,Lengyelország (+116%),2004-hez (=100) képest,2004,rel_val
Lengyelország,2014,145.2913484276184,38265064,100,216.07043403477977,116.07043403477977,Lengyelország (+116%),2004-hez (=100) képest,2004,rel_val
Lengyelország,2015,151.83147092180033,38266267,100,216.07043403477977,116.07043403477977,Lengyelország (+116%),2004-hez (=100) képest,2004,rel_val
Lengyelország,2016,156.5010102810927,38263203,100,216.07043403477977,116.07043403477977,Lengyelország (+116%),2004-hez (=100) képest,2004,rel_val
Lengyelország,2017,164.54412213782717,38254908,100,216.07043403477977,116.07043403477977,Lengyelország (+116%),2004-hez (=100) képest,2004,rel_val
Lengyelország,2018,174.82166500631254,38241017,100,216.07043403477977,116.07043403477977,Lengyelország (+116%),2004-hez (=100) képest,2004,rel_val
Lengyelország,2019,182.87396361200143,38225836,100,216.07043403477977,116.07043403477977,Lengyelország (+116%),2004-hez (=100) képest,2004,rel_val
Lengyelország,2020,181.2990493755452,38170958,100,216.07043403477977,116.07043403477977,Lengyelország (+116%),2004-hez (=100) képest,2004,rel_val
Lengyelország,2021,196.65819357502116,38040252,100,216.07043403477977,116.07043403477977,Lengyelország (+116%),2004-hez (=100) képest,2004,rel_val
Lengyelország,2022,207.89185231843987,38385689,100,216.07043403477977,116.07043403477977,Lengyelország (+116%),2004-hez (=100) képest,2004,rel_val
Lengyelország,2023,209.1742396568924,38762796,100,216.07043403477977,116.07043403477977,Lengyelország (+116%),2004-hez (=100) képest,2004,rel_val
Lengyelország,2024,216.07043403477977,36554707,100,216.07043403477977,116.07043403477977,Lengyelország (+116%),2004-hez (=100) képest,2004,rel_val
Litvánia,2004,100,3376654,100,215.70581782789486,115.70581782789486,Litvánia (+116%),2004-hez (=100) képest,2004,rel_val
Litvánia,2005,109.50010821862908,3322225,100,215.70581782789486,115.70581782789486,Litvánia (+116%),2004-hez (=100) képest,2004,rel_val
Litvánia,2006,119.49054437603792,3269761,100,215.70581782789486,115.70581782789486,Litvánia (+116%),2004-hez (=100) képest,2004,rel_val
Litvánia,2007,134.31375881294102,3231322,100,215.70581782789486,115.70581782789486,Litvánia (+116%),2004-hez (=100) képest,2004,rel_val
Litvánia,2008,139.229809966134,3198432,100,215.70581782789486,115.70581782789486,Litvánia (+116%),2004-hez (=100) képest,2004,rel_val
Litvánia,2009,119.89391254941093,3163204,100,215.70581782789486,115.70581782789486,Litvánia (+116%),2004-hez (=100) képest,2004,rel_val
Litvánia,2010,122.95760491568505,3097660,100,215.70581782789486,115.70581782789486,Litvánia (+116%),2004-hez (=100) képest,2004,rel_val
Litvánia,2011,133.71914827138858,3028588,100,215.70581782789486,115.70581782789486,Litvánia (+116%),2004-hez (=100) képest,2004,rel_val
Litvánia,2012,141.3999441681361,2988281,100,215.70581782789486,115.70581782789486,Litvánia (+116%),2004-hez (=100) képest,2004,rel_val
Litvánia,2013,148.50787215122355,2958306,100,215.70581782789486,115.70581782789486,Litvánia (+116%),2004-hez (=100) képest,2004,rel_val
Litvánia,2014,155.36945987770278,2933118,100,215.70581782789486,115.70581782789486,Litvánia (+116%),2004-hez (=100) képest,2004,rel_val
Litvánia,2015,161.2056405035583,2905726,100,215.70581782789486,115.70581782789486,Litvánia (+116%),2004-hez (=100) képest,2004,rel_val
Litvánia,2016,167.4562933712731,2869051,100,215.70581782789486,115.70581782789486,Litvánia (+116%),2004-hez (=100) képest,2004,rel_val
Litvánia,2017,177.31733577477044,2829273,100,215.70581782789486,115.70581782789486,Litvánia (+116%),2004-hez (=100) képest,2004,rel_val
Litvánia,2018,187.58518953158935,2802430,100,215.70581782789486,115.70581782789486,Litvánia (+116%),2004-hez (=100) képest,2004,rel_val
Litvánia,2019,196.92577558127883,2795011,100,215.70581782789486,115.70581782789486,Litvánia (+116%),2004-hez (=100) képest,2004,rel_val
Litvánia,2020,197.0605638198543,2795711,100,215.70581782789486,115.70581782789486,Litvánia (+116%),2004-hez (=100) képest,2004,rel_val
Litvánia,2021,209.78152943471133,2794443,100,215.70581782789486,115.70581782789486,Litvánia (+116%),2004-hez (=100) képest,2004,rel_val
Litvánia,2022,213.33792528496326,2816872,100,215.70581782789486,115.70581782789486,Litvánia (+116%),2004-hez (=100) képest,2004,rel_val
Litvánia,2023,211.0902462432019,2854061,100,215.70581782789486,115.70581782789486,Litvánia (+116%),2004-hez (=100) képest,2004,rel_val
Litvánia,2024,215.70581782789486,2888055,100,215.70581782789486,115.70581782789486,Litvánia (+116%),2004-hez (=100) képest,2004,rel_val
Bulgária,2004,100,7749383,100,208.045106367074,108.045106367074,Bulgária (+108%),2004-hez (=100) képest,2004,rel_val
Bulgária,2005,107.86550192097607,7695001,100,208.045106367074,108.045106367074,Bulgária (+108%),2004-hez (=100) képest,2004,rel_val
Bulgária,2006,116.08145457554342,7640243,100,208.045106367074,108.045106367074,Bulgária (+108%),2004-hez (=100) képest,2004,rel_val
Bulgária,2007,124.71964281625723,7586847,100,208.045106367074,108.045106367074,Bulgária (+108%),2004-hez (=100) képest,2004,rel_val
Bulgária,2008,133.29677094300297,7535541,100,208.045106367074,108.045106367074,Bulgária (+108%),2004-hez (=100) képest,2004,rel_val
Bulgária,2009,129.66788008994575,7487966,100,208.045106367074,108.045106367074,Bulgária (+108%),2004-hez (=100) képest,2004,rel_val
Bulgária,2010,132.5543892785524,7437542,100,208.045106367074,108.045106367074,Bulgária (+108%),2004-hez (=100) képest,2004,rel_val
Bulgária,2011,136.1955394988755,7379973,100,208.045106367074,108.045106367074,Bulgária (+108%),2004-hez (=100) képest,2004,rel_val
Bulgária,2012,138.01247801391148,7316974,100,208.045106367074,108.045106367074,Bulgária (+108%),2004-hez (=100) képest,2004,rel_val
Bulgária,2013,140.06011482381615,7264556,100,208.045106367074,108.045106367074,Bulgária (+108%),2004-hez (=100) képest,2004,rel_val
Bulgária,2014,143.11757798652008,7223406,100,208.045106367074,108.045106367074,Bulgária (+108%),2004-hez (=100) képest,2004,rel_val
Bulgária,2015,149.87313659664272,7177463,100,208.045106367074,108.045106367074,Bulgária (+108%),2004-hez (=100) képest,2004,rel_val
Bulgária,2016,156.4269122509602,7127389,100,208.045106367074,108.045106367074,Bulgária (+108%),2004-hez (=100) képest,2004,rel_val
Bulgária,2017,162.86425395531867,7075586,100,208.045106367074,108.045106367074,Bulgária (+108%),2004-hez (=100) képest,2004,rel_val
Bulgária,2018,169.32276448275803,7024687,100,208.045106367074,108.045106367074,Bulgária (+108%),2004-hez (=100) képest,2004,rel_val
Bulgária,2019,178.23667324137804,6975420,100,208.045106367074,108.045106367074,Bulgária (+108%),2004-hez (=100) képest,2004,rel_val
Bulgária,2020,174.24387397343665,6933606,100,208.045106367074,108.045106367074,Bulgária (+108%),2004-hez (=100) képest,2004,rel_val
Bulgária,2021,189.05350109047475,6877173,100,208.045106367074,108.045106367074,Bulgária (+108%),2004-hez (=100) képest,2004,rel_val
Bulgária,2022,197.97293232657722,6825817,100,208.045106367074,108.045106367074,Bulgária (+108%),2004-hez (=100) képest,2004,rel_val
Bulgária,2023,202.2871949977566,6795757,100,208.045106367074,108.045106367074,Bulgária (+108%),2004-hez (=100) képest,2004,rel_val
Bulgária,2024,208.045106367074,6444366,100,208.045106367074,108.045106367074,Bulgária (+108%),2004-hez (=100) képest,2004,rel_val
Románia,2004,100,21403163,100,207.92433978572024,107.92433978572024,Románia (+108%),2004-hez (=100) képest,2004,rel_val
Románia,2005,105.31650611223805,21213352,100,207.92433978572024,107.92433978572024,Románia (+108%),2004-hez (=100) képest,2004,rel_val
Románia,2006,114.44815897685483,21035673,100,207.92433978572024,107.92433978572024,Románia (+108%),2004-hez (=100) képest,2004,rel_val
Románia,2007,124.55352882850713,20870655,100,207.92433978572024,107.92433978572024,Románia (+108%),2004-hez (=100) képest,2004,rel_val
Románia,2008,138.43403427534292,20718693,100,207.92433978572024,107.92433978572024,Románia (+108%),2004-hez (=100) képest,2004,rel_val
Románia,2009,131.89124230337572,20576869,100,207.92433978572024,107.92433978572024,Románia (+108%),2004-hez (=100) képest,2004,rel_val
Románia,2010,127.49484173533801,20432524,100,207.92433978572024,107.92433978572024,Románia (+108%),2004-hez (=100) képest,2004,rel_val
Románia,2011,133.8833962492361,20281955,100,207.92433978572024,107.92433978572024,Románia (+108%),2004-hez (=100) képest,2004,rel_val
Románia,2012,137.04074249966925,20158399,100,207.92433978572024,107.92433978572024,Románia (+108%),2004-hez (=100) képest,2004,rel_val
Románia,2013,137.9340045742142,20062861,100,207.92433978572024,107.92433978572024,Románia (+108%),2004-hez (=100) képest,2004,rel_val
Románia,2014,144.15031145431547,19968125,100,207.92433978572024,107.92433978572024,Románia (+108%),2004-hez (=100) képest,2004,rel_val
Románia,2015,149.4018073567164,19870968,100,207.92433978572024,107.92433978572024,Románia (+108%),2004-hez (=100) képest,2004,rel_val
Románia,2016,154.5587026906513,19777001,100,207.92433978572024,107.92433978572024,Románia (+108%),2004-hez (=100) képest,2004,rel_val
Románia,2017,168.19490168536927,19689357,100,207.92433978572024,107.92433978572024,Románia (+108%),2004-hez (=100) képest,2004,rel_val
Románia,2018,179.5416969793033,19597823,100,207.92433978572024,107.92433978572024,Románia (+108%),2004-hez (=100) képest,2004,rel_val
Románia,2019,187.5711457670663,19501499,100,207.92433978572024,107.92433978572024,Románia (+108%),2004-hez (=100) képest,2004,rel_val
Románia,2020,181.67691399744362,19392420,100,207.92433978572024,107.92433978572024,Románia (+108%),2004-hez (=100) képest,2004,rel_val
Románia,2021,193.18807885127686,19248115,100,207.92433978572024,107.92433978572024,Románia (+108%),2004-hez (=100) képest,2004,rel_val
Románia,2022,201.62417009330176,19166726,100,207.92433978572024,107.92433978572024,Románia (+108%),2004-hez (=100) képest,2004,rel_val
Románia,2023,206.35284902777036,19118433,100,207.92433978572024,107.92433978572024,Románia (+108%),2004-hez (=100) képest,2004,rel_val
Románia,2024,207.92433978572024,19069340,100,207.92433978572024,107.92433978572024,Románia (+108%),2004-hez (=100) képest,2004,rel_val
Lettország,2004,100,2264130,100,189.24769949400755,89.24769949400755,Lettország (+89%),2004-hez (=100) képest,2004,rel_val
Lettország,2005,112.82794095241769,2239738,100,189.24769949400755,89.24769949400755,Lettország (+89%),2004-hez (=100) képest,2004,rel_val
Lettország,2006,128.47118775019734,2218989,100,189.24769949400755,89.24769949400755,Lettország (+89%),2004-hez (=100) képest,2004,rel_val
Lettország,2007,143.01335705224636,2200711,100,189.24769949400755,89.24769949400755,Lettország (+89%),2004-hez (=100) képest,2004,rel_val
Lettország,2008,139.62674854859867,2177658,100,189.24769949400755,89.24769949400755,Lettország (+89%),2004-hez (=100) képest,2004,rel_val
Lettország,2009,119.18216327763652,2141988,100,189.24769949400755,89.24769949400755,Lettország (+89%),2004-hez (=100) képest,2004,rel_val
Lettország,2010,117.23336353451742,2097787,100,189.24769949400755,89.24769949400755,Lettország (+89%),2004-hez (=100) képest,2004,rel_val
Lettország,2011,123.01247596567087,2059892,100,189.24769949400755,89.24769949400755,Lettország (+89%),2004-hez (=100) képest,2004,rel_val
Lettország,2012,133.64628894127566,2034577,100,189.24769949400755,89.24769949400755,Lettország (+89%),2004-hez (=100) képest,2004,rel_val
Lettország,2013,137.9168915584482,2012960,100,189.24769949400755,89.24769949400755,Lettország (+89%),2004-hez (=100) képest,2004,rel_val
Lettország,2014,142.13849149794788,1994096,100,189.24769949400755,89.24769949400755,Lettország (+89%),2004-hez (=100) képest,2004,rel_val
Lettország,2015,148.72867460999666,1977815,100,189.24769949400755,89.24769949400755,Lettország (+89%),2004-hez (=100) képest,2004,rel_val
Lettország,2016,153.92404444502807,1959817,100,189.24769949400755,89.24769949400755,Lettország (+89%),2004-hez (=100) képest,2004,rel_val
Lettország,2017,160.57257604525154,1942550,100,189.24769949400755,89.24769949400755,Lettország (+89%),2004-hez (=100) képest,2004,rel_val
Lettország,2018,168.8028907804854,1927526,100,189.24769949400755,89.24769949400755,Lettország (+89%),2004-hez (=100) képest,2004,rel_val
Lettország,2019,171.12856606872748,1914220,100,189.24769949400755,89.24769949400755,Lettország (+89%),2004-hez (=100) képest,2004,rel_val
Lettország,2020,166.35414101161678,1901069,100,189.24769949400755,89.24769949400755,Lettország (+89%),2004-hez (=100) képest,2004,rel_val
Lettország,2021,179.40993970750924,1885546,100,189.24769949400755,89.24769949400755,Lettország (+89%),2004-hez (=100) képest,2004,rel_val
Lettország,2022,183.1478018904476,1881016,100,189.24769949400755,89.24769949400755,Lettország (+89%),2004-hez (=100) képest,2004,rel_val
Lettország,2023,188.56969050381363,1882336,100,189.24769949400755,89.24769949400755,Lettország (+89%),2004-hez (=100) képest,2004,rel_val
Lettország,2024,189.24769949400755,1862441,100,189.24769949400755,89.24769949400755,Lettország (+89%),2004-hez (=100) képest,2004,rel_val
Szlovákia,2004,99.99999999999999,5375995,99.99999999999999,184.71242243218967,84.71242243218968,Szlovákia (+85%),2004-hez (=100) képest,2004,rel_val
Szlovákia,2005,106.47448748514554,5376650,99.99999999999999,184.71242243218967,84.71242243218968,Szlovákia (+85%),2004-hez (=100) képest,2004,rel_val
Szlovákia,2006,115.97273549669963,5376793,99.99999999999999,184.71242243218967,84.71242243218968,Szlovákia (+85%),2004-hez (=100) képest,2004,rel_val
Szlovákia,2007,128.4819016451939,5376949,99.99999999999999,184.71242243218967,84.71242243218968,Szlovákia (+85%),2004-hez (=100) képest,2004,rel_val
Szlovákia,2008,135.2568310314523,5379075,99.99999999999999,184.71242243218967,84.71242243218968,Szlovákia (+85%),2004-hez (=100) képest,2004,rel_val
Szlovákia,2009,127.64028203773474,5385027,99.99999999999999,184.71242243218967,84.71242243218968,Szlovákia (+85%),2004-hez (=100) képest,2004,rel_val
Szlovákia,2010,136.1808317298338,5391807,99.99999999999999,184.71242243218967,84.71242243218968,Szlovákia (+85%),2004-hez (=100) képest,2004,rel_val
Szlovákia,2011,139.49039306534763,5398048,99.99999999999999,184.71242243218967,84.71242243218968,Szlovákia (+85%),2004-hez (=100) képest,2004,rel_val
Szlovákia,2012,141.4383257940376,5404834,99.99999999999999,184.71242243218967,84.71242243218968,Szlovákia (+85%),2004-hez (=100) képest,2004,rel_val
Szlovákia,2013,142.28012127866836,5410370,99.99999999999999,184.71242243218967,84.71242243218968,Szlovákia (+85%),2004-hez (=100) képest,2004,rel_val
Szlovákia,2014,145.99125138411347,5415184,99.99999999999999,184.71242243218967,84.71242243218968,Szlovákia (+85%),2004-hez (=100) képest,2004,rel_val
Szlovákia,2015,153.40318766706042,5420221,99.99999999999999,184.71242243218967,84.71242243218968,Szlovákia (+85%),2004-hez (=100) képest,2004,rel_val
Szlovákia,2016,156.18970993580993,5427217,99.99999999999999,184.71242243218967,84.71242243218968,Szlovákia (+85%),2004-hez (=100) képest,2004,rel_val
Szlovákia,2017,160.4305996428631,5435643,99.99999999999999,184.71242243218967,84.71242243218968,Szlovákia (+85%),2004-hez (=100) képest,2004,rel_val
Szlovákia,2018,166.7164070070341,5443188,99.99999999999999,184.71242243218967,84.71242243218968,Szlovákia (+85%),2004-hez (=100) képest,2004,rel_val
Szlovákia,2019,170.28011142756125,5450575,99.99999999999999,184.71242243218967,84.71242243218968,Szlovákia (+85%),2004-hez (=100) képest,2004,rel_val
Szlovákia,2020,165.73528673780103,5454981,99.99999999999999,184.71242243218967,84.71242243218968,Szlovákia (+85%),2004-hez (=100) képest,2004,rel_val
Szlovákia,2021,175.5539316054752,5442712,99.99999999999999,184.71242243218967,84.71242243218968,Szlovákia (+85%),2004-hez (=100) képest,2004,rel_val
Szlovákia,2022,176.8247212678529,5473145,99.99999999999999,184.71242243218967,84.71242243218968,Szlovákia (+85%),2004-hez (=100) képest,2004,rel_val
Szlovákia,2023,180.82539656750103,5518008,99.99999999999999,184.71242243218967,84.71242243218968,Szlovákia (+85%),2004-hez (=100) képest,2004,rel_val
Szlovákia,2024,184.71242243218967,5422069,99.99999999999999,184.71242243218967,84.71242243218968,Szlovákia (+85%),2004-hez (=100) képest,2004,rel_val
Horvátország,2004,100,4310013,100,160.69555203165612,60.69555203165612,Horvátország (+61%),2004-hez (=100) képest,2004,rel_val
Horvátország,2005,104.19285977544958,4313901,100,160.69555203165612,60.69555203165612,Horvátország (+61%),2004-hez (=100) képest,2004,rel_val
Horvátország,2006,109.4616325954181,4315751,100,160.69555203165612,60.69555203165612,Horvátország (+61%),2004-hez (=100) képest,2004,rel_val
Horvátország,2007,115.01335659952295,4315907,100,160.69555203165612,60.69555203165612,Horvátország (+61%),2004-hez (=100) képest,2004,rel_val
Horvátország,2008,117.29143090147808,4314591,100,160.69555203165612,60.69555203165612,Horvátország (+61%),2004-hez (=100) képest,2004,rel_val
Horvátország,2009,109.41409878527486,4310491,100,160.69555203165612,60.69555203165612,Horvátország (+61%),2004-hez (=100) képest,2004,rel_val
Horvátország,2010,108.19956702001201,4301108,100,160.69555203165612,60.69555203165612,Horvátország (+61%),2004-hez (=100) képest,2004,rel_val
Horvátország,2011,108.46765461838596,4280782,100,160.69555203165612,60.69555203165612,Horvátország (+61%),2004-hez (=100) képest,2004,rel_val
Horvátország,2012,106.52710855811581,4259181,100,160.69555203165612,60.69555203165612,Horvátország (+61%),2004-hez (=100) képest,2004,rel_val
Horvátország,2013,107.05802730084082,4242353,100,160.69555203165612,60.69555203165612,Horvátország (+61%),2004-hez (=100) képest,2004,rel_val
Horvátország,2014,107.28059005902743,4219439,100,160.69555203165612,60.69555203165612,Horvátország (+61%),2004-hez (=100) képest,2004,rel_val
Horvátország,2015,111.0915637779359,4183681,100,160.69555203165612,60.69555203165612,Horvátország (+61%),2004-hez (=100) képest,2004,rel_val
Horvátország,2016,116.19200235730148,4136388,100,160.69555203165612,60.69555203165612,Horvátország (+61%),2004-hez (=100) képest,2004,rel_val
Horvátország,2017,121.94796105477074,4079152,100,160.69555203165612,60.69555203165612,Horvátország (+61%),2004-hez (=100) képest,2004,rel_val
Horvátország,2018,127.14600716698065,4024820,100,160.69555203165612,60.69555203165612,Horvátország (+61%),2004-hez (=100) képest,2004,rel_val
Horvátország,2019,132.39535801557437,3986292,100,160.69555203165612,60.69555203165612,Horvátország (+61%),2004-hez (=100) képest,2004,rel_val
Horvátország,2020,122.48228918541679,3953898,100,160.69555203165612,60.69555203165612,Horvátország (+61%),2004-hez (=100) képest,2004,rel_val
Horvátország,2021,139.2066431977082,3924558,100,160.69555203165612,60.69555203165612,Horvátország (+61%),2004-hez (=100) képest,2004,rel_val
Horvátország,2022,150.25603204434034,3906988,100,160.69555203165612,60.69555203165612,Horvátország (+61%),2004-hez (=100) képest,2004,rel_val
Horvátország,2023,155.05563418178966,3895973,100,160.69555203165612,60.69555203165612,Horvátország (+61%),2004-hez (=100) képest,2004,rel_val
Horvátország,2024,160.69555203165612,3866300,100,160.69555203165612,60.69555203165612,Horvátország (+61%),2004-hez (=100) képest,2004,rel_val
Magyarország,2004,100,10085736,100,153.19922996889653,53.19922996889653,Magyarország (+53%),2004-hez (=100) képest,2004,rel_val
Magyarország,2005,104.50792078649889,10065654,100,153.19922996889653,53.19922996889653,Magyarország (+53%),2004-hez (=100) képest,2004,rel_val
Magyarország,2006,108.78846067718919,10049900,100,153.19922996889653,53.19922996889653,Magyarország (+53%),2004-hez (=100) képest,2004,rel_val
Magyarország,2007,109.31924481795129,10034027,100,153.19922996889653,53.19922996889653,Magyarország (+53%),2004-hez (=100) képest,2004,rel_val
Magyarország,2008,110.59874879120531,10016610,100,153.19922996889653,53.19922996889653,Magyarország (+53%),2004-hez (=100) képest,2004,rel_val
Magyarország,2009,103.3041127269084,10001329,100,153.19922996889653,53.19922996889653,Magyarország (+53%),2004-hez (=100) képest,2004,rel_val
Magyarország,2010,104.64359166963033,9979076,100,153.19922996889653,53.19922996889653,Magyarország (+53%),2004-hez (=100) képest,2004,rel_val
Magyarország,2011,106.95193548338453,9946626,100,153.19922996889653,53.19922996889653,Magyarország (+53%),2004-hez (=100) képest,2004,rel_val
Magyarország,2012,106.06568199633888,9916568,100,153.19922996889653,53.19922996889653,Magyarország (+53%),2004-hez (=100) képest,2004,rel_val
Magyarország,2013,108.74319670395599,9889294,100,153.19922996889653,53.19922996889653,Magyarország (+53%),2004-hez (=100) képest,2004,rel_val
Magyarország,2014,113.9145356416579,9862785,100,153.19922996889653,53.19922996889653,Magyarország (+53%),2004-hez (=100) képest,2004,rel_val
Magyarország,2015,118.5088327339499,9839162,100,153.19922996889653,53.19922996889653,Magyarország (+53%),2004-hez (=100) képest,2004,rel_val
Magyarország,2016,121.87150948343736,9810479,100,153.19922996889653,53.19922996889653,Magyarország (+53%),2004-hez (=100) képest,2004,rel_val
Magyarország,2017,127.32822793535786,9785561,100,153.19922996889653,53.19922996889653,Magyarország (+53%),2004-hez (=100) képest,2004,rel_val
Magyarország,2018,134.7405944001059,9774342,100,153.19922996889653,53.19922996889653,Magyarország (+53%),2004-hez (=100) képest,2004,rel_val
Magyarország,2019,141.75891415557155,9770300,100,153.19922996889653,53.19922996889653,Magyarország (+53%),2004-hez (=100) képest,2004,rel_val
Magyarország,2020,135.95061570358797,9749421,100,153.19922996889653,53.19922996889653,Magyarország (+53%),2004-hez (=100) képest,2004,rel_val
Magyarország,2021,146.3678748010054,9707794,100,153.19922996889653,53.19922996889653,Magyarország (+53%),2004-hez (=100) képest,2004,rel_val
Magyarország,2022,153.02915832678917,9684259,100,153.19922996889653,53.19922996889653,Magyarország (+53%),2004-hez (=100) képest,2004,rel_val
Magyarország,2023,151.94372022037044,9686418,100,153.19922996889653,53.19922996889653,Magyarország (+53%),2004-hez (=100) képest,2004,rel_val
Magyarország,2024,153.19922996889653,9562314,100,153.19922996889653,53.19922996889653,Magyarország (+53%),2004-hez (=100) képest,2004,rel_val
Észtország,2004,100,1362623,100,150.17408065994996,50.174080659949965,Észtország (+50%),2004-hez (=100) képest,2004,rel_val
Észtország,2005,110.15160232749992,1354799,100,150.17408065994996,50.174080659949965,Észtország (+50%),2004-hez (=100) képest,2004,rel_val
Észtország,2006,121.62026150981644,1346833,100,150.17408065994996,50.174080659949965,Észtország (+50%),2004-hez (=100) képest,2004,rel_val
Észtország,2007,131.42621862106856,1340672,100,150.17408065994996,50.174080659949965,Észtország (+50%),2004-hez (=100) képest,2004,rel_val
Észtország,2008,125.02500061543043,1337032,100,150.17408065994996,50.174080659949965,Észtország (+50%),2004-hez (=100) képest,2004,rel_val
Észtország,2009,106.93951146802841,1334487,100,150.17408065994996,50.174080659949965,Észtország (+50%),2004-hez (=100) képest,2004,rel_val
Észtország,2010,109.80940612700539,1331406,100,150.17408065994996,50.174080659949965,Észtország (+50%),2004-hez (=100) képest,2004,rel_val
Észtország,2011,118.52184610320028,1327315,100,150.17408065994996,50.174080659949965,Észtország (+50%),2004-hez (=100) képest,2004,rel_val
Észtország,2012,123.31459916409607,1322570,100,150.17408065994996,50.174080659949965,Észtország (+50%),2004-hez (=100) képest,2004,rel_val
Észtország,2013,125.92798326767367,1317872,100,150.17408065994996,50.174080659949965,Észtország (+50%),2004-hez (=100) képest,2004,rel_val
Észtország,2014,130.4539809465344,1314402,100,150.17408065994996,50.174080659949965,Észtország (+50%),2004-hez (=100) képest,2004,rel_val
Észtország,2015,132.76486496773066,1314538,100,150.17408065994996,50.174080659949965,Észtország (+50%),2004-hez (=100) képest,2004,rel_val
Észtország,2016,136.83146725769882,1315802,100,150.17408065994996,50.174080659949965,Észtország (+50%),2004-hez (=100) képest,2004,rel_val
Észtország,2017,144.3665809196063,1317381,100,150.17408065994996,50.174080659949965,Észtország (+50%),2004-hez (=100) képest,2004,rel_val
Észtország,2018,149.18757204101738,1321918,100,150.17408065994996,50.174080659949965,Észtország (+50%),2004-hez (=100) képest,2004,rel_val
Észtország,2019,154.17336641996698,1326772,100,150.17408065994996,50.174080659949965,Észtország (+50%),2004-hez (=100) képest,2004,rel_val
Észtország,2020,149.43179525064843,1329618,100,150.17408065994996,50.174080659949965,Észtország (+50%),2004-hez (=100) képest,2004,rel_val
Észtország,2021,159.9531780999557,1331699,100,150.17408065994996,50.174080659949965,Észtország (+50%),2004-hez (=100) képest,2004,rel_val
Észtország,2022,157.92492202908667,1350038,100,150.17408065994996,50.174080659949965,Észtország (+50%),2004-hez (=100) képest,2004,rel_val
Észtország,2023,150.75386611818382,1367143,100,150.17408065994996,50.174080659949965,Észtország (+50%),2004-hez (=100) képest,2004,rel_val
Észtország,2024,150.17408065994996,1371986,100,150.17408065994996,50.174080659949965,Észtország (+50%),2004-hez (=100) képest,2004,rel_val
Csehország,2004,100,10261411,100,143.37355283986665,43.37355283986665,Csehország (+43%),2004-hez (=100) képest,2004,rel_val
Csehország,2005,106.22798628216138,10280103,100,143.37355283986665,43.37355283986665,Csehország (+43%),2004-hez (=100) képest,2004,rel_val
Csehország,2006,112.95735147485149,10304542,100,143.37355283986665,43.37355283986665,Csehország (+43%),2004-hez (=100) képest,2004,rel_val
Csehország,2007,118.46407511309361,10337488,100,143.37355283986665,43.37355283986665,Csehország (+43%),2004-hez (=100) képest,2004,rel_val
Csehország,2008,120.55462098764544,10378248,100,143.37355283986665,43.37355283986665,Csehország (+43%),2004-hez (=100) képest,2004,rel_val
Csehország,2009,114.11800000932469,10420931,100,143.37355283986665,43.37355283986665,Csehország (+43%),2004-hez (=100) képest,2004,rel_val
Csehország,2010,116.87489630562368,10463981,100,143.37355283986665,43.37355283986665,Csehország (+43%),2004-hez (=100) képest,2004,rel_val
Csehország,2011,118.7006997966092,10495455,100,143.37355283986665,43.37355283986665,Csehország (+43%),2004-hez (=100) képest,2004,rel_val
Csehország,2012,117.62121380639641,10507287,100,143.37355283986665,43.37355283986665,Csehország (+43%),2004-hez (=100) képest,2004,rel_val
Csehország,2013,117.533041422218,10511117,100,143.37355283986665,43.37355283986665,Csehország (+43%),2004-hez (=100) képest,2004,rel_val
Csehország,2014,120.04546009976018,10517176,100,143.37355283986665,43.37355283986665,Csehország (+43%),2004-hez (=100) képest,2004,rel_val
Csehország,2015,125.75076952463337,10524367,100,143.37355283986665,43.37355283986665,Csehország (+43%),2004-hez (=100) képest,2004,rel_val
Csehország,2016,128.74873609560277,10531895,100,143.37355283986665,43.37355283986665,Csehország (+43%),2004-hez (=100) képest,2004,rel_val
Csehország,2017,135.05040760938462,10541301,100,143.37355283986665,43.37355283986665,Csehország (+43%),2004-hez (=100) képest,2004,rel_val
Csehország,2018,138.4090946363431,10548878,100,143.37355283986665,43.37355283986665,Csehország (+43%),2004-hez (=100) képest,2004,rel_val
Csehország,2019,142.78108918446068,10554819,100,143.37355283986665,43.37355283986665,Csehország (+43%),2004-hez (=100) képest,2004,rel_val
Csehország,2020,134.87827055388328,10550083,100,143.37355283986665,43.37355283986665,Csehország (+43%),2004-hez (=100) képest,2004,rel_val
Csehország,2021,142.87799477625455,10530619,100,143.37355283986665,43.37355283986665,Csehország (+43%),2004-hez (=100) képest,2004,rel_val
Csehország,2022,144.65553238231445,10673169,100,143.37355283986665,43.37355283986665,Csehország (+43%),2004-hez (=100) képest,2004,rel_val
Csehország,2023,142.0215228831915,10809674,100,143.37355283986665,43.37355283986665,Csehország (+43%),2004-hez (=100) képest,2004,rel_val
Csehország,2024,143.37355283986665,10882164,100,143.37355283986665,43.37355283986665,Csehország (+43%),2004-hez (=100) képest,2004,rel_val
Szlovénia,2004,100,1993503,100,141.35966085154087,41.359660851540866,Szlovénia (+41%),2004-hez (=100) képest,2004,rel_val
Szlovénia,2005,103.67439881213737,1996858,100,141.35966085154087,41.359660851540866,Szlovénia (+41%),2004-hez (=100) képest,2004,rel_val
Szlovénia,2006,109.45046208462922,2003069,100,141.35966085154087,41.359660851540866,Szlovénia (+41%),2004-hez (=100) képest,2004,rel_val
Szlovénia,2007,116.61046221798105,2014110,100,141.35966085154087,41.359660851540866,Szlovénia (+41%),2004-hez (=100) képest,2004,rel_val
Szlovénia,2008,120.35236848584339,2025041,100,141.35966085154087,41.359660851540866,Szlovénia (+41%),2004-hez (=100) képest,2004,rel_val
Szlovénia,2009,110.21618527212632,2035555,100,141.35966085154087,41.359660851540866,Szlovénia (+41%),2004-hez (=100) képest,2004,rel_val
Szlovénia,2010,110.9570231026983,2044566,100,141.35966085154087,41.359660851540866,Szlovénia (+41%),2004-hez (=100) képest,2004,rel_val
Szlovénia,2011,111.45251377811807,2048754,100,141.35966085154087,41.359660851540866,Szlovénia (+41%),2004-hez (=100) képest,2004,rel_val
Szlovénia,2012,107.9760593088893,2053274,100,141.35966085154087,41.359660851540866,Szlovénia (+41%),2004-hez (=100) képest,2004,rel_val
Szlovénia,2013,106.94133201230694,2056403,100,141.35966085154087,41.359660851540866,Szlovénia (+41%),2004-hez (=100) képest,2004,rel_val
Szlovénia,2014,109.78791108186552,2058351,100,141.35966085154087,41.359660851540866,Szlovénia (+41%),2004-hez (=100) képest,2004,rel_val
Szlovénia,2015,112.33097778125874,2059899,100,141.35966085154087,41.359660851540866,Szlovénia (+41%),2004-hez (=100) képest,2004,rel_val
Szlovénia,2016,115.6548785392354,2061329,100,141.35966085154087,41.359660851540866,Szlovénia (+41%),2004-hez (=100) képest,2004,rel_val
Szlovénia,2017,121.5600938673901,2062366,100,141.35966085154087,41.359660851540866,Szlovénia (+41%),2004-hez (=100) képest,2004,rel_val
Szlovénia,2018,126.42408580338697,2069431,100,141.35966085154087,41.359660851540866,Szlovénia (+41%),2004-hez (=100) képest,2004,rel_val
Szlovénia,2019,129.94758248886026,2083395,100,141.35966085154087,41.359660851540866,Szlovénia (+41%),2004-hez (=100) képest,2004,rel_val
Szlovénia,2020,123.80723476264484,2102370,100,141.35966085154087,41.359660851540866,Szlovénia (+41%),2004-hez (=100) képest,2004,rel_val
Szlovénia,2021,133.83393111326478,2113450,100,141.35966085154087,41.359660851540866,Szlovénia (+41%),2004-hez (=100) képest,2004,rel_val
Szlovénia,2022,137.18631782722264,2115184,100,141.35966085154087,41.359660851540866,Szlovénia (+41%),2004-hez (=100) képest,2004,rel_val
Szlovénia,2023,139.53056342280027,2118353,100,141.35966085154087,41.359660851540866,Szlovénia (+41%),2004-hez (=100) képest,2004,rel_val
Szlovénia,2024,141.35966085154087,2126324,100,141.35966085154087,41.359660851540866,Szlovénia (+41%),2004-hez (=100) képest,2004,rel_val
Litvánia,2010,100,3097660,100,175.43105038180394,75.43105038180394,Litvánia (+75%),2010-hez (=100) képest,2010,rel_val
Litvánia,2011,108.75223892258066,3028588,100,175.43105038180394,75.43105038180394,Litvánia (+75%),2010-hez (=100) képest,2010,rel_val
Litvánia,2012,114.9989415173607,2988281,100,175.43105038180394,75.43105038180394,Litvánia (+75%),2010-hez (=100) képest,2010,rel_val
Litvánia,2013,120.77973725420149,2958306,100,175.43105038180394,75.43105038180394,Litvánia (+75%),2010-hez (=100) képest,2010,rel_val
Litvánia,2014,126.36018730540765,2933118,100,175.43105038180394,75.43105038180394,Litvánia (+75%),2010-hez (=100) képest,2010,rel_val
Litvánia,2015,131.1066856044413,2905726,100,175.43105038180394,75.43105038180394,Litvánia (+75%),2010-hez (=100) képest,2010,rel_val
Litvánia,2016,136.19026939090253,2869051,100,175.43105038180394,75.43105038180394,Litvánia (+75%),2010-hez (=100) képest,2010,rel_val
Litvánia,2017,144.21014128923633,2829273,100,175.43105038180394,75.43105038180394,Litvánia (+75%),2010-hez (=100) képest,2010,rel_val
Litvánia,2018,152.56086816282811,2802430,100,175.43105038180394,75.43105038180394,Litvánia (+75%),2010-hez (=100) képest,2010,rel_val
Litvánia,2019,160.15745891953205,2795011,100,175.43105038180394,75.43105038180394,Litvánia (+75%),2010-hez (=100) képest,2010,rel_val
Litvánia,2020,160.26708063725167,2795711,100,175.43105038180394,75.43105038180394,Litvánia (+75%),2010-hez (=100) képest,2010,rel_val
Litvánia,2021,170.61289505318803,2794443,100,175.43105038180394,75.43105038180394,Litvánia (+75%),2010-hez (=100) képest,2010,rel_val
Litvánia,2022,173.50527072420948,2816872,100,175.43105038180394,75.43105038180394,Litvánia (+75%),2010-hez (=100) képest,2010,rel_val
Litvánia,2023,171.67725931873144,2854061,100,175.43105038180394,75.43105038180394,Litvánia (+75%),2010-hez (=100) képest,2010,rel_val
Litvánia,2024,175.43105038180394,2888055,100,175.43105038180394,75.43105038180394,Litvánia (+75%),2010-hez (=100) képest,2010,rel_val
Lengyelország,2010,100,38095304,100,166.3926581042638,66.3926581042638,Lengyelország (+66%),2010-hez (=100) képest,2010,rel_val
Lengyelország,2011,105.19888222323402,38208597,100,166.3926581042638,66.3926581042638,Lengyelország (+66%),2010-hez (=100) képest,2010,rel_val
Lengyelország,2012,106.78951495630987,38247820,100,166.3926581042638,66.3926581042638,Lengyelország (+66%),2010-hez (=100) képest,2010,rel_val
Lengyelország,2013,107.58513099110743,38259214,100,166.3926581042638,66.3926581042638,Lengyelország (+66%),2010-hez (=100) képest,2010,rel_val
Lengyelország,2014,111.88672699446136,38265064,100,166.3926581042638,66.3926581042638,Lengyelország (+66%),2010-hez (=100) képest,2010,rel_val
Lengyelország,2015,116.9231789782587,38266267,100,166.3926581042638,66.3926581042638,Lengyelország (+66%),2010-hez (=100) képest,2010,rel_val
Lengyelország,2016,120.51912244727617,38263203,100,166.3926581042638,66.3926581042638,Lengyelország (+66%),2010-hez (=100) képest,2010,rel_val
Lengyelország,2017,126.71300439716177,38254908,100,166.3926581042638,66.3926581042638,Lengyelország (+66%),2010-hez (=100) képest,2010,rel_val
Lengyelország,2018,134.62758875159747,38241017,100,166.3926581042638,66.3926581042638,Lengyelország (+66%),2010-hez (=100) képest,2010,rel_val
Lengyelország,2019,140.82854528151384,38225836,100,166.3926581042638,66.3926581042638,Lengyelország (+66%),2010-hez (=100) képest,2010,rel_val
Lengyelország,2020,139.61572702962835,38170958,100,166.3926581042638,66.3926581042638,Lengyelország (+66%),2010-hez (=100) képest,2010,rel_val
Lengyelország,2021,151.44357770699648,38040252,100,166.3926581042638,66.3926581042638,Lengyelország (+66%),2010-hez (=100) képest,2010,rel_val
Lengyelország,2022,160.0944528112357,38385689,100,166.3926581042638,66.3926581042638,Lengyelország (+66%),2010-hez (=100) képest,2010,rel_val
Lengyelország,2023,161.08200040846978,38762796,100,166.3926581042638,66.3926581042638,Lengyelország (+66%),2010-hez (=100) képest,2010,rel_val
Lengyelország,2024,166.3926581042638,36554707,100,166.3926581042638,66.3926581042638,Lengyelország (+66%),2010-hez (=100) képest,2010,rel_val
Románia,2010,100,20432524,100,163.08451146387785,63.084511463877845,Románia (+63%),2010-hez (=100) képest,2010,rel_val
Románia,2011,105.01083371448068,20281955,100,163.08451146387785,63.084511463877845,Románia (+63%),2010-hez (=100) képest,2010,rel_val
Románia,2012,107.4872839045106,20158399,100,163.08451146387785,63.084511463877845,Románia (+63%),2010-hez (=100) képest,2010,rel_val
Románia,2013,108.1879099552486,20062861,100,163.08451146387785,63.084511463877845,Románia (+63%),2010-hez (=100) képest,2010,rel_val
Románia,2014,113.0636420205548,19968125,100,163.08451146387785,63.084511463877845,Románia (+63%),2010-hez (=100) képest,2010,rel_val
Románia,2015,117.18262897792704,19870968,100,163.08451146387785,63.084511463877845,Románia (+63%),2010-hez (=100) képest,2010,rel_val
Románia,2016,121.22741640912359,19777001,100,163.08451146387785,63.084511463877845,Románia (+63%),2010-hez (=100) képest,2010,rel_val
Románia,2017,131.9229071514274,19689357,100,163.08451146387785,63.084511463877845,Románia (+63%),2010-hez (=100) képest,2010,rel_val
Románia,2018,140.82271450009523,19597823,100,163.08451146387785,63.084511463877845,Románia (+63%),2010-hez (=100) képest,2010,rel_val
Románia,2019,147.12057618490837,19501499,100,163.08451146387785,63.084511463877845,Románia (+63%),2010-hez (=100) képest,2010,rel_val
Románia,2020,142.49746226955617,19392420,100,163.08451146387785,63.084511463877845,Románia (+63%),2010-hez (=100) képest,2010,rel_val
Románia,2021,151.52619213592115,19248115,100,163.08451146387785,63.084511463877845,Románia (+63%),2010-hez (=100) képest,2010,rel_val
Románia,2022,158.1430019826576,19166726,100,163.08451146387785,63.084511463877845,Románia (+63%),2010-hez (=100) képest,2010,rel_val
Románia,2023,161.85191982600432,19118433,100,163.08451146387785,63.084511463877845,Románia (+63%),2010-hez (=100) képest,2010,rel_val
Románia,2024,163.08451146387785,19069340,100,163.08451146387785,63.084511463877845,Románia (+63%),2010-hez (=100) képest,2010,rel_val
Lettország,2010,100,2097787,100,161.42819227248964,61.42819227248964,Lettország (+61%),2010-hez (=100) képest,2010,rel_val
Lettország,2011,104.92957999064139,2059892,100,161.42819227248964,61.42819227248964,Lettország (+61%),2010-hez (=100) képest,2010,rel_val
Lettország,2012,114.00021709854441,2034577,100,161.42819227248964,61.42819227248964,Lettország (+61%),2010-hez (=100) képest,2010,rel_val
Lettország,2013,117.64303897826908,2012960,100,161.42819227248964,61.42819227248964,Lettország (+61%),2010-hez (=100) képest,2010,rel_val
Lettország,2014,121.24406159864003,1994096,100,161.42819227248964,61.42819227248964,Lettország (+61%),2010-hez (=100) képest,2010,rel_val
Lettország,2015,126.86548447124095,1977815,100,161.42819227248964,61.42819227248964,Lettország (+61%),2010-hez (=100) képest,2010,rel_val
Lettország,2016,131.29713232164298,1959817,100,161.42819227248964,61.42819227248964,Lettország (+61%),2010-hez (=100) képest,2010,rel_val
Lettország,2017,136.96832642524464,1942550,100,161.42819227248964,61.42819227248964,Lettország (+61%),2010-hez (=100) képest,2010,rel_val
Lettország,2018,143.98878074566562,1927526,100,161.42819227248964,61.42819227248964,Lettország (+61%),2010-hez (=100) képest,2010,rel_val
Lettország,2019,145.9725805942107,1914220,100,161.42819227248964,61.42819227248964,Lettország (+61%),2010-hez (=100) képest,2010,rel_val
Lettország,2020,141.8999984271854,1901069,100,161.42819227248964,61.42819227248964,Lettország (+61%),2010-hez (=100) képest,2010,rel_val
Lettország,2021,153.03658813362028,1885546,100,161.42819227248964,61.42819227248964,Lettország (+61%),2010-hez (=100) képest,2010,rel_val
Lettország,2022,156.22498269148676,1881016,100,161.42819227248964,61.42819227248964,Lettország (+61%),2010-hez (=100) képest,2010,rel_val
Lettország,2023,160.84985094562472,1882336,100,161.42819227248964,61.42819227248964,Lettország (+61%),2010-hez (=100) képest,2010,rel_val
Lettország,2024,161.42819227248964,1862441,100,161.42819227248964,61.42819227248964,Lettország (+61%),2010-hez (=100) képest,2010,rel_val
Bulgária,2010,100,7437542,100,156.95074866957737,56.950748669577365,Bulgária (+57%),2010-hez (=100) képest,2010,rel_val
Bulgária,2011,102.74691033630842,7379973,100,156.95074866957737,56.950748669577365,Bulgária (+57%),2010-hez (=100) képest,2010,rel_val
Bulgária,2012,104.11762203052312,7316974,100,156.95074866957737,56.950748669577365,Bulgária (+57%),2010-hez (=100) képest,2010,rel_val
Bulgária,2013,105.66237420436607,7264556,100,156.95074866957737,56.950748669577365,Bulgária (+57%),2010-hez (=100) képest,2010,rel_val
Bulgária,2014,107.96894675873008,7223406,100,156.95074866957737,56.950748669577365,Bulgária (+57%),2010-hez (=100) képest,2010,rel_val
Bulgária,2015,113.06538954488812,7177463,100,156.95074866957737,56.950748669577365,Bulgária (+57%),2010-hez (=100) képest,2010,rel_val
Bulgária,2016,118.0096057945253,7127389,100,156.95074866957737,56.950748669577365,Bulgária (+57%),2010-hez (=100) képest,2010,rel_val
Bulgária,2017,122.86598342139581,7075586,100,156.95074866957737,56.950748669577365,Bulgária (+57%),2010-hez (=100) képest,2010,rel_val
Bulgária,2018,127.73833096310364,7024687,100,156.95074866957737,56.950748669577365,Bulgária (+57%),2010-hez (=100) képest,2010,rel_val
Bulgária,2019,134.4630488748494,6975420,100,156.95074866957737,56.950748669577365,Bulgária (+57%),2010-hez (=100) képest,2010,rel_val
Bulgária,2020,131.45085192711133,6933606,100,156.95074866957737,56.950748669577365,Bulgária (+57%),2010-hez (=100) képest,2010,rel_val
Bulgária,2021,142.62334285528183,6877173,100,156.95074866957737,56.950748669577365,Bulgária (+57%),2010-hez (=100) képest,2010,rel_val
Bulgária,2022,149.35222696439948,6825817,100,156.95074866957737,56.950748669577365,Bulgária (+57%),2010-hez (=100) képest,2010,rel_val
Bulgária,2023,152.60693825284523,6795757,100,156.95074866957737,56.950748669577365,Bulgária (+57%),2010-hez (=100) képest,2010,rel_val
Bulgária,2024,156.95074866957737,6444366,100,156.95074866957737,56.950748669577365,Bulgária (+57%),2010-hez (=100) képest,2010,rel_val
Horvátország,2010,100,4301108,100,148.51774037315207,48.517740373152066,Horvátország (+49%),2010-hez (=100) képest,2010,rel_val
Horvátország,2011,100.24777141513363,4280782,100,148.51774037315207,48.517740373152066,Horvátország (+49%),2010-hez (=100) képest,2010,rel_val
Horvátország,2012,98.45428359099914,4259181,100,148.51774037315207,48.517740373152066,Horvátország (+49%),2010-hez (=100) képest,2010,rel_val
Horvátország,2013,98.94496831123172,4242353,100,148.51774037315207,48.517740373152066,Horvátország (+49%),2010-hez (=100) képest,2010,rel_val
Horvátország,2014,99.15066484432917,4219439,100,148.51774037315207,48.517740373152066,Horvátország (+49%),2010-hez (=100) képest,2010,rel_val
Horvátország,2015,102.67283579553418,4183681,100,148.51774037315207,48.517740373152066,Horvátország (+49%),2010-hez (=100) képest,2010,rel_val
Horvátország,2016,107.38675353091868,4136388,100,148.51774037315207,48.517740373152066,Horvátország (+49%),2010-hez (=100) képest,2010,rel_val
Horvátország,2017,112.70651483495853,4079152,100,148.51774037315207,48.517740373152066,Horvátország (+49%),2010-hez (=100) képest,2010,rel_val
Horvátország,2018,117.51064322047093,4024820,100,148.51774037315207,48.517740373152066,Horvátország (+49%),2010-hez (=100) képest,2010,rel_val
Horvátország,2019,122.3621883727938,3986292,100,148.51774037315207,48.517740373152066,Horvátország (+49%),2010-hez (=100) képest,2010,rel_val
Horvátország,2020,113.20035057327274,3953898,100,148.51774037315207,48.517740373152066,Horvátország (+49%),2010-hez (=100) képest,2010,rel_val
Horvátország,2021,128.6573015324186,3924558,100,148.51774037315207,48.517740373152066,Horvátország (+49%),2010-hez (=100) képest,2010,rel_val
Horvátország,2022,138.86934687691476,3906988,100,148.51774037315207,48.517740373152066,Horvátország (+49%),2010-hez (=100) képest,2010,rel_val
Horvátország,2023,143.3052261226807,3895973,100,148.51774037315207,48.517740373152066,Horvátország (+49%),2010-hez (=100) képest,2010,rel_val
Horvátország,2024,148.51774037315207,3866300,100,148.51774037315207,48.517740373152066,Horvátország (+49%),2010-hez (=100) képest,2010,rel_val
Magyarország,2010,100,9979076,100,146.4009668671933,46.40096686719329,Magyarország (+46%),2010-hez (=100) képest,2010,rel_val
Magyarország,2011,102.20591034474606,9946626,100,146.4009668671933,46.40096686719329,Magyarország (+46%),2010-hez (=100) képest,2010,rel_val
Magyarország,2012,101.35898462965437,9916568,100,146.4009668671933,46.40096686719329,Magyarország (+46%),2010-hez (=100) képest,2010,rel_val
Magyarország,2013,103.91768379593516,9889294,100,146.4009668671933,46.40096686719329,Magyarország (+46%),2010-hez (=100) képest,2010,rel_val
Magyarország,2014,108.85954297258529,9862785,100,146.4009668671933,46.40096686719329,Magyarország (+46%),2010-hez (=100) képest,2010,rel_val
Magyarország,2015,113.24996671377015,9839162,100,146.4009668671933,46.40096686719329,Magyarország (+46%),2010-hez (=100) képest,2010,rel_val
Magyarország,2016,116.46342364489668,9810479,100,146.4009668671933,46.40096686719329,Magyarország (+46%),2010-hez (=100) képest,2010,rel_val
Magyarország,2017,121.67799853176396,9785561,100,146.4009668671933,46.40096686719329,Magyarország (+46%),2010-hez (=100) képest,2010,rel_val
Magyarország,2018,128.76143894744615,9774342,100,146.4009668671933,46.40096686719329,Magyarország (+46%),2010-hez (=100) képest,2010,rel_val
Magyarország,2019,135.46831859815916,9770300,100,146.4009668671933,46.40096686719329,Magyarország (+46%),2010-hez (=100) képest,2010,rel_val
Magyarország,2020,129.91776518221667,9749421,100,146.4009668671933,46.40096686719329,Magyarország (+46%),2010-hez (=100) képest,2010,rel_val
Magyarország,2021,139.87275519279055,9707794,100,146.4009668671933,46.40096686719329,Magyarország (+46%),2010-hez (=100) képest,2010,rel_val
Magyarország,2022,146.23844220668252,9684259,100,146.4009668671933,46.40096686719329,Magyarország (+46%),2010-hez (=100) képest,2010,rel_val
Magyarország,2023,145.2011707511637,9686418,100,146.4009668671933,46.40096686719329,Magyarország (+46%),2010-hez (=100) képest,2010,rel_val
Magyarország,2024,146.4009668671933,9562314,100,146.4009668671933,46.40096686719329,Magyarország (+46%),2010-hez (=100) képest,2010,rel_val
Észtország,2010,100,1331406,100,136.7588496801985,36.758849680198495,Észtország (+37%),2010-hez (=100) képest,2010,rel_val
Észtország,2011,107.93414724975209,1327315,100,136.7588496801985,36.758849680198495,Észtország (+37%),2010-hez (=100) képest,2010,rel_val
Észtország,2012,112.29875792377075,1322570,100,136.7588496801985,36.758849680198495,Észtország (+37%),2010-hez (=100) képest,2010,rel_val
Észtország,2013,114.67868528678278,1317872,100,136.7588496801985,36.758849680198495,Észtország (+37%),2010-hez (=100) képest,2010,rel_val
Észtország,2014,118.80037015740848,1314402,100,136.7588496801985,36.758849680198495,Észtország (+37%),2010-hez (=100) képest,2010,rel_val
Észtország,2015,120.9048201336915,1314538,100,136.7588496801985,36.758849680198495,Észtország (+37%),2010-hez (=100) képest,2010,rel_val
Észtország,2016,124.608147957234,1315802,100,136.7588496801985,36.758849680198495,Észtország (+37%),2010-hez (=100) képest,2010,rel_val
Észtország,2017,131.47014086628621,1317381,100,136.7588496801985,36.758849680198495,Észtország (+37%),2010-hez (=100) képest,2010,rel_val
Észtország,2018,135.8604670609613,1321918,100,136.7588496801985,36.758849680198495,Észtország (+37%),2010-hez (=100) képest,2010,rel_val
Észtország,2019,140.40087444025542,1326772,100,136.7588496801985,36.758849680198495,Észtország (+37%),2010-hez (=100) képest,2010,rel_val
Észtország,2020,136.08287351797156,1329618,100,136.7588496801985,36.758849680198495,Észtország (+37%),2010-hez (=100) képest,2010,rel_val
Észtország,2021,145.66436860149676,1331699,100,136.7588496801985,36.758849680198495,Észtország (+37%),2010-hez (=100) képest,2010,rel_val
Észtország,2022,143.81729908131092,1350038,100,136.7588496801985,36.758849680198495,Észtország (+37%),2010-hez (=100) képest,2010,rel_val
Észtország,2023,137.28684220714402,1367143,100,136.7588496801985,36.758849680198495,Észtország (+37%),2010-hez (=100) képest,2010,rel_val
Észtország,2024,136.7588496801985,1371986,100,136.7588496801985,36.758849680198495,Észtország (+37%),2010-hez (=100) képest,2010,rel_val
Szlovákia,2010,100,5391807,100,135.63760779390498,35.63760779390498,Szlovákia (+36%),2010-hez (=100) képest,2010,rel_val
Szlovákia,2011,102.43026958601604,5398048,100,135.63760779390498,35.63760779390498,Szlovákia (+36%),2010-hez (=100) képest,2010,rel_val
Szlovákia,2012,103.8606711366208,5404834,100,135.63760779390498,35.63760779390498,Szlovákia (+36%),2010-hez (=100) képest,2010,rel_val
Szlovákia,2013,104.47881649080746,5410370,100,135.63760779390498,35.63760779390498,Szlovákia (+36%),2010-hez (=100) képest,2010,rel_val
Szlovákia,2014,107.20396514668258,5415184,100,135.63760779390498,35.63760779390498,Szlovákia (+36%),2010-hez (=100) képest,2010,rel_val
Szlovákia,2015,112.6466814150421,5420221,100,135.63760779390498,35.63760779390498,Szlovákia (+36%),2010-hez (=100) képest,2010,rel_val
Szlovákia,2016,114.69287413787522,5427217,100,135.63760779390498,35.63760779390498,Szlovákia (+36%),2010-hez (=100) képest,2010,rel_val
Szlovákia,2017,117.80703466486229,5435643,100,135.63760779390498,35.63760779390498,Szlovákia (+36%),2010-hez (=100) képest,2010,rel_val
Szlovákia,2018,122.42281449549314,5443188,100,135.63760779390498,35.63760779390498,Szlovákia (+36%),2010-hez (=100) képest,2010,rel_val
Szlovákia,2019,125.039705856237,5450575,100,135.63760779390498,35.63760779390498,Szlovákia (+36%),2010-hez (=100) képest,2010,rel_val
Szlovákia,2020,121.70236048095202,5454981,100,135.63760779390498,35.63760779390498,Szlovákia (+36%),2010-hez (=100) képest,2010,rel_val
Szlovákia,2021,128.91236554771,5442712,100,135.63760779390498,35.63760779390498,Szlovákia (+36%),2010-hez (=100) képest,2010,rel_val
Szlovákia,2022,129.8455289351233,5473145,100,135.63760779390498,35.63760779390498,Szlovákia (+36%),2010-hez (=100) képest,2010,rel_val
Szlovákia,2023,132.783295762385,5518008,100,135.63760779390498,35.63760779390498,Szlovákia (+36%),2010-hez (=100) képest,2010,rel_val
Szlovákia,2024,135.63760779390498,5422069,100,135.63760779390498,35.63760779390498,Szlovákia (+36%),2010-hez (=100) képest,2010,rel_val
Szlovénia,2010,100,2044566,100,127.40037259354268,27.400372593542684,Szlovénia (+27%),2010-hez (=100) képest,2010,rel_val
Szlovénia,2011,100.44656089498828,2048754,100,127.40037259354268,27.400372593542684,Szlovénia (+27%),2010-hez (=100) képest,2010,rel_val
Szlovénia,2012,97.3134068394662,2053274,100,127.40037259354268,27.400372593542684,Szlovénia (+27%),2010-hez (=100) képest,2010,rel_val
Szlovénia,2013,96.38085902261945,2056403,100,127.40037259354268,27.400372593542684,Szlovénia (+27%),2010-hez (=100) képest,2010,rel_val
Szlovénia,2014,98.94633797109833,2058351,100,127.40037259354268,27.400372593542684,Szlovénia (+27%),2010-hez (=100) képest,2010,rel_val
Szlovénia,2015,101.23827644266262,2059899,100,127.40037259354268,27.400372593542684,Szlovénia (+27%),2010-hez (=100) képest,2010,rel_val
Szlovénia,2016,104.23394148938992,2061329,100,127.40037259354268,27.400372593542684,Szlovénia (+27%),2010-hez (=100) képest,2010,rel_val
Szlovénia,2017,109.55601589534169,2062366,100,127.40037259354268,27.400372593542684,Szlovénia (+27%),2010-hez (=100) képest,2010,rel_val
Szlovénia,2018,113.93968787930876,2069431,100,127.40037259354268,27.400372593542684,Szlovénia (+27%),2010-hez (=100) képest,2010,rel_val
Szlovénia,2019,117.11523872498354,2083395,100,127.40037259354268,27.400372593542684,Szlovénia (+27%),2010-hez (=100) képest,2010,rel_val
Szlovénia,2020,111.58125128145588,2102370,100,127.40037259354268,27.400372593542684,Szlovénia (+27%),2010-hez (=100) képest,2010,rel_val
Szlovénia,2021,120.61780982479347,2113450,100,127.40037259354268,27.400372593542684,Szlovénia (+27%),2010-hez (=100) képest,2010,rel_val
Szlovénia,2022,123.6391478349661,2115184,100,127.40037259354268,27.400372593542684,Szlovénia (+27%),2010-hez (=100) képest,2010,rel_val
Szlovénia,2023,125.75189881730624,2118353,100,127.40037259354268,27.400372593542684,Szlovénia (+27%),2010-hez (=100) képest,2010,rel_val
Szlovénia,2024,127.40037259354268,2126324,100,127.40037259354268,27.400372593542684,Szlovénia (+27%),2010-hez (=100) képest,2010,rel_val
Csehország,2010,100,10463981,100,122.67266741777459,22.67266741777459,Csehország (+23%),2010-hez (=100) képest,2010,rel_val
Csehország,2011,101.56218619113135,10495455,100,122.67266741777459,22.67266741777459,Csehország (+23%),2010-hez (=100) képest,2010,rel_val
Csehország,2012,100.63856099501568,10507287,100,122.67266741777459,22.67266741777459,Csehország (+23%),2010-hez (=100) képest,2010,rel_val
Csehország,2013,100.56311931595071,10511117,100,122.67266741777459,22.67266741777459,Csehország (+23%),2010-hez (=100) képest,2010,rel_val
Csehország,2014,102.71278426279463,10517176,100,122.67266741777459,22.67266741777459,Csehország (+23%),2010-hez (=100) képest,2010,rel_val
Csehország,2015,107.59433676484265,10524367,100,122.67266741777459,22.67266741777459,Csehország (+23%),2010-hez (=100) képest,2010,rel_val
Csehország,2016,110.15944412812948,10531895,100,122.67266741777459,22.67266741777459,Csehország (+23%),2010-hez (=100) képest,2010,rel_val
Csehország,2017,115.55125341564595,10541301,100,122.67266741777459,22.67266741777459,Csehország (+23%),2010-hez (=100) képest,2010,rel_val
Csehország,2018,118.42499887607025,10548878,100,122.67266741777459,22.67266741777459,Csehország (+23%),2010-hez (=100) képest,2010,rel_val
Csehország,2019,122.1657461933427,10554819,100,122.67266741777459,22.67266741777459,Csehország (+23%),2010-hez (=100) képest,2010,rel_val
Csehország,2020,115.40397024283249,10550083,100,122.67266741777459,22.67266741777459,Csehország (+23%),2010-hez (=100) képest,2010,rel_val
Csehország,2021,122.24866014223765,10530619,100,122.67266741777459,22.67266741777459,Csehország (+23%),2010-hez (=100) képest,2010,rel_val
Csehország,2022,123.76954928288912,10673169,100,122.67266741777459,22.67266741777459,Csehország (+23%),2010-hez (=100) képest,2010,rel_val
Csehország,2023,121.51584931618702,10809674,100,122.67266741777459,22.67266741777459,Csehország (+23%),2010-hez (=100) képest,2010,rel_val
Csehország,2024,122.67266741777459,10882164,100,122.67266741777459,22.67266741777459,Csehország (+23%),2010-hez (=100) képest,2010,rel_val
