country,year,value,pop,start_val,end_val,diff_end_start,country_val_str,facet_id,var
Bulgaria,2004,100,7749383,100,208.045106367074,108.045106367074,Bulgaria (+108%),rel_val-2004,rel_val
Bulgaria,2004,107.86550192097607,7695001,100,208.045106367074,108.045106367074,Bulgaria (+108%),rel_val-2004,rel_val
Bulgaria,2004,116.08145457554342,7640243,100,208.045106367074,108.045106367074,Bulgaria (+108%),rel_val-2004,rel_val
Bulgaria,2004,124.71964281625723,7586847,100,208.045106367074,108.045106367074,Bulgaria (+108%),rel_val-2004,rel_val
Bulgaria,2004,133.29677094300297,7535541,100,208.045106367074,108.045106367074,Bulgaria (+108%),rel_val-2004,rel_val
Bulgaria,2004,129.66788008994575,7487966,100,208.045106367074,108.045106367074,Bulgaria (+108%),rel_val-2004,rel_val
Bulgaria,2004,132.5543892785524,7437542,100,208.045106367074,108.045106367074,Bulgaria (+108%),rel_val-2004,rel_val
Bulgaria,2004,136.1955394988755,7379973,100,208.045106367074,108.045106367074,Bulgaria (+108%),rel_val-2004,rel_val
Bulgaria,2004,138.01247801391148,7316974,100,208.045106367074,108.045106367074,Bulgaria (+108%),rel_val-2004,rel_val
Bulgaria,2004,140.06011482381615,7264556,100,208.045106367074,108.045106367074,Bulgaria (+108%),rel_val-2004,rel_val
Bulgaria,2004,143.11757798652008,7223406,100,208.045106367074,108.045106367074,Bulgaria (+108%),rel_val-2004,rel_val
Bulgaria,2004,149.87313659664272,7177463,100,208.045106367074,108.045106367074,Bulgaria (+108%),rel_val-2004,rel_val
Bulgaria,2004,156.4269122509602,7127389,100,208.045106367074,108.045106367074,Bulgaria (+108%),rel_val-2004,rel_val
Bulgaria,2004,162.86425395531867,7075586,100,208.045106367074,108.045106367074,Bulgaria (+108%),rel_val-2004,rel_val
Bulgaria,2004,169.32276448275803,7024687,100,208.045106367074,108.045106367074,Bulgaria (+108%),rel_val-2004,rel_val
Bulgaria,2004,178.23667324137804,6975420,100,208.045106367074,108.045106367074,Bulgaria (+108%),rel_val-2004,rel_val
Bulgaria,2004,174.24387397343665,6933606,100,208.045106367074,108.045106367074,Bulgaria (+108%),rel_val-2004,rel_val
Bulgaria,2004,189.05350109047475,6877173,100,208.045106367074,108.045106367074,Bulgaria (+108%),rel_val-2004,rel_val
Bulgaria,2004,197.97293232657722,6825817,100,208.045106367074,108.045106367074,Bulgaria (+108%),rel_val-2004,rel_val
Bulgaria,2004,202.2871949977566,6795757,100,208.045106367074,108.045106367074,Bulgaria (+108%),rel_val-2004,rel_val
Bulgaria,2004,208.045106367074,6444366,100,208.045106367074,108.045106367074,Bulgaria (+108%),rel_val-2004,rel_val
Czechia,2004,100,10261411,100,143.37355283986665,43.37355283986665,Czechia (+43%),rel_val-2004,rel_val
Czechia,2004,106.22798628216138,10280103,100,143.37355283986665,43.37355283986665,Czechia (+43%),rel_val-2004,rel_val
Czechia,2004,112.95735147485149,10304542,100,143.37355283986665,43.37355283986665,Czechia (+43%),rel_val-2004,rel_val
Czechia,2004,118.46407511309361,10337488,100,143.37355283986665,43.37355283986665,Czechia (+43%),rel_val-2004,rel_val
Czechia,2004,120.55462098764544,10378248,100,143.37355283986665,43.37355283986665,Czechia (+43%),rel_val-2004,rel_val
Czechia,2004,114.11800000932469,10420931,100,143.37355283986665,43.37355283986665,Czechia (+43%),rel_val-2004,rel_val
Czechia,2004,116.87489630562368,10463981,100,143.37355283986665,43.37355283986665,Czechia (+43%),rel_val-2004,rel_val
Czechia,2004,118.7006997966092,10495455,100,143.37355283986665,43.37355283986665,Czechia (+43%),rel_val-2004,rel_val
Czechia,2004,117.62121380639641,10507287,100,143.37355283986665,43.37355283986665,Czechia (+43%),rel_val-2004,rel_val
Czechia,2004,117.533041422218,10511117,100,143.37355283986665,43.37355283986665,Czechia (+43%),rel_val-2004,rel_val
Czechia,2004,120.04546009976018,10517176,100,143.37355283986665,43.37355283986665,Czechia (+43%),rel_val-2004,rel_val
Czechia,2004,125.75076952463337,10524367,100,143.37355283986665,43.37355283986665,Czechia (+43%),rel_val-2004,rel_val
Czechia,2004,128.74873609560277,10531895,100,143.37355283986665,43.37355283986665,Czechia (+43%),rel_val-2004,rel_val
Czechia,2004,135.05040760938462,10541301,100,143.37355283986665,43.37355283986665,Czechia (+43%),rel_val-2004,rel_val
Czechia,2004,138.4090946363431,10548878,100,143.37355283986665,43.37355283986665,Czechia (+43%),rel_val-2004,rel_val
Czechia,2004,142.78108918446068,10554819,100,143.37355283986665,43.37355283986665,Czechia (+43%),rel_val-2004,rel_val
Czechia,2004,134.87827055388328,10550083,100,143.37355283986665,43.37355283986665,Czechia (+43%),rel_val-2004,rel_val
Czechia,2004,142.87799477625455,10530619,100,143.37355283986665,43.37355283986665,Czechia (+43%),rel_val-2004,rel_val
Czechia,2004,144.65553238231445,10673169,100,143.37355283986665,43.37355283986665,Czechia (+43%),rel_val-2004,rel_val
Czechia,2004,142.0215228831915,10809674,100,143.37355283986665,43.37355283986665,Czechia (+43%),rel_val-2004,rel_val
Czechia,2004,143.37355283986665,10882164,100,143.37355283986665,43.37355283986665,Czechia (+43%),rel_val-2004,rel_val
Estonia,2004,100,1362623,100,150.17408065994996,50.174080659949965,Estonia (+50%),rel_val-2004,rel_val
Estonia,2004,110.15160232749992,1354799,100,150.17408065994996,50.174080659949965,Estonia (+50%),rel_val-2004,rel_val
Estonia,2004,121.62026150981644,1346833,100,150.17408065994996,50.174080659949965,Estonia (+50%),rel_val-2004,rel_val
Estonia,2004,131.42621862106856,1340672,100,150.17408065994996,50.174080659949965,Estonia (+50%),rel_val-2004,rel_val
Estonia,2004,125.02500061543043,1337032,100,150.17408065994996,50.174080659949965,Estonia (+50%),rel_val-2004,rel_val
Estonia,2004,106.93951146802841,1334487,100,150.17408065994996,50.174080659949965,Estonia (+50%),rel_val-2004,rel_val
Estonia,2004,109.80940612700539,1331406,100,150.17408065994996,50.174080659949965,Estonia (+50%),rel_val-2004,rel_val
Estonia,2004,118.52184610320028,1327315,100,150.17408065994996,50.174080659949965,Estonia (+50%),rel_val-2004,rel_val
Estonia,2004,123.31459916409607,1322570,100,150.17408065994996,50.174080659949965,Estonia (+50%),rel_val-2004,rel_val
Estonia,2004,125.92798326767367,1317872,100,150.17408065994996,50.174080659949965,Estonia (+50%),rel_val-2004,rel_val
Estonia,2004,130.4539809465344,1314402,100,150.17408065994996,50.174080659949965,Estonia (+50%),rel_val-2004,rel_val
Estonia,2004,132.76486496773066,1314538,100,150.17408065994996,50.174080659949965,Estonia (+50%),rel_val-2004,rel_val
Estonia,2004,136.83146725769882,1315802,100,150.17408065994996,50.174080659949965,Estonia (+50%),rel_val-2004,rel_val
Estonia,2004,144.3665809196063,1317381,100,150.17408065994996,50.174080659949965,Estonia (+50%),rel_val-2004,rel_val
Estonia,2004,149.18757204101738,1321918,100,150.17408065994996,50.174080659949965,Estonia (+50%),rel_val-2004,rel_val
Estonia,2004,154.17336641996698,1326772,100,150.17408065994996,50.174080659949965,Estonia (+50%),rel_val-2004,rel_val
Estonia,2004,149.43179525064843,1329618,100,150.17408065994996,50.174080659949965,Estonia (+50%),rel_val-2004,rel_val
Estonia,2004,159.9531780999557,1331699,100,150.17408065994996,50.174080659949965,Estonia (+50%),rel_val-2004,rel_val
Estonia,2004,157.92492202908667,1350038,100,150.17408065994996,50.174080659949965,Estonia (+50%),rel_val-2004,rel_val
Estonia,2004,150.75386611818382,1367143,100,150.17408065994996,50.174080659949965,Estonia (+50%),rel_val-2004,rel_val
Estonia,2004,150.17408065994996,1371986,100,150.17408065994996,50.174080659949965,Estonia (+50%),rel_val-2004,rel_val
Croatia,2004,100,4310013,100,160.69555203165612,60.69555203165612,Croatia (+61%),rel_val-2004,rel_val
Croatia,2004,104.19285977544958,4313901,100,160.69555203165612,60.69555203165612,Croatia (+61%),rel_val-2004,rel_val
Croatia,2004,109.4616325954181,4315751,100,160.69555203165612,60.69555203165612,Croatia (+61%),rel_val-2004,rel_val
Croatia,2004,115.01335659952295,4315907,100,160.69555203165612,60.69555203165612,Croatia (+61%),rel_val-2004,rel_val
Croatia,2004,117.29143090147808,4314591,100,160.69555203165612,60.69555203165612,Croatia (+61%),rel_val-2004,rel_val
Croatia,2004,109.41409878527486,4310491,100,160.69555203165612,60.69555203165612,Croatia (+61%),rel_val-2004,rel_val
Croatia,2004,108.19956702001201,4301108,100,160.69555203165612,60.69555203165612,Croatia (+61%),rel_val-2004,rel_val
Croatia,2004,108.46765461838596,4280782,100,160.69555203165612,60.69555203165612,Croatia (+61%),rel_val-2004,rel_val
Croatia,2004,106.52710855811581,4259181,100,160.69555203165612,60.69555203165612,Croatia (+61%),rel_val-2004,rel_val
Croatia,2004,107.05802730084082,4242353,100,160.69555203165612,60.69555203165612,Croatia (+61%),rel_val-2004,rel_val
Croatia,2004,107.28059005902743,4219439,100,160.69555203165612,60.69555203165612,Croatia (+61%),rel_val-2004,rel_val
Croatia,2004,111.0915637779359,4183681,100,160.69555203165612,60.69555203165612,Croatia (+61%),rel_val-2004,rel_val
Croatia,2004,116.19200235730148,4136388,100,160.69555203165612,60.69555203165612,Croatia (+61%),rel_val-2004,rel_val
Croatia,2004,121.94796105477074,4079152,100,160.69555203165612,60.69555203165612,Croatia (+61%),rel_val-2004,rel_val
Croatia,2004,127.14600716698065,4024820,100,160.69555203165612,60.69555203165612,Croatia (+61%),rel_val-2004,rel_val
Croatia,2004,132.39535801557437,3986292,100,160.69555203165612,60.69555203165612,Croatia (+61%),rel_val-2004,rel_val
Croatia,2004,122.48228918541679,3953898,100,160.69555203165612,60.69555203165612,Croatia (+61%),rel_val-2004,rel_val
Croatia,2004,139.2066431977082,3924558,100,160.69555203165612,60.69555203165612,Croatia (+61%),rel_val-2004,rel_val
Croatia,2004,150.25603204434034,3906988,100,160.69555203165612,60.69555203165612,Croatia (+61%),rel_val-2004,rel_val
Croatia,2004,155.05563418178966,3895973,100,160.69555203165612,60.69555203165612,Croatia (+61%),rel_val-2004,rel_val
Croatia,2004,160.69555203165612,3866300,100,160.69555203165612,60.69555203165612,Croatia (+61%),rel_val-2004,rel_val
Hungary,2004,100,10085736,100,153.19922996889653,53.19922996889653,Hungary (+53%),rel_val-2004,rel_val
Hungary,2004,104.50792078649889,10065654,100,153.19922996889653,53.19922996889653,Hungary (+53%),rel_val-2004,rel_val
Hungary,2004,108.78846067718919,10049900,100,153.19922996889653,53.19922996889653,Hungary (+53%),rel_val-2004,rel_val
Hungary,2004,109.31924481795129,10034027,100,153.19922996889653,53.19922996889653,Hungary (+53%),rel_val-2004,rel_val
Hungary,2004,110.59874879120531,10016610,100,153.19922996889653,53.19922996889653,Hungary (+53%),rel_val-2004,rel_val
Hungary,2004,103.3041127269084,10001329,100,153.19922996889653,53.19922996889653,Hungary (+53%),rel_val-2004,rel_val
Hungary,2004,104.64359166963033,9979076,100,153.19922996889653,53.19922996889653,Hungary (+53%),rel_val-2004,rel_val
Hungary,2004,106.95193548338453,9946626,100,153.19922996889653,53.19922996889653,Hungary (+53%),rel_val-2004,rel_val
Hungary,2004,106.06568199633888,9916568,100,153.19922996889653,53.19922996889653,Hungary (+53%),rel_val-2004,rel_val
Hungary,2004,108.74319670395599,9889294,100,153.19922996889653,53.19922996889653,Hungary (+53%),rel_val-2004,rel_val
Hungary,2004,113.9145356416579,9862785,100,153.19922996889653,53.19922996889653,Hungary (+53%),rel_val-2004,rel_val
Hungary,2004,118.5088327339499,9839162,100,153.19922996889653,53.19922996889653,Hungary (+53%),rel_val-2004,rel_val
Hungary,2004,121.87150948343736,9810479,100,153.19922996889653,53.19922996889653,Hungary (+53%),rel_val-2004,rel_val
Hungary,2004,127.32822793535786,9785561,100,153.19922996889653,53.19922996889653,Hungary (+53%),rel_val-2004,rel_val
Hungary,2004,134.7405944001059,9774342,100,153.19922996889653,53.19922996889653,Hungary (+53%),rel_val-2004,rel_val
Hungary,2004,141.75891415557155,9770300,100,153.19922996889653,53.19922996889653,Hungary (+53%),rel_val-2004,rel_val
Hungary,2004,135.95061570358797,9749421,100,153.19922996889653,53.19922996889653,Hungary (+53%),rel_val-2004,rel_val
Hungary,2004,146.3678748010054,9707794,100,153.19922996889653,53.19922996889653,Hungary (+53%),rel_val-2004,rel_val
Hungary,2004,153.02915832678917,9684259,100,153.19922996889653,53.19922996889653,Hungary (+53%),rel_val-2004,rel_val
Hungary,2004,151.94372022037044,9686418,100,153.19922996889653,53.19922996889653,Hungary (+53%),rel_val-2004,rel_val
Hungary,2004,153.19922996889653,9562314,100,153.19922996889653,53.19922996889653,Hungary (+53%),rel_val-2004,rel_val
Lithuania,2004,100,3376654,100,215.70581782789486,115.70581782789486,Lithuania (+116%),rel_val-2004,rel_val
Lithuania,2004,109.50010821862908,3322225,100,215.70581782789486,115.70581782789486,Lithuania (+116%),rel_val-2004,rel_val
Lithuania,2004,119.49054437603792,3269761,100,215.70581782789486,115.70581782789486,Lithuania (+116%),rel_val-2004,rel_val
Lithuania,2004,134.31375881294102,3231322,100,215.70581782789486,115.70581782789486,Lithuania (+116%),rel_val-2004,rel_val
Lithuania,2004,139.229809966134,3198432,100,215.70581782789486,115.70581782789486,Lithuania (+116%),rel_val-2004,rel_val
Lithuania,2004,119.89391254941093,3163204,100,215.70581782789486,115.70581782789486,Lithuania (+116%),rel_val-2004,rel_val
Lithuania,2004,122.95760491568505,3097660,100,215.70581782789486,115.70581782789486,Lithuania (+116%),rel_val-2004,rel_val
Lithuania,2004,133.71914827138858,3028588,100,215.70581782789486,115.70581782789486,Lithuania (+116%),rel_val-2004,rel_val
Lithuania,2004,141.3999441681361,2988281,100,215.70581782789486,115.70581782789486,Lithuania (+116%),rel_val-2004,rel_val
Lithuania,2004,148.50787215122355,2958306,100,215.70581782789486,115.70581782789486,Lithuania (+116%),rel_val-2004,rel_val
Lithuania,2004,155.36945987770278,2933118,100,215.70581782789486,115.70581782789486,Lithuania (+116%),rel_val-2004,rel_val
Lithuania,2004,161.2056405035583,2905726,100,215.70581782789486,115.70581782789486,Lithuania (+116%),rel_val-2004,rel_val
Lithuania,2004,167.4562933712731,2869051,100,215.70581782789486,115.70581782789486,Lithuania (+116%),rel_val-2004,rel_val
Lithuania,2004,177.31733577477044,2829273,100,215.70581782789486,115.70581782789486,Lithuania (+116%),rel_val-2004,rel_val
Lithuania,2004,187.58518953158935,2802430,100,215.70581782789486,115.70581782789486,Lithuania (+116%),rel_val-2004,rel_val
Lithuania,2004,196.92577558127883,2795011,100,215.70581782789486,115.70581782789486,Lithuania (+116%),rel_val-2004,rel_val
Lithuania,2004,197.0605638198543,2795711,100,215.70581782789486,115.70581782789486,Lithuania (+116%),rel_val-2004,rel_val
Lithuania,2004,209.78152943471133,2794443,100,215.70581782789486,115.70581782789486,Lithuania (+116%),rel_val-2004,rel_val
Lithuania,2004,213.33792528496326,2816872,100,215.70581782789486,115.70581782789486,Lithuania (+116%),rel_val-2004,rel_val
Lithuania,2004,211.0902462432019,2854061,100,215.70581782789486,115.70581782789486,Lithuania (+116%),rel_val-2004,rel_val
Lithuania,2004,215.70581782789486,2888055,100,215.70581782789486,115.70581782789486,Lithuania (+116%),rel_val-2004,rel_val
Latvia,2004,100,2264130,100,189.24769949400755,89.24769949400755,Latvia (+89%),rel_val-2004,rel_val
Latvia,2004,112.82794095241769,2239738,100,189.24769949400755,89.24769949400755,Latvia (+89%),rel_val-2004,rel_val
Latvia,2004,128.47118775019734,2218989,100,189.24769949400755,89.24769949400755,Latvia (+89%),rel_val-2004,rel_val
Latvia,2004,143.01335705224636,2200711,100,189.24769949400755,89.24769949400755,Latvia (+89%),rel_val-2004,rel_val
Latvia,2004,139.62674854859867,2177658,100,189.24769949400755,89.24769949400755,Latvia (+89%),rel_val-2004,rel_val
Latvia,2004,119.18216327763652,2141988,100,189.24769949400755,89.24769949400755,Latvia (+89%),rel_val-2004,rel_val
Latvia,2004,117.23336353451742,2097787,100,189.24769949400755,89.24769949400755,Latvia (+89%),rel_val-2004,rel_val
Latvia,2004,123.01247596567087,2059892,100,189.24769949400755,89.24769949400755,Latvia (+89%),rel_val-2004,rel_val
Latvia,2004,133.64628894127566,2034577,100,189.24769949400755,89.24769949400755,Latvia (+89%),rel_val-2004,rel_val
Latvia,2004,137.9168915584482,2012960,100,189.24769949400755,89.24769949400755,Latvia (+89%),rel_val-2004,rel_val
Latvia,2004,142.13849149794788,1994096,100,189.24769949400755,89.24769949400755,Latvia (+89%),rel_val-2004,rel_val
Latvia,2004,148.72867460999666,1977815,100,189.24769949400755,89.24769949400755,Latvia (+89%),rel_val-2004,rel_val
Latvia,2004,153.92404444502807,1959817,100,189.24769949400755,89.24769949400755,Latvia (+89%),rel_val-2004,rel_val
Latvia,2004,160.57257604525154,1942550,100,189.24769949400755,89.24769949400755,Latvia (+89%),rel_val-2004,rel_val
Latvia,2004,168.8028907804854,1927526,100,189.24769949400755,89.24769949400755,Latvia (+89%),rel_val-2004,rel_val
Latvia,2004,171.12856606872748,1914220,100,189.24769949400755,89.24769949400755,Latvia (+89%),rel_val-2004,rel_val
Latvia,2004,166.35414101161678,1901069,100,189.24769949400755,89.24769949400755,Latvia (+89%),rel_val-2004,rel_val
Latvia,2004,179.40993970750924,1885546,100,189.24769949400755,89.24769949400755,Latvia (+89%),rel_val-2004,rel_val
Latvia,2004,183.1478018904476,1881016,100,189.24769949400755,89.24769949400755,Latvia (+89%),rel_val-2004,rel_val
Latvia,2004,188.56969050381363,1882336,100,189.24769949400755,89.24769949400755,Latvia (+89%),rel_val-2004,rel_val
Latvia,2004,189.24769949400755,1862441,100,189.24769949400755,89.24769949400755,Latvia (+89%),rel_val-2004,rel_val
Poland,2004,100,38167521,100,216.07043403477977,116.07043403477977,Poland (+116%),rel_val-2004,rel_val
Poland,2004,103.30621477152093,38124333,100,216.07043403477977,116.07043403477977,Poland (+116%),rel_val-2004,rel_val
Poland,2004,109.78292489341881,38071124,100,216.07043403477977,116.07043403477977,Poland (+116%),rel_val-2004,rel_val
Poland,2004,117.26840762693038,38020368,100,216.07043403477977,116.07043403477977,Poland (+116%),rel_val-2004,rel_val
Poland,2004,122.39249344512722,37995854,100,216.07043403477977,116.07043403477977,Poland (+116%),rel_val-2004,rel_val
Poland,2004,125.50813735048378,38002108,100,216.07043403477977,116.07043403477977,Poland (+116%),rel_val-2004,rel_val
Poland,2004,129.855749945041,38095304,100,216.07043403477977,116.07043403477977,Poland (+116%),rel_val-2004,rel_val
Poland,2004,136.60679744478094,38208597,100,216.07043403477977,116.07043403477977,Poland (+116%),rel_val-2004,rel_val
Poland,2004,138.67232550918789,38247820,100,216.07043403477977,116.07043403477977,Poland (+116%),rel_val-2004,rel_val
Poland,2004,139.70547867785726,38259214,100,216.07043403477977,116.07043403477977,Poland (+116%),rel_val-2004,rel_val
Poland,2004,145.2913484276184,38265064,100,216.07043403477977,116.07043403477977,Poland (+116%),rel_val-2004,rel_val
Poland,2004,151.83147092180033,38266267,100,216.07043403477977,116.07043403477977,Poland (+116%),rel_val-2004,rel_val
Poland,2004,156.5010102810927,38263203,100,216.07043403477977,116.07043403477977,Poland (+116%),rel_val-2004,rel_val
Poland,2004,164.54412213782717,38254908,100,216.07043403477977,116.07043403477977,Poland (+116%),rel_val-2004,rel_val
Poland,2004,174.82166500631254,38241017,100,216.07043403477977,116.07043403477977,Poland (+116%),rel_val-2004,rel_val
Poland,2004,182.87396361200143,38225836,100,216.07043403477977,116.07043403477977,Poland (+116%),rel_val-2004,rel_val
Poland,2004,181.2990493755452,38170958,100,216.07043403477977,116.07043403477977,Poland (+116%),rel_val-2004,rel_val
Poland,2004,196.65819357502116,38040252,100,216.07043403477977,116.07043403477977,Poland (+116%),rel_val-2004,rel_val
Poland,2004,207.89185231843987,38385689,100,216.07043403477977,116.07043403477977,Poland (+116%),rel_val-2004,rel_val
Poland,2004,209.1742396568924,38762796,100,216.07043403477977,116.07043403477977,Poland (+116%),rel_val-2004,rel_val
Poland,2004,216.07043403477977,36554707,100,216.07043403477977,116.07043403477977,Poland (+116%),rel_val-2004,rel_val
Romania,2004,100,21403163,100,207.92433978572024,107.92433978572024,Romania (+108%),rel_val-2004,rel_val
Romania,2004,105.31650611223805,21213352,100,207.92433978572024,107.92433978572024,Romania (+108%),rel_val-2004,rel_val
Romania,2004,114.44815897685483,21035673,100,207.92433978572024,107.92433978572024,Romania (+108%),rel_val-2004,rel_val
Romania,2004,124.55352882850713,20870655,100,207.92433978572024,107.92433978572024,Romania (+108%),rel_val-2004,rel_val
Romania,2004,138.43403427534292,20718693,100,207.92433978572024,107.92433978572024,Romania (+108%),rel_val-2004,rel_val
Romania,2004,131.89124230337572,20576869,100,207.92433978572024,107.92433978572024,Romania (+108%),rel_val-2004,rel_val
Romania,2004,127.49484173533801,20432524,100,207.92433978572024,107.92433978572024,Romania (+108%),rel_val-2004,rel_val
Romania,2004,133.8833962492361,20281955,100,207.92433978572024,107.92433978572024,Romania (+108%),rel_val-2004,rel_val
Romania,2004,137.04074249966925,20158399,100,207.92433978572024,107.92433978572024,Romania (+108%),rel_val-2004,rel_val
Romania,2004,137.9340045742142,20062861,100,207.92433978572024,107.92433978572024,Romania (+108%),rel_val-2004,rel_val
Romania,2004,144.15031145431547,19968125,100,207.92433978572024,107.92433978572024,Romania (+108%),rel_val-2004,rel_val
Romania,2004,149.4018073567164,19870968,100,207.92433978572024,107.92433978572024,Romania (+108%),rel_val-2004,rel_val
Romania,2004,154.5587026906513,19777001,100,207.92433978572024,107.92433978572024,Romania (+108%),rel_val-2004,rel_val
Romania,2004,168.19490168536927,19689357,100,207.92433978572024,107.92433978572024,Romania (+108%),rel_val-2004,rel_val
Romania,2004,179.5416969793033,19597823,100,207.92433978572024,107.92433978572024,Romania (+108%),rel_val-2004,rel_val
Romania,2004,187.5711457670663,19501499,100,207.92433978572024,107.92433978572024,Romania (+108%),rel_val-2004,rel_val
Romania,2004,181.67691399744362,19392420,100,207.92433978572024,107.92433978572024,Romania (+108%),rel_val-2004,rel_val
Romania,2004,193.18807885127686,19248115,100,207.92433978572024,107.92433978572024,Romania (+108%),rel_val-2004,rel_val
Romania,2004,201.62417009330176,19166726,100,207.92433978572024,107.92433978572024,Romania (+108%),rel_val-2004,rel_val
Romania,2004,206.35284902777036,19118433,100,207.92433978572024,107.92433978572024,Romania (+108%),rel_val-2004,rel_val
Romania,2004,207.92433978572024,19069340,100,207.92433978572024,107.92433978572024,Romania (+108%),rel_val-2004,rel_val
Slovakia,2004,99.99999999999999,5375995,99.99999999999999,184.71242243218967,84.71242243218968,Slovakia (+85%),rel_val-2004,rel_val
Slovakia,2004,106.47448748514554,5376650,99.99999999999999,184.71242243218967,84.71242243218968,Slovakia (+85%),rel_val-2004,rel_val
Slovakia,2004,115.97273549669963,5376793,99.99999999999999,184.71242243218967,84.71242243218968,Slovakia (+85%),rel_val-2004,rel_val
Slovakia,2004,128.4819016451939,5376949,99.99999999999999,184.71242243218967,84.71242243218968,Slovakia (+85%),rel_val-2004,rel_val
Slovakia,2004,135.2568310314523,5379075,99.99999999999999,184.71242243218967,84.71242243218968,Slovakia (+85%),rel_val-2004,rel_val
Slovakia,2004,127.64028203773474,5385027,99.99999999999999,184.71242243218967,84.71242243218968,Slovakia (+85%),rel_val-2004,rel_val
Slovakia,2004,136.1808317298338,5391807,99.99999999999999,184.71242243218967,84.71242243218968,Slovakia (+85%),rel_val-2004,rel_val
Slovakia,2004,139.49039306534763,5398048,99.99999999999999,184.71242243218967,84.71242243218968,Slovakia (+85%),rel_val-2004,rel_val
Slovakia,2004,141.4383257940376,5404834,99.99999999999999,184.71242243218967,84.71242243218968,Slovakia (+85%),rel_val-2004,rel_val
Slovakia,2004,142.28012127866836,5410370,99.99999999999999,184.71242243218967,84.71242243218968,Slovakia (+85%),rel_val-2004,rel_val
Slovakia,2004,145.99125138411347,5415184,99.99999999999999,184.71242243218967,84.71242243218968,Slovakia (+85%),rel_val-2004,rel_val
Slovakia,2004,153.40318766706042,5420221,99.99999999999999,184.71242243218967,84.71242243218968,Slovakia (+85%),rel_val-2004,rel_val
Slovakia,2004,156.18970993580993,5427217,99.99999999999999,184.71242243218967,84.71242243218968,Slovakia (+85%),rel_val-2004,rel_val
Slovakia,2004,160.4305996428631,5435643,99.99999999999999,184.71242243218967,84.71242243218968,Slovakia (+85%),rel_val-2004,rel_val
Slovakia,2004,166.7164070070341,5443188,99.99999999999999,184.71242243218967,84.71242243218968,Slovakia (+85%),rel_val-2004,rel_val
Slovakia,2004,170.28011142756125,5450575,99.99999999999999,184.71242243218967,84.71242243218968,Slovakia (+85%),rel_val-2004,rel_val
Slovakia,2004,165.73528673780103,5454981,99.99999999999999,184.71242243218967,84.71242243218968,Slovakia (+85%),rel_val-2004,rel_val
Slovakia,2004,175.5539316054752,5442712,99.99999999999999,184.71242243218967,84.71242243218968,Slovakia (+85%),rel_val-2004,rel_val
Slovakia,2004,176.8247212678529,5473145,99.99999999999999,184.71242243218967,84.71242243218968,Slovakia (+85%),rel_val-2004,rel_val
Slovakia,2004,180.82539656750103,5518008,99.99999999999999,184.71242243218967,84.71242243218968,Slovakia (+85%),rel_val-2004,rel_val
Slovakia,2004,184.71242243218967,5422069,99.99999999999999,184.71242243218967,84.71242243218968,Slovakia (+85%),rel_val-2004,rel_val
Slovenia,2004,100,1993503,100,141.35966085154087,41.359660851540866,Slovenia (+41%),rel_val-2004,rel_val
Slovenia,2004,103.67439881213737,1996858,100,141.35966085154087,41.359660851540866,Slovenia (+41%),rel_val-2004,rel_val
Slovenia,2004,109.45046208462922,2003069,100,141.35966085154087,41.359660851540866,Slovenia (+41%),rel_val-2004,rel_val
Slovenia,2004,116.61046221798105,2014110,100,141.35966085154087,41.359660851540866,Slovenia (+41%),rel_val-2004,rel_val
Slovenia,2004,120.35236848584339,2025041,100,141.35966085154087,41.359660851540866,Slovenia (+41%),rel_val-2004,rel_val
Slovenia,2004,110.21618527212632,2035555,100,141.35966085154087,41.359660851540866,Slovenia (+41%),rel_val-2004,rel_val
Slovenia,2004,110.9570231026983,2044566,100,141.35966085154087,41.359660851540866,Slovenia (+41%),rel_val-2004,rel_val
Slovenia,2004,111.45251377811807,2048754,100,141.35966085154087,41.359660851540866,Slovenia (+41%),rel_val-2004,rel_val
Slovenia,2004,107.9760593088893,2053274,100,141.35966085154087,41.359660851540866,Slovenia (+41%),rel_val-2004,rel_val
Slovenia,2004,106.94133201230694,2056403,100,141.35966085154087,41.359660851540866,Slovenia (+41%),rel_val-2004,rel_val
Slovenia,2004,109.78791108186552,2058351,100,141.35966085154087,41.359660851540866,Slovenia (+41%),rel_val-2004,rel_val
Slovenia,2004,112.33097778125874,2059899,100,141.35966085154087,41.359660851540866,Slovenia (+41%),rel_val-2004,rel_val
Slovenia,2004,115.6548785392354,2061329,100,141.35966085154087,41.359660851540866,Slovenia (+41%),rel_val-2004,rel_val
Slovenia,2004,121.5600938673901,2062366,100,141.35966085154087,41.359660851540866,Slovenia (+41%),rel_val-2004,rel_val
Slovenia,2004,126.42408580338697,2069431,100,141.35966085154087,41.359660851540866,Slovenia (+41%),rel_val-2004,rel_val
Slovenia,2004,129.94758248886026,2083395,100,141.35966085154087,41.359660851540866,Slovenia (+41%),rel_val-2004,rel_val
Slovenia,2004,123.80723476264484,2102370,100,141.35966085154087,41.359660851540866,Slovenia (+41%),rel_val-2004,rel_val
Slovenia,2004,133.83393111326478,2113450,100,141.35966085154087,41.359660851540866,Slovenia (+41%),rel_val-2004,rel_val
Slovenia,2004,137.18631782722264,2115184,100,141.35966085154087,41.359660851540866,Slovenia (+41%),rel_val-2004,rel_val
Slovenia,2004,139.53056342280027,2118353,100,141.35966085154087,41.359660851540866,Slovenia (+41%),rel_val-2004,rel_val
Slovenia,2004,141.35966085154087,2126324,100,141.35966085154087,41.359660851540866,Slovenia (+41%),rel_val-2004,rel_val
Bulgaria,2010,100,7437542,100,156.95074866957737,56.950748669577365,Bulgaria (+57%),rel_val-2010,rel_val
Bulgaria,2010,102.74691033630842,7379973,100,156.95074866957737,56.950748669577365,Bulgaria (+57%),rel_val-2010,rel_val
Bulgaria,2010,104.11762203052312,7316974,100,156.95074866957737,56.950748669577365,Bulgaria (+57%),rel_val-2010,rel_val
Bulgaria,2010,105.66237420436607,7264556,100,156.95074866957737,56.950748669577365,Bulgaria (+57%),rel_val-2010,rel_val
Bulgaria,2010,107.96894675873008,7223406,100,156.95074866957737,56.950748669577365,Bulgaria (+57%),rel_val-2010,rel_val
Bulgaria,2010,113.06538954488812,7177463,100,156.95074866957737,56.950748669577365,Bulgaria (+57%),rel_val-2010,rel_val
Bulgaria,2010,118.0096057945253,7127389,100,156.95074866957737,56.950748669577365,Bulgaria (+57%),rel_val-2010,rel_val
Bulgaria,2010,122.86598342139581,7075586,100,156.95074866957737,56.950748669577365,Bulgaria (+57%),rel_val-2010,rel_val
Bulgaria,2010,127.73833096310364,7024687,100,156.95074866957737,56.950748669577365,Bulgaria (+57%),rel_val-2010,rel_val
Bulgaria,2010,134.4630488748494,6975420,100,156.95074866957737,56.950748669577365,Bulgaria (+57%),rel_val-2010,rel_val
Bulgaria,2010,131.45085192711133,6933606,100,156.95074866957737,56.950748669577365,Bulgaria (+57%),rel_val-2010,rel_val
Bulgaria,2010,142.62334285528183,6877173,100,156.95074866957737,56.950748669577365,Bulgaria (+57%),rel_val-2010,rel_val
Bulgaria,2010,149.35222696439948,6825817,100,156.95074866957737,56.950748669577365,Bulgaria (+57%),rel_val-2010,rel_val
Bulgaria,2010,152.60693825284523,6795757,100,156.95074866957737,56.950748669577365,Bulgaria (+57%),rel_val-2010,rel_val
Bulgaria,2010,156.95074866957737,6444366,100,156.95074866957737,56.950748669577365,Bulgaria (+57%),rel_val-2010,rel_val
Czechia,2010,100,10463981,100,122.67266741777459,22.67266741777459,Czechia (+23%),rel_val-2010,rel_val
Czechia,2010,101.56218619113135,10495455,100,122.67266741777459,22.67266741777459,Czechia (+23%),rel_val-2010,rel_val
Czechia,2010,100.63856099501568,10507287,100,122.67266741777459,22.67266741777459,Czechia (+23%),rel_val-2010,rel_val
Czechia,2010,100.56311931595071,10511117,100,122.67266741777459,22.67266741777459,Czechia (+23%),rel_val-2010,rel_val
Czechia,2010,102.71278426279463,10517176,100,122.67266741777459,22.67266741777459,Czechia (+23%),rel_val-2010,rel_val
Czechia,2010,107.59433676484265,10524367,100,122.67266741777459,22.67266741777459,Czechia (+23%),rel_val-2010,rel_val
Czechia,2010,110.15944412812948,10531895,100,122.67266741777459,22.67266741777459,Czechia (+23%),rel_val-2010,rel_val
Czechia,2010,115.55125341564595,10541301,100,122.67266741777459,22.67266741777459,Czechia (+23%),rel_val-2010,rel_val
Czechia,2010,118.42499887607025,10548878,100,122.67266741777459,22.67266741777459,Czechia (+23%),rel_val-2010,rel_val
Czechia,2010,122.1657461933427,10554819,100,122.67266741777459,22.67266741777459,Czechia (+23%),rel_val-2010,rel_val
Czechia,2010,115.40397024283249,10550083,100,122.67266741777459,22.67266741777459,Czechia (+23%),rel_val-2010,rel_val
Czechia,2010,122.24866014223765,10530619,100,122.67266741777459,22.67266741777459,Czechia (+23%),rel_val-2010,rel_val
Czechia,2010,123.76954928288912,10673169,100,122.67266741777459,22.67266741777459,Czechia (+23%),rel_val-2010,rel_val
Czechia,2010,121.51584931618702,10809674,100,122.67266741777459,22.67266741777459,Czechia (+23%),rel_val-2010,rel_val
Czechia,2010,122.67266741777459,10882164,100,122.67266741777459,22.67266741777459,Czechia (+23%),rel_val-2010,rel_val
Estonia,2010,100,1331406,100,136.7588496801985,36.758849680198495,Estonia (+37%),rel_val-2010,rel_val
Estonia,2010,107.93414724975209,1327315,100,136.7588496801985,36.758849680198495,Estonia (+37%),rel_val-2010,rel_val
Estonia,2010,112.29875792377075,1322570,100,136.7588496801985,36.758849680198495,Estonia (+37%),rel_val-2010,rel_val
Estonia,2010,114.67868528678278,1317872,100,136.7588496801985,36.758849680198495,Estonia (+37%),rel_val-2010,rel_val
Estonia,2010,118.80037015740848,1314402,100,136.7588496801985,36.758849680198495,Estonia (+37%),rel_val-2010,rel_val
Estonia,2010,120.9048201336915,1314538,100,136.7588496801985,36.758849680198495,Estonia (+37%),rel_val-2010,rel_val
Estonia,2010,124.608147957234,1315802,100,136.7588496801985,36.758849680198495,Estonia (+37%),rel_val-2010,rel_val
Estonia,2010,131.47014086628621,1317381,100,136.7588496801985,36.758849680198495,Estonia (+37%),rel_val-2010,rel_val
Estonia,2010,135.8604670609613,1321918,100,136.7588496801985,36.758849680198495,Estonia (+37%),rel_val-2010,rel_val
Estonia,2010,140.40087444025542,1326772,100,136.7588496801985,36.758849680198495,Estonia (+37%),rel_val-2010,rel_val
Estonia,2010,136.08287351797156,1329618,100,136.7588496801985,36.758849680198495,Estonia (+37%),rel_val-2010,rel_val
Estonia,2010,145.66436860149676,1331699,100,136.7588496801985,36.758849680198495,Estonia (+37%),rel_val-2010,rel_val
Estonia,2010,143.81729908131092,1350038,100,136.7588496801985,36.758849680198495,Estonia (+37%),rel_val-2010,rel_val
Estonia,2010,137.28684220714402,1367143,100,136.7588496801985,36.758849680198495,Estonia (+37%),rel_val-2010,rel_val
Estonia,2010,136.7588496801985,1371986,100,136.7588496801985,36.758849680198495,Estonia (+37%),rel_val-2010,rel_val
Croatia,2010,100,4301108,100,148.51774037315207,48.517740373152066,Croatia (+49%),rel_val-2010,rel_val
Croatia,2010,100.24777141513363,4280782,100,148.51774037315207,48.517740373152066,Croatia (+49%),rel_val-2010,rel_val
Croatia,2010,98.45428359099914,4259181,100,148.51774037315207,48.517740373152066,Croatia (+49%),rel_val-2010,rel_val
Croatia,2010,98.94496831123172,4242353,100,148.51774037315207,48.517740373152066,Croatia (+49%),rel_val-2010,rel_val
Croatia,2010,99.15066484432917,4219439,100,148.51774037315207,48.517740373152066,Croatia (+49%),rel_val-2010,rel_val
Croatia,2010,102.67283579553418,4183681,100,148.51774037315207,48.517740373152066,Croatia (+49%),rel_val-2010,rel_val
Croatia,2010,107.38675353091868,4136388,100,148.51774037315207,48.517740373152066,Croatia (+49%),rel_val-2010,rel_val
Croatia,2010,112.70651483495853,4079152,100,148.51774037315207,48.517740373152066,Croatia (+49%),rel_val-2010,rel_val
Croatia,2010,117.51064322047093,4024820,100,148.51774037315207,48.517740373152066,Croatia (+49%),rel_val-2010,rel_val
Croatia,2010,122.3621883727938,3986292,100,148.51774037315207,48.517740373152066,Croatia (+49%),rel_val-2010,rel_val
Croatia,2010,113.20035057327274,3953898,100,148.51774037315207,48.517740373152066,Croatia (+49%),rel_val-2010,rel_val
Croatia,2010,128.6573015324186,3924558,100,148.51774037315207,48.517740373152066,Croatia (+49%),rel_val-2010,rel_val
Croatia,2010,138.86934687691476,3906988,100,148.51774037315207,48.517740373152066,Croatia (+49%),rel_val-2010,rel_val
Croatia,2010,143.3052261226807,3895973,100,148.51774037315207,48.517740373152066,Croatia (+49%),rel_val-2010,rel_val
Croatia,2010,148.51774037315207,3866300,100,148.51774037315207,48.517740373152066,Croatia (+49%),rel_val-2010,rel_val
Hungary,2010,100,9979076,100,146.4009668671933,46.40096686719329,Hungary (+46%),rel_val-2010,rel_val
Hungary,2010,102.20591034474606,9946626,100,146.4009668671933,46.40096686719329,Hungary (+46%),rel_val-2010,rel_val
Hungary,2010,101.35898462965437,9916568,100,146.4009668671933,46.40096686719329,Hungary (+46%),rel_val-2010,rel_val
Hungary,2010,103.91768379593516,9889294,100,146.4009668671933,46.40096686719329,Hungary (+46%),rel_val-2010,rel_val
Hungary,2010,108.85954297258529,9862785,100,146.4009668671933,46.40096686719329,Hungary (+46%),rel_val-2010,rel_val
Hungary,2010,113.24996671377015,9839162,100,146.4009668671933,46.40096686719329,Hungary (+46%),rel_val-2010,rel_val
Hungary,2010,116.46342364489668,9810479,100,146.4009668671933,46.40096686719329,Hungary (+46%),rel_val-2010,rel_val
Hungary,2010,121.67799853176396,9785561,100,146.4009668671933,46.40096686719329,Hungary (+46%),rel_val-2010,rel_val
Hungary,2010,128.76143894744615,9774342,100,146.4009668671933,46.40096686719329,Hungary (+46%),rel_val-2010,rel_val
Hungary,2010,135.46831859815916,9770300,100,146.4009668671933,46.40096686719329,Hungary (+46%),rel_val-2010,rel_val
Hungary,2010,129.91776518221667,9749421,100,146.4009668671933,46.40096686719329,Hungary (+46%),rel_val-2010,rel_val
Hungary,2010,139.87275519279055,9707794,100,146.4009668671933,46.40096686719329,Hungary (+46%),rel_val-2010,rel_val
Hungary,2010,146.23844220668252,9684259,100,146.4009668671933,46.40096686719329,Hungary (+46%),rel_val-2010,rel_val
Hungary,2010,145.2011707511637,9686418,100,146.4009668671933,46.40096686719329,Hungary (+46%),rel_val-2010,rel_val
Hungary,2010,146.4009668671933,9562314,100,146.4009668671933,46.40096686719329,Hungary (+46%),rel_val-2010,rel_val
Lithuania,2010,100,3097660,100,175.43105038180394,75.43105038180394,Lithuania (+75%),rel_val-2010,rel_val
Lithuania,2010,108.75223892258066,3028588,100,175.43105038180394,75.43105038180394,Lithuania (+75%),rel_val-2010,rel_val
Lithuania,2010,114.9989415173607,2988281,100,175.43105038180394,75.43105038180394,Lithuania (+75%),rel_val-2010,rel_val
Lithuania,2010,120.77973725420149,2958306,100,175.43105038180394,75.43105038180394,Lithuania (+75%),rel_val-2010,rel_val
Lithuania,2010,126.36018730540765,2933118,100,175.43105038180394,75.43105038180394,Lithuania (+75%),rel_val-2010,rel_val
Lithuania,2010,131.1066856044413,2905726,100,175.43105038180394,75.43105038180394,Lithuania (+75%),rel_val-2010,rel_val
Lithuania,2010,136.19026939090253,2869051,100,175.43105038180394,75.43105038180394,Lithuania (+75%),rel_val-2010,rel_val
Lithuania,2010,144.21014128923633,2829273,100,175.43105038180394,75.43105038180394,Lithuania (+75%),rel_val-2010,rel_val
Lithuania,2010,152.56086816282811,2802430,100,175.43105038180394,75.43105038180394,Lithuania (+75%),rel_val-2010,rel_val
Lithuania,2010,160.15745891953205,2795011,100,175.43105038180394,75.43105038180394,Lithuania (+75%),rel_val-2010,rel_val
Lithuania,2010,160.26708063725167,2795711,100,175.43105038180394,75.43105038180394,Lithuania (+75%),rel_val-2010,rel_val
Lithuania,2010,170.61289505318803,2794443,100,175.43105038180394,75.43105038180394,Lithuania (+75%),rel_val-2010,rel_val
Lithuania,2010,173.50527072420948,2816872,100,175.43105038180394,75.43105038180394,Lithuania (+75%),rel_val-2010,rel_val
Lithuania,2010,171.67725931873144,2854061,100,175.43105038180394,75.43105038180394,Lithuania (+75%),rel_val-2010,rel_val
Lithuania,2010,175.43105038180394,2888055,100,175.43105038180394,75.43105038180394,Lithuania (+75%),rel_val-2010,rel_val
Latvia,2010,100,2097787,100,161.42819227248964,61.42819227248964,Latvia (+61%),rel_val-2010,rel_val
Latvia,2010,104.92957999064139,2059892,100,161.42819227248964,61.42819227248964,Latvia (+61%),rel_val-2010,rel_val
Latvia,2010,114.00021709854441,2034577,100,161.42819227248964,61.42819227248964,Latvia (+61%),rel_val-2010,rel_val
Latvia,2010,117.64303897826908,2012960,100,161.42819227248964,61.42819227248964,Latvia (+61%),rel_val-2010,rel_val
Latvia,2010,121.24406159864003,1994096,100,161.42819227248964,61.42819227248964,Latvia (+61%),rel_val-2010,rel_val
Latvia,2010,126.86548447124095,1977815,100,161.42819227248964,61.42819227248964,Latvia (+61%),rel_val-2010,rel_val
Latvia,2010,131.29713232164298,1959817,100,161.42819227248964,61.42819227248964,Latvia (+61%),rel_val-2010,rel_val
Latvia,2010,136.96832642524464,1942550,100,161.42819227248964,61.42819227248964,Latvia (+61%),rel_val-2010,rel_val
Latvia,2010,143.98878074566562,1927526,100,161.42819227248964,61.42819227248964,Latvia (+61%),rel_val-2010,rel_val
Latvia,2010,145.9725805942107,1914220,100,161.42819227248964,61.42819227248964,Latvia (+61%),rel_val-2010,rel_val
Latvia,2010,141.8999984271854,1901069,100,161.42819227248964,61.42819227248964,Latvia (+61%),rel_val-2010,rel_val
Latvia,2010,153.03658813362028,1885546,100,161.42819227248964,61.42819227248964,Latvia (+61%),rel_val-2010,rel_val
Latvia,2010,156.22498269148676,1881016,100,161.42819227248964,61.42819227248964,Latvia (+61%),rel_val-2010,rel_val
Latvia,2010,160.84985094562472,1882336,100,161.42819227248964,61.42819227248964,Latvia (+61%),rel_val-2010,rel_val
Latvia,2010,161.42819227248964,1862441,100,161.42819227248964,61.42819227248964,Latvia (+61%),rel_val-2010,rel_val
Poland,2010,100,38095304,100,166.3926581042638,66.3926581042638,Poland (+66%),rel_val-2010,rel_val
Poland,2010,105.19888222323402,38208597,100,166.3926581042638,66.3926581042638,Poland (+66%),rel_val-2010,rel_val
Poland,2010,106.78951495630987,38247820,100,166.3926581042638,66.3926581042638,Poland (+66%),rel_val-2010,rel_val
Poland,2010,107.58513099110743,38259214,100,166.3926581042638,66.3926581042638,Poland (+66%),rel_val-2010,rel_val
Poland,2010,111.88672699446136,38265064,100,166.3926581042638,66.3926581042638,Poland (+66%),rel_val-2010,rel_val
Poland,2010,116.9231789782587,38266267,100,166.3926581042638,66.3926581042638,Poland (+66%),rel_val-2010,rel_val
Poland,2010,120.51912244727617,38263203,100,166.3926581042638,66.3926581042638,Poland (+66%),rel_val-2010,rel_val
Poland,2010,126.71300439716177,38254908,100,166.3926581042638,66.3926581042638,Poland (+66%),rel_val-2010,rel_val
Poland,2010,134.62758875159747,38241017,100,166.3926581042638,66.3926581042638,Poland (+66%),rel_val-2010,rel_val
Poland,2010,140.82854528151384,38225836,100,166.3926581042638,66.3926581042638,Poland (+66%),rel_val-2010,rel_val
Poland,2010,139.61572702962835,38170958,100,166.3926581042638,66.3926581042638,Poland (+66%),rel_val-2010,rel_val
Poland,2010,151.44357770699648,38040252,100,166.3926581042638,66.3926581042638,Poland (+66%),rel_val-2010,rel_val
Poland,2010,160.0944528112357,38385689,100,166.3926581042638,66.3926581042638,Poland (+66%),rel_val-2010,rel_val
Poland,2010,161.08200040846978,38762796,100,166.3926581042638,66.3926581042638,Poland (+66%),rel_val-2010,rel_val
Poland,2010,166.3926581042638,36554707,100,166.3926581042638,66.3926581042638,Poland (+66%),rel_val-2010,rel_val
Romania,2010,100,20432524,100,163.08451146387785,63.084511463877845,Romania (+63%),rel_val-2010,rel_val
Romania,2010,105.01083371448068,20281955,100,163.08451146387785,63.084511463877845,Romania (+63%),rel_val-2010,rel_val
Romania,2010,107.4872839045106,20158399,100,163.08451146387785,63.084511463877845,Romania (+63%),rel_val-2010,rel_val
Romania,2010,108.1879099552486,20062861,100,163.08451146387785,63.084511463877845,Romania (+63%),rel_val-2010,rel_val
Romania,2010,113.0636420205548,19968125,100,163.08451146387785,63.084511463877845,Romania (+63%),rel_val-2010,rel_val
Romania,2010,117.18262897792704,19870968,100,163.08451146387785,63.084511463877845,Romania (+63%),rel_val-2010,rel_val
Romania,2010,121.22741640912359,19777001,100,163.08451146387785,63.084511463877845,Romania (+63%),rel_val-2010,rel_val
Romania,2010,131.9229071514274,19689357,100,163.08451146387785,63.084511463877845,Romania (+63%),rel_val-2010,rel_val
Romania,2010,140.82271450009523,19597823,100,163.08451146387785,63.084511463877845,Romania (+63%),rel_val-2010,rel_val
Romania,2010,147.12057618490837,19501499,100,163.08451146387785,63.084511463877845,Romania (+63%),rel_val-2010,rel_val
Romania,2010,142.49746226955617,19392420,100,163.08451146387785,63.084511463877845,Romania (+63%),rel_val-2010,rel_val
Romania,2010,151.52619213592115,19248115,100,163.08451146387785,63.084511463877845,Romania (+63%),rel_val-2010,rel_val
Romania,2010,158.1430019826576,19166726,100,163.08451146387785,63.084511463877845,Romania (+63%),rel_val-2010,rel_val
Romania,2010,161.85191982600432,19118433,100,163.08451146387785,63.084511463877845,Romania (+63%),rel_val-2010,rel_val
Romania,2010,163.08451146387785,19069340,100,163.08451146387785,63.084511463877845,Romania (+63%),rel_val-2010,rel_val
Slovakia,2010,100,5391807,100,135.63760779390498,35.63760779390498,Slovakia (+36%),rel_val-2010,rel_val
Slovakia,2010,102.43026958601604,5398048,100,135.63760779390498,35.63760779390498,Slovakia (+36%),rel_val-2010,rel_val
Slovakia,2010,103.8606711366208,5404834,100,135.63760779390498,35.63760779390498,Slovakia (+36%),rel_val-2010,rel_val
Slovakia,2010,104.47881649080746,5410370,100,135.63760779390498,35.63760779390498,Slovakia (+36%),rel_val-2010,rel_val
Slovakia,2010,107.20396514668258,5415184,100,135.63760779390498,35.63760779390498,Slovakia (+36%),rel_val-2010,rel_val
Slovakia,2010,112.6466814150421,5420221,100,135.63760779390498,35.63760779390498,Slovakia (+36%),rel_val-2010,rel_val
Slovakia,2010,114.69287413787522,5427217,100,135.63760779390498,35.63760779390498,Slovakia (+36%),rel_val-2010,rel_val
Slovakia,2010,117.80703466486229,5435643,100,135.63760779390498,35.63760779390498,Slovakia (+36%),rel_val-2010,rel_val
Slovakia,2010,122.42281449549314,5443188,100,135.63760779390498,35.63760779390498,Slovakia (+36%),rel_val-2010,rel_val
Slovakia,2010,125.039705856237,5450575,100,135.63760779390498,35.63760779390498,Slovakia (+36%),rel_val-2010,rel_val
Slovakia,2010,121.70236048095202,5454981,100,135.63760779390498,35.63760779390498,Slovakia (+36%),rel_val-2010,rel_val
Slovakia,2010,128.91236554771,5442712,100,135.63760779390498,35.63760779390498,Slovakia (+36%),rel_val-2010,rel_val
Slovakia,2010,129.8455289351233,5473145,100,135.63760779390498,35.63760779390498,Slovakia (+36%),rel_val-2010,rel_val
Slovakia,2010,132.783295762385,5518008,100,135.63760779390498,35.63760779390498,Slovakia (+36%),rel_val-2010,rel_val
Slovakia,2010,135.63760779390498,5422069,100,135.63760779390498,35.63760779390498,Slovakia (+36%),rel_val-2010,rel_val
Slovenia,2010,100,2044566,100,127.40037259354268,27.400372593542684,Slovenia (+27%),rel_val-2010,rel_val
Slovenia,2010,100.44656089498828,2048754,100,127.40037259354268,27.400372593542684,Slovenia (+27%),rel_val-2010,rel_val
Slovenia,2010,97.3134068394662,2053274,100,127.40037259354268,27.400372593542684,Slovenia (+27%),rel_val-2010,rel_val
Slovenia,2010,96.38085902261945,2056403,100,127.40037259354268,27.400372593542684,Slovenia (+27%),rel_val-2010,rel_val
Slovenia,2010,98.94633797109833,2058351,100,127.40037259354268,27.400372593542684,Slovenia (+27%),rel_val-2010,rel_val
Slovenia,2010,101.23827644266262,2059899,100,127.40037259354268,27.400372593542684,Slovenia (+27%),rel_val-2010,rel_val
Slovenia,2010,104.23394148938992,2061329,100,127.40037259354268,27.400372593542684,Slovenia (+27%),rel_val-2010,rel_val
Slovenia,2010,109.55601589534169,2062366,100,127.40037259354268,27.400372593542684,Slovenia (+27%),rel_val-2010,rel_val
Slovenia,2010,113.93968787930876,2069431,100,127.40037259354268,27.400372593542684,Slovenia (+27%),rel_val-2010,rel_val
Slovenia,2010,117.11523872498354,2083395,100,127.40037259354268,27.400372593542684,Slovenia (+27%),rel_val-2010,rel_val
Slovenia,2010,111.58125128145588,2102370,100,127.40037259354268,27.400372593542684,Slovenia (+27%),rel_val-2010,rel_val
Slovenia,2010,120.61780982479347,2113450,100,127.40037259354268,27.400372593542684,Slovenia (+27%),rel_val-2010,rel_val
Slovenia,2010,123.6391478349661,2115184,100,127.40037259354268,27.400372593542684,Slovenia (+27%),rel_val-2010,rel_val
Slovenia,2010,125.75189881730624,2118353,100,127.40037259354268,27.400372593542684,Slovenia (+27%),rel_val-2010,rel_val
Slovenia,2010,127.40037259354268,2126324,100,127.40037259354268,27.400372593542684,Slovenia (+27%),rel_val-2010,rel_val
Bulgaria,2004,16.3835602241501,7749383,16.3835602241501,34.0851952950467,17.701635070896604,Bulgaria (+18k USD PPP),value-2004,value
Bulgaria,2004,17.6722094683049,7695001,16.3835602241501,34.0851952950467,17.701635070896604,Bulgaria (+18k USD PPP),value-2004,value
Bulgaria,2004,19.018275019453597,7640243,16.3835602241501,34.0851952950467,17.701635070896604,Bulgaria (+18k USD PPP),value-2004,value
Bulgaria,2004,20.433517792146397,7586847,16.3835602241501,34.0851952950467,17.701635070896604,Bulgaria (+18k USD PPP),value-2004,value
Bulgaria,2004,21.8387567442943,7535541,16.3835602241501,34.0851952950467,17.701635070896604,Bulgaria (+18k USD PPP),value-2004,value
Bulgaria,2004,21.244215225915,7487966,16.3835602241501,34.0851952950467,17.701635070896604,Bulgaria (+18k USD PPP),value-2004,value
Bulgaria,2004,21.717128197205998,7437542,16.3835602241501,34.0851952950467,17.701635070896604,Bulgaria (+18k USD PPP),value-2004,value
Bulgaria,2004,22.3136782364044,7379973,16.3835602241501,34.0851952950467,17.701635070896604,Bulgaria (+18k USD PPP),value-2004,value
Bulgaria,2004,22.611357452251102,7316974,16.3835602241501,34.0851952950467,17.701635070896604,Bulgaria (+18k USD PPP),value-2004,value
Bulgaria,2004,22.946833262173698,7264556,16.3835602241501,34.0851952950467,17.701635070896604,Bulgaria (+18k USD PPP),value-2004,value
Bulgaria,2004,23.4477545807665,7223406,16.3835602241501,34.0851952950467,17.701635070896604,Bulgaria (+18k USD PPP),value-2004,value
Bulgaria,2004,24.5545555941337,7177463,16.3835602241501,34.0851952950467,17.701635070896604,Bulgaria (+18k USD PPP),value-2004,value
Bulgaria,2004,25.628297375414498,7127389,16.3835602241501,34.0851952950467,17.701635070896604,Bulgaria (+18k USD PPP),value-2004,value
Bulgaria,2004,26.682963130382397,7075586,16.3835602241501,34.0851952950467,17.701635070896604,Bulgaria (+18k USD PPP),value-2004,value
Bulgaria,2004,27.7410970922285,7024687,16.3835602241501,34.0851952950467,17.701635070896604,Bulgaria (+18k USD PPP),value-2004,value
Bulgaria,2004,29.2015127020228,6975420,16.3835602241501,34.0851952950467,17.701635070896604,Bulgaria (+18k USD PPP),value-2004,value
Bulgaria,2004,28.5473500293302,6933606,16.3835602241501,34.0851952950467,17.701635070896604,Bulgaria (+18k USD PPP),value-2004,value
Bulgaria,2004,30.9736942070222,6877173,16.3835602241501,34.0851952950467,17.701635070896604,Bulgaria (+18k USD PPP),value-2004,value
Bulgaria,2004,32.4350145952407,6825817,16.3835602241501,34.0851952950467,17.701635070896604,Bulgaria (+18k USD PPP),value-2004,value
Bulgaria,2004,33.1418444182014,6795757,16.3835602241501,34.0851952950467,17.701635070896604,Bulgaria (+18k USD PPP),value-2004,value
Bulgaria,2004,34.0851952950467,6444366,16.3835602241501,34.0851952950467,17.701635070896604,Bulgaria (+18k USD PPP),value-2004,value
Czechia,2004,33.4523408000614,10261411,33.4523408000614,47.961809513148296,14.509468713086896,Czechia (+15k USD PPP),value-2004,value
Czechia,2004,35.535747996151095,10280103,33.4523408000614,47.961809513148296,14.509468713086896,Czechia (+15k USD PPP),value-2004,value
Czechia,2004,37.7868781740905,10304542,33.4523408000614,47.961809513148296,14.509468713086896,Czechia (+15k USD PPP),value-2004,value
Czechia,2004,39.6290061324728,10337488,33.4523408000614,47.961809513148296,14.509468713086896,Czechia (+15k USD PPP),value-2004,value
Czechia,2004,40.3283426630095,10378248,33.4523408000614,47.961809513148296,14.509468713086896,Czechia (+15k USD PPP),value-2004,value
Czechia,2004,38.1751422773334,10420931,33.4523408000614,47.961809513148296,14.509468713086896,Czechia (+15k USD PPP),value-2004,value
Czechia,2004,39.0973886218756,10463981,33.4523408000614,47.961809513148296,14.509468713086896,Czechia (+15k USD PPP),value-2004,value
Czechia,2004,39.7081626280195,10495455,33.4523408000614,47.961809513148296,14.509468713086896,Czechia (+15k USD PPP),value-2004,value
Czechia,2004,39.3470492956846,10507287,33.4523408000614,47.961809513148296,14.509468713086896,Czechia (+15k USD PPP),value-2004,value
Czechia,2004,39.3175535692377,10511117,33.4523408000614,47.961809513148296,14.509468713086896,Czechia (+15k USD PPP),value-2004,value
Czechia,2004,40.1580164275735,10517176,33.4523408000614,47.961809513148296,14.509468713086896,Czechia (+15k USD PPP),value-2004,value
Czechia,2004,42.0665759800801,10524367,33.4523408000614,47.961809513148296,14.509468713086896,Czechia (+15k USD PPP),value-2004,value
Czechia,2004,43.069465974472706,10531895,33.4523408000614,47.961809513148296,14.509468713086896,Czechia (+15k USD PPP),value-2004,value
Czechia,2004,45.1775226053634,10541301,33.4523408000614,47.961809513148296,14.509468713086896,Czechia (+15k USD PPP),value-2004,value
Czechia,2004,46.301082036029,10548878,33.4523408000614,47.961809513148296,14.509468713086896,Czechia (+15k USD PPP),value-2004,value
Czechia,2004,47.7636165520254,10554819,33.4523408000614,47.961809513148296,14.509468713086896,Czechia (+15k USD PPP),value-2004,value
Czechia,2004,45.1199387309139,10550083,33.4523408000614,47.961809513148296,14.509468713086896,Czechia (+15k USD PPP),value-2004,value
Czechia,2004,47.7960337408466,10530619,33.4523408000614,47.961809513148296,14.509468713086896,Czechia (+15k USD PPP),value-2004,value
Czechia,2004,48.390661678675,10673169,33.4523408000614,47.961809513148296,14.509468713086896,Czechia (+15k USD PPP),value-2004,value
Czechia,2004,47.5095238443224,10809674,33.4523408000614,47.961809513148296,14.509468713086896,Czechia (+15k USD PPP),value-2004,value
Czechia,2004,47.961809513148296,10882164,33.4523408000614,47.961809513148296,14.509468713086896,Czechia (+15k USD PPP),value-2004,value
Estonia,2004,27.6653068254089,1362623,27.6653068254089,41.5461201868122,13.880813361403302,Estonia (+14k USD PPP),value-2004,value
Estonia,2004,30.4737787570071,1354799,27.6653068254089,41.5461201868122,13.880813361403302,Estonia (+14k USD PPP),value-2004,value
Estonia,2004,33.646618508555406,1346833,27.6653068254089,41.5461201868122,13.880813361403302,Estonia (+14k USD PPP),value-2004,value
Estonia,2004,36.3594666305513,1340672,27.6653068254089,41.5461201868122,13.880813361403302,Estonia (+14k USD PPP),value-2004,value
Estonia,2004,34.5885500287282,1337032,27.6653068254089,41.5461201868122,13.880813361403302,Estonia (+14k USD PPP),value-2004,value
Estonia,2004,29.585143965223402,1334487,27.6653068254089,41.5461201868122,13.880813361403302,Estonia (+14k USD PPP),value-2004,value
Estonia,2004,30.3791091281954,1331406,27.6653068254089,41.5461201868122,13.880813361403302,Estonia (+14k USD PPP),value-2004,value
Estonia,2004,32.7894323795893,1327315,27.6653068254089,41.5461201868122,13.880813361403302,Estonia (+14k USD PPP),value-2004,value
Estonia,2004,34.115362219270295,1322570,27.6653068254089,41.5461201868122,13.880813361403302,Estonia (+14k USD PPP),value-2004,value
Estonia,2004,34.838362950051504,1317872,27.6653068254089,41.5461201868122,13.880813361403302,Estonia (+14k USD PPP),value-2004,value
Estonia,2004,36.0904940948192,1314402,27.6653068254089,41.5461201868122,13.880813361403302,Estonia (+14k USD PPP),value-2004,value
Estonia,2004,36.7298072496625,1314538,27.6653068254089,41.5461201868122,13.880813361403302,Estonia (+14k USD PPP),value-2004,value
Estonia,2004,37.8548452505513,1315802,27.6653068254089,41.5461201868122,13.880813361403302,Estonia (+14k USD PPP),value-2004,value
Estonia,2004,39.939457564761305,1317381,27.6653068254089,41.5461201868122,13.880813361403302,Estonia (+14k USD PPP),value-2004,value
Estonia,2004,41.273199550525405,1321918,27.6653068254089,41.5461201868122,13.880813361403302,Estonia (+14k USD PPP),value-2004,value
Estonia,2004,42.652534863145796,1326772,27.6653068254089,41.5461201868122,13.880813361403302,Estonia (+14k USD PPP),value-2004,value
Estonia,2004,41.3407646508087,1329618,27.6653068254089,41.5461201868122,13.880813361403302,Estonia (+14k USD PPP),value-2004,value
Estonia,2004,44.2515374983455,1331699,27.6653068254089,41.5461201868122,13.880813361403302,Estonia (+14k USD PPP),value-2004,value
Estonia,2004,43.690414233134604,1350038,27.6653068254089,41.5461201868122,13.880813361403302,Estonia (+14k USD PPP),value-2004,value
Estonia,2004,41.7065196127617,1367143,27.6653068254089,41.5461201868122,13.880813361403302,Estonia (+14k USD PPP),value-2004,value
Estonia,2004,41.5461201868122,1371986,27.6653068254089,41.5461201868122,13.880813361403302,Estonia (+14k USD PPP),value-2004,value
Croatia,2004,26.530769608628802,4310013,26.530769608628802,42.6337666808329,16.102997072204097,Croatia (+16k USD PPP),value-2004,value
Croatia,2004,27.6431675756662,4313901,26.530769608628802,42.6337666808329,16.102997072204097,Croatia (+16k USD PPP),value-2004,value
Croatia,2004,29.0410135537341,4315751,26.530769608628802,42.6337666808329,16.102997072204097,Croatia (+16k USD PPP),value-2004,value
Croatia,2004,30.5139286585701,4315907,26.530769608628802,42.6337666808329,16.102997072204097,Croatia (+16k USD PPP),value-2004,value
Croatia,2004,31.1183193031352,4314591,26.530769608628802,42.6337666808329,16.102997072204097,Croatia (+16k USD PPP),value-2004,value
Croatia,2004,29.0284024680788,4310491,26.530769608628802,42.6337666808329,16.102997072204097,Croatia (+16k USD PPP),value-2004,value
Croatia,2004,28.7061778436133,4301108,26.530769608628802,42.6337666808329,16.102997072204097,Croatia (+16k USD PPP),value-2004,value
Croatia,2004,28.7773035466872,4280782,26.530769608628802,42.6337666808329,16.102997072204097,Croatia (+16k USD PPP),value-2004,value
Croatia,2004,28.2624617422876,4259181,26.530769608628802,42.6337666808329,16.102997072204097,Croatia (+16k USD PPP),value-2004,value
Croatia,2004,28.403318570729,4242353,26.530769608628802,42.6337666808329,16.102997072204097,Croatia (+16k USD PPP),value-2004,value
Croatia,2004,28.4623661833381,4219439,26.530769608628802,42.6337666808329,16.102997072204097,Croatia (+16k USD PPP),value-2004,value
Croatia,2004,29.4734468405471,4183681,26.530769608628802,42.6337666808329,16.102997072204097,Croatia (+16k USD PPP),value-2004,value
Croatia,2004,30.8266324490682,4136388,26.530769608628802,42.6337666808329,16.102997072204097,Croatia (+16k USD PPP),value-2004,value
Croatia,2004,32.3537325898616,4079152,26.530769608628802,42.6337666808329,16.102997072204097,Croatia (+16k USD PPP),value-2004,value
Croatia,2004,33.7328142280423,4024820,26.530769608628802,42.6337666808329,16.102997072204097,Croatia (+16k USD PPP),value-2004,value
Croatia,2004,35.125507407631304,3986292,26.530769608628802,42.6337666808329,16.102997072204097,Croatia (+16k USD PPP),value-2004,value
Croatia,2004,32.4954939551574,3953898,26.530769608628802,42.6337666808329,16.102997072204097,Croatia (+16k USD PPP),value-2004,value
Croatia,2004,36.9325937866899,3924558,26.530769608628802,42.6337666808329,16.102997072204097,Croatia (+16k USD PPP),value-2004,value
Croatia,2004,39.8640816847514,3906988,26.530769608628802,42.6337666808329,16.102997072204097,Croatia (+16k USD PPP),value-2004,value
Croatia,2004,41.1374530699689,3895973,26.530769608628802,42.6337666808329,16.102997072204097,Croatia (+16k USD PPP),value-2004,value
Croatia,2004,42.6337666808329,3866300,26.530769608628802,42.6337666808329,16.102997072204097,Croatia (+16k USD PPP),value-2004,value
Hungary,2004,26.568118861864,10085736,26.568118861864,40.7021535135968,14.134034651732797,Hungary (+14k USD PPP),value-2004,value
Hungary,2004,27.7657886146197,10065654,26.568118861864,40.7021535135968,14.134034651732797,Hungary (+14k USD PPP),value-2004,value
Hungary,2004,28.9030475407078,10049900,26.568118861864,40.7021535135968,14.134034651732797,Hungary (+14k USD PPP),value-2004,value
Hungary,2004,29.0440669021254,10034027,26.568118861864,40.7021535135968,14.134034651732797,Hungary (+14k USD PPP),value-2004,value
Hungary,2004,29.3840070385818,10016610,26.568118861864,40.7021535135968,14.134034651732797,Hungary (+14k USD PPP),value-2004,value
Hungary,2004,27.445959458479,10001329,26.568118861864,40.7021535135968,14.134034651732797,Hungary (+14k USD PPP),value-2004,value
Hungary,2004,27.801833816111,9979076,26.568118861864,40.7021535135968,14.134034651732797,Hungary (+14k USD PPP),value-2004,value
Hungary,2004,28.4151173442897,9946626,26.568118861864,40.7021535135968,14.134034651732797,Hungary (+14k USD PPP),value-2004,value
Hungary,2004,28.179656464434,9916568,26.568118861864,40.7021535135968,14.134034651732797,Hungary (+14k USD PPP),value-2004,value
Hungary,2004,28.8910217544976,9889294,26.568118861864,40.7021535135968,14.134034651732797,Hungary (+14k USD PPP),value-2004,value
Hungary,2004,30.2649492302161,9862785,26.568118861864,40.7021535135968,14.134034651732797,Hungary (+14k USD PPP),value-2004,value
Hungary,2004,31.4855675425634,9839162,26.568118861864,40.7021535135968,14.134034651732797,Hungary (+14k USD PPP),value-2004,value
Hungary,2004,32.378967498307496,9810479,26.568118861864,40.7021535135968,14.134034651732797,Hungary (+14k USD PPP),value-2004,value
Hungary,2004,33.828714942571004,9785561,26.568118861864,40.7021535135968,14.134034651732797,Hungary (+14k USD PPP),value-2004,value
Hungary,2004,35.798041275402205,9774342,26.568118861864,40.7021535135968,14.134034651732797,Hungary (+14k USD PPP),value-2004,value
Hungary,2004,37.66267681014,9770300,26.568118861864,40.7021535135968,14.134034651732797,Hungary (+14k USD PPP),value-2004,value
Hungary,2004,36.1195211735652,9749421,26.568118861864,40.7021535135968,14.134034651732797,Hungary (+14k USD PPP),value-2004,value
Hungary,2004,38.8871909527154,9707794,26.568118861864,40.7021535135968,14.134034651732797,Hungary (+14k USD PPP),value-2004,value
Hungary,2004,40.6569686775714,9684259,26.568118861864,40.7021535135968,14.134034651732797,Hungary (+14k USD PPP),value-2004,value
Hungary,2004,40.3685881912861,9686418,26.568118861864,40.7021535135968,14.134034651732797,Hungary (+14k USD PPP),value-2004,value
Hungary,2004,40.7021535135968,9562314,26.568118861864,40.7021535135968,14.134034651732797,Hungary (+14k USD PPP),value-2004,value
Lithuania,2004,21.8672861464791,3376654,21.8672861464791,47.1690084190287,25.3017222725496,Lithuania (+25k USD PPP),value-2004,value
Lithuania,2004,23.9447019948719,3322225,21.8672861464791,47.1690084190287,25.3017222725496,Lithuania (+25k USD PPP),value-2004,value
Lithuania,2004,26.129339256693797,3269761,21.8672861464791,47.1690084190287,25.3017222725496,Lithuania (+25k USD PPP),value-2004,value
Lithuania,2004,29.3707739737176,3231322,21.8672861464791,47.1690084190287,25.3017222725496,Lithuania (+25k USD PPP),value-2004,value
Lithuania,2004,30.4457809464936,3198432,21.8672861464791,47.1690084190287,25.3017222725496,Lithuania (+25k USD PPP),value-2004,value
Lithuania,2004,26.2175449293891,3163204,21.8672861464791,47.1690084190287,25.3017222725496,Lithuania (+25k USD PPP),value-2004,value
Lithuania,2004,26.8874913057701,3097660,21.8672861464791,47.1690084190287,25.3017222725496,Lithuania (+25k USD PPP),value-2004,value
Lithuania,2004,29.2407487851392,3028588,21.8672861464791,47.1690084190287,25.3017222725496,Lithuania (+25k USD PPP),value-2004,value
Lithuania,2004,30.920330402208002,2988281,21.8672861464791,47.1690084190287,25.3017222725496,Lithuania (+25k USD PPP),value-2004,value
Lithuania,2004,32.4746413533554,2958306,21.8672861464791,47.1690084190287,25.3017222725496,Lithuania (+25k USD PPP),value-2004,value
Lithuania,2004,33.9750843756963,2933118,21.8672861464791,47.1690084190287,25.3017222725496,Lithuania (+25k USD PPP),value-2004,value
Lithuania,2004,35.2512986931775,2905726,21.8672861464791,47.1690084190287,25.3017222725496,Lithuania (+25k USD PPP),value-2004,value
Lithuania,2004,36.6181468417838,2869051,21.8672861464791,47.1690084190287,25.3017222725496,Lithuania (+25k USD PPP),value-2004,value
Lithuania,2004,38.7744892011822,2829273,21.8672861464791,47.1690084190287,25.3017222725496,Lithuania (+25k USD PPP),value-2004,value
Lithuania,2004,41.0197901632878,2802430,21.8672861464791,47.1690084190287,25.3017222725496,Lithuania (+25k USD PPP),value-2004,value
Lithuania,2004,43.0623228425315,2795011,21.8672861464791,47.1690084190287,25.3017222725496,Lithuania (+25k USD PPP),value-2004,value
Lithuania,2004,43.0917973723526,2795711,21.8672861464791,47.1690084190287,25.3017222725496,Lithuania (+25k USD PPP),value-2004,value
Lithuania,2004,45.8735273239486,2794443,21.8672861464791,47.1690084190287,25.3017222725496,Lithuania (+25k USD PPP),value-2004,value
Lithuania,2004,46.6512145810247,2816872,21.8672861464791,47.1690084190287,25.3017222725496,Lithuania (+25k USD PPP),value-2004,value
Lithuania,2004,46.1597081733083,2854061,21.8672861464791,47.1690084190287,25.3017222725496,Lithuania (+25k USD PPP),value-2004,value
Lithuania,2004,47.1690084190287,2888055,21.8672861464791,47.1690084190287,25.3017222725496,Lithuania (+25k USD PPP),value-2004,value
Latvia,2004,20.574118201251,2264130,20.574118201251,38.936045387045404,18.361927185794404,Latvia (+18k USD PPP),value-2004,value
Latvia,2004,23.2133539355881,2239738,20.574118201251,38.936045387045404,18.361927185794404,Latvia (+18k USD PPP),value-2004,value
Latvia,2004,26.4318140222767,2218989,20.574118201251,38.936045387045404,18.361927185794404,Latvia (+18k USD PPP),value-2004,value
Latvia,2004,29.4237371235063,2200711,20.574118201251,38.936045387045404,18.361927185794404,Latvia (+18k USD PPP),value-2004,value
Latvia,2004,28.7269722869522,2177658,20.574118201251,38.936045387045404,18.361927185794404,Latvia (+18k USD PPP),value-2004,value
Latvia,2004,24.5206791475489,2141988,20.574118201251,38.936045387045404,18.361927185794404,Latvia (+18k USD PPP),value-2004,value
Latvia,2004,24.119730784893903,2097787,20.574118201251,38.936045387045404,18.361927185794404,Latvia (+18k USD PPP),value-2004,value
Latvia,2004,25.308732207462597,2059892,20.574118201251,38.936045387045404,18.361927185794404,Latvia (+18k USD PPP),value-2004,value
Latvia,2004,27.4965454583635,2034577,20.574118201251,38.936045387045404,18.361927185794404,Latvia (+18k USD PPP),value-2004,value
Latvia,2004,28.375184288726302,2012960,20.574118201251,38.936045387045404,18.361927185794404,Latvia (+18k USD PPP),value-2004,value
Latvia,2004,29.2437412502629,1994096,20.574118201251,38.936045387045404,18.361927185794404,Latvia (+18k USD PPP),value-2004,value
Latvia,2004,30.5996133134147,1977815,20.574118201251,38.936045387045404,18.361927185794404,Latvia (+18k USD PPP),value-2004,value
Latvia,2004,31.6685148442662,1959817,20.574118201251,38.936045387045404,18.361927185794404,Latvia (+18k USD PPP),value-2004,value
Latvia,2004,33.036391594343705,1942550,20.574118201251,38.936045387045404,18.361927185794404,Latvia (+18k USD PPP),value-2004,value
Latvia,2004,34.7297062763057,1927526,20.574118201251,38.936045387045404,18.361927185794404,Latvia (+18k USD PPP),value-2004,value
Latvia,2004,35.208193459085905,1914220,20.574118201251,38.936045387045404,18.361927185794404,Latvia (+18k USD PPP),value-2004,value
Latvia,2004,34.2258976044058,1901069,20.574118201251,38.936045387045404,18.361927185794404,Latvia (+18k USD PPP),value-2004,value
Latvia,2004,36.912013060216104,1885546,20.574118201251,38.936045387045404,18.361927185794404,Latvia (+18k USD PPP),value-2004,value
Latvia,2004,37.6810452439337,1881016,20.574118201251,38.936045387045404,18.361927185794404,Latvia (+18k USD PPP),value-2004,value
Latvia,2004,38.7965510159878,1882336,20.574118201251,38.936045387045404,18.361927185794404,Latvia (+18k USD PPP),value-2004,value
Latvia,2004,38.936045387045404,1862441,20.574118201251,38.936045387045404,18.361927185794404,Latvia (+18k USD PPP),value-2004,value
Poland,2004,20.8786545002534,38167521,20.8786545002534,45.1125993993196,24.2339448990662,Poland (+24k USD PPP),value-2004,value
Poland,2004,21.568947659435597,38124333,20.8786545002534,45.1125993993196,24.2339448990662,Poland (+24k USD PPP),value-2004,value
Poland,2004,22.921197588769598,38071124,20.8786545002534,45.1125993993196,24.2339448990662,Poland (+24k USD PPP),value-2004,value
Poland,2004,24.484065666375603,38020368,20.8786545002534,45.1125993993196,24.2339448990662,Poland (+24k USD PPP),value-2004,value
Poland,2004,25.5539058406534,37995854,20.8786545002534,45.1125993993196,24.2339448990662,Poland (+24k USD PPP),value-2004,value
Poland,2004,26.204410367111,38002108,20.8786545002534,45.1125993993196,24.2339448990662,Poland (+24k USD PPP),value-2004,value
Poland,2004,27.1121333797381,38095304,20.8786545002534,45.1125993993196,24.2339448990662,Poland (+24k USD PPP),value-2004,value
Poland,2004,28.5216612623568,38208597,20.8786545002534,45.1125993993196,24.2339448990662,Poland (+24k USD PPP),value-2004,value
Poland,2004,28.9529157305301,38247820,20.8786545002534,45.1125993993196,24.2339448990662,Poland (+24k USD PPP),value-2004,value
Poland,2004,29.168624211075,38259214,20.8786545002534,45.1125993993196,24.2339448990662,Poland (+24k USD PPP),value-2004,value
Poland,2004,30.3348786569618,38265064,20.8786545002534,45.1125993993196,24.2339448990662,Poland (+24k USD PPP),value-2004,value
Poland,2004,31.7003682364154,38266267,20.8786545002534,45.1125993993196,24.2339448990662,Poland (+24k USD PPP),value-2004,value
Poland,2004,32.6753052259954,38263203,20.8786545002534,45.1125993993196,24.2339448990662,Poland (+24k USD PPP),value-2004,value
Poland,2004,34.354598761631905,38254908,20.8786545002534,45.1125993993196,24.2339448990662,Poland (+24k USD PPP),value-2004,value
Poland,2004,36.500411428258396,38241017,20.8786545002534,45.1125993993196,24.2339448990662,Poland (+24k USD PPP),value-2004,value
Poland,2004,38.1816230334689,38225836,20.8786545002534,45.1125993993196,24.2339448990662,Poland (+24k USD PPP),value-2004,value
Poland,2004,37.852802131363894,38170958,20.8786545002534,45.1125993993196,24.2339448990662,Poland (+24k USD PPP),value-2004,value
Poland,2004,41.0595847829682,38040252,20.8786545002534,45.1125993993196,24.2339448990662,Poland (+24k USD PPP),value-2004,value
Poland,2004,43.4050215797441,38385689,20.8786545002534,45.1125993993196,24.2339448990662,Poland (+24k USD PPP),value-2004,value
Poland,2004,43.6727668014946,38762796,20.8786545002534,45.1125993993196,24.2339448990662,Poland (+24k USD PPP),value-2004,value
Poland,2004,45.1125993993196,36554707,20.8786545002534,45.1125993993196,24.2339448990662,Poland (+24k USD PPP),value-2004,value
Romania,2004,19.5315056332132,21403163,19.5315056332132,40.610754138069304,21.079248504856103,Romania (+21k USD PPP),value-2004,value
Romania,2004,20.5698993240151,21213352,19.5315056332132,40.610754138069304,21.079248504856103,Romania (+21k USD PPP),value-2004,value
Romania,2004,22.353448617673198,21035673,19.5315056332132,40.610754138069304,21.079248504856103,Romania (+21k USD PPP),value-2004,value
Romania,2004,24.3271794995057,20870655,19.5315056332132,40.610754138069304,21.079248504856103,Romania (+21k USD PPP),value-2004,value
Romania,2004,27.038251202772898,20718693,19.5315056332132,40.610754138069304,21.079248504856103,Romania (+21k USD PPP),value-2004,value
Romania,2004,25.7603454201987,20576869,19.5315056332132,40.610754138069304,21.079248504856103,Romania (+21k USD PPP),value-2004,value
Romania,2004,24.9016621955938,20432524,19.5315056332132,40.610754138069304,21.079248504856103,Romania (+21k USD PPP),value-2004,value
Romania,2004,26.1494430803567,20281955,19.5315056332132,40.610754138069304,21.079248504856103,Romania (+21k USD PPP),value-2004,value
Romania,2004,26.7661203411201,20158399,19.5315056332132,40.610754138069304,21.079248504856103,Romania (+21k USD PPP),value-2004,value
Romania,2004,26.9405878735292,20062861,19.5315056332132,40.610754138069304,21.079248504856103,Romania (+21k USD PPP),value-2004,value
Romania,2004,28.154726201994,19968125,19.5315056332132,40.610754138069304,21.079248504856103,Romania (+21k USD PPP),value-2004,value
Romania,2004,29.1804224199994,19870968,19.5315056332132,40.610754138069304,21.079248504856103,Romania (+21k USD PPP),value-2004,value
Romania,2004,30.1876417226458,19777001,19.5315056332132,40.610754138069304,21.079248504856103,Romania (+21k USD PPP),value-2004,value
Romania,2004,32.8509966974553,19689357,19.5315056332132,40.610754138069304,21.079248504856103,Romania (+21k USD PPP),value-2004,value
Romania,2004,35.0671966594792,19597823,19.5315056332132,40.610754138069304,21.079248504856103,Romania (+21k USD PPP),value-2004,value
Romania,2004,36.6354689017771,19501499,19.5315056332132,40.610754138069304,21.079248504856103,Romania (+21k USD PPP),value-2004,value
Romania,2004,35.4842366916586,19392420,19.5315056332132,40.610754138069304,21.079248504856103,Romania (+21k USD PPP),value-2004,value
Romania,2004,37.7325405035335,19248115,19.5315056332132,40.610754138069304,21.079248504856103,Romania (+21k USD PPP),value-2004,value
Romania,2004,39.3802361396926,19166726,19.5315056332132,40.610754138069304,21.079248504856103,Romania (+21k USD PPP),value-2004,value
Romania,2004,40.3038183321549,19118433,19.5315056332132,40.610754138069304,21.079248504856103,Romania (+21k USD PPP),value-2004,value
Romania,2004,40.610754138069304,19069340,19.5315056332132,40.610754138069304,21.079248504856103,Romania (+21k USD PPP),value-2004,value
Slovakia,2004,21.8429135856629,5375995,21.8429135856629,40.3465748138478,18.503661228184903,Slovakia (+19k USD PPP),value-2004,value
Slovakia,2004,23.2571302921578,5376650,21.8429135856629,40.3465748138478,18.503661228184903,Slovakia (+19k USD PPP),value-2004,value
Slovakia,2004,25.3318243974735,5376793,21.8429135856629,40.3465748138478,18.503661228184903,Slovakia (+19k USD PPP),value-2004,value
Slovakia,2004,28.0641907495761,5376949,21.8429135856629,40.3465748138478,18.503661228184903,Slovakia (+19k USD PPP),value-2004,value
Slovakia,2004,29.544032720906202,5379075,21.8429135856629,40.3465748138478,18.503661228184903,Slovakia (+19k USD PPP),value-2004,value
Slovakia,2004,27.8803565059988,5385027,21.8429135856629,40.3465748138478,18.503661228184903,Slovakia (+19k USD PPP),value-2004,value
Slovakia,2004,29.7458613949846,5391807,21.8429135856629,40.3465748138478,18.503661228184903,Slovakia (+19k USD PPP),value-2004,value
Slovakia,2004,30.468766017565397,5398048,21.8429135856629,40.3465748138478,18.503661228184903,Slovakia (+19k USD PPP),value-2004,value
Slovakia,2004,30.8942512802,5404834,21.8429135856629,40.3465748138478,18.503661228184903,Slovakia (+19k USD PPP),value-2004,value
Slovakia,2004,31.0781239404759,5410370,21.8429135856629,40.3465748138478,18.503661228184903,Slovakia (+19k USD PPP),value-2004,value
Slovakia,2004,31.8887428824598,5415184,21.8429135856629,40.3465748138478,18.503661228184903,Slovakia (+19k USD PPP),value-2004,value
Slovakia,2004,33.5077257197683,5420221,21.8429135856629,40.3465748138478,18.503661228184903,Slovakia (+19k USD PPP),value-2004,value
Slovakia,2004,34.1163833709765,5427217,21.8429135856629,40.3465748138478,18.503661228184903,Slovakia (+19k USD PPP),value-2004,value
Slovakia,2004,35.0427172449514,5435643,21.8429135856629,40.3465748138478,18.503661228184903,Slovakia (+19k USD PPP),value-2004,value
Slovakia,2004,36.415720715668506,5443188,21.8429135856629,40.3465748138478,18.503661228184903,Slovakia (+19k USD PPP),value-2004,value
Slovakia,2004,37.1941375926927,5450575,21.8429135856629,40.3465748138478,18.503661228184903,Slovakia (+19k USD PPP),value-2004,value
Slovakia,2004,36.2014154630885,5454981,21.8429135856629,40.3465748138478,18.503661228184903,Slovakia (+19k USD PPP),value-2004,value
Slovakia,2004,38.3460935768177,5442712,21.8429135856629,40.3465748138478,18.503661228184903,Slovakia (+19k USD PPP),value-2004,value
Slovakia,2004,38.62367106462639,5473145,21.8429135856629,40.3465748138478,18.503661228184903,Slovakia (+19k USD PPP),value-2004,value
Slovakia,2004,39.4975351131715,5518008,21.8429135856629,40.3465748138478,18.503661228184903,Slovakia (+19k USD PPP),value-2004,value
Slovakia,2004,40.3465748138478,5422069,21.8429135856629,40.3465748138478,18.503661228184903,Slovakia (+19k USD PPP),value-2004,value
Slovenia,2004,34.306738849644304,1993503,34.306738849644304,48.495889687081,14.189150837436692,Slovenia (+14k USD PPP),value-2004,value
Slovenia,2004,35.5673052544187,1996858,34.306738849644304,48.495889687081,14.189150837436692,Slovenia (+14k USD PPP),value-2004,value
Slovenia,2004,37.5488841971027,2003069,34.306738849644304,48.495889687081,14.189150837436692,Slovenia (+14k USD PPP),value-2004,value
Slovenia,2004,40.0052467444859,2014110,34.306738849644304,48.495889687081,14.189150837436692,Slovenia (+14k USD PPP),value-2004,value
Slovenia,2004,41.2889727557999,2025041,34.306738849644304,48.495889687081,14.189150837436692,Slovenia (+14k USD PPP),value-2004,value
Slovenia,2004,37.8115788513485,2035555,34.306738849644304,48.495889687081,14.189150837436692,Slovenia (+14k USD PPP),value-2004,value
Slovenia,2004,38.0657361511822,2044566,34.306738849644304,48.495889687081,14.189150837436692,Slovenia (+14k USD PPP),value-2004,value
Slovenia,2004,38.2357228432228,2048754,34.306738849644304,48.495889687081,14.189150837436692,Slovenia (+14k USD PPP),value-2004,value
Slovenia,2004,37.043064687237695,2053274,34.306738849644304,48.495889687081,14.189150837436692,Slovenia (+14k USD PPP),value-2004,value
Slovenia,2004,36.6880834957932,2056403,34.306738849644304,48.495889687081,14.189150837436692,Slovenia (+14k USD PPP),value-2004,value
Slovenia,2004,37.6646519433353,2058351,34.306738849644304,48.495889687081,14.189150837436692,Slovenia (+14k USD PPP),value-2004,value
Slovenia,2004,38.5370951946684,2059899,34.306738849644304,48.495889687081,14.189150837436692,Slovenia (+14k USD PPP),value-2004,value
Slovenia,2004,39.677417147328804,2061329,34.306738849644304,48.495889687081,14.189150837436692,Slovenia (+14k USD PPP),value-2004,value
Slovenia,2004,41.703303948468,2062366,34.306738849644304,48.495889687081,14.189150837436692,Slovenia (+14k USD PPP),value-2004,value
Slovenia,2004,43.3719809596182,2069431,34.306738849644304,48.495889687081,14.189150837436692,Slovenia (+14k USD PPP),value-2004,value
Slovenia,2004,44.580777765879404,2083395,34.306738849644304,48.495889687081,14.189150837436692,Slovenia (+14k USD PPP),value-2004,value
Slovenia,2004,42.4742247069866,2102370,34.306738849644304,48.495889687081,14.189150837436692,Slovenia (+14k USD PPP),value-2004,value
Slovenia,2004,45.914057239240606,2113450,34.306738849644304,48.495889687081,14.189150837436692,Slovenia (+14k USD PPP),value-2004,value
Slovenia,2004,47.0641517944283,2115184,34.306738849644304,48.495889687081,14.189150837436692,Slovenia (+14k USD PPP),value-2004,value
Slovenia,2004,47.8683860088974,2118353,34.306738849644304,48.495889687081,14.189150837436692,Slovenia (+14k USD PPP),value-2004,value
Slovenia,2004,48.495889687081,2126324,34.306738849644304,48.495889687081,14.189150837436692,Slovenia (+14k USD PPP),value-2004,value
Bulgaria,2010,21.717128197205998,7437542,21.717128197205998,34.0851952950467,12.368067097840704,Bulgaria (+12k USD PPP),value-2010,value
Bulgaria,2010,22.3136782364044,7379973,21.717128197205998,34.0851952950467,12.368067097840704,Bulgaria (+12k USD PPP),value-2010,value
Bulgaria,2010,22.611357452251102,7316974,21.717128197205998,34.0851952950467,12.368067097840704,Bulgaria (+12k USD PPP),value-2010,value
Bulgaria,2010,22.946833262173698,7264556,21.717128197205998,34.0851952950467,12.368067097840704,Bulgaria (+12k USD PPP),value-2010,value
Bulgaria,2010,23.4477545807665,7223406,21.717128197205998,34.0851952950467,12.368067097840704,Bulgaria (+12k USD PPP),value-2010,value
Bulgaria,2010,24.5545555941337,7177463,21.717128197205998,34.0851952950467,12.368067097840704,Bulgaria (+12k USD PPP),value-2010,value
Bulgaria,2010,25.628297375414498,7127389,21.717128197205998,34.0851952950467,12.368067097840704,Bulgaria (+12k USD PPP),value-2010,value
Bulgaria,2010,26.682963130382397,7075586,21.717128197205998,34.0851952950467,12.368067097840704,Bulgaria (+12k USD PPP),value-2010,value
Bulgaria,2010,27.7410970922285,7024687,21.717128197205998,34.0851952950467,12.368067097840704,Bulgaria (+12k USD PPP),value-2010,value
Bulgaria,2010,29.2015127020228,6975420,21.717128197205998,34.0851952950467,12.368067097840704,Bulgaria (+12k USD PPP),value-2010,value
Bulgaria,2010,28.5473500293302,6933606,21.717128197205998,34.0851952950467,12.368067097840704,Bulgaria (+12k USD PPP),value-2010,value
Bulgaria,2010,30.9736942070222,6877173,21.717128197205998,34.0851952950467,12.368067097840704,Bulgaria (+12k USD PPP),value-2010,value
Bulgaria,2010,32.4350145952407,6825817,21.717128197205998,34.0851952950467,12.368067097840704,Bulgaria (+12k USD PPP),value-2010,value
Bulgaria,2010,33.1418444182014,6795757,21.717128197205998,34.0851952950467,12.368067097840704,Bulgaria (+12k USD PPP),value-2010,value
Bulgaria,2010,34.0851952950467,6444366,21.717128197205998,34.0851952950467,12.368067097840704,Bulgaria (+12k USD PPP),value-2010,value
Czechia,2010,39.0973886218756,10463981,39.0973886218756,47.961809513148296,8.864420891272694,Czechia (+8.9k USD PPP),value-2010,value
Czechia,2010,39.7081626280195,10495455,39.0973886218756,47.961809513148296,8.864420891272694,Czechia (+8.9k USD PPP),value-2010,value
Czechia,2010,39.3470492956846,10507287,39.0973886218756,47.961809513148296,8.864420891272694,Czechia (+8.9k USD PPP),value-2010,value
Czechia,2010,39.3175535692377,10511117,39.0973886218756,47.961809513148296,8.864420891272694,Czechia (+8.9k USD PPP),value-2010,value
Czechia,2010,40.1580164275735,10517176,39.0973886218756,47.961809513148296,8.864420891272694,Czechia (+8.9k USD PPP),value-2010,value
Czechia,2010,42.0665759800801,10524367,39.0973886218756,47.961809513148296,8.864420891272694,Czechia (+8.9k USD PPP),value-2010,value
Czechia,2010,43.069465974472706,10531895,39.0973886218756,47.961809513148296,8.864420891272694,Czechia (+8.9k USD PPP),value-2010,value
Czechia,2010,45.1775226053634,10541301,39.0973886218756,47.961809513148296,8.864420891272694,Czechia (+8.9k USD PPP),value-2010,value
Czechia,2010,46.301082036029,10548878,39.0973886218756,47.961809513148296,8.864420891272694,Czechia (+8.9k USD PPP),value-2010,value
Czechia,2010,47.7636165520254,10554819,39.0973886218756,47.961809513148296,8.864420891272694,Czechia (+8.9k USD PPP),value-2010,value
Czechia,2010,45.1199387309139,10550083,39.0973886218756,47.961809513148296,8.864420891272694,Czechia (+8.9k USD PPP),value-2010,value
Czechia,2010,47.7960337408466,10530619,39.0973886218756,47.961809513148296,8.864420891272694,Czechia (+8.9k USD PPP),value-2010,value
Czechia,2010,48.390661678675,10673169,39.0973886218756,47.961809513148296,8.864420891272694,Czechia (+8.9k USD PPP),value-2010,value
Czechia,2010,47.5095238443224,10809674,39.0973886218756,47.961809513148296,8.864420891272694,Czechia (+8.9k USD PPP),value-2010,value
Czechia,2010,47.961809513148296,10882164,39.0973886218756,47.961809513148296,8.864420891272694,Czechia (+8.9k USD PPP),value-2010,value
Estonia,2010,30.3791091281954,1331406,30.3791091281954,41.5461201868122,11.167011058616804,Estonia (+11k USD PPP),value-2010,value
Estonia,2010,32.7894323795893,1327315,30.3791091281954,41.5461201868122,11.167011058616804,Estonia (+11k USD PPP),value-2010,value
Estonia,2010,34.115362219270295,1322570,30.3791091281954,41.5461201868122,11.167011058616804,Estonia (+11k USD PPP),value-2010,value
Estonia,2010,34.838362950051504,1317872,30.3791091281954,41.5461201868122,11.167011058616804,Estonia (+11k USD PPP),value-2010,value
Estonia,2010,36.0904940948192,1314402,30.3791091281954,41.5461201868122,11.167011058616804,Estonia (+11k USD PPP),value-2010,value
Estonia,2010,36.7298072496625,1314538,30.3791091281954,41.5461201868122,11.167011058616804,Estonia (+11k USD PPP),value-2010,value
Estonia,2010,37.8548452505513,1315802,30.3791091281954,41.5461201868122,11.167011058616804,Estonia (+11k USD PPP),value-2010,value
Estonia,2010,39.939457564761305,1317381,30.3791091281954,41.5461201868122,11.167011058616804,Estonia (+11k USD PPP),value-2010,value
Estonia,2010,41.273199550525405,1321918,30.3791091281954,41.5461201868122,11.167011058616804,Estonia (+11k USD PPP),value-2010,value
Estonia,2010,42.652534863145796,1326772,30.3791091281954,41.5461201868122,11.167011058616804,Estonia (+11k USD PPP),value-2010,value
Estonia,2010,41.3407646508087,1329618,30.3791091281954,41.5461201868122,11.167011058616804,Estonia (+11k USD PPP),value-2010,value
Estonia,2010,44.2515374983455,1331699,30.3791091281954,41.5461201868122,11.167011058616804,Estonia (+11k USD PPP),value-2010,value
Estonia,2010,43.690414233134604,1350038,30.3791091281954,41.5461201868122,11.167011058616804,Estonia (+11k USD PPP),value-2010,value
Estonia,2010,41.7065196127617,1367143,30.3791091281954,41.5461201868122,11.167011058616804,Estonia (+11k USD PPP),value-2010,value
Estonia,2010,41.5461201868122,1371986,30.3791091281954,41.5461201868122,11.167011058616804,Estonia (+11k USD PPP),value-2010,value
Croatia,2010,28.7061778436133,4301108,28.7061778436133,42.6337666808329,13.927588837219599,Croatia (+14k USD PPP),value-2010,value
Croatia,2010,28.7773035466872,4280782,28.7061778436133,42.6337666808329,13.927588837219599,Croatia (+14k USD PPP),value-2010,value
Croatia,2010,28.2624617422876,4259181,28.7061778436133,42.6337666808329,13.927588837219599,Croatia (+14k USD PPP),value-2010,value
Croatia,2010,28.403318570729,4242353,28.7061778436133,42.6337666808329,13.927588837219599,Croatia (+14k USD PPP),value-2010,value
Croatia,2010,28.4623661833381,4219439,28.7061778436133,42.6337666808329,13.927588837219599,Croatia (+14k USD PPP),value-2010,value
Croatia,2010,29.4734468405471,4183681,28.7061778436133,42.6337666808329,13.927588837219599,Croatia (+14k USD PPP),value-2010,value
Croatia,2010,30.8266324490682,4136388,28.7061778436133,42.6337666808329,13.927588837219599,Croatia (+14k USD PPP),value-2010,value
Croatia,2010,32.3537325898616,4079152,28.7061778436133,42.6337666808329,13.927588837219599,Croatia (+14k USD PPP),value-2010,value
Croatia,2010,33.7328142280423,4024820,28.7061778436133,42.6337666808329,13.927588837219599,Croatia (+14k USD PPP),value-2010,value
Croatia,2010,35.125507407631304,3986292,28.7061778436133,42.6337666808329,13.927588837219599,Croatia (+14k USD PPP),value-2010,value
Croatia,2010,32.4954939551574,3953898,28.7061778436133,42.6337666808329,13.927588837219599,Croatia (+14k USD PPP),value-2010,value
Croatia,2010,36.9325937866899,3924558,28.7061778436133,42.6337666808329,13.927588837219599,Croatia (+14k USD PPP),value-2010,value
Croatia,2010,39.8640816847514,3906988,28.7061778436133,42.6337666808329,13.927588837219599,Croatia (+14k USD PPP),value-2010,value
Croatia,2010,41.1374530699689,3895973,28.7061778436133,42.6337666808329,13.927588837219599,Croatia (+14k USD PPP),value-2010,value
Croatia,2010,42.6337666808329,3866300,28.7061778436133,42.6337666808329,13.927588837219599,Croatia (+14k USD PPP),value-2010,value
Hungary,2010,27.801833816111,9979076,27.801833816111,40.7021535135968,12.900319697485799,Hungary (+13k USD PPP),value-2010,value
Hungary,2010,28.4151173442897,9946626,27.801833816111,40.7021535135968,12.900319697485799,Hungary (+13k USD PPP),value-2010,value
Hungary,2010,28.179656464434,9916568,27.801833816111,40.7021535135968,12.900319697485799,Hungary (+13k USD PPP),value-2010,value
Hungary,2010,28.8910217544976,9889294,27.801833816111,40.7021535135968,12.900319697485799,Hungary (+13k USD PPP),value-2010,value
Hungary,2010,30.2649492302161,9862785,27.801833816111,40.7021535135968,12.900319697485799,Hungary (+13k USD PPP),value-2010,value
Hungary,2010,31.4855675425634,9839162,27.801833816111,40.7021535135968,12.900319697485799,Hungary (+13k USD PPP),value-2010,value
Hungary,2010,32.378967498307496,9810479,27.801833816111,40.7021535135968,12.900319697485799,Hungary (+13k USD PPP),value-2010,value
Hungary,2010,33.828714942571004,9785561,27.801833816111,40.7021535135968,12.900319697485799,Hungary (+13k USD PPP),value-2010,value
Hungary,2010,35.798041275402205,9774342,27.801833816111,40.7021535135968,12.900319697485799,Hungary (+13k USD PPP),value-2010,value
Hungary,2010,37.66267681014,9770300,27.801833816111,40.7021535135968,12.900319697485799,Hungary (+13k USD PPP),value-2010,value
Hungary,2010,36.1195211735652,9749421,27.801833816111,40.7021535135968,12.900319697485799,Hungary (+13k USD PPP),value-2010,value
Hungary,2010,38.8871909527154,9707794,27.801833816111,40.7021535135968,12.900319697485799,Hungary (+13k USD PPP),value-2010,value
Hungary,2010,40.6569686775714,9684259,27.801833816111,40.7021535135968,12.900319697485799,Hungary (+13k USD PPP),value-2010,value
Hungary,2010,40.3685881912861,9686418,27.801833816111,40.7021535135968,12.900319697485799,Hungary (+13k USD PPP),value-2010,value
Hungary,2010,40.7021535135968,9562314,27.801833816111,40.7021535135968,12.900319697485799,Hungary (+13k USD PPP),value-2010,value
Lithuania,2010,26.8874913057701,3097660,26.8874913057701,47.1690084190287,20.281517113258598,Lithuania (+20k USD PPP),value-2010,value
Lithuania,2010,29.2407487851392,3028588,26.8874913057701,47.1690084190287,20.281517113258598,Lithuania (+20k USD PPP),value-2010,value
Lithuania,2010,30.920330402208002,2988281,26.8874913057701,47.1690084190287,20.281517113258598,Lithuania (+20k USD PPP),value-2010,value
Lithuania,2010,32.4746413533554,2958306,26.8874913057701,47.1690084190287,20.281517113258598,Lithuania (+20k USD PPP),value-2010,value
Lithuania,2010,33.9750843756963,2933118,26.8874913057701,47.1690084190287,20.281517113258598,Lithuania (+20k USD PPP),value-2010,value
Lithuania,2010,35.2512986931775,2905726,26.8874913057701,47.1690084190287,20.281517113258598,Lithuania (+20k USD PPP),value-2010,value
Lithuania,2010,36.6181468417838,2869051,26.8874913057701,47.1690084190287,20.281517113258598,Lithuania (+20k USD PPP),value-2010,value
Lithuania,2010,38.7744892011822,2829273,26.8874913057701,47.1690084190287,20.281517113258598,Lithuania (+20k USD PPP),value-2010,value
Lithuania,2010,41.0197901632878,2802430,26.8874913057701,47.1690084190287,20.281517113258598,Lithuania (+20k USD PPP),value-2010,value
Lithuania,2010,43.0623228425315,2795011,26.8874913057701,47.1690084190287,20.281517113258598,Lithuania (+20k USD PPP),value-2010,value
Lithuania,2010,43.0917973723526,2795711,26.8874913057701,47.1690084190287,20.281517113258598,Lithuania (+20k USD PPP),value-2010,value
Lithuania,2010,45.8735273239486,2794443,26.8874913057701,47.1690084190287,20.281517113258598,Lithuania (+20k USD PPP),value-2010,value
Lithuania,2010,46.6512145810247,2816872,26.8874913057701,47.1690084190287,20.281517113258598,Lithuania (+20k USD PPP),value-2010,value
Lithuania,2010,46.1597081733083,2854061,26.8874913057701,47.1690084190287,20.281517113258598,Lithuania (+20k USD PPP),value-2010,value
Lithuania,2010,47.1690084190287,2888055,26.8874913057701,47.1690084190287,20.281517113258598,Lithuania (+20k USD PPP),value-2010,value
Latvia,2010,24.119730784893903,2097787,24.119730784893903,38.936045387045404,14.8163146021515,Latvia (+15k USD PPP),value-2010,value
Latvia,2010,25.308732207462597,2059892,24.119730784893903,38.936045387045404,14.8163146021515,Latvia (+15k USD PPP),value-2010,value
Latvia,2010,27.4965454583635,2034577,24.119730784893903,38.936045387045404,14.8163146021515,Latvia (+15k USD PPP),value-2010,value
Latvia,2010,28.375184288726302,2012960,24.119730784893903,38.936045387045404,14.8163146021515,Latvia (+15k USD PPP),value-2010,value
Latvia,2010,29.2437412502629,1994096,24.119730784893903,38.936045387045404,14.8163146021515,Latvia (+15k USD PPP),value-2010,value
Latvia,2010,30.5996133134147,1977815,24.119730784893903,38.936045387045404,14.8163146021515,Latvia (+15k USD PPP),value-2010,value
Latvia,2010,31.6685148442662,1959817,24.119730784893903,38.936045387045404,14.8163146021515,Latvia (+15k USD PPP),value-2010,value
Latvia,2010,33.036391594343705,1942550,24.119730784893903,38.936045387045404,14.8163146021515,Latvia (+15k USD PPP),value-2010,value
Latvia,2010,34.7297062763057,1927526,24.119730784893903,38.936045387045404,14.8163146021515,Latvia (+15k USD PPP),value-2010,value
Latvia,2010,35.208193459085905,1914220,24.119730784893903,38.936045387045404,14.8163146021515,Latvia (+15k USD PPP),value-2010,value
Latvia,2010,34.2258976044058,1901069,24.119730784893903,38.936045387045404,14.8163146021515,Latvia (+15k USD PPP),value-2010,value
Latvia,2010,36.912013060216104,1885546,24.119730784893903,38.936045387045404,14.8163146021515,Latvia (+15k USD PPP),value-2010,value
Latvia,2010,37.6810452439337,1881016,24.119730784893903,38.936045387045404,14.8163146021515,Latvia (+15k USD PPP),value-2010,value
Latvia,2010,38.7965510159878,1882336,24.119730784893903,38.936045387045404,14.8163146021515,Latvia (+15k USD PPP),value-2010,value
Latvia,2010,38.936045387045404,1862441,24.119730784893903,38.936045387045404,14.8163146021515,Latvia (+15k USD PPP),value-2010,value
Poland,2010,27.1121333797381,38095304,27.1121333797381,45.1125993993196,18.0004660195815,Poland (+18k USD PPP),value-2010,value
Poland,2010,28.5216612623568,38208597,27.1121333797381,45.1125993993196,18.0004660195815,Poland (+18k USD PPP),value-2010,value
Poland,2010,28.9529157305301,38247820,27.1121333797381,45.1125993993196,18.0004660195815,Poland (+18k USD PPP),value-2010,value
Poland,2010,29.168624211075,38259214,27.1121333797381,45.1125993993196,18.0004660195815,Poland (+18k USD PPP),value-2010,value
Poland,2010,30.3348786569618,38265064,27.1121333797381,45.1125993993196,18.0004660195815,Poland (+18k USD PPP),value-2010,value
Poland,2010,31.7003682364154,38266267,27.1121333797381,45.1125993993196,18.0004660195815,Poland (+18k USD PPP),value-2010,value
Poland,2010,32.6753052259954,38263203,27.1121333797381,45.1125993993196,18.0004660195815,Poland (+18k USD PPP),value-2010,value
Poland,2010,34.354598761631905,38254908,27.1121333797381,45.1125993993196,18.0004660195815,Poland (+18k USD PPP),value-2010,value
Poland,2010,36.500411428258396,38241017,27.1121333797381,45.1125993993196,18.0004660195815,Poland (+18k USD PPP),value-2010,value
Poland,2010,38.1816230334689,38225836,27.1121333797381,45.1125993993196,18.0004660195815,Poland (+18k USD PPP),value-2010,value
Poland,2010,37.852802131363894,38170958,27.1121333797381,45.1125993993196,18.0004660195815,Poland (+18k USD PPP),value-2010,value
Poland,2010,41.0595847829682,38040252,27.1121333797381,45.1125993993196,18.0004660195815,Poland (+18k USD PPP),value-2010,value
Poland,2010,43.4050215797441,38385689,27.1121333797381,45.1125993993196,18.0004660195815,Poland (+18k USD PPP),value-2010,value
Poland,2010,43.6727668014946,38762796,27.1121333797381,45.1125993993196,18.0004660195815,Poland (+18k USD PPP),value-2010,value
Poland,2010,45.1125993993196,36554707,27.1121333797381,45.1125993993196,18.0004660195815,Poland (+18k USD PPP),value-2010,value
Romania,2010,24.9016621955938,20432524,24.9016621955938,40.610754138069304,15.709091942475503,Romania (+16k USD PPP),value-2010,value
Romania,2010,26.1494430803567,20281955,24.9016621955938,40.610754138069304,15.709091942475503,Romania (+16k USD PPP),value-2010,value
Romania,2010,26.7661203411201,20158399,24.9016621955938,40.610754138069304,15.709091942475503,Romania (+16k USD PPP),value-2010,value
Romania,2010,26.9405878735292,20062861,24.9016621955938,40.610754138069304,15.709091942475503,Romania (+16k USD PPP),value-2010,value
Romania,2010,28.154726201994,19968125,24.9016621955938,40.610754138069304,15.709091942475503,Romania (+16k USD PPP),value-2010,value
Romania,2010,29.1804224199994,19870968,24.9016621955938,40.610754138069304,15.709091942475503,Romania (+16k USD PPP),value-2010,value
Romania,2010,30.1876417226458,19777001,24.9016621955938,40.610754138069304,15.709091942475503,Romania (+16k USD PPP),value-2010,value
Romania,2010,32.8509966974553,19689357,24.9016621955938,40.610754138069304,15.709091942475503,Romania (+16k USD PPP),value-2010,value
Romania,2010,35.0671966594792,19597823,24.9016621955938,40.610754138069304,15.709091942475503,Romania (+16k USD PPP),value-2010,value
Romania,2010,36.6354689017771,19501499,24.9016621955938,40.610754138069304,15.709091942475503,Romania (+16k USD PPP),value-2010,value
Romania,2010,35.4842366916586,19392420,24.9016621955938,40.610754138069304,15.709091942475503,Romania (+16k USD PPP),value-2010,value
Romania,2010,37.7325405035335,19248115,24.9016621955938,40.610754138069304,15.709091942475503,Romania (+16k USD PPP),value-2010,value
Romania,2010,39.3802361396926,19166726,24.9016621955938,40.610754138069304,15.709091942475503,Romania (+16k USD PPP),value-2010,value
Romania,2010,40.3038183321549,19118433,24.9016621955938,40.610754138069304,15.709091942475503,Romania (+16k USD PPP),value-2010,value
Romania,2010,40.610754138069304,19069340,24.9016621955938,40.610754138069304,15.709091942475503,Romania (+16k USD PPP),value-2010,value
Slovakia,2010,29.7458613949846,5391807,29.7458613949846,40.3465748138478,10.6007134188632,Slovakia (+11k USD PPP),value-2010,value
Slovakia,2010,30.468766017565397,5398048,29.7458613949846,40.3465748138478,10.6007134188632,Slovakia (+11k USD PPP),value-2010,value
Slovakia,2010,30.8942512802,5404834,29.7458613949846,40.3465748138478,10.6007134188632,Slovakia (+11k USD PPP),value-2010,value
Slovakia,2010,31.0781239404759,5410370,29.7458613949846,40.3465748138478,10.6007134188632,Slovakia (+11k USD PPP),value-2010,value
Slovakia,2010,31.8887428824598,5415184,29.7458613949846,40.3465748138478,10.6007134188632,Slovakia (+11k USD PPP),value-2010,value
Slovakia,2010,33.5077257197683,5420221,29.7458613949846,40.3465748138478,10.6007134188632,Slovakia (+11k USD PPP),value-2010,value
Slovakia,2010,34.1163833709765,5427217,29.7458613949846,40.3465748138478,10.6007134188632,Slovakia (+11k USD PPP),value-2010,value
Slovakia,2010,35.0427172449514,5435643,29.7458613949846,40.3465748138478,10.6007134188632,Slovakia (+11k USD PPP),value-2010,value
Slovakia,2010,36.415720715668506,5443188,29.7458613949846,40.3465748138478,10.6007134188632,Slovakia (+11k USD PPP),value-2010,value
Slovakia,2010,37.1941375926927,5450575,29.7458613949846,40.3465748138478,10.6007134188632,Slovakia (+11k USD PPP),value-2010,value
Slovakia,2010,36.2014154630885,5454981,29.7458613949846,40.3465748138478,10.6007134188632,Slovakia (+11k USD PPP),value-2010,value
Slovakia,2010,38.3460935768177,5442712,29.7458613949846,40.3465748138478,10.6007134188632,Slovakia (+11k USD PPP),value-2010,value
Slovakia,2010,38.62367106462639,5473145,29.7458613949846,40.3465748138478,10.6007134188632,Slovakia (+11k USD PPP),value-2010,value
Slovakia,2010,39.4975351131715,5518008,29.7458613949846,40.3465748138478,10.6007134188632,Slovakia (+11k USD PPP),value-2010,value
Slovakia,2010,40.3465748138478,5422069,29.7458613949846,40.3465748138478,10.6007134188632,Slovakia (+11k USD PPP),value-2010,value
Slovenia,2010,38.0657361511822,2044566,38.0657361511822,48.495889687081,10.430153535898796,Slovenia (+10k USD PPP),value-2010,value
Slovenia,2010,38.2357228432228,2048754,38.0657361511822,48.495889687081,10.430153535898796,Slovenia (+10k USD PPP),value-2010,value
Slovenia,2010,37.043064687237695,2053274,38.0657361511822,48.495889687081,10.430153535898796,Slovenia (+10k USD PPP),value-2010,value
Slovenia,2010,36.6880834957932,2056403,38.0657361511822,48.495889687081,10.430153535898796,Slovenia (+10k USD PPP),value-2010,value
Slovenia,2010,37.6646519433353,2058351,38.0657361511822,48.495889687081,10.430153535898796,Slovenia (+10k USD PPP),value-2010,value
Slovenia,2010,38.5370951946684,2059899,38.0657361511822,48.495889687081,10.430153535898796,Slovenia (+10k USD PPP),value-2010,value
Slovenia,2010,39.677417147328804,2061329,38.0657361511822,48.495889687081,10.430153535898796,Slovenia (+10k USD PPP),value-2010,value
Slovenia,2010,41.703303948468,2062366,38.0657361511822,48.495889687081,10.430153535898796,Slovenia (+10k USD PPP),value-2010,value
Slovenia,2010,43.3719809596182,2069431,38.0657361511822,48.495889687081,10.430153535898796,Slovenia (+10k USD PPP),value-2010,value
Slovenia,2010,44.580777765879404,2083395,38.0657361511822,48.495889687081,10.430153535898796,Slovenia (+10k USD PPP),value-2010,value
Slovenia,2010,42.4742247069866,2102370,38.0657361511822,48.495889687081,10.430153535898796,Slovenia (+10k USD PPP),value-2010,value
Slovenia,2010,45.914057239240606,2113450,38.0657361511822,48.495889687081,10.430153535898796,Slovenia (+10k USD PPP),value-2010,value
Slovenia,2010,47.0641517944283,2115184,38.0657361511822,48.495889687081,10.430153535898796,Slovenia (+10k USD PPP),value-2010,value
Slovenia,2010,47.8683860088974,2118353,38.0657361511822,48.495889687081,10.430153535898796,Slovenia (+10k USD PPP),value-2010,value
Slovenia,2010,48.495889687081,2126324,38.0657361511822,48.495889687081,10.430153535898796,Slovenia (+10k USD PPP),value-2010,value
Bulgaria,2004,32.2446645956592,7749383,32.2446645956592,54.25004928132255,22.00538468566335,Bulgaria (+22%),% of DE-2004,% of DE
Bulgaria,2004,34.45595152359907,7695001,32.2446645956592,54.25004928132255,22.00538468566335,Bulgaria (+22%),% of DE-2004,% of DE
Bulgaria,2004,35.66351612663969,7640243,32.2446645956592,54.25004928132255,22.00538468566335,Bulgaria (+22%),% of DE-2004,% of DE
Bulgaria,2004,37.191339786764644,7586847,32.2446645956592,54.25004928132255,22.00538468566335,Bulgaria (+22%),% of DE-2004,% of DE
Bulgaria,2004,39.31559683148049,7535541,32.2446645956592,54.25004928132255,22.00538468566335,Bulgaria (+22%),% of DE-2004,% of DE
Bulgaria,2004,40.38806333998551,7487966,32.2446645956592,54.25004928132255,22.00538468566335,Bulgaria (+22%),% of DE-2004,% of DE
Bulgaria,2004,39.582534919884274,7437542,32.2446645956592,54.25004928132255,22.00538468566335,Bulgaria (+22%),% of DE-2004,% of DE
Bulgaria,2004,38.47692289333713,7379973,32.2446645956592,54.25004928132255,22.00538468566335,Bulgaria (+22%),% of DE-2004,% of DE
Bulgaria,2004,38.87909455407173,7316974,32.2446645956592,54.25004928132255,22.00538468566335,Bulgaria (+22%),% of DE-2004,% of DE
Bulgaria,2004,39.41153371061355,7264556,32.2446645956592,54.25004928132255,22.00538468566335,Bulgaria (+22%),% of DE-2004,% of DE
Bulgaria,2004,39.58139057675191,7223406,32.2446645956592,54.25004928132255,22.00538468566335,Bulgaria (+22%),% of DE-2004,% of DE
Bulgaria,2004,41.130364869088986,7177463,32.2446645956592,54.25004928132255,22.00538468566335,Bulgaria (+22%),% of DE-2004,% of DE
Bulgaria,2004,42.306077994386484,7127389,32.2446645956592,54.25004928132255,22.00538468566335,Bulgaria (+22%),% of DE-2004,% of DE
Bulgaria,2004,43.0429402239843,7075586,32.2446645956592,54.25004928132255,22.00538468566335,Bulgaria (+22%),% of DE-2004,% of DE
Bulgaria,2004,44.38895210117896,7024687,32.2446645956592,54.25004928132255,22.00538468566335,Bulgaria (+22%),% of DE-2004,% of DE
Bulgaria,2004,46.37316282011334,6975420,32.2446645956592,54.25004928132255,22.00538468566335,Bulgaria (+22%),% of DE-2004,% of DE
Bulgaria,2004,47.30873440154188,6933606,32.2446645956592,54.25004928132255,22.00538468566335,Bulgaria (+22%),% of DE-2004,% of DE
Bulgaria,2004,49.53352809381527,6877173,32.2446645956592,54.25004928132255,22.00538468566335,Bulgaria (+22%),% of DE-2004,% of DE
Bulgaria,2004,51.53980626212519,6825817,32.2446645956592,54.25004928132255,22.00538468566335,Bulgaria (+22%),% of DE-2004,% of DE
Bulgaria,2004,52.86915495579815,6795757,32.2446645956592,54.25004928132255,22.00538468566335,Bulgaria (+22%),% of DE-2004,% of DE
Bulgaria,2004,54.25004928132255,6444366,32.2446645956592,54.25004928132255,22.00538468566335,Bulgaria (+22%),% of DE-2004,% of DE
Czechia,2004,65.83791888210435,10261411,65.83791888210435,76.33608982395403,10.49817094184968,Czechia (+10%),% of DE-2004,% of DE
Czechia,2004,69.28494212940426,10280103,65.83791888210435,76.33608982395403,10.49817094184968,Czechia (+10%),% of DE-2004,% of DE
Czechia,2004,70.8588417066525,10304542,65.83791888210435,76.33608982395403,10.49817094184968,Czechia (+10%),% of DE-2004,% of DE
Czechia,2004,72.12932435212163,10337488,65.83791888210435,76.33608982395403,10.49817094184968,Czechia (+10%),% of DE-2004,% of DE
Czechia,2004,72.6017913741779,10378248,65.83791888210435,76.33608982395403,10.49817094184968,Czechia (+10%),% of DE-2004,% of DE
Czechia,2004,72.57599529631449,10420931,65.83791888210435,76.33608982395403,10.49817094184968,Czechia (+10%),% of DE-2004,% of DE
Czechia,2004,71.26051549489767,10463981,65.83791888210435,76.33608982395403,10.49817094184968,Czechia (+10%),% of DE-2004,% of DE
Czechia,2004,68.4713607271498,10495455,65.83791888210435,76.33608982395403,10.49817094184968,Czechia (+10%),% of DE-2004,% of DE
Czechia,2004,67.65527692095036,10507287,65.83791888210435,76.33608982395403,10.49817094184968,Czechia (+10%),% of DE-2004,% of DE
Czechia,2004,67.52849381039513,10511117,65.83791888210435,76.33608982395403,10.49817094184968,Czechia (+10%),% of DE-2004,% of DE
Czechia,2004,67.78943917773833,10517176,65.83791888210435,76.33608982395403,10.49817094184968,Czechia (+10%),% of DE-2004,% of DE
Czechia,2004,70.46405756442655,10524367,65.83791888210435,76.33608982395403,10.49817094184968,Czechia (+10%),% of DE-2004,% of DE
Czechia,2004,71.09720009884768,10531895,65.83791888210435,76.33608982395403,10.49817094184968,Czechia (+10%),% of DE-2004,% of DE
Czechia,2004,72.87696630499704,10541301,65.83791888210435,76.33608982395403,10.49817094184968,Czechia (+10%),% of DE-2004,% of DE
Czechia,2004,74.08706677667108,10548878,65.83791888210435,76.33608982395403,10.49817094184968,Czechia (+10%),% of DE-2004,% of DE
Czechia,2004,75.85052150709659,10554819,65.83791888210435,76.33608982395403,10.49817094184968,Czechia (+10%),% of DE-2004,% of DE
Czechia,2004,74.77286667384345,10550083,65.83791888210435,76.33608982395403,10.49817094184968,Czechia (+10%),% of DE-2004,% of DE
Czechia,2004,76.4360287233164,10530619,65.83791888210435,76.33608982395403,10.49817094184968,Czechia (+10%),% of DE-2004,% of DE
Czechia,2004,76.89360892659857,10673169,65.83791888210435,76.33608982395403,10.49817094184968,Czechia (+10%),% of DE-2004,% of DE
Czechia,2004,75.78903413782854,10809674,65.83791888210435,76.33608982395403,10.49817094184968,Czechia (+10%),% of DE-2004,% of DE
Czechia,2004,76.33608982395403,10882164,65.83791888210435,76.33608982395403,10.49817094184968,Czechia (+10%),% of DE-2004,% of DE
Estonia,2004,54.44839383605873,1362623,54.44839383605873,66.12486881980247,11.676474983743745,Estonia (+12%),% of DE-2004,% of DE
Estonia,2004,59.415493318789586,1354799,54.44839383605873,66.12486881980247,11.676474983743745,Estonia (+12%),% of DE-2004,% of DE
Estonia,2004,63.094929511711015,1346833,54.44839383605873,66.12486881980247,11.676474983743745,Estonia (+12%),% of DE-2004,% of DE
Estonia,2004,66.17838845360747,1340672,54.44839383605873,66.12486881980247,11.676474983743745,Estonia (+12%),% of DE-2004,% of DE
Estonia,2004,62.26863112389658,1337032,54.44839383605873,66.12486881980247,11.676474983743745,Estonia (+12%),% of DE-2004,% of DE
Estonia,2004,56.24527221567763,1334487,54.44839383605873,66.12486881980247,11.676474983743745,Estonia (+12%),% of DE-2004,% of DE
Estonia,2004,55.370219164450766,1331406,54.44839383605873,66.12486881980247,11.676474983743745,Estonia (+12%),% of DE-2004,% of DE
Estonia,2004,56.540945334929596,1327315,54.44839383605873,66.12486881980247,11.676474983743745,Estonia (+12%),% of DE-2004,% of DE
Estonia,2004,58.659653506886976,1322570,54.44839383605873,66.12486881980247,11.676474983743745,Estonia (+12%),% of DE-2004,% of DE
Estonia,2004,59.835416074247476,1317872,54.44839383605873,66.12486881980247,11.676474983743745,Estonia (+12%),% of DE-2004,% of DE
Estonia,2004,60.92318724824778,1314402,54.44839383605873,66.12486881980247,11.676474983743745,Estonia (+12%),% of DE-2004,% of DE
Estonia,2004,61.52464734938434,1314538,54.44839383605873,66.12486881980247,11.676474983743745,Estonia (+12%),% of DE-2004,% of DE
Estonia,2004,62.48913114187526,1315802,54.44839383605873,66.12486881980247,11.676474983743745,Estonia (+12%),% of DE-2004,% of DE
Estonia,2004,64.42731551732805,1317381,54.44839383605873,66.12486881980247,11.676474983743745,Estonia (+12%),% of DE-2004,% of DE
Estonia,2004,66.04187541032462,1321918,54.44839383605873,66.12486881980247,11.676474983743745,Estonia (+12%),% of DE-2004,% of DE
Estonia,2004,67.73392063905678,1326772,54.44839383605873,66.12486881980247,11.676474983743745,Estonia (+12%),% of DE-2004,% of DE
Estonia,2004,68.5100106599158,1329618,54.44839383605873,66.12486881980247,11.676474983743745,Estonia (+12%),% of DE-2004,% of DE
Estonia,2004,70.76762497938887,1331699,54.44839383605873,66.12486881980247,11.676474983743745,Estonia (+12%),% of DE-2004,% of DE
Estonia,2004,69.42483341500231,1350038,54.44839383605873,66.12486881980247,11.676474983743745,Estonia (+12%),% of DE-2004,% of DE
Estonia,2004,66.53185683483446,1367143,54.44839383605873,66.12486881980247,11.676474983743745,Estonia (+12%),% of DE-2004,% of DE
Estonia,2004,66.12486881980247,1371986,54.44839383605873,66.12486881980247,11.676474983743745,Estonia (+12%),% of DE-2004,% of DE
Croatia,2004,52.21549869447391,4310013,52.21549869447391,67.85596865333798,15.640469958864074,Croatia (+16%),% of DE-2004,% of DE
Croatia,2004,53.89657946586349,4313901,52.21549869447391,67.85596865333798,15.640469958864074,Croatia (+16%),% of DE-2004,% of DE
Croatia,2004,54.45839089760487,4315751,52.21549869447391,67.85596865333798,15.640469958864074,Croatia (+16%),% of DE-2004,% of DE
Croatia,2004,55.53884066923396,4315907,52.21549869447391,67.85596865333798,15.640469958864074,Croatia (+16%),% of DE-2004,% of DE
Croatia,2004,56.02128867134256,4314591,52.21549869447391,67.85596865333798,15.640469958864074,Croatia (+16%),% of DE-2004,% of DE
Croatia,2004,55.18683298355928,4310491,52.21549869447391,67.85596865333798,15.640469958864074,Croatia (+16%),% of DE-2004,% of DE
Croatia,2004,52.321065501534264,4301108,52.21549869447391,67.85596865333798,15.640469958864074,Croatia (+16%),% of DE-2004,% of DE
Croatia,2004,49.62257131760377,4280782,52.21549869447391,67.85596865333798,15.640469958864074,Croatia (+16%),% of DE-2004,% of DE
Croatia,2004,48.59588482158289,4259181,52.21549869447391,67.85596865333798,15.640469958864074,Croatia (+16%),% of DE-2004,% of DE
Croatia,2004,48.78312987913967,4242353,52.21549869447391,67.85596865333798,15.640469958864074,Croatia (+16%),% of DE-2004,% of DE
Croatia,2004,48.04639304632355,4219439,52.21549869447391,67.85596865333798,15.640469958864074,Croatia (+16%),% of DE-2004,% of DE
Croatia,2004,49.36980503898911,4183681,52.21549869447391,67.85596865333798,15.640469958864074,Croatia (+16%),% of DE-2004,% of DE
Croatia,2004,50.88726330862906,4136388,52.21549869447391,67.85596865333798,15.640469958864074,Croatia (+16%),% of DE-2004,% of DE
Croatia,2004,52.19059708936562,4079152,52.21549869447391,67.85596865333798,15.640469958864074,Croatia (+16%),% of DE-2004,% of DE
Croatia,2004,53.976389975795705,4024820,52.21549869447391,67.85596865333798,15.640469958864074,Croatia (+16%),% of DE-2004,% of DE
Croatia,2004,55.7807018689258,3986292,52.21549869447391,67.85596865333798,15.640469958864074,Croatia (+16%),% of DE-2004,% of DE
Croatia,2004,53.851607634052634,3953898,52.21549869447391,67.85596865333798,15.640469958864074,Croatia (+16%),% of DE-2004,% of DE
Croatia,2004,59.06307654757302,3924558,52.21549869447391,67.85596865333798,15.640469958864074,Croatia (+16%),% of DE-2004,% of DE
Croatia,2004,63.34472398082709,3906988,52.21549869447391,67.85596865333798,15.640469958864074,Croatia (+16%),% of DE-2004,% of DE
Croatia,2004,65.62405982597065,3895973,52.21549869447391,67.85596865333798,15.640469958864074,Croatia (+16%),% of DE-2004,% of DE
Croatia,2004,67.85596865333798,3866300,52.21549869447391,67.85596865333798,15.640469958864074,Croatia (+16%),% of DE-2004,% of DE
Hungary,2004,52.28900616946656,10085736,52.28900616946656,64.7816101640311,12.492603994564533,Hungary (+12%),% of DE-2004,% of DE
Hungary,2004,54.1356567912841,10065654,52.28900616946656,64.7816101640311,12.492603994564533,Hungary (+12%),% of DE-2004,% of DE
Hungary,2004,54.19967378864212,10049900,52.28900616946656,64.7816101640311,12.492603994564533,Hungary (+12%),% of DE-2004,% of DE
Hungary,2004,52.8635241339423,10034027,52.28900616946656,64.7816101640311,12.492603994564533,Hungary (+12%),% of DE-2004,% of DE
Hungary,2004,52.89906323646803,10016610,52.28900616946656,64.7816101640311,12.492603994564533,Hungary (+12%),% of DE-2004,% of DE
Hungary,2004,52.17839949594942,10001329,52.28900616946656,64.7816101640311,12.492603994564533,Hungary (+12%),% of DE-2004,% of DE
Hungary,2004,50.67277072134303,9979076,52.28900616946656,64.7816101640311,12.492603994564533,Hungary (+12%),% of DE-2004,% of DE
Hungary,2004,48.99803015343376,9946626,52.28900616946656,64.7816101640311,12.492603994564533,Hungary (+12%),% of DE-2004,% of DE
Hungary,2004,48.45350530128895,9916568,52.28900616946656,64.7816101640311,12.492603994564533,Hungary (+12%),% of DE-2004,% of DE
Hungary,2004,49.62076748465426,9889294,52.28900616946656,64.7816101640311,12.492603994564533,Hungary (+12%),% of DE-2004,% of DE
Hungary,2004,51.08927475935696,9862785,52.28900616946656,64.7816101640311,12.492603994564533,Hungary (+12%),% of DE-2004,% of DE
Hungary,2004,52.74022884150133,9839162,52.28900616946656,64.7816101640311,12.492603994564533,Hungary (+12%),% of DE-2004,% of DE
Hungary,2004,53.44979045214264,9810479,52.28900616946656,64.7816101640311,12.492603994564533,Hungary (+12%),% of DE-2004,% of DE
Hungary,2004,54.56992718583502,9785561,52.28900616946656,64.7816101640311,12.492603994564533,Hungary (+12%),% of DE-2004,% of DE
Hungary,2004,57.280991238627514,9774342,52.28900616946656,64.7816101640311,12.492603994564533,Hungary (+12%),% of DE-2004,% of DE
Hungary,2004,59.80982772296402,9770300,52.28900616946656,64.7816101640311,12.492603994564533,Hungary (+12%),% of DE-2004,% of DE
Hungary,2004,59.85735391044829,9749421,52.28900616946656,64.7816101640311,12.492603994564533,Hungary (+12%),% of DE-2004,% of DE
Hungary,2004,62.188893345153005,9707794,52.28900616946656,64.7816101640311,12.492603994564533,Hungary (+12%),% of DE-2004,% of DE
Hungary,2004,64.60463529912501,9684259,52.28900616946656,64.7816101640311,12.492603994564533,Hungary (+12%),% of DE-2004,% of DE
Hungary,2004,64.39753676653503,9686418,52.28900616946656,64.7816101640311,12.492603994564533,Hungary (+12%),% of DE-2004,% of DE
Hungary,2004,64.7816101640311,9562314,52.28900616946656,64.7816101640311,12.492603994564533,Hungary (+12%),% of DE-2004,% of DE
Lithuania,2004,43.03724573680693,3376654,43.03724573680693,75.07426638260425,32.03702064579732,Lithuania (+32%),% of DE-2004,% of DE
Lithuania,2004,46.685588050664315,3322225,43.03724573680693,75.07426638260425,32.03702064579732,Lithuania (+32%),% of DE-2004,% of DE
Lithuania,2004,48.99835084971401,3269761,43.03724573680693,75.07426638260425,32.03702064579732,Lithuania (+32%),% of DE-2004,% of DE
Lithuania,2004,53.458168376501185,3231322,43.03724573680693,75.07426638260425,32.03702064579732,Lithuania (+32%),% of DE-2004,% of DE
Lithuania,2004,54.81053994635685,3198432,43.03724573680693,75.07426638260425,32.03702064579732,Lithuania (+32%),% of DE-2004,% of DE
Lithuania,2004,49.84302098085511,3163204,43.03724573680693,75.07426638260425,32.03702064579732,Lithuania (+32%),% of DE-2004,% of DE
Lithuania,2004,49.00625229332364,3097660,43.03724573680693,75.07426638260425,32.03702064579732,Lithuania (+32%),% of DE-2004,% of DE
Lithuania,2004,50.421720006416066,3028588,43.03724573680693,75.07426638260425,32.03702064579732,Lithuania (+32%),% of DE-2004,% of DE
Lithuania,2004,53.16595661667813,2988281,43.03724573680693,75.07426638260425,32.03702064579732,Lithuania (+32%),% of DE-2004,% of DE
Lithuania,2004,55.775688427894714,2958306,43.03724573680693,75.07426638260425,32.03702064579732,Lithuania (+32%),% of DE-2004,% of DE
Lithuania,2004,57.35223302173337,2933118,43.03724573680693,75.07426638260425,32.03702064579732,Lithuania (+32%),% of DE-2004,% of DE
Lithuania,2004,59.04805614588373,2905726,43.03724573680693,75.07426638260425,32.03702064579732,Lithuania (+32%),% of DE-2004,% of DE
Lithuania,2004,60.44764322832223,2869051,43.03724573680693,75.07426638260425,32.03702064579732,Lithuania (+32%),% of DE-2004,% of DE
Lithuania,2004,62.54807656656579,2829273,43.03724573680693,75.07426638260425,32.03702064579732,Lithuania (+32%),% of DE-2004,% of DE
Lithuania,2004,65.636391189038,2802430,43.03724573680693,75.07426638260425,32.03702064579732,Lithuania (+32%),% of DE-2004,% of DE
Lithuania,2004,68.38468023783818,2795011,43.03724573680693,75.07426638260425,32.03702064579732,Lithuania (+32%),% of DE-2004,% of DE
Lithuania,2004,71.41182613024208,2795711,43.03724573680693,75.07426638260425,32.03702064579732,Lithuania (+32%),% of DE-2004,% of DE
Lithuania,2004,73.36153186235212,2794443,43.03724573680693,75.07426638260425,32.03702064579732,Lithuania (+32%),% of DE-2004,% of DE
Lithuania,2004,74.12959702357118,2816872,43.03724573680693,75.07426638260425,32.03702064579732,Lithuania (+32%),% of DE-2004,% of DE
Lithuania,2004,73.63575585397369,2854061,43.03724573680693,75.07426638260425,32.03702064579732,Lithuania (+32%),% of DE-2004,% of DE
Lithuania,2004,75.07426638260425,2888055,43.03724573680693,75.07426638260425,32.03702064579732,Lithuania (+32%),% of DE-2004,% of DE
Latvia,2004,40.49214771847307,2264130,40.49214771847307,61.97066975215436,21.478522033681287,Latvia (+21%),% of DE-2004,% of DE
Latvia,2004,45.25966033501814,2239738,40.49214771847307,61.97066975215436,21.478522033681287,Latvia (+21%),% of DE-2004,% of DE
Latvia,2004,49.56555863639461,2218989,40.49214771847307,61.97066975215436,21.478522033681287,Latvia (+21%),% of DE-2004,% of DE
Latvia,2004,53.5545673676101,2200711,40.49214771847307,61.97066975215436,21.478522033681287,Latvia (+21%),% of DE-2004,% of DE
Latvia,2004,51.71622514262416,2177658,40.49214771847307,61.97066975215436,21.478522033681287,Latvia (+21%),% of DE-2004,% of DE
Latvia,2004,46.61705466731413,2141988,40.49214771847307,61.97066975215436,21.478522033681287,Latvia (+21%),% of DE-2004,% of DE
Latvia,2004,43.96161764031487,2097787,40.49214771847307,61.97066975215436,21.478522033681287,Latvia (+21%),% of DE-2004,% of DE
Latvia,2004,43.64148874773655,2059892,40.49214771847307,61.97066975215436,21.478522033681287,Latvia (+21%),% of DE-2004,% of DE
Latvia,2004,47.27893020326457,2034577,40.49214771847307,61.97066975215436,21.478522033681287,Latvia (+21%),% of DE-2004,% of DE
Latvia,2004,48.7348088236413,2012960,40.49214771847307,61.97066975215436,21.478522033681287,Latvia (+21%),% of DE-2004,% of DE
Latvia,2004,49.36540683949313,1994096,40.49214771847307,61.97066975215436,21.478522033681287,Latvia (+21%),% of DE-2004,% of DE
Latvia,2004,51.25620195441304,1977815,40.49214771847307,61.97066975215436,21.478522033681287,Latvia (+21%),% of DE-2004,% of DE
Latvia,2004,52.27700612890377,1959817,40.49214771847307,61.97066975215436,21.478522033681287,Latvia (+21%),% of DE-2004,% of DE
Latvia,2004,53.2918110205062,1942550,40.49214771847307,61.97066975215436,21.478522033681287,Latvia (+21%),% of DE-2004,% of DE
Latvia,2004,55.571532130170226,1927526,40.49214771847307,61.97066975215436,21.478522033681287,Latvia (+21%),% of DE-2004,% of DE
Latvia,2004,55.91201060509243,1914220,40.49214771847307,61.97066975215436,21.478522033681287,Latvia (+21%),% of DE-2004,% of DE
Latvia,2004,56.719236558125914,1901069,40.49214771847307,61.97066975215436,21.478522033681287,Latvia (+21%),% of DE-2004,% of DE
Latvia,2004,59.0301635864594,1885546,40.49214771847307,61.97066975215436,21.478522033681287,Latvia (+21%),% of DE-2004,% of DE
Latvia,2004,59.87584084243588,1881016,40.49214771847307,61.97066975215436,21.478522033681287,Latvia (+21%),% of DE-2004,% of DE
Latvia,2004,61.88976212465432,1882336,40.49214771847307,61.97066975215436,21.478522033681287,Latvia (+21%),% of DE-2004,% of DE
Latvia,2004,61.97066975215436,1862441,40.49214771847307,61.97066975215436,21.478522033681287,Latvia (+21%),% of DE-2004,% of DE
Poland,2004,41.09150894913289,38167521,41.09150894913289,71.80128262246758,30.709773673334695,Poland (+31%),% of DE-2004,% of DE
Poland,2004,42.05352003672484,38124333,41.09150894913289,71.80128262246758,30.709773673334695,Poland (+31%),% of DE-2004,% of DE
Poland,2004,42.982368222818195,38071124,41.09150894913289,71.80128262246758,30.709773673334695,Poland (+31%),% of DE-2004,% of DE
Poland,2004,44.56380026299825,38020368,41.09150894913289,71.80128262246758,30.709773673334695,Poland (+31%),% of DE-2004,% of DE
Poland,2004,46.00385778660352,37995854,41.09150894913289,71.80128262246758,30.709773673334695,Poland (+31%),% of DE-2004,% of DE
Poland,2004,49.81805044051791,38002108,41.09150894913289,71.80128262246758,30.709773673334695,Poland (+31%),% of DE-2004,% of DE
Poland,2004,49.41569421660969,38095304,41.09150894913289,71.80128262246758,30.709773673334695,Poland (+31%),% of DE-2004,% of DE
Poland,2004,49.18175074296586,38208597,41.09150894913289,71.80128262246758,30.709773673334695,Poland (+31%),% of DE-2004,% of DE
Poland,2004,49.78308580899834,38247820,41.09150894913289,71.80128262246758,30.709773673334695,Poland (+31%),% of DE-2004,% of DE
Poland,2004,50.09755390875681,38259214,41.09150894913289,71.80128262246758,30.709773673334695,Poland (+31%),% of DE-2004,% of DE
Poland,2004,51.20732034633611,38265064,41.09150894913289,71.80128262246758,30.709773673334695,Poland (+31%),% of DE-2004,% of DE
Poland,2004,53.10003298775828,38266267,41.09150894913289,71.80128262246758,30.709773673334695,Poland (+31%),% of DE-2004,% of DE
Poland,2004,53.93897187674521,38263203,41.09150894913289,71.80128262246758,30.709773673334695,Poland (+31%),% of DE-2004,% of DE
Poland,2004,55.418243232219886,38254908,41.09150894913289,71.80128262246758,30.709773673334695,Poland (+31%),% of DE-2004,% of DE
Poland,2004,58.404864421031874,38241017,41.09150894913289,71.80128262246758,30.709773673334695,Poland (+31%),% of DE-2004,% of DE
Poland,2004,60.63393495175313,38225836,41.09150894913289,71.80128262246758,30.709773673334695,Poland (+31%),% of DE-2004,% of DE
Poland,2004,62.72975111689655,38170958,41.09150894913289,71.80128262246758,30.709773673334695,Poland (+31%),% of DE-2004,% of DE
Poland,2004,65.6630133549406,38040252,41.09150894913289,71.80128262246758,30.709773673334695,Poland (+31%),% of DE-2004,% of DE
Poland,2004,68.97133949036758,38385689,41.09150894913289,71.80128262246758,30.709773673334695,Poland (+31%),% of DE-2004,% of DE
Poland,2004,69.66849057165301,38762796,41.09150894913289,71.80128262246758,30.709773673334695,Poland (+31%),% of DE-2004,% of DE
Poland,2004,71.80128262246758,36554707,41.09150894913289,71.80128262246758,30.709773673334695,Poland (+31%),% of DE-2004,% of DE
Romania,2004,38.44017048644006,21403163,38.44017048644006,64.6361387772977,26.195968290857643,Romania (+26%),% of DE-2004,% of DE
Romania,2004,40.10565035598577,21213352,38.44017048644006,64.6361387772977,26.195968290857643,Romania (+26%),% of DE-2004,% of DE
Romania,2004,41.91771201367893,21035673,38.44017048644006,64.6361387772977,26.195968290857643,Romania (+26%),% of DE-2004,% of DE
Romania,2004,44.278249492971554,20870655,38.44017048644006,64.6361387772977,26.195968290857643,Romania (+26%),% of DE-2004,% of DE
Romania,2004,48.6760760130836,20718693,38.44017048644006,64.6361387772977,26.195968290857643,Romania (+26%),% of DE-2004,% of DE
Romania,2004,48.97382423530214,20576869,38.44017048644006,64.6361387772977,26.195968290857643,Romania (+26%),% of DE-2004,% of DE
Romania,2004,45.38679812863399,20432524,38.44017048644006,64.6361387772977,26.195968290857643,Romania (+26%),% of DE-2004,% of DE
Romania,2004,45.09118104361099,20281955,38.44017048644006,64.6361387772977,26.195968290857643,Romania (+26%),% of DE-2004,% of DE
Romania,2004,46.023000865189914,20158399,38.44017048644006,64.6361387772977,26.195968290857643,Romania (+26%),% of DE-2004,% of DE
Romania,2004,46.27086775026157,20062861,38.44017048644006,64.6361387772977,26.195968290857643,Romania (+26%),% of DE-2004,% of DE
Romania,2004,47.527076016769094,19968125,38.44017048644006,64.6361387772977,26.195968290857643,Romania (+26%),% of DE-2004,% of DE
Romania,2004,48.878971422128224,19870968,38.44017048644006,64.6361387772977,26.195968290857643,Romania (+26%),% of DE-2004,% of DE
Romania,2004,49.83244522556557,19777001,38.44017048644006,64.6361387772977,26.195968290857643,Romania (+26%),% of DE-2004,% of DE
Romania,2004,52.992745979430886,19689357,38.44017048644006,64.6361387772977,26.195968290857643,Romania (+26%),% of DE-2004,% of DE
Romania,2004,56.11155563405299,19597823,38.44017048644006,64.6361387772977,26.195968290857643,Romania (+26%),% of DE-2004,% of DE
Romania,2004,58.17858073686795,19501499,38.44017048644006,64.6361387772977,26.195968290857643,Romania (+26%),% of DE-2004,% of DE
Romania,2004,58.80455899978017,19392420,38.44017048644006,64.6361387772977,26.195968290857643,Romania (+26%),% of DE-2004,% of DE
Romania,2004,60.34236157271363,19248115,38.44017048644006,64.6361387772977,26.195968290857643,Romania (+26%),% of DE-2004,% of DE
Romania,2004,62.57588493560643,19166726,38.44017048644006,64.6361387772977,26.195968290857643,Romania (+26%),% of DE-2004,% of DE
Romania,2004,64.2942133764526,19118433,38.44017048644006,64.6361387772977,26.195968290857643,Romania (+26%),% of DE-2004,% of DE
Romania,2004,64.6361387772977,19069340,38.44017048644006,64.6361387772977,26.195968290857643,Romania (+26%),% of DE-2004,% of DE
Slovakia,2004,42.98927783251118,5375995,42.98927783251118,64.21567055835206,21.22639272584088,Slovakia (+21%),% of DE-2004,% of DE
Slovakia,2004,45.34501219905928,5376650,42.98927783251118,64.21567055835206,21.22639272584088,Slovakia (+21%),% of DE-2004,% of DE
Slovakia,2004,47.50283224910777,5376793,42.98927783251118,64.21567055835206,21.22639272584088,Slovakia (+21%),% of DE-2004,% of DE
Slovakia,2004,51.080037447552186,5376949,42.98927783251118,64.21567055835206,21.22639272584088,Slovakia (+21%),% of DE-2004,% of DE
Slovakia,2004,53.18715221894148,5379075,42.98927783251118,64.21567055835206,21.22639272584088,Slovakia (+21%),% of DE-2004,% of DE
Slovakia,2004,53.00424574554543,5385027,42.98927783251118,64.21567055835206,21.22639272584088,Slovakia (+21%),% of DE-2004,% of DE
Slovakia,2004,54.216035688387905,5391807,42.98927783251118,64.21567055835206,21.22639272584088,Slovakia (+21%),% of DE-2004,% of DE
Slovakia,2004,52.53926978297706,5398048,42.98927783251118,64.21567055835206,21.22639272584088,Slovakia (+21%),% of DE-2004,% of DE
Slovakia,2004,53.12111487497476,5404834,42.98927783251118,64.21567055835206,21.22639272584088,Slovakia (+21%),% of DE-2004,% of DE
Slovakia,2004,53.37714861778997,5410370,42.98927783251118,64.21567055835206,21.22639272584088,Slovakia (+21%),% of DE-2004,% of DE
Slovakia,2004,53.83034792029103,5415184,42.98927783251118,64.21567055835206,21.22639272584088,Slovakia (+21%),% of DE-2004,% of DE
Slovakia,2004,56.127466021689585,5420221,42.98927783251118,64.21567055835206,21.22639272584088,Slovakia (+21%),% of DE-2004,% of DE
Slovakia,2004,56.3178409644772,5427217,42.98927783251118,64.21567055835206,21.22639272584088,Slovakia (+21%),% of DE-2004,% of DE
Slovakia,2004,56.528263982157306,5435643,42.98927783251118,64.21567055835206,21.22639272584088,Slovakia (+21%),% of DE-2004,% of DE
Slovakia,2004,58.269349521528476,5443188,42.98927783251118,64.21567055835206,21.22639272584088,Slovakia (+21%),% of DE-2004,% of DE
Slovakia,2004,59.06576882300207,5450575,42.98927783251118,64.21567055835206,21.22639272584088,Slovakia (+21%),% of DE-2004,% of DE
Slovakia,2004,59.99306931618929,5454981,42.98927783251118,64.21567055835206,21.22639272584088,Slovakia (+21%),% of DE-2004,% of DE
Slovakia,2004,61.32356349811003,5442712,42.98927783251118,64.21567055835206,21.22639272584088,Slovakia (+21%),% of DE-2004,% of DE
Slovakia,2004,61.373689780765226,5473145,42.98927783251118,64.21567055835206,21.22639272584088,Slovakia (+21%),% of DE-2004,% of DE
Slovakia,2004,63.007999130051694,5518008,42.98927783251118,64.21567055835206,21.22639272584088,Slovakia (+21%),% of DE-2004,% of DE
Slovakia,2004,64.21567055835206,5422069,42.98927783251118,64.21567055835206,21.22639272584088,Slovakia (+21%),% of DE-2004,% of DE
Slovenia,2004,67.51946905575808,1993503,67.51946905575808,77.1861326506189,9.666663594860822,Slovenia (+9.7%),% of DE-2004,% of DE
Slovenia,2004,69.34647010999075,1996858,67.51946905575808,77.1861326506189,9.666663594860822,Slovenia (+9.7%),% of DE-2004,% of DE
Slovenia,2004,70.41254980963947,2003069,67.51946905575808,77.1861326506189,9.666663594860822,Slovenia (+9.7%),% of DE-2004,% of DE
Slovenia,2004,72.8141253044245,2014110,67.51946905575808,77.1861326506189,9.666663594860822,Slovenia (+9.7%),% of DE-2004,% of DE
Slovenia,2004,74.33118219411102,2025041,67.51946905575808,77.1861326506189,9.666663594860822,Slovenia (+9.7%),% of DE-2004,% of DE
Slovenia,2004,71.88481313116357,2035555,67.51946905575808,77.1861326506189,9.666663594860822,Slovenia (+9.7%),% of DE-2004,% of DE
Slovenia,2004,69.38018308742677,2044566,67.51946905575808,77.1861326506189,9.666663594860822,Slovenia (+9.7%),% of DE-2004,% of DE
Slovenia,2004,65.93233728760441,2048754,67.51946905575808,77.1861326506189,9.666663594860822,Slovenia (+9.7%),% of DE-2004,% of DE
Slovenia,2004,63.69369099528914,2053274,67.51946905575808,77.1861326506189,9.666663594860822,Slovenia (+9.7%),% of DE-2004,% of DE
Slovenia,2004,63.01233912985205,2056403,67.51946905575808,77.1861326506189,9.666663594860822,Slovenia (+9.7%),% of DE-2004,% of DE
Slovenia,2004,63.58047182605055,2058351,67.51946905575808,77.1861326506189,9.666663594860822,Slovenia (+9.7%),% of DE-2004,% of DE
Slovenia,2004,64.55196390238103,2059899,67.51946905575808,77.1861326506189,9.666663594860822,Slovenia (+9.7%),% of DE-2004,% of DE
Slovenia,2004,65.49775351291949,2061329,67.51946905575808,77.1861326506189,9.666663594860822,Slovenia (+9.7%),% of DE-2004,% of DE
Slovenia,2004,67.27261924492385,2062366,67.51946905575808,77.1861326506189,9.666663594860822,Slovenia (+9.7%),% of DE-2004,% of DE
Slovenia,2004,69.40016751857596,2069431,67.51946905575808,77.1861326506189,9.666663594860822,Slovenia (+9.7%),% of DE-2004,% of DE
Slovenia,2004,70.79604700893485,2083395,67.51946905575808,77.1861326506189,9.666663594860822,Slovenia (+9.7%),% of DE-2004,% of DE
Slovenia,2004,70.38838328285223,2102370,67.51946905575808,77.1861326506189,9.666663594860822,Slovenia (+9.7%),% of DE-2004,% of DE
Slovenia,2004,73.42634782147982,2113450,67.51946905575808,77.1861326506189,9.666663594860822,Slovenia (+9.7%),% of DE-2004,% of DE
Slovenia,2004,74.78576148789567,2115184,67.51946905575808,77.1861326506189,9.666663594860822,Slovenia (+9.7%),% of DE-2004,% of DE
Slovenia,2004,76.36150497401016,2118353,67.51946905575808,77.1861326506189,9.666663594860822,Slovenia (+9.7%),% of DE-2004,% of DE
Slovenia,2004,77.1861326506189,2126324,67.51946905575808,77.1861326506189,9.666663594860822,Slovenia (+9.7%),% of DE-2004,% of DE
Bulgaria,2010,39.582534919884274,7437542,39.582534919884274,54.25004928132255,14.667514361438279,Bulgaria (+15%),% of DE-2010,% of DE
Bulgaria,2010,38.47692289333713,7379973,39.582534919884274,54.25004928132255,14.667514361438279,Bulgaria (+15%),% of DE-2010,% of DE
Bulgaria,2010,38.87909455407173,7316974,39.582534919884274,54.25004928132255,14.667514361438279,Bulgaria (+15%),% of DE-2010,% of DE
Bulgaria,2010,39.41153371061355,7264556,39.582534919884274,54.25004928132255,14.667514361438279,Bulgaria (+15%),% of DE-2010,% of DE
Bulgaria,2010,39.58139057675191,7223406,39.582534919884274,54.25004928132255,14.667514361438279,Bulgaria (+15%),% of DE-2010,% of DE
Bulgaria,2010,41.130364869088986,7177463,39.582534919884274,54.25004928132255,14.667514361438279,Bulgaria (+15%),% of DE-2010,% of DE
Bulgaria,2010,42.306077994386484,7127389,39.582534919884274,54.25004928132255,14.667514361438279,Bulgaria (+15%),% of DE-2010,% of DE
Bulgaria,2010,43.0429402239843,7075586,39.582534919884274,54.25004928132255,14.667514361438279,Bulgaria (+15%),% of DE-2010,% of DE
Bulgaria,2010,44.38895210117896,7024687,39.582534919884274,54.25004928132255,14.667514361438279,Bulgaria (+15%),% of DE-2010,% of DE
Bulgaria,2010,46.37316282011334,6975420,39.582534919884274,54.25004928132255,14.667514361438279,Bulgaria (+15%),% of DE-2010,% of DE
Bulgaria,2010,47.30873440154188,6933606,39.582534919884274,54.25004928132255,14.667514361438279,Bulgaria (+15%),% of DE-2010,% of DE
Bulgaria,2010,49.53352809381527,6877173,39.582534919884274,54.25004928132255,14.667514361438279,Bulgaria (+15%),% of DE-2010,% of DE
Bulgaria,2010,51.53980626212519,6825817,39.582534919884274,54.25004928132255,14.667514361438279,Bulgaria (+15%),% of DE-2010,% of DE
Bulgaria,2010,52.86915495579815,6795757,39.582534919884274,54.25004928132255,14.667514361438279,Bulgaria (+15%),% of DE-2010,% of DE
Bulgaria,2010,54.25004928132255,6444366,39.582534919884274,54.25004928132255,14.667514361438279,Bulgaria (+15%),% of DE-2010,% of DE
Czechia,2010,71.26051549489767,10463981,71.26051549489767,76.33608982395403,5.0755743290563515,Czechia (+5.1%),% of DE-2010,% of DE
Czechia,2010,68.4713607271498,10495455,71.26051549489767,76.33608982395403,5.0755743290563515,Czechia (+5.1%),% of DE-2010,% of DE
Czechia,2010,67.65527692095036,10507287,71.26051549489767,76.33608982395403,5.0755743290563515,Czechia (+5.1%),% of DE-2010,% of DE
Czechia,2010,67.52849381039513,10511117,71.26051549489767,76.33608982395403,5.0755743290563515,Czechia (+5.1%),% of DE-2010,% of DE
Czechia,2010,67.78943917773833,10517176,71.26051549489767,76.33608982395403,5.0755743290563515,Czechia (+5.1%),% of DE-2010,% of DE
Czechia,2010,70.46405756442655,10524367,71.26051549489767,76.33608982395403,5.0755743290563515,Czechia (+5.1%),% of DE-2010,% of DE
Czechia,2010,71.09720009884768,10531895,71.26051549489767,76.33608982395403,5.0755743290563515,Czechia (+5.1%),% of DE-2010,% of DE
Czechia,2010,72.87696630499704,10541301,71.26051549489767,76.33608982395403,5.0755743290563515,Czechia (+5.1%),% of DE-2010,% of DE
Czechia,2010,74.08706677667108,10548878,71.26051549489767,76.33608982395403,5.0755743290563515,Czechia (+5.1%),% of DE-2010,% of DE
Czechia,2010,75.85052150709659,10554819,71.26051549489767,76.33608982395403,5.0755743290563515,Czechia (+5.1%),% of DE-2010,% of DE
Czechia,2010,74.77286667384345,10550083,71.26051549489767,76.33608982395403,5.0755743290563515,Czechia (+5.1%),% of DE-2010,% of DE
Czechia,2010,76.4360287233164,10530619,71.26051549489767,76.33608982395403,5.0755743290563515,Czechia (+5.1%),% of DE-2010,% of DE
Czechia,2010,76.89360892659857,10673169,71.26051549489767,76.33608982395403,5.0755743290563515,Czechia (+5.1%),% of DE-2010,% of DE
Czechia,2010,75.78903413782854,10809674,71.26051549489767,76.33608982395403,5.0755743290563515,Czechia (+5.1%),% of DE-2010,% of DE
Czechia,2010,76.33608982395403,10882164,71.26051549489767,76.33608982395403,5.0755743290563515,Czechia (+5.1%),% of DE-2010,% of DE
Estonia,2010,55.370219164450766,1331406,55.370219164450766,66.12486881980247,10.754649655351706,Estonia (+11%),% of DE-2010,% of DE
Estonia,2010,56.540945334929596,1327315,55.370219164450766,66.12486881980247,10.754649655351706,Estonia (+11%),% of DE-2010,% of DE
Estonia,2010,58.659653506886976,1322570,55.370219164450766,66.12486881980247,10.754649655351706,Estonia (+11%),% of DE-2010,% of DE
Estonia,2010,59.835416074247476,1317872,55.370219164450766,66.12486881980247,10.754649655351706,Estonia (+11%),% of DE-2010,% of DE
Estonia,2010,60.92318724824778,1314402,55.370219164450766,66.12486881980247,10.754649655351706,Estonia (+11%),% of DE-2010,% of DE
Estonia,2010,61.52464734938434,1314538,55.370219164450766,66.12486881980247,10.754649655351706,Estonia (+11%),% of DE-2010,% of DE
Estonia,2010,62.48913114187526,1315802,55.370219164450766,66.12486881980247,10.754649655351706,Estonia (+11%),% of DE-2010,% of DE
Estonia,2010,64.42731551732805,1317381,55.370219164450766,66.12486881980247,10.754649655351706,Estonia (+11%),% of DE-2010,% of DE
Estonia,2010,66.04187541032462,1321918,55.370219164450766,66.12486881980247,10.754649655351706,Estonia (+11%),% of DE-2010,% of DE
Estonia,2010,67.73392063905678,1326772,55.370219164450766,66.12486881980247,10.754649655351706,Estonia (+11%),% of DE-2010,% of DE
Estonia,2010,68.5100106599158,1329618,55.370219164450766,66.12486881980247,10.754649655351706,Estonia (+11%),% of DE-2010,% of DE
Estonia,2010,70.76762497938887,1331699,55.370219164450766,66.12486881980247,10.754649655351706,Estonia (+11%),% of DE-2010,% of DE
Estonia,2010,69.42483341500231,1350038,55.370219164450766,66.12486881980247,10.754649655351706,Estonia (+11%),% of DE-2010,% of DE
Estonia,2010,66.53185683483446,1367143,55.370219164450766,66.12486881980247,10.754649655351706,Estonia (+11%),% of DE-2010,% of DE
Estonia,2010,66.12486881980247,1371986,55.370219164450766,66.12486881980247,10.754649655351706,Estonia (+11%),% of DE-2010,% of DE
Croatia,2010,52.321065501534264,4301108,52.321065501534264,67.85596865333798,15.534903151803718,Croatia (+16%),% of DE-2010,% of DE
Croatia,2010,49.62257131760377,4280782,52.321065501534264,67.85596865333798,15.534903151803718,Croatia (+16%),% of DE-2010,% of DE
Croatia,2010,48.59588482158289,4259181,52.321065501534264,67.85596865333798,15.534903151803718,Croatia (+16%),% of DE-2010,% of DE
Croatia,2010,48.78312987913967,4242353,52.321065501534264,67.85596865333798,15.534903151803718,Croatia (+16%),% of DE-2010,% of DE
Croatia,2010,48.04639304632355,4219439,52.321065501534264,67.85596865333798,15.534903151803718,Croatia (+16%),% of DE-2010,% of DE
Croatia,2010,49.36980503898911,4183681,52.321065501534264,67.85596865333798,15.534903151803718,Croatia (+16%),% of DE-2010,% of DE
Croatia,2010,50.88726330862906,4136388,52.321065501534264,67.85596865333798,15.534903151803718,Croatia (+16%),% of DE-2010,% of DE
Croatia,2010,52.19059708936562,4079152,52.321065501534264,67.85596865333798,15.534903151803718,Croatia (+16%),% of DE-2010,% of DE
Croatia,2010,53.976389975795705,4024820,52.321065501534264,67.85596865333798,15.534903151803718,Croatia (+16%),% of DE-2010,% of DE
Croatia,2010,55.7807018689258,3986292,52.321065501534264,67.85596865333798,15.534903151803718,Croatia (+16%),% of DE-2010,% of DE
Croatia,2010,53.851607634052634,3953898,52.321065501534264,67.85596865333798,15.534903151803718,Croatia (+16%),% of DE-2010,% of DE
Croatia,2010,59.06307654757302,3924558,52.321065501534264,67.85596865333798,15.534903151803718,Croatia (+16%),% of DE-2010,% of DE
Croatia,2010,63.34472398082709,3906988,52.321065501534264,67.85596865333798,15.534903151803718,Croatia (+16%),% of DE-2010,% of DE
Croatia,2010,65.62405982597065,3895973,52.321065501534264,67.85596865333798,15.534903151803718,Croatia (+16%),% of DE-2010,% of DE
Croatia,2010,67.85596865333798,3866300,52.321065501534264,67.85596865333798,15.534903151803718,Croatia (+16%),% of DE-2010,% of DE
Hungary,2010,50.67277072134303,9979076,50.67277072134303,64.7816101640311,14.108839442688065,Hungary (+14%),% of DE-2010,% of DE
Hungary,2010,48.99803015343376,9946626,50.67277072134303,64.7816101640311,14.108839442688065,Hungary (+14%),% of DE-2010,% of DE
Hungary,2010,48.45350530128895,9916568,50.67277072134303,64.7816101640311,14.108839442688065,Hungary (+14%),% of DE-2010,% of DE
Hungary,2010,49.62076748465426,9889294,50.67277072134303,64.7816101640311,14.108839442688065,Hungary (+14%),% of DE-2010,% of DE
Hungary,2010,51.08927475935696,9862785,50.67277072134303,64.7816101640311,14.108839442688065,Hungary (+14%),% of DE-2010,% of DE
Hungary,2010,52.74022884150133,9839162,50.67277072134303,64.7816101640311,14.108839442688065,Hungary (+14%),% of DE-2010,% of DE
Hungary,2010,53.44979045214264,9810479,50.67277072134303,64.7816101640311,14.108839442688065,Hungary (+14%),% of DE-2010,% of DE
Hungary,2010,54.56992718583502,9785561,50.67277072134303,64.7816101640311,14.108839442688065,Hungary (+14%),% of DE-2010,% of DE
Hungary,2010,57.280991238627514,9774342,50.67277072134303,64.7816101640311,14.108839442688065,Hungary (+14%),% of DE-2010,% of DE
Hungary,2010,59.80982772296402,9770300,50.67277072134303,64.7816101640311,14.108839442688065,Hungary (+14%),% of DE-2010,% of DE
Hungary,2010,59.85735391044829,9749421,50.67277072134303,64.7816101640311,14.108839442688065,Hungary (+14%),% of DE-2010,% of DE
Hungary,2010,62.188893345153005,9707794,50.67277072134303,64.7816101640311,14.108839442688065,Hungary (+14%),% of DE-2010,% of DE
Hungary,2010,64.60463529912501,9684259,50.67277072134303,64.7816101640311,14.108839442688065,Hungary (+14%),% of DE-2010,% of DE
Hungary,2010,64.39753676653503,9686418,50.67277072134303,64.7816101640311,14.108839442688065,Hungary (+14%),% of DE-2010,% of DE
Hungary,2010,64.7816101640311,9562314,50.67277072134303,64.7816101640311,14.108839442688065,Hungary (+14%),% of DE-2010,% of DE
Lithuania,2010,49.00625229332364,3097660,49.00625229332364,75.07426638260425,26.06801408928061,Lithuania (+26%),% of DE-2010,% of DE
Lithuania,2010,50.421720006416066,3028588,49.00625229332364,75.07426638260425,26.06801408928061,Lithuania (+26%),% of DE-2010,% of DE
Lithuania,2010,53.16595661667813,2988281,49.00625229332364,75.07426638260425,26.06801408928061,Lithuania (+26%),% of DE-2010,% of DE
Lithuania,2010,55.775688427894714,2958306,49.00625229332364,75.07426638260425,26.06801408928061,Lithuania (+26%),% of DE-2010,% of DE
Lithuania,2010,57.35223302173337,2933118,49.00625229332364,75.07426638260425,26.06801408928061,Lithuania (+26%),% of DE-2010,% of DE
Lithuania,2010,59.04805614588373,2905726,49.00625229332364,75.07426638260425,26.06801408928061,Lithuania (+26%),% of DE-2010,% of DE
Lithuania,2010,60.44764322832223,2869051,49.00625229332364,75.07426638260425,26.06801408928061,Lithuania (+26%),% of DE-2010,% of DE
Lithuania,2010,62.54807656656579,2829273,49.00625229332364,75.07426638260425,26.06801408928061,Lithuania (+26%),% of DE-2010,% of DE
Lithuania,2010,65.636391189038,2802430,49.00625229332364,75.07426638260425,26.06801408928061,Lithuania (+26%),% of DE-2010,% of DE
Lithuania,2010,68.38468023783818,2795011,49.00625229332364,75.07426638260425,26.06801408928061,Lithuania (+26%),% of DE-2010,% of DE
Lithuania,2010,71.41182613024208,2795711,49.00625229332364,75.07426638260425,26.06801408928061,Lithuania (+26%),% of DE-2010,% of DE
Lithuania,2010,73.36153186235212,2794443,49.00625229332364,75.07426638260425,26.06801408928061,Lithuania (+26%),% of DE-2010,% of DE
Lithuania,2010,74.12959702357118,2816872,49.00625229332364,75.07426638260425,26.06801408928061,Lithuania (+26%),% of DE-2010,% of DE
Lithuania,2010,73.63575585397369,2854061,49.00625229332364,75.07426638260425,26.06801408928061,Lithuania (+26%),% of DE-2010,% of DE
Lithuania,2010,75.07426638260425,2888055,49.00625229332364,75.07426638260425,26.06801408928061,Lithuania (+26%),% of DE-2010,% of DE
Latvia,2010,43.96161764031487,2097787,43.96161764031487,61.97066975215436,18.009052111839488,Latvia (+18%),% of DE-2010,% of DE
Latvia,2010,43.64148874773655,2059892,43.96161764031487,61.97066975215436,18.009052111839488,Latvia (+18%),% of DE-2010,% of DE
Latvia,2010,47.27893020326457,2034577,43.96161764031487,61.97066975215436,18.009052111839488,Latvia (+18%),% of DE-2010,% of DE
Latvia,2010,48.7348088236413,2012960,43.96161764031487,61.97066975215436,18.009052111839488,Latvia (+18%),% of DE-2010,% of DE
Latvia,2010,49.36540683949313,1994096,43.96161764031487,61.97066975215436,18.009052111839488,Latvia (+18%),% of DE-2010,% of DE
Latvia,2010,51.25620195441304,1977815,43.96161764031487,61.97066975215436,18.009052111839488,Latvia (+18%),% of DE-2010,% of DE
Latvia,2010,52.27700612890377,1959817,43.96161764031487,61.97066975215436,18.009052111839488,Latvia (+18%),% of DE-2010,% of DE
Latvia,2010,53.2918110205062,1942550,43.96161764031487,61.97066975215436,18.009052111839488,Latvia (+18%),% of DE-2010,% of DE
Latvia,2010,55.571532130170226,1927526,43.96161764031487,61.97066975215436,18.009052111839488,Latvia (+18%),% of DE-2010,% of DE
Latvia,2010,55.91201060509243,1914220,43.96161764031487,61.97066975215436,18.009052111839488,Latvia (+18%),% of DE-2010,% of DE
Latvia,2010,56.719236558125914,1901069,43.96161764031487,61.97066975215436,18.009052111839488,Latvia (+18%),% of DE-2010,% of DE
Latvia,2010,59.0301635864594,1885546,43.96161764031487,61.97066975215436,18.009052111839488,Latvia (+18%),% of DE-2010,% of DE
Latvia,2010,59.87584084243588,1881016,43.96161764031487,61.97066975215436,18.009052111839488,Latvia (+18%),% of DE-2010,% of DE
Latvia,2010,61.88976212465432,1882336,43.96161764031487,61.97066975215436,18.009052111839488,Latvia (+18%),% of DE-2010,% of DE
Latvia,2010,61.97066975215436,1862441,43.96161764031487,61.97066975215436,18.009052111839488,Latvia (+18%),% of DE-2010,% of DE
Poland,2010,49.41569421660969,38095304,49.41569421660969,71.80128262246758,22.385588405857895,Poland (+22%),% of DE-2010,% of DE
Poland,2010,49.18175074296586,38208597,49.41569421660969,71.80128262246758,22.385588405857895,Poland (+22%),% of DE-2010,% of DE
Poland,2010,49.78308580899834,38247820,49.41569421660969,71.80128262246758,22.385588405857895,Poland (+22%),% of DE-2010,% of DE
Poland,2010,50.09755390875681,38259214,49.41569421660969,71.80128262246758,22.385588405857895,Poland (+22%),% of DE-2010,% of DE
Poland,2010,51.20732034633611,38265064,49.41569421660969,71.80128262246758,22.385588405857895,Poland (+22%),% of DE-2010,% of DE
Poland,2010,53.10003298775828,38266267,49.41569421660969,71.80128262246758,22.385588405857895,Poland (+22%),% of DE-2010,% of DE
Poland,2010,53.93897187674521,38263203,49.41569421660969,71.80128262246758,22.385588405857895,Poland (+22%),% of DE-2010,% of DE
Poland,2010,55.418243232219886,38254908,49.41569421660969,71.80128262246758,22.385588405857895,Poland (+22%),% of DE-2010,% of DE
Poland,2010,58.404864421031874,38241017,49.41569421660969,71.80128262246758,22.385588405857895,Poland (+22%),% of DE-2010,% of DE
Poland,2010,60.63393495175313,38225836,49.41569421660969,71.80128262246758,22.385588405857895,Poland (+22%),% of DE-2010,% of DE
Poland,2010,62.72975111689655,38170958,49.41569421660969,71.80128262246758,22.385588405857895,Poland (+22%),% of DE-2010,% of DE
Poland,2010,65.6630133549406,38040252,49.41569421660969,71.80128262246758,22.385588405857895,Poland (+22%),% of DE-2010,% of DE
Poland,2010,68.97133949036758,38385689,49.41569421660969,71.80128262246758,22.385588405857895,Poland (+22%),% of DE-2010,% of DE
Poland,2010,69.66849057165301,38762796,49.41569421660969,71.80128262246758,22.385588405857895,Poland (+22%),% of DE-2010,% of DE
Poland,2010,71.80128262246758,36554707,49.41569421660969,71.80128262246758,22.385588405857895,Poland (+22%),% of DE-2010,% of DE
Romania,2010,45.38679812863399,20432524,45.38679812863399,64.6361387772977,19.24934064866371,Romania (+19%),% of DE-2010,% of DE
Romania,2010,45.09118104361099,20281955,45.38679812863399,64.6361387772977,19.24934064866371,Romania (+19%),% of DE-2010,% of DE
Romania,2010,46.023000865189914,20158399,45.38679812863399,64.6361387772977,19.24934064866371,Romania (+19%),% of DE-2010,% of DE
Romania,2010,46.27086775026157,20062861,45.38679812863399,64.6361387772977,19.24934064866371,Romania (+19%),% of DE-2010,% of DE
Romania,2010,47.527076016769094,19968125,45.38679812863399,64.6361387772977,19.24934064866371,Romania (+19%),% of DE-2010,% of DE
Romania,2010,48.878971422128224,19870968,45.38679812863399,64.6361387772977,19.24934064866371,Romania (+19%),% of DE-2010,% of DE
Romania,2010,49.83244522556557,19777001,45.38679812863399,64.6361387772977,19.24934064866371,Romania (+19%),% of DE-2010,% of DE
Romania,2010,52.992745979430886,19689357,45.38679812863399,64.6361387772977,19.24934064866371,Romania (+19%),% of DE-2010,% of DE
Romania,2010,56.11155563405299,19597823,45.38679812863399,64.6361387772977,19.24934064866371,Romania (+19%),% of DE-2010,% of DE
Romania,2010,58.17858073686795,19501499,45.38679812863399,64.6361387772977,19.24934064866371,Romania (+19%),% of DE-2010,% of DE
Romania,2010,58.80455899978017,19392420,45.38679812863399,64.6361387772977,19.24934064866371,Romania (+19%),% of DE-2010,% of DE
Romania,2010,60.34236157271363,19248115,45.38679812863399,64.6361387772977,19.24934064866371,Romania (+19%),% of DE-2010,% of DE
Romania,2010,62.57588493560643,19166726,45.38679812863399,64.6361387772977,19.24934064866371,Romania (+19%),% of DE-2010,% of DE
Romania,2010,64.2942133764526,19118433,45.38679812863399,64.6361387772977,19.24934064866371,Romania (+19%),% of DE-2010,% of DE
Romania,2010,64.6361387772977,19069340,45.38679812863399,64.6361387772977,19.24934064866371,Romania (+19%),% of DE-2010,% of DE
Slovakia,2010,54.216035688387905,5391807,54.216035688387905,64.21567055835206,9.999634869964154,Slovakia (+10%),% of DE-2010,% of DE
Slovakia,2010,52.53926978297706,5398048,54.216035688387905,64.21567055835206,9.999634869964154,Slovakia (+10%),% of DE-2010,% of DE
Slovakia,2010,53.12111487497476,5404834,54.216035688387905,64.21567055835206,9.999634869964154,Slovakia (+10%),% of DE-2010,% of DE
Slovakia,2010,53.37714861778997,5410370,54.216035688387905,64.21567055835206,9.999634869964154,Slovakia (+10%),% of DE-2010,% of DE
Slovakia,2010,53.83034792029103,5415184,54.216035688387905,64.21567055835206,9.999634869964154,Slovakia (+10%),% of DE-2010,% of DE
Slovakia,2010,56.127466021689585,5420221,54.216035688387905,64.21567055835206,9.999634869964154,Slovakia (+10%),% of DE-2010,% of DE
Slovakia,2010,56.3178409644772,5427217,54.216035688387905,64.21567055835206,9.999634869964154,Slovakia (+10%),% of DE-2010,% of DE
Slovakia,2010,56.528263982157306,5435643,54.216035688387905,64.21567055835206,9.999634869964154,Slovakia (+10%),% of DE-2010,% of DE
Slovakia,2010,58.269349521528476,5443188,54.216035688387905,64.21567055835206,9.999634869964154,Slovakia (+10%),% of DE-2010,% of DE
Slovakia,2010,59.06576882300207,5450575,54.216035688387905,64.21567055835206,9.999634869964154,Slovakia (+10%),% of DE-2010,% of DE
Slovakia,2010,59.99306931618929,5454981,54.216035688387905,64.21567055835206,9.999634869964154,Slovakia (+10%),% of DE-2010,% of DE
Slovakia,2010,61.32356349811003,5442712,54.216035688387905,64.21567055835206,9.999634869964154,Slovakia (+10%),% of DE-2010,% of DE
Slovakia,2010,61.373689780765226,5473145,54.216035688387905,64.21567055835206,9.999634869964154,Slovakia (+10%),% of DE-2010,% of DE
Slovakia,2010,63.007999130051694,5518008,54.216035688387905,64.21567055835206,9.999634869964154,Slovakia (+10%),% of DE-2010,% of DE
Slovakia,2010,64.21567055835206,5422069,54.216035688387905,64.21567055835206,9.999634869964154,Slovakia (+10%),% of DE-2010,% of DE
Slovenia,2010,69.38018308742677,2044566,69.38018308742677,77.1861326506189,7.805949563192129,Slovenia (+7.8%),% of DE-2010,% of DE
Slovenia,2010,65.93233728760441,2048754,69.38018308742677,77.1861326506189,7.805949563192129,Slovenia (+7.8%),% of DE-2010,% of DE
Slovenia,2010,63.69369099528914,2053274,69.38018308742677,77.1861326506189,7.805949563192129,Slovenia (+7.8%),% of DE-2010,% of DE
Slovenia,2010,63.01233912985205,2056403,69.38018308742677,77.1861326506189,7.805949563192129,Slovenia (+7.8%),% of DE-2010,% of DE
Slovenia,2010,63.58047182605055,2058351,69.38018308742677,77.1861326506189,7.805949563192129,Slovenia (+7.8%),% of DE-2010,% of DE
Slovenia,2010,64.55196390238103,2059899,69.38018308742677,77.1861326506189,7.805949563192129,Slovenia (+7.8%),% of DE-2010,% of DE
Slovenia,2010,65.49775351291949,2061329,69.38018308742677,77.1861326506189,7.805949563192129,Slovenia (+7.8%),% of DE-2010,% of DE
Slovenia,2010,67.27261924492385,2062366,69.38018308742677,77.1861326506189,7.805949563192129,Slovenia (+7.8%),% of DE-2010,% of DE
Slovenia,2010,69.40016751857596,2069431,69.38018308742677,77.1861326506189,7.805949563192129,Slovenia (+7.8%),% of DE-2010,% of DE
Slovenia,2010,70.79604700893485,2083395,69.38018308742677,77.1861326506189,7.805949563192129,Slovenia (+7.8%),% of DE-2010,% of DE
Slovenia,2010,70.38838328285223,2102370,69.38018308742677,77.1861326506189,7.805949563192129,Slovenia (+7.8%),% of DE-2010,% of DE
Slovenia,2010,73.42634782147982,2113450,69.38018308742677,77.1861326506189,7.805949563192129,Slovenia (+7.8%),% of DE-2010,% of DE
Slovenia,2010,74.78576148789567,2115184,69.38018308742677,77.1861326506189,7.805949563192129,Slovenia (+7.8%),% of DE-2010,% of DE
Slovenia,2010,76.36150497401016,2118353,69.38018308742677,77.1861326506189,7.805949563192129,Slovenia (+7.8%),% of DE-2010,% of DE
Slovenia,2010,77.1861326506189,2126324,69.38018308742677,77.1861326506189,7.805949563192129,Slovenia (+7.8%),% of DE-2010,% of DE
Bulgaria,2004,32.08631907515304,7749383,32.08631907515304,55.88265569813764,23.796336622984597,Bulgaria (+24%),% of EU8-2004,% of EU8
Bulgaria,2004,34.170207840636934,7695001,32.08631907515304,55.88265569813764,23.796336622984597,Bulgaria (+24%),% of EU8-2004,% of EU8
Bulgaria,2004,35.65156949331341,7640243,32.08631907515304,55.88265569813764,23.796336622984597,Bulgaria (+24%),% of EU8-2004,% of EU8
Bulgaria,2004,37.29390894977312,7586847,32.08631907515304,55.88265569813764,23.796336622984597,Bulgaria (+24%),% of EU8-2004,% of EU8
Bulgaria,2004,39.665153561412,7535541,32.08631907515304,55.88265569813764,23.796336622984597,Bulgaria (+24%),% of EU8-2004,% of EU8
Bulgaria,2004,40.40287540068986,7487966,32.08631907515304,55.88265569813764,23.796336622984597,Bulgaria (+24%),% of EU8-2004,% of EU8
Bulgaria,2004,40.19249825482142,7437542,32.08631907515304,55.88265569813764,23.796336622984597,Bulgaria (+24%),% of EU8-2004,% of EU8
Bulgaria,2004,39.95654832694436,7379973,32.08631907515304,55.88265569813764,23.796336622984597,Bulgaria (+24%),% of EU8-2004,% of EU8
Bulgaria,2004,40.58449925728465,7316974,32.08631907515304,55.88265569813764,23.796336622984597,Bulgaria (+24%),% of EU8-2004,% of EU8
Bulgaria,2004,41.169653343277034,7264556,32.08631907515304,55.88265569813764,23.796336622984597,Bulgaria (+24%),% of EU8-2004,% of EU8
Bulgaria,2004,41.60047887851955,7223406,32.08631907515304,55.88265569813764,23.796336622984597,Bulgaria (+24%),% of EU8-2004,% of EU8
Bulgaria,2004,43.150555984259924,7177463,32.08631907515304,55.88265569813764,23.796336622984597,Bulgaria (+24%),% of EU8-2004,% of EU8
Bulgaria,2004,44.484696387205595,7127389,32.08631907515304,55.88265569813764,23.796336622984597,Bulgaria (+24%),% of EU8-2004,% of EU8
Bulgaria,2004,45.40798049115556,7075586,32.08631907515304,55.88265569813764,23.796336622984597,Bulgaria (+24%),% of EU8-2004,% of EU8
Bulgaria,2004,46.6806946637742,7024687,32.08631907515304,55.88265569813764,23.796336622984597,Bulgaria (+24%),% of EU8-2004,% of EU8
Bulgaria,2004,48.52730102854715,6975420,32.08631907515304,55.88265569813764,23.796336622984597,Bulgaria (+24%),% of EU8-2004,% of EU8
Bulgaria,2004,50.03577975315274,6933606,32.08631907515304,55.88265569813764,23.796336622984597,Bulgaria (+24%),% of EU8-2004,% of EU8
Bulgaria,2004,51.740817714493616,6877173,32.08631907515304,55.88265569813764,23.796336622984597,Bulgaria (+24%),% of EU8-2004,% of EU8
Bulgaria,2004,53.24946640466842,6825817,32.08631907515304,55.88265569813764,23.796336622984597,Bulgaria (+24%),% of EU8-2004,% of EU8
Bulgaria,2004,54.48992403296943,6795757,32.08631907515304,55.88265569813764,23.796336622984597,Bulgaria (+24%),% of EU8-2004,% of EU8
Bulgaria,2004,55.88265569813764,6444366,32.08631907515304,55.88265569813764,23.796336622984597,Bulgaria (+24%),% of EU8-2004,% of EU8
Czechia,2004,65.51460525285256,10261411,65.51460525285256,78.63335575702051,13.118750504167949,Czechia (+13%),% of EU8-2004,% of EU8
Czechia,2004,68.71036114520724,10280103,65.51460525285256,78.63335575702051,13.118750504167949,Czechia (+13%),% of EU8-2004,% of EU8
Czechia,2004,70.83510527537106,10304542,65.51460525285256,78.63335575702051,13.118750504167949,Czechia (+13%),% of EU8-2004,% of EU8
Czechia,2004,72.32824820024277,10337488,65.51460525285256,78.63335575702051,13.118750504167949,Czechia (+13%),% of EU8-2004,% of EU8
Czechia,2004,73.24729714860905,10378248,65.51460525285256,78.63335575702051,13.118750504167949,Czechia (+13%),% of EU8-2004,% of EU8
Czechia,2004,72.6026120726367,10420931,65.51460525285256,78.63335575702051,13.118750504167949,Czechia (+13%),% of EU8-2004,% of EU8
Czechia,2004,72.35863368688777,10463981,65.51460525285256,78.63335575702051,13.118750504167949,Czechia (+13%),% of EU8-2004,% of EU8
Czechia,2004,71.10441865349269,10495455,65.51460525285256,78.63335575702051,13.118750504167949,Czechia (+13%),% of EU8-2004,% of EU8
Czechia,2004,70.62292904303605,10507287,65.51460525285256,78.63335575702051,13.118750504167949,Czechia (+13%),% of EU8-2004,% of EU8
Czechia,2004,70.54089042515255,10511117,65.51460525285256,78.63335575702051,13.118750504167949,Czechia (+13%),% of EU8-2004,% of EU8
Czechia,2004,71.24744966278563,10517176,65.51460525285256,78.63335575702051,13.118750504167949,Czechia (+13%),% of EU8-2004,% of EU8
Czechia,2004,73.92502523353494,10524367,65.51460525285256,78.63335575702051,13.118750504167949,Czechia (+13%),% of EU8-2004,% of EU8
Czechia,2004,74.75846285721168,10531895,65.51460525285256,78.63335575702051,13.118750504167949,Czechia (+13%),% of EU8-2004,% of EU8
Czechia,2004,76.88126896098896,10541301,65.51460525285256,78.63335575702051,13.118750504167949,Czechia (+13%),% of EU8-2004,% of EU8
Czechia,2004,77.9120835034215,10548878,65.51460525285256,78.63335575702051,13.118750504167949,Czechia (+13%),% of EU8-2004,% of EU8
Czechia,2004,79.37394964034435,10554819,65.51460525285256,78.63335575702051,13.118750504167949,Czechia (+13%),% of EU8-2004,% of EU8
Czechia,2004,79.08304324206037,10550083,65.51460525285256,78.63335575702051,13.118750504167949,Czechia (+13%),% of EU8-2004,% of EU8
Czechia,2004,79.84213483647885,10530619,65.51460525285256,78.63335575702051,13.118750504167949,Czechia (+13%),% of EU8-2004,% of EU8
Czechia,2004,79.44429640356566,10673169,65.51460525285256,78.63335575702051,13.118750504167949,Czechia (+13%),% of EU8-2004,% of EU8
Czechia,2004,78.11244034740328,10809674,65.51460525285256,78.63335575702051,13.118750504167949,Czechia (+13%),% of EU8-2004,% of EU8
Czechia,2004,78.63335575702051,10882164,65.51460525285256,78.63335575702051,13.118750504167949,Czechia (+13%),% of EU8-2004,% of EU8
Estonia,2004,54.18101132888091,1362623,54.18101132888091,68.1148372452032,13.933825916322292,Estonia (+14%),% of EU8-2004,% of EU8
Estonia,2004,58.922759810202685,1354799,54.18101132888091,68.1148372452032,13.933825916322292,Estonia (+14%),% of EU8-2004,% of EU8
Estonia,2004,63.07379385069129,1346833,54.18101132888091,68.1148372452032,13.933825916322292,Estonia (+14%),% of EU8-2004,% of EU8
Estonia,2004,66.3609003488996,1340672,54.18101132888091,68.1148372452032,13.933825916322292,Estonia (+14%),% of EU8-2004,% of EU8
Estonia,2004,62.82226430836224,1337032,54.18101132888091,68.1148372452032,13.933825916322292,Estonia (+14%),% of EU8-2004,% of EU8
Estonia,2004,56.26589980505665,1334487,54.18101132888091,68.1148372452032,13.933825916322292,Estonia (+14%),% of EU8-2004,% of EU8
Estonia,2004,56.22346930636583,1331406,54.18101132888091,68.1148372452032,13.933825916322292,Estonia (+14%),% of EU8-2004,% of EU8
Estonia,2004,58.71522057491362,1327315,54.18101132888091,68.1148372452032,13.933825916322292,Estonia (+14%),% of EU8-2004,% of EU8
Estonia,2004,61.23271880398012,1322570,54.18101132888091,68.1148372452032,13.933825916322292,Estonia (+14%),% of EU8-2004,% of EU8
Estonia,2004,62.50463012973583,1317872,54.18101132888091,68.1148372452032,13.933825916322292,Estonia (+14%),% of EU8-2004,% of EU8
Estonia,2004,64.03094301142166,1314402,54.18101132888091,68.1148372452032,13.933825916322292,Estonia (+14%),% of EU8-2004,% of EU8
Estonia,2004,64.54653996655053,1314538,54.18101132888091,68.1148372452032,13.933825916322292,Estonia (+14%),% of EU8-2004,% of EU8
Estonia,2004,65.70710777575371,1315802,54.18101132888091,68.1148372452032,13.933825916322292,Estonia (+14%),% of EU8-2004,% of EU8
Estonia,2004,67.96734309702681,1317381,54.18101132888091,68.1148372452032,13.933825916322292,Estonia (+14%),% of EU8-2004,% of EU8
Estonia,2004,69.45152960640627,1321918,54.18101132888091,68.1148372452032,13.933825916322292,Estonia (+14%),% of EU8-2004,% of EU8
Estonia,2004,70.88031431985034,1326772,54.18101132888091,68.1148372452032,13.933825916322292,Estonia (+14%),% of EU8-2004,% of EU8
Estonia,2004,72.45917371558286,1329618,54.18101132888091,68.1148372452032,13.933825916322292,Estonia (+14%),% of EU8-2004,% of EU8
Estonia,2004,73.92113836937423,1331699,54.18101132888091,68.1148372452032,13.933825916322292,Estonia (+14%),% of EU8-2004,% of EU8
Estonia,2004,71.72776932416494,1350038,54.18101132888091,68.1148372452032,13.933825916322292,Estonia (+14%),% of EU8-2004,% of EU8
Estonia,2004,68.57147286983333,1367143,54.18101132888091,68.1148372452032,13.933825916322292,Estonia (+14%),% of EU8-2004,% of EU8
Estonia,2004,68.1148372452032,1371986,54.18101132888091,68.1148372452032,13.933825916322292,Estonia (+14%),% of EU8-2004,% of EU8
Croatia,2004,51.959081379456215,4310013,51.959081379456215,69.89803297051795,17.93895159106173,Croatia (+18%),% of EU8-2004,% of EU8
Croatia,2004,53.44961438625774,4313901,51.959081379456215,69.89803297051795,17.93895159106173,Croatia (+18%),% of EU8-2004,% of EU8
Croatia,2004,54.44014832092559,4315751,51.959081379456215,69.89803297051795,17.93895159106173,Croatia (+18%),% of EU8-2004,% of EU8
Croatia,2004,55.69200999398982,4315907,51.959081379456215,69.89803297051795,17.93895159106173,Croatia (+18%),% of EU8-2004,% of EU8
Croatia,2004,56.51937645463226,4314591,51.959081379456215,69.89803297051795,17.93895159106173,Croatia (+18%),% of EU8-2004,% of EU8
Croatia,2004,55.207072397203646,4310491,51.959081379456215,69.89803297051795,17.93895159106173,Croatia (+18%),% of EU8-2004,% of EU8
Croatia,2004,53.127328457289245,4301108,51.959081379456215,69.89803297051795,17.93895159106173,Croatia (+18%),% of EU8-2004,% of EU8
Croatia,2004,51.53080131837727,4280782,51.959081379456215,69.89803297051795,17.93895159106173,Croatia (+18%),% of EU8-2004,% of EU8
Croatia,2004,50.72750983708473,4259181,51.959081379456215,69.89803297051795,17.93895159106173,Croatia (+18%),% of EU8-2004,% of EU8
Croatia,2004,50.95930954809255,4242353,51.959081379456215,69.89803297051795,17.93895159106173,Croatia (+18%),% of EU8-2004,% of EU8
Croatia,2004,50.497290014024856,4219439,51.959081379456215,69.89803297051795,17.93895159106173,Croatia (+18%),% of EU8-2004,% of EU8
Croatia,2004,51.79469093083401,4183681,51.959081379456215,69.89803297051795,17.93895159106173,Croatia (+18%),% of EU8-2004,% of EU8
Croatia,2004,53.50778341023523,4136388,51.959081379456215,69.89803297051795,17.93895159106173,Croatia (+18%),% of EU8-2004,% of EU8
Croatia,2004,55.05826512137618,4079152,51.959081379456215,69.89803297051795,17.93895159106173,Croatia (+18%),% of EU8-2004,% of EU8
Croatia,2004,56.7631192051952,4024820,51.959081379456215,69.89803297051795,17.93895159106173,Croatia (+18%),% of EU8-2004,% of EU8
Croatia,2004,58.37184152561085,3986292,51.959081379456215,69.89803297051795,17.93895159106173,Croatia (+18%),% of EU8-2004,% of EU8
Croatia,2004,56.95580769632336,3953898,51.959081379456215,69.89803297051795,17.93895159106173,Croatia (+18%),% of EU8-2004,% of EU8
Croatia,2004,61.695017393415306,3924558,51.959081379456215,69.89803297051795,17.93895159106173,Croatia (+18%),% of EU8-2004,% of EU8
Croatia,2004,65.4459726599477,3906988,51.959081379456215,69.89803297051795,17.93895159106173,Croatia (+18%),% of EU8-2004,% of EU8
Croatia,2004,67.63584622530492,3895973,51.959081379456215,69.89803297051795,17.93895159106173,Croatia (+18%),% of EU8-2004,% of EU8
Croatia,2004,69.89803297051795,3866300,51.959081379456215,69.89803297051795,17.93895159106173,Croatia (+18%),% of EU8-2004,% of EU8
Hungary,2004,52.032227877538894,10085736,52.032227877538894,66.73115442890283,14.698926551363932,Hungary (+15%),% of EU8-2004,% of EU8
Hungary,2004,53.68670904010907,10065654,52.032227877538894,66.73115442890283,14.698926551363932,Hungary (+15%),% of EU8-2004,% of EU8
Hungary,2004,54.18151787751833,10049900,52.032227877538894,66.73115442890283,14.698926551363932,Hungary (+15%),% of EU8-2004,% of EU8
Hungary,2004,53.009315263145616,10034027,52.032227877538894,66.73115442890283,14.698926551363932,Hungary (+15%),% of EU8-2004,% of EU8
Hungary,2004,53.36939117376577,10016610,52.032227877538894,66.73115442890283,14.698926551363932,Hungary (+15%),% of EU8-2004,% of EU8
Hungary,2004,52.197535586092776,10001329,52.032227877538894,66.73115442890283,14.698926551363932,Hungary (+15%),% of EU8-2004,% of EU8
Hungary,2004,51.453633601455564,9979076,52.032227877538894,66.73115442890283,14.698926551363932,Hungary (+15%),% of EU8-2004,% of EU8
Hungary,2004,50.88224349899286,9946626,52.032227877538894,66.73115442890283,14.698926551363932,Hungary (+15%),% of EU8-2004,% of EU8
Hungary,2004,50.57888493720221,9916568,52.032227877538894,66.73115442890283,14.698926551363932,Hungary (+15%),% of EU8-2004,% of EU8
Hungary,2004,51.834313553253644,9889294,52.032227877538894,66.73115442890283,14.698926551363932,Hungary (+15%),% of EU8-2004,% of EU8
Hungary,2004,53.69539231887994,9862785,52.032227877538894,66.73115442890283,14.698926551363932,Hungary (+15%),% of EU8-2004,% of EU8
Hungary,2004,55.330659100430445,9839162,52.032227877538894,66.73115442890283,14.698926551363932,Hungary (+15%),% of EU8-2004,% of EU8
Hungary,2004,56.20227194160655,9810479,52.032227877538894,66.73115442890283,14.698926551363932,Hungary (+15%),% of EU8-2004,% of EU8
Hungary,2004,57.56833004817455,9785561,52.032227877538894,66.73115442890283,14.698926551363932,Hungary (+15%),% of EU8-2004,% of EU8
Hungary,2004,60.23833263632455,9774342,52.032227877538894,66.73115442890283,14.698926551363932,Hungary (+15%),% of EU8-2004,% of EU8
Hungary,2004,62.58812938070645,9770300,52.032227877538894,66.73115442890283,14.698926551363932,Hungary (+15%),% of EU8-2004,% of EU8
Hungary,2004,63.30774675663473,9749421,52.032227877538894,66.73115442890283,14.698926551363932,Hungary (+15%),% of EU8-2004,% of EU8
Hungary,2004,64.96012535879527,9707794,52.032227877538894,66.73115442890283,14.698926551363932,Hungary (+15%),% of EU8-2004,% of EU8
Hungary,2004,66.7476773088817,9684259,52.032227877538894,66.73115442890283,14.698926551363932,Hungary (+15%),% of EU8-2004,% of EU8
Hungary,2004,66.3717225904708,9686418,52.032227877538894,66.73115442890283,14.698926551363932,Hungary (+15%),% of EU8-2004,% of EU8
Hungary,2004,66.73115442890283,9562314,52.032227877538894,66.73115442890283,14.698926551363932,Hungary (+15%),% of EU8-2004,% of EU8
Lithuania,2004,42.825900537134316,3376654,42.825900537134316,77.33355887464117,34.507658337506854,Lithuania (+35%),% of EU8-2004,% of EU8
Lithuania,2004,46.29842382268724,3322225,42.825900537134316,77.33355887464117,34.507658337506854,Lithuania (+35%),% of EU8-2004,% of EU8
Lithuania,2004,48.98193728776696,3269761,42.825900537134316,77.33355887464117,34.507658337506854,Lithuania (+35%),% of EU8-2004,% of EU8
Lithuania,2004,53.60559946174257,3231322,42.825900537134316,77.33355887464117,34.507658337506854,Lithuania (+35%),% of EU8-2004,% of EU8
Lithuania,2004,55.29786290857849,3198432,42.825900537134316,77.33355887464117,34.507658337506854,Lithuania (+35%),% of EU8-2004,% of EU8
Lithuania,2004,49.861300586050376,3163204,42.825900537134316,77.33355887464117,34.507658337506854,Lithuania (+35%),% of EU8-2004,% of EU8
Lithuania,2004,49.76143427300505,3097660,42.825900537134316,77.33355887464117,34.507658337506854,Lithuania (+35%),% of EU8-2004,% of EU8
Lithuania,2004,52.360681173724856,3028588,42.825900537134316,77.33355887464117,34.507658337506854,Lithuania (+35%),% of EU8-2004,% of EU8
Lithuania,2004,55.49804468366736,2988281,42.825900537134316,77.33355887464117,34.507658337506854,Lithuania (+35%),% of EU8-2004,% of EU8
Lithuania,2004,58.26380100860343,2958306,42.825900537134316,77.33355887464117,34.507658337506854,Lithuania (+35%),% of EU8-2004,% of EU8
Lithuania,2004,60.277830659590194,2933118,42.825900537134316,77.33355887464117,34.507658337506854,Lithuania (+35%),% of EU8-2004,% of EU8
Lithuania,2004,61.948306575796124,2905726,42.825900537134316,77.33355887464117,34.507658337506854,Lithuania (+35%),% of EU8-2004,% of EU8
Lithuania,2004,63.56049021350635,2869051,42.825900537134316,77.33355887464117,34.507658337506854,Lithuania (+35%),% of EU8-2004,% of EU8
Lithuania,2004,65.98484735741458,2829273,42.825900537134316,77.33355887464117,34.507658337506854,Lithuania (+35%),% of EU8-2004,% of EU8
Lithuania,2004,69.02511077404198,2802430,42.825900537134316,77.33355887464117,34.507658337506854,Lithuania (+35%),% of EU8-2004,% of EU8
Lithuania,2004,71.56130317260086,2795011,42.825900537134316,77.33355887464117,34.507658337506854,Lithuania (+35%),% of EU8-2004,% of EU8
Lithuania,2004,75.52826025096067,2795711,42.825900537134316,77.33355887464117,34.507658337506854,Lithuania (+35%),% of EU8-2004,% of EU8
Lithuania,2004,76.63063370242583,2794443,42.825900537134316,77.33355887464117,34.507658337506854,Lithuania (+35%),% of EU8-2004,% of EU8
Lithuania,2004,76.58859767967425,2816872,42.825900537134316,77.33355887464117,34.507658337506854,Lithuania (+35%),% of EU8-2004,% of EU8
Lithuania,2004,75.89315066503197,2854061,42.825900537134316,77.33355887464117,34.507658337506854,Lithuania (+35%),% of EU8-2004,% of EU8
Lithuania,2004,77.33355887464117,2888055,42.825900537134316,77.33355887464117,34.507658337506854,Lithuania (+35%),% of EU8-2004,% of EU8
Latvia,2004,40.29330086156525,2264130,40.29330086156525,63.83562129472426,23.542320433159013,Latvia (+24%),% of EU8-2004,% of EU8
Latvia,2004,44.884321345326164,2239738,40.29330086156525,63.83562129472426,23.542320433159013,Latvia (+24%),% of EU8-2004,% of EU8
Latvia,2004,49.54895507009064,2218989,40.29330086156525,63.83562129472426,23.542320433159013,Latvia (+24%),% of EU8-2004,% of EU8
Latvia,2004,53.702264309469975,2200711,40.29330086156525,63.83562129472426,23.542320433159013,Latvia (+24%),% of EU8-2004,% of EU8
Latvia,2004,52.176036413523704,2177658,40.29330086156525,63.83562129472426,23.542320433159013,Latvia (+24%),% of EU8-2004,% of EU8
Latvia,2004,46.63415117025307,2141988,40.29330086156525,63.83562129472426,23.542320433159013,Latvia (+24%),% of EU8-2004,% of EU8
Latvia,2004,44.63906224964553,2097787,40.29330086156525,63.83562129472426,23.542320433159013,Latvia (+24%),% of EU8-2004,% of EU8
Latvia,2004,45.31971693897313,2059892,40.29330086156525,63.83562129472426,23.542320433159013,Latvia (+24%),% of EU8-2004,% of EU8
Latvia,2004,49.35278791153465,2034577,40.29330086156525,63.83562129472426,23.542320433159013,Latvia (+24%),% of EU8-2004,% of EU8
Latvia,2004,50.90883292572468,2012960,40.29330086156525,63.83562129472426,23.542320433159013,Latvia (+24%),% of EU8-2004,% of EU8
Latvia,2004,51.88358808601467,1994096,40.29330086156525,63.83562129472426,23.542320433159013,Latvia (+24%),% of EU8-2004,% of EU8
Latvia,2004,53.77374159003956,1977815,40.29330086156525,63.83562129472426,23.542320433159013,Latvia (+24%),% of EU8-2004,% of EU8
Latvia,2004,54.969093234899724,1959817,40.29330086156525,63.83562129472426,23.542320433159013,Latvia (+24%),% of EU8-2004,% of EU8
Latvia,2004,56.21998642669624,1942550,40.29330086156525,63.83562129472426,23.542320433159013,Latvia (+24%),% of EU8-2004,% of EU8
Latvia,2004,58.440616427565864,1927526,40.29330086156525,63.83562129472426,23.542320433159013,Latvia (+24%),% of EU8-2004,% of EU8
Latvia,2004,58.509249849307764,1914220,40.29330086156525,63.83562129472426,23.542320433159013,Latvia (+24%),% of EU8-2004,% of EU8
Latvia,2004,59.98873705014739,1901069,40.29330086156525,63.83562129472426,23.542320433159013,Latvia (+24%),% of EU8-2004,% of EU8
Latvia,2004,61.660637780515565,1885546,40.29330086156525,63.83562129472426,23.542320433159013,Latvia (+24%),% of EU8-2004,% of EU8
Latvia,2004,61.86202096249583,1881016,40.29330086156525,63.83562129472426,23.542320433159013,Latvia (+24%),% of EU8-2004,% of EU8
Latvia,2004,63.78706902749758,1882336,40.29330086156525,63.83562129472426,23.542320433159013,Latvia (+24%),% of EU8-2004,% of EU8
Latvia,2004,63.83562129472426,1862441,40.29330086156525,63.83562129472426,23.542320433159013,Latvia (+24%),% of EU8-2004,% of EU8
Poland,2004,40.88971877843253,38167521,40.88971877843253,73.96207761340139,33.07235883496886,Poland (+33%),% of EU8-2004,% of EU8
Poland,2004,41.70476961290951,38124333,40.88971877843253,73.96207761340139,33.07235883496886,Poland (+33%),% of EU8-2004,% of EU8
Poland,2004,42.96796990631934,38071124,40.88971877843253,73.96207761340139,33.07235883496886,Poland (+33%),% of EU8-2004,% of EU8
Poland,2004,44.68670176963016,38020368,40.88971877843253,73.96207761340139,33.07235883496886,Poland (+33%),% of EU8-2004,% of EU8
Poland,2004,46.41288014383868,37995854,40.88971877843253,73.96207761340139,33.07235883496886,Poland (+33%),% of EU8-2004,% of EU8
Poland,2004,49.8363208879292,38002108,40.88971877843253,73.96207761340139,33.07235883496886,Poland (+33%),% of EU8-2004,% of EU8
Poland,2004,50.17718565983345,38095304,40.88971877843253,73.96207761340139,33.07235883496886,Poland (+33%),% of EU8-2004,% of EU8
Poland,2004,51.0730290416581,38208597,40.88971877843253,73.96207761340139,33.07235883496886,Poland (+33%),% of EU8-2004,% of EU8
Poland,2004,51.966786578084964,38247820,40.88971877843253,73.96207761340139,33.07235883496886,Poland (+33%),% of EU8-2004,% of EU8
Poland,2004,52.33236907028105,38259214,40.88971877843253,73.96207761340139,33.07235883496886,Poland (+33%),% of EU8-2004,% of EU8
Poland,2004,53.819459535222585,38265064,40.88971877843253,73.96207761340139,33.07235883496886,Poland (+33%),% of EU8-2004,% of EU8
Poland,2004,55.70813566806716,38266267,40.88971877843253,73.96207761340139,33.07235883496886,Poland (+33%),% of EU8-2004,% of EU8
Poland,2004,56.716644537302926,38263203,40.88971877843253,73.96207761340139,33.07235883496886,Poland (+33%),% of EU8-2004,% of EU8
Poland,2004,58.46325772467919,38254908,40.88971877843253,73.96207761340139,33.07235883496886,Poland (+33%),% of EU8-2004,% of EU8
Poland,2004,61.420229896458984,38241017,40.88971877843253,73.96207761340139,33.07235883496886,Poland (+33%),% of EU8-2004,% of EU8
Poland,2004,63.45051825261461,38225836,40.88971877843253,73.96207761340139,33.07235883496886,Poland (+33%),% of EU8-2004,% of EU8
Poland,2004,66.34571925375425,38170958,40.88971877843253,73.96207761340139,33.07235883496886,Poland (+33%),% of EU8-2004,% of EU8
Poland,2004,68.58905745917475,38040252,40.88971877843253,73.96207761340139,33.07235883496886,Poland (+33%),% of EU8-2004,% of EU8
Poland,2004,71.2592322601771,38385689,40.88971877843253,73.96207761340139,33.07235883496886,Poland (+33%),% of EU8-2004,% of EU8
Poland,2004,71.80426397802084,38762796,40.88971877843253,73.96207761340139,33.07235883496886,Poland (+33%),% of EU8-2004,% of EU8
Poland,2004,73.96207761340139,36554707,40.88971877843253,73.96207761340139,33.07235883496886,Poland (+33%),% of EU8-2004,% of EU8
Romania,2004,38.25140037887813,21403163,38.25140037887813,66.5813052116865,28.329904832808367,Romania (+28%),% of EU8-2004,% of EU8
Romania,2004,39.77305364239735,21213352,38.25140037887813,66.5813052116865,28.329904832808367,Romania (+28%),% of EU8-2004,% of EU8
Romania,2004,41.90367033776772,21035673,38.25140037887813,66.5813052116865,28.329904832808367,Romania (+28%),% of EU8-2004,% of EU8
Romania,2004,44.4003634855304,20870655,38.25140037887813,66.5813052116865,28.329904832808367,Romania (+28%),% of EU8-2004,% of EU8
Romania,2004,49.10885718209302,20718693,38.25140037887813,66.5813052116865,28.329904832808367,Romania (+28%),% of EU8-2004,% of EU8
Romania,2004,48.9917850682193,20576869,38.25140037887813,66.5813052116865,28.329904832808367,Romania (+28%),% of EU8-2004,% of EU8
Romania,2004,46.08620464225658,20432524,38.25140037887813,66.5813052116865,28.329904832808367,Romania (+28%),% of EU8-2004,% of EU8
Romania,2004,46.82515697740552,20281955,38.25140037887813,66.5813052116865,28.329904832808367,Romania (+28%),% of EU8-2004,% of EU8
Romania,2004,48.04176809811271,20158399,38.25140037887813,66.5813052116865,28.329904832808367,Romania (+28%),% of EU8-2004,% of EU8
Romania,2004,48.334977246974795,20062861,38.25140037887813,66.5813052116865,28.329904832808367,Romania (+28%),% of EU8-2004,% of EU8
Romania,2004,49.951482077405146,19968125,38.25140037887813,66.5813052116865,28.329904832808367,Romania (+28%),% of EU8-2004,% of EU8
Romania,2004,51.27974914680841,19870968,38.25140037887813,66.5813052116865,28.329904832808367,Romania (+28%),% of EU8-2004,% of EU8
Romania,2004,52.39864580180366,19777001,38.25140037887813,66.5813052116865,28.329904832808367,Romania (+28%),% of EU8-2004,% of EU8
Romania,2004,55.90448893790788,19689357,38.25140037887813,66.5813052116865,28.329904832808367,Romania (+28%),% of EU8-2004,% of EU8
Romania,2004,59.00852062675833,19597823,38.25140037887813,66.5813052116865,28.329904832808367,Romania (+28%),% of EU8-2004,% of EU8
Romania,2004,60.88110728576622,19501499,38.25140037887813,66.5813052116865,28.329904832808367,Romania (+28%),% of EU8-2004,% of EU8
Romania,2004,62.194264966394464,19392420,38.25140037887813,66.5813052116865,28.329904832808367,Romania (+28%),% of EU8-2004,% of EU8
Romania,2004,63.031309311998555,19248115,38.25140037887813,66.5813052116865,28.329904832808367,Romania (+28%),% of EU8-2004,% of EU8
Romania,2004,64.65162995906796,19166726,38.25140037887813,66.5813052116865,28.329904832808367,Romania (+28%),% of EU8-2004,% of EU8
Romania,2004,66.26523169457644,19118433,38.25140037887813,66.5813052116865,28.329904832808367,Romania (+28%),% of EU8-2004,% of EU8
Romania,2004,66.5813052116865,19069340,38.25140037887813,66.5813052116865,28.329904832808367,Romania (+28%),% of EU8-2004,% of EU8
Slovakia,2004,42.77816819127493,5375995,42.77816819127493,66.14818338004535,23.370015188770424,Slovakia (+23%),% of EU8-2004,% of EU8
Slovakia,2004,44.96896538517728,5376650,42.77816819127493,66.14818338004535,23.370015188770424,Slovakia (+23%),% of EU8-2004,% of EU8
Slovakia,2004,47.486919658862185,5376793,42.77816819127493,66.14818338004535,23.370015188770424,Slovakia (+23%),% of EU8-2004,% of EU8
Slovakia,2004,51.220909938768585,5376949,42.77816819127493,66.14818338004535,23.370015188770424,Slovakia (+23%),% of EU8-2004,% of EU8
Slovakia,2004,53.66004156826799,5379075,42.77816819127493,66.14818338004535,23.370015188770424,Slovakia (+23%),% of EU8-2004,% of EU8
Slovakia,2004,53.023684709453214,5385027,42.77816819127493,66.14818338004535,23.370015188770424,Slovakia (+23%),% of EU8-2004,% of EU8
Slovakia,2004,55.051499965814656,5391807,42.77816819127493,66.14818338004535,23.370015188770424,Slovakia (+23%),% of EU8-2004,% of EU8
Slovakia,2004,54.55966107179048,5398048,42.77816819127493,66.14818338004535,23.370015188770424,Slovakia (+23%),% of EU8-2004,% of EU8
Slovakia,2004,55.45123598985057,5404834,42.77816819127493,66.14818338004535,23.370015188770424,Slovakia (+23%),% of EU8-2004,% of EU8
Slovakia,2004,55.75826409554823,5410370,42.77816819127493,66.14818338004535,23.370015188770424,Slovakia (+23%),% of EU8-2004,% of EU8
Slovakia,2004,56.576290500433224,5415184,42.77816819127493,66.14818338004535,23.370015188770424,Slovakia (+23%),% of EU8-2004,% of EU8
Slovakia,2004,58.884266466688594,5420221,42.77816819127493,66.14818338004535,23.370015188770424,Slovakia (+23%),% of EU8-2004,% of EU8
Slovakia,2004,59.218017250857415,5427217,42.77816819127493,66.14818338004535,23.370015188770424,Slovakia (+23%),% of EU8-2004,% of EU8
Slovakia,2004,59.634269748849654,5435643,42.77816819127493,66.14818338004535,23.370015188770424,Slovakia (+23%),% of EU8-2004,% of EU8
Slovakia,2004,61.277718542920134,5443188,42.77816819127493,66.14818338004535,23.370015188770424,Slovakia (+23%),% of EU8-2004,% of EU8
Slovakia,2004,61.80950726339504,5450575,42.77816819127493,66.14818338004535,23.370015188770424,Slovakia (+23%),% of EU8-2004,% of EU8
Slovakia,2004,63.451285285759816,5454981,42.77816819127493,66.14818338004535,23.370015188770424,Slovakia (+23%),% of EU8-2004,% of EU8
Slovakia,2004,64.0562350929139,5442712,42.77816819127493,66.14818338004535,23.370015188770424,Slovakia (+23%),% of EU8-2004,% of EU8
Slovakia,2004,63.40955601365977,5473145,42.77816819127493,66.14818338004535,23.370015188770424,Slovakia (+23%),% of EU8-2004,% of EU8
Slovakia,2004,64.93958696590423,5518008,42.77816819127493,66.14818338004535,23.370015188770424,Slovakia (+23%),% of EU8-2004,% of EU8
Slovakia,2004,66.14818338004535,5422069,42.77816819127493,66.14818338004535,23.370015188770424,Slovakia (+23%),% of EU8-2004,% of EU8
Slovenia,2004,67.18789775222612,1993503,67.18789775222612,79.50897985765225,12.321082105426129,Slovenia (+12%),% of EU8-2004,% of EU8
Slovenia,2004,68.77137887339899,1996858,67.18789775222612,79.50897985765225,12.321082105426129,Slovenia (+12%),% of EU8-2004,% of EU8
Slovenia,2004,70.38896287807732,2003069,67.18789775222612,79.50897985765225,12.321082105426129,Slovenia (+12%),% of EU8-2004,% of EU8
Slovenia,2004,73.01493774975422,2014110,67.18789775222612,79.50897985765225,12.321082105426129,Slovenia (+12%),% of EU8-2004,% of EU8
Slovenia,2004,74.99206405967415,2025041,67.18789775222612,79.50897985765225,12.321082105426129,Slovenia (+12%),% of EU8-2004,% of EU8
Slovenia,2004,71.91117642090234,2035555,67.18789775222612,79.50897985765225,12.321082105426129,Slovenia (+12%),% of EU8-2004,% of EU8
Slovenia,2004,70.44932552462065,2044566,67.18789775222612,79.50897985765225,12.321082105426129,Slovenia (+12%),% of EU8-2004,% of EU8
Slovenia,2004,68.46775737351784,2048754,67.18789775222612,79.50897985765225,12.321082105426129,Slovenia (+12%),% of EU8-2004,% of EU8
Slovenia,2004,66.4875708794332,2053274,67.18789775222612,79.50897985765225,12.321082105426129,Slovenia (+12%),% of EU8-2004,% of EU8
Slovenia,2004,65.82327339436682,2056403,67.18789775222612,79.50897985765225,12.321082105426129,Slovenia (+12%),% of EU8-2004,% of EU8
Slovenia,2004,66.82377846622317,2058351,67.18789775222612,79.50897985765225,12.321082105426129,Slovenia (+12%),% of EU8-2004,% of EU8
Slovenia,2004,67.72254856306883,2059899,67.18789775222612,79.50897985765225,12.321082105426129,Slovenia (+12%),% of EU8-2004,% of EU8
Slovenia,2004,68.87066391389101,2061329,67.18789775222612,79.50897985765225,12.321082105426129,Slovenia (+12%),% of EU8-2004,% of EU8
Slovenia,2004,70.96898507319668,2062366,67.18789775222612,79.50897985765225,12.321082105426129,Slovenia (+12%),% of EU8-2004,% of EU8
Slovenia,2004,72.98320586989887,2069431,67.18789775222612,79.50897985765225,12.321082105426129,Slovenia (+12%),% of EU8-2004,% of EU8
Slovenia,2004,74.08468337949263,2083395,67.18789775222612,79.50897985765225,12.321082105426129,Slovenia (+12%),% of EU8-2004,% of EU8
Slovenia,2004,74.44582248233863,2102370,67.18789775222612,79.50897985765225,12.321082105426129,Slovenia (+12%),% of EU8-2004,% of EU8
Slovenia,2004,76.69833795962843,2113450,67.18789775222612,79.50897985765225,12.321082105426129,Slovenia (+12%),% of EU8-2004,% of EU8
Slovenia,2004,77.26652819849075,2115184,67.18789775222612,79.50897985765225,12.321082105426129,Slovenia (+12%),% of EU8-2004,% of EU8
Slovenia,2004,78.70246098232182,2118353,67.18789775222612,79.50897985765225,12.321082105426129,Slovenia (+12%),% of EU8-2004,% of EU8
Slovenia,2004,79.50897985765225,2126324,67.18789775222612,79.50897985765225,12.321082105426129,Slovenia (+12%),% of EU8-2004,% of EU8
Bulgaria,2010,40.19249825482142,7437542,40.19249825482142,55.88265569813764,15.690157443316217,Bulgaria (+16%),% of EU8-2010,% of EU8
Bulgaria,2010,39.95654832694436,7379973,40.19249825482142,55.88265569813764,15.690157443316217,Bulgaria (+16%),% of EU8-2010,% of EU8
Bulgaria,2010,40.58449925728465,7316974,40.19249825482142,55.88265569813764,15.690157443316217,Bulgaria (+16%),% of EU8-2010,% of EU8
Bulgaria,2010,41.169653343277034,7264556,40.19249825482142,55.88265569813764,15.690157443316217,Bulgaria (+16%),% of EU8-2010,% of EU8
Bulgaria,2010,41.60047887851955,7223406,40.19249825482142,55.88265569813764,15.690157443316217,Bulgaria (+16%),% of EU8-2010,% of EU8
Bulgaria,2010,43.150555984259924,7177463,40.19249825482142,55.88265569813764,15.690157443316217,Bulgaria (+16%),% of EU8-2010,% of EU8
Bulgaria,2010,44.484696387205595,7127389,40.19249825482142,55.88265569813764,15.690157443316217,Bulgaria (+16%),% of EU8-2010,% of EU8
Bulgaria,2010,45.40798049115556,7075586,40.19249825482142,55.88265569813764,15.690157443316217,Bulgaria (+16%),% of EU8-2010,% of EU8
Bulgaria,2010,46.6806946637742,7024687,40.19249825482142,55.88265569813764,15.690157443316217,Bulgaria (+16%),% of EU8-2010,% of EU8
Bulgaria,2010,48.52730102854715,6975420,40.19249825482142,55.88265569813764,15.690157443316217,Bulgaria (+16%),% of EU8-2010,% of EU8
Bulgaria,2010,50.03577975315274,6933606,40.19249825482142,55.88265569813764,15.690157443316217,Bulgaria (+16%),% of EU8-2010,% of EU8
Bulgaria,2010,51.740817714493616,6877173,40.19249825482142,55.88265569813764,15.690157443316217,Bulgaria (+16%),% of EU8-2010,% of EU8
Bulgaria,2010,53.24946640466842,6825817,40.19249825482142,55.88265569813764,15.690157443316217,Bulgaria (+16%),% of EU8-2010,% of EU8
Bulgaria,2010,54.48992403296943,6795757,40.19249825482142,55.88265569813764,15.690157443316217,Bulgaria (+16%),% of EU8-2010,% of EU8
Bulgaria,2010,55.88265569813764,6444366,40.19249825482142,55.88265569813764,15.690157443316217,Bulgaria (+16%),% of EU8-2010,% of EU8
Czechia,2010,72.35863368688777,10463981,72.35863368688777,78.63335575702051,6.274722070132739,Czechia (+6.3%),% of EU8-2010,% of EU8
Czechia,2010,71.10441865349269,10495455,72.35863368688777,78.63335575702051,6.274722070132739,Czechia (+6.3%),% of EU8-2010,% of EU8
Czechia,2010,70.62292904303605,10507287,72.35863368688777,78.63335575702051,6.274722070132739,Czechia (+6.3%),% of EU8-2010,% of EU8
Czechia,2010,70.54089042515255,10511117,72.35863368688777,78.63335575702051,6.274722070132739,Czechia (+6.3%),% of EU8-2010,% of EU8
Czechia,2010,71.24744966278563,10517176,72.35863368688777,78.63335575702051,6.274722070132739,Czechia (+6.3%),% of EU8-2010,% of EU8
Czechia,2010,73.92502523353494,10524367,72.35863368688777,78.63335575702051,6.274722070132739,Czechia (+6.3%),% of EU8-2010,% of EU8
Czechia,2010,74.75846285721168,10531895,72.35863368688777,78.63335575702051,6.274722070132739,Czechia (+6.3%),% of EU8-2010,% of EU8
Czechia,2010,76.88126896098896,10541301,72.35863368688777,78.63335575702051,6.274722070132739,Czechia (+6.3%),% of EU8-2010,% of EU8
Czechia,2010,77.9120835034215,10548878,72.35863368688777,78.63335575702051,6.274722070132739,Czechia (+6.3%),% of EU8-2010,% of EU8
Czechia,2010,79.37394964034435,10554819,72.35863368688777,78.63335575702051,6.274722070132739,Czechia (+6.3%),% of EU8-2010,% of EU8
Czechia,2010,79.08304324206037,10550083,72.35863368688777,78.63335575702051,6.274722070132739,Czechia (+6.3%),% of EU8-2010,% of EU8
Czechia,2010,79.84213483647885,10530619,72.35863368688777,78.63335575702051,6.274722070132739,Czechia (+6.3%),% of EU8-2010,% of EU8
Czechia,2010,79.44429640356566,10673169,72.35863368688777,78.63335575702051,6.274722070132739,Czechia (+6.3%),% of EU8-2010,% of EU8
Czechia,2010,78.11244034740328,10809674,72.35863368688777,78.63335575702051,6.274722070132739,Czechia (+6.3%),% of EU8-2010,% of EU8
Czechia,2010,78.63335575702051,10882164,72.35863368688777,78.63335575702051,6.274722070132739,Czechia (+6.3%),% of EU8-2010,% of EU8
Estonia,2010,56.22346930636583,1331406,56.22346930636583,68.1148372452032,11.891367938837377,Estonia (+12%),% of EU8-2010,% of EU8
Estonia,2010,58.71522057491362,1327315,56.22346930636583,68.1148372452032,11.891367938837377,Estonia (+12%),% of EU8-2010,% of EU8
Estonia,2010,61.23271880398012,1322570,56.22346930636583,68.1148372452032,11.891367938837377,Estonia (+12%),% of EU8-2010,% of EU8
Estonia,2010,62.50463012973583,1317872,56.22346930636583,68.1148372452032,11.891367938837377,Estonia (+12%),% of EU8-2010,% of EU8
Estonia,2010,64.03094301142166,1314402,56.22346930636583,68.1148372452032,11.891367938837377,Estonia (+12%),% of EU8-2010,% of EU8
Estonia,2010,64.54653996655053,1314538,56.22346930636583,68.1148372452032,11.891367938837377,Estonia (+12%),% of EU8-2010,% of EU8
Estonia,2010,65.70710777575371,1315802,56.22346930636583,68.1148372452032,11.891367938837377,Estonia (+12%),% of EU8-2010,% of EU8
Estonia,2010,67.96734309702681,1317381,56.22346930636583,68.1148372452032,11.891367938837377,Estonia (+12%),% of EU8-2010,% of EU8
Estonia,2010,69.45152960640627,1321918,56.22346930636583,68.1148372452032,11.891367938837377,Estonia (+12%),% of EU8-2010,% of EU8
Estonia,2010,70.88031431985034,1326772,56.22346930636583,68.1148372452032,11.891367938837377,Estonia (+12%),% of EU8-2010,% of EU8
Estonia,2010,72.45917371558286,1329618,56.22346930636583,68.1148372452032,11.891367938837377,Estonia (+12%),% of EU8-2010,% of EU8
Estonia,2010,73.92113836937423,1331699,56.22346930636583,68.1148372452032,11.891367938837377,Estonia (+12%),% of EU8-2010,% of EU8
Estonia,2010,71.72776932416494,1350038,56.22346930636583,68.1148372452032,11.891367938837377,Estonia (+12%),% of EU8-2010,% of EU8
Estonia,2010,68.57147286983333,1367143,56.22346930636583,68.1148372452032,11.891367938837377,Estonia (+12%),% of EU8-2010,% of EU8
Estonia,2010,68.1148372452032,1371986,56.22346930636583,68.1148372452032,11.891367938837377,Estonia (+12%),% of EU8-2010,% of EU8
Croatia,2010,53.127328457289245,4301108,53.127328457289245,69.89803297051795,16.7707045132287,Croatia (+17%),% of EU8-2010,% of EU8
Croatia,2010,51.53080131837727,4280782,53.127328457289245,69.89803297051795,16.7707045132287,Croatia (+17%),% of EU8-2010,% of EU8
Croatia,2010,50.72750983708473,4259181,53.127328457289245,69.89803297051795,16.7707045132287,Croatia (+17%),% of EU8-2010,% of EU8
Croatia,2010,50.95930954809255,4242353,53.127328457289245,69.89803297051795,16.7707045132287,Croatia (+17%),% of EU8-2010,% of EU8
Croatia,2010,50.497290014024856,4219439,53.127328457289245,69.89803297051795,16.7707045132287,Croatia (+17%),% of EU8-2010,% of EU8
Croatia,2010,51.79469093083401,4183681,53.127328457289245,69.89803297051795,16.7707045132287,Croatia (+17%),% of EU8-2010,% of EU8
Croatia,2010,53.50778341023523,4136388,53.127328457289245,69.89803297051795,16.7707045132287,Croatia (+17%),% of EU8-2010,% of EU8
Croatia,2010,55.05826512137618,4079152,53.127328457289245,69.89803297051795,16.7707045132287,Croatia (+17%),% of EU8-2010,% of EU8
Croatia,2010,56.7631192051952,4024820,53.127328457289245,69.89803297051795,16.7707045132287,Croatia (+17%),% of EU8-2010,% of EU8
Croatia,2010,58.37184152561085,3986292,53.127328457289245,69.89803297051795,16.7707045132287,Croatia (+17%),% of EU8-2010,% of EU8
Croatia,2010,56.95580769632336,3953898,53.127328457289245,69.89803297051795,16.7707045132287,Croatia (+17%),% of EU8-2010,% of EU8
Croatia,2010,61.695017393415306,3924558,53.127328457289245,69.89803297051795,16.7707045132287,Croatia (+17%),% of EU8-2010,% of EU8
Croatia,2010,65.4459726599477,3906988,53.127328457289245,69.89803297051795,16.7707045132287,Croatia (+17%),% of EU8-2010,% of EU8
Croatia,2010,67.63584622530492,3895973,53.127328457289245,69.89803297051795,16.7707045132287,Croatia (+17%),% of EU8-2010,% of EU8
Croatia,2010,69.89803297051795,3866300,53.127328457289245,69.89803297051795,16.7707045132287,Croatia (+17%),% of EU8-2010,% of EU8
Hungary,2010,51.453633601455564,9979076,51.453633601455564,66.73115442890283,15.277520827447262,Hungary (+15%),% of EU8-2010,% of EU8
Hungary,2010,50.88224349899286,9946626,51.453633601455564,66.73115442890283,15.277520827447262,Hungary (+15%),% of EU8-2010,% of EU8
Hungary,2010,50.57888493720221,9916568,51.453633601455564,66.73115442890283,15.277520827447262,Hungary (+15%),% of EU8-2010,% of EU8
Hungary,2010,51.834313553253644,9889294,51.453633601455564,66.73115442890283,15.277520827447262,Hungary (+15%),% of EU8-2010,% of EU8
Hungary,2010,53.69539231887994,9862785,51.453633601455564,66.73115442890283,15.277520827447262,Hungary (+15%),% of EU8-2010,% of EU8
Hungary,2010,55.330659100430445,9839162,51.453633601455564,66.73115442890283,15.277520827447262,Hungary (+15%),% of EU8-2010,% of EU8
Hungary,2010,56.20227194160655,9810479,51.453633601455564,66.73115442890283,15.277520827447262,Hungary (+15%),% of EU8-2010,% of EU8
Hungary,2010,57.56833004817455,9785561,51.453633601455564,66.73115442890283,15.277520827447262,Hungary (+15%),% of EU8-2010,% of EU8
Hungary,2010,60.23833263632455,9774342,51.453633601455564,66.73115442890283,15.277520827447262,Hungary (+15%),% of EU8-2010,% of EU8
Hungary,2010,62.58812938070645,9770300,51.453633601455564,66.73115442890283,15.277520827447262,Hungary (+15%),% of EU8-2010,% of EU8
Hungary,2010,63.30774675663473,9749421,51.453633601455564,66.73115442890283,15.277520827447262,Hungary (+15%),% of EU8-2010,% of EU8
Hungary,2010,64.96012535879527,9707794,51.453633601455564,66.73115442890283,15.277520827447262,Hungary (+15%),% of EU8-2010,% of EU8
Hungary,2010,66.7476773088817,9684259,51.453633601455564,66.73115442890283,15.277520827447262,Hungary (+15%),% of EU8-2010,% of EU8
Hungary,2010,66.3717225904708,9686418,51.453633601455564,66.73115442890283,15.277520827447262,Hungary (+15%),% of EU8-2010,% of EU8
Hungary,2010,66.73115442890283,9562314,51.453633601455564,66.73115442890283,15.277520827447262,Hungary (+15%),% of EU8-2010,% of EU8
Lithuania,2010,49.76143427300505,3097660,49.76143427300505,77.33355887464117,27.57212460163612,Lithuania (+28%),% of EU8-2010,% of EU8
Lithuania,2010,52.360681173724856,3028588,49.76143427300505,77.33355887464117,27.57212460163612,Lithuania (+28%),% of EU8-2010,% of EU8
Lithuania,2010,55.49804468366736,2988281,49.76143427300505,77.33355887464117,27.57212460163612,Lithuania (+28%),% of EU8-2010,% of EU8
Lithuania,2010,58.26380100860343,2958306,49.76143427300505,77.33355887464117,27.57212460163612,Lithuania (+28%),% of EU8-2010,% of EU8
Lithuania,2010,60.277830659590194,2933118,49.76143427300505,77.33355887464117,27.57212460163612,Lithuania (+28%),% of EU8-2010,% of EU8
Lithuania,2010,61.948306575796124,2905726,49.76143427300505,77.33355887464117,27.57212460163612,Lithuania (+28%),% of EU8-2010,% of EU8
Lithuania,2010,63.56049021350635,2869051,49.76143427300505,77.33355887464117,27.57212460163612,Lithuania (+28%),% of EU8-2010,% of EU8
Lithuania,2010,65.98484735741458,2829273,49.76143427300505,77.33355887464117,27.57212460163612,Lithuania (+28%),% of EU8-2010,% of EU8
Lithuania,2010,69.02511077404198,2802430,49.76143427300505,77.33355887464117,27.57212460163612,Lithuania (+28%),% of EU8-2010,% of EU8
Lithuania,2010,71.56130317260086,2795011,49.76143427300505,77.33355887464117,27.57212460163612,Lithuania (+28%),% of EU8-2010,% of EU8
Lithuania,2010,75.52826025096067,2795711,49.76143427300505,77.33355887464117,27.57212460163612,Lithuania (+28%),% of EU8-2010,% of EU8
Lithuania,2010,76.63063370242583,2794443,49.76143427300505,77.33355887464117,27.57212460163612,Lithuania (+28%),% of EU8-2010,% of EU8
Lithuania,2010,76.58859767967425,2816872,49.76143427300505,77.33355887464117,27.57212460163612,Lithuania (+28%),% of EU8-2010,% of EU8
Lithuania,2010,75.89315066503197,2854061,49.76143427300505,77.33355887464117,27.57212460163612,Lithuania (+28%),% of EU8-2010,% of EU8
Lithuania,2010,77.33355887464117,2888055,49.76143427300505,77.33355887464117,27.57212460163612,Lithuania (+28%),% of EU8-2010,% of EU8
Latvia,2010,44.63906224964553,2097787,44.63906224964553,63.83562129472426,19.196559045078736,Latvia (+19%),% of EU8-2010,% of EU8
Latvia,2010,45.31971693897313,2059892,44.63906224964553,63.83562129472426,19.196559045078736,Latvia (+19%),% of EU8-2010,% of EU8
Latvia,2010,49.35278791153465,2034577,44.63906224964553,63.83562129472426,19.196559045078736,Latvia (+19%),% of EU8-2010,% of EU8
Latvia,2010,50.90883292572468,2012960,44.63906224964553,63.83562129472426,19.196559045078736,Latvia (+19%),% of EU8-2010,% of EU8
Latvia,2010,51.88358808601467,1994096,44.63906224964553,63.83562129472426,19.196559045078736,Latvia (+19%),% of EU8-2010,% of EU8
Latvia,2010,53.77374159003956,1977815,44.63906224964553,63.83562129472426,19.196559045078736,Latvia (+19%),% of EU8-2010,% of EU8
Latvia,2010,54.969093234899724,1959817,44.63906224964553,63.83562129472426,19.196559045078736,Latvia (+19%),% of EU8-2010,% of EU8
Latvia,2010,56.21998642669624,1942550,44.63906224964553,63.83562129472426,19.196559045078736,Latvia (+19%),% of EU8-2010,% of EU8
Latvia,2010,58.440616427565864,1927526,44.63906224964553,63.83562129472426,19.196559045078736,Latvia (+19%),% of EU8-2010,% of EU8
Latvia,2010,58.509249849307764,1914220,44.63906224964553,63.83562129472426,19.196559045078736,Latvia (+19%),% of EU8-2010,% of EU8
Latvia,2010,59.98873705014739,1901069,44.63906224964553,63.83562129472426,19.196559045078736,Latvia (+19%),% of EU8-2010,% of EU8
Latvia,2010,61.660637780515565,1885546,44.63906224964553,63.83562129472426,19.196559045078736,Latvia (+19%),% of EU8-2010,% of EU8
Latvia,2010,61.86202096249583,1881016,44.63906224964553,63.83562129472426,19.196559045078736,Latvia (+19%),% of EU8-2010,% of EU8
Latvia,2010,63.78706902749758,1882336,44.63906224964553,63.83562129472426,19.196559045078736,Latvia (+19%),% of EU8-2010,% of EU8
Latvia,2010,63.83562129472426,1862441,44.63906224964553,63.83562129472426,19.196559045078736,Latvia (+19%),% of EU8-2010,% of EU8
Poland,2010,50.17718565983345,38095304,50.17718565983345,73.96207761340139,23.784891953567943,Poland (+24%),% of EU8-2010,% of EU8
Poland,2010,51.0730290416581,38208597,50.17718565983345,73.96207761340139,23.784891953567943,Poland (+24%),% of EU8-2010,% of EU8
Poland,2010,51.966786578084964,38247820,50.17718565983345,73.96207761340139,23.784891953567943,Poland (+24%),% of EU8-2010,% of EU8
Poland,2010,52.33236907028105,38259214,50.17718565983345,73.96207761340139,23.784891953567943,Poland (+24%),% of EU8-2010,% of EU8
Poland,2010,53.819459535222585,38265064,50.17718565983345,73.96207761340139,23.784891953567943,Poland (+24%),% of EU8-2010,% of EU8
Poland,2010,55.70813566806716,38266267,50.17718565983345,73.96207761340139,23.784891953567943,Poland (+24%),% of EU8-2010,% of EU8
Poland,2010,56.716644537302926,38263203,50.17718565983345,73.96207761340139,23.784891953567943,Poland (+24%),% of EU8-2010,% of EU8
Poland,2010,58.46325772467919,38254908,50.17718565983345,73.96207761340139,23.784891953567943,Poland (+24%),% of EU8-2010,% of EU8
Poland,2010,61.420229896458984,38241017,50.17718565983345,73.96207761340139,23.784891953567943,Poland (+24%),% of EU8-2010,% of EU8
Poland,2010,63.45051825261461,38225836,50.17718565983345,73.96207761340139,23.784891953567943,Poland (+24%),% of EU8-2010,% of EU8
Poland,2010,66.34571925375425,38170958,50.17718565983345,73.96207761340139,23.784891953567943,Poland (+24%),% of EU8-2010,% of EU8
Poland,2010,68.58905745917475,38040252,50.17718565983345,73.96207761340139,23.784891953567943,Poland (+24%),% of EU8-2010,% of EU8
Poland,2010,71.2592322601771,38385689,50.17718565983345,73.96207761340139,23.784891953567943,Poland (+24%),% of EU8-2010,% of EU8
Poland,2010,71.80426397802084,38762796,50.17718565983345,73.96207761340139,23.784891953567943,Poland (+24%),% of EU8-2010,% of EU8
Poland,2010,73.96207761340139,36554707,50.17718565983345,73.96207761340139,23.784891953567943,Poland (+24%),% of EU8-2010,% of EU8
Romania,2010,46.08620464225658,20432524,46.08620464225658,66.5813052116865,20.495100569429916,Romania (+20%),% of EU8-2010,% of EU8
Romania,2010,46.82515697740552,20281955,46.08620464225658,66.5813052116865,20.495100569429916,Romania (+20%),% of EU8-2010,% of EU8
Romania,2010,48.04176809811271,20158399,46.08620464225658,66.5813052116865,20.495100569429916,Romania (+20%),% of EU8-2010,% of EU8
Romania,2010,48.334977246974795,20062861,46.08620464225658,66.5813052116865,20.495100569429916,Romania (+20%),% of EU8-2010,% of EU8
Romania,2010,49.951482077405146,19968125,46.08620464225658,66.5813052116865,20.495100569429916,Romania (+20%),% of EU8-2010,% of EU8
Romania,2010,51.27974914680841,19870968,46.08620464225658,66.5813052116865,20.495100569429916,Romania (+20%),% of EU8-2010,% of EU8
Romania,2010,52.39864580180366,19777001,46.08620464225658,66.5813052116865,20.495100569429916,Romania (+20%),% of EU8-2010,% of EU8
Romania,2010,55.90448893790788,19689357,46.08620464225658,66.5813052116865,20.495100569429916,Romania (+20%),% of EU8-2010,% of EU8
Romania,2010,59.00852062675833,19597823,46.08620464225658,66.5813052116865,20.495100569429916,Romania (+20%),% of EU8-2010,% of EU8
Romania,2010,60.88110728576622,19501499,46.08620464225658,66.5813052116865,20.495100569429916,Romania (+20%),% of EU8-2010,% of EU8
Romania,2010,62.194264966394464,19392420,46.08620464225658,66.5813052116865,20.495100569429916,Romania (+20%),% of EU8-2010,% of EU8
Romania,2010,63.031309311998555,19248115,46.08620464225658,66.5813052116865,20.495100569429916,Romania (+20%),% of EU8-2010,% of EU8
Romania,2010,64.65162995906796,19166726,46.08620464225658,66.5813052116865,20.495100569429916,Romania (+20%),% of EU8-2010,% of EU8
Romania,2010,66.26523169457644,19118433,46.08620464225658,66.5813052116865,20.495100569429916,Romania (+20%),% of EU8-2010,% of EU8
Romania,2010,66.5813052116865,19069340,46.08620464225658,66.5813052116865,20.495100569429916,Romania (+20%),% of EU8-2010,% of EU8
Slovakia,2010,55.051499965814656,5391807,55.051499965814656,66.14818338004535,11.096683414230696,Slovakia (+11%),% of EU8-2010,% of EU8
Slovakia,2010,54.55966107179048,5398048,55.051499965814656,66.14818338004535,11.096683414230696,Slovakia (+11%),% of EU8-2010,% of EU8
Slovakia,2010,55.45123598985057,5404834,55.051499965814656,66.14818338004535,11.096683414230696,Slovakia (+11%),% of EU8-2010,% of EU8
Slovakia,2010,55.75826409554823,5410370,55.051499965814656,66.14818338004535,11.096683414230696,Slovakia (+11%),% of EU8-2010,% of EU8
Slovakia,2010,56.576290500433224,5415184,55.051499965814656,66.14818338004535,11.096683414230696,Slovakia (+11%),% of EU8-2010,% of EU8
Slovakia,2010,58.884266466688594,5420221,55.051499965814656,66.14818338004535,11.096683414230696,Slovakia (+11%),% of EU8-2010,% of EU8
Slovakia,2010,59.218017250857415,5427217,55.051499965814656,66.14818338004535,11.096683414230696,Slovakia (+11%),% of EU8-2010,% of EU8
Slovakia,2010,59.634269748849654,5435643,55.051499965814656,66.14818338004535,11.096683414230696,Slovakia (+11%),% of EU8-2010,% of EU8
Slovakia,2010,61.277718542920134,5443188,55.051499965814656,66.14818338004535,11.096683414230696,Slovakia (+11%),% of EU8-2010,% of EU8
Slovakia,2010,61.80950726339504,5450575,55.051499965814656,66.14818338004535,11.096683414230696,Slovakia (+11%),% of EU8-2010,% of EU8
Slovakia,2010,63.451285285759816,5454981,55.051499965814656,66.14818338004535,11.096683414230696,Slovakia (+11%),% of EU8-2010,% of EU8
Slovakia,2010,64.0562350929139,5442712,55.051499965814656,66.14818338004535,11.096683414230696,Slovakia (+11%),% of EU8-2010,% of EU8
Slovakia,2010,63.40955601365977,5473145,55.051499965814656,66.14818338004535,11.096683414230696,Slovakia (+11%),% of EU8-2010,% of EU8
Slovakia,2010,64.93958696590423,5518008,55.051499965814656,66.14818338004535,11.096683414230696,Slovakia (+11%),% of EU8-2010,% of EU8
Slovakia,2010,66.14818338004535,5422069,55.051499965814656,66.14818338004535,11.096683414230696,Slovakia (+11%),% of EU8-2010,% of EU8
Slovenia,2010,70.44932552462065,2044566,70.44932552462065,79.50897985765225,9.059654333031602,Slovenia (+9.1%),% of EU8-2010,% of EU8
Slovenia,2010,68.46775737351784,2048754,70.44932552462065,79.50897985765225,9.059654333031602,Slovenia (+9.1%),% of EU8-2010,% of EU8
Slovenia,2010,66.4875708794332,2053274,70.44932552462065,79.50897985765225,9.059654333031602,Slovenia (+9.1%),% of EU8-2010,% of EU8
Slovenia,2010,65.82327339436682,2056403,70.44932552462065,79.50897985765225,9.059654333031602,Slovenia (+9.1%),% of EU8-2010,% of EU8
Slovenia,2010,66.82377846622317,2058351,70.44932552462065,79.50897985765225,9.059654333031602,Slovenia (+9.1%),% of EU8-2010,% of EU8
Slovenia,2010,67.72254856306883,2059899,70.44932552462065,79.50897985765225,9.059654333031602,Slovenia (+9.1%),% of EU8-2010,% of EU8
Slovenia,2010,68.87066391389101,2061329,70.44932552462065,79.50897985765225,9.059654333031602,Slovenia (+9.1%),% of EU8-2010,% of EU8
Slovenia,2010,70.96898507319668,2062366,70.44932552462065,79.50897985765225,9.059654333031602,Slovenia (+9.1%),% of EU8-2010,% of EU8
Slovenia,2010,72.98320586989887,2069431,70.44932552462065,79.50897985765225,9.059654333031602,Slovenia (+9.1%),% of EU8-2010,% of EU8
Slovenia,2010,74.08468337949263,2083395,70.44932552462065,79.50897985765225,9.059654333031602,Slovenia (+9.1%),% of EU8-2010,% of EU8
Slovenia,2010,74.44582248233863,2102370,70.44932552462065,79.50897985765225,9.059654333031602,Slovenia (+9.1%),% of EU8-2010,% of EU8
Slovenia,2010,76.69833795962843,2113450,70.44932552462065,79.50897985765225,9.059654333031602,Slovenia (+9.1%),% of EU8-2010,% of EU8
Slovenia,2010,77.26652819849075,2115184,70.44932552462065,79.50897985765225,9.059654333031602,Slovenia (+9.1%),% of EU8-2010,% of EU8
Slovenia,2010,78.70246098232182,2118353,70.44932552462065,79.50897985765225,9.059654333031602,Slovenia (+9.1%),% of EU8-2010,% of EU8
Slovenia,2010,79.50897985765225,2126324,70.44932552462065,79.50897985765225,9.059654333031602,Slovenia (+9.1%),% of EU8-2010,% of EU8
